Bill_id,topic_name,classification
HB9,"Agriculture, Animal Care and Food",Official LIS subject
HB19,"Study Commissions, Committees, and Reports",Official LIS subject
HB19,Menhaden Fish,Official LIS subject
HB19,Uncodified Legislation,Official LIS subject
HB19,Fisheries and Habitat of the Tidal Waters,Official LIS subject
HB20,"Counties, Cities, and Towns",Official LIS subject
HB20,Motor Vehicles,Official LIS subject
HB20,Local Government and Officials,Official LIS subject
HB20,Ordinances,Official LIS subject
HB20,Photo-Monitoring,Official LIS subject
HB20,Speed Limits,Official LIS subject
HB33,Health,Official LIS subject
HB33,"Study Commissions, Committees, and Reports",Official LIS subject
HB33,Water and Sewer Systems,Official LIS subject
HB33,Uncodified Legislation,Official LIS subject
HB38,Emergency Services and Vehicles,Official LIS subject
HB38,"Pensions, Benefits, and Retirement",Official LIS subject
HB38,Local Government and Officials,Official LIS subject
HB38,Retirement Systems,Official LIS subject
HB41,Education,Official LIS subject
HB41,Standards of Learning,Official LIS subject
HB68,Workers' Compensation,Official LIS subject
HB80,Health,Official LIS subject
HB80,"Study Commissions, Committees, and Reports",Official LIS subject
HB80,Suicide,Official LIS subject
HB80,Veterans,Official LIS subject
HB88,Income Tax,Official LIS subject
HB88,Taxation,Official LIS subject
HB109,Public Service Companies,Official LIS subject
HB109,"Study Commissions, Committees, and Reports",Official LIS subject
HB109,Electric Companies,Official LIS subject
HB116,Computer Services and Uses,Official LIS subject
HB116,Sales and Use Tax,Official LIS subject
HB116,Taxation,Official LIS subject
HB116,Retail Sales and Use Tax,Official LIS subject
HB130,"Counties, Cities, and Towns",Official LIS subject
HB130,Constitutional Officers,Official LIS subject
HB141,Administration of Government,Official LIS subject
HB141,"Study Commissions, Committees, and Reports",Official LIS subject
HB141,Veterans,Official LIS subject
HB142,Motor Vehicles,Official LIS subject
HB142,Crosswalks,Official LIS subject
HB158,Crimes and Offenses Generally,Official LIS subject
HB158,Children,Official LIS subject
HB158,Firearms,Official LIS subject
HB162,"Pensions, Benefits, and Retirement",Official LIS subject
HB162,Retirement Systems,Official LIS subject
HB178,Administration of Government,Official LIS subject
HB178,"Commissions, Boards, and Institutions Generally",Official LIS subject
HB178,"Study Commissions, Committees, and Reports",Official LIS subject
HB181,Education,Official LIS subject
HB181,Public Schools,Official LIS subject
HB206,"Agriculture, Animal Care and Food",Official LIS subject
HB206,"Pets, Pet Dealers, and Supplies",Official LIS subject
HB211,Higher Education,Official LIS subject
HB211,Institutions of Higher Education; Other Educational and Cultural Institutions,Official LIS subject
HB228,Consumer Protection,Official LIS subject
HB228,Trade and Commerce,Official LIS subject
HB228,Recycled Products,Official LIS subject
HB230,Insurance,Official LIS subject
HB230,Health Insurance,Official LIS subject
HB231,"Pensions, Benefits, and Retirement",Official LIS subject
HB231,Retirement Systems,Official LIS subject
HB240,Income Tax,Official LIS subject
HB240,"Study Commissions, Committees, and Reports",Official LIS subject
HB240,Taxation,Official LIS subject
HB247,Property and Conveyances,Official LIS subject
HB247,Landlord and Tenant,Official LIS subject
HB247,Virginia Residential Landlord and Tenant Act,Official LIS subject
HB248,Professional and Occupational Regulation,Official LIS subject
HB261,Income Tax,Official LIS subject
HB261,Taxation,Official LIS subject
HB270,Appropriations,Official LIS subject
HB270,Crimes and Offenses Generally,Official LIS subject
HB270,"Police, State",Official LIS subject
HB270,"Study Commissions, Committees, and Reports",Official LIS subject
HB270,Firearms,Official LIS subject
HB273,Domestic Relations,Official LIS subject
HB273,Divorce,Official LIS subject
HB274,Workers' Compensation,Official LIS subject
HB274,Firefighters and Fire Marshals,Official LIS subject
HB276,Elections,Official LIS subject
HB276,Campaign Practices,Official LIS subject
HB286,Health,Official LIS subject
HB286,"Study Commissions, Committees, and Reports",Official LIS subject
HB286,Uncodified Legislation,Official LIS subject
HB300,Emergency Services and Vehicles,Official LIS subject
HB300,"Pensions, Benefits, and Retirement",Official LIS subject
HB300,Local Government and Officials,Official LIS subject
HB300,Retirement Systems,Official LIS subject
HB319,"Counties, Cities, and Towns",Official LIS subject
HB319,Crimes and Offenses Generally,Official LIS subject
HB319,Firearms,Official LIS subject
HB323,Professions and Occupations,Official LIS subject
HB323,Compacts,Official LIS subject
HB328,Education,Official LIS subject
HB328,Compacts,Official LIS subject
HB328,Teachers,Official LIS subject
HB331,Charters,Official LIS subject
HB331,"Richmond, City of",Official LIS subject
HB338,"Counties, Cities, and Towns",Official LIS subject
HB338,Data Centers,Official LIS subject
HB343,Financial Institutions and Services,Official LIS subject
HB347,Education,Official LIS subject
HB347,School Boards,Official LIS subject
HB348,Labor and Employment,Official LIS subject
HB348,Local Government and Officials,Official LIS subject
HB348,State Employees,Official LIS subject
HB357,"Study Commissions, Committees, and Reports",Official LIS subject
HB357,"Waters of the State, Ports, and Harbors",Official LIS subject
HB357,Wetlands,Official LIS subject
HB357,Uncodified Legislation,Official LIS subject
HB359,Education,Official LIS subject
HB359,Public Schools,Official LIS subject
HB360,Education,Official LIS subject
HB363,Appropriations,Official LIS subject
HB363,Civil Remedies and Procedure,Official LIS subject
HB363,Elections,Official LIS subject
HB363,Affidavits,Official LIS subject
HB363,Candidates in Elections,Official LIS subject
HB366,Tuition,Official LIS subject
HB366,Virginia National Guard,Official LIS subject
HB366,Institutions of Higher Education; Other Educational and Cultural Institutions,Official LIS subject
HB369,Civil Remedies and Procedure,Official LIS subject
HB369,"Study Commissions, Committees, and Reports",Official LIS subject
HB369,Institutions of Higher Education; Other Educational and Cultural Institutions,Official LIS subject
HB372,Education,Official LIS subject
HB373,Financial Institutions and Services,Official LIS subject
HB373,Senior Citizens,Official LIS subject
HB373,State Corporation Commission,Official LIS subject
HB375,Elections,Official LIS subject
HB375,Compacts,Official LIS subject
HB375,President or Vice President,Official LIS subject
HB386,Education,Official LIS subject
HB386,Public Schools,Official LIS subject
HB386,Students,Official LIS subject
HB406,Uncodified Legislation,Official LIS subject
HB406,Clean Water Act,Official LIS subject
HB408,Education,Official LIS subject
HB408,Child Care,Official LIS subject
HB420,Conservation,Official LIS subject
HB420,Governor,Official LIS subject
HB440,Elections,Official LIS subject
HB440,Candidates in Elections,Official LIS subject
HB440,Electronic Processes,Official LIS subject
HB447,Motor Vehicles,Official LIS subject
HB447,Taxation,Official LIS subject
HB485,Education,Official LIS subject
HB485,Criminal History Information,Official LIS subject
HB485,School Boards,Official LIS subject
HB486,Higher Education,Official LIS subject
HB486,Scholarships,Official LIS subject
HB486,Institutions of Higher Education; Other Educational and Cultural Institutions,Official LIS subject
HB489,Insurance,Official LIS subject
HB492,Emergency Services and Vehicles,Official LIS subject
HB492,Uncodified Legislation,Official LIS subject
HB499,Medicaid and Medicare Programs,Official LIS subject
HB499,Uncodified Legislation,Official LIS subject
HB500,"Commissions, Boards, and Institutions Generally",Official LIS subject
HB500,Education,Official LIS subject
HB500,Standards of Learning,Official LIS subject
HB502,Crimes and Offenses Generally,Official LIS subject
HB502,Health,Official LIS subject
HB502,Motor Vehicles,Official LIS subject
HB510,Insurance,Official LIS subject
HB510,Taxation,Official LIS subject
HB510,License Tax,Official LIS subject
HB512,"Study Commissions, Committees, and Reports",Official LIS subject
HB512,Uncodified Legislation,Official LIS subject
HB512,Conservatorship,Official LIS subject
HB524,"Waters of the State, Ports, and Harbors",Official LIS subject
HB524,Natural Gas,Official LIS subject
HB527,Religious and Charitable Matters; Cemeteries,Official LIS subject
HB528,Property and Conveyances,Official LIS subject
HB528,Property Owners,Official LIS subject
HB531,Workers' Compensation,Official LIS subject
HB535,Education,Official LIS subject
HB535,"Study Commissions, Committees, and Reports",Official LIS subject
HB535,Uncodified Legislation,Official LIS subject
HB540,Sales and Use Tax,Official LIS subject
HB540,Taxation,Official LIS subject
HB550,Health,Official LIS subject
HB550,Welfare (Social Services),Official LIS subject
HB550,Adoption,Official LIS subject
HB550,Birth and Death Records,Official LIS subject
HB552,Corporations,Official LIS subject
HB552,Income Tax,Official LIS subject
HB552,Personal Property and Personal Property Tax,Official LIS subject
HB552,Taxation,Official LIS subject
HB556,Courts of Record,Official LIS subject
HB556,Judicial Inquiry and Review Commission,Official LIS subject
HB556,"Study Commissions, Committees, and Reports",Official LIS subject
HB563,Education,Official LIS subject
HB563,Uncodified Legislation,Official LIS subject
HB564,Education,Official LIS subject
HB564,Public Schools,Official LIS subject
HB565,Elections,Official LIS subject
HB565,Voter Registration,Official LIS subject
HB573,Education,Official LIS subject
HB573,Students,Official LIS subject
HB582,Education,Official LIS subject
HB582,High Schools,Official LIS subject
HB582,Public Schools,Official LIS subject
HB582,School Boards,Official LIS subject
HB587,Housing,Official LIS subject
HB587,Minors,Official LIS subject
HB587,"Study Commissions, Committees, and Reports",Official LIS subject
HB587,Uncodified Legislation,Official LIS subject
HB602,Commonwealth Public Safety,Official LIS subject
HB602,Firearms,Official LIS subject
HB610,Insurance,Official LIS subject
HB610,Diabetics or Diabetes,Official LIS subject
HB610,Health Insurance,Official LIS subject
HB620,Health,Official LIS subject
HB620,"Medical Treatment, Care, and Assistance",Official LIS subject
HB621,Income Tax,Official LIS subject
HB621,Taxation,Official LIS subject
HB627,Education,Official LIS subject
HB627,Child Care,Official LIS subject
HB627,Uncodified Legislation,Official LIS subject
HB628,Behavioral Health and Developmental Services,Official LIS subject
HB628,Health,Official LIS subject
HB628,Hospitals and Hospitalization,Official LIS subject
HB630,Emergency Services and Vehicles,Official LIS subject
HB630,"Pensions, Benefits, and Retirement",Official LIS subject
HB630,Local Government and Officials,Official LIS subject
HB630,Retirement Systems,Official LIS subject
HB631,"Pensions, Benefits, and Retirement",Official LIS subject
HB631,Police,Official LIS subject
HB631,Retirement Systems,Official LIS subject
HB636,"Counties, Cities, and Towns",Official LIS subject
HB636,Public Service Companies,Official LIS subject
HB636,State Corporation Commission,Official LIS subject
HB646,"Counties, Cities, and Towns",Official LIS subject
HB646,Ordinances,Official LIS subject
HB646,Zoning,Official LIS subject
HB658,"Counties, Cities, and Towns",Official LIS subject
HB658,Elections,Official LIS subject
HB658,"Study Commissions, Committees, and Reports",Official LIS subject
HB658,Voters and Voting,Official LIS subject
HB662,Motor Vehicles,Official LIS subject
HB662,Towing Services and Tow Trucks,Official LIS subject
HB675,"Commissions, Boards, and Institutions Generally",Official LIS subject
HB675,Education,Official LIS subject
HB675,Blind Persons,Official LIS subject
HB675,Hearing-Impaired Persons,Official LIS subject
HB675,Institutions of Higher Education; Other Educational and Cultural Institutions,Official LIS subject
HB676,Commonwealth Public Safety,Official LIS subject
HB677,Education,Official LIS subject
HB694,Elections,Official LIS subject
HB694,Absentee Ballots,Official LIS subject
HB694,Voters and Voting,Official LIS subject
HB696,Education,Official LIS subject
HB696,High Schools,Official LIS subject
HB696,Uncodified Legislation,Official LIS subject
HB697,Civil Remedies and Procedure,Official LIS subject
HB697,Crimes and Offenses Generally,Official LIS subject
HB697,"Study Commissions, Committees, and Reports",Official LIS subject
HB721,"Counties, Cities, and Towns",Official LIS subject
HB721,Rental Property,Official LIS subject
HB725,"Counties, Cities, and Towns",Official LIS subject
HB725,Local Government and Officials,Official LIS subject
HB742,Administration of Government,Official LIS subject
HB742,Elections,Official LIS subject
HB742,General Assembly,Official LIS subject
HB745,Conservation,Official LIS subject
HB745,"Study Commissions, Committees, and Reports",Official LIS subject
HB747,Trade and Commerce,Official LIS subject
HB762,Taxation,Official LIS subject
HB762,Organ Donor,Official LIS subject
HB765,Courts Not of Record,Official LIS subject
HB765,Domestic Relations,Official LIS subject
HB765,Sexual Offenses,Official LIS subject
HB766,Domestic Relations,Official LIS subject
HB766,Minors,Official LIS subject
HB774,"Counties, Cities, and Towns",Official LIS subject
HB774,Crimes and Offenses Generally,Official LIS subject
HB774,Alcohol Safety Action Program,Official LIS subject
HB775,Administration of Government,Official LIS subject
HB775,Police,Official LIS subject
HB775,Highways and Other Surface Transportation Systems,Official LIS subject
HB787,Administration of Government,Official LIS subject
HB787,Administrative Process Act,Official LIS subject
HB813,Behavioral Health and Developmental Services,Official LIS subject
HB813,Domestic Relations,Official LIS subject
HB813,Minors,Official LIS subject
HB813,Professions and Occupations,Official LIS subject
HB837,Courts Not of Record,Official LIS subject
HB837,Juvenile and Domestic Relations District Courts,Official LIS subject
HB842,Education,Official LIS subject
HB842,School Boards,Official LIS subject
HB842,Students,Official LIS subject
HB847,Criminal Procedure,Official LIS subject
HB859,Commonwealth Public Safety,Official LIS subject
HB859,Crimes and Offenses Generally,Official LIS subject
HB859,Criminal Justice Services,Official LIS subject
HB859,Human Trafficking,Official LIS subject
HB863,Property and Conveyances,Official LIS subject
HB863,Virginia Residential Property Disclosure Act,Official LIS subject
HB864,Insurance,Official LIS subject
HB864,Health Insurance,Official LIS subject
HB865,Income Tax,Official LIS subject
HB865,Taxation,Official LIS subject
HB878,"Counties, Cities, and Towns",Official LIS subject
HB878,Affordable Housing,Official LIS subject
HB882,Education,Official LIS subject
HB882,Cell Phones,Official LIS subject
HB882,Students,Official LIS subject
HB884,Motor Vehicles,Official LIS subject
HB886,Health,Official LIS subject
HB886,Nursing Facilities,Official LIS subject
HB887,Income Tax,Official LIS subject
HB887,Taxation,Official LIS subject
HB889,Sales and Use Tax,Official LIS subject
HB889,Taxation,Official LIS subject
HB889,Retail Sales and Use Tax,Official LIS subject
HB890,Domestic Relations,Official LIS subject
HB890,Children,Official LIS subject
HB897,Administration of Government,Official LIS subject
HB897,"Study Commissions, Committees, and Reports",Official LIS subject
HB897,Small Businesses,Official LIS subject
HB899,Administration of Government,Official LIS subject
HB899,General Assembly,Official LIS subject
HB899,Conflict of Interests,Official LIS subject
HB899,Local Government and Officials,Official LIS subject
HB900,"Counties, Cities, and Towns",Official LIS subject
HB900,Ordinances,Official LIS subject
HB900,Zoning,Official LIS subject
HB907,"Commissions, Boards, and Institutions Generally",Official LIS subject
HB907,Elections,Official LIS subject
HB907,Ballots and Balloting,Official LIS subject
HB910,"Study Commissions, Committees, and Reports",Official LIS subject
HB910,"Mines, Minerals, and Energy",Official LIS subject
HB910,Data Centers,Official LIS subject
HB915,Public Service Companies,Official LIS subject
HB915,"Study Commissions, Committees, and Reports",Official LIS subject
HB915,Highways and Other Surface Transportation Systems,Official LIS subject
HB920,Police,Official LIS subject
HB920,License Plates and Registration,Official LIS subject
HB920,Highways and Other Surface Transportation Systems,Official LIS subject
HB922,Property and Conveyances,Official LIS subject
HB922,Pests and Pesticides,Official LIS subject
HB923,"Study Commissions, Committees, and Reports",Official LIS subject
HB923,Tolls,Official LIS subject
HB923,Uncodified Legislation,Official LIS subject
HB923,Highways and Other Surface Transportation Systems,Official LIS subject
HB927,Health,Official LIS subject
HB927,"Study Commissions, Committees, and Reports",Official LIS subject
HB927,"Health and Human Resources, Secretary of",Official LIS subject
HB927,Law-Enforcement Officers,Official LIS subject
HB927,"Public Safety and Homeland Security, Secretary of",Official LIS subject
HB927,Uncodified Legislation,Official LIS subject
HB941,Elections,Official LIS subject
HB941,Higher Education,Official LIS subject
HB941,Institutions of Higher Education; Other Educational and Cultural Institutions,Official LIS subject
HB951,"Counties, Cities, and Towns",Official LIS subject
HB951,Local Government and Officials,Official LIS subject
HB952,"Counties, Cities, and Towns",Official LIS subject
HB952,Condominiums,Official LIS subject
HB954,Administration of Government,Official LIS subject
HB954,Discrimination,Official LIS subject
HB954,Human Rights,Official LIS subject
HB961,Income Tax,Official LIS subject
HB961,Taxation,Official LIS subject
HB969,Taxation,Official LIS subject
HB969,Children,Official LIS subject
HB975,Public Service Companies,Official LIS subject
HB975,Electric Companies,Official LIS subject
HB976,Public Service Companies,Official LIS subject
HB976,State Corporation Commission,Official LIS subject
HB976,Electric Companies,Official LIS subject
HB977,Education,Official LIS subject
HB977,Students,Official LIS subject
HB978,"Commissions, Boards, and Institutions Generally",Official LIS subject
HB978,Professions and Occupations,Official LIS subject
HB978,Nurses,Official LIS subject
HB978,Midwives,Official LIS subject
HB981,Higher Education,Official LIS subject
HB981,Tuition,Official LIS subject
HB981,Institutions of Higher Education; Other Educational and Cultural Institutions,Official LIS subject
HB988,Behavioral Health and Developmental Services,Official LIS subject
HB988,Prisons and Other Methods of Correction,Official LIS subject
HB988,"Study Commissions, Committees, and Reports",Official LIS subject
HB988,Correctional Enterprises,Official LIS subject
HB988,"Corrections, Board of or Department of",Official LIS subject
HB1013,"Wills, Trusts, and Fiduciaries",Official LIS subject
HB1029,Augusta County,Official LIS subject
HB1029,Bath County,Official LIS subject
HB1029,School Boards,Official LIS subject
HB1029,Uncodified Legislation,Official LIS subject
HB1031,"Commissions, Boards, and Institutions Generally",Official LIS subject
HB1031,General Assembly,Official LIS subject
HB1031,"Study Commissions, Committees, and Reports",Official LIS subject
HB1033,Accomack County,Official LIS subject
HB1033,Education,Official LIS subject
HB1033,Northampton County,Official LIS subject
HB1033,School Boards,Official LIS subject
HB1033,Uncodified Legislation,Official LIS subject
HB1041,Insurance,Official LIS subject
HB1041,Health Insurance,Official LIS subject
HB1049,Emergency Services and Vehicles,Official LIS subject
HB1049,"Study Commissions, Committees, and Reports",Official LIS subject
HB1049,Firefighters and Fire Marshals,Official LIS subject
HB1049,Uncodified Legislation,Official LIS subject
HB1049,Secretary of Public Safety and Homeland Security,Official LIS subject
HB1051,Education,Official LIS subject
HB1051,High Schools,Official LIS subject
HB1051,Institutions of Higher Education; Other Educational and Cultural Institutions,Official LIS subject
HB1054,"Counties, Cities, and Towns",Official LIS subject
HB1063,Health,Official LIS subject
HB1063,Nursing Homes,Official LIS subject
HB1070,Administration of Government,Official LIS subject
HB1070,Attorney General,Official LIS subject
HB1070,Authorities,Official LIS subject
HB1070,"Counties, Cities, and Towns",Official LIS subject
HB1078,Income Tax,Official LIS subject
HB1078,Taxation,Official LIS subject
HB1091,"Study Commissions, Committees, and Reports",Official LIS subject
HB1091,Career and Technical Education,Official LIS subject
HB1091,Elementary Schools,Official LIS subject
HB1091,Public Schools,Official LIS subject
HB1091,Uncodified Legislation,Official LIS subject
HB1092,Building Code,Official LIS subject
HB1092,Uncodified Legislation,Official LIS subject
HB1093,"Counties, Cities, and Towns",Official LIS subject
HB1096,Housing,Official LIS subject
HB1096,Taxation,Official LIS subject
HB1101,Administration of Government,Official LIS subject
HB1101,Virginia Public Procurement Act,Official LIS subject
HB1121,Prisons and Other Methods of Correction,Official LIS subject
HB1121,"Corrections, Board of or Department of",Official LIS subject
HB1121,Institutions of Higher Education; Other Educational and Cultural Institutions,Official LIS subject
HB1122,"Counties, Cities, and Towns",Official LIS subject
HB1122,"Richmond, City of",Official LIS subject
HB1122,Affordable Housing,Official LIS subject
HB1124,Housing,Official LIS subject
HB1124,Religious and Charitable Matters; Cemeteries,Official LIS subject
HB1124,Affordable Housing,Official LIS subject
HB1129,Domestic Relations,Official LIS subject
HB1185,Health,Official LIS subject
HB1185,Professions and Occupations,Official LIS subject
HB1185,Prescription Medicines,Official LIS subject
HB1192,Administration of Government,Official LIS subject
HB1225,"Counties, Cities, and Towns",Official LIS subject
HB1226,Workers' Compensation,Official LIS subject
HB1226,Firefighters and Fire Marshals,Official LIS subject
HB1226,Law-Enforcement Officers,Official LIS subject
HB1233,"Study Commissions, Committees, and Reports",Official LIS subject
HB1233,Highways and Other Surface Transportation Systems,Official LIS subject
HB1235,Crimes and Offenses Generally,Official LIS subject
HB1235,Concealed Weapons,Official LIS subject
HB1235,Firearms,Official LIS subject
HB1235,Handguns,Official LIS subject
HB1235,Protective Orders,Official LIS subject
HB1239,Health,Official LIS subject
HB1239,Minors,Official LIS subject
HB1239,Professions and Occupations,Official LIS subject
HB1253,"Counties, Cities, and Towns",Official LIS subject
HB1253,Persons With Disabilities,Official LIS subject
HB1253,Affordable Housing,Official LIS subject
HB1253,Ordinances,Official LIS subject
HB1259,Emergency Services and Vehicles,Official LIS subject
HB1259,"Study Commissions, Committees, and Reports",Official LIS subject
HB1259,Uncodified Legislation,Official LIS subject
HB1263,Courts Not of Record,Official LIS subject
HB1263,Courts of Record,Official LIS subject
HB1263,Crimes and Offenses Generally,Official LIS subject
HB1263,Criminal Procedure,Official LIS subject
HB1263,Circuit Courts,Official LIS subject
HB1263,Juvenile and Domestic Relations District Courts,Official LIS subject
HB1263,Juveniles,Official LIS subject
HB1273,Administration of Government,Official LIS subject
HB1273,Virginia Public Procurement Act,Official LIS subject
HB1280,Consumer Protection,Official LIS subject
HB1280,Trade and Commerce,Official LIS subject
HB1281,Income Tax,Official LIS subject
HB1281,Taxation,Official LIS subject
HB1284,Emergency Services and Vehicles,Official LIS subject
HB1284,Labor and Employment,Official LIS subject
HB1284,Firefighters and Fire Marshals,Official LIS subject
HB1288,Public Service Companies,Official LIS subject
HB1288,Electric Companies,Official LIS subject
HB1292,Income Tax,Official LIS subject
HB1292,Taxation,Official LIS subject
HB1292,Firefighters and Fire Marshals,Official LIS subject
HB1293,Authorities,Official LIS subject
HB1293,Behavioral Health and Developmental Services,Official LIS subject
HB1293,"Study Commissions, Committees, and Reports",Official LIS subject
HB1293,Nurses,Official LIS subject
HB1293,Uncodified Legislation,Official LIS subject
HB1295,Health,Official LIS subject
HB1295,Water and Sewer Systems,Official LIS subject
HB1305,Taxation,Official LIS subject
HB1305,Institutions of Higher Education; Other Educational and Cultural Institutions,Official LIS subject
HB1307,"Study Commissions, Committees, and Reports",Official LIS subject
HB1307,Higher Education,Official LIS subject
HB1307,Uncodified Legislation,Official LIS subject
HB1307,Institutions of Higher Education; Other Educational and Cultural Institutions,Official LIS subject
HB1310,"Counties, Cities, and Towns",Official LIS subject
HB1310,Zoning,Official LIS subject
HB1311,Domestic Relations,Official LIS subject
HB1311,Divorce,Official LIS subject
HB1314,Elections,Official LIS subject
HB1316,"Crime Commission, State",Official LIS subject
HB1316,"Study Commissions, Committees, and Reports",Official LIS subject
HB1316,Uncodified Legislation,Official LIS subject
HB1320,Consumer Protection,Official LIS subject
HB1320,Trade and Commerce,Official LIS subject
HB1322,Nurses,Official LIS subject
HB1322,Professional and Occupational Regulation,Official LIS subject
HB1344,Labor and Employment,Official LIS subject
HB1347,Insurance,Official LIS subject
HB1347,Health Insurance,Official LIS subject
HB1347,Autism,Official LIS subject
HB1348,Administration of Government,Official LIS subject
HB1348,"Study Commissions, Committees, and Reports",Official LIS subject
HB1348,"General Services, Department of",Official LIS subject
HB1355,Administration of Government,Official LIS subject
HB1363,Administration of Government,Official LIS subject
HB1363,"Study Commissions, Committees, and Reports",Official LIS subject
HB1363,Infrastructure,Official LIS subject
HB1363,Uncodified Legislation,Official LIS subject
HB1371,Administration of Government,Official LIS subject
HB1371,Virginia Public Procurement Act,Official LIS subject
HB1373,Authorities,Official LIS subject
HB1373,Higher Education,Official LIS subject
HB1373,Institutions of Higher Education; Other Educational and Cultural Institutions,Official LIS subject
HB1374,Armed Forces,Official LIS subject
HB1374,Tuition,Official LIS subject
HB1374,Virginia National Guard,Official LIS subject
HB1374,Institutions of Higher Education; Other Educational and Cultural Institutions,Official LIS subject
HB1375,Education,Official LIS subject
HB1375,"Study Commissions, Committees, and Reports",Official LIS subject
HB1375,Child Care,Official LIS subject
HB1385,Courts Not of Record,Official LIS subject
HB1385,Education,Official LIS subject
HB1385,School Boards,Official LIS subject
HB1387,Commonwealth Public Safety,Official LIS subject
HB1387,Professions and Occupations,Official LIS subject
HB1390,Administration of Government,Official LIS subject
HB1393,"Pensions, Benefits, and Retirement",Official LIS subject
HB1393,Law-Enforcement Officers,Official LIS subject
HB1393,Retirement Systems,Official LIS subject
HB1403,Conservation,Official LIS subject
HB1403,Dams,Official LIS subject
HB1405,Prisons and Other Methods of Correction,Official LIS subject
HB1405,"Study Commissions, Committees, and Reports",Official LIS subject
HB1405,"Corrections, Board of or Department of",Official LIS subject
HB1414,Taxation,Official LIS subject
HB1414,Estates,Official LIS subject
HB1424,Appropriations,Official LIS subject
HB1424,Crimes and Offenses Generally,Official LIS subject
HB1424,Firearms,Official LIS subject
HB1434,Administration of Government,Official LIS subject
HB1434,King William County,Official LIS subject
HB1434,Property and Conveyances,Official LIS subject
HB1434,Uncodified Legislation,Official LIS subject
HB1434,Mattaponi Indian Tribe,Official LIS subject
HB1438,"Pensions, Benefits, and Retirement",Official LIS subject
HB1438,Retirement Systems,Official LIS subject
HB1445,Workforce,Official LIS subject
HB1445,Institutions of Higher Education; Other Educational and Cultural Institutions,Official LIS subject
HB1446,Taxation,Official LIS subject
HB1446,Affordable Housing,Official LIS subject
HB1446,Real Property,Official LIS subject
HB1463,Administration of Government,Official LIS subject
HB1463,"General Services, Department of",Official LIS subject
HB1463,Uncodified Legislation,Official LIS subject
HB1470,Income Tax,Official LIS subject
HB1470,Taxation,Official LIS subject
HB1479,Administration of Government,Official LIS subject
HB1479,Health,Official LIS subject
HB1479,Professions and Occupations,Official LIS subject
HB1481,Domestic Relations,Official LIS subject
HB1490,Elections,Official LIS subject
HB1490,Voters and Voting,Official LIS subject
HB1492,"Judges, Justices, and Other Elective Officers",Official LIS subject
HB1492,"Study Commissions, Committees, and Reports",Official LIS subject
HB1492,Supreme Court of Virginia,Official LIS subject
HB1492,Magistrates,Official LIS subject
HB1492,Victims of Crime,Official LIS subject
HB1492,Uncodified Legislation,Official LIS subject
HB1494,Juvenile Justice,Official LIS subject
HB1494,"Study Commissions, Committees, and Reports",Official LIS subject
HB1494,Correctional Enterprises,Official LIS subject
HB1494,Uncodified Legislation,Official LIS subject
HB1495,Administration of Government,Official LIS subject
HB1495,Television,Official LIS subject
HB1497,"Commissions, Boards, and Institutions Generally",Official LIS subject
HB1497,"Study Commissions, Committees, and Reports",Official LIS subject
HB1497,Pharmacists,Official LIS subject
HB1497,Uncodified Legislation,Official LIS subject
HB1520,Chesapeake Bay,Official LIS subject
HB1520,"Study Commissions, Committees, and Reports",Official LIS subject
HB1520,"Waters of the State, Ports, and Harbors",Official LIS subject
HB1520,Uncodified Legislation,Official LIS subject
HB1524,Taxation,Official LIS subject
HB1524,Highways and Other Surface Transportation Systems,Official LIS subject
HB1536,Sales and Use Tax,Official LIS subject
HB1536,Taxation,Official LIS subject
HB1536,Retail Sales and Use Tax,Official LIS subject
HB1537,Joint Legislative Audit and Review Commission (JLARC),Official LIS subject
HB1537,"Study Commissions, Committees, and Reports",Official LIS subject
HB1537,Uncodified Legislation,Official LIS subject
HB1546,Sales and Use Tax,Official LIS subject
HB1546,Taxation,Official LIS subject
HB1546,Data Centers,Official LIS subject
HJ1,Constitutional Amendments,Official LIS subject
HJ1,Human Rights,Official LIS subject
HJ2,Constitutional Amendments,Official LIS subject
HJ2,Elections,Official LIS subject
HJ2,Voters and Voting,Official LIS subject
HJ9,Constitutional Amendments,Official LIS subject
HJ9,Marriage,Official LIS subject
HJ14,General Assembly,Official LIS subject
HJ14,Indian Tribes,Official LIS subject
HJ14,Wolf Creek Cherokee Tribe of Virginia,Official LIS subject
HJ15,"Study Commissions, Committees, and Reports",Official LIS subject
HJ15,Higher Education,Official LIS subject
HJ15,Public Schools,Official LIS subject
HJ15,Tuition,Official LIS subject
HJ15,Institutions of Higher Education; Other Educational and Cultural Institutions,Official LIS subject
HJ21,"Study Commissions, Committees, and Reports",Official LIS subject
HJ21,High Schools,Official LIS subject
HJ21,Higher Education,Official LIS subject
HJ21,Institutions of Higher Education; Other Educational and Cultural Institutions,Official LIS subject
HJ22,Joint Legislative Audit and Review Commission (JLARC),Official LIS subject
HJ22,"Study Commissions, Committees, and Reports",Official LIS subject
HJ22,Long-Term Care,Official LIS subject
HJ22,Nurses,Official LIS subject
HJ24,"Counties, Cities, and Towns",Official LIS subject
HJ24,"Study Commissions, Committees, and Reports",Official LIS subject
HJ25,Senate of Virginia,Official LIS subject
HJ25,"Study Commissions, Committees, and Reports",Official LIS subject
HJ25,Virginia House of Delegates,Official LIS subject
HJ25,Colleges,Official LIS subject
HJ25,Institutions of Higher Education; Other Educational and Cultural Institutions,Official LIS subject
HJ29,"Commissions, Boards, and Institutions Generally",Official LIS subject
HJ29,"Study Commissions, Committees, and Reports",Official LIS subject
HJ29,Community Colleges,Official LIS subject
HJ29,Workforce,Official LIS subject
HJ32,Administration of Government,Official LIS subject
HJ32,Joint Legislative Audit and Review Commission (JLARC),Official LIS subject
HJ32,"Study Commissions, Committees, and Reports",Official LIS subject
HJ34,"Commissions, Boards, and Institutions Generally",Official LIS subject
HJ34,"Study Commissions, Committees, and Reports",Official LIS subject
HJ34,Cell Phones,Official LIS subject
HJ34,Public Schools,Official LIS subject
HJ34,Students,Official LIS subject
HJ35,"Study Commissions, Committees, and Reports",Official LIS subject
HJ35,Taxation,Official LIS subject
HJ36,"Counties, Cities, and Towns",Official LIS subject
HJ36,"Study Commissions, Committees, and Reports",Official LIS subject
HJ36,Local Government and Officials,Official LIS subject
HJ39,Joint Legislative Audit and Review Commission (JLARC),Official LIS subject
HJ39,"Study Commissions, Committees, and Reports",Official LIS subject
HJ39,Community Colleges,Official LIS subject
HJ39,Tuition,Official LIS subject
HJ40,"Counties, Cities, and Towns",Official LIS subject
HJ40,"Study Commissions, Committees, and Reports",Official LIS subject
HJ40,Taxation,Official LIS subject
HJ46,Motor Vehicles,Official LIS subject
HJ46,"Police, State",Official LIS subject
HJ46,"Study Commissions, Committees, and Reports",Official LIS subject
HJ51,"Study Commissions, Committees, and Reports",Official LIS subject
HJ51,"General Services, Department of",Official LIS subject
HJ61,"Study Commissions, Committees, and Reports",Official LIS subject
HJ61,Higher Education,Official LIS subject
HJ61,Students,Official LIS subject
HJ61,Tuition,Official LIS subject
HJ61,Institutions of Higher Education; Other Educational and Cultural Institutions,Official LIS subject
HJ63,Authorities,Official LIS subject
HJ63,"Study Commissions, Committees, and Reports",Official LIS subject
HJ63,Cannabis,Official LIS subject
HJ64,"Counties, Cities, and Towns",Official LIS subject
HJ64,"Study Commissions, Committees, and Reports",Official LIS subject
HJ64,Infrastructure,Official LIS subject
HJ64,Data Centers,Official LIS subject
HJ65,"Counties, Cities, and Towns",Official LIS subject
HJ65,Joint Legislative Audit and Review Commission (JLARC),Official LIS subject
HJ65,"Study Commissions, Committees, and Reports",Official LIS subject
HJ65,Roads,Official LIS subject
HJ65,Highways and Other Surface Transportation Systems,Official LIS subject
HJ67,Education,Official LIS subject
HJ67,Senate of Virginia,Official LIS subject
HJ67,"Study Commissions, Committees, and Reports",Official LIS subject
HJ67,Virginia House of Delegates,Official LIS subject
HJ82,"Property, Grounds, and Buildings, State-owned",Official LIS subject
HJ82,"Study Commissions, Committees, and Reports",Official LIS subject
HJ82,Washington County,Official LIS subject
HJ82,State Parks,Official LIS subject
SB10,Armed Forces,Official LIS subject
SB10,Income Tax,Official LIS subject
SB10,Taxation,Official LIS subject
SB31,"Agriculture, Animal Care and Food",Official LIS subject
SB31,Companion Animals,Official LIS subject
SB33,Health,Official LIS subject
SB33,Professions and Occupations,Official LIS subject
SB33,"Study Commissions, Committees, and Reports",Official LIS subject
SB33,Nurse Anesthetists,Official LIS subject
SB61,Income Tax,Official LIS subject
SB61,Taxation,Official LIS subject
SB61,Firefighters and Fire Marshals,Official LIS subject
SB62,Institutions of Higher Education; Other Educational and Cultural Institutions,Official LIS subject
SB72,"Commissions, Boards, and Institutions Generally",Official LIS subject
SB72,Education,Official LIS subject
SB91,Labor and Employment,Official LIS subject
SB96,Education,Official LIS subject
SB96,"Study Commissions, Committees, and Reports",Official LIS subject
SB108,Income Tax,Official LIS subject
SB108,Taxation,Official LIS subject
SB113,Administration of Government,Official LIS subject
SB113,"Study Commissions, Committees, and Reports",Official LIS subject
SB113,Veterans,Official LIS subject
SB123,Property and Conveyances,Official LIS subject
SB124,"Gambling, Lotteries, Etc.",Official LIS subject
SB124,Taxation,Official LIS subject
SB124,Institutions of Higher Education; Other Educational and Cultural Institutions,Official LIS subject
SB126,Administration of Government,Official LIS subject
SB126,Motor Vehicles,Official LIS subject
SB126,Personal Property and Personal Property Tax,Official LIS subject
SB136,"Counties, Cities, and Towns",Official LIS subject
SB136,Local Government and Officials,Official LIS subject
SB137,Public Service Companies,Official LIS subject
SB137,State Corporation Commission,Official LIS subject
SB137,Electric Companies,Official LIS subject
SB140,Administration of Government,Official LIS subject
SB140,Health,Official LIS subject
SB140,"Study Commissions, Committees, and Reports",Official LIS subject
SB152,Public Service Companies,Official LIS subject
SB152,State Corporation Commission,Official LIS subject
SB152,Electric Companies,Official LIS subject
SB163,Administration of Government,Official LIS subject
SB163,Attorney General,Official LIS subject
SB163,Authorities,Official LIS subject
SB163,"Counties, Cities, and Towns",Official LIS subject
SB164,Consumer Protection,Official LIS subject
SB164,Trade and Commerce,Official LIS subject
SB170,Education,Official LIS subject
SB171,"Counties, Cities, and Towns",Official LIS subject
SB171,Zoning,Official LIS subject
SB181,Education,Official LIS subject
SB181,Elementary Schools,Official LIS subject
SB181,Public Schools,Official LIS subject
SB181,Secondary Schools,Official LIS subject
SB183,Income Tax,Official LIS subject
SB183,Taxation,Official LIS subject
SB191,Public Service Companies,Official LIS subject
SB191,Electric Companies,Official LIS subject
SB191,Uncodified Legislation,Official LIS subject
SB192,Computer Services and Uses,Official LIS subject
SB192,Sales and Use Tax,Official LIS subject
SB192,Taxation,Official LIS subject
SB192,Retail Sales and Use Tax,Official LIS subject
SB197,Administration of Government,Official LIS subject
SB197,Attorney General,Official LIS subject
SB197,Children,Official LIS subject
SB197,Sexual Offenses,Official LIS subject
SB198,Motor Vehicles,Official LIS subject
SB198,License Plates and Registration,Official LIS subject
SB200,Advertising and Advertisements,Official LIS subject
SB200,"Counties, Cities, and Towns",Official LIS subject
SB218,"Pensions, Benefits, and Retirement",Official LIS subject
SB218,Retirement Systems,Official LIS subject
SB219,Tuition,Official LIS subject
SB219,Virginia National Guard,Official LIS subject
SB219,Institutions of Higher Education; Other Educational and Cultural Institutions,Official LIS subject
SB226,Motor Vehicles,Official LIS subject
SB226,"Study Commissions, Committees, and Reports",Official LIS subject
SB226,Uncodified Legislation,Official LIS subject
SB226,Highways and Other Surface Transportation Systems,Official LIS subject
SB229,"Study Commissions, Committees, and Reports",Official LIS subject
SB229,Suicide,Official LIS subject
SB229,Uncodified Legislation,Official LIS subject
SB229,Veterans,Official LIS subject
SB230,Public Service Companies,Official LIS subject
SB233,Housing,Official LIS subject
SB233,Religious and Charitable Matters; Cemeteries,Official LIS subject
SB233,Affordable Housing,Official LIS subject
SB234,"Study Commissions, Committees, and Reports",Official LIS subject
SB234,Solar Energy,Official LIS subject
SB234,"Mines, Minerals, and Energy",Official LIS subject
SB247,Administration of Government,Official LIS subject
SB247,"Counties, Cities, and Towns",Official LIS subject
SB247,Ordinances,Official LIS subject
SB251,Taxation,Official LIS subject
SB251,Motion Pictures,Official LIS subject
SB252,Consumer Protection,Official LIS subject
SB252,Trade and Commerce,Official LIS subject
SB270,Elections,Official LIS subject
SB270,Primaries,Official LIS subject
SB270,Voters and Voting,Official LIS subject
SB278,Appropriations,Official LIS subject
SB278,Civil Remedies and Procedure,Official LIS subject
SB278,Criminal Procedure,Official LIS subject
SB278,Health,Official LIS subject
SB280,Appropriations,Official LIS subject
SB280,Civil Remedies and Procedure,Official LIS subject
SB280,Health,Official LIS subject
SB280,Professions and Occupations,Official LIS subject
SB284,"Counties, Cities, and Towns",Official LIS subject
SB284,Data Centers,Official LIS subject
SB285,"Counties, Cities, and Towns",Official LIS subject
SB285,Data Centers,Official LIS subject
SB289,Computer Services and Uses,Official LIS subject
SB289,"Waters of the State, Ports, and Harbors",Official LIS subject
SB289,Stormwater Management,Official LIS subject
SB293,"Wills, Trusts, and Fiduciaries",Official LIS subject
SB302,"Commissions, Boards, and Institutions Generally",Official LIS subject
SB302,"Study Commissions, Committees, and Reports",Official LIS subject
SB302,Manufacturers,Official LIS subject
SB302,Uncodified Legislation,Official LIS subject
SB304,"Counties, Cities, and Towns",Official LIS subject
SB304,Ordinances,Official LIS subject
SB304,Zoning,Official LIS subject
SB305,"Counties, Cities, and Towns",Official LIS subject
SB305,Ordinances,Official LIS subject
SB312,Persons With Disabilities,Official LIS subject
SB315,Elections,Official LIS subject
SB315,Voter Registration,Official LIS subject
SB318,"Study Commissions, Committees, and Reports",Official LIS subject
SB318,Institutions of Higher Education; Other Educational and Cultural Institutions,Official LIS subject
SB322,Highways and Other Surface Transportation Systems,Official LIS subject
SB328,Emergency Services and Vehicles,Official LIS subject
SB328,"Pensions, Benefits, and Retirement",Official LIS subject
SB328,Local Government and Officials,Official LIS subject
SB328,Retirement Systems,Official LIS subject
SB332,"Commissions, Boards, and Institutions Generally",Official LIS subject
SB332,Crimes and Offenses Generally,Official LIS subject
SB332,Misdemeanors,Official LIS subject
SB333,Appropriations,Official LIS subject
SB333,"Commissions, Boards, and Institutions Generally",Official LIS subject
SB333,Crimes and Offenses Generally,Official LIS subject
SB333,Health,Official LIS subject
SB333,Cancer,Official LIS subject
SB333,"Medical Treatment, Care, and Assistance",Official LIS subject
SB346,Public Service Companies,Official LIS subject
SB346,State Corporation Commission,Official LIS subject
SB346,Solar Energy,Official LIS subject
SB347,Armed Forces,Official LIS subject
SB347,"Study Commissions, Committees, and Reports",Official LIS subject
SB347,"Finance, Secretary of",Official LIS subject
SB347,Uncodified Legislation,Official LIS subject
SB349,Motor Vehicles,Official LIS subject
SB349,"Inspections, Motor Vehicle",Official LIS subject
SB351,"Commissions, Boards, and Institutions Generally",Official LIS subject
SB351,Professions and Occupations,Official LIS subject
SB351,Nurses,Official LIS subject
SB351,Midwives,Official LIS subject
SB359,Consumer Protection,Official LIS subject
SB359,Trade and Commerce,Official LIS subject
SB359,Children,Official LIS subject
SB359,Social Media,Official LIS subject
SB371,"Counties, Cities, and Towns",Official LIS subject
SB371,King George County,Official LIS subject
SB376,Insurance,Official LIS subject
SB376,Health Insurance,Official LIS subject
SB376,Prescription Medicines,Official LIS subject
SB377,Administration of Government,Official LIS subject
SB377,Appropriations,Official LIS subject
SB377,Elections,Official LIS subject
SB377,Campaign Practices,Official LIS subject
SB378,Prisons and Other Methods of Correction,Official LIS subject
SB378,Correctional Enterprises,Official LIS subject
SB378,"Corrections, Board of or Department of",Official LIS subject
SB390,Health,Official LIS subject
SB390,Epilepsy,Official LIS subject
SB395,Behavioral Health and Developmental Services,Official LIS subject
SB395,Education,Official LIS subject
SB395,Elementary Schools,Official LIS subject
SB395,Public Schools,Official LIS subject
SB395,Students,Official LIS subject
SB395,Secondary Schools,Official LIS subject
SB396,"Judges, Justices, and Other Elective Officers",Official LIS subject
SB396,"Pensions, Benefits, and Retirement",Official LIS subject
SB396,Retirement Systems,Official LIS subject
SB404,Behavioral Health and Developmental Services,Official LIS subject
SB404,Health,Official LIS subject
SB404,Hospitals and Hospitalization,Official LIS subject
SB406,Elections,Official LIS subject
SB417,Administration of Government,Official LIS subject
SB417,Persons With Disabilities,Official LIS subject
SB417,Welfare (Social Services),Official LIS subject
SB417,"Aging and Rehabilitative Services, Department for",Official LIS subject
SB418,Administration of Government,Official LIS subject
SB418,"Study Commissions, Committees, and Reports",Official LIS subject
SB418,Museums,Official LIS subject
SB418,Institutions of Higher Education; Other Educational and Cultural Institutions,Official LIS subject
SB419,Income Tax,Official LIS subject
SB419,Taxation,Official LIS subject
SB427,Criminal Procedure,Official LIS subject
SB427,Correctional Enterprises,Official LIS subject
SB430,"Counties, Cities, and Towns",Official LIS subject
SB430,Affordable Housing,Official LIS subject
SB431,Education,Official LIS subject
SB431,School Boards,Official LIS subject
SB431,Students,Official LIS subject
SB432,Consumer Protection,Official LIS subject
SB432,Trade and Commerce,Official LIS subject
SB432,Children,Official LIS subject
SB440,Commonwealth Public Safety,Official LIS subject
SB440,Education,Official LIS subject
SB440,Public Schools,Official LIS subject
SB445,Armed Forces,Official LIS subject
SB445,Education,Official LIS subject
SB445,Teachers,Official LIS subject
SB445,Veterans,Official LIS subject
SB446,"Commissions, Boards, and Institutions Generally",Official LIS subject
SB446,Conservation,Official LIS subject
SB446,"Waters of the State, Ports, and Harbors",Official LIS subject
SB451,Conservation,Official LIS subject
SB451,Corporations,Official LIS subject
SB451,Income Tax,Official LIS subject
SB451,Taxation,Official LIS subject
SB457,"Mines, Minerals, and Energy",Official LIS subject
SB459,Income Tax,Official LIS subject
SB459,Taxation,Official LIS subject
SB465,Conservation,Official LIS subject
SB465,Land Conservation,Official LIS subject
SB468,Augusta County,Official LIS subject
SB468,Bath County,Official LIS subject
SB468,School Boards,Official LIS subject
SB468,Uncodified Legislation,Official LIS subject
SB481,Courts Not of Record,Official LIS subject
SB481,Courts of Record,Official LIS subject
SB481,Crimes and Offenses Generally,Official LIS subject
SB481,Criminal Procedure,Official LIS subject
SB481,Circuit Courts,Official LIS subject
SB481,Juvenile and Domestic Relations District Courts,Official LIS subject
SB481,Juveniles,Official LIS subject
SB482,Courts Not of Record,Official LIS subject
SB482,Juveniles,Official LIS subject
SB485,Labor and Employment,Official LIS subject
SB492,Administration of Government,Official LIS subject
SB492,Virginia Public Procurement Act,Official LIS subject
SB492,Electric Vehicles,Official LIS subject
SB500,Public Service Companies,Official LIS subject
SB500,Electric Companies,Official LIS subject
SB501,Taxation,Official LIS subject
SB501,Institutions of Higher Education; Other Educational and Cultural Institutions,Official LIS subject
SB507,Labor and Employment,Official LIS subject
SB518,Education,Official LIS subject
SB518,High Schools,Official LIS subject
SB518,Public Schools,Official LIS subject
SB519,Domestic Relations,Official LIS subject
SB519,Divorce,Official LIS subject
SB520,Workers' Compensation,Official LIS subject
SB548,"Pensions, Benefits, and Retirement",Official LIS subject
SB548,Retirement Systems,Official LIS subject
SB557,Public Service Companies,Official LIS subject
SB562,Public Service Companies,Official LIS subject
SB562,Coal Mining,Official LIS subject
SB563,Education,Official LIS subject
SB563,"Study Commissions, Committees, and Reports",Official LIS subject
SB563,Career and Technical Education,Official LIS subject
SB563,Uncodified Legislation,Official LIS subject
SB563,Institutions of Higher Education; Other Educational and Cultural Institutions,Official LIS subject
SB567,"Counties, Cities, and Towns",Official LIS subject
SB567,Public Service Companies,Official LIS subject
SB567,State Corporation Commission,Official LIS subject
SB571,Civil Remedies and Procedure,Official LIS subject
SB571,Crimes and Offenses Generally,Official LIS subject
SB575,Behavioral Health and Developmental Services,Official LIS subject
SB575,Courts Not of Record,Official LIS subject
SB575,Minors,Official LIS subject
SB575,Elementary Schools,Official LIS subject
SB575,Public Schools,Official LIS subject
SB575,Students,Official LIS subject
SB575,Secondary Schools,Official LIS subject
SB578,Public Service Companies,Official LIS subject
SB579,Health,Official LIS subject
SB579,Liability Insurance,Official LIS subject
SB579,Nursing Homes,Official LIS subject
SB590,Behavioral Health and Developmental Services,Official LIS subject
SB591,Public Service Companies,Official LIS subject
SB592,Narcotics and Drugs,Official LIS subject
SB592,Uncodified Legislation,Official LIS subject
SB593,Workers' Compensation,Official LIS subject
SB593,Firefighters and Fire Marshals,Official LIS subject
SB593,Law-Enforcement Officers,Official LIS subject
SB594,Emergency Services and Vehicles,Official LIS subject
SB594,"Study Commissions, Committees, and Reports",Official LIS subject
SB594,Uncodified Legislation,Official LIS subject
SB596,Property and Conveyances,Official LIS subject
SB596,Landlord and Tenant,Official LIS subject
SB596,Virginia Residential Landlord and Tenant Act,Official LIS subject
SB612,"Counties, Cities, and Towns",Official LIS subject
SB612,Police,Official LIS subject
SB617,Authorities,Official LIS subject
SB617,"Washington, D.C. Metropolitan Area",Official LIS subject
SB617,Highways and Other Surface Transportation Systems,Official LIS subject
SB619,Courts Not of Record,Official LIS subject
SB619,Education,Official LIS subject
SB619,Elementary Schools,Official LIS subject
SB619,Public Schools,Official LIS subject
SB619,Secondary Schools,Official LIS subject
SB623,Emergency Services and Vehicles,Official LIS subject
SB623,Labor and Employment,Official LIS subject
SB623,Firefighters and Fire Marshals,Official LIS subject
SB631,Life Insurance,Official LIS subject
SB631,Virginia National Guard,Official LIS subject
SB631,Uncodified Legislation,Official LIS subject
SB632,Income Tax,Official LIS subject
SB632,Taxation,Official LIS subject
SB633,Criminal Procedure,Official LIS subject
SB633,Defendants,Official LIS subject
SB636,Behavioral Health and Developmental Services,Official LIS subject
SB636,"Study Commissions, Committees, and Reports",Official LIS subject
SB636,Uncodified Legislation,Official LIS subject
SB636,Veterans,Official LIS subject
SB647,Administration of Government,Official LIS subject
SB647,Virginia Public Procurement Act,Official LIS subject
SB648,Emergency Services and Vehicles,Official LIS subject
SB648,Fire Protection,Official LIS subject
SB648,Motor Vehicles,Official LIS subject
SB661,Health,Official LIS subject
SB661,Electronic Monitoring,Official LIS subject
SB661,Nursing Homes,Official LIS subject
SB662,Income Tax,Official LIS subject
SB662,"Police, State",Official LIS subject
SB662,Taxation,Official LIS subject
SB664,Public Service Companies,Official LIS subject
SB664,Electric Companies,Official LIS subject
SB664,Infrastructure,Official LIS subject
SB664,Data Centers,Official LIS subject
SB665,Authorities,Official LIS subject
SB665,"Waters of the State, Ports, and Harbors",Official LIS subject
SB665,Stormwater Management,Official LIS subject
SB670,Insurance,Official LIS subject
SB670,Taxation,Official LIS subject
SB670,License Tax,Official LIS subject
SB675,Fairfax County,Official LIS subject
SB675,"Gambling, Lotteries, Etc.",Official LIS subject
SB675,Taxation,Official LIS subject
SB678,Students,Official LIS subject
SB678,Institutions of Higher Education; Other Educational and Cultural Institutions,Official LIS subject
SB682,Administration of Government,Official LIS subject
SB682,Health,Official LIS subject
SB682,Professions and Occupations,Official LIS subject
SB684,Trade and Commerce,Official LIS subject
SB684,Children,Official LIS subject
SB685,Labor and Employment,Official LIS subject
SB685,Wages,Official LIS subject
SB688,Public Service Companies,Official LIS subject
SB689,Crimes and Offenses Generally,Official LIS subject
SB689,"Gambling, Lotteries, Etc.",Official LIS subject
SB693,Property and Conveyances,Official LIS subject
SB693,Taxation,Official LIS subject
SB694,Crimes and Offenses Generally,Official LIS subject
SB694,"Gambling, Lotteries, Etc.",Official LIS subject
SB697,"Counties, Cities, and Towns",Official LIS subject
SB697,Solar Energy,Official LIS subject
SB698,Conservation,Official LIS subject
SB698,Dams,Official LIS subject
SB708,Public Service Companies,Official LIS subject
SB711,Taxation,Official LIS subject
SB714,Motor Vehicles,Official LIS subject
SB714,Northern Virginia,Official LIS subject
SB717,Higher Education,Official LIS subject
SB717,Institutions of Higher Education; Other Educational and Cultural Institutions,Official LIS subject
SB721,"Counties, Cities, and Towns",Official LIS subject
SB721,Local Government and Officials,Official LIS subject
SB721,Ordinances,Official LIS subject
SB721,Plats,Official LIS subject
SB721,Zoning,Official LIS subject
SB730,"Commissions, Boards, and Institutions Generally",Official LIS subject
SB730,Fisheries and Habitat of the Tidal Waters,Official LIS subject
SB733,Administration of Government,Official LIS subject
SB733,Governor,Official LIS subject
SB735,Insurance,Official LIS subject
SB735,Health Insurance,Official LIS subject
SJ1,Constitutional Amendments,Official LIS subject
SJ1,Human Rights,Official LIS subject
SJ2,Constitutional Amendments,Official LIS subject
SJ2,Elections,Official LIS subject
SJ2,Voters and Voting,Official LIS subject
SJ10,Attorney General,Official LIS subject
SJ10,Constitutional Amendments,Official LIS subject
SJ10,Lieutenant Governor,Official LIS subject
SJ11,Constitutional Amendments,Official LIS subject
SJ11,Marriage,Official LIS subject
SJ14,"Commissions, Boards, and Institutions Generally",Official LIS subject
SJ14,Science and Technology,Official LIS subject
SJ14,"Study Commissions, Committees, and Reports",Official LIS subject
SJ18,"Counties, Cities, and Towns",Official LIS subject
SJ18,"Study Commissions, Committees, and Reports",Official LIS subject
SJ19,Prince William County,Official LIS subject
SJ19,"Study Commissions, Committees, and Reports",Official LIS subject
SJ19,Pedestrians,Official LIS subject
SJ19,Roads,Official LIS subject
SJ20,"Commissions, Boards, and Institutions Generally",Official LIS subject
SJ20,"Study Commissions, Committees, and Reports",Official LIS subject
SJ20,Community Colleges,Official LIS subject
SJ20,Workforce,Official LIS subject
SJ21,Administration of Government,Official LIS subject
SJ21,Joint Legislative Audit and Review Commission (JLARC),Official LIS subject
SJ21,"Study Commissions, Committees, and Reports",Official LIS subject
SJ22,"Police, State",Official LIS subject
SJ22,"Study Commissions, Committees, and Reports",Official LIS subject
SJ22,Taxation,Official LIS subject
SJ26,Joint Legislative Audit and Review Commission (JLARC),Official LIS subject
SJ26,Narcotics and Drugs,Official LIS subject
SJ26,"Study Commissions, Committees, and Reports",Official LIS subject
HB1548,Education,Derived from LIS bill description
HB1549,Transportation,Derived from LIS bill description
HB1549,Family and Children,Derived from LIS bill description
HB1550,Taxes and Revenue,Derived from LIS bill description
HB1551,Taxes and Revenue,Derived from LIS bill description
HB1552,Health and Healthcare,Derived from LIS bill description
HB1553,Criminal Justice,Derived from LIS bill description
HB1553,Courts and Civil Law,Derived from LIS bill description
HB1555,Health and Healthcare,Derived from LIS bill description
HB1556,Criminal Justice,Derived from LIS bill description
HB1556,Business and Commerce,Derived from LIS bill description
HB1556,Family and Children,Derived from LIS bill description
HB1559,Firearms,Derived from LIS bill description
HB1560,Taxes and Revenue,Derived from LIS bill description
HB1561,Local Government,Derived from LIS bill description
HB1562,Taxes and Revenue,Derived from LIS bill description
HB1566,Elections and Voting,Derived from LIS bill description
HB1569,Firearms,Derived from LIS bill description
HB1570,Labor and Employment,Derived from LIS bill description
HB1570,Business and Commerce,Derived from LIS bill description
HB1573,Elections and Voting,Derived from LIS bill description
HB1574,Elections and Voting,Derived from LIS bill description
HB1577,Local Government,Derived from LIS bill description
HB1578,Behavioral Health,Derived from LIS bill description
HB1579,Taxes and Revenue,Derived from LIS bill description
HB1580,Local Government,Derived from LIS bill description
HB1581,Firearms,Derived from LIS bill description
HB1581,Taxes and Revenue,Derived from LIS bill description
HB1581,Business and Commerce,Derived from LIS bill description
HB1582,Health and Healthcare,Derived from LIS bill description
HB1583,Transportation,Derived from LIS bill description
HB1583,Firearms,Derived from LIS bill description
HB1584,Housing,Derived from LIS bill description
HB1585,Family and Children,Derived from LIS bill description
HB1588,Energy and Utilities,Derived from LIS bill description
HB1589,Criminal Justice,Derived from LIS bill description
HB1589,Elections and Voting,Derived from LIS bill description
HB1590,Family and Children,Derived from LIS bill description
HB1591,Taxes and Revenue,Derived from LIS bill description
HB1592,Environment and Conservation,Derived from LIS bill description
HB1593,Family and Children,Derived from LIS bill description
HB1594,Education,Derived from LIS bill description
HB1595,Education,Derived from LIS bill description
HB1596,Health and Healthcare,Derived from LIS bill description
HB1597,Firearms,Derived from LIS bill description
HB1600,Budget and Appropriations,Derived from LIS bill description
HB1601,Energy and Utilities,Derived from LIS bill description
HB1602,Labor and Employment,Derived from LIS bill description
HB1602,Public Safety,Derived from LIS bill description
HB1603,Transportation,Derived from LIS bill description
HB1604,Education,Derived from LIS bill description
HB1607,Firearms,Derived from LIS bill description
HB1608,Courts and Civil Law,Derived from LIS bill description
HB1608,Firearms,Derived from LIS bill description
HB1609,Insurance,Derived from LIS bill description
HB1612,Education,Derived from LIS bill description
HB1612,Family and Children,Derived from LIS bill description
HB1613,Education,Derived from LIS bill description
HB1614,Health and Healthcare,Derived from LIS bill description
HB1615,Transportation,Derived from LIS bill description
HB1616,Labor and Employment,Derived from LIS bill description
HB1620,Labor and Employment,Derived from LIS bill description
HB1621,Education,Derived from LIS bill description
HB1621,Higher Education,Derived from LIS bill description
HB1622,Transportation,Derived from LIS bill description
HB1622,Firearms,Derived from LIS bill description
HB1623,Housing,Derived from LIS bill description
HB1624,Family and Children,Derived from LIS bill description
HB1625,Labor and Employment,Derived from LIS bill description
HB1625,Agriculture and Food,Derived from LIS bill description
HB1626,Education,Derived from LIS bill description
HB1627,Criminal Justice,Derived from LIS bill description
HB1629,Health and Healthcare,Derived from LIS bill description
HB1631,Family and Children,Derived from LIS bill description
HB1631,Social Services,Derived from LIS bill description
HB1633,Insurance,Derived from LIS bill description
HB1635,Health and Healthcare,Derived from LIS bill description
HB1636,Health and Healthcare,Derived from LIS bill description
HB1637,Behavioral Health,Derived from LIS bill description
HB1638,Housing,Derived from LIS bill description
HB1638,Criminal Justice,Derived from LIS bill description
HB1639,Insurance,Derived from LIS bill description
HB1641,Health and Healthcare,Derived from LIS bill description
HB1641,Insurance,Derived from LIS bill description
HB1642,Technology and Data,Derived from LIS bill description
HB1643,Transportation,Derived from LIS bill description
HB1645,Elections and Voting,Derived from LIS bill description
HB1649,Education,Derived from LIS bill description
HB1651,Social Services,Derived from LIS bill description
HB1652,Elections and Voting,Derived from LIS bill description
HB1655,Labor and Employment,Derived from LIS bill description
HB1657,Elections and Voting,Derived from LIS bill description
HB1663,Education,Derived from LIS bill description
HB1664,Local Government,Derived from LIS bill description
HB1665,Transportation,Derived from LIS bill description
HB1665,Criminal Justice,Derived from LIS bill description
HB1667,Labor and Employment,Derived from LIS bill description
HB1667,Family and Children,Derived from LIS bill description
HB1668,Transportation,Derived from LIS bill description
HB1668,Taxes and Revenue,Derived from LIS bill description
HB1669,Elections and Voting,Derived from LIS bill description
HB1670,Insurance,Derived from LIS bill description
HB1672,Energy and Utilities,Derived from LIS bill description
HB1674,Education,Derived from LIS bill description
HB1675,Education,Derived from LIS bill description
HB1678,Education,Derived from LIS bill description
HB1678,Firearms,Derived from LIS bill description
HB1678,Family and Children,Derived from LIS bill description
HB1679,Education,Derived from LIS bill description
HB1682,Taxes and Revenue,Derived from LIS bill description
HB1682,Insurance,Derived from LIS bill description
HB1683,Transportation,Derived from LIS bill description
HB1685,Education,Derived from LIS bill description
HB1686,Elections and Voting,Derived from LIS bill description
HB1689,Housing,Derived from LIS bill description
HB1691,Elections and Voting,Derived from LIS bill description
HB1692,Criminal Justice,Derived from LIS bill description
HB1694,Education,Derived from LIS bill description
HB1698,Taxes and Revenue,Derived from LIS bill description
HB1700,Education,Derived from LIS bill description
HB1700,Courts and Civil Law,Derived from LIS bill description
HB1701,Taxes and Revenue,Derived from LIS bill description
HB1706,Housing,Derived from LIS bill description
HB1709,Housing,Derived from LIS bill description
HB1710,Health and Healthcare,Derived from LIS bill description
HB1713,Behavioral Health,Derived from LIS bill description
HB1713,Criminal Justice,Derived from LIS bill description
HB1717,Taxes and Revenue,Derived from LIS bill description
HB1718,Housing,Derived from LIS bill description
HB1718,Local Government,Derived from LIS bill description
HB1719,Housing,Derived from LIS bill description
HB1720,Health and Healthcare,Derived from LIS bill description
HB1723,Social Services,Derived from LIS bill description
HB1725,Health and Healthcare,Derived from LIS bill description
HB1729,Taxes and Revenue,Derived from LIS bill description
HB1730,Labor and Employment,Derived from LIS bill description
HB1730,Courts and Civil Law,Derived from LIS bill description
HB1731,Health and Healthcare,Derived from LIS bill description
HB1733,Family and Children,Derived from LIS bill description
HB1733,Social Services,Derived from LIS bill description
HB1735,Elections and Voting,Derived from LIS bill description
HB1736,Firearms,Derived from LIS bill description
HB1741,Taxes and Revenue,Derived from LIS bill description
HB1743,Taxes and Revenue,Derived from LIS bill description
HB1744,Elections and Voting,Derived from LIS bill description
HB1745,Local Government,Derived from LIS bill description
HB1746,Public Safety,Derived from LIS bill description
HB1747,Transportation,Derived from LIS bill description
HB1749,Health and Healthcare,Derived from LIS bill description
HB1749,Labor and Employment,Derived from LIS bill description
HB1750,Transportation,Derived from LIS bill description
HB1751,Elections and Voting,Derived from LIS bill description
HB1752,Education,Derived from LIS bill description
HB1752,Higher Education,Derived from LIS bill description
HB1753,Health and Healthcare,Derived from LIS bill description
HB1754,Taxes and Revenue,Derived from LIS bill description
HB1755,Taxes and Revenue,Derived from LIS bill description
HB1755,Technology and Data,Derived from LIS bill description
HB1758,Housing,Derived from LIS bill description
HB1760,Behavioral Health,Derived from LIS bill description
HB1760,Family and Children,Derived from LIS bill description
HB1765,Behavioral Health,Derived from LIS bill description
HB1765,Insurance,Derived from LIS bill description
HB1771,Labor and Employment,Derived from LIS bill description
HB1771,Family and Children,Derived from LIS bill description
HB1771,Social Services,Derived from LIS bill description
HB1773,Criminal Justice,Derived from LIS bill description
HB1773,Firearms,Derived from LIS bill description
HB1775,Marriage and Domestic Relations,Derived from LIS bill description
HB1777,Family and Children,Derived from LIS bill description
HB1779,Energy and Utilities,Derived from LIS bill description
HB1783,Education,Derived from LIS bill description
HB1784,Transportation,Derived from LIS bill description
HB1788,Education,Derived from LIS bill description
HB1789,Business and Commerce,Derived from LIS bill description
HB1790,Housing,Derived from LIS bill description
HB1792,Taxes and Revenue,Derived from LIS bill description
HB1794,Elections and Voting,Derived from LIS bill description
HB1795,Local Government,Derived from LIS bill description
HB1796,Business and Commerce,Derived from LIS bill description
HB1797,Firearms,Derived from LIS bill description
HB1798,Agriculture and Food,Derived from LIS bill description
HB1804,Health and Healthcare,Derived from LIS bill description
HB1806,Education,Derived from LIS bill description
HB1808,Education,Derived from LIS bill description
HB1809,Education,Derived from LIS bill description
HB1811,Health and Healthcare,Derived from LIS bill description
HB1813,Environment and Conservation,Derived from LIS bill description
HB1813,Taxes and Revenue,Derived from LIS bill description
HB1816,Courts and Civil Law,Derived from LIS bill description
HB1816,Business and Commerce,Derived from LIS bill description
HB1816,Family and Children,Derived from LIS bill description
HB1817,Family and Children,Derived from LIS bill description
HB1818,Firearms,Derived from LIS bill description
HB1819,Energy and Utilities,Derived from LIS bill description
HB1819,Business and Commerce,Derived from LIS bill description
HB1820,Public Safety,Derived from LIS bill description
HB1821,Energy and Utilities,Derived from LIS bill description
HB1822,Energy and Utilities,Derived from LIS bill description
HB1824,Education,Derived from LIS bill description
HB1825,Environment and Conservation,Derived from LIS bill description
HB1828,Insurance,Derived from LIS bill description
HB1829,Education,Derived from LIS bill description
HB1830,Education,Derived from LIS bill description
HB1830,Labor and Employment,Derived from LIS bill description
HB1831,Education,Derived from LIS bill description
HB1837,Agriculture and Food,Derived from LIS bill description
HB1840,Education,Derived from LIS bill description
HB1841,Transportation,Derived from LIS bill description
HB1841,Taxes and Revenue,Derived from LIS bill description
HB1845,Criminal Justice,Derived from LIS bill description
HB1846,Criminal Justice,Derived from LIS bill description
HB1846,Family and Children,Derived from LIS bill description
HB1850,Criminal Justice,Derived from LIS bill description
HB1851,Labor and Employment,Derived from LIS bill description
HB1855,Education,Derived from LIS bill description
HB1856,Social Services,Derived from LIS bill description
HB1858,Criminal Justice,Derived from LIS bill description
HB1860,Health and Healthcare,Derived from LIS bill description
HB1862,Elections and Voting,Derived from LIS bill description
HB1863,Elections and Voting,Derived from LIS bill description
HB1866,Taxes and Revenue,Derived from LIS bill description
HB1867,Housing,Derived from LIS bill description
HB1868,Taxes and Revenue,Derived from LIS bill description
HB1869,Firearms,Derived from LIS bill description
HB1870,Housing,Derived from LIS bill description
HB1872,Housing,Derived from LIS bill description
HB1874,Public Safety,Derived from LIS bill description
HB1875,Energy and Utilities,Derived from LIS bill description
HB1876,Firearms,Derived from LIS bill description
HB1877,Criminal Justice,Derived from LIS bill description
HB1878,Education,Derived from LIS bill description
HB1878,Higher Education,Derived from LIS bill description
HB1880,Education,Derived from LIS bill description
HB1880,Family and Children,Derived from LIS bill description
HB1881,Education,Derived from LIS bill description
HB1883,Energy and Utilities,Derived from LIS bill description
HB1885,Criminal Justice,Derived from LIS bill description
HB1886,Criminal Justice,Derived from LIS bill description
HB1890,Education,Derived from LIS bill description
HB1892,Education,Derived from LIS bill description
HB1892,Family and Children,Derived from LIS bill description
HB1893,Health and Healthcare,Derived from LIS bill description
HB1894,Criminal Justice,Derived from LIS bill description
HB1895,Behavioral Health,Derived from LIS bill description
HB1896,Taxes and Revenue,Derived from LIS bill description
HB1900,Health and Healthcare,Derived from LIS bill description
HB1903,Health and Healthcare,Derived from LIS bill description
HB1903,Labor and Employment,Derived from LIS bill description
HB1904,Health and Healthcare,Derived from LIS bill description
HB1904,Insurance,Derived from LIS bill description
HB1905,Health and Healthcare,Derived from LIS bill description
HB1906,Social Services,Derived from LIS bill description
HB1907,Environment and Conservation,Derived from LIS bill description
HB1908,Environment and Conservation,Derived from LIS bill description
HB1909,Education,Derived from LIS bill description
HB1909,Agriculture and Food,Derived from LIS bill description
HB1915,Education,Derived from LIS bill description
HB1919,Labor and Employment,Derived from LIS bill description
HB1921,Labor and Employment,Derived from LIS bill description
HB1922,Business and Commerce,Derived from LIS bill description
HB1923,Insurance,Derived from LIS bill description
HB1924,Education,Derived from LIS bill description
HB1925,Criminal Justice,Derived from LIS bill description
HB1926,Transportation,Derived from LIS bill description
HB1927,Health and Healthcare,Derived from LIS bill description
HB1928,Labor and Employment,Derived from LIS bill description
HB1933,Labor and Employment,Derived from LIS bill description
HB1934,Energy and Utilities,Derived from LIS bill description
HB1935,Energy and Utilities,Derived from LIS bill description
HB1936,Education,Derived from LIS bill description
HB1937,Health and Healthcare,Derived from LIS bill description
HB1937,Behavioral Health,Derived from LIS bill description
HB1938,Elections and Voting,Derived from LIS bill description
HB1939,Taxes and Revenue,Derived from LIS bill description
HB1945,Education,Derived from LIS bill description
HB1945,Behavioral Health,Derived from LIS bill description
HB1947,Education,Derived from LIS bill description
HB1947,Behavioral Health,Derived from LIS bill description
HB1951,Labor and Employment,Derived from LIS bill description
HB1952,Elections and Voting,Derived from LIS bill description
HB1953,Elections and Voting,Derived from LIS bill description
HB1954,Education,Derived from LIS bill description
HB1957,Education,Derived from LIS bill description
HB1958,Education,Derived from LIS bill description
HB1959,Family and Children,Derived from LIS bill description
HB1960,Firearms,Derived from LIS bill description
HB1961,Education,Derived from LIS bill description
HB1962,Taxes and Revenue,Derived from LIS bill description
HB1962,Family and Children,Derived from LIS bill description
HB1965,Taxes and Revenue,Derived from LIS bill description
HB1966,Business and Commerce,Derived from LIS bill description
HB1968,Criminal Justice,Derived from LIS bill description
HB1969,Taxes and Revenue,Derived from LIS bill description
HB1972,Education,Derived from LIS bill description
HB1973,Housing,Derived from LIS bill description
HB1975,Health and Healthcare,Derived from LIS bill description
HB1976,Health and Healthcare,Derived from LIS bill description
HB1977,Health and Healthcare,Derived from LIS bill description
HB1977,Behavioral Health,Derived from LIS bill description
HB1977,Firearms,Derived from LIS bill description
HB1978,Health and Healthcare,Derived from LIS bill description
HB1979,Labor and Employment,Derived from LIS bill description
HB1980,Labor and Employment,Derived from LIS bill description
HB1982,Transportation,Derived from LIS bill description
HB1983,Education,Derived from LIS bill description
HB1985,Family and Children,Derived from LIS bill description
HB1986,Public Safety,Derived from LIS bill description
HB1988,Education,Derived from LIS bill description
HB1989,Health and Healthcare,Derived from LIS bill description
HB1990,Elections and Voting,Derived from LIS bill description
HB1992,Public Safety,Derived from LIS bill description
HB1993,Education,Derived from LIS bill description
HB1995,Education,Derived from LIS bill description
HB1995,Higher Education,Derived from LIS bill description
HB1997,Taxes and Revenue,Derived from LIS bill description
HB1999,Energy and Utilities,Derived from LIS bill description
HB2002,Elections and Voting,Derived from LIS bill description
HB2003,Energy and Utilities,Derived from LIS bill description
HB2004,Taxes and Revenue,Derived from LIS bill description
HB2007,Taxes and Revenue,Derived from LIS bill description
HB2009,Education,Derived from LIS bill description
HB2010,Family and Children,Derived from LIS bill description
HB2011,Elections and Voting,Derived from LIS bill description
HB2014,Criminal Justice,Derived from LIS bill description
HB2014,Family and Children,Derived from LIS bill description
HB2015,Criminal Justice,Derived from LIS bill description
HB2015,Firearms,Derived from LIS bill description
HB2017,Education,Derived from LIS bill description
HB2018,Education,Derived from LIS bill description
HB2020,Transportation,Derived from LIS bill description
HB2023,Health and Healthcare,Derived from LIS bill description
HB2024,Energy and Utilities,Derived from LIS bill description
HB2024,Environment and Conservation,Derived from LIS bill description
HB2025,Environment and Conservation,Derived from LIS bill description
HB2028,Education,Derived from LIS bill description
HB2029,Taxes and Revenue,Derived from LIS bill description
HB2030,Environment and Conservation,Derived from LIS bill description
HB2032,Education,Derived from LIS bill description
HB2033,Labor and Employment,Derived from LIS bill description
HB2034,Environment and Conservation,Derived from LIS bill description
HB2035,Energy and Utilities,Derived from LIS bill description
HB2036,Transportation,Derived from LIS bill description
HB2037,Energy and Utilities,Derived from LIS bill description
HB2038,Business and Commerce,Derived from LIS bill description
HB2044,Education,Derived from LIS bill description
HB2044,Labor and Employment,Derived from LIS bill description
HB2045,Education,Derived from LIS bill description
HB2045,Higher Education,Derived from LIS bill description
HB2046,Technology and Data,Derived from LIS bill description
HB2047,Housing,Derived from LIS bill description
HB2049,Transportation,Derived from LIS bill description
HB2049,Taxes and Revenue,Derived from LIS bill description
HB2052,Local Government,Derived from LIS bill description
HB2053,Education,Derived from LIS bill description
HB2054,Housing,Derived from LIS bill description
HB2055,Education,Derived from LIS bill description
HB2056,Elections and Voting,Derived from LIS bill description
HB2057,Elections and Voting,Derived from LIS bill description
HB2059,Budget and Appropriations,Derived from LIS bill description
HB2060,Labor and Employment,Derived from LIS bill description
HB2060,Public Safety,Derived from LIS bill description
HB2061,Environment and Conservation,Derived from LIS bill description
HB2062,Education,Derived from LIS bill description
HB2062,Taxes and Revenue,Derived from LIS bill description
HB2063,Labor and Employment,Derived from LIS bill description
HB2064,Firearms,Derived from LIS bill description
HB2065,Local Government,Derived from LIS bill description
HB2066,Education,Derived from LIS bill description
HB2066,Labor and Employment,Derived from LIS bill description
HB2066,Criminal Justice,Derived from LIS bill description
HB2068,Local Government,Derived from LIS bill description
HB2069,Local Government,Derived from LIS bill description
HB2070,Education,Derived from LIS bill description
HB2072,Education,Derived from LIS bill description
HB2075,Family and Children,Derived from LIS bill description
HB2076,Health and Healthcare,Derived from LIS bill description
HB2076,Public Safety,Derived from LIS bill description
HB2076,Taxes and Revenue,Derived from LIS bill description
HB2079,Health and Healthcare,Derived from LIS bill description
HB2082,Health and Healthcare,Derived from LIS bill description
HB2084,Energy and Utilities,Derived from LIS bill description
HB2085,Insurance,Derived from LIS bill description
HB2086,Energy and Utilities,Derived from LIS bill description
HB2086,Taxes and Revenue,Derived from LIS bill description
HB2087,Energy and Utilities,Derived from LIS bill description
HB2087,Transportation,Derived from LIS bill description
HB2088,Health and Healthcare,Derived from LIS bill description
HB2090,Energy and Utilities,Derived from LIS bill description
HB2091,Labor and Employment,Derived from LIS bill description
HB2092,Elections and Voting,Derived from LIS bill description
HB2093,Family and Children,Derived from LIS bill description
HB2094,Technology and Data,Derived from LIS bill description
HB2097,Insurance,Derived from LIS bill description
HB2098,Labor and Employment,Derived from LIS bill description
HB2099,Health and Healthcare,Derived from LIS bill description
HB2099,Insurance,Derived from LIS bill description
HB2101,Energy and Utilities,Derived from LIS bill description
HB2104,Education,Derived from LIS bill description
HB2104,Labor and Employment,Derived from LIS bill description
HB2105,Criminal Justice,Derived from LIS bill description
HB2106,Health and Healthcare,Derived from LIS bill description
HB2106,Insurance,Derived from LIS bill description
HB2107,Insurance,Derived from LIS bill description
HB2108,Taxes and Revenue,Derived from LIS bill description
HB2111,Criminal Justice,Derived from LIS bill description
HB2113,Energy and Utilities,Derived from LIS bill description
HB2114,Taxes and Revenue,Derived from LIS bill description
HB2116,Transportation,Derived from LIS bill description
HB2118,Education,Derived from LIS bill description
HB2122,Housing,Derived from LIS bill description
HB2125,State Government,Derived from LIS bill description
HB2126,Energy and Utilities,Derived from LIS bill description
HB2126,Local Government,Derived from LIS bill description
HB2127,Labor and Employment,Derived from LIS bill description
HB2127,Local Government,Derived from LIS bill description
HB2128,Local Government,Derived from LIS bill description
HB2129,Local Government,Derived from LIS bill description
HB2132,Local Government,Derived from LIS bill description
HB2133,Insurance,Derived from LIS bill description
HB2136,Energy and Utilities,Derived from LIS bill description
HB2139,Elections and Voting,Derived from LIS bill description
HB2140,Elections and Voting,Derived from LIS bill description
HB2141,Transportation,Derived from LIS bill description
HB2142,Local Government,Derived from LIS bill description
HB2145,Firearms,Derived from LIS bill description
HB2146,Health and Healthcare,Derived from LIS bill description
HB2146,Family and Children,Derived from LIS bill description
HB2147,Taxes and Revenue,Derived from LIS bill description
HB2150,Business and Commerce,Derived from LIS bill description
HB2151,Housing,Derived from LIS bill description
HB2154,Education,Derived from LIS bill description
HB2156,Education,Derived from LIS bill description
HB2164,Education,Derived from LIS bill description
HB2165,Elections and Voting,Derived from LIS bill description
HB2168,Criminal Justice,Derived from LIS bill description
HB2171,Technology and Data,Derived from LIS bill description
HB2172,Local Government,Derived from LIS bill description
HB2173,Elections and Voting,Derived from LIS bill description
HB2174,Courts and Civil Law,Derived from LIS bill description
HB2176,Criminal Justice,Derived from LIS bill description
HB2177,Labor and Employment,Derived from LIS bill description
HB2180,Taxes and Revenue,Derived from LIS bill description
HB2182,Education,Derived from LIS bill description
HB2182,Family and Children,Derived from LIS bill description
HB2185,Energy and Utilities,Derived from LIS bill description
HB2187,Family and Children,Derived from LIS bill description
HB2188,Criminal Justice,Derived from LIS bill description
HB2190,Education,Derived from LIS bill description
HB2192,Criminal Justice,Derived from LIS bill description
HB2195,Business and Commerce,Derived from LIS bill description
HB2197,Energy and Utilities,Derived from LIS bill description
HB2200,Energy and Utilities,Derived from LIS bill description
HB2201,Education,Derived from LIS bill description
HB2202,Firearms,Derived from LIS bill description
HB2208,Insurance,Derived from LIS bill description
HB2209,Health and Healthcare,Derived from LIS bill description
HB2212,Local Government,Derived from LIS bill description
HB2213,Education,Derived from LIS bill description
HB2216,Elections and Voting,Derived from LIS bill description
HB2216,State Government,Derived from LIS bill description
HB2218,Housing,Derived from LIS bill description
HB2219,Education,Derived from LIS bill description
HB2220,Criminal Justice,Derived from LIS bill description
HB2221,Criminal Justice,Derived from LIS bill description
HB2224,Criminal Justice,Derived from LIS bill description
HB2224,Family and Children,Derived from LIS bill description
HB2226,Education,Derived from LIS bill description
HB2229,Housing,Derived from LIS bill description
HB2234,Transportation,Derived from LIS bill description
HB2234,Courts and Civil Law,Derived from LIS bill description
HB2235,Criminal Justice,Derived from LIS bill description
HB2236,Criminal Justice,Derived from LIS bill description
HB2237,Education,Derived from LIS bill description
HB2237,Labor and Employment,Derived from LIS bill description
HB2239,Taxes and Revenue,Derived from LIS bill description
HB2240,Social Services,Derived from LIS bill description
HB2241,Criminal Justice,Derived from LIS bill description
HB2241,Firearms,Derived from LIS bill description
HB2244,Education,Derived from LIS bill description
HB2245,Taxes and Revenue,Derived from LIS bill description
HB2247,Environment and Conservation,Derived from LIS bill description
HB2248,Taxes and Revenue,Derived from LIS bill description
HB2250,Technology and Data,Derived from LIS bill description
HB2252,Criminal Justice,Derived from LIS bill description
HB2253,Health and Healthcare,Derived from LIS bill description
HB2254,Transportation,Derived from LIS bill description
HB2255,Health and Healthcare,Derived from LIS bill description
HB2256,Transportation,Derived from LIS bill description
HB2257,Labor and Employment,Derived from LIS bill description
HB2259,Health and Healthcare,Derived from LIS bill description
HB2262,Taxes and Revenue,Derived from LIS bill description
HB2264,Taxes and Revenue,Derived from LIS bill description
HB2265,Education,Derived from LIS bill description
HB2267,Environment and Conservation,Derived from LIS bill description
HB2268,Technology and Data,Derived from LIS bill description
HB2269,Health and Healthcare,Derived from LIS bill description
HB2272,Criminal Justice,Derived from LIS bill description
HB2276,Elections and Voting,Derived from LIS bill description
HB2277,Elections and Voting,Derived from LIS bill description
HB2278,Education,Derived from LIS bill description
HB2279,Criminal Justice,Derived from LIS bill description
HB2281,Energy and Utilities,Derived from LIS bill description
HB2281,Local Government,Derived from LIS bill description
HB2282,Family and Children,Derived from LIS bill description
HB2284,Labor and Employment,Derived from LIS bill description
HB2286,Education,Derived from LIS bill description
HB2286,Labor and Employment,Derived from LIS bill description
HB2286,Family and Children,Derived from LIS bill description
HB2287,Family and Children,Derived from LIS bill description
HB2290,Health and Healthcare,Derived from LIS bill description
HB2290,Behavioral Health,Derived from LIS bill description
HB2290,Criminal Justice,Derived from LIS bill description
HB2291,Education,Derived from LIS bill description
HB2297,Education,Derived from LIS bill description
HB2297,Labor and Employment,Derived from LIS bill description
HB2298,Criminal Justice,Derived from LIS bill description
HB2299,Criminal Justice,Derived from LIS bill description
HB2301,Criminal Justice,Derived from LIS bill description
HB2301,Family and Children,Derived from LIS bill description
HB2302,Taxes and Revenue,Derived from LIS bill description
HB2305,Taxes and Revenue,Derived from LIS bill description
HB2307,Health and Healthcare,Derived from LIS bill description
HB2311,Local Government,Derived from LIS bill description
HB2320,Labor and Employment,Derived from LIS bill description
HB2323,Energy and Utilities,Derived from LIS bill description
HB2323,Agriculture and Food,Derived from LIS bill description
HB2324,Transportation,Derived from LIS bill description
HB2326,Business and Commerce,Derived from LIS bill description
HB2329,Insurance,Derived from LIS bill description
HB2333,Taxes and Revenue,Derived from LIS bill description
HB2334,Transportation,Derived from LIS bill description
HB2336,Taxes and Revenue,Derived from LIS bill description
HB2337,Elections and Voting,Derived from LIS bill description
HB2338,Education,Derived from LIS bill description
HB2339,Family and Children,Derived from LIS bill description
HB2341,Behavioral Health,Derived from LIS bill description
HB2345,Taxes and Revenue,Derived from LIS bill description
HB2346,Energy and Utilities,Derived from LIS bill description
HB2348,Housing,Derived from LIS bill description
HB2353,Family and Children,Derived from LIS bill description
HB2355,Business and Commerce,Derived from LIS bill description
HB2356,Labor and Employment,Derived from LIS bill description
HB2357,Elections and Voting,Derived from LIS bill description
HB2360,Education,Derived from LIS bill description
HB2360,Labor and Employment,Derived from LIS bill description
HB2362,Taxes and Revenue,Derived from LIS bill description
HB2363,Labor and Employment,Derived from LIS bill description
HB2363,Public Safety,Derived from LIS bill description
HB2365,Energy and Utilities,Derived from LIS bill description
HB2366,Public Safety,Derived from LIS bill description
HB2369,Criminal Justice,Derived from LIS bill description
HB2371,Insurance,Derived from LIS bill description
HB2372,Health and Healthcare,Derived from LIS bill description
HB2372,Insurance,Derived from LIS bill description
HB2373,Education,Derived from LIS bill description
HB2375,Health and Healthcare,Derived from LIS bill description
HB2380,Health and Healthcare,Derived from LIS bill description
HB2382,Taxes and Revenue,Derived from LIS bill description
HB2384,Health and Healthcare,Derived from LIS bill description
HB2385,Transportation,Derived from LIS bill description
HB2385,Courts and Civil Law,Derived from LIS bill description
HB2386,Energy and Utilities,Derived from LIS bill description
HB2388,Elections and Voting,Derived from LIS bill description
HB2390,Elections and Voting,Derived from LIS bill description
HB2391,Health and Healthcare,Derived from LIS bill description
HB2392,Health and Healthcare,Derived from LIS bill description
HB2392,Insurance,Derived from LIS bill description
HB2394,Health and Healthcare,Derived from LIS bill description
HB2395,Elections and Voting,Derived from LIS bill description
HB2399,Family and Children,Derived from LIS bill description
HB2400,Education,Derived from LIS bill description
HB2401,Labor and Employment,Derived from LIS bill description
HB2402,Elections and Voting,Derived from LIS bill description
HB2403,Education,Derived from LIS bill description
HB2404,Taxes and Revenue,Derived from LIS bill description
HB2408,Taxes and Revenue,Derived from LIS bill description
HB2409,Agriculture and Food,Derived from LIS bill description
HB2410,Taxes and Revenue,Derived from LIS bill description
HB2411,Technology and Data,Derived from LIS bill description
HB2412,Firearms,Derived from LIS bill description
HB2413,Energy and Utilities,Derived from LIS bill description
HB2414,Firearms,Derived from LIS bill description
HB2415,Housing,Derived from LIS bill description
HB2417,Budget and Appropriations,Derived from LIS bill description
HB2417,Business and Commerce,Derived from LIS bill description
HB2418,Education,Derived from LIS bill description
HB2418,Labor and Employment,Derived from LIS bill description
HB2420,Behavioral Health,Derived from LIS bill description
HB2422,Energy and Utilities,Derived from LIS bill description
HB2424,Family and Children,Derived from LIS bill description
HB2426,Energy and Utilities,Derived from LIS bill description
HB2430,Housing,Derived from LIS bill description
HB2431,Education,Derived from LIS bill description
HB2434,Elections and Voting,Derived from LIS bill description
HB2435,Public Safety,Derived from LIS bill description
HB2436,Energy and Utilities,Derived from LIS bill description
HB2437,Energy and Utilities,Derived from LIS bill description
HB2438,Energy and Utilities,Derived from LIS bill description
HB2439,Education,Derived from LIS bill description
HB2441,Firearms,Derived from LIS bill description
HB2442,Energy and Utilities,Derived from LIS bill description
HB2444,Elections and Voting,Derived from LIS bill description
HB2445,Elections and Voting,Derived from LIS bill description
HB2446,Education,Derived from LIS bill description
HB2449,Taxes and Revenue,Derived from LIS bill description
HB2451,Family and Children,Derived from LIS bill description
HB2452,Education,Derived from LIS bill description
HB2452,Higher Education,Derived from LIS bill description
HB2454,Education,Derived from LIS bill description
HB2455,Education,Derived from LIS bill description
HB2456,Criminal Justice,Derived from LIS bill description
HB2457,Family and Children,Derived from LIS bill description
HB2457,Social Services,Derived from LIS bill description
HB2458,Agriculture and Food,Derived from LIS bill description
HB2459,Energy and Utilities,Derived from LIS bill description
HB2462,Courts and Civil Law,Derived from LIS bill description
HB2463,Higher Education,Derived from LIS bill description
HB2464,Transportation,Derived from LIS bill description
HB2465,Education,Derived from LIS bill description
HB2465,Labor and Employment,Derived from LIS bill description
HB2466,Transportation,Derived from LIS bill description
HB2467,State Government,Derived from LIS bill description
HB2469,Labor and Employment,Derived from LIS bill description
HB2470,Energy and Utilities,Derived from LIS bill description
HB2471,Education,Derived from LIS bill description
HB2471,Health and Healthcare,Derived from LIS bill description
HB2473,Criminal Justice,Derived from LIS bill description
HB2475,Transportation,Derived from LIS bill description
HB2478,Elections and Voting,Derived from LIS bill description
HB2479,Elections and Voting,Derived from LIS bill description
HB2480,Transportation,Derived from LIS bill description
HB2481,Labor and Employment,Derived from LIS bill description
HB2482,Business and Commerce,Derived from LIS bill description
HB2483,Courts and Civil Law,Derived from LIS bill description
HB2484,Elections and Voting,Derived from LIS bill description
HB2486,Family and Children,Derived from LIS bill description
HB2487,Taxes and Revenue,Derived from LIS bill description
HB2489,Health and Healthcare,Derived from LIS bill description
HB2492,Transportation,Derived from LIS bill description
HB2492,Courts and Civil Law,Derived from LIS bill description
HB2495,Health and Healthcare,Derived from LIS bill description
HB2495,Public Safety,Derived from LIS bill description
HB2502,Labor and Employment,Derived from LIS bill description
HB2504,Public Safety,Derived from LIS bill description
HB2505,Family and Children,Derived from LIS bill description
HB2506,Energy and Utilities,Derived from LIS bill description
HB2506,Taxes and Revenue,Derived from LIS bill description
HB2508,Education,Derived from LIS bill description
HB2508,Elections and Voting,Derived from LIS bill description
HB2508,Family and Children,Derived from LIS bill description
HB2509,Energy and Utilities,Derived from LIS bill description
HB2513,Elections and Voting,Derived from LIS bill description
HB2514,Taxes and Revenue,Derived from LIS bill description
HB2515,Business and Commerce,Derived from LIS bill description
HB2518,Health and Healthcare,Derived from LIS bill description
HB2519,Taxes and Revenue,Derived from LIS bill description
HB2524,Taxes and Revenue,Derived from LIS bill description
HB2525,Insurance,Derived from LIS bill description
HB2527,Criminal Justice,Derived from LIS bill description
HB2527,Family and Children,Derived from LIS bill description
HB2528,Energy and Utilities,Derived from LIS bill description
HB2531,Health and Healthcare,Derived from LIS bill description
HB2531,Courts and Civil Law,Derived from LIS bill description
HB2532,Public Safety,Derived from LIS bill description
HB2535,Health and Healthcare,Derived from LIS bill description
HB2537,Energy and Utilities,Derived from LIS bill description
HB2538,Education,Derived from LIS bill description
HB2539,Health and Healthcare,Derived from LIS bill description
HB2541,Business and Commerce,Derived from LIS bill description
HB2544,Budget and Appropriations,Derived from LIS bill description
HB2547,Energy and Utilities,Derived from LIS bill description
HB2548,Health and Healthcare,Derived from LIS bill description
HB2549,Taxes and Revenue,Derived from LIS bill description
HB2552,Energy and Utilities,Derived from LIS bill description
HB2554,Technology and Data,Derived from LIS bill description
HB2555,Criminal Justice,Derived from LIS bill description
HB2558,Firearms,Derived from LIS bill description
HB2558,Taxes and Revenue,Derived from LIS bill description
HB2559,Local Government,Derived from LIS bill description
HB2560,Criminal Justice,Derived from LIS bill description
HB2561,Labor and Employment,Derived from LIS bill description
HB2563,Health and Healthcare,Derived from LIS bill description
HB2566,Labor and Employment,Derived from LIS bill description
HB2567,Taxes and Revenue,Derived from LIS bill description
HB2568,Courts and Civil Law,Derived from LIS bill description
HB2569,Criminal Justice,Derived from LIS bill description
HB2573,Health and Healthcare,Derived from LIS bill description
HB2574,Marriage and Domestic Relations,Derived from LIS bill description
HB2575,Labor and Employment,Derived from LIS bill description
HB2575,Taxes and Revenue,Derived from LIS bill description
HB2576,Criminal Justice,Derived from LIS bill description
HB2578,Taxes and Revenue,Derived from LIS bill description
HB2580,Taxes and Revenue,Derived from LIS bill description
HB2582,Taxes and Revenue,Derived from LIS bill description
HB2583,Education,Derived from LIS bill description
HB2584,Education,Derived from LIS bill description
HB2584,Labor and Employment,Derived from LIS bill description
HB2585,Education,Derived from LIS bill description
HB2586,Elections and Voting,Derived from LIS bill description
HB2588,Business and Commerce,Derived from LIS bill description
HB2588,Marriage and Domestic Relations,Derived from LIS bill description
HB2595,Firearms,Derived from LIS bill description
HB2595,Taxes and Revenue,Derived from LIS bill description
HB2595,Business and Commerce,Derived from LIS bill description
HB2598,Education,Derived from LIS bill description
HB2600,Transportation,Derived from LIS bill description
HB2601,Education,Derived from LIS bill description
HB2602,Local Government,Derived from LIS bill description
HB2603,Housing,Derived from LIS bill description
HB2604,Energy and Utilities,Derived from LIS bill description
HB2605,Health and Healthcare,Derived from LIS bill description
HB2606,Education,Derived from LIS bill description
HB2607,Elections and Voting,Derived from LIS bill description
HB2608,Education,Derived from LIS bill description
HB2609,Transportation,Derived from LIS bill description
HB2610,Health and Healthcare,Derived from LIS bill description
HB2611,Insurance,Derived from LIS bill description
HB2613,Family and Children,Derived from LIS bill description
HB2614,Agriculture and Food,Derived from LIS bill description
HB2615,Family and Children,Derived from LIS bill description
HB2616,Health and Healthcare,Derived from LIS bill description
HB2616,Transportation,Derived from LIS bill description
HB2616,Public Safety,Derived from LIS bill description
HB2618,Education,Derived from LIS bill description
HB2618,Environment and Conservation,Derived from LIS bill description
HB2619,Labor and Employment,Derived from LIS bill description
HB2619,Transportation,Derived from LIS bill description
HB2620,Education,Derived from LIS bill description
HB2626,Business and Commerce,Derived from LIS bill description
HB2627,Transportation,Derived from LIS bill description
HB2630,Local Government,Derived from LIS bill description
HB2631,Firearms,Derived from LIS bill description
HB2633,Agriculture and Food,Derived from LIS bill description
HB2635,Energy and Utilities,Derived from LIS bill description
HB2637,Education,Derived from LIS bill description
HB2637,Behavioral Health,Derived from LIS bill description
HB2638,Environment and Conservation,Derived from LIS bill description
HB2639,Education,Derived from LIS bill description
HB2639,Taxes and Revenue,Derived from LIS bill description
HB2641,Housing,Derived from LIS bill description
HB2641,Local Government,Derived from LIS bill description
HB2645,Education,Derived from LIS bill description
HB2646,Taxes and Revenue,Derived from LIS bill description
HB2653,Taxes and Revenue,Derived from LIS bill description
HB2655,Health and Healthcare,Derived from LIS bill description
HB2655,Behavioral Health,Derived from LIS bill description
HB2655,Criminal Justice,Derived from LIS bill description
HB2657,Criminal Justice,Derived from LIS bill description
HB2659,Transportation,Derived from LIS bill description
HB2661,Education,Derived from LIS bill description
HB2662,Health and Healthcare,Derived from LIS bill description
HB2663,Energy and Utilities,Derived from LIS bill description
HB2665,Energy and Utilities,Derived from LIS bill description
HB2666,Criminal Justice,Derived from LIS bill description
HB2666,Local Government,Derived from LIS bill description
HB2667,Taxes and Revenue,Derived from LIS bill description
HB2668,Elections and Voting,Derived from LIS bill description
HB2670,Elections and Voting,Derived from LIS bill description
HB2672,Elections and Voting,Derived from LIS bill description
HB2673,Taxes and Revenue,Derived from LIS bill description
HB2675,Taxes and Revenue,Derived from LIS bill description
HB2676,Energy and Utilities,Derived from LIS bill description
HB2678,Marriage and Domestic Relations,Derived from LIS bill description
HB2679,Education,Derived from LIS bill description
HB2683,Local Government,Derived from LIS bill description
HB2685,Taxes and Revenue,Derived from LIS bill description
HB2685,Business and Commerce,Derived from LIS bill description
HB2687,Labor and Employment,Derived from LIS bill description
HB2688,Labor and Employment,Derived from LIS bill description
HB2689,Marriage and Domestic Relations,Derived from LIS bill description
HB2690,Local Government,Derived from LIS bill description
HB2693,Energy and Utilities,Derived from LIS bill description
HB2694,Criminal Justice,Derived from LIS bill description
HB2694,Family and Children,Derived from LIS bill description
HB2697,Energy and Utilities,Derived from LIS bill description
HB2698,Health and Healthcare,Derived from LIS bill description
HB2700,Taxes and Revenue,Derived from LIS bill description
HB2701,Elections and Voting,Derived from LIS bill description
HB2705,Family and Children,Derived from LIS bill description
HB2707,Taxes and Revenue,Derived from LIS bill description
HB2715,Taxes and Revenue,Derived from LIS bill description
HB2717,Taxes and Revenue,Derived from LIS bill description
HB2719,Behavioral Health,Derived from LIS bill description
HB2719,Firearms,Derived from LIS bill description
HB2720,Education,Derived from LIS bill description
HB2720,Transportation,Derived from LIS bill description
HB2723,Criminal Justice,Derived from LIS bill description
HB2728,Taxes and Revenue,Derived from LIS bill description
HB2730,Criminal Justice,Derived from LIS bill description
HB2733,Education,Derived from LIS bill description
HB2734,Education,Derived from LIS bill description
HB2736,Marriage and Domestic Relations,Derived from LIS bill description
HB2737,Taxes and Revenue,Derived from LIS bill description
HB2738,Behavioral Health,Derived from LIS bill description
HB2738,Insurance,Derived from LIS bill description
HB2740,Environment and Conservation,Derived from LIS bill description
HB2740,Taxes and Revenue,Derived from LIS bill description
HB2741,Business and Commerce,Derived from LIS bill description
HB2742,Health and Healthcare,Derived from LIS bill description
HB2743,Labor and Employment,Derived from LIS bill description
HB2744,Energy and Utilities,Derived from LIS bill description
HB2745,Local Government,Derived from LIS bill description
HB2746,Elections and Voting,Derived from LIS bill description
HB2747,Taxes and Revenue,Derived from LIS bill description
HB2751,Business and Commerce,Derived from LIS bill description
HB2752,Health and Healthcare,Derived from LIS bill description
HB2752,Behavioral Health,Derived from LIS bill description
HB2752,Criminal Justice,Derived from LIS bill description
HB2753,Health and Healthcare,Derived from LIS bill description
HB2754,Health and Healthcare,Derived from LIS bill description
HB2754,Behavioral Health,Derived from LIS bill description
HB2754,Criminal Justice,Derived from LIS bill description
HB2756,Transportation,Derived from LIS bill description
HB2757,Health and Healthcare,Derived from LIS bill description
HB2758,Energy and Utilities,Derived from LIS bill description
HB2759,Education,Derived from LIS bill description
HB2759,Taxes and Revenue,Derived from LIS bill description
HB2761,Health and Healthcare,Derived from LIS bill description
HB2761,Labor and Employment,Derived from LIS bill description
HB2762,Education,Derived from LIS bill description
HB2762,Taxes and Revenue,Derived from LIS bill description
HB2763,Criminal Justice,Derived from LIS bill description
HB2764,Labor and Employment,Derived from LIS bill description
HB2765,Education,Derived from LIS bill description
HB2767,Firearms,Derived from LIS bill description
HB2768,Local Government,Derived from LIS bill description
HB2771,Transportation,Derived from LIS bill description
HB2772,Education,Derived from LIS bill description
HB2773,Health and Healthcare,Derived from LIS bill description
HB2773,Insurance,Derived from LIS bill description
HB2774,Education,Derived from LIS bill description
HB2774,Family and Children,Derived from LIS bill description
HB2776,Business and Commerce,Derived from LIS bill description
HB2777,Education,Derived from LIS bill description
HB2780,Energy and Utilities,Derived from LIS bill description
HB2781,Housing,Derived from LIS bill description
HB2782,Environment and Conservation,Derived from LIS bill description
HJ431,Education,Derived from LIS bill description
HJ432,Education,Derived from LIS bill description
HJ434,Local Government,Derived from LIS bill description
HJ438,Education,Derived from LIS bill description
HJ439,Education,Derived from LIS bill description
HJ440,Education,Derived from LIS bill description
HJ441,Education,Derived from LIS bill description
HJ441,Behavioral Health,Derived from LIS bill description
HJ442,Housing,Derived from LIS bill description
HJ443,Elections and Voting,Derived from LIS bill description
HJ444,Elections and Voting,Derived from LIS bill description
HJ445,Transportation,Derived from LIS bill description
HJ447,Social Services,Derived from LIS bill description
HJ448,Environment and Conservation,Derived from LIS bill description
HJ449,Transportation,Derived from LIS bill description
HJ449,Taxes and Revenue,Derived from LIS bill description
HJ451,Local Government,Derived from LIS bill description
HJ454,Labor and Employment,Derived from LIS bill description
HJ456,Education,Derived from LIS bill description
HJ457,Transportation,Derived from LIS bill description
HJ464,Insurance,Derived from LIS bill description
HJ468,Education,Derived from LIS bill description
HJ468,Higher Education,Derived from LIS bill description
HJ473,Business and Commerce,Derived from LIS bill description
HJ474,Education,Derived from LIS bill description
HJ481,Education,Derived from LIS bill description
HJ482,Education,Derived from LIS bill description
HJ500,Elections and Voting,Derived from LIS bill description
HJ556,Education,Derived from LIS bill description
HJ557,Labor and Employment,Derived from LIS bill description
HJ561,Agriculture and Food,Derived from LIS bill description
HJ589,Education,Derived from LIS bill description
HJ628,Family and Children,Derived from LIS bill description
HJ644,Behavioral Health,Derived from LIS bill description
HJ664,Education,Derived from LIS bill description
HJ665,Education,Derived from LIS bill description
HJ678,Education,Derived from LIS bill description
HJ678,Higher Education,Derived from LIS bill description
HJ692,Education,Derived from LIS bill description
HJ694,Energy and Utilities,Derived from LIS bill description
HJ695,Education,Derived from LIS bill description
HJ725,Education,Derived from LIS bill description
HJ733,Education,Derived from LIS bill description
HJ733,Agriculture and Food,Derived from LIS bill description
HJ734,Education,Derived from LIS bill description
HJ736,Health and Healthcare,Derived from LIS bill description
HJ740,Education,Derived from LIS bill description
HJ756,Education,Derived from LIS bill description
HJ757,Education,Derived from LIS bill description
HR458,Education,Derived from LIS bill description
HR461,Education,Derived from LIS bill description
HR474,Marriage and Domestic Relations,Derived from LIS bill description
HR477,Education,Derived from LIS bill description
HR479,Education,Derived from LIS bill description
HR495,Education,Derived from LIS bill description
HR497,Education,Derived from LIS bill description
HR501,Education,Derived from LIS bill description
HR503,Education,Derived from LIS bill description
HR519,Education,Derived from LIS bill description
HR533,Education,Derived from LIS bill description
HR581,Transportation,Derived from LIS bill description
HR606,Education,Derived from LIS bill description
HR613,Labor and Employment,Derived from LIS bill description
HR614,Business and Commerce,Derived from LIS bill description
HR630,Agriculture and Food,Derived from LIS bill description
HR651,Education,Derived from LIS bill description
HR655,Education,Derived from LIS bill description
HR669,Agriculture and Food,Derived from LIS bill description
HR678,Education,Derived from LIS bill description
HR705,Environment and Conservation,Derived from LIS bill description
HR707,Agriculture and Food,Derived from LIS bill description
HR732,Education,Derived from LIS bill description
HR734,Education,Derived from LIS bill description
HR743,Education,Derived from LIS bill description
HR743,Agriculture and Food,Derived from LIS bill description
HR744,Education,Derived from LIS bill description
HR744,Agriculture and Food,Derived from LIS bill description
HR745,Education,Derived from LIS bill description
HR745,Agriculture and Food,Derived from LIS bill description
HR767,Agriculture and Food,Derived from LIS bill description
HR795,Education,Derived from LIS bill description
HR804,Marriage and Domestic Relations,Derived from LIS bill description
HR842,Agriculture and Food,Derived from LIS bill description
HR850,Education,Derived from LIS bill description
HR850,Environment and Conservation,Derived from LIS bill description
HR857,Education,Derived from LIS bill description
HR871,Education,Derived from LIS bill description
SB738,Education,Derived from LIS bill description
SB739,Health and Healthcare,Derived from LIS bill description
SB740,Education,Derived from LIS bill description
SB743,Health and Healthcare,Derived from LIS bill description
SB743,Criminal Justice,Derived from LIS bill description
SB744,Firearms,Derived from LIS bill description
SB745,Health and Healthcare,Derived from LIS bill description
SB746,Criminal Justice,Derived from LIS bill description
SB747,Marriage and Domestic Relations,Derived from LIS bill description
SB749,Education,Derived from LIS bill description
SB749,Higher Education,Derived from LIS bill description
SB750,Transportation,Derived from LIS bill description
SB750,Family and Children,Derived from LIS bill description
SB752,Education,Derived from LIS bill description
SB754,Business and Commerce,Derived from LIS bill description
SB755,Labor and Employment,Derived from LIS bill description
SB756,Education,Derived from LIS bill description
SB758,Health and Healthcare,Derived from LIS bill description
SB759,Labor and Employment,Derived from LIS bill description
SB760,Elections and Voting,Derived from LIS bill description
SB763,Taxes and Revenue,Derived from LIS bill description
SB764,Elections and Voting,Derived from LIS bill description
SB765,Elections and Voting,Derived from LIS bill description
SB767,Education,Derived from LIS bill description
SB768,Education,Derived from LIS bill description
SB768,Behavioral Health,Derived from LIS bill description
SB770,Criminal Justice,Derived from LIS bill description
SB772,Social Services,Derived from LIS bill description
SB773,Family and Children,Derived from LIS bill description
SB775,Criminal Justice,Derived from LIS bill description
SB775,Elections and Voting,Derived from LIS bill description
SB776,Transportation,Derived from LIS bill description
SB776,Public Safety,Derived from LIS bill description
SB777,Energy and Utilities,Derived from LIS bill description
SB779,Transportation,Derived from LIS bill description
SB780,Insurance,Derived from LIS bill description
SB781,Public Safety,Derived from LIS bill description
SB782,Taxes and Revenue,Derived from LIS bill description
SB783,Family and Children,Derived from LIS bill description
SB784,Education,Derived from LIS bill description
SB788,Labor and Employment,Derived from LIS bill description
SB789,Taxes and Revenue,Derived from LIS bill description
SB790,Behavioral Health,Derived from LIS bill description
SB791,Health and Healthcare,Derived from LIS bill description
SB795,Transportation,Derived from LIS bill description
SB798,Business and Commerce,Derived from LIS bill description
SB800,Budget and Appropriations,Derived from LIS bill description
SB801,Family and Children,Derived from LIS bill description
SB802,Criminal Justice,Derived from LIS bill description
SB803,Labor and Employment,Derived from LIS bill description
SB804,Criminal Justice,Derived from LIS bill description
SB805,Family and Children,Derived from LIS bill description
SB806,Environment and Conservation,Derived from LIS bill description
SB809,Local Government,Derived from LIS bill description
SB810,Taxes and Revenue,Derived from LIS bill description
SB812,Housing,Derived from LIS bill description
SB813,Elections and Voting,Derived from LIS bill description
SB814,Elections and Voting,Derived from LIS bill description
SB815,Housing,Derived from LIS bill description
SB816,Taxes and Revenue,Derived from LIS bill description
SB818,Family and Children,Derived from LIS bill description
SB821,Health and Healthcare,Derived from LIS bill description
SB822,Education,Derived from LIS bill description
SB823,Energy and Utilities,Derived from LIS bill description
SB827,Technology and Data,Derived from LIS bill description
SB828,Taxes and Revenue,Derived from LIS bill description
SB829,Education,Derived from LIS bill description
SB830,Housing,Derived from LIS bill description
SB837,Firearms,Derived from LIS bill description
SB839,Business and Commerce,Derived from LIS bill description
SB840,Labor and Employment,Derived from LIS bill description
SB841,Behavioral Health,Derived from LIS bill description
SB843,Health and Healthcare,Derived from LIS bill description
SB844,Criminal Justice,Derived from LIS bill description
SB844,Family and Children,Derived from LIS bill description
SB845,Taxes and Revenue,Derived from LIS bill description
SB846,Family and Children,Derived from LIS bill description
SB847,Transportation,Derived from LIS bill description
SB847,Criminal Justice,Derived from LIS bill description
SB848,Firearms,Derived from LIS bill description
SB849,Firearms,Derived from LIS bill description
SB853,Labor and Employment,Derived from LIS bill description
SB854,Family and Children,Derived from LIS bill description
SB855,Education,Derived from LIS bill description
SB856,Elections and Voting,Derived from LIS bill description
SB859,Education,Derived from LIS bill description
SB860,Labor and Employment,Derived from LIS bill description
SB860,Public Safety,Derived from LIS bill description
SB865,Taxes and Revenue,Derived from LIS bill description
SB870,Health and Healthcare,Derived from LIS bill description
SB870,Behavioral Health,Derived from LIS bill description
SB870,Criminal Justice,Derived from LIS bill description
SB871,Taxes and Revenue,Derived from LIS bill description
SB874,Taxes and Revenue,Derived from LIS bill description
SB875,Health and Healthcare,Derived from LIS bill description
SB879,Education,Derived from LIS bill description
SB880,Firearms,Derived from LIS bill description
SB881,Firearms,Derived from LIS bill description
SB883,Firearms,Derived from LIS bill description
SB884,Housing,Derived from LIS bill description
SB885,Behavioral Health,Derived from LIS bill description
SB890,Agriculture and Food,Derived from LIS bill description
SB891,Firearms,Derived from LIS bill description
SB892,Health and Healthcare,Derived from LIS bill description
SB893,Energy and Utilities,Derived from LIS bill description
SB894,Labor and Employment,Derived from LIS bill description
SB894,Courts and Civil Law,Derived from LIS bill description
SB895,Taxes and Revenue,Derived from LIS bill description
SB896,Criminal Justice,Derived from LIS bill description
SB896,Courts and Civil Law,Derived from LIS bill description
SB897,Labor and Employment,Derived from LIS bill description
SB898,Education,Derived from LIS bill description
SB898,Labor and Employment,Derived from LIS bill description
SB899,Local Government,Derived from LIS bill description
SB900,Taxes and Revenue,Derived from LIS bill description
SB902,Energy and Utilities,Derived from LIS bill description
SB903,Business and Commerce,Derived from LIS bill description
SB904,Health and Healthcare,Derived from LIS bill description
SB905,Education,Derived from LIS bill description
SB905,Technology and Data,Derived from LIS bill description
SB908,Education,Derived from LIS bill description
SB913,Labor and Employment,Derived from LIS bill description
SB913,Business and Commerce,Derived from LIS bill description
SB914,Criminal Justice,Derived from LIS bill description
SB915,Education,Derived from LIS bill description
SB917,Labor and Employment,Derived from LIS bill description
SB918,Transportation,Derived from LIS bill description
SB919,Labor and Employment,Derived from LIS bill description
SB919,Transportation,Derived from LIS bill description
SB920,Labor and Employment,Derived from LIS bill description
SB925,Insurance,Derived from LIS bill description
SB926,Public Safety,Derived from LIS bill description
SB928,Environment and Conservation,Derived from LIS bill description
SB930,Environment and Conservation,Derived from LIS bill description
SB934,Public Safety,Derived from LIS bill description
SB935,Elections and Voting,Derived from LIS bill description
SB936,Criminal Justice,Derived from LIS bill description
SB938,Criminal Justice,Derived from LIS bill description
SB938,Firearms,Derived from LIS bill description
SB940,Elections and Voting,Derived from LIS bill description
SB941,Firearms,Derived from LIS bill description
SB942,Taxes and Revenue,Derived from LIS bill description
SB943,Labor and Employment,Derived from LIS bill description
SB943,Taxes and Revenue,Derived from LIS bill description
SB945,Elections and Voting,Derived from LIS bill description
SB946,Public Safety,Derived from LIS bill description
SB947,Transportation,Derived from LIS bill description
SB947,Criminal Justice,Derived from LIS bill description
SB951,Taxes and Revenue,Derived from LIS bill description
SB952,Public Safety,Derived from LIS bill description
SB953,Health and Healthcare,Derived from LIS bill description
SB954,Health and Healthcare,Derived from LIS bill description
SB956,Criminal Justice,Derived from LIS bill description
SB958,Environment and Conservation,Derived from LIS bill description
SB960,Energy and Utilities,Derived from LIS bill description
SB961,Education,Derived from LIS bill description
SB962,Business and Commerce,Derived from LIS bill description
SB966,Criminal Justice,Derived from LIS bill description
SB967,Labor and Employment,Derived from LIS bill description
SB968,Education,Derived from LIS bill description
SB971,Labor and Employment,Derived from LIS bill description
SB971,Taxes and Revenue,Derived from LIS bill description
SB975,Housing,Derived from LIS bill description
SB975,Local Government,Derived from LIS bill description
SB979,Education,Derived from LIS bill description
SB982,Local Government,Derived from LIS bill description
SB983,Taxes and Revenue,Derived from LIS bill description
SB986,Criminal Justice,Derived from LIS bill description
SB988,Elections and Voting,Derived from LIS bill description
SB991,Elections and Voting,Derived from LIS bill description
SB994,Elections and Voting,Derived from LIS bill description
SB998,Labor and Employment,Derived from LIS bill description
SB1000,Agriculture and Food,Derived from LIS bill description
SB1001,Energy and Utilities,Derived from LIS bill description
SB1001,Taxes and Revenue,Derived from LIS bill description
SB1002,Elections and Voting,Derived from LIS bill description
SB1003,Education,Derived from LIS bill description
SB1005,Health and Healthcare,Derived from LIS bill description
SB1006,Transportation,Derived from LIS bill description
SB1007,Transportation,Derived from LIS bill description
SB1009,Elections and Voting,Derived from LIS bill description
SB1012,Transportation,Derived from LIS bill description
SB1016,Social Services,Derived from LIS bill description
SB1017,Education,Derived from LIS bill description
SB1021,Energy and Utilities,Derived from LIS bill description
SB1024,Transportation,Derived from LIS bill description
SB1025,Firearms,Derived from LIS bill description
SB1026,Business and Commerce,Derived from LIS bill description
SB1026,Family and Children,Derived from LIS bill description
SB1027,Criminal Justice,Derived from LIS bill description
SB1027,Firearms,Derived from LIS bill description
SB1030,Education,Derived from LIS bill description
SB1032,Education,Derived from LIS bill description
SB1033,Education,Derived from LIS bill description
SB1034,Education,Derived from LIS bill description
SB1035,Behavioral Health,Derived from LIS bill description
SB1036,Education,Derived from LIS bill description
SB1036,Labor and Employment,Derived from LIS bill description
SB1037,Education,Derived from LIS bill description
SB1037,Behavioral Health,Derived from LIS bill description
SB1038,Health and Healthcare,Derived from LIS bill description
SB1039,Criminal Justice,Derived from LIS bill description
SB1039,State Government,Derived from LIS bill description
SB1040,Energy and Utilities,Derived from LIS bill description
SB1041,Health and Healthcare,Derived from LIS bill description
SB1043,Housing,Derived from LIS bill description
SB1044,Elections and Voting,Derived from LIS bill description
SB1044,Local Government,Derived from LIS bill description
SB1047,Energy and Utilities,Derived from LIS bill description
SB1048,Education,Derived from LIS bill description
SB1048,Firearms,Derived from LIS bill description
SB1048,Family and Children,Derived from LIS bill description
SB1049,Energy and Utilities,Derived from LIS bill description
SB1050,Elections and Voting,Derived from LIS bill description
SB1050,Business and Commerce,Derived from LIS bill description
SB1052,Labor and Employment,Derived from LIS bill description
SB1055,Local Government,Derived from LIS bill description
SB1057,Labor and Employment,Derived from LIS bill description
SB1062,State Government,Derived from LIS bill description
SB1064,Health and Healthcare,Derived from LIS bill description
SB1066,Education,Derived from LIS bill description
SB1070,Elections and Voting,Derived from LIS bill description
SB1071,Criminal Justice,Derived from LIS bill description
SB1072,Elections and Voting,Derived from LIS bill description
SB1073,Elections and Voting,Derived from LIS bill description
SB1077,Energy and Utilities,Derived from LIS bill description
SB1078,Health and Healthcare,Derived from LIS bill description
SB1078,Insurance,Derived from LIS bill description
SB1080,Criminal Justice,Derived from LIS bill description
SB1082,Transportation,Derived from LIS bill description
SB1082,Taxes and Revenue,Derived from LIS bill description
SB1085,Education,Derived from LIS bill description
SB1085,Taxes and Revenue,Derived from LIS bill description
SB1091,Energy and Utilities,Derived from LIS bill description
SB1094,Behavioral Health,Derived from LIS bill description
SB1097,Transportation,Derived from LIS bill description
SB1098,Health and Healthcare,Derived from LIS bill description
SB1099,Labor and Employment,Derived from LIS bill description
SB1099,Energy and Utilities,Derived from LIS bill description
SB1100,Energy and Utilities,Derived from LIS bill description
SB1102,Education,Derived from LIS bill description
SB1103,Labor and Employment,Derived from LIS bill description
SB1104,Education,Derived from LIS bill description
SB1106,Education,Derived from LIS bill description
SB1107,Labor and Employment,Derived from LIS bill description
SB1108,Criminal Justice,Derived from LIS bill description
SB1108,Family and Children,Derived from LIS bill description
SB1109,Firearms,Derived from LIS bill description
SB1110,Health and Healthcare,Derived from LIS bill description
SB1110,Behavioral Health,Derived from LIS bill description
SB1110,Firearms,Derived from LIS bill description
SB1111,Education,Derived from LIS bill description
SB1112,Labor and Employment,Derived from LIS bill description
SB1113,Taxes and Revenue,Derived from LIS bill description
SB1114,Energy and Utilities,Derived from LIS bill description
SB1115,Courts and Civil Law,Derived from LIS bill description
SB1117,Taxes and Revenue,Derived from LIS bill description
SB1118,Local Government,Derived from LIS bill description
SB1119,Elections and Voting,Derived from LIS bill description
SB1122,Health and Healthcare,Derived from LIS bill description
SB1122,Courts and Civil Law,Derived from LIS bill description
SB1124,Education,Derived from LIS bill description
SB1125,Environment and Conservation,Derived from LIS bill description
SB1126,Education,Derived from LIS bill description
SB1128,Housing,Derived from LIS bill description
SB1128,Criminal Justice,Derived from LIS bill description
SB1130,Education,Derived from LIS bill description
SB1130,Behavioral Health,Derived from LIS bill description
SB1131,Transportation,Derived from LIS bill description
SB1132,Labor and Employment,Derived from LIS bill description
SB1134,Firearms,Derived from LIS bill description
SB1134,Family and Children,Derived from LIS bill description
SB1139,Labor and Employment,Derived from LIS bill description
SB1143,Family and Children,Derived from LIS bill description
SB1144,Transportation,Derived from LIS bill description
SB1148,Criminal Justice,Derived from LIS bill description
SB1149,Education,Derived from LIS bill description
SB1152,Health and Healthcare,Derived from LIS bill description
SB1152,Courts and Civil Law,Derived from LIS bill description
SB1152,Insurance,Derived from LIS bill description
SB1153,Social Services,Derived from LIS bill description
SB1155,Criminal Justice,Derived from LIS bill description
SB1157,Criminal Justice,Derived from LIS bill description
SB1157,Family and Children,Derived from LIS bill description
SB1159,Transportation,Derived from LIS bill description
SB1159,Insurance,Derived from LIS bill description
SB1160,Energy and Utilities,Derived from LIS bill description
SB1161,Technology and Data,Derived from LIS bill description
SB1164,Health and Healthcare,Derived from LIS bill description
SB1165,Energy and Utilities,Derived from LIS bill description
SB1165,Environment and Conservation,Derived from LIS bill description
SB1167,Transportation,Derived from LIS bill description
SB1168,Insurance,Derived from LIS bill description
SB1170,Technology and Data,Derived from LIS bill description
SB1174,Elections and Voting,Derived from LIS bill description
SB1175,Elections and Voting,Derived from LIS bill description
SB1177,Health and Healthcare,Derived from LIS bill description
SB1178,Housing,Derived from LIS bill description
SB1179,Taxes and Revenue,Derived from LIS bill description
SB1180,Labor and Employment,Derived from LIS bill description
SB1181,Firearms,Derived from LIS bill description
SB1182,Firearms,Derived from LIS bill description
SB1185,Elections and Voting,Derived from LIS bill description
SB1186,Insurance,Derived from LIS bill description
SB1190,Energy and Utilities,Derived from LIS bill description
SB1191,Criminal Justice,Derived from LIS bill description
SB1192,Energy and Utilities,Derived from LIS bill description
SB1193,Criminal Justice,Derived from LIS bill description
SB1194,Public Safety,Derived from LIS bill description
SB1196,Taxes and Revenue,Derived from LIS bill description
SB1198,Environment and Conservation,Derived from LIS bill description
SB1200,Criminal Justice,Derived from LIS bill description
SB1201,Environment and Conservation,Derived from LIS bill description
SB1204,Education,Derived from LIS bill description
SB1204,Environment and Conservation,Derived from LIS bill description
SB1205,Transportation,Derived from LIS bill description
SB1210,Housing,Derived from LIS bill description
SB1211,Criminal Justice,Derived from LIS bill description
SB1212,Business and Commerce,Derived from LIS bill description
SB1214,Technology and Data,Derived from LIS bill description
SB1215,Health and Healthcare,Derived from LIS bill description
SB1215,Insurance,Derived from LIS bill description
SB1216,Energy and Utilities,Derived from LIS bill description
SB1218,Labor and Employment,Derived from LIS bill description
SB1220,Firearms,Derived from LIS bill description
SB1221,Housing,Derived from LIS bill description
SB1223,Local Government,Derived from LIS bill description
SB1224,Environment and Conservation,Derived from LIS bill description
SB1228,Labor and Employment,Derived from LIS bill description
SB1228,Family and Children,Derived from LIS bill description
SB1229,Education,Derived from LIS bill description
SB1230,Education,Derived from LIS bill description
SB1236,Education,Derived from LIS bill description
SB1237,Health and Healthcare,Derived from LIS bill description
SB1238,Insurance,Derived from LIS bill description
SB1239,Energy and Utilities,Derived from LIS bill description
SB1239,Technology and Data,Derived from LIS bill description
SB1240,Family and Children,Derived from LIS bill description
SB1243,Energy and Utilities,Derived from LIS bill description
SB1244,Education,Derived from LIS bill description
SB1244,Labor and Employment,Derived from LIS bill description
SB1244,Family and Children,Derived from LIS bill description
SB1245,Health and Healthcare,Derived from LIS bill description
SB1248,Local Government,Derived from LIS bill description
SB1249,Criminal Justice,Derived from LIS bill description
SB1250,Transportation,Derived from LIS bill description
SB1250,Courts and Civil Law,Derived from LIS bill description
SB1254,Environment and Conservation,Derived from LIS bill description
SB1257,Education,Derived from LIS bill description
SB1257,Behavioral Health,Derived from LIS bill description
SB1258,Family and Children,Derived from LIS bill description
SB1260,Health and Healthcare,Derived from LIS bill description
SB1264,Education,Derived from LIS bill description
SB1269,Taxes and Revenue,Derived from LIS bill description
SB1269,Insurance,Derived from LIS bill description
SB1276,Labor and Employment,Derived from LIS bill description
SB1276,Taxes and Revenue,Derived from LIS bill description
SB1277,Family and Children,Derived from LIS bill description
SB1279,Health and Healthcare,Derived from LIS bill description
SB1281,Energy and Utilities,Derived from LIS bill description
SB1282,Local Government,Derived from LIS bill description
SB1283,Criminal Justice,Derived from LIS bill description
SB1285,Energy and Utilities,Derived from LIS bill description
SB1288,Transportation,Derived from LIS bill description
SB1290,Insurance,Derived from LIS bill description
SB1293,Education,Derived from LIS bill description
SB1293,Labor and Employment,Derived from LIS bill description
SB1294,Health and Healthcare,Derived from LIS bill description
SB1294,Transportation,Derived from LIS bill description
SB1294,Public Safety,Derived from LIS bill description
SB1297,Criminal Justice,Derived from LIS bill description
SB1299,Labor and Employment,Derived from LIS bill description
SB1301,Labor and Employment,Derived from LIS bill description
SB1301,Public Safety,Derived from LIS bill description
SB1303,Education,Derived from LIS bill description
SB1303,Health and Healthcare,Derived from LIS bill description
SB1305,Taxes and Revenue,Derived from LIS bill description
SB1306,Taxes and Revenue,Derived from LIS bill description
SB1307,Taxes and Revenue,Derived from LIS bill description
SB1308,Transportation,Derived from LIS bill description
SB1310,Education,Derived from LIS bill description
SB1311,Health and Healthcare,Derived from LIS bill description
SB1311,Insurance,Derived from LIS bill description
SB1312,Taxes and Revenue,Derived from LIS bill description
SB1312,Local Government,Derived from LIS bill description
SB1313,Housing,Derived from LIS bill description
SB1314,Insurance,Derived from LIS bill description
SB1315,Local Government,Derived from LIS bill description
SB1316,Energy and Utilities,Derived from LIS bill description
SB1317,Transportation,Derived from LIS bill description
SB1318,Health and Healthcare,Derived from LIS bill description
SB1320,Family and Children,Derived from LIS bill description
SB1321,Taxes and Revenue,Derived from LIS bill description
SB1322,Business and Commerce,Derived from LIS bill description
SB1323,Business and Commerce,Derived from LIS bill description
SB1324,Health and Healthcare,Derived from LIS bill description
SB1328,Health and Healthcare,Derived from LIS bill description
SB1328,Labor and Employment,Derived from LIS bill description
SB1329,Firearms,Derived from LIS bill description
SB1331,Marriage and Domestic Relations,Derived from LIS bill description
SB1334,Criminal Justice,Derived from LIS bill description
SB1334,Marriage and Domestic Relations,Derived from LIS bill description
SB1336,Energy and Utilities,Derived from LIS bill description
SB1338,Energy and Utilities,Derived from LIS bill description
SB1341,Environment and Conservation,Derived from LIS bill description
SB1342,Energy and Utilities,Derived from LIS bill description
SB1345,Courts and Civil Law,Derived from LIS bill description
SB1345,Business and Commerce,Derived from LIS bill description
SB1345,Family and Children,Derived from LIS bill description
SB1348,Transportation,Derived from LIS bill description
SB1349,Local Government,Derived from LIS bill description
SB1351,Housing,Derived from LIS bill description
SB1352,Health and Healthcare,Derived from LIS bill description
SB1353,Energy and Utilities,Derived from LIS bill description
SB1354,Health and Healthcare,Derived from LIS bill description
SB1357,Local Government,Derived from LIS bill description
SB1359,Health and Healthcare,Derived from LIS bill description
SB1362,Criminal Justice,Derived from LIS bill description
SB1365,Local Government,Derived from LIS bill description
SB1366,Health and Healthcare,Derived from LIS bill description
SB1367,Criminal Justice,Derived from LIS bill description
SB1368,Firearms,Derived from LIS bill description
SB1372,Family and Children,Derived from LIS bill description
SB1372,Social Services,Derived from LIS bill description
SB1373,Energy and Utilities,Derived from LIS bill description
SB1374,Public Safety,Derived from LIS bill description
SB1376,Business and Commerce,Derived from LIS bill description
SB1377,Education,Derived from LIS bill description
SB1377,Behavioral Health,Derived from LIS bill description
SB1378,Taxes and Revenue,Derived from LIS bill description
SB1381,Education,Derived from LIS bill description
SB1381,Behavioral Health,Derived from LIS bill description
SB1383,Health and Healthcare,Derived from LIS bill description
SB1388,Labor and Employment,Derived from LIS bill description
SB1389,Firearms,Derived from LIS bill description
SB1389,Taxes and Revenue,Derived from LIS bill description
SB1389,Business and Commerce,Derived from LIS bill description
SB1390,Education,Derived from LIS bill description
SB1391,Education,Derived from LIS bill description
SB1394,Energy and Utilities,Derived from LIS bill description
SB1397,Transportation,Derived from LIS bill description
SB1397,Firearms,Derived from LIS bill description
SB1398,Public Safety,Derived from LIS bill description
SB1400,Housing,Derived from LIS bill description
SB1401,Health and Healthcare,Derived from LIS bill description
SB1401,Public Safety,Derived from LIS bill description
SB1403,Energy and Utilities,Derived from LIS bill description
SB1404,Education,Derived from LIS bill description
SB1404,Elections and Voting,Derived from LIS bill description
SB1406,Family and Children,Derived from LIS bill description
SB1411,Public Safety,Derived from LIS bill description
SB1412,Business and Commerce,Derived from LIS bill description
SB1413,Education,Derived from LIS bill description
SB1413,Environment and Conservation,Derived from LIS bill description
SB1414,Labor and Employment,Derived from LIS bill description
SB1414,Family and Children,Derived from LIS bill description
SB1414,Social Services,Derived from LIS bill description
SB1415,Business and Commerce,Derived from LIS bill description
SB1416,Transportation,Derived from LIS bill description
SB1418,Health and Healthcare,Derived from LIS bill description
SB1421,Courts and Civil Law,Derived from LIS bill description
SB1423,Taxes and Revenue,Derived from LIS bill description
SB1425,Taxes and Revenue,Derived from LIS bill description
SB1426,Taxes and Revenue,Derived from LIS bill description
SB1427,Education,Derived from LIS bill description
SB1430,Labor and Employment,Derived from LIS bill description
SB1433,Taxes and Revenue,Derived from LIS bill description
SB1434,Energy and Utilities,Derived from LIS bill description
SB1434,Local Government,Derived from LIS bill description
SB1435,Business and Commerce,Derived from LIS bill description
SB1435,Local Government,Derived from LIS bill description
SB1436,Insurance,Derived from LIS bill description
SB1439,Health and Healthcare,Derived from LIS bill description
SB1439,Behavioral Health,Derived from LIS bill description
SB1440,Technology and Data,Derived from LIS bill description
SB1442,Public Safety,Derived from LIS bill description
SB1443,Taxes and Revenue,Derived from LIS bill description
SB1445,Transportation,Derived from LIS bill description
SB1447,Insurance,Derived from LIS bill description
SB1449,Energy and Utilities,Derived from LIS bill description
SB1450,Courts and Civil Law,Derived from LIS bill description
SB1450,Firearms,Derived from LIS bill description
SB1451,Health and Healthcare,Derived from LIS bill description
SB1451,Transportation,Derived from LIS bill description
SB1454,Elections and Voting,Derived from LIS bill description
SB1456,Taxes and Revenue,Derived from LIS bill description
SB1459,Public Safety,Derived from LIS bill description
SB1461,Health and Healthcare,Derived from LIS bill description
SB1462,Education,Derived from LIS bill description
SB1464,Environment and Conservation,Derived from LIS bill description
SB1464,Taxes and Revenue,Derived from LIS bill description
SB1465,Criminal Justice,Derived from LIS bill description
SB1466,Criminal Justice,Derived from LIS bill description
SB1469,Elections and Voting,Derived from LIS bill description
SB1472,Taxes and Revenue,Derived from LIS bill description
SB1476,Local Government,Derived from LIS bill description
SB1479,Public Safety,Derived from LIS bill description
SB1480,Labor and Employment,Derived from LIS bill description
SB1481,Education,Derived from LIS bill description
SB1481,Higher Education,Derived from LIS bill description
SB1484,Health and Healthcare,Derived from LIS bill description
SB1485,Energy and Utilities,Derived from LIS bill description
SB1486,Education,Derived from LIS bill description
SB1488,Taxes and Revenue,Derived from LIS bill description
SB1489,Labor and Employment,Derived from LIS bill description
SB1489,Local Government,Derived from LIS bill description
SB1490,Energy and Utilities,Derived from LIS bill description
SB1491,Education,Derived from LIS bill description
SB1491,Higher Education,Derived from LIS bill description
SB1495,Environment and Conservation,Derived from LIS bill description
SJ248,Elections and Voting,Derived from LIS bill description
SJ249,Marriage and Domestic Relations,Derived from LIS bill description
SJ251,Education,Derived from LIS bill description
SJ252,Transportation,Derived from LIS bill description
SJ253,Elections and Voting,Derived from LIS bill description
SJ255,Elections and Voting,Derived from LIS bill description
SJ256,Education,Derived from LIS bill description
SJ260,Transportation,Derived from LIS bill description
SJ261,Education,Derived from LIS bill description
SJ293,Criminal Justice,Derived from LIS bill description
SJ294,Family and Children,Derived from LIS bill description
SJ311,Education,Derived from LIS bill description
SJ348,Education,Derived from LIS bill description
SJ350,Education,Derived from LIS bill description
SJ351,Education,Derived from LIS bill description
SJ369,Family and Children,Derived from LIS bill description
SJ376,Agriculture and Food,Derived from LIS bill description
SJ382,Family and Children,Derived from LIS bill description
SJ388,Family and Children,Derived from LIS bill description
SJ399,Education,Derived from LIS bill description
SJ400,Education,Derived from LIS bill description
SJ401,Education,Derived from LIS bill description
SJ402,Education,Derived from LIS bill description
SJ404,Education,Derived from LIS bill description
SJ410,Business and Commerce,Derived from LIS bill description
SJ423,Education,Derived from LIS bill description
SJ432,Education,Derived from LIS bill description
SJ435,Education,Derived from LIS bill description
SJ441,Business and Commerce,Derived from LIS bill description
SJ446,Education,Derived from LIS bill description
SR197,Education,Derived from LIS bill description
SR207,Marriage and Domestic Relations,Derived from LIS bill description
SR220,Transportation,Derived from LIS bill description
SR225,Education,Derived from LIS bill description
SR225,Behavioral Health,Derived from LIS bill description
SR256,Education,Derived from LIS bill description
SR259,Business and Commerce,Derived from LIS bill description
SR280,Education,Derived from LIS bill description
SR292,Marriage and Domestic Relations,Derived from LIS bill description
SR312,Agriculture and Food,Derived from LIS bill description
SR324,Education,Derived from LIS bill description
SR328,Education,Derived from LIS bill description
SR328,Higher Education,Derived from LIS bill description
HB1554,Unclassified,Unclassified
HB1557,Unclassified,Unclassified
HB1558,Unclassified,Unclassified
HB1563,Unclassified,Unclassified
HB1564,Unclassified,Unclassified
HB1565,Unclassified,Unclassified
HB1567,Unclassified,Unclassified
HB1568,Unclassified,Unclassified
HB1571,Unclassified,Unclassified
HB1572,Unclassified,Unclassified
HB1575,Unclassified,Unclassified
HB1576,Unclassified,Unclassified
HB1586,Unclassified,Unclassified
HB1587,Unclassified,Unclassified
HB1598,Unclassified,Unclassified
HB1599,Unclassified,Unclassified
HB1605,Unclassified,Unclassified
HB1606,Unclassified,Unclassified
HB1610,Unclassified,Unclassified
HB1611,Unclassified,Unclassified
HB1617,Unclassified,Unclassified
HB1618,Unclassified,Unclassified
HB1619,Unclassified,Unclassified
HB1628,Unclassified,Unclassified
HB1630,Unclassified,Unclassified
HB1632,Unclassified,Unclassified
HB1634,Unclassified,Unclassified
HB1640,Unclassified,Unclassified
HB1644,Unclassified,Unclassified
HB1646,Unclassified,Unclassified
HB1647,Unclassified,Unclassified
HB1648,Unclassified,Unclassified
HB1650,Unclassified,Unclassified
HB1653,Unclassified,Unclassified
HB1654,Unclassified,Unclassified
HB1656,Unclassified,Unclassified
HB1658,Unclassified,Unclassified
HB1659,Unclassified,Unclassified
HB1660,Unclassified,Unclassified
HB1661,Unclassified,Unclassified
HB1662,Unclassified,Unclassified
HB1666,Unclassified,Unclassified
HB1671,Unclassified,Unclassified
HB1673,Unclassified,Unclassified
HB1676,Unclassified,Unclassified
HB1677,Unclassified,Unclassified
HB1680,Unclassified,Unclassified
HB1681,Unclassified,Unclassified
HB1684,Unclassified,Unclassified
HB1687,Unclassified,Unclassified
HB1688,Unclassified,Unclassified
HB1690,Unclassified,Unclassified
HB1693,Unclassified,Unclassified
HB1695,Unclassified,Unclassified
HB1696,Unclassified,Unclassified
HB1697,Unclassified,Unclassified
HB1699,Unclassified,Unclassified
HB1702,Unclassified,Unclassified
HB1703,Unclassified,Unclassified
HB1704,Unclassified,Unclassified
HB1705,Unclassified,Unclassified
HB1707,Unclassified,Unclassified
HB1708,Unclassified,Unclassified
HB1711,Unclassified,Unclassified
HB1712,Unclassified,Unclassified
HB1714,Unclassified,Unclassified
HB1715,Unclassified,Unclassified
HB1716,Unclassified,Unclassified
HB1721,Unclassified,Unclassified
HB1722,Unclassified,Unclassified
HB1724,Unclassified,Unclassified
HB1726,Unclassified,Unclassified
HB1727,Unclassified,Unclassified
HB1728,Unclassified,Unclassified
HB1732,Unclassified,Unclassified
HB1734,Unclassified,Unclassified
HB1737,Unclassified,Unclassified
HB1738,Unclassified,Unclassified
HB1739,Unclassified,Unclassified
HB1740,Unclassified,Unclassified
HB1742,Unclassified,Unclassified
HB1748,Unclassified,Unclassified
HB1756,Unclassified,Unclassified
HB1757,Unclassified,Unclassified
HB1759,Unclassified,Unclassified
HB1761,Unclassified,Unclassified
HB1762,Unclassified,Unclassified
HB1763,Unclassified,Unclassified
HB1764,Unclassified,Unclassified
HB1766,Unclassified,Unclassified
HB1767,Unclassified,Unclassified
HB1768,Unclassified,Unclassified
HB1769,Unclassified,Unclassified
HB1770,Unclassified,Unclassified
HB1772,Unclassified,Unclassified
HB1774,Unclassified,Unclassified
HB1776,Unclassified,Unclassified
HB1778,Unclassified,Unclassified
HB1780,Unclassified,Unclassified
HB1781,Unclassified,Unclassified
HB1782,Unclassified,Unclassified
HB1785,Unclassified,Unclassified
HB1786,Unclassified,Unclassified
HB1787,Unclassified,Unclassified
HB1791,Unclassified,Unclassified
HB1793,Unclassified,Unclassified
HB1799,Unclassified,Unclassified
HB1800,Unclassified,Unclassified
HB1801,Unclassified,Unclassified
HB1802,Unclassified,Unclassified
HB1803,Unclassified,Unclassified
HB1805,Unclassified,Unclassified
HB1807,Unclassified,Unclassified
HB1810,Unclassified,Unclassified
HB1812,Unclassified,Unclassified
HB1814,Unclassified,Unclassified
HB1815,Unclassified,Unclassified
HB1823,Unclassified,Unclassified
HB1826,Unclassified,Unclassified
HB1827,Unclassified,Unclassified
HB1832,Unclassified,Unclassified
HB1833,Unclassified,Unclassified
HB1834,Unclassified,Unclassified
HB1835,Unclassified,Unclassified
HB1836,Unclassified,Unclassified
HB1838,Unclassified,Unclassified
HB1839,Unclassified,Unclassified
HB1842,Unclassified,Unclassified
HB1843,Unclassified,Unclassified
HB1844,Unclassified,Unclassified
HB1847,Unclassified,Unclassified
HB1848,Unclassified,Unclassified
HB1849,Unclassified,Unclassified
HB1852,Unclassified,Unclassified
HB1853,Unclassified,Unclassified
HB1854,Unclassified,Unclassified
HB1857,Unclassified,Unclassified
HB1859,Unclassified,Unclassified
HB1861,Unclassified,Unclassified
HB1864,Unclassified,Unclassified
HB1865,Unclassified,Unclassified
HB1871,Unclassified,Unclassified
HB1873,Unclassified,Unclassified
HB1879,Unclassified,Unclassified
HB1882,Unclassified,Unclassified
HB1884,Unclassified,Unclassified
HB1887,Unclassified,Unclassified
HB1888,Unclassified,Unclassified
HB1889,Unclassified,Unclassified
HB1891,Unclassified,Unclassified
HB1897,Unclassified,Unclassified
HB1898,Unclassified,Unclassified
HB1899,Unclassified,Unclassified
HB1901,Unclassified,Unclassified
HB1902,Unclassified,Unclassified
HB1910,Unclassified,Unclassified
HB1911,Unclassified,Unclassified
HB1912,Unclassified,Unclassified
HB1913,Unclassified,Unclassified
HB1914,Unclassified,Unclassified
HB1916,Unclassified,Unclassified
HB1917,Unclassified,Unclassified
HB1918,Unclassified,Unclassified
HB1920,Unclassified,Unclassified
HB1929,Unclassified,Unclassified
HB1930,Unclassified,Unclassified
HB1931,Unclassified,Unclassified
HB1932,Unclassified,Unclassified
HB1940,Unclassified,Unclassified
HB1941,Unclassified,Unclassified
HB1942,Unclassified,Unclassified
HB1943,Unclassified,Unclassified
HB1944,Unclassified,Unclassified
HB1946,Unclassified,Unclassified
HB1948,Unclassified,Unclassified
HB1949,Unclassified,Unclassified
HB1950,Unclassified,Unclassified
HB1955,Unclassified,Unclassified
HB1956,Unclassified,Unclassified
HB1963,Unclassified,Unclassified
HB1964,Unclassified,Unclassified
HB1967,Unclassified,Unclassified
HB1970,Unclassified,Unclassified
HB1971,Unclassified,Unclassified
HB1974,Unclassified,Unclassified
HB1981,Unclassified,Unclassified
HB1984,Unclassified,Unclassified
HB1987,Unclassified,Unclassified
HB1991,Unclassified,Unclassified
HB1994,Unclassified,Unclassified
HB1996,Unclassified,Unclassified
HB1998,Unclassified,Unclassified
HB2000,Unclassified,Unclassified
HB2001,Unclassified,Unclassified
HB2005,Unclassified,Unclassified
HB2006,Unclassified,Unclassified
HB2008,Unclassified,Unclassified
HB2012,Unclassified,Unclassified
HB2013,Unclassified,Unclassified
HB2016,Unclassified,Unclassified
HB2019,Unclassified,Unclassified
HB2021,Unclassified,Unclassified
HB2022,Unclassified,Unclassified
HB2026,Unclassified,Unclassified
HB2027,Unclassified,Unclassified
HB2031,Unclassified,Unclassified
HB2039,Unclassified,Unclassified
HB2040,Unclassified,Unclassified
HB2041,Unclassified,Unclassified
HB2042,Unclassified,Unclassified
HB2043,Unclassified,Unclassified
HB2048,Unclassified,Unclassified
HB2050,Unclassified,Unclassified
HB2051,Unclassified,Unclassified
HB2058,Unclassified,Unclassified
HB2067,Unclassified,Unclassified
HB2071,Unclassified,Unclassified
HB2073,Unclassified,Unclassified
HB2074,Unclassified,Unclassified
HB2077,Unclassified,Unclassified
HB2078,Unclassified,Unclassified
HB2080,Unclassified,Unclassified
HB2081,Unclassified,Unclassified
HB2083,Unclassified,Unclassified
HB2089,Unclassified,Unclassified
HB2095,Unclassified,Unclassified
HB2096,Unclassified,Unclassified
HB2100,Unclassified,Unclassified
HB2102,Unclassified,Unclassified
HB2103,Unclassified,Unclassified
HB2109,Unclassified,Unclassified
HB2110,Unclassified,Unclassified
HB2112,Unclassified,Unclassified
HB2115,Unclassified,Unclassified
HB2117,Unclassified,Unclassified
HB2119,Unclassified,Unclassified
HB2120,Unclassified,Unclassified
HB2121,Unclassified,Unclassified
HB2123,Unclassified,Unclassified
HB2124,Unclassified,Unclassified
HB2130,Unclassified,Unclassified
HB2131,Unclassified,Unclassified
HB2134,Unclassified,Unclassified
HB2135,Unclassified,Unclassified
HB2137,Unclassified,Unclassified
HB2138,Unclassified,Unclassified
HB2143,Unclassified,Unclassified
HB2144,Unclassified,Unclassified
HB2148,Unclassified,Unclassified
HB2149,Unclassified,Unclassified
HB2152,Unclassified,Unclassified
HB2153,Unclassified,Unclassified
HB2155,Unclassified,Unclassified
HB2157,Unclassified,Unclassified
HB2158,Unclassified,Unclassified
HB2159,Unclassified,Unclassified
HB2160,Unclassified,Unclassified
HB2161,Unclassified,Unclassified
HB2162,Unclassified,Unclassified
HB2163,Unclassified,Unclassified
HB2166,Unclassified,Unclassified
HB2167,Unclassified,Unclassified
HB2169,Unclassified,Unclassified
HB2170,Unclassified,Unclassified
HB2175,Unclassified,Unclassified
HB2178,Unclassified,Unclassified
HB2179,Unclassified,Unclassified
HB2181,Unclassified,Unclassified
HB2183,Unclassified,Unclassified
HB2184,Unclassified,Unclassified
HB2186,Unclassified,Unclassified
HB2189,Unclassified,Unclassified
HB2191,Unclassified,Unclassified
HB2193,Unclassified,Unclassified
HB2194,Unclassified,Unclassified
HB2196,Unclassified,Unclassified
HB2198,Unclassified,Unclassified
HB2199,Unclassified,Unclassified
HB2203,Unclassified,Unclassified
HB2204,Unclassified,Unclassified
HB2205,Unclassified,Unclassified
HB2206,Unclassified,Unclassified
HB2207,Unclassified,Unclassified
HB2210,Unclassified,Unclassified
HB2211,Unclassified,Unclassified
HB2214,Unclassified,Unclassified
HB2215,Unclassified,Unclassified
HB2217,Unclassified,Unclassified
HB2222,Unclassified,Unclassified
HB2223,Unclassified,Unclassified
HB2225,Unclassified,Unclassified
HB2227,Unclassified,Unclassified
HB2228,Unclassified,Unclassified
HB2230,Unclassified,Unclassified
HB2231,Unclassified,Unclassified
HB2232,Unclassified,Unclassified
HB2233,Unclassified,Unclassified
HB2238,Unclassified,Unclassified
HB2242,Unclassified,Unclassified
HB2243,Unclassified,Unclassified
HB2246,Unclassified,Unclassified
HB2249,Unclassified,Unclassified
HB2251,Unclassified,Unclassified
HB2258,Unclassified,Unclassified
HB2260,Unclassified,Unclassified
HB2261,Unclassified,Unclassified
HB2263,Unclassified,Unclassified
HB2266,Unclassified,Unclassified
HB2270,Unclassified,Unclassified
HB2271,Unclassified,Unclassified
HB2273,Unclassified,Unclassified
HB2274,Unclassified,Unclassified
HB2275,Unclassified,Unclassified
HB2280,Unclassified,Unclassified
HB2283,Unclassified,Unclassified
HB2285,Unclassified,Unclassified
HB2288,Unclassified,Unclassified
HB2289,Unclassified,Unclassified
HB2292,Unclassified,Unclassified
HB2293,Unclassified,Unclassified
HB2294,Unclassified,Unclassified
HB2295,Unclassified,Unclassified
HB2296,Unclassified,Unclassified
HB2300,Unclassified,Unclassified
HB2303,Unclassified,Unclassified
HB2304,Unclassified,Unclassified
HB2306,Unclassified,Unclassified
HB2308,Unclassified,Unclassified
HB2309,Unclassified,Unclassified
HB2310,Unclassified,Unclassified
HB2312,Unclassified,Unclassified
HB2313,Unclassified,Unclassified
HB2314,Unclassified,Unclassified
HB2315,Unclassified,Unclassified
HB2316,Unclassified,Unclassified
HB2317,Unclassified,Unclassified
HB2318,Unclassified,Unclassified
HB2319,Unclassified,Unclassified
HB2321,Unclassified,Unclassified
HB2322,Unclassified,Unclassified
HB2325,Unclassified,Unclassified
HB2327,Unclassified,Unclassified
HB2328,Unclassified,Unclassified
HB2330,Unclassified,Unclassified
HB2331,Unclassified,Unclassified
HB2332,Unclassified,Unclassified
HB2335,Unclassified,Unclassified
HB2340,Unclassified,Unclassified
HB2342,Unclassified,Unclassified
HB2343,Unclassified,Unclassified
HB2344,Unclassified,Unclassified
HB2347,Unclassified,Unclassified
HB2349,Unclassified,Unclassified
HB2350,Unclassified,Unclassified
HB2351,Unclassified,Unclassified
HB2352,Unclassified,Unclassified
HB2354,Unclassified,Unclassified
HB2358,Unclassified,Unclassified
HB2359,Unclassified,Unclassified
HB2361,Unclassified,Unclassified
HB2364,Unclassified,Unclassified
HB2367,Unclassified,Unclassified
HB2368,Unclassified,Unclassified
HB2370,Unclassified,Unclassified
HB2374,Unclassified,Unclassified
HB2376,Unclassified,Unclassified
HB2377,Unclassified,Unclassified
HB2378,Unclassified,Unclassified
HB2379,Unclassified,Unclassified
HB2381,Unclassified,Unclassified
HB2383,Unclassified,Unclassified
HB2387,Unclassified,Unclassified
HB2389,Unclassified,Unclassified
HB2393,Unclassified,Unclassified
HB2396,Unclassified,Unclassified
HB2397,Unclassified,Unclassified
HB2398,Unclassified,Unclassified
HB2405,Unclassified,Unclassified
HB2406,Unclassified,Unclassified
HB2407,Unclassified,Unclassified
HB2416,Unclassified,Unclassified
HB2419,Unclassified,Unclassified
HB2421,Unclassified,Unclassified
HB2423,Unclassified,Unclassified
HB2425,Unclassified,Unclassified
HB2427,Unclassified,Unclassified
HB2428,Unclassified,Unclassified
HB2429,Unclassified,Unclassified
HB2432,Unclassified,Unclassified
HB2433,Unclassified,Unclassified
HB2440,Unclassified,Unclassified
HB2443,Unclassified,Unclassified
HB2447,Unclassified,Unclassified
HB2448,Unclassified,Unclassified
HB2450,Unclassified,Unclassified
HB2453,Unclassified,Unclassified
HB2460,Unclassified,Unclassified
HB2461,Unclassified,Unclassified
HB2468,Unclassified,Unclassified
HB2472,Unclassified,Unclassified
HB2474,Unclassified,Unclassified
HB2476,Unclassified,Unclassified
HB2477,Unclassified,Unclassified
HB2485,Unclassified,Unclassified
HB2488,Unclassified,Unclassified
HB2490,Unclassified,Unclassified
HB2491,Unclassified,Unclassified
HB2493,Unclassified,Unclassified
HB2494,Unclassified,Unclassified
HB2496,Unclassified,Unclassified
HB2497,Unclassified,Unclassified
HB2498,Unclassified,Unclassified
HB2499,Unclassified,Unclassified
HB2500,Unclassified,Unclassified
HB2501,Unclassified,Unclassified
HB2503,Unclassified,Unclassified
HB2507,Unclassified,Unclassified
HB2510,Unclassified,Unclassified
HB2511,Unclassified,Unclassified
HB2512,Unclassified,Unclassified
HB2516,Unclassified,Unclassified
HB2517,Unclassified,Unclassified
HB2520,Unclassified,Unclassified
HB2521,Unclassified,Unclassified
HB2522,Unclassified,Unclassified
HB2523,Unclassified,Unclassified
HB2526,Unclassified,Unclassified
HB2529,Unclassified,Unclassified
HB2530,Unclassified,Unclassified
HB2533,Unclassified,Unclassified
HB2534,Unclassified,Unclassified
HB2536,Unclassified,Unclassified
HB2540,Unclassified,Unclassified
HB2542,Unclassified,Unclassified
HB2543,Unclassified,Unclassified
HB2545,Unclassified,Unclassified
HB2546,Unclassified,Unclassified
HB2550,Unclassified,Unclassified
HB2551,Unclassified,Unclassified
HB2553,Unclassified,Unclassified
HB2556,Unclassified,Unclassified
HB2557,Unclassified,Unclassified
HB2562,Unclassified,Unclassified
HB2564,Unclassified,Unclassified
HB2565,Unclassified,Unclassified
HB2570,Unclassified,Unclassified
HB2571,Unclassified,Unclassified
HB2572,Unclassified,Unclassified
HB2577,Unclassified,Unclassified
HB2579,Unclassified,Unclassified
HB2581,Unclassified,Unclassified
HB2587,Unclassified,Unclassified
HB2589,Unclassified,Unclassified
HB2590,Unclassified,Unclassified
HB2591,Unclassified,Unclassified
HB2592,Unclassified,Unclassified
HB2593,Unclassified,Unclassified
HB2594,Unclassified,Unclassified
HB2596,Unclassified,Unclassified
HB2597,Unclassified,Unclassified
HB2599,Unclassified,Unclassified
HB2612,Unclassified,Unclassified
HB2617,Unclassified,Unclassified
HB2621,Unclassified,Unclassified
HB2622,Unclassified,Unclassified
HB2623,Unclassified,Unclassified
HB2624,Unclassified,Unclassified
HB2625,Unclassified,Unclassified
HB2628,Unclassified,Unclassified
HB2629,Unclassified,Unclassified
HB2632,Unclassified,Unclassified
HB2634,Unclassified,Unclassified
HB2636,Unclassified,Unclassified
HB2640,Unclassified,Unclassified
HB2642,Unclassified,Unclassified
HB2643,Unclassified,Unclassified
HB2644,Unclassified,Unclassified
HB2647,Unclassified,Unclassified
HB2648,Unclassified,Unclassified
HB2649,Unclassified,Unclassified
HB2650,Unclassified,Unclassified
HB2651,Unclassified,Unclassified
HB2652,Unclassified,Unclassified
HB2654,Unclassified,Unclassified
HB2656,Unclassified,Unclassified
HB2658,Unclassified,Unclassified
HB2660,Unclassified,Unclassified
HB2664,Unclassified,Unclassified
HB2669,Unclassified,Unclassified
HB2671,Unclassified,Unclassified
HB2674,Unclassified,Unclassified
HB2677,Unclassified,Unclassified
HB2680,Unclassified,Unclassified
HB2681,Unclassified,Unclassified
HB2682,Unclassified,Unclassified
HB2684,Unclassified,Unclassified
HB2686,Unclassified,Unclassified
HB2691,Unclassified,Unclassified
HB2692,Unclassified,Unclassified
HB2695,Unclassified,Unclassified
HB2696,Unclassified,Unclassified
HB2699,Unclassified,Unclassified
HB2702,Unclassified,Unclassified
HB2703,Unclassified,Unclassified
HB2704,Unclassified,Unclassified
HB2706,Unclassified,Unclassified
HB2708,Unclassified,Unclassified
HB2709,Unclassified,Unclassified
HB2710,Unclassified,Unclassified
HB2711,Unclassified,Unclassified
HB2712,Unclassified,Unclassified
HB2713,Unclassified,Unclassified
HB2714,Unclassified,Unclassified
HB2716,Unclassified,Unclassified
HB2718,Unclassified,Unclassified
HB2721,Unclassified,Unclassified
HB2722,Unclassified,Unclassified
HB2724,Unclassified,Unclassified
HB2725,Unclassified,Unclassified
HB2726,Unclassified,Unclassified
HB2727,Unclassified,Unclassified
HB2729,Unclassified,Unclassified
HB2731,Unclassified,Unclassified
HB2732,Unclassified,Unclassified
HB2735,Unclassified,Unclassified
HB2739,Unclassified,Unclassified
HB2748,Unclassified,Unclassified
HB2749,Unclassified,Unclassified
HB2750,Unclassified,Unclassified
HB2755,Unclassified,Unclassified
HB2760,Unclassified,Unclassified
HB2766,Unclassified,Unclassified
HB2769,Unclassified,Unclassified
HB2770,Unclassified,Unclassified
HB2775,Unclassified,Unclassified
HB2778,Unclassified,Unclassified
HB2779,Unclassified,Unclassified
HB2783,Unclassified,Unclassified
HJ429,Unclassified,Unclassified
HJ430,Unclassified,Unclassified
HJ433,Unclassified,Unclassified
HJ435,Unclassified,Unclassified
HJ436,Unclassified,Unclassified
HJ437,Unclassified,Unclassified
HJ446,Unclassified,Unclassified
HJ450,Unclassified,Unclassified
HJ452,Unclassified,Unclassified
HJ453,Unclassified,Unclassified
HJ455,Unclassified,Unclassified
HJ458,Unclassified,Unclassified
HJ459,Unclassified,Unclassified
HJ460,Unclassified,Unclassified
HJ461,Unclassified,Unclassified
HJ462,Unclassified,Unclassified
HJ463,Unclassified,Unclassified
HJ465,Unclassified,Unclassified
HJ466,Unclassified,Unclassified
HJ467,Unclassified,Unclassified
HJ469,Unclassified,Unclassified
HJ470,Unclassified,Unclassified
HJ471,Unclassified,Unclassified
HJ472,Unclassified,Unclassified
HJ475,Unclassified,Unclassified
HJ476,Unclassified,Unclassified
HJ477,Unclassified,Unclassified
HJ478,Unclassified,Unclassified
HJ479,Unclassified,Unclassified
HJ480,Unclassified,Unclassified
HJ483,Unclassified,Unclassified
HJ484,Unclassified,Unclassified
HJ485,Unclassified,Unclassified
HJ486,Unclassified,Unclassified
HJ487,Unclassified,Unclassified
HJ488,Unclassified,Unclassified
HJ489,Unclassified,Unclassified
HJ490,Unclassified,Unclassified
HJ491,Unclassified,Unclassified
HJ492,Unclassified,Unclassified
HJ493,Unclassified,Unclassified
HJ494,Unclassified,Unclassified
HJ495,Unclassified,Unclassified
HJ496,Unclassified,Unclassified
HJ497,Unclassified,Unclassified
HJ498,Unclassified,Unclassified
HJ499,Unclassified,Unclassified
HJ501,Unclassified,Unclassified
HJ502,Unclassified,Unclassified
HJ503,Unclassified,Unclassified
HJ504,Unclassified,Unclassified
HJ505,Unclassified,Unclassified
HJ506,Unclassified,Unclassified
HJ507,Unclassified,Unclassified
HJ508,Unclassified,Unclassified
HJ509,Unclassified,Unclassified
HJ510,Unclassified,Unclassified
HJ511,Unclassified,Unclassified
HJ512,Unclassified,Unclassified
HJ513,Unclassified,Unclassified
HJ514,Unclassified,Unclassified
HJ515,Unclassified,Unclassified
HJ516,Unclassified,Unclassified
HJ517,Unclassified,Unclassified
HJ518,Unclassified,Unclassified
HJ519,Unclassified,Unclassified
HJ520,Unclassified,Unclassified
HJ521,Unclassified,Unclassified
HJ522,Unclassified,Unclassified
HJ523,Unclassified,Unclassified
HJ524,Unclassified,Unclassified
HJ525,Unclassified,Unclassified
HJ526,Unclassified,Unclassified
HJ527,Unclassified,Unclassified
HJ528,Unclassified,Unclassified
HJ529,Unclassified,Unclassified
HJ530,Unclassified,Unclassified
HJ531,Unclassified,Unclassified
HJ532,Unclassified,Unclassified
HJ533,Unclassified,Unclassified
HJ534,Unclassified,Unclassified
HJ535,Unclassified,Unclassified
HJ536,Unclassified,Unclassified
HJ537,Unclassified,Unclassified
HJ538,Unclassified,Unclassified
HJ539,Unclassified,Unclassified
HJ540,Unclassified,Unclassified
HJ541,Unclassified,Unclassified
HJ542,Unclassified,Unclassified
HJ543,Unclassified,Unclassified
HJ544,Unclassified,Unclassified
HJ545,Unclassified,Unclassified
HJ546,Unclassified,Unclassified
HJ547,Unclassified,Unclassified
HJ548,Unclassified,Unclassified
HJ549,Unclassified,Unclassified
HJ550,Unclassified,Unclassified
HJ551,Unclassified,Unclassified
HJ552,Unclassified,Unclassified
HJ553,Unclassified,Unclassified
HJ554,Unclassified,Unclassified
HJ555,Unclassified,Unclassified
HJ558,Unclassified,Unclassified
HJ559,Unclassified,Unclassified
HJ560,Unclassified,Unclassified
HJ562,Unclassified,Unclassified
HJ563,Unclassified,Unclassified
HJ564,Unclassified,Unclassified
HJ565,Unclassified,Unclassified
HJ566,Unclassified,Unclassified
HJ567,Unclassified,Unclassified
HJ568,Unclassified,Unclassified
HJ569,Unclassified,Unclassified
HJ570,Unclassified,Unclassified
HJ571,Unclassified,Unclassified
HJ572,Unclassified,Unclassified
HJ573,Unclassified,Unclassified
HJ574,Unclassified,Unclassified
HJ575,Unclassified,Unclassified
HJ576,Unclassified,Unclassified
HJ577,Unclassified,Unclassified
HJ578,Unclassified,Unclassified
HJ579,Unclassified,Unclassified
HJ580,Unclassified,Unclassified
HJ581,Unclassified,Unclassified
HJ582,Unclassified,Unclassified
HJ583,Unclassified,Unclassified
HJ584,Unclassified,Unclassified
HJ585,Unclassified,Unclassified
HJ586,Unclassified,Unclassified
HJ587,Unclassified,Unclassified
HJ588,Unclassified,Unclassified
HJ590,Unclassified,Unclassified
HJ591,Unclassified,Unclassified
HJ592,Unclassified,Unclassified
HJ593,Unclassified,Unclassified
HJ594,Unclassified,Unclassified
HJ595,Unclassified,Unclassified
HJ596,Unclassified,Unclassified
HJ597,Unclassified,Unclassified
HJ598,Unclassified,Unclassified
HJ599,Unclassified,Unclassified
HJ600,Unclassified,Unclassified
HJ601,Unclassified,Unclassified
HJ602,Unclassified,Unclassified
HJ603,Unclassified,Unclassified
HJ604,Unclassified,Unclassified
HJ605,Unclassified,Unclassified
HJ606,Unclassified,Unclassified
HJ607,Unclassified,Unclassified
HJ608,Unclassified,Unclassified
HJ609,Unclassified,Unclassified
HJ610,Unclassified,Unclassified
HJ611,Unclassified,Unclassified
HJ612,Unclassified,Unclassified
HJ613,Unclassified,Unclassified
HJ614,Unclassified,Unclassified
HJ615,Unclassified,Unclassified
HJ616,Unclassified,Unclassified
HJ617,Unclassified,Unclassified
HJ618,Unclassified,Unclassified
HJ619,Unclassified,Unclassified
HJ620,Unclassified,Unclassified
HJ621,Unclassified,Unclassified
HJ622,Unclassified,Unclassified
HJ623,Unclassified,Unclassified
HJ624,Unclassified,Unclassified
HJ625,Unclassified,Unclassified
HJ626,Unclassified,Unclassified
HJ627,Unclassified,Unclassified
HJ629,Unclassified,Unclassified
HJ630,Unclassified,Unclassified
HJ631,Unclassified,Unclassified
HJ632,Unclassified,Unclassified
HJ633,Unclassified,Unclassified
HJ634,Unclassified,Unclassified
HJ635,Unclassified,Unclassified
HJ636,Unclassified,Unclassified
HJ637,Unclassified,Unclassified
HJ638,Unclassified,Unclassified
HJ639,Unclassified,Unclassified
HJ640,Unclassified,Unclassified
HJ641,Unclassified,Unclassified
HJ642,Unclassified,Unclassified
HJ643,Unclassified,Unclassified
HJ645,Unclassified,Unclassified
HJ646,Unclassified,Unclassified
HJ647,Unclassified,Unclassified
HJ648,Unclassified,Unclassified
HJ649,Unclassified,Unclassified
HJ650,Unclassified,Unclassified
HJ651,Unclassified,Unclassified
HJ652,Unclassified,Unclassified
HJ653,Unclassified,Unclassified
HJ654,Unclassified,Unclassified
HJ655,Unclassified,Unclassified
HJ656,Unclassified,Unclassified
HJ657,Unclassified,Unclassified
HJ658,Unclassified,Unclassified
HJ659,Unclassified,Unclassified
HJ660,Unclassified,Unclassified
HJ661,Unclassified,Unclassified
HJ662,Unclassified,Unclassified
HJ663,Unclassified,Unclassified
HJ666,Unclassified,Unclassified
HJ667,Unclassified,Unclassified
HJ668,Unclassified,Unclassified
HJ669,Unclassified,Unclassified
HJ670,Unclassified,Unclassified
HJ671,Unclassified,Unclassified
HJ672,Unclassified,Unclassified
HJ673,Unclassified,Unclassified
HJ674,Unclassified,Unclassified
HJ675,Unclassified,Unclassified
HJ676,Unclassified,Unclassified
HJ677,Unclassified,Unclassified
HJ679,Unclassified,Unclassified
HJ680,Unclassified,Unclassified
HJ681,Unclassified,Unclassified
HJ682,Unclassified,Unclassified
HJ683,Unclassified,Unclassified
HJ684,Unclassified,Unclassified
HJ685,Unclassified,Unclassified
HJ686,Unclassified,Unclassified
HJ687,Unclassified,Unclassified
HJ688,Unclassified,Unclassified
HJ689,Unclassified,Unclassified
HJ690,Unclassified,Unclassified
HJ691,Unclassified,Unclassified
HJ693,Unclassified,Unclassified
HJ696,Unclassified,Unclassified
HJ697,Unclassified,Unclassified
HJ698,Unclassified,Unclassified
HJ699,Unclassified,Unclassified
HJ700,Unclassified,Unclassified
HJ701,Unclassified,Unclassified
HJ702,Unclassified,Unclassified
HJ703,Unclassified,Unclassified
HJ704,Unclassified,Unclassified
HJ705,Unclassified,Unclassified
HJ706,Unclassified,Unclassified
HJ707,Unclassified,Unclassified
HJ708,Unclassified,Unclassified
HJ709,Unclassified,Unclassified
HJ710,Unclassified,Unclassified
HJ711,Unclassified,Unclassified
HJ712,Unclassified,Unclassified
HJ713,Unclassified,Unclassified
HJ714,Unclassified,Unclassified
HJ715,Unclassified,Unclassified
HJ716,Unclassified,Unclassified
HJ717,Unclassified,Unclassified
HJ718,Unclassified,Unclassified
HJ719,Unclassified,Unclassified
HJ720,Unclassified,Unclassified
HJ721,Unclassified,Unclassified
HJ722,Unclassified,Unclassified
HJ723,Unclassified,Unclassified
HJ724,Unclassified,Unclassified
HJ726,Unclassified,Unclassified
HJ727,Unclassified,Unclassified
HJ728,Unclassified,Unclassified
HJ729,Unclassified,Unclassified
HJ730,Unclassified,Unclassified
HJ731,Unclassified,Unclassified
HJ732,Unclassified,Unclassified
HJ735,Unclassified,Unclassified
HJ737,Unclassified,Unclassified
HJ738,Unclassified,Unclassified
HJ739,Unclassified,Unclassified
HJ741,Unclassified,Unclassified
HJ742,Unclassified,Unclassified
HJ743,Unclassified,Unclassified
HJ744,Unclassified,Unclassified
HJ745,Unclassified,Unclassified
HJ746,Unclassified,Unclassified
HJ747,Unclassified,Unclassified
HJ748,Unclassified,Unclassified
HJ749,Unclassified,Unclassified
HJ750,Unclassified,Unclassified
HJ751,Unclassified,Unclassified
HJ752,Unclassified,Unclassified
HJ753,Unclassified,Unclassified
HJ754,Unclassified,Unclassified
HJ755,Unclassified,Unclassified
HJ758,Unclassified,Unclassified
HJ759,Unclassified,Unclassified
HJ760,Unclassified,Unclassified
HR453,Unclassified,Unclassified
HR454,Unclassified,Unclassified
HR455,Unclassified,Unclassified
HR456,Unclassified,Unclassified
HR457,Unclassified,Unclassified
HR459,Unclassified,Unclassified
HR460,Unclassified,Unclassified
HR462,Unclassified,Unclassified
HR463,Unclassified,Unclassified
HR464,Unclassified,Unclassified
HR465,Unclassified,Unclassified
HR466,Unclassified,Unclassified
HR467,Unclassified,Unclassified
HR468,Unclassified,Unclassified
HR469,Unclassified,Unclassified
HR470,Unclassified,Unclassified
HR471,Unclassified,Unclassified
HR472,Unclassified,Unclassified
HR473,Unclassified,Unclassified
HR475,Unclassified,Unclassified
HR476,Unclassified,Unclassified
HR478,Unclassified,Unclassified
HR480,Unclassified,Unclassified
HR481,Unclassified,Unclassified
HR482,Unclassified,Unclassified
HR483,Unclassified,Unclassified
HR484,Unclassified,Unclassified
HR485,Unclassified,Unclassified
HR486,Unclassified,Unclassified
HR487,Unclassified,Unclassified
HR488,Unclassified,Unclassified
HR489,Unclassified,Unclassified
HR490,Unclassified,Unclassified
HR491,Unclassified,Unclassified
HR492,Unclassified,Unclassified
HR493,Unclassified,Unclassified
HR494,Unclassified,Unclassified
HR496,Unclassified,Unclassified
HR498,Unclassified,Unclassified
HR499,Unclassified,Unclassified
HR500,Unclassified,Unclassified
HR502,Unclassified,Unclassified
HR504,Unclassified,Unclassified
HR505,Unclassified,Unclassified
HR506,Unclassified,Unclassified
HR507,Unclassified,Unclassified
HR508,Unclassified,Unclassified
HR509,Unclassified,Unclassified
HR510,Unclassified,Unclassified
HR511,Unclassified,Unclassified
HR512,Unclassified,Unclassified
HR513,Unclassified,Unclassified
HR514,Unclassified,Unclassified
HR515,Unclassified,Unclassified
HR516,Unclassified,Unclassified
HR517,Unclassified,Unclassified
HR518,Unclassified,Unclassified
HR520,Unclassified,Unclassified
HR521,Unclassified,Unclassified
HR522,Unclassified,Unclassified
HR523,Unclassified,Unclassified
HR524,Unclassified,Unclassified
HR525,Unclassified,Unclassified
HR526,Unclassified,Unclassified
HR527,Unclassified,Unclassified
HR528,Unclassified,Unclassified
HR529,Unclassified,Unclassified
HR530,Unclassified,Unclassified
HR531,Unclassified,Unclassified
HR532,Unclassified,Unclassified
HR534,Unclassified,Unclassified
HR535,Unclassified,Unclassified
HR536,Unclassified,Unclassified
HR537,Unclassified,Unclassified
HR538,Unclassified,Unclassified
HR539,Unclassified,Unclassified
HR540,Unclassified,Unclassified
HR541,Unclassified,Unclassified
HR542,Unclassified,Unclassified
HR543,Unclassified,Unclassified
HR544,Unclassified,Unclassified
HR545,Unclassified,Unclassified
HR546,Unclassified,Unclassified
HR547,Unclassified,Unclassified
HR548,Unclassified,Unclassified
HR549,Unclassified,Unclassified
HR550,Unclassified,Unclassified
HR551,Unclassified,Unclassified
HR552,Unclassified,Unclassified
HR553,Unclassified,Unclassified
HR554,Unclassified,Unclassified
HR555,Unclassified,Unclassified
HR556,Unclassified,Unclassified
HR557,Unclassified,Unclassified
HR558,Unclassified,Unclassified
HR559,Unclassified,Unclassified
HR560,Unclassified,Unclassified
HR561,Unclassified,Unclassified
HR562,Unclassified,Unclassified
HR563,Unclassified,Unclassified
HR564,Unclassified,Unclassified
HR565,Unclassified,Unclassified
HR566,Unclassified,Unclassified
HR567,Unclassified,Unclassified
HR568,Unclassified,Unclassified
HR569,Unclassified,Unclassified
HR570,Unclassified,Unclassified
HR571,Unclassified,Unclassified
HR572,Unclassified,Unclassified
HR573,Unclassified,Unclassified
HR574,Unclassified,Unclassified
HR575,Unclassified,Unclassified
HR576,Unclassified,Unclassified
HR577,Unclassified,Unclassified
HR578,Unclassified,Unclassified
HR579,Unclassified,Unclassified
HR580,Unclassified,Unclassified
HR582,Unclassified,Unclassified
HR583,Unclassified,Unclassified
HR584,Unclassified,Unclassified
HR585,Unclassified,Unclassified
HR586,Unclassified,Unclassified
HR587,Unclassified,Unclassified
HR588,Unclassified,Unclassified
HR589,Unclassified,Unclassified
HR590,Unclassified,Unclassified
HR591,Unclassified,Unclassified
HR592,Unclassified,Unclassified
HR593,Unclassified,Unclassified
HR594,Unclassified,Unclassified
HR595,Unclassified,Unclassified
HR596,Unclassified,Unclassified
HR597,Unclassified,Unclassified
HR598,Unclassified,Unclassified
HR599,Unclassified,Unclassified
HR600,Unclassified,Unclassified
HR601,Unclassified,Unclassified
HR602,Unclassified,Unclassified
HR603,Unclassified,Unclassified
HR604,Unclassified,Unclassified
HR605,Unclassified,Unclassified
HR607,Unclassified,Unclassified
HR608,Unclassified,Unclassified
HR609,Unclassified,Unclassified
HR610,Unclassified,Unclassified
HR611,Unclassified,Unclassified
HR612,Unclassified,Unclassified
HR615,Unclassified,Unclassified
HR616,Unclassified,Unclassified
HR617,Unclassified,Unclassified
HR618,Unclassified,Unclassified
HR619,Unclassified,Unclassified
HR620,Unclassified,Unclassified
HR621,Unclassified,Unclassified
HR622,Unclassified,Unclassified
HR623,Unclassified,Unclassified
HR624,Unclassified,Unclassified
HR625,Unclassified,Unclassified
HR626,Unclassified,Unclassified
HR627,Unclassified,Unclassified
HR628,Unclassified,Unclassified
HR629,Unclassified,Unclassified
HR631,Unclassified,Unclassified
HR632,Unclassified,Unclassified
HR633,Unclassified,Unclassified
HR634,Unclassified,Unclassified
HR635,Unclassified,Unclassified
HR636,Unclassified,Unclassified
HR637,Unclassified,Unclassified
HR638,Unclassified,Unclassified
HR639,Unclassified,Unclassified
HR640,Unclassified,Unclassified
HR641,Unclassified,Unclassified
HR642,Unclassified,Unclassified
HR643,Unclassified,Unclassified
HR644,Unclassified,Unclassified
HR645,Unclassified,Unclassified
HR646,Unclassified,Unclassified
HR647,Unclassified,Unclassified
HR648,Unclassified,Unclassified
HR649,Unclassified,Unclassified
HR650,Unclassified,Unclassified
HR652,Unclassified,Unclassified
HR653,Unclassified,Unclassified
HR654,Unclassified,Unclassified
HR656,Unclassified,Unclassified
HR657,Unclassified,Unclassified
HR658,Unclassified,Unclassified
HR659,Unclassified,Unclassified
HR660,Unclassified,Unclassified
HR661,Unclassified,Unclassified
HR662,Unclassified,Unclassified
HR663,Unclassified,Unclassified
HR664,Unclassified,Unclassified
HR665,Unclassified,Unclassified
HR666,Unclassified,Unclassified
HR667,Unclassified,Unclassified
HR668,Unclassified,Unclassified
HR670,Unclassified,Unclassified
HR671,Unclassified,Unclassified
HR672,Unclassified,Unclassified
HR673,Unclassified,Unclassified
HR674,Unclassified,Unclassified
HR675,Unclassified,Unclassified
HR676,Unclassified,Unclassified
HR677,Unclassified,Unclassified
HR679,Unclassified,Unclassified
HR680,Unclassified,Unclassified
HR681,Unclassified,Unclassified
HR682,Unclassified,Unclassified
HR683,Unclassified,Unclassified
HR684,Unclassified,Unclassified
HR685,Unclassified,Unclassified
HR686,Unclassified,Unclassified
HR687,Unclassified,Unclassified
HR688,Unclassified,Unclassified
HR689,Unclassified,Unclassified
HR690,Unclassified,Unclassified
HR691,Unclassified,Unclassified
HR692,Unclassified,Unclassified
HR693,Unclassified,Unclassified
HR694,Unclassified,Unclassified
HR695,Unclassified,Unclassified
HR696,Unclassified,Unclassified
HR697,Unclassified,Unclassified
HR698,Unclassified,Unclassified
HR699,Unclassified,Unclassified
HR700,Unclassified,Unclassified
HR701,Unclassified,Unclassified
HR702,Unclassified,Unclassified
HR703,Unclassified,Unclassified
HR704,Unclassified,Unclassified
HR706,Unclassified,Unclassified
HR708,Unclassified,Unclassified
HR709,Unclassified,Unclassified
HR710,Unclassified,Unclassified
HR711,Unclassified,Unclassified
HR712,Unclassified,Unclassified
HR713,Unclassified,Unclassified
HR714,Unclassified,Unclassified
HR715,Unclassified,Unclassified
HR716,Unclassified,Unclassified
HR717,Unclassified,Unclassified
HR718,Unclassified,Unclassified
HR719,Unclassified,Unclassified
HR720,Unclassified,Unclassified
HR721,Unclassified,Unclassified
HR722,Unclassified,Unclassified
HR723,Unclassified,Unclassified
HR724,Unclassified,Unclassified
HR725,Unclassified,Unclassified
HR726,Unclassified,Unclassified
HR727,Unclassified,Unclassified
HR728,Unclassified,Unclassified
HR729,Unclassified,Unclassified
HR730,Unclassified,Unclassified
HR731,Unclassified,Unclassified
HR733,Unclassified,Unclassified
HR735,Unclassified,Unclassified
HR736,Unclassified,Unclassified
HR737,Unclassified,Unclassified
HR738,Unclassified,Unclassified
HR739,Unclassified,Unclassified
HR740,Unclassified,Unclassified
HR741,Unclassified,Unclassified
HR742,Unclassified,Unclassified
HR746,Unclassified,Unclassified
HR747,Unclassified,Unclassified
HR748,Unclassified,Unclassified
HR749,Unclassified,Unclassified
HR750,Unclassified,Unclassified
HR751,Unclassified,Unclassified
HR752,Unclassified,Unclassified
HR753,Unclassified,Unclassified
HR754,Unclassified,Unclassified
HR755,Unclassified,Unclassified
HR756,Unclassified,Unclassified
HR757,Unclassified,Unclassified
HR758,Unclassified,Unclassified
HR759,Unclassified,Unclassified
HR760,Unclassified,Unclassified
HR761,Unclassified,Unclassified
HR762,Unclassified,Unclassified
HR763,Unclassified,Unclassified
HR764,Unclassified,Unclassified
HR765,Unclassified,Unclassified
HR766,Unclassified,Unclassified
HR768,Unclassified,Unclassified
HR769,Unclassified,Unclassified
HR770,Unclassified,Unclassified
HR771,Unclassified,Unclassified
HR772,Unclassified,Unclassified
HR773,Unclassified,Unclassified
HR774,Unclassified,Unclassified
HR775,Unclassified,Unclassified
HR776,Unclassified,Unclassified
HR777,Unclassified,Unclassified
HR778,Unclassified,Unclassified
HR779,Unclassified,Unclassified
HR780,Unclassified,Unclassified
HR781,Unclassified,Unclassified
HR782,Unclassified,Unclassified
HR783,Unclassified,Unclassified
HR784,Unclassified,Unclassified
HR785,Unclassified,Unclassified
HR786,Unclassified,Unclassified
HR787,Unclassified,Unclassified
HR788,Unclassified,Unclassified
HR789,Unclassified,Unclassified
HR790,Unclassified,Unclassified
HR791,Unclassified,Unclassified
HR792,Unclassified,Unclassified
HR793,Unclassified,Unclassified
HR794,Unclassified,Unclassified
HR796,Unclassified,Unclassified
HR797,Unclassified,Unclassified
HR798,Unclassified,Unclassified
HR799,Unclassified,Unclassified
HR800,Unclassified,Unclassified
HR801,Unclassified,Unclassified
HR802,Unclassified,Unclassified
HR803,Unclassified,Unclassified
HR805,Unclassified,Unclassified
HR806,Unclassified,Unclassified
HR807,Unclassified,Unclassified
HR808,Unclassified,Unclassified
HR809,Unclassified,Unclassified
HR810,Unclassified,Unclassified
HR811,Unclassified,Unclassified
HR812,Unclassified,Unclassified
HR813,Unclassified,Unclassified
HR814,Unclassified,Unclassified
HR815,Unclassified,Unclassified
HR816,Unclassified,Unclassified
HR817,Unclassified,Unclassified
HR818,Unclassified,Unclassified
HR819,Unclassified,Unclassified
HR820,Unclassified,Unclassified
HR821,Unclassified,Unclassified
HR822,Unclassified,Unclassified
HR823,Unclassified,Unclassified
HR824,Unclassified,Unclassified
HR825,Unclassified,Unclassified
HR826,Unclassified,Unclassified
HR827,Unclassified,Unclassified
HR828,Unclassified,Unclassified
HR829,Unclassified,Unclassified
HR830,Unclassified,Unclassified
HR831,Unclassified,Unclassified
HR832,Unclassified,Unclassified
HR833,Unclassified,Unclassified
HR834,Unclassified,Unclassified
HR835,Unclassified,Unclassified
HR836,Unclassified,Unclassified
HR837,Unclassified,Unclassified
HR838,Unclassified,Unclassified
HR839,Unclassified,Unclassified
HR840,Unclassified,Unclassified
HR841,Unclassified,Unclassified
HR843,Unclassified,Unclassified
HR844,Unclassified,Unclassified
HR845,Unclassified,Unclassified
HR846,Unclassified,Unclassified
HR847,Unclassified,Unclassified
HR848,Unclassified,Unclassified
HR849,Unclassified,Unclassified
HR851,Unclassified,Unclassified
HR852,Unclassified,Unclassified
HR853,Unclassified,Unclassified
HR854,Unclassified,Unclassified
HR855,Unclassified,Unclassified
HR856,Unclassified,Unclassified
HR858,Unclassified,Unclassified
HR859,Unclassified,Unclassified
HR860,Unclassified,Unclassified
HR861,Unclassified,Unclassified
HR862,Unclassified,Unclassified
HR863,Unclassified,Unclassified
HR864,Unclassified,Unclassified
HR865,Unclassified,Unclassified
HR866,Unclassified,Unclassified
HR867,Unclassified,Unclassified
HR868,Unclassified,Unclassified
HR869,Unclassified,Unclassified
HR870,Unclassified,Unclassified
HR872,Unclassified,Unclassified
HR873,Unclassified,Unclassified
HR874,Unclassified,Unclassified
HR875,Unclassified,Unclassified
HR876,Unclassified,Unclassified
HR877,Unclassified,Unclassified
HR878,Unclassified,Unclassified
HR879,Unclassified,Unclassified
HR880,Unclassified,Unclassified
HR881,Unclassified,Unclassified
HR882,Unclassified,Unclassified
HR883,Unclassified,Unclassified
HR884,Unclassified,Unclassified
SB741,Unclassified,Unclassified
SB742,Unclassified,Unclassified
SB748,Unclassified,Unclassified
SB751,Unclassified,Unclassified
SB753,Unclassified,Unclassified
SB757,Unclassified,Unclassified
SB761,Unclassified,Unclassified
SB762,Unclassified,Unclassified
SB766,Unclassified,Unclassified
SB769,Unclassified,Unclassified
SB771,Unclassified,Unclassified
SB774,Unclassified,Unclassified
SB778,Unclassified,Unclassified
SB785,Unclassified,Unclassified
SB786,Unclassified,Unclassified
SB787,Unclassified,Unclassified
SB792,Unclassified,Unclassified
SB793,Unclassified,Unclassified
SB794,Unclassified,Unclassified
SB796,Unclassified,Unclassified
SB797,Unclassified,Unclassified
SB799,Unclassified,Unclassified
SB807,Unclassified,Unclassified
SB808,Unclassified,Unclassified
SB811,Unclassified,Unclassified
SB817,Unclassified,Unclassified
SB819,Unclassified,Unclassified
SB820,Unclassified,Unclassified
SB824,Unclassified,Unclassified
SB825,Unclassified,Unclassified
SB826,Unclassified,Unclassified
SB831,Unclassified,Unclassified
SB832,Unclassified,Unclassified
SB833,Unclassified,Unclassified
SB834,Unclassified,Unclassified
SB835,Unclassified,Unclassified
SB836,Unclassified,Unclassified
SB838,Unclassified,Unclassified
SB842,Unclassified,Unclassified
SB850,Unclassified,Unclassified
SB851,Unclassified,Unclassified
SB852,Unclassified,Unclassified
SB857,Unclassified,Unclassified
SB858,Unclassified,Unclassified
SB861,Unclassified,Unclassified
SB862,Unclassified,Unclassified
SB863,Unclassified,Unclassified
SB864,Unclassified,Unclassified
SB866,Unclassified,Unclassified
SB867,Unclassified,Unclassified
SB868,Unclassified,Unclassified
SB869,Unclassified,Unclassified
SB872,Unclassified,Unclassified
SB873,Unclassified,Unclassified
SB876,Unclassified,Unclassified
SB877,Unclassified,Unclassified
SB878,Unclassified,Unclassified
SB882,Unclassified,Unclassified
SB886,Unclassified,Unclassified
SB887,Unclassified,Unclassified
SB888,Unclassified,Unclassified
SB889,Unclassified,Unclassified
SB901,Unclassified,Unclassified
SB906,Unclassified,Unclassified
SB907,Unclassified,Unclassified
SB909,Unclassified,Unclassified
SB910,Unclassified,Unclassified
SB911,Unclassified,Unclassified
SB912,Unclassified,Unclassified
SB916,Unclassified,Unclassified
SB921,Unclassified,Unclassified
SB922,Unclassified,Unclassified
SB923,Unclassified,Unclassified
SB924,Unclassified,Unclassified
SB927,Unclassified,Unclassified
SB929,Unclassified,Unclassified
SB931,Unclassified,Unclassified
SB932,Unclassified,Unclassified
SB933,Unclassified,Unclassified
SB937,Unclassified,Unclassified
SB939,Unclassified,Unclassified
SB944,Unclassified,Unclassified
SB948,Unclassified,Unclassified
SB949,Unclassified,Unclassified
SB950,Unclassified,Unclassified
SB955,Unclassified,Unclassified
SB957,Unclassified,Unclassified
SB959,Unclassified,Unclassified
SB963,Unclassified,Unclassified
SB964,Unclassified,Unclassified
SB965,Unclassified,Unclassified
SB969,Unclassified,Unclassified
SB970,Unclassified,Unclassified
SB972,Unclassified,Unclassified
SB973,Unclassified,Unclassified
SB974,Unclassified,Unclassified
SB976,Unclassified,Unclassified
SB977,Unclassified,Unclassified
SB978,Unclassified,Unclassified
SB980,Unclassified,Unclassified
SB981,Unclassified,Unclassified
SB984,Unclassified,Unclassified
SB985,Unclassified,Unclassified
SB987,Unclassified,Unclassified
SB989,Unclassified,Unclassified
SB990,Unclassified,Unclassified
SB992,Unclassified,Unclassified
SB993,Unclassified,Unclassified
SB995,Unclassified,Unclassified
SB996,Unclassified,Unclassified
SB997,Unclassified,Unclassified
SB999,Unclassified,Unclassified
SB1004,Unclassified,Unclassified
SB1008,Unclassified,Unclassified
SB1010,Unclassified,Unclassified
SB1011,Unclassified,Unclassified
SB1013,Unclassified,Unclassified
SB1014,Unclassified,Unclassified
SB1015,Unclassified,Unclassified
SB1018,Unclassified,Unclassified
SB1019,Unclassified,Unclassified
SB1020,Unclassified,Unclassified
SB1022,Unclassified,Unclassified
SB1023,Unclassified,Unclassified
SB1028,Unclassified,Unclassified
SB1029,Unclassified,Unclassified
SB1031,Unclassified,Unclassified
SB1042,Unclassified,Unclassified
SB1045,Unclassified,Unclassified
SB1046,Unclassified,Unclassified
SB1051,Unclassified,Unclassified
SB1053,Unclassified,Unclassified
SB1054,Unclassified,Unclassified
SB1056,Unclassified,Unclassified
SB1058,Unclassified,Unclassified
SB1059,Unclassified,Unclassified
SB1060,Unclassified,Unclassified
SB1061,Unclassified,Unclassified
SB1063,Unclassified,Unclassified
SB1065,Unclassified,Unclassified
SB1067,Unclassified,Unclassified
SB1068,Unclassified,Unclassified
SB1069,Unclassified,Unclassified
SB1074,Unclassified,Unclassified
SB1075,Unclassified,Unclassified
SB1076,Unclassified,Unclassified
SB1079,Unclassified,Unclassified
SB1081,Unclassified,Unclassified
SB1083,Unclassified,Unclassified
SB1084,Unclassified,Unclassified
SB1086,Unclassified,Unclassified
SB1087,Unclassified,Unclassified
SB1088,Unclassified,Unclassified
SB1089,Unclassified,Unclassified
SB1090,Unclassified,Unclassified
SB1092,Unclassified,Unclassified
SB1093,Unclassified,Unclassified
SB1095,Unclassified,Unclassified
SB1096,Unclassified,Unclassified
SB1101,Unclassified,Unclassified
SB1105,Unclassified,Unclassified
SB1116,Unclassified,Unclassified
SB1120,Unclassified,Unclassified
SB1121,Unclassified,Unclassified
SB1123,Unclassified,Unclassified
SB1127,Unclassified,Unclassified
SB1129,Unclassified,Unclassified
SB1133,Unclassified,Unclassified
SB1135,Unclassified,Unclassified
SB1136,Unclassified,Unclassified
SB1137,Unclassified,Unclassified
SB1138,Unclassified,Unclassified
SB1140,Unclassified,Unclassified
SB1141,Unclassified,Unclassified
SB1142,Unclassified,Unclassified
SB1145,Unclassified,Unclassified
SB1146,Unclassified,Unclassified
SB1147,Unclassified,Unclassified
SB1150,Unclassified,Unclassified
SB1151,Unclassified,Unclassified
SB1154,Unclassified,Unclassified
SB1156,Unclassified,Unclassified
SB1158,Unclassified,Unclassified
SB1162,Unclassified,Unclassified
SB1163,Unclassified,Unclassified
SB1166,Unclassified,Unclassified
SB1169,Unclassified,Unclassified
SB1171,Unclassified,Unclassified
SB1172,Unclassified,Unclassified
SB1173,Unclassified,Unclassified
SB1176,Unclassified,Unclassified
SB1183,Unclassified,Unclassified
SB1184,Unclassified,Unclassified
SB1187,Unclassified,Unclassified
SB1188,Unclassified,Unclassified
SB1189,Unclassified,Unclassified
SB1195,Unclassified,Unclassified
SB1197,Unclassified,Unclassified
SB1199,Unclassified,Unclassified
SB1202,Unclassified,Unclassified
SB1203,Unclassified,Unclassified
SB1206,Unclassified,Unclassified
SB1207,Unclassified,Unclassified
SB1208,Unclassified,Unclassified
SB1209,Unclassified,Unclassified
SB1213,Unclassified,Unclassified
SB1217,Unclassified,Unclassified
SB1219,Unclassified,Unclassified
SB1222,Unclassified,Unclassified
SB1225,Unclassified,Unclassified
SB1226,Unclassified,Unclassified
SB1227,Unclassified,Unclassified
SB1231,Unclassified,Unclassified
SB1232,Unclassified,Unclassified
SB1233,Unclassified,Unclassified
SB1234,Unclassified,Unclassified
SB1235,Unclassified,Unclassified
SB1241,Unclassified,Unclassified
SB1242,Unclassified,Unclassified
SB1246,Unclassified,Unclassified
SB1247,Unclassified,Unclassified
SB1251,Unclassified,Unclassified
SB1252,Unclassified,Unclassified
SB1253,Unclassified,Unclassified
SB1255,Unclassified,Unclassified
SB1256,Unclassified,Unclassified
SB1259,Unclassified,Unclassified
SB1261,Unclassified,Unclassified
SB1262,Unclassified,Unclassified
SB1263,Unclassified,Unclassified
SB1265,Unclassified,Unclassified
SB1266,Unclassified,Unclassified
SB1267,Unclassified,Unclassified
SB1268,Unclassified,Unclassified
SB1270,Unclassified,Unclassified
SB1271,Unclassified,Unclassified
SB1272,Unclassified,Unclassified
SB1273,Unclassified,Unclassified
SB1274,Unclassified,Unclassified
SB1275,Unclassified,Unclassified
SB1278,Unclassified,Unclassified
SB1280,Unclassified,Unclassified
SB1284,Unclassified,Unclassified
SB1286,Unclassified,Unclassified
SB1287,Unclassified,Unclassified
SB1289,Unclassified,Unclassified
SB1291,Unclassified,Unclassified
SB1292,Unclassified,Unclassified
SB1295,Unclassified,Unclassified
SB1296,Unclassified,Unclassified
SB1298,Unclassified,Unclassified
SB1300,Unclassified,Unclassified
SB1302,Unclassified,Unclassified
SB1304,Unclassified,Unclassified
SB1309,Unclassified,Unclassified
SB1319,Unclassified,Unclassified
SB1325,Unclassified,Unclassified
SB1326,Unclassified,Unclassified
SB1327,Unclassified,Unclassified
SB1330,Unclassified,Unclassified
SB1332,Unclassified,Unclassified
SB1333,Unclassified,Unclassified
SB1335,Unclassified,Unclassified
SB1337,Unclassified,Unclassified
SB1339,Unclassified,Unclassified
SB1340,Unclassified,Unclassified
SB1343,Unclassified,Unclassified
SB1344,Unclassified,Unclassified
SB1346,Unclassified,Unclassified
SB1347,Unclassified,Unclassified
SB1350,Unclassified,Unclassified
SB1355,Unclassified,Unclassified
SB1356,Unclassified,Unclassified
SB1358,Unclassified,Unclassified
SB1360,Unclassified,Unclassified
SB1361,Unclassified,Unclassified
SB1363,Unclassified,Unclassified
SB1364,Unclassified,Unclassified
SB1369,Unclassified,Unclassified
SB1370,Unclassified,Unclassified
SB1371,Unclassified,Unclassified
SB1375,Unclassified,Unclassified
SB1379,Unclassified,Unclassified
SB1380,Unclassified,Unclassified
SB1382,Unclassified,Unclassified
SB1384,Unclassified,Unclassified
SB1385,Unclassified,Unclassified
SB1386,Unclassified,Unclassified
SB1387,Unclassified,Unclassified
SB1392,Unclassified,Unclassified
SB1393,Unclassified,Unclassified
SB1395,Unclassified,Unclassified
SB1396,Unclassified,Unclassified
SB1399,Unclassified,Unclassified
SB1402,Unclassified,Unclassified
SB1405,Unclassified,Unclassified
SB1407,Unclassified,Unclassified
SB1408,Unclassified,Unclassified
SB1409,Unclassified,Unclassified
SB1410,Unclassified,Unclassified
SB1417,Unclassified,Unclassified
SB1419,Unclassified,Unclassified
SB1420,Unclassified,Unclassified
SB1422,Unclassified,Unclassified
SB1424,Unclassified,Unclassified
SB1428,Unclassified,Unclassified
SB1429,Unclassified,Unclassified
SB1431,Unclassified,Unclassified
SB1432,Unclassified,Unclassified
SB1437,Unclassified,Unclassified
SB1438,Unclassified,Unclassified
SB1441,Unclassified,Unclassified
SB1444,Unclassified,Unclassified
SB1446,Unclassified,Unclassified
SB1448,Unclassified,Unclassified
SB1452,Unclassified,Unclassified
SB1453,Unclassified,Unclassified
SB1455,Unclassified,Unclassified
SB1457,Unclassified,Unclassified
SB1458,Unclassified,Unclassified
SB1460,Unclassified,Unclassified
SB1463,Unclassified,Unclassified
SB1467,Unclassified,Unclassified
SB1468,Unclassified,Unclassified
SB1470,Unclassified,Unclassified
SB1471,Unclassified,Unclassified
SB1473,Unclassified,Unclassified
SB1474,Unclassified,Unclassified
SB1475,Unclassified,Unclassified
SB1477,Unclassified,Unclassified
SB1478,Unclassified,Unclassified
SB1482,Unclassified,Unclassified
SB1483,Unclassified,Unclassified
SB1487,Unclassified,Unclassified
SB1492,Unclassified,Unclassified
SB1493,Unclassified,Unclassified
SB1494,Unclassified,Unclassified
SJ247,Unclassified,Unclassified
SJ250,Unclassified,Unclassified
SJ254,Unclassified,Unclassified
SJ257,Unclassified,Unclassified
SJ258,Unclassified,Unclassified
SJ259,Unclassified,Unclassified
SJ262,Unclassified,Unclassified
SJ263,Unclassified,Unclassified
SJ264,Unclassified,Unclassified
SJ265,Unclassified,Unclassified
SJ266,Unclassified,Unclassified
SJ267,Unclassified,Unclassified
SJ268,Unclassified,Unclassified
SJ269,Unclassified,Unclassified
SJ270,Unclassified,Unclassified
SJ271,Unclassified,Unclassified
SJ272,Unclassified,Unclassified
SJ273,Unclassified,Unclassified
SJ274,Unclassified,Unclassified
SJ275,Unclassified,Unclassified
SJ276,Unclassified,Unclassified
SJ277,Unclassified,Unclassified
SJ278,Unclassified,Unclassified
SJ279,Unclassified,Unclassified
SJ280,Unclassified,Unclassified
SJ281,Unclassified,Unclassified
SJ282,Unclassified,Unclassified
SJ283,Unclassified,Unclassified
SJ284,Unclassified,Unclassified
SJ285,Unclassified,Unclassified
SJ286,Unclassified,Unclassified
SJ287,Unclassified,Unclassified
SJ288,Unclassified,Unclassified
SJ289,Unclassified,Unclassified
SJ290,Unclassified,Unclassified
SJ291,Unclassified,Unclassified
SJ292,Unclassified,Unclassified
SJ295,Unclassified,Unclassified
SJ296,Unclassified,Unclassified
SJ297,Unclassified,Unclassified
SJ298,Unclassified,Unclassified
SJ299,Unclassified,Unclassified
SJ300,Unclassified,Unclassified
SJ301,Unclassified,Unclassified
SJ302,Unclassified,Unclassified
SJ303,Unclassified,Unclassified
SJ304,Unclassified,Unclassified
SJ305,Unclassified,Unclassified
SJ306,Unclassified,Unclassified
SJ307,Unclassified,Unclassified
SJ308,Unclassified,Unclassified
SJ309,Unclassified,Unclassified
SJ310,Unclassified,Unclassified
SJ312,Unclassified,Unclassified
SJ313,Unclassified,Unclassified
SJ314,Unclassified,Unclassified
SJ315,Unclassified,Unclassified
SJ316,Unclassified,Unclassified
SJ317,Unclassified,Unclassified
SJ318,Unclassified,Unclassified
SJ319,Unclassified,Unclassified
SJ320,Unclassified,Unclassified
SJ321,Unclassified,Unclassified
SJ322,Unclassified,Unclassified
SJ323,Unclassified,Unclassified
SJ324,Unclassified,Unclassified
SJ325,Unclassified,Unclassified
SJ326,Unclassified,Unclassified
SJ327,Unclassified,Unclassified
SJ328,Unclassified,Unclassified
SJ329,Unclassified,Unclassified
SJ330,Unclassified,Unclassified
SJ331,Unclassified,Unclassified
SJ332,Unclassified,Unclassified
SJ333,Unclassified,Unclassified
SJ334,Unclassified,Unclassified
SJ335,Unclassified,Unclassified
SJ336,Unclassified,Unclassified
SJ337,Unclassified,Unclassified
SJ338,Unclassified,Unclassified
SJ339,Unclassified,Unclassified
SJ340,Unclassified,Unclassified
SJ341,Unclassified,Unclassified
SJ342,Unclassified,Unclassified
SJ343,Unclassified,Unclassified
SJ344,Unclassified,Unclassified
SJ345,Unclassified,Unclassified
SJ346,Unclassified,Unclassified
SJ347,Unclassified,Unclassified
SJ349,Unclassified,Unclassified
SJ352,Unclassified,Unclassified
SJ353,Unclassified,Unclassified
SJ354,Unclassified,Unclassified
SJ355,Unclassified,Unclassified
SJ356,Unclassified,Unclassified
SJ357,Unclassified,Unclassified
SJ358,Unclassified,Unclassified
SJ359,Unclassified,Unclassified
SJ360,Unclassified,Unclassified
SJ361,Unclassified,Unclassified
SJ362,Unclassified,Unclassified
SJ363,Unclassified,Unclassified
SJ364,Unclassified,Unclassified
SJ365,Unclassified,Unclassified
SJ366,Unclassified,Unclassified
SJ367,Unclassified,Unclassified
SJ368,Unclassified,Unclassified
SJ370,Unclassified,Unclassified
SJ371,Unclassified,Unclassified
SJ372,Unclassified,Unclassified
SJ373,Unclassified,Unclassified
SJ374,Unclassified,Unclassified
SJ375,Unclassified,Unclassified
SJ377,Unclassified,Unclassified
SJ378,Unclassified,Unclassified
SJ379,Unclassified,Unclassified
SJ380,Unclassified,Unclassified
SJ381,Unclassified,Unclassified
SJ383,Unclassified,Unclassified
SJ384,Unclassified,Unclassified
SJ385,Unclassified,Unclassified
SJ386,Unclassified,Unclassified
SJ387,Unclassified,Unclassified
SJ389,Unclassified,Unclassified
SJ390,Unclassified,Unclassified
SJ391,Unclassified,Unclassified
SJ392,Unclassified,Unclassified
SJ393,Unclassified,Unclassified
SJ394,Unclassified,Unclassified
SJ395,Unclassified,Unclassified
SJ396,Unclassified,Unclassified
SJ397,Unclassified,Unclassified
SJ398,Unclassified,Unclassified
SJ403,Unclassified,Unclassified
SJ405,Unclassified,Unclassified
SJ406,Unclassified,Unclassified
SJ407,Unclassified,Unclassified
SJ408,Unclassified,Unclassified
SJ409,Unclassified,Unclassified
SJ411,Unclassified,Unclassified
SJ412,Unclassified,Unclassified
SJ413,Unclassified,Unclassified
SJ414,Unclassified,Unclassified
SJ415,Unclassified,Unclassified
SJ416,Unclassified,Unclassified
SJ417,Unclassified,Unclassified
SJ418,Unclassified,Unclassified
SJ419,Unclassified,Unclassified
SJ420,Unclassified,Unclassified
SJ421,Unclassified,Unclassified
SJ422,Unclassified,Unclassified
SJ424,Unclassified,Unclassified
SJ425,Unclassified,Unclassified
SJ426,Unclassified,Unclassified
SJ427,Unclassified,Unclassified
SJ428,Unclassified,Unclassified
SJ429,Unclassified,Unclassified
SJ430,Unclassified,Unclassified
SJ431,Unclassified,Unclassified
SJ433,Unclassified,Unclassified
SJ434,Unclassified,Unclassified
SJ436,Unclassified,Unclassified
SJ437,Unclassified,Unclassified
SJ438,Unclassified,Unclassified
SJ439,Unclassified,Unclassified
SJ440,Unclassified,Unclassified
SJ442,Unclassified,Unclassified
SJ443,Unclassified,Unclassified
SJ444,Unclassified,Unclassified
SJ445,Unclassified,Unclassified
SJ447,Unclassified,Unclassified
SR186,Unclassified,Unclassified
SR187,Unclassified,Unclassified
SR188,Unclassified,Unclassified
SR189,Unclassified,Unclassified
SR190,Unclassified,Unclassified
SR191,Unclassified,Unclassified
SR192,Unclassified,Unclassified
SR193,Unclassified,Unclassified
SR194,Unclassified,Unclassified
SR195,Unclassified,Unclassified
SR196,Unclassified,Unclassified
SR198,Unclassified,Unclassified
SR199,Unclassified,Unclassified
SR200,Unclassified,Unclassified
SR201,Unclassified,Unclassified
SR202,Unclassified,Unclassified
SR203,Unclassified,Unclassified
SR204,Unclassified,Unclassified
SR205,Unclassified,Unclassified
SR206,Unclassified,Unclassified
SR208,Unclassified,Unclassified
SR209,Unclassified,Unclassified
SR210,Unclassified,Unclassified
SR211,Unclassified,Unclassified
SR212,Unclassified,Unclassified
SR213,Unclassified,Unclassified
SR214,Unclassified,Unclassified
SR215,Unclassified,Unclassified
SR216,Unclassified,Unclassified
SR217,Unclassified,Unclassified
SR218,Unclassified,Unclassified
SR219,Unclassified,Unclassified
SR221,Unclassified,Unclassified
SR222,Unclassified,Unclassified
SR223,Unclassified,Unclassified
SR224,Unclassified,Unclassified
SR226,Unclassified,Unclassified
SR227,Unclassified,Unclassified
SR228,Unclassified,Unclassified
SR229,Unclassified,Unclassified
SR230,Unclassified,Unclassified
SR231,Unclassified,Unclassified
SR232,Unclassified,Unclassified
SR233,Unclassified,Unclassified
SR234,Unclassified,Unclassified
SR235,Unclassified,Unclassified
SR236,Unclassified,Unclassified
SR237,Unclassified,Unclassified
SR238,Unclassified,Unclassified
SR239,Unclassified,Unclassified
SR240,Unclassified,Unclassified
SR241,Unclassified,Unclassified
SR242,Unclassified,Unclassified
SR243,Unclassified,Unclassified
SR244,Unclassified,Unclassified
SR245,Unclassified,Unclassified
SR246,Unclassified,Unclassified
SR247,Unclassified,Unclassified
SR248,Unclassified,Unclassified
SR249,Unclassified,Unclassified
SR250,Unclassified,Unclassified
SR251,Unclassified,Unclassified
SR252,Unclassified,Unclassified
SR253,Unclassified,Unclassified
SR254,Unclassified,Unclassified
SR255,Unclassified,Unclassified
SR257,Unclassified,Unclassified
SR258,Unclassified,Unclassified
SR260,Unclassified,Unclassified
SR261,Unclassified,Unclassified
SR262,Unclassified,Unclassified
SR263,Unclassified,Unclassified
SR264,Unclassified,Unclassified
SR265,Unclassified,Unclassified
SR266,Unclassified,Unclassified
SR267,Unclassified,Unclassified
SR268,Unclassified,Unclassified
SR269,Unclassified,Unclassified
SR270,Unclassified,Unclassified
SR271,Unclassified,Unclassified
SR272,Unclassified,Unclassified
SR273,Unclassified,Unclassified
SR274,Unclassified,Unclassified
SR275,Unclassified,Unclassified
SR276,Unclassified,Unclassified
SR277,Unclassified,Unclassified
SR278,Unclassified,Unclassified
SR279,Unclassified,Unclassified
SR281,Unclassified,Unclassified
SR282,Unclassified,Unclassified
SR283,Unclassified,Unclassified
SR284,Unclassified,Unclassified
SR285,Unclassified,Unclassified
SR286,Unclassified,Unclassified
SR287,Unclassified,Unclassified
SR288,Unclassified,Unclassified
SR289,Unclassified,Unclassified
SR290,Unclassified,Unclassified
SR291,Unclassified,Unclassified
SR293,Unclassified,Unclassified
SR294,Unclassified,Unclassified
SR295,Unclassified,Unclassified
SR296,Unclassified,Unclassified
SR297,Unclassified,Unclassified
SR298,Unclassified,Unclassified
SR299,Unclassified,Unclassified
SR300,Unclassified,Unclassified
SR301,Unclassified,Unclassified
SR302,Unclassified,Unclassified
SR303,Unclassified,Unclassified
SR304,Unclassified,Unclassified
SR305,Unclassified,Unclassified
SR306,Unclassified,Unclassified
SR307,Unclassified,Unclassified
SR308,Unclassified,Unclassified
SR309,Unclassified,Unclassified
SR310,Unclassified,Unclassified
SR311,Unclassified,Unclassified
SR313,Unclassified,Unclassified
SR314,Unclassified,Unclassified
SR315,Unclassified,Unclassified
SR316,Unclassified,Unclassified
SR317,Unclassified,Unclassified
SR318,Unclassified,Unclassified
SR319,Unclassified,Unclassified
SR320,Unclassified,Unclassified
SR321,Unclassified,Unclassified
SR322,Unclassified,Unclassified
SR323,Unclassified,Unclassified
SR325,Unclassified,Unclassified
SR326,Unclassified,Unclassified
SR327,Unclassified,Unclassified
SR329,Unclassified,Unclassified
SR330,Unclassified,Unclassified
SR331,Unclassified,Unclassified
