Bill_id,topic_name,classification
HB1,Labor and Employment,Official LIS subject
HB1,Wages,Official LIS subject
HB2,Public Service Companies,Official LIS subject
HB2,"Study Commissions, Committees, and Reports",Official LIS subject
HB2,Uncodified Legislation,Official LIS subject
HB3,Administration of Government,Official LIS subject
HB3,Housing,Official LIS subject
HB3,"Study Commissions, Committees, and Reports",Official LIS subject
HB3,Uncodified Legislation,Official LIS subject
HB4,Housing,Official LIS subject
HB4,Affordable Housing,Official LIS subject
HB5,Labor and Employment,Official LIS subject
HB5,Local Government and Officials,Official LIS subject
HB5,State Employees,Official LIS subject
HB6,Health,Official LIS subject
HB6,Contraceptives,Official LIS subject
HJ1,Constitutional Amendments,Official LIS subject
HJ1,Human Rights,Official LIS subject
HJ2,Constitutional Amendments,Official LIS subject
HJ2,Elections,Official LIS subject
HJ2,Voters and Voting,Official LIS subject
HJ3,Constitutional Amendments,Official LIS subject
HJ3,Marriage,Official LIS subject
HJ4,Constitutional Amendments,Official LIS subject
HJ4,General Assembly,Official LIS subject
HJ4,Congressional Districts,Official LIS subject
HJ4,Reapportionment,Official LIS subject
SB1,Labor and Employment,Official LIS subject
SB1,Wages,Official LIS subject
SB2,Insurance,Official LIS subject
SB2,"Study Commissions, Committees, and Reports",Official LIS subject
SB2,Unemployment Compensation,Official LIS subject
SB3,"Study Commissions, Committees, and Reports",Official LIS subject
SB3,Child Care,Official LIS subject
SB3,Uncodified Legislation,Official LIS subject
SB4,Education,Official LIS subject
SB4,Students,Official LIS subject
SB5,Administration of Government,Official LIS subject
SB5,Housing,Official LIS subject
SB5,"Study Commissions, Committees, and Reports",Official LIS subject
SB5,Uncodified Legislation,Official LIS subject
SB6,Constitutional Amendments,Official LIS subject
SB6,Elections,Official LIS subject
SB6,Voters and Voting,Official LIS subject
SB7,Income Tax,Official LIS subject
SB7,Taxation,Official LIS subject
SB8,Armed Forces,Official LIS subject
SB8,Taxation,Official LIS subject
SB8,Real Property,Official LIS subject
SB9,Health,Official LIS subject
SB9,Sales and Use Tax,Official LIS subject
SB9,Taxation,Official LIS subject
SB9,Retail Sales and Use Tax,Official LIS subject
SB10,Labor and Employment,Official LIS subject
SB10,Children,Official LIS subject
SB11,Conservation,Official LIS subject
SB11,"Food and Beverage Products, and Containers",Official LIS subject
SB12,Appropriations,Official LIS subject
SB12,Motor Vehicles,Official LIS subject
SB12,Evidence,Official LIS subject
SB12,Marijuana,Official LIS subject
SB12,Alcoholic Beverage and Cannabis Control,Official LIS subject
SB13,Motor Vehicles,Official LIS subject
SB13,License Plates and Registration,Official LIS subject
SB14,Arts and Humanities,Official LIS subject
SB14,Alcoholic Beverage and Cannabis Control,Official LIS subject
SB15,Motor Vehicles,Official LIS subject
SB15,Motorcycles,Official LIS subject
SB16,Education,Official LIS subject
SB16,Uncodified Legislation,Official LIS subject
SB17,Motor Vehicles,Official LIS subject
SB18,Courts Not of Record,Official LIS subject
SB18,Children,Official LIS subject
SB19,Education,Official LIS subject
SB20,Education,Official LIS subject
SB20,Child Care,Official LIS subject
SB21,Juvenile Justice,Official LIS subject
SB21,"Health and Human Resources, Secretary of",Official LIS subject
SB21,"Public Safety and Homeland Security, Secretary of",Official LIS subject
SB21,Uncodified Legislation,Official LIS subject
SB22,"Commissions, Boards, and Institutions Generally",Official LIS subject
SB22,Continuing Education,Official LIS subject
SB22,Professional and Occupational Regulation,Official LIS subject
SB23,Criminal Procedure,Official LIS subject
SB24,Criminal Procedure,Official LIS subject
SB24,Electronic Processes,Official LIS subject
SB24,Evidence,Official LIS subject
SB25,Workforce,Official LIS subject
SB25,Uncodified Legislation,Official LIS subject
SB25,Wind Energy,Official LIS subject
SB26,"Counties, Cities, and Towns",Official LIS subject
SB26,Land Development and Use,Official LIS subject
SB26,Solar Energy,Official LIS subject
SB27,Trade and Commerce,Official LIS subject
SB27,Firearms,Official LIS subject
SB28,Labor and Employment,Official LIS subject
SB31,Public Service Companies,Official LIS subject
SB31,Railroads,Official LIS subject
SB32,Labor and Employment,Official LIS subject
SJ1,Constitutional Amendments,Official LIS subject
SJ1,Human Rights,Official LIS subject
SJ2,Constitutional Amendments,Official LIS subject
SJ2,Elections,Official LIS subject
SJ2,Voters and Voting,Official LIS subject
SJ3,Constitutional Amendments,Official LIS subject
SJ3,Marriage,Official LIS subject
SJ4,Deaths,Official LIS subject
SJ4,"Webb, Gloria Olderog",Official LIS subject
SJ5,Commendations and Commemorations,Official LIS subject
SJ5,"Henriksen, Pamelia",Official LIS subject
HB7,Courts and Civil Law,Derived from LIS bill description
HB7,Public Safety,Derived from LIS bill description
HB10,Taxes and Revenue,Derived from LIS bill description
HB11,Transportation,Derived from LIS bill description
HB12,Taxes and Revenue,Derived from LIS bill description
HB14,Housing,Derived from LIS bill description
HB14,Local Government,Derived from LIS bill description
HB15,Housing,Derived from LIS bill description
HB18,Labor and Employment,Derived from LIS bill description
HB18,Family and Children,Derived from LIS bill description
HB18,Social Services,Derived from LIS bill description
HB19,Firearms,Derived from LIS bill description
HB20,Labor and Employment,Derived from LIS bill description
HB20,Agriculture and Food,Derived from LIS bill description
HB21,Courts and Civil Law,Derived from LIS bill description
HB21,Firearms,Derived from LIS bill description
HB23,Elections and Voting,Derived from LIS bill description
HB24,Firearms,Derived from LIS bill description
HB25,Transportation,Derived from LIS bill description
HB26,Criminal Justice,Derived from LIS bill description
HB27,Labor and Employment,Derived from LIS bill description
HB28,Elections and Voting,Derived from LIS bill description
HB29,Budget and Appropriations,Derived from LIS bill description
HB30,Budget and Appropriations,Derived from LIS bill description
HB31,Education,Derived from LIS bill description
HB33,Taxes and Revenue,Derived from LIS bill description
HB34,Criminal Justice,Derived from LIS bill description
HB38,Education,Derived from LIS bill description
HB38,Behavioral Health,Derived from LIS bill description
HB40,Firearms,Derived from LIS bill description
HB41,Elections and Voting,Derived from LIS bill description
HB43,Criminal Justice,Derived from LIS bill description
HB44,Elections and Voting,Derived from LIS bill description
HB47,Taxes and Revenue,Derived from LIS bill description
HB51,Elections and Voting,Derived from LIS bill description
HB53,Education,Derived from LIS bill description
HB54,State Government,Derived from LIS bill description
HB56,Education,Derived from LIS bill description
HB57,Transportation,Derived from LIS bill description
HB57,Local Government,Derived from LIS bill description
HB61,Business and Commerce,Derived from LIS bill description
HB64,Insurance,Derived from LIS bill description
HB67,Labor and Employment,Derived from LIS bill description
HB69,Business and Commerce,Derived from LIS bill description
HB71,Elections and Voting,Derived from LIS bill description
HB72,Taxes and Revenue,Derived from LIS bill description
HB73,Marriage and Domestic Relations,Derived from LIS bill description
HB74,Energy and Utilities,Derived from LIS bill description
HB75,Health and Healthcare,Derived from LIS bill description
HB76,Family and Children,Derived from LIS bill description
HB77,Transportation,Derived from LIS bill description
HB77,Public Safety,Derived from LIS bill description
HB78,Elections and Voting,Derived from LIS bill description
HB79,Housing,Derived from LIS bill description
HB80,Criminal Justice,Derived from LIS bill description
HB81,State Government,Derived from LIS bill description
HB82,Elections and Voting,Derived from LIS bill description
HB84,Energy and Utilities,Derived from LIS bill description
HB87,Health and Healthcare,Derived from LIS bill description
HB88,Transportation,Derived from LIS bill description
HB89,Elections and Voting,Derived from LIS bill description
HB90,Insurance,Derived from LIS bill description
HB91,Criminal Justice,Derived from LIS bill description
HB91,Family and Children,Derived from LIS bill description
HB92,Education,Derived from LIS bill description
HB93,Firearms,Derived from LIS bill description
HB94,Transportation,Derived from LIS bill description
HB95,Housing,Derived from LIS bill description
HB96,Education,Derived from LIS bill description
HB99,Criminal Justice,Derived from LIS bill description
HB101,Firearms,Derived from LIS bill description
HB104,Agriculture and Food,Derived from LIS bill description
HB105,Agriculture and Food,Derived from LIS bill description
HB106,Firearms,Derived from LIS bill description
HB109,Business and Commerce,Derived from LIS bill description
HB110,Transportation,Derived from LIS bill description
HB110,Firearms,Derived from LIS bill description
HB111,Elections and Voting,Derived from LIS bill description
HB112,Environment and Conservation,Derived from LIS bill description
HB113,Elections and Voting,Derived from LIS bill description
HB114,Energy and Utilities,Derived from LIS bill description
HB115,Energy and Utilities,Derived from LIS bill description
HB116,Education,Derived from LIS bill description
HB116,Labor and Employment,Derived from LIS bill description
HB120,Energy and Utilities,Derived from LIS bill description
HB123,Transportation,Derived from LIS bill description
HB123,Criminal Justice,Derived from LIS bill description
HB123,Firearms,Derived from LIS bill description
HB123,Family and Children,Derived from LIS bill description
HB125,Education,Derived from LIS bill description
HB126,Criminal Justice,Derived from LIS bill description
HB128,Transportation,Derived from LIS bill description
HB130,Labor and Employment,Derived from LIS bill description
HB134,Environment and Conservation,Derived from LIS bill description
HB136,Health and Healthcare,Derived from LIS bill description
HB137,Taxes and Revenue,Derived from LIS bill description
HB139,Education,Derived from LIS bill description
HB139,Labor and Employment,Derived from LIS bill description
HB141,Transportation,Derived from LIS bill description
HB145,Taxes and Revenue,Derived from LIS bill description
HB146,Health and Healthcare,Derived from LIS bill description
HB148,Family and Children,Derived from LIS bill description
HB149,Criminal Justice,Derived from LIS bill description
HB151,Agriculture and Food,Derived from LIS bill description
HB153,Energy and Utilities,Derived from LIS bill description
HB155,Energy and Utilities,Derived from LIS bill description
HB157,Criminal Justice,Derived from LIS bill description
HB160,Labor and Employment,Derived from LIS bill description
HB161,Technology and Data,Derived from LIS bill description
HB164,Labor and Employment,Derived from LIS bill description
HB168,Elections and Voting,Derived from LIS bill description
HB171,Education,Derived from LIS bill description
HB171,Technology and Data,Derived from LIS bill description
HB172,Criminal Justice,Derived from LIS bill description
HB173,Criminal Justice,Derived from LIS bill description
HB174,Housing,Derived from LIS bill description
HB177,Local Government,Derived from LIS bill description
HB178,Education,Derived from LIS bill description
HB181,Local Government,Derived from LIS bill description
HB182,Education,Derived from LIS bill description
HB187,Elections and Voting,Derived from LIS bill description
HB188,Taxes and Revenue,Derived from LIS bill description
HB189,Education,Derived from LIS bill description
HB191,Family and Children,Derived from LIS bill description
HB192,Transportation,Derived from LIS bill description
HB193,Criminal Justice,Derived from LIS bill description
HB195,Education,Derived from LIS bill description
HB196,Housing,Derived from LIS bill description
HB197,Local Government,Derived from LIS bill description
HB198,Local Government,Derived from LIS bill description
HB200,Transportation,Derived from LIS bill description
HB201,Education,Derived from LIS bill description
HB201,Firearms,Derived from LIS bill description
HB207,Firearms,Derived from LIS bill description
HB207,Taxes and Revenue,Derived from LIS bill description
HB210,Education,Derived from LIS bill description
HB212,Criminal Justice,Derived from LIS bill description
HB212,Elections and Voting,Derived from LIS bill description
HB213,Elections and Voting,Derived from LIS bill description
HB214,Local Government,Derived from LIS bill description
HB215,Elections and Voting,Derived from LIS bill description
HB216,Insurance,Derived from LIS bill description
HB217,Firearms,Derived from LIS bill description
HB220,Insurance,Derived from LIS bill description
HB227,Insurance,Derived from LIS bill description
HB229,Health and Healthcare,Derived from LIS bill description
HB229,Behavioral Health,Derived from LIS bill description
HB229,Firearms,Derived from LIS bill description
HB230,Health and Healthcare,Derived from LIS bill description
HB230,Transportation,Derived from LIS bill description
HB230,Public Safety,Derived from LIS bill description
HB232,Health and Healthcare,Derived from LIS bill description
HB233,Health and Healthcare,Derived from LIS bill description
HB233,Transportation,Derived from LIS bill description
HB233,Public Safety,Derived from LIS bill description
HB234,Elections and Voting,Derived from LIS bill description
HB235,Elections and Voting,Derived from LIS bill description
HB238,Labor and Employment,Derived from LIS bill description
HB240,Behavioral Health,Derived from LIS bill description
HB242,Energy and Utilities,Derived from LIS bill description
HB242,Budget and Appropriations,Derived from LIS bill description
HB243,Labor and Employment,Derived from LIS bill description
HB244,Criminal Justice,Derived from LIS bill description
HB245,Behavioral Health,Derived from LIS bill description
HB245,Criminal Justice,Derived from LIS bill description
HB247,Criminal Justice,Derived from LIS bill description
HB248,Behavioral Health,Derived from LIS bill description
HB250,Criminal Justice,Derived from LIS bill description
HB250,Family and Children,Derived from LIS bill description
HB251,Criminal Justice,Derived from LIS bill description
HB253,Education,Derived from LIS bill description
HB254,Family and Children,Derived from LIS bill description
HB256,Environment and Conservation,Derived from LIS bill description
HB258,Education,Derived from LIS bill description
HB259,Family and Children,Derived from LIS bill description
HB260,Labor and Employment,Derived from LIS bill description
HB262,Local Government,Derived from LIS bill description
HB265,Education,Derived from LIS bill description
HB265,Higher Education,Derived from LIS bill description
HB266,Family and Children,Derived from LIS bill description
HB273,Public Safety,Derived from LIS bill description
HB274,Family and Children,Derived from LIS bill description
HB275,Labor and Employment,Derived from LIS bill description
HB275,Family and Children,Derived from LIS bill description
HB279,Education,Derived from LIS bill description
HB280,Health and Healthcare,Derived from LIS bill description
HB280,Insurance,Derived from LIS bill description
HB280,Family and Children,Derived from LIS bill description
HB281,Housing,Derived from LIS bill description
HB282,Taxes and Revenue,Derived from LIS bill description
HB283,Family and Children,Derived from LIS bill description
HB284,Energy and Utilities,Derived from LIS bill description
HB285,Energy and Utilities,Derived from LIS bill description
HB287,Education,Derived from LIS bill description
HB288,Education,Derived from LIS bill description
HB289,Energy and Utilities,Derived from LIS bill description
HB290,Education,Derived from LIS bill description
HB291,Environment and Conservation,Derived from LIS bill description
HB292,Agriculture and Food,Derived from LIS bill description
HB293,Courts and Civil Law,Derived from LIS bill description
HB293,Business and Commerce,Derived from LIS bill description
HB294,Criminal Justice,Derived from LIS bill description
HB295,Criminal Justice,Derived from LIS bill description
HB296,Criminal Justice,Derived from LIS bill description
HB298,Education,Derived from LIS bill description
HB303,Marriage and Domestic Relations,Derived from LIS bill description
HB309,Health and Healthcare,Derived from LIS bill description
HB310,Labor and Employment,Derived from LIS bill description
HB310,Technology and Data,Derived from LIS bill description
HB312,Transportation,Derived from LIS bill description
HB314,Energy and Utilities,Derived from LIS bill description
HB315,Agriculture and Food,Derived from LIS bill description
HB316,Business and Commerce,Derived from LIS bill description
HB318,Criminal Justice,Derived from LIS bill description
HB319,Elections and Voting,Derived from LIS bill description
HB320,Transportation,Derived from LIS bill description
HB321,Behavioral Health,Derived from LIS bill description
HB321,Labor and Employment,Derived from LIS bill description
HB321,Agriculture and Food,Derived from LIS bill description
HB322,Agriculture and Food,Derived from LIS bill description
HB323,Energy and Utilities,Derived from LIS bill description
HB325,Behavioral Health,Derived from LIS bill description
HB328,Insurance,Derived from LIS bill description
HB329,Housing,Derived from LIS bill description
HB330,Transportation,Derived from LIS bill description
HB332,Education,Derived from LIS bill description
HB334,Taxes and Revenue,Derived from LIS bill description
HB335,Health and Healthcare,Derived from LIS bill description
HB337,Health and Healthcare,Derived from LIS bill description
HB338,Labor and Employment,Derived from LIS bill description
HB338,Local Government,Derived from LIS bill description
HB339,Labor and Employment,Derived from LIS bill description
HB340,Labor and Employment,Derived from LIS bill description
HB345,Taxes and Revenue,Derived from LIS bill description
HB345,Business and Commerce,Derived from LIS bill description
HB346,Energy and Utilities,Derived from LIS bill description
HB349,Public Safety,Derived from LIS bill description
HB352,Housing,Derived from LIS bill description
HB355,Education,Derived from LIS bill description
HB355,Behavioral Health,Derived from LIS bill description
HB357,Criminal Justice,Derived from LIS bill description
HB359,Education,Derived from LIS bill description
HB360,Business and Commerce,Derived from LIS bill description
HB361,Criminal Justice,Derived from LIS bill description
HB362,Education,Derived from LIS bill description
HB365,Transportation,Derived from LIS bill description
HB369,Energy and Utilities,Derived from LIS bill description
HB370,Business and Commerce,Derived from LIS bill description
HB371,Social Services,Derived from LIS bill description
HB372,Taxes and Revenue,Derived from LIS bill description
HB374,Housing,Derived from LIS bill description
HB375,Local Government,Derived from LIS bill description
HB376,Health and Healthcare,Derived from LIS bill description
HB377,Energy and Utilities,Derived from LIS bill description
HB377,Environment and Conservation,Derived from LIS bill description
HB378,Taxes and Revenue,Derived from LIS bill description
HB379,Housing,Derived from LIS bill description
HB382,Education,Derived from LIS bill description
HB391,Health and Healthcare,Derived from LIS bill description
HB392,Education,Derived from LIS bill description
HB393,Public Safety,Derived from LIS bill description
HB395,Energy and Utilities,Derived from LIS bill description
HB397,Energy and Utilities,Derived from LIS bill description
HB400,Taxes and Revenue,Derived from LIS bill description
HB402,Technology and Data,Derived from LIS bill description
HB403,Taxes and Revenue,Derived from LIS bill description
HB403,Family and Children,Derived from LIS bill description
HB405,Taxes and Revenue,Derived from LIS bill description
HB405,Insurance,Derived from LIS bill description
HB406,Labor and Employment,Derived from LIS bill description
HB406,Public Safety,Derived from LIS bill description
HB407,Education,Derived from LIS bill description
HB407,Environment and Conservation,Derived from LIS bill description
HB409,Transportation,Derived from LIS bill description
HB410,Education,Derived from LIS bill description
HB411,Transportation,Derived from LIS bill description
HB412,Education,Derived from LIS bill description
HB413,Education,Derived from LIS bill description
HB413,Health and Healthcare,Derived from LIS bill description
HB417,Education,Derived from LIS bill description
HB417,Family and Children,Derived from LIS bill description
HB420,Energy and Utilities,Derived from LIS bill description
HB423,Education,Derived from LIS bill description
HB423,Higher Education,Derived from LIS bill description
HB424,Insurance,Derived from LIS bill description
HB425,Health and Healthcare,Derived from LIS bill description
HB426,Labor and Employment,Derived from LIS bill description
HB427,Education,Derived from LIS bill description
HB428,Education,Derived from LIS bill description
HB429,Energy and Utilities,Derived from LIS bill description
HB430,Education,Derived from LIS bill description
HB430,Higher Education,Derived from LIS bill description
HB434,Energy and Utilities,Derived from LIS bill description
HB436,Education,Derived from LIS bill description
HB438,Courts and Civil Law,Derived from LIS bill description
HB439,Business and Commerce,Derived from LIS bill description
HB440,Transportation,Derived from LIS bill description
HB440,Courts and Civil Law,Derived from LIS bill description
HB440,Family and Children,Derived from LIS bill description
HB442,Criminal Justice,Derived from LIS bill description
HB444,Courts and Civil Law,Derived from LIS bill description
HB444,Business and Commerce,Derived from LIS bill description
HB446,Transportation,Derived from LIS bill description
HB447,Local Government,Derived from LIS bill description
HB451,Education,Derived from LIS bill description
HB453,Behavioral Health,Derived from LIS bill description
HB454,Behavioral Health,Derived from LIS bill description
HB455,Behavioral Health,Derived from LIS bill description
HB456,State Government,Derived from LIS bill description
HB457,Energy and Utilities,Derived from LIS bill description
HB458,Taxes and Revenue,Derived from LIS bill description
HB459,Criminal Justice,Derived from LIS bill description
HB460,Labor and Employment,Derived from LIS bill description
HB460,Business and Commerce,Derived from LIS bill description
HB461,Education,Derived from LIS bill description
HB468,Education,Derived from LIS bill description
HB470,Health and Healthcare,Derived from LIS bill description
HB470,Labor and Employment,Derived from LIS bill description
HB471,Education,Derived from LIS bill description
HB473,Education,Derived from LIS bill description
HB474,Taxes and Revenue,Derived from LIS bill description
HB477,Housing,Derived from LIS bill description
HB478,Labor and Employment,Derived from LIS bill description
HB480,Elections and Voting,Derived from LIS bill description
HB481,Health and Healthcare,Derived from LIS bill description
HB482,State Government,Derived from LIS bill description
HB484,Insurance,Derived from LIS bill description
HB485,Family and Children,Derived from LIS bill description
HB486,Health and Healthcare,Derived from LIS bill description
HB488,Labor and Employment,Derived from LIS bill description
HB489,Courts and Civil Law,Derived from LIS bill description
HB490,Insurance,Derived from LIS bill description
HB492,Energy and Utilities,Derived from LIS bill description
HB493,Elections and Voting,Derived from LIS bill description
HB493,Technology and Data,Derived from LIS bill description
HB494,Labor and Employment,Derived from LIS bill description
HB494,State Government,Derived from LIS bill description
HB495,Education,Derived from LIS bill description
HB495,Behavioral Health,Derived from LIS bill description
HB497,Education,Derived from LIS bill description
HB498,Public Safety,Derived from LIS bill description
HB499,Transportation,Derived from LIS bill description
HB500,Environment and Conservation,Derived from LIS bill description
HB502,Education,Derived from LIS bill description
HB502,Higher Education,Derived from LIS bill description
HB503,Energy and Utilities,Derived from LIS bill description
HB504,Taxes and Revenue,Derived from LIS bill description
HB504,Business and Commerce,Derived from LIS bill description
HB508,Energy and Utilities,Derived from LIS bill description
HB509,Agriculture and Food,Derived from LIS bill description
HB512,Environment and Conservation,Derived from LIS bill description
HB512,Agriculture and Food,Derived from LIS bill description
HB516,Behavioral Health,Derived from LIS bill description
HB516,Insurance,Derived from LIS bill description
HB519,Housing,Derived from LIS bill description
HB521,Environment and Conservation,Derived from LIS bill description
HB523,Health and Healthcare,Derived from LIS bill description
HB525,Health and Healthcare,Derived from LIS bill description
HB527,Housing,Derived from LIS bill description
HB530,Criminal Justice,Derived from LIS bill description
HB532,Education,Derived from LIS bill description
HB532,Family and Children,Derived from LIS bill description
HB534,Education,Derived from LIS bill description
HB535,Local Government,Derived from LIS bill description
HB536,Local Government,Derived from LIS bill description
HB538,Family and Children,Derived from LIS bill description
HB539,Transportation,Derived from LIS bill description
HB539,Taxes and Revenue,Derived from LIS bill description
HB540,Firearms,Derived from LIS bill description
HB541,Education,Derived from LIS bill description
HB541,Labor and Employment,Derived from LIS bill description
HB541,Criminal Justice,Derived from LIS bill description
HB543,Environment and Conservation,Derived from LIS bill description
HB546,Education,Derived from LIS bill description
HB547,Labor and Employment,Derived from LIS bill description
HB547,Transportation,Derived from LIS bill description
HB548,Health and Healthcare,Derived from LIS bill description
HB549,Environment and Conservation,Derived from LIS bill description
HB549,Local Government,Derived from LIS bill description
HB550,Taxes and Revenue,Derived from LIS bill description
HB551,Labor and Employment,Derived from LIS bill description
HB552,Elections and Voting,Derived from LIS bill description
HB552,Local Government,Derived from LIS bill description
HB554,Labor and Employment,Derived from LIS bill description
HB554,State Government,Derived from LIS bill description
HB556,Marriage and Domestic Relations,Derived from LIS bill description
HB557,Taxes and Revenue,Derived from LIS bill description
HB561,Transportation,Derived from LIS bill description
HB562,Energy and Utilities,Derived from LIS bill description
HB563,Energy and Utilities,Derived from LIS bill description
HB563,Taxes and Revenue,Derived from LIS bill description
HB565,Energy and Utilities,Derived from LIS bill description
HB566,Taxes and Revenue,Derived from LIS bill description
HB568,Education,Derived from LIS bill description
HB569,Labor and Employment,Derived from LIS bill description
HB570,Transportation,Derived from LIS bill description
HB571,Transportation,Derived from LIS bill description
HB572,Labor and Employment,Derived from LIS bill description
HB573,Health and Healthcare,Derived from LIS bill description
HB577,Criminal Justice,Derived from LIS bill description
HB578,Family and Children,Derived from LIS bill description
HB579,Education,Derived from LIS bill description
HB581,Courts and Civil Law,Derived from LIS bill description
HB583,Transportation,Derived from LIS bill description
HB584,Education,Derived from LIS bill description
HB586,Transportation,Derived from LIS bill description
HB587,Transportation,Derived from LIS bill description
HB587,Local Government,Derived from LIS bill description
HB588,Taxes and Revenue,Derived from LIS bill description
HB590,Energy and Utilities,Derived from LIS bill description
HB592,Education,Derived from LIS bill description
HB594,Housing,Derived from LIS bill description
HB596,Environment and Conservation,Derived from LIS bill description
HB597,Environment and Conservation,Derived from LIS bill description
HB605,Health and Healthcare,Derived from LIS bill description
HB605,Labor and Employment,Derived from LIS bill description
HB606,Health and Healthcare,Derived from LIS bill description
HB607,Environment and Conservation,Derived from LIS bill description
HB609,Taxes and Revenue,Derived from LIS bill description
HB612,Marriage and Domestic Relations,Derived from LIS bill description
HB613,Education,Derived from LIS bill description
HB615,Energy and Utilities,Derived from LIS bill description
HB616,Housing,Derived from LIS bill description
HB617,Energy and Utilities,Derived from LIS bill description
HB618,Insurance,Derived from LIS bill description
HB622,Health and Healthcare,Derived from LIS bill description
HB623,Firearms,Derived from LIS bill description
HB624,Education,Derived from LIS bill description
HB625,Insurance,Derived from LIS bill description
HB626,Education,Derived from LIS bill description
HB626,Firearms,Derived from LIS bill description
HB626,Higher Education,Derived from LIS bill description
HB627,Health and Healthcare,Derived from LIS bill description
HB628,Energy and Utilities,Derived from LIS bill description
HB629,Criminal Justice,Derived from LIS bill description
HB630,Elections and Voting,Derived from LIS bill description
HB631,Health and Healthcare,Derived from LIS bill description
HB632,Criminal Justice,Derived from LIS bill description
HB632,Family and Children,Derived from LIS bill description
HB633,Energy and Utilities,Derived from LIS bill description
HB634,Energy and Utilities,Derived from LIS bill description
HB635,Technology and Data,Derived from LIS bill description
HB636,Labor and Employment,Derived from LIS bill description
HB639,Elections and Voting,Derived from LIS bill description
HB640,Elections and Voting,Derived from LIS bill description
HB641,Environment and Conservation,Derived from LIS bill description
HB643,Education,Derived from LIS bill description
HB644,Family and Children,Derived from LIS bill description
HB645,Business and Commerce,Derived from LIS bill description
HB646,Agriculture and Food,Derived from LIS bill description
HB649,Local Government,Derived from LIS bill description
HB651,Family and Children,Derived from LIS bill description
HB651,Social Services,Derived from LIS bill description
HB652,Behavioral Health,Derived from LIS bill description
HB652,Family and Children,Derived from LIS bill description
HB653,Education,Derived from LIS bill description
HB656,Behavioral Health,Derived from LIS bill description
HB658,Energy and Utilities,Derived from LIS bill description
HB661,Transportation,Derived from LIS bill description
HB662,Criminal Justice,Derived from LIS bill description
HB663,Education,Derived from LIS bill description
HB663,Health and Healthcare,Derived from LIS bill description
HB664,Family and Children,Derived from LIS bill description
HB668,Behavioral Health,Derived from LIS bill description
HB668,Technology and Data,Derived from LIS bill description
HB669,Courts and Civil Law,Derived from LIS bill description
HB670,Labor and Employment,Derived from LIS bill description
HB672,Energy and Utilities,Derived from LIS bill description
HB672,Environment and Conservation,Derived from LIS bill description
HB674,Agriculture and Food,Derived from LIS bill description
HB674,Social Services,Derived from LIS bill description
HB675,Labor and Employment,Derived from LIS bill description
HB676,Insurance,Derived from LIS bill description
HB677,Housing,Derived from LIS bill description
HB677,Insurance,Derived from LIS bill description
HB678,Housing,Derived from LIS bill description
HB681,Public Safety,Derived from LIS bill description
HB682,Local Government,Derived from LIS bill description
HB683,Energy and Utilities,Derived from LIS bill description
HB684,Transportation,Derived from LIS bill description
HB686,Education,Derived from LIS bill description
HB687,Criminal Justice,Derived from LIS bill description
HB688,Family and Children,Derived from LIS bill description
HB691,Firearms,Derived from LIS bill description
HB691,Local Government,Derived from LIS bill description
HB692,Firearms,Derived from LIS bill description
HB693,Labor and Employment,Derived from LIS bill description
HB694,Firearms,Derived from LIS bill description
HB696,Firearms,Derived from LIS bill description
HB697,Taxes and Revenue,Derived from LIS bill description
HB697,Marriage and Domestic Relations,Derived from LIS bill description
HB698,Labor and Employment,Derived from LIS bill description
HB699,Agriculture and Food,Derived from LIS bill description
HB700,Firearms,Derived from LIS bill description
HB702,Firearms,Derived from LIS bill description
HB704,Education,Derived from LIS bill description
HB705,Education,Derived from LIS bill description
HB707,State Government,Derived from LIS bill description
HB711,Energy and Utilities,Derived from LIS bill description
HB713,Technology and Data,Derived from LIS bill description
HB715,Labor and Employment,Derived from LIS bill description
HB716,Taxes and Revenue,Derived from LIS bill description
HB716,Marriage and Domestic Relations,Derived from LIS bill description
HB717,Health and Healthcare,Derived from LIS bill description
HB720,Family and Children,Derived from LIS bill description
HB721,Education,Derived from LIS bill description
HB721,Family and Children,Derived from LIS bill description
HB722,Labor and Employment,Derived from LIS bill description
HB724,Education,Derived from LIS bill description
HB727,Social Services,Derived from LIS bill description
HB728,State Government,Derived from LIS bill description
HB736,Insurance,Derived from LIS bill description
HB737,Transportation,Derived from LIS bill description
HB738,Business and Commerce,Derived from LIS bill description
HB739,Criminal Justice,Derived from LIS bill description
HB740,Health and Healthcare,Derived from LIS bill description
HB744,Family and Children,Derived from LIS bill description
HB746,Health and Healthcare,Derived from LIS bill description
HB747,Agriculture and Food,Derived from LIS bill description
HB748,Education,Derived from LIS bill description
HB749,Agriculture and Food,Derived from LIS bill description
HB753,Education,Derived from LIS bill description
HB757,Courts and Civil Law,Derived from LIS bill description
HB758,Technology and Data,Derived from LIS bill description
HB758,Family and Children,Derived from LIS bill description
HB759,Environment and Conservation,Derived from LIS bill description
HB760,Energy and Utilities,Derived from LIS bill description
HB760,Taxes and Revenue,Derived from LIS bill description
HB761,Agriculture and Food,Derived from LIS bill description
HB762,Transportation,Derived from LIS bill description
HB763,Insurance,Derived from LIS bill description
HB764,Energy and Utilities,Derived from LIS bill description
HB767,Environment and Conservation,Derived from LIS bill description
HB768,Family and Children,Derived from LIS bill description
HB770,Energy and Utilities,Derived from LIS bill description
HB773,Elections and Voting,Derived from LIS bill description
HB774,Elections and Voting,Derived from LIS bill description
HB775,Family and Children,Derived from LIS bill description
HB777,Business and Commerce,Derived from LIS bill description
HB779,Energy and Utilities,Derived from LIS bill description
HB781,Elections and Voting,Derived from LIS bill description
HB782,Health and Healthcare,Derived from LIS bill description
HB783,Local Government,Derived from LIS bill description
HB784,Business and Commerce,Derived from LIS bill description
HB785,Education,Derived from LIS bill description
HB786,Education,Derived from LIS bill description
HB787,Local Government,Derived from LIS bill description
HB789,Business and Commerce,Derived from LIS bill description
HB794,Behavioral Health,Derived from LIS bill description
HB795,Behavioral Health,Derived from LIS bill description
HB795,Insurance,Derived from LIS bill description
HB797,Technology and Data,Derived from LIS bill description
HB798,Technology and Data,Derived from LIS bill description
HB804,Housing,Derived from LIS bill description
HB804,Local Government,Derived from LIS bill description
HB805,Taxes and Revenue,Derived from LIS bill description
HB806,Housing,Derived from LIS bill description
HB807,Energy and Utilities,Derived from LIS bill description
HB809,Energy and Utilities,Derived from LIS bill description
HB812,Transportation,Derived from LIS bill description
HB813,Insurance,Derived from LIS bill description
HB815,Health and Healthcare,Derived from LIS bill description
HB815,Labor and Employment,Derived from LIS bill description
HB816,Business and Commerce,Derived from LIS bill description
HB819,Transportation,Derived from LIS bill description
HB820,Housing,Derived from LIS bill description
HB824,Energy and Utilities,Derived from LIS bill description
HB826,Insurance,Derived from LIS bill description
HB828,Energy and Utilities,Derived from LIS bill description
HB829,Health and Healthcare,Derived from LIS bill description
HB830,Health and Healthcare,Derived from LIS bill description
HB831,Health and Healthcare,Derived from LIS bill description
HB834,Housing,Derived from LIS bill description
HB835,Elections and Voting,Derived from LIS bill description
HB836,Education,Derived from LIS bill description
HB837,Housing,Derived from LIS bill description
HB838,Health and Healthcare,Derived from LIS bill description
HB839,Family and Children,Derived from LIS bill description
HB842,Business and Commerce,Derived from LIS bill description
HB844,Energy and Utilities,Derived from LIS bill description
HB845,Courts and Civil Law,Derived from LIS bill description
HB846,Environment and Conservation,Derived from LIS bill description
HB848,Housing,Derived from LIS bill description
HB849,Education,Derived from LIS bill description
HB849,Labor and Employment,Derived from LIS bill description
HB850,Business and Commerce,Derived from LIS bill description
HB851,Health and Healthcare,Derived from LIS bill description
HB853,Criminal Justice,Derived from LIS bill description
HB854,Taxes and Revenue,Derived from LIS bill description
HB855,Health and Healthcare,Derived from LIS bill description
HB859,Agriculture and Food,Derived from LIS bill description
HB861,Criminal Justice,Derived from LIS bill description
HB863,Criminal Justice,Derived from LIS bill description
HB865,Labor and Employment,Derived from LIS bill description
HB866,Agriculture and Food,Derived from LIS bill description
HB866,Social Services,Derived from LIS bill description
HB867,Housing,Derived from LIS bill description
HB868,Elections and Voting,Derived from LIS bill description
HB869,Business and Commerce,Derived from LIS bill description
HB869,Agriculture and Food,Derived from LIS bill description
HB871,Firearms,Derived from LIS bill description
HB871,Family and Children,Derived from LIS bill description
HB873,Education,Derived from LIS bill description
HB877,Education,Derived from LIS bill description
HB878,Labor and Employment,Derived from LIS bill description
HB879,Social Services,Derived from LIS bill description
HB882,Labor and Employment,Derived from LIS bill description
HB882,Local Government,Derived from LIS bill description
HB884,Energy and Utilities,Derived from LIS bill description
HB886,Health and Healthcare,Derived from LIS bill description
HB889,Transportation,Derived from LIS bill description
HB891,Energy and Utilities,Derived from LIS bill description
HB891,Business and Commerce,Derived from LIS bill description
HB892,Energy and Utilities,Derived from LIS bill description
HB893,Energy and Utilities,Derived from LIS bill description
HB895,Energy and Utilities,Derived from LIS bill description
HB897,Taxes and Revenue,Derived from LIS bill description
HB898,Energy and Utilities,Derived from LIS bill description
HB899,Energy and Utilities,Derived from LIS bill description
HB900,Taxes and Revenue,Derived from LIS bill description
HB900,Technology and Data,Derived from LIS bill description
HB901,Firearms,Derived from LIS bill description
HB903,Energy and Utilities,Derived from LIS bill description
HB905,Marriage and Domestic Relations,Derived from LIS bill description
HB906,Energy and Utilities,Derived from LIS bill description
HB907,Firearms,Derived from LIS bill description
HB909,Elections and Voting,Derived from LIS bill description
HB910,Housing,Derived from LIS bill description
HB912,Education,Derived from LIS bill description
HB914,Environment and Conservation,Derived from LIS bill description
HB915,Taxes and Revenue,Derived from LIS bill description
HB916,Firearms,Derived from LIS bill description
HB918,Energy and Utilities,Derived from LIS bill description
HB919,Firearms,Derived from LIS bill description
HB919,Taxes and Revenue,Derived from LIS bill description
HB920,Energy and Utilities,Derived from LIS bill description
HB921,Energy and Utilities,Derived from LIS bill description
HB923,Labor and Employment,Derived from LIS bill description
HB926,Firearms,Derived from LIS bill description
HB927,Technology and Data,Derived from LIS bill description
HB928,Energy and Utilities,Derived from LIS bill description
HB930,Labor and Employment,Derived from LIS bill description
HB935,Energy and Utilities,Derived from LIS bill description
HB941,Education,Derived from LIS bill description
HB944,Labor and Employment,Derived from LIS bill description
HB945,Energy and Utilities,Derived from LIS bill description
HB946,Taxes and Revenue,Derived from LIS bill description
HB948,Labor and Employment,Derived from LIS bill description
HB953,Housing,Derived from LIS bill description
HB954,Taxes and Revenue,Derived from LIS bill description
HB955,Education,Derived from LIS bill description
HB955,Higher Education,Derived from LIS bill description
HB956,Taxes and Revenue,Derived from LIS bill description
HB958,Taxes and Revenue,Derived from LIS bill description
HB959,Labor and Employment,Derived from LIS bill description
HB959,Taxes and Revenue,Derived from LIS bill description
HB960,Taxes and Revenue,Derived from LIS bill description
HB961,Taxes and Revenue,Derived from LIS bill description
HB961,Business and Commerce,Derived from LIS bill description
HB962,Labor and Employment,Derived from LIS bill description
HB963,Elections and Voting,Derived from LIS bill description
HB964,Elections and Voting,Derived from LIS bill description
HB966,Elections and Voting,Derived from LIS bill description
HB967,Elections and Voting,Derived from LIS bill description
HB968,Elections and Voting,Derived from LIS bill description
HB971,Education,Derived from LIS bill description
HB972,Elections and Voting,Derived from LIS bill description
HB976,Transportation,Derived from LIS bill description
HB977,Taxes and Revenue,Derived from LIS bill description
HB978,Taxes and Revenue,Derived from LIS bill description
HB978,Technology and Data,Derived from LIS bill description
HB979,Taxes and Revenue,Derived from LIS bill description
HB981,Criminal Justice,Derived from LIS bill description
HB982,Elections and Voting,Derived from LIS bill description
HB983,Family and Children,Derived from LIS bill description
HB984,Business and Commerce,Derived from LIS bill description
HB985,Local Government,Derived from LIS bill description
HB987,Education,Derived from LIS bill description
HB989,Family and Children,Derived from LIS bill description
HB990,Education,Derived from LIS bill description
HB990,Higher Education,Derived from LIS bill description
HB991,Health and Healthcare,Derived from LIS bill description
HB991,Public Safety,Derived from LIS bill description
HB991,Taxes and Revenue,Derived from LIS bill description
HB995,Environment and Conservation,Derived from LIS bill description
HB996,Education,Derived from LIS bill description
HB1000,Transportation,Derived from LIS bill description
HB1003,Transportation,Derived from LIS bill description
HB1004,Taxes and Revenue,Derived from LIS bill description
HB1005,Housing,Derived from LIS bill description
HB1008,Transportation,Derived from LIS bill description
HB1008,Taxes and Revenue,Derived from LIS bill description
HB1010,Family and Children,Derived from LIS bill description
HB1014,Elections and Voting,Derived from LIS bill description
HB1015,Criminal Justice,Derived from LIS bill description
HB1015,Firearms,Derived from LIS bill description
HB1017,Education,Derived from LIS bill description
HB1017,Health and Healthcare,Derived from LIS bill description
HB1019,Health and Healthcare,Derived from LIS bill description
HB1021,Housing,Derived from LIS bill description
HB1022,Business and Commerce,Derived from LIS bill description
HB1023,Education,Derived from LIS bill description
HB1025,Health and Healthcare,Derived from LIS bill description
HB1027,Criminal Justice,Derived from LIS bill description
HB1027,Family and Children,Derived from LIS bill description
HB1029,Criminal Justice,Derived from LIS bill description
HB1030,Criminal Justice,Derived from LIS bill description
HB1031,Energy and Utilities,Derived from LIS bill description
HB1031,Environment and Conservation,Derived from LIS bill description
HB1032,Transportation,Derived from LIS bill description
HB1035,Education,Derived from LIS bill description
HB1035,Labor and Employment,Derived from LIS bill description
HB1038,Education,Derived from LIS bill description
HB1038,Environment and Conservation,Derived from LIS bill description
HB1041,Education,Derived from LIS bill description
HB1044,Business and Commerce,Derived from LIS bill description
HB1046,Business and Commerce,Derived from LIS bill description
HB1051,Taxes and Revenue,Derived from LIS bill description
HB1052,Health and Healthcare,Derived from LIS bill description
HB1056,Elections and Voting,Derived from LIS bill description
HB1058,Local Government,Derived from LIS bill description
HB1059,Education,Derived from LIS bill description
HB1060,Criminal Justice,Derived from LIS bill description
HB1061,Labor and Employment,Derived from LIS bill description
HB1062,Energy and Utilities,Derived from LIS bill description
HB1062,Environment and Conservation,Derived from LIS bill description
HB1063,Behavioral Health,Derived from LIS bill description
HB1065,Energy and Utilities,Derived from LIS bill description
HB1066,Business and Commerce,Derived from LIS bill description
HB1070,Criminal Justice,Derived from LIS bill description
HB1074,Taxes and Revenue,Derived from LIS bill description
HB1077,Energy and Utilities,Derived from LIS bill description
HB1078,Housing,Derived from LIS bill description
HB1079,Energy and Utilities,Derived from LIS bill description
HB1079,Business and Commerce,Derived from LIS bill description
HB1080,Taxes and Revenue,Derived from LIS bill description
HB1081,Energy and Utilities,Derived from LIS bill description
HB1082,Criminal Justice,Derived from LIS bill description
HB1083,Local Government,Derived from LIS bill description
HB1084,Criminal Justice,Derived from LIS bill description
HB1085,Labor and Employment,Derived from LIS bill description
HB1086,Business and Commerce,Derived from LIS bill description
HB1087,Energy and Utilities,Derived from LIS bill description
HB1089,Energy and Utilities,Derived from LIS bill description
HB1090,Energy and Utilities,Derived from LIS bill description
HB1091,Energy and Utilities,Derived from LIS bill description
HB1091,Agriculture and Food,Derived from LIS bill description
HB1092,Labor and Employment,Derived from LIS bill description
HB1093,Housing,Derived from LIS bill description
HB1094,Firearms,Derived from LIS bill description
HB1095,Education,Derived from LIS bill description
HB1099,Education,Derived from LIS bill description
HB1100,Labor and Employment,Derived from LIS bill description
HB1100,Taxes and Revenue,Derived from LIS bill description
HB1101,Taxes and Revenue,Derived from LIS bill description
HB1102,Energy and Utilities,Derived from LIS bill description
HB1104,Health and Healthcare,Derived from LIS bill description
HB1105,Criminal Justice,Derived from LIS bill description
HB1106,Energy and Utilities,Derived from LIS bill description
HB1109,Health and Healthcare,Derived from LIS bill description
HB1112,Energy and Utilities,Derived from LIS bill description
HB1113,Behavioral Health,Derived from LIS bill description
HB1114,Public Safety,Derived from LIS bill description
HB1115,Health and Healthcare,Derived from LIS bill description
HB1115,Transportation,Derived from LIS bill description
HB1116,Health and Healthcare,Derived from LIS bill description
HB1118,Business and Commerce,Derived from LIS bill description
HB1123,Health and Healthcare,Derived from LIS bill description
HB1123,Taxes and Revenue,Derived from LIS bill description
HB1124,Labor and Employment,Derived from LIS bill description
HB1125,Transportation,Derived from LIS bill description
HB1129,Transportation,Derived from LIS bill description
HB1129,Taxes and Revenue,Derived from LIS bill description
HB1130,Labor and Employment,Derived from LIS bill description
HB1131,Elections and Voting,Derived from LIS bill description
HB1132,Energy and Utilities,Derived from LIS bill description
HB1132,Taxes and Revenue,Derived from LIS bill description
HB1133,Energy and Utilities,Derived from LIS bill description
HB1135,Housing,Derived from LIS bill description
HB1135,Taxes and Revenue,Derived from LIS bill description
HB1138,Labor and Employment,Derived from LIS bill description
HB1141,Energy and Utilities,Derived from LIS bill description
HB1142,Courts and Civil Law,Derived from LIS bill description
HB1142,Taxes and Revenue,Derived from LIS bill description
HB1144,Housing,Derived from LIS bill description
HB1145,Transportation,Derived from LIS bill description
HB1147,Education,Derived from LIS bill description
HB1147,Health and Healthcare,Derived from LIS bill description
HB1151,Energy and Utilities,Derived from LIS bill description
HB1155,Taxes and Revenue,Derived from LIS bill description
HB1156,Taxes and Revenue,Derived from LIS bill description
HB1158,Education,Derived from LIS bill description
HB1159,Labor and Employment,Derived from LIS bill description
HB1162,Education,Derived from LIS bill description
HB1162,Criminal Justice,Derived from LIS bill description
HB1164,Labor and Employment,Derived from LIS bill description
HB1165,Education,Derived from LIS bill description
HB1167,Education,Derived from LIS bill description
HB1169,Agriculture and Food,Derived from LIS bill description
HB1170,Technology and Data,Derived from LIS bill description
HB1171,Education,Derived from LIS bill description
HB1172,Health and Healthcare,Derived from LIS bill description
HB1174,Family and Children,Derived from LIS bill description
HB1175,Energy and Utilities,Derived from LIS bill description
HB1179,Transportation,Derived from LIS bill description
HB1180,Taxes and Revenue,Derived from LIS bill description
HB1182,Insurance,Derived from LIS bill description
HB1183,Higher Education,Derived from LIS bill description
HB1184,Energy and Utilities,Derived from LIS bill description
HB1185,Elections and Voting,Derived from LIS bill description
HB1186,Education,Derived from LIS bill description
HB1186,Technology and Data,Derived from LIS bill description
HB1187,Local Government,Derived from LIS bill description
HB1193,Education,Derived from LIS bill description
HB1194,Family and Children,Derived from LIS bill description
HB1195,Education,Derived from LIS bill description
HB1195,Labor and Employment,Derived from LIS bill description
HB1195,Family and Children,Derived from LIS bill description
HB1199,Taxes and Revenue,Derived from LIS bill description
HB1200,Transportation,Derived from LIS bill description
HB1202,Transportation,Derived from LIS bill description
HB1204,Education,Derived from LIS bill description
HB1204,Budget and Appropriations,Derived from LIS bill description
HB1204,Local Government,Derived from LIS bill description
HB1205,Transportation,Derived from LIS bill description
HB1205,Taxes and Revenue,Derived from LIS bill description
HB1206,Education,Derived from LIS bill description
HB1206,Labor and Employment,Derived from LIS bill description
HB1206,State Government,Derived from LIS bill description
HB1207,Courts and Civil Law,Derived from LIS bill description
HB1208,Education,Derived from LIS bill description
HB1208,Family and Children,Derived from LIS bill description
HB1209,Health and Healthcare,Derived from LIS bill description
HB1210,Taxes and Revenue,Derived from LIS bill description
HB1211,Taxes and Revenue,Derived from LIS bill description
HB1213,Elections and Voting,Derived from LIS bill description
HB1214,Insurance,Derived from LIS bill description
HB1216,Labor and Employment,Derived from LIS bill description
HB1218,Labor and Employment,Derived from LIS bill description
HB1218,Family and Children,Derived from LIS bill description
HB1219,Public Safety,Derived from LIS bill description
HB1222,Family and Children,Derived from LIS bill description
HB1222,Social Services,Derived from LIS bill description
HB1224,Transportation,Derived from LIS bill description
HB1225,Transportation,Derived from LIS bill description
HB1226,Education,Derived from LIS bill description
HB1226,Transportation,Derived from LIS bill description
HB1226,Higher Education,Derived from LIS bill description
HB1228,Transportation,Derived from LIS bill description
HB1228,Insurance,Derived from LIS bill description
HB1229,Education,Derived from LIS bill description
HB1230,Taxes and Revenue,Derived from LIS bill description
HB1233,Criminal Justice,Derived from LIS bill description
HB1233,Family and Children,Derived from LIS bill description
HB1234,Energy and Utilities,Derived from LIS bill description
HB1238,Local Government,Derived from LIS bill description
HB1239,Business and Commerce,Derived from LIS bill description
HB1240,Health and Healthcare,Derived from LIS bill description
HB1242,Education,Derived from LIS bill description
HB1242,Higher Education,Derived from LIS bill description
HB1244,Elections and Voting,Derived from LIS bill description
HB1245,Health and Healthcare,Derived from LIS bill description
HB1246,Criminal Justice,Derived from LIS bill description
HB1252,Housing,Derived from LIS bill description
HB1255,Energy and Utilities,Derived from LIS bill description
HB1256,Energy and Utilities,Derived from LIS bill description
HB1258,Taxes and Revenue,Derived from LIS bill description
HB1259,Housing,Derived from LIS bill description
HB1263,Labor and Employment,Derived from LIS bill description
HB1266,Environment and Conservation,Derived from LIS bill description
HB1267,Labor and Employment,Derived from LIS bill description
HB1270,Transportation,Derived from LIS bill description
HB1271,Health and Healthcare,Derived from LIS bill description
HB1271,Insurance,Derived from LIS bill description
HB1273,Transportation,Derived from LIS bill description
HB1274,Local Government,Derived from LIS bill description
HB1275,Energy and Utilities,Derived from LIS bill description
HB1276,Health and Healthcare,Derived from LIS bill description
HB1279,Housing,Derived from LIS bill description
HB1280,Education,Derived from LIS bill description
HB1280,Labor and Employment,Derived from LIS bill description
HB1280,Criminal Justice,Derived from LIS bill description
HB1281,Transportation,Derived from LIS bill description
HB1281,Taxes and Revenue,Derived from LIS bill description
HB1281,Insurance,Derived from LIS bill description
HB1282,Behavioral Health,Derived from LIS bill description
HB1283,Education,Derived from LIS bill description
HB1284,Health and Healthcare,Derived from LIS bill description
HB1285,Health and Healthcare,Derived from LIS bill description
HB1285,Public Safety,Derived from LIS bill description
HB1286,Labor and Employment,Derived from LIS bill description
HB1286,Social Services,Derived from LIS bill description
HB1289,Education,Derived from LIS bill description
HB1290,Transportation,Derived from LIS bill description
HB1290,Business and Commerce,Derived from LIS bill description
HB1294,Technology and Data,Derived from LIS bill description
HB1295,Courts and Civil Law,Derived from LIS bill description
HB1295,Technology and Data,Derived from LIS bill description
HB1296,Labor and Employment,Derived from LIS bill description
HB1296,Insurance,Derived from LIS bill description
HB1297,Social Services,Derived from LIS bill description
HB1300,Firearms,Derived from LIS bill description
HB1301,Education,Derived from LIS bill description
HB1303,Firearms,Derived from LIS bill description
HB1304,Health and Healthcare,Derived from LIS bill description
HB1307,Criminal Justice,Derived from LIS bill description
HB1308,Business and Commerce,Derived from LIS bill description
HB1310,Education,Derived from LIS bill description
HB1311,Labor and Employment,Derived from LIS bill description
HB1311,State Government,Derived from LIS bill description
HB1312,Education,Derived from LIS bill description
HB1313,Labor and Employment,Derived from LIS bill description
HB1313,Public Safety,Derived from LIS bill description
HB1314,Courts and Civil Law,Derived from LIS bill description
HB1316,Agriculture and Food,Derived from LIS bill description
HB1318,Health and Healthcare,Derived from LIS bill description
HB1321,Public Safety,Derived from LIS bill description
HB1323,Education,Derived from LIS bill description
HB1324,Courts and Civil Law,Derived from LIS bill description
HB1324,Agriculture and Food,Derived from LIS bill description
HB1325,Housing,Derived from LIS bill description
HB1326,Criminal Justice,Derived from LIS bill description
HB1329,Criminal Justice,Derived from LIS bill description
HB1331,Education,Derived from LIS bill description
HB1333,Public Safety,Derived from LIS bill description
HB1338,Insurance,Derived from LIS bill description
HB1342,Elections and Voting,Derived from LIS bill description
HB1345,Education,Derived from LIS bill description
HB1345,Environment and Conservation,Derived from LIS bill description
HB1346,Labor and Employment,Derived from LIS bill description
HB1346,Family and Children,Derived from LIS bill description
HB1347,Health and Healthcare,Derived from LIS bill description
HB1348,Elections and Voting,Derived from LIS bill description
HB1349,Local Government,Derived from LIS bill description
HB1351,Labor and Employment,Derived from LIS bill description
HB1351,Taxes and Revenue,Derived from LIS bill description
HB1352,Education,Derived from LIS bill description
HB1352,Transportation,Derived from LIS bill description
HB1354,Education,Derived from LIS bill description
HB1355,Labor and Employment,Derived from LIS bill description
HB1357,Health and Healthcare,Derived from LIS bill description
HB1358,Taxes and Revenue,Derived from LIS bill description
HB1359,Firearms,Derived from LIS bill description
HB1360,Energy and Utilities,Derived from LIS bill description
HB1361,Housing,Derived from LIS bill description
HB1361,Courts and Civil Law,Derived from LIS bill description
HB1362,Taxes and Revenue,Derived from LIS bill description
HB1364,Labor and Employment,Derived from LIS bill description
HB1367,Education,Derived from LIS bill description
HB1368,Courts and Civil Law,Derived from LIS bill description
HB1369,State Government,Derived from LIS bill description
HB1372,Labor and Employment,Derived from LIS bill description
HB1372,Energy and Utilities,Derived from LIS bill description
HB1373,Education,Derived from LIS bill description
HB1377,Education,Derived from LIS bill description
HB1377,Higher Education,Derived from LIS bill description
HB1378,State Government,Derived from LIS bill description
HB1378,Higher Education,Derived from LIS bill description
HB1379,Energy and Utilities,Derived from LIS bill description
HB1380,Health and Healthcare,Derived from LIS bill description
HB1382,Marriage and Domestic Relations,Derived from LIS bill description
HB1383,Higher Education,Derived from LIS bill description
HB1386,Transportation,Derived from LIS bill description
HB1389,Insurance,Derived from LIS bill description
HB1390,Insurance,Derived from LIS bill description
HB1392,Criminal Justice,Derived from LIS bill description
HB1393,Energy and Utilities,Derived from LIS bill description
HB1395,Family and Children,Derived from LIS bill description
HB1400,Behavioral Health,Derived from LIS bill description
HB1400,Insurance,Derived from LIS bill description
HB1404,Local Government,Derived from LIS bill description
HB1405,Social Services,Derived from LIS bill description
HB1406,Marriage and Domestic Relations,Derived from LIS bill description
HB1408,Housing,Derived from LIS bill description
HB1409,Housing,Derived from LIS bill description
HB1410,Education,Derived from LIS bill description
HB1412,Taxes and Revenue,Derived from LIS bill description
HB1413,Criminal Justice,Derived from LIS bill description
HB1414,Health and Healthcare,Derived from LIS bill description
HB1414,Family and Children,Derived from LIS bill description
HB1415,Housing,Derived from LIS bill description
HB1416,Health and Healthcare,Derived from LIS bill description
HB1417,Transportation,Derived from LIS bill description
HB1417,Courts and Civil Law,Derived from LIS bill description
HB1418,Education,Derived from LIS bill description
HB1419,Elections and Voting,Derived from LIS bill description
HB1420,Labor and Employment,Derived from LIS bill description
HB1420,Energy and Utilities,Derived from LIS bill description
HB1421,State Government,Derived from LIS bill description
HB1422,Energy and Utilities,Derived from LIS bill description
HB1422,Taxes and Revenue,Derived from LIS bill description
HB1426,Courts and Civil Law,Derived from LIS bill description
HB1427,Firearms,Derived from LIS bill description
HB1430,Local Government,Derived from LIS bill description
HB1434,Health and Healthcare,Derived from LIS bill description
HB1435,Agriculture and Food,Derived from LIS bill description
HB1437,Education,Derived from LIS bill description
HB1438,State Government,Derived from LIS bill description
HB1439,Energy and Utilities,Derived from LIS bill description
HB1442,Elections and Voting,Derived from LIS bill description
HB1444,Energy and Utilities,Derived from LIS bill description
HB1445,Energy and Utilities,Derived from LIS bill description
HB1446,Health and Healthcare,Derived from LIS bill description
HB1447,Elections and Voting,Derived from LIS bill description
HB1447,Business and Commerce,Derived from LIS bill description
HB1450,Insurance,Derived from LIS bill description
HB1451,Labor and Employment,Derived from LIS bill description
HB1452,Health and Healthcare,Derived from LIS bill description
HB1454,Education,Derived from LIS bill description
HB1454,Taxes and Revenue,Derived from LIS bill description
HB1457,Transportation,Derived from LIS bill description
HB1457,Business and Commerce,Derived from LIS bill description
HB1458,Health and Healthcare,Derived from LIS bill description
HB1460,Education,Derived from LIS bill description
HB1461,Taxes and Revenue,Derived from LIS bill description
HB1462,Health and Healthcare,Derived from LIS bill description
HB1462,Insurance,Derived from LIS bill description
HB1464,Criminal Justice,Derived from LIS bill description
HB1467,Energy and Utilities,Derived from LIS bill description
HB1468,Insurance,Derived from LIS bill description
HB1469,Transportation,Derived from LIS bill description
HB1470,Education,Derived from LIS bill description
HB1471,Labor and Employment,Derived from LIS bill description
HB1471,Criminal Justice,Derived from LIS bill description
HB1473,Education,Derived from LIS bill description
HB1474,Taxes and Revenue,Derived from LIS bill description
HB1479,Courts and Civil Law,Derived from LIS bill description
HB1480,Transportation,Derived from LIS bill description
HB1481,Labor and Employment,Derived from LIS bill description
HB1482,Public Safety,Derived from LIS bill description
HB1483,Elections and Voting,Derived from LIS bill description
HB1483,Local Government,Derived from LIS bill description
HB1485,Courts and Civil Law,Derived from LIS bill description
HB1486,Education,Derived from LIS bill description
HB1488,Public Safety,Derived from LIS bill description
HB1489,Health and Healthcare,Derived from LIS bill description
HB1490,Family and Children,Derived from LIS bill description
HB1491,Energy and Utilities,Derived from LIS bill description
HB1492,Public Safety,Derived from LIS bill description
HB1494,Transportation,Derived from LIS bill description
HB1495,Health and Healthcare,Derived from LIS bill description
HB1496,Elections and Voting,Derived from LIS bill description
HB1500,Criminal Justice,Derived from LIS bill description
HB1501,Health and Healthcare,Derived from LIS bill description
HB1502,Business and Commerce,Derived from LIS bill description
HB1503,Education,Derived from LIS bill description
HB1504,Health and Healthcare,Derived from LIS bill description
HB1508,Criminal Justice,Derived from LIS bill description
HB1512,Energy and Utilities,Derived from LIS bill description
HB1514,Labor and Employment,Derived from LIS bill description
HB1514,Technology and Data,Derived from LIS bill description
HB1520,Labor and Employment,Derived from LIS bill description
HB1520,Marriage and Domestic Relations,Derived from LIS bill description
HB1522,Health and Healthcare,Derived from LIS bill description
HB1524,Firearms,Derived from LIS bill description
HB1525,Transportation,Derived from LIS bill description
HB1525,Firearms,Derived from LIS bill description
HB1526,Insurance,Derived from LIS bill description
HB1528,Elections and Voting,Derived from LIS bill description
HB1529,Health and Healthcare,Derived from LIS bill description
HJ7,Education,Derived from LIS bill description
HJ7,Labor and Employment,Derived from LIS bill description
HJ9,Education,Derived from LIS bill description
HJ14,Transportation,Derived from LIS bill description
HJ15,Taxes and Revenue,Derived from LIS bill description
HJ21,Criminal Justice,Derived from LIS bill description
HJ26,Transportation,Derived from LIS bill description
HJ27,Education,Derived from LIS bill description
HJ27,Higher Education,Derived from LIS bill description
HJ28,Transportation,Derived from LIS bill description
HJ32,Technology and Data,Derived from LIS bill description
HJ34,Taxes and Revenue,Derived from LIS bill description
HJ35,Health and Healthcare,Derived from LIS bill description
HJ36,Technology and Data,Derived from LIS bill description
HJ40,Education,Derived from LIS bill description
HJ44,Energy and Utilities,Derived from LIS bill description
HJ45,Elections and Voting,Derived from LIS bill description
HJ49,Education,Derived from LIS bill description
HJ50,Elections and Voting,Derived from LIS bill description
HJ51,Business and Commerce,Derived from LIS bill description
HJ56,Criminal Justice,Derived from LIS bill description
HJ56,Local Government,Derived from LIS bill description
HJ79,Agriculture and Food,Derived from LIS bill description
HJ95,Education,Derived from LIS bill description
HJ102,Education,Derived from LIS bill description
HJ104,Education,Derived from LIS bill description
HJ156,Transportation,Derived from LIS bill description
HJ159,Higher Education,Derived from LIS bill description
HJ161,Education,Derived from LIS bill description
HJ191,Agriculture and Food,Derived from LIS bill description
HJ193,Business and Commerce,Derived from LIS bill description
HJ206,Health and Healthcare,Derived from LIS bill description
HJ239,Education,Derived from LIS bill description
HJ243,Education,Derived from LIS bill description
HJ244,Education,Derived from LIS bill description
HJ247,Environment and Conservation,Derived from LIS bill description
HJ249,Education,Derived from LIS bill description
HJ263,Education,Derived from LIS bill description
HJ264,Environment and Conservation,Derived from LIS bill description
HJ274,Health and Healthcare,Derived from LIS bill description
HJ284,Education,Derived from LIS bill description
HJ288,Public Safety,Derived from LIS bill description
HJ291,Business and Commerce,Derived from LIS bill description
HJ310,Health and Healthcare,Derived from LIS bill description
HJ310,Public Safety,Derived from LIS bill description
HJ314,Marriage and Domestic Relations,Derived from LIS bill description
HJ315,Marriage and Domestic Relations,Derived from LIS bill description
HR9,Labor and Employment,Derived from LIS bill description
HR14,Education,Derived from LIS bill description
HR18,Agriculture and Food,Derived from LIS bill description
HR23,Health and Healthcare,Derived from LIS bill description
HR26,Marriage and Domestic Relations,Derived from LIS bill description
HR28,Labor and Employment,Derived from LIS bill description
HR29,Education,Derived from LIS bill description
HR46,Education,Derived from LIS bill description
HR49,Agriculture and Food,Derived from LIS bill description
HR52,Environment and Conservation,Derived from LIS bill description
HR58,Education,Derived from LIS bill description
HR62,Education,Derived from LIS bill description
HR74,Education,Derived from LIS bill description
HR80,Education,Derived from LIS bill description
HR82,Education,Derived from LIS bill description
HR91,Health and Healthcare,Derived from LIS bill description
HR118,Education,Derived from LIS bill description
HR126,Health and Healthcare,Derived from LIS bill description
HR155,Education,Derived from LIS bill description
HR163,Education,Derived from LIS bill description
HR169,Education,Derived from LIS bill description
HR173,Education,Derived from LIS bill description
HR180,Family and Children,Derived from LIS bill description
HR185,Business and Commerce,Derived from LIS bill description
HR186,Business and Commerce,Derived from LIS bill description
HR188,Business and Commerce,Derived from LIS bill description
HR192,Business and Commerce,Derived from LIS bill description
HR193,Business and Commerce,Derived from LIS bill description
HR194,Elections and Voting,Derived from LIS bill description
HR200,Education,Derived from LIS bill description
HR212,Education,Derived from LIS bill description
HR264,Education,Derived from LIS bill description
HR267,Education,Derived from LIS bill description
HR272,Education,Derived from LIS bill description
HR280,Education,Derived from LIS bill description
HR289,Education,Derived from LIS bill description
HR291,Education,Derived from LIS bill description
HR292,Education,Derived from LIS bill description
HR294,Education,Derived from LIS bill description
HR306,Education,Derived from LIS bill description
HR315,Education,Derived from LIS bill description
HR333,Environment and Conservation,Derived from LIS bill description
HR351,Education,Derived from LIS bill description
HR352,Education,Derived from LIS bill description
HR354,Education,Derived from LIS bill description
HR367,Education,Derived from LIS bill description
HR374,Education,Derived from LIS bill description
HR375,Education,Derived from LIS bill description
HR391,Marriage and Domestic Relations,Derived from LIS bill description
HR404,Education,Derived from LIS bill description
HR405,Education,Derived from LIS bill description
HR419,Education,Derived from LIS bill description
HR426,Education,Derived from LIS bill description
HR427,Education,Derived from LIS bill description
HR428,Education,Derived from LIS bill description
HR431,Education,Derived from LIS bill description
HR444,Health and Healthcare,Derived from LIS bill description
HR450,Education,Derived from LIS bill description
HR453,Education,Derived from LIS bill description
HR459,Education,Derived from LIS bill description
HR465,Education,Derived from LIS bill description
HR485,Marriage and Domestic Relations,Derived from LIS bill description
HR2007,Education,Derived from LIS bill description
SB29,Budget and Appropriations,Derived from LIS bill description
SB30,Budget and Appropriations,Derived from LIS bill description
SB33,Education,Derived from LIS bill description
SB34,Elections and Voting,Derived from LIS bill description
SB35,Behavioral Health,Derived from LIS bill description
SB35,Marriage and Domestic Relations,Derived from LIS bill description
SB36,Family and Children,Derived from LIS bill description
SB38,Firearms,Derived from LIS bill description
SB39,Education,Derived from LIS bill description
SB40,Energy and Utilities,Derived from LIS bill description
SB41,Transportation,Derived from LIS bill description
SB42,Education,Derived from LIS bill description
SB43,Energy and Utilities,Derived from LIS bill description
SB44,Local Government,Derived from LIS bill description
SB46,Elections and Voting,Derived from LIS bill description
SB47,Public Safety,Derived from LIS bill description
SB48,Housing,Derived from LIS bill description
SB50,Local Government,Derived from LIS bill description
SB51,Elections and Voting,Derived from LIS bill description
SB52,Elections and Voting,Derived from LIS bill description
SB53,Public Safety,Derived from LIS bill description
SB55,Criminal Justice,Derived from LIS bill description
SB55,Family and Children,Derived from LIS bill description
SB57,Elections and Voting,Derived from LIS bill description
SB58,Elections and Voting,Derived from LIS bill description
SB59,Transportation,Derived from LIS bill description
SB60,Criminal Justice,Derived from LIS bill description
SB62,Criminal Justice,Derived from LIS bill description
SB65,Labor and Employment,Derived from LIS bill description
SB65,Elections and Voting,Derived from LIS bill description
SB65,State Government,Derived from LIS bill description
SB66,Taxes and Revenue,Derived from LIS bill description
SB67,Local Government,Derived from LIS bill description
SB69,Energy and Utilities,Derived from LIS bill description
SB70,Courts and Civil Law,Derived from LIS bill description
SB71,Health and Healthcare,Derived from LIS bill description
SB72,Energy and Utilities,Derived from LIS bill description
SB73,Education,Derived from LIS bill description
SB73,Health and Healthcare,Derived from LIS bill description
SB74,Housing,Derived from LIS bill description
SB75,Transportation,Derived from LIS bill description
SB76,Elections and Voting,Derived from LIS bill description
SB78,Criminal Justice,Derived from LIS bill description
SB78,Firearms,Derived from LIS bill description
SB79,Firearms,Derived from LIS bill description
SB81,Transportation,Derived from LIS bill description
SB81,Public Safety,Derived from LIS bill description
SB86,Firearms,Derived from LIS bill description
SB87,Local Government,Derived from LIS bill description
SB90,Education,Derived from LIS bill description
SB92,Education,Derived from LIS bill description
SB93,Housing,Derived from LIS bill description
SB93,Taxes and Revenue,Derived from LIS bill description
SB94,Energy and Utilities,Derived from LIS bill description
SB96,Taxes and Revenue,Derived from LIS bill description
SB97,Education,Derived from LIS bill description
SB97,Social Services,Derived from LIS bill description
SB99,Health and Healthcare,Derived from LIS bill description
SB100,Labor and Employment,Derived from LIS bill description
SB100,Courts and Civil Law,Derived from LIS bill description
SB101,Health and Healthcare,Derived from LIS bill description
SB101,Transportation,Derived from LIS bill description
SB102,Education,Derived from LIS bill description
SB104,Energy and Utilities,Derived from LIS bill description
SB108,Education,Derived from LIS bill description
SB109,Education,Derived from LIS bill description
SB109,Firearms,Derived from LIS bill description
SB114,Health and Healthcare,Derived from LIS bill description
SB114,Labor and Employment,Derived from LIS bill description
SB115,Firearms,Derived from LIS bill description
SB117,Education,Derived from LIS bill description
SB118,Technology and Data,Derived from LIS bill description
SB119,Labor and Employment,Derived from LIS bill description
SB119,Family and Children,Derived from LIS bill description
SB119,Social Services,Derived from LIS bill description
SB120,Labor and Employment,Derived from LIS bill description
SB120,Courts and Civil Law,Derived from LIS bill description
SB121,Labor and Employment,Derived from LIS bill description
SB121,Agriculture and Food,Derived from LIS bill description
SB122,Education,Derived from LIS bill description
SB123,Education,Derived from LIS bill description
SB125,Family and Children,Derived from LIS bill description
SB126,Elections and Voting,Derived from LIS bill description
SB128,Health and Healthcare,Derived from LIS bill description
SB129,Taxes and Revenue,Derived from LIS bill description
SB130,Energy and Utilities,Derived from LIS bill description
SB131,State Government,Derived from LIS bill description
SB133,Behavioral Health,Derived from LIS bill description
SB133,Family and Children,Derived from LIS bill description
SB134,Education,Derived from LIS bill description
SB134,Family and Children,Derived from LIS bill description
SB135,Transportation,Derived from LIS bill description
SB136,Criminal Justice,Derived from LIS bill description
SB137,Health and Healthcare,Derived from LIS bill description
SB139,Taxes and Revenue,Derived from LIS bill description
SB140,Behavioral Health,Derived from LIS bill description
SB141,Elections and Voting,Derived from LIS bill description
SB143,Taxes and Revenue,Derived from LIS bill description
SB145,Transportation,Derived from LIS bill description
SB146,Transportation,Derived from LIS bill description
SB146,Criminal Justice,Derived from LIS bill description
SB146,Firearms,Derived from LIS bill description
SB146,Family and Children,Derived from LIS bill description
SB148,Taxes and Revenue,Derived from LIS bill description
SB151,Education,Derived from LIS bill description
SB152,Agriculture and Food,Derived from LIS bill description
SB156,Health and Healthcare,Derived from LIS bill description
SB156,Transportation,Derived from LIS bill description
SB156,Public Safety,Derived from LIS bill description
SB160,Firearms,Derived from LIS bill description
SB161,Insurance,Derived from LIS bill description
SB162,Elections and Voting,Derived from LIS bill description
SB164,Insurance,Derived from LIS bill description
SB166,Insurance,Derived from LIS bill description
SB170,Labor and Employment,Derived from LIS bill description
SB171,Education,Derived from LIS bill description
SB171,Family and Children,Derived from LIS bill description
SB172,Insurance,Derived from LIS bill description
SB173,Health and Healthcare,Derived from LIS bill description
SB173,Behavioral Health,Derived from LIS bill description
SB173,Firearms,Derived from LIS bill description
SB174,Education,Derived from LIS bill description
SB175,Energy and Utilities,Derived from LIS bill description
SB176,Elections and Voting,Derived from LIS bill description
SB177,Business and Commerce,Derived from LIS bill description
SB179,Elections and Voting,Derived from LIS bill description
SB179,Local Government,Derived from LIS bill description
SB181,Taxes and Revenue,Derived from LIS bill description
SB184,Business and Commerce,Derived from LIS bill description
SB186,Agriculture and Food,Derived from LIS bill description
SB187,Taxes and Revenue,Derived from LIS bill description
SB189,Business and Commerce,Derived from LIS bill description
SB190,Education,Derived from LIS bill description
SB191,Transportation,Derived from LIS bill description
SB192,Local Government,Derived from LIS bill description
SB196,Education,Derived from LIS bill description
SB199,Labor and Employment,Derived from LIS bill description
SB201,Family and Children,Derived from LIS bill description
SB202,Elections and Voting,Derived from LIS bill description
SB203,Education,Derived from LIS bill description
SB206,Marriage and Domestic Relations,Derived from LIS bill description
SB207,Health and Healthcare,Derived from LIS bill description
SB209,Criminal Justice,Derived from LIS bill description
SB211,Taxes and Revenue,Derived from LIS bill description
SB213,Labor and Employment,Derived from LIS bill description
SB214,Education,Derived from LIS bill description
SB215,Labor and Employment,Derived from LIS bill description
SB218,Criminal Justice,Derived from LIS bill description
SB220,Education,Derived from LIS bill description
SB221,Local Government,Derived from LIS bill description
SB222,Criminal Justice,Derived from LIS bill description
SB223,Energy and Utilities,Derived from LIS bill description
SB225,Energy and Utilities,Derived from LIS bill description
SB228,Courts and Civil Law,Derived from LIS bill description
SB228,Insurance,Derived from LIS bill description
SB228,Local Government,Derived from LIS bill description
SB231,State Government,Derived from LIS bill description
SB231,Higher Education,Derived from LIS bill description
SB232,Family and Children,Derived from LIS bill description
SB234,Education,Derived from LIS bill description
SB236,Taxes and Revenue,Derived from LIS bill description
SB237,Courts and Civil Law,Derived from LIS bill description
SB240,Business and Commerce,Derived from LIS bill description
SB242,Education,Derived from LIS bill description
SB242,Higher Education,Derived from LIS bill description
SB243,Social Services,Derived from LIS bill description
SB245,Education,Derived from LIS bill description
SB246,Business and Commerce,Derived from LIS bill description
SB247,Health and Healthcare,Derived from LIS bill description
SB249,Energy and Utilities,Derived from LIS bill description
SB250,Energy and Utilities,Derived from LIS bill description
SB251,Energy and Utilities,Derived from LIS bill description
SB252,Energy and Utilities,Derived from LIS bill description
SB253,Energy and Utilities,Derived from LIS bill description
SB254,Energy and Utilities,Derived from LIS bill description
SB255,Energy and Utilities,Derived from LIS bill description
SB256,Energy and Utilities,Derived from LIS bill description
SB256,Environment and Conservation,Derived from LIS bill description
SB257,Behavioral Health,Derived from LIS bill description
SB257,Insurance,Derived from LIS bill description
SB259,Behavioral Health,Derived from LIS bill description
SB262,Courts and Civil Law,Derived from LIS bill description
SB263,Business and Commerce,Derived from LIS bill description
SB264,Education,Derived from LIS bill description
SB267,Energy and Utilities,Derived from LIS bill description
SB268,Taxes and Revenue,Derived from LIS bill description
SB269,Behavioral Health,Derived from LIS bill description
SB269,Technology and Data,Derived from LIS bill description
SB272,Education,Derived from LIS bill description
SB272,Firearms,Derived from LIS bill description
SB272,Higher Education,Derived from LIS bill description
SB273,Housing,Derived from LIS bill description
SB275,Health and Healthcare,Derived from LIS bill description
SB276,Criminal Justice,Derived from LIS bill description
SB277,Elections and Voting,Derived from LIS bill description
SB284,Education,Derived from LIS bill description
SB286,State Government,Derived from LIS bill description
SB287,Transportation,Derived from LIS bill description
SB288,Labor and Employment,Derived from LIS bill description
SB290,Housing,Derived from LIS bill description
SB290,Local Government,Derived from LIS bill description
SB291,State Government,Derived from LIS bill description
SB294,Housing,Derived from LIS bill description
SB294,Energy and Utilities,Derived from LIS bill description
SB295,Education,Derived from LIS bill description
SB298,Elections and Voting,Derived from LIS bill description
SB299,Education,Derived from LIS bill description
SB299,Higher Education,Derived from LIS bill description
SB305,Criminal Justice,Derived from LIS bill description
SB305,Family and Children,Derived from LIS bill description
SB306,Transportation,Derived from LIS bill description
SB306,Local Government,Derived from LIS bill description
SB307,Criminal Justice,Derived from LIS bill description
SB308,Behavioral Health,Derived from LIS bill description
SB309,Education,Derived from LIS bill description
SB311,Marriage and Domestic Relations,Derived from LIS bill description
SB312,Firearms,Derived from LIS bill description
SB313,Housing,Derived from LIS bill description
SB317,Behavioral Health,Derived from LIS bill description
SB318,Business and Commerce,Derived from LIS bill description
SB318,Local Government,Derived from LIS bill description
SB319,Labor and Employment,Derived from LIS bill description
SB321,Transportation,Derived from LIS bill description
SB323,Firearms,Derived from LIS bill description
SB324,Business and Commerce,Derived from LIS bill description
SB325,Housing,Derived from LIS bill description
SB326,Business and Commerce,Derived from LIS bill description
SB327,Energy and Utilities,Derived from LIS bill description
SB327,Environment and Conservation,Derived from LIS bill description
SB328,Labor and Employment,Derived from LIS bill description
SB329,Criminal Justice,Derived from LIS bill description
SB329,Family and Children,Derived from LIS bill description
SB330,Criminal Justice,Derived from LIS bill description
SB332,Health and Healthcare,Derived from LIS bill description
SB339,Energy and Utilities,Derived from LIS bill description
SB340,Energy and Utilities,Derived from LIS bill description
SB342,Environment and Conservation,Derived from LIS bill description
SB344,Environment and Conservation,Derived from LIS bill description
SB347,Energy and Utilities,Derived from LIS bill description
SB348,Firearms,Derived from LIS bill description
SB348,Family and Children,Derived from LIS bill description
SB349,Housing,Derived from LIS bill description
SB350,Elections and Voting,Derived from LIS bill description
SB352,Public Safety,Derived from LIS bill description
SB354,Local Government,Derived from LIS bill description
SB357,Health and Healthcare,Derived from LIS bill description
SB359,Health and Healthcare,Derived from LIS bill description
SB361,Insurance,Derived from LIS bill description
SB362,Insurance,Derived from LIS bill description
SB365,Technology and Data,Derived from LIS bill description
SB366,Business and Commerce,Derived from LIS bill description
SB367,Housing,Derived from LIS bill description
SB368,Elections and Voting,Derived from LIS bill description
SB370,Labor and Employment,Derived from LIS bill description
SB371,Energy and Utilities,Derived from LIS bill description
SB372,Labor and Employment,Derived from LIS bill description
SB373,Housing,Derived from LIS bill description
SB376,Transportation,Derived from LIS bill description
SB378,Labor and Employment,Derived from LIS bill description
SB379,Health and Healthcare,Derived from LIS bill description
SB380,Taxes and Revenue,Derived from LIS bill description
SB382,Energy and Utilities,Derived from LIS bill description
SB384,Technology and Data,Derived from LIS bill description
SB388,Housing,Derived from LIS bill description
SB389,Health and Healthcare,Derived from LIS bill description
SB389,Transportation,Derived from LIS bill description
SB389,Public Safety,Derived from LIS bill description
SB392,Housing,Derived from LIS bill description
SB393,Environment and Conservation,Derived from LIS bill description
SB394,Education,Derived from LIS bill description
SB394,Technology and Data,Derived from LIS bill description
SB395,Transportation,Derived from LIS bill description
SB395,Public Safety,Derived from LIS bill description
SB396,Transportation,Derived from LIS bill description
SB400,Taxes and Revenue,Derived from LIS bill description
SB402,Housing,Derived from LIS bill description
SB402,Insurance,Derived from LIS bill description
SB405,Health and Healthcare,Derived from LIS bill description
SB405,Labor and Employment,Derived from LIS bill description
SB407,Transportation,Derived from LIS bill description
SB410,Health and Healthcare,Derived from LIS bill description
SB413,Health and Healthcare,Derived from LIS bill description
SB413,Insurance,Derived from LIS bill description
SB415,Energy and Utilities,Derived from LIS bill description
SB416,Criminal Justice,Derived from LIS bill description
SB418,Health and Healthcare,Derived from LIS bill description
SB421,Health and Healthcare,Derived from LIS bill description
SB421,Behavioral Health,Derived from LIS bill description
SB422,Environment and Conservation,Derived from LIS bill description
SB423,Energy and Utilities,Derived from LIS bill description
SB425,Environment and Conservation,Derived from LIS bill description
SB427,Education,Derived from LIS bill description
SB429,Health and Healthcare,Derived from LIS bill description
SB430,Labor and Employment,Derived from LIS bill description
SB430,Local Government,Derived from LIS bill description
SB436,Transportation,Derived from LIS bill description
SB438,Elections and Voting,Derived from LIS bill description
SB443,Energy and Utilities,Derived from LIS bill description
SB443,Business and Commerce,Derived from LIS bill description
SB444,Criminal Justice,Derived from LIS bill description
SB445,Education,Derived from LIS bill description
SB445,Transportation,Derived from LIS bill description
SB445,Higher Education,Derived from LIS bill description
SB448,Energy and Utilities,Derived from LIS bill description
SB449,Elections and Voting,Derived from LIS bill description
SB450,Education,Derived from LIS bill description
SB451,Courts and Civil Law,Derived from LIS bill description
SB456,Education,Derived from LIS bill description
SB457,Energy and Utilities,Derived from LIS bill description
SB458,Energy and Utilities,Derived from LIS bill description
SB460,Labor and Employment,Derived from LIS bill description
SB460,Insurance,Derived from LIS bill description
SB461,Business and Commerce,Derived from LIS bill description
SB463,Family and Children,Derived from LIS bill description
SB464,Agriculture and Food,Derived from LIS bill description
SB465,Taxes and Revenue,Derived from LIS bill description
SB466,Energy and Utilities,Derived from LIS bill description
SB468,Local Government,Derived from LIS bill description
SB470,Energy and Utilities,Derived from LIS bill description
SB476,Health and Healthcare,Derived from LIS bill description
SB476,Insurance,Derived from LIS bill description
SB479,Business and Commerce,Derived from LIS bill description
SB480,Criminal Justice,Derived from LIS bill description
SB481,Public Safety,Derived from LIS bill description
SB483,Health and Healthcare,Derived from LIS bill description
SB485,Family and Children,Derived from LIS bill description
SB487,Energy and Utilities,Derived from LIS bill description
SB488,Housing,Derived from LIS bill description
SB488,Local Government,Derived from LIS bill description
SB490,Housing,Derived from LIS bill description
SB491,Education,Derived from LIS bill description
SB492,Education,Derived from LIS bill description
SB493,Business and Commerce,Derived from LIS bill description
SB495,Firearms,Derived from LIS bill description
SB496,Transportation,Derived from LIS bill description
SB496,Firearms,Derived from LIS bill description
SB497,Transportation,Derived from LIS bill description
SB500,Health and Healthcare,Derived from LIS bill description
SB500,Insurance,Derived from LIS bill description
SB501,Family and Children,Derived from LIS bill description
SB502,Elections and Voting,Derived from LIS bill description
SB505,Energy and Utilities,Derived from LIS bill description
SB508,Energy and Utilities,Derived from LIS bill description
SB509,Energy and Utilities,Derived from LIS bill description
SB510,Energy and Utilities,Derived from LIS bill description
SB511,Education,Derived from LIS bill description
SB512,Energy and Utilities,Derived from LIS bill description
SB513,Behavioral Health,Derived from LIS bill description
SB515,Energy and Utilities,Derived from LIS bill description
SB516,Energy and Utilities,Derived from LIS bill description
SB518,Labor and Employment,Derived from LIS bill description
SB519,Environment and Conservation,Derived from LIS bill description
SB520,Labor and Employment,Derived from LIS bill description
SB522,Environment and Conservation,Derived from LIS bill description
SB524,Behavioral Health,Derived from LIS bill description
SB525,Public Safety,Derived from LIS bill description
SB526,Elections and Voting,Derived from LIS bill description
SB528,Criminal Justice,Derived from LIS bill description
SB529,Education,Derived from LIS bill description
SB529,Labor and Employment,Derived from LIS bill description
SB530,Labor and Employment,Derived from LIS bill description
SB533,Elections and Voting,Derived from LIS bill description
SB534,Transportation,Derived from LIS bill description
SB535,Health and Healthcare,Derived from LIS bill description
SB535,Courts and Civil Law,Derived from LIS bill description
SB535,Insurance,Derived from LIS bill description
SB536,Health and Healthcare,Derived from LIS bill description
SB537,Labor and Employment,Derived from LIS bill description
SB537,Courts and Civil Law,Derived from LIS bill description
SB538,Criminal Justice,Derived from LIS bill description
SB544,Elections and Voting,Derived from LIS bill description
SB550,Transportation,Derived from LIS bill description
SB551,Energy and Utilities,Derived from LIS bill description
SB554,Energy and Utilities,Derived from LIS bill description
SB555,Health and Healthcare,Derived from LIS bill description
SB556,Family and Children,Derived from LIS bill description
SB560,Education,Derived from LIS bill description
SB561,Education,Derived from LIS bill description
SB562,Energy and Utilities,Derived from LIS bill description
SB562,Environment and Conservation,Derived from LIS bill description
SB563,Family and Children,Derived from LIS bill description
SB564,Social Services,Derived from LIS bill description
SB566,Labor and Employment,Derived from LIS bill description
SB568,Education,Derived from LIS bill description
SB569,Labor and Employment,Derived from LIS bill description
SB572,Taxes and Revenue,Derived from LIS bill description
SB575,Business and Commerce,Derived from LIS bill description
SB576,Education,Derived from LIS bill description
SB577,Housing,Derived from LIS bill description
SB580,Health and Healthcare,Derived from LIS bill description
SB581,Elections and Voting,Derived from LIS bill description
SB582,Elections and Voting,Derived from LIS bill description
SB584,Elections and Voting,Derived from LIS bill description
SB586,Health and Healthcare,Derived from LIS bill description
SB586,Technology and Data,Derived from LIS bill description
SB587,Transportation,Derived from LIS bill description
SB588,Energy and Utilities,Derived from LIS bill description
SB589,Environment and Conservation,Derived from LIS bill description
SB589,Local Government,Derived from LIS bill description
SB591,Taxes and Revenue,Derived from LIS bill description
SB592,Education,Derived from LIS bill description
SB593,Health and Healthcare,Derived from LIS bill description
SB593,Transportation,Derived from LIS bill description
SB593,Public Safety,Derived from LIS bill description
SB593,Insurance,Derived from LIS bill description
SB594,Transportation,Derived from LIS bill description
SB594,Insurance,Derived from LIS bill description
SB597,Labor and Employment,Derived from LIS bill description
SB597,Taxes and Revenue,Derived from LIS bill description
SB598,Energy and Utilities,Derived from LIS bill description
SB599,Behavioral Health,Derived from LIS bill description
SB601,Education,Derived from LIS bill description
SB603,Education,Derived from LIS bill description
SB607,Taxes and Revenue,Derived from LIS bill description
SB610,Taxes and Revenue,Derived from LIS bill description
SB611,Labor and Employment,Derived from LIS bill description
SB612,Taxes and Revenue,Derived from LIS bill description
SB618,Education,Derived from LIS bill description
SB619,Energy and Utilities,Derived from LIS bill description
SB621,Energy and Utilities,Derived from LIS bill description
SB623,Agriculture and Food,Derived from LIS bill description
SB625,Education,Derived from LIS bill description
SB625,Health and Healthcare,Derived from LIS bill description
SB626,Insurance,Derived from LIS bill description
SB627,Energy and Utilities,Derived from LIS bill description
SB628,Housing,Derived from LIS bill description
SB630,Insurance,Derived from LIS bill description
SB632,Elections and Voting,Derived from LIS bill description
SB633,Health and Healthcare,Derived from LIS bill description
SB633,Public Safety,Derived from LIS bill description
SB634,Criminal Justice,Derived from LIS bill description
SB638,Transportation,Derived from LIS bill description
SB639,Education,Derived from LIS bill description
SB639,Transportation,Derived from LIS bill description
SB640,Family and Children,Derived from LIS bill description
SB642,Insurance,Derived from LIS bill description
SB643,Transportation,Derived from LIS bill description
SB643,Firearms,Derived from LIS bill description
SB644,Labor and Employment,Derived from LIS bill description
SB645,Energy and Utilities,Derived from LIS bill description
SB645,Environment and Conservation,Derived from LIS bill description
SB647,Public Safety,Derived from LIS bill description
SB649,Taxes and Revenue,Derived from LIS bill description
SB650,Energy and Utilities,Derived from LIS bill description
SB655,Family and Children,Derived from LIS bill description
SB657,Criminal Justice,Derived from LIS bill description
SB658,Elections and Voting,Derived from LIS bill description
SB659,Energy and Utilities,Derived from LIS bill description
SB661,Taxes and Revenue,Derived from LIS bill description
SB661,Business and Commerce,Derived from LIS bill description
SB662,Taxes and Revenue,Derived from LIS bill description
SB663,Transportation,Derived from LIS bill description
SB664,Taxes and Revenue,Derived from LIS bill description
SB667,Labor and Employment,Derived from LIS bill description
SB668,Health and Healthcare,Derived from LIS bill description
SB669,Health and Healthcare,Derived from LIS bill description
SB670,Business and Commerce,Derived from LIS bill description
SB673,Technology and Data,Derived from LIS bill description
SB674,Taxes and Revenue,Derived from LIS bill description
SB675,Health and Healthcare,Derived from LIS bill description
SB675,Public Safety,Derived from LIS bill description
SB675,Local Government,Derived from LIS bill description
SB676,Taxes and Revenue,Derived from LIS bill description
SB678,Education,Derived from LIS bill description
SB678,Family and Children,Derived from LIS bill description
SB681,Elections and Voting,Derived from LIS bill description
SB684,Environment and Conservation,Derived from LIS bill description
SB686,Transportation,Derived from LIS bill description
SB688,Elections and Voting,Derived from LIS bill description
SB689,Labor and Employment,Derived from LIS bill description
SB690,Behavioral Health,Derived from LIS bill description
SB692,Education,Derived from LIS bill description
SB693,Transportation,Derived from LIS bill description
SB693,Insurance,Derived from LIS bill description
SB694,Taxes and Revenue,Derived from LIS bill description
SB695,Education,Derived from LIS bill description
SB695,Labor and Employment,Derived from LIS bill description
SB696,Taxes and Revenue,Derived from LIS bill description
SB697,Taxes and Revenue,Derived from LIS bill description
SB700,Energy and Utilities,Derived from LIS bill description
SB702,Taxes and Revenue,Derived from LIS bill description
SB703,Education,Derived from LIS bill description
SB705,Budget and Appropriations,Derived from LIS bill description
SB706,Behavioral Health,Derived from LIS bill description
SB708,Health and Healthcare,Derived from LIS bill description
SB710,Taxes and Revenue,Derived from LIS bill description
SB711,Local Government,Derived from LIS bill description
SB716,Transportation,Derived from LIS bill description
SB717,Transportation,Derived from LIS bill description
SB719,Environment and Conservation,Derived from LIS bill description
SB719,Agriculture and Food,Derived from LIS bill description
SB723,Firearms,Derived from LIS bill description
SB724,Education,Derived from LIS bill description
SB727,Firearms,Derived from LIS bill description
SB730,Taxes and Revenue,Derived from LIS bill description
SB730,Technology and Data,Derived from LIS bill description
SB731,Labor and Employment,Derived from LIS bill description
SB731,Transportation,Derived from LIS bill description
SB732,Education,Derived from LIS bill description
SB732,Taxes and Revenue,Derived from LIS bill description
SB733,Education,Derived from LIS bill description
SB733,Budget and Appropriations,Derived from LIS bill description
SB733,Local Government,Derived from LIS bill description
SB737,Labor and Employment,Derived from LIS bill description
SB738,Health and Healthcare,Derived from LIS bill description
SB741,Insurance,Derived from LIS bill description
SB742,Agriculture and Food,Derived from LIS bill description
SB744,Local Government,Derived from LIS bill description
SB745,Insurance,Derived from LIS bill description
SB747,Taxes and Revenue,Derived from LIS bill description
SB749,Firearms,Derived from LIS bill description
SB750,Labor and Employment,Derived from LIS bill description
SB751,Energy and Utilities,Derived from LIS bill description
SB752,Energy and Utilities,Derived from LIS bill description
SB753,Courts and Civil Law,Derived from LIS bill description
SB754,Agriculture and Food,Derived from LIS bill description
SB755,Local Government,Derived from LIS bill description
SB756,Local Government,Derived from LIS bill description
SB758,Labor and Employment,Derived from LIS bill description
SB758,Energy and Utilities,Derived from LIS bill description
SB762,Criminal Justice,Derived from LIS bill description
SB763,Firearms,Derived from LIS bill description
SB763,Taxes and Revenue,Derived from LIS bill description
SB764,Criminal Justice,Derived from LIS bill description
SB766,Taxes and Revenue,Derived from LIS bill description
SB767,Transportation,Derived from LIS bill description
SB770,Criminal Justice,Derived from LIS bill description
SB771,Labor and Employment,Derived from LIS bill description
SB772,Energy and Utilities,Derived from LIS bill description
SB773,State Government,Derived from LIS bill description
SB773,Higher Education,Derived from LIS bill description
SB774,Taxes and Revenue,Derived from LIS bill description
SB776,Courts and Civil Law,Derived from LIS bill description
SB777,Energy and Utilities,Derived from LIS bill description
SB778,Family and Children,Derived from LIS bill description
SB782,Courts and Civil Law,Derived from LIS bill description
SB782,Business and Commerce,Derived from LIS bill description
SB785,Education,Derived from LIS bill description
SB786,Taxes and Revenue,Derived from LIS bill description
SB790,Insurance,Derived from LIS bill description
SB793,Courts and Civil Law,Derived from LIS bill description
SB794,Health and Healthcare,Derived from LIS bill description
SB794,Criminal Justice,Derived from LIS bill description
SB796,Technology and Data,Derived from LIS bill description
SB796,Family and Children,Derived from LIS bill description
SB797,Firearms,Derived from LIS bill description
SB799,Taxes and Revenue,Derived from LIS bill description
SB802,Energy and Utilities,Derived from LIS bill description
SB805,Local Government,Derived from LIS bill description
SB808,Health and Healthcare,Derived from LIS bill description
SB809,Business and Commerce,Derived from LIS bill description
SB810,Courts and Civil Law,Derived from LIS bill description
SB810,Taxes and Revenue,Derived from LIS bill description
SB811,Health and Healthcare,Derived from LIS bill description
SB812,Criminal Justice,Derived from LIS bill description
SB814,Environment and Conservation,Derived from LIS bill description
SB816,Labor and Employment,Derived from LIS bill description
SB816,State Government,Derived from LIS bill description
SB817,Family and Children,Derived from LIS bill description
SB818,Energy and Utilities,Derived from LIS bill description
SB821,Criminal Justice,Derived from LIS bill description
SB822,Health and Healthcare,Derived from LIS bill description
SB823,Energy and Utilities,Derived from LIS bill description
SB824,Education,Derived from LIS bill description
SB824,Labor and Employment,Derived from LIS bill description
SB828,Taxes and Revenue,Derived from LIS bill description
SB829,Taxes and Revenue,Derived from LIS bill description
SB831,Elections and Voting,Derived from LIS bill description
SB832,Transportation,Derived from LIS bill description
SB833,Transportation,Derived from LIS bill description
SB834,Energy and Utilities,Derived from LIS bill description
SJ9,Education,Derived from LIS bill description
SJ15,Education,Derived from LIS bill description
SJ21,Health and Healthcare,Derived from LIS bill description
SJ26,Criminal Justice,Derived from LIS bill description
SJ27,Elections and Voting,Derived from LIS bill description
SJ28,Environment and Conservation,Derived from LIS bill description
SJ33,Education,Derived from LIS bill description
SJ34,Education,Derived from LIS bill description
SJ38,Taxes and Revenue,Derived from LIS bill description
SJ39,Education,Derived from LIS bill description
SJ51,Education,Derived from LIS bill description
SJ57,Education,Derived from LIS bill description
SJ75,Education,Derived from LIS bill description
SJ76,Education,Derived from LIS bill description
SJ77,Education,Derived from LIS bill description
SJ81,Health and Healthcare,Derived from LIS bill description
SJ91,Education,Derived from LIS bill description
SJ92,Education,Derived from LIS bill description
SJ103,Education,Derived from LIS bill description
SJ104,Education,Derived from LIS bill description
SJ154,Education,Derived from LIS bill description
SJ182,Education,Derived from LIS bill description
SJ190,Agriculture and Food,Derived from LIS bill description
SJ208,Education,Derived from LIS bill description
SJ223,Education,Derived from LIS bill description
SJ234,Higher Education,Derived from LIS bill description
SJ247,Education,Derived from LIS bill description
SJ257,Environment and Conservation,Derived from LIS bill description
SJ258,Education,Derived from LIS bill description
SJ259,Education,Derived from LIS bill description
SJ260,Education,Derived from LIS bill description
SJ261,Education,Derived from LIS bill description
SJ262,Education,Derived from LIS bill description
SJ263,Education,Derived from LIS bill description
SJ264,Education,Derived from LIS bill description
SJ265,Education,Derived from LIS bill description
SJ266,Education,Derived from LIS bill description
SJ267,Education,Derived from LIS bill description
SJ268,Agriculture and Food,Derived from LIS bill description
SJ269,Education,Derived from LIS bill description
SJ285,Education,Derived from LIS bill description
SJ286,Education,Derived from LIS bill description
SJ287,Education,Derived from LIS bill description
SJ288,Education,Derived from LIS bill description
SJ289,Education,Derived from LIS bill description
SJ290,Education,Derived from LIS bill description
SJ295,Education,Derived from LIS bill description
SR6,Taxes and Revenue,Derived from LIS bill description
SR8,Education,Derived from LIS bill description
SR15,Marriage and Domestic Relations,Derived from LIS bill description
SR17,Labor and Employment,Derived from LIS bill description
SR30,Education,Derived from LIS bill description
SR48,Education,Derived from LIS bill description
SR62,Education,Derived from LIS bill description
SR69,Agriculture and Food,Derived from LIS bill description
SR101,Education,Derived from LIS bill description
SR102,Agriculture and Food,Derived from LIS bill description
SR120,Education,Derived from LIS bill description
SR128,Education,Derived from LIS bill description
SR140,Education,Derived from LIS bill description
SR150,Education,Derived from LIS bill description
SR152,Education,Derived from LIS bill description
SR153,Education,Derived from LIS bill description
SR163,Education,Derived from LIS bill description
SR165,Education,Derived from LIS bill description
SR168,Marriage and Domestic Relations,Derived from LIS bill description
HB8,Unclassified,Unclassified
HB9,Unclassified,Unclassified
HB13,Unclassified,Unclassified
HB16,Unclassified,Unclassified
HB17,Unclassified,Unclassified
HB22,Unclassified,Unclassified
HB32,Unclassified,Unclassified
HB35,Unclassified,Unclassified
HB36,Unclassified,Unclassified
HB37,Unclassified,Unclassified
HB39,Unclassified,Unclassified
HB42,Unclassified,Unclassified
HB45,Unclassified,Unclassified
HB46,Unclassified,Unclassified
HB48,Unclassified,Unclassified
HB49,Unclassified,Unclassified
HB50,Unclassified,Unclassified
HB52,Unclassified,Unclassified
HB55,Unclassified,Unclassified
HB58,Unclassified,Unclassified
HB59,Unclassified,Unclassified
HB60,Unclassified,Unclassified
HB62,Unclassified,Unclassified
HB63,Unclassified,Unclassified
HB65,Unclassified,Unclassified
HB66,Unclassified,Unclassified
HB68,Unclassified,Unclassified
HB70,Unclassified,Unclassified
HB83,Unclassified,Unclassified
HB85,Unclassified,Unclassified
HB86,Unclassified,Unclassified
HB97,Unclassified,Unclassified
HB98,Unclassified,Unclassified
HB100,Unclassified,Unclassified
HB102,Unclassified,Unclassified
HB103,Unclassified,Unclassified
HB107,Unclassified,Unclassified
HB108,Unclassified,Unclassified
HB117,Unclassified,Unclassified
HB118,Unclassified,Unclassified
HB119,Unclassified,Unclassified
HB121,Unclassified,Unclassified
HB122,Unclassified,Unclassified
HB124,Unclassified,Unclassified
HB127,Unclassified,Unclassified
HB129,Unclassified,Unclassified
HB131,Unclassified,Unclassified
HB132,Unclassified,Unclassified
HB133,Unclassified,Unclassified
HB135,Unclassified,Unclassified
HB138,Unclassified,Unclassified
HB140,Unclassified,Unclassified
HB142,Unclassified,Unclassified
HB143,Unclassified,Unclassified
HB144,Unclassified,Unclassified
HB147,Unclassified,Unclassified
HB150,Unclassified,Unclassified
HB152,Unclassified,Unclassified
HB154,Unclassified,Unclassified
HB156,Unclassified,Unclassified
HB158,Unclassified,Unclassified
HB159,Unclassified,Unclassified
HB162,Unclassified,Unclassified
HB163,Unclassified,Unclassified
HB165,Unclassified,Unclassified
HB166,Unclassified,Unclassified
HB167,Unclassified,Unclassified
HB169,Unclassified,Unclassified
HB170,Unclassified,Unclassified
HB175,Unclassified,Unclassified
HB176,Unclassified,Unclassified
HB179,Unclassified,Unclassified
HB180,Unclassified,Unclassified
HB183,Unclassified,Unclassified
HB184,Unclassified,Unclassified
HB185,Unclassified,Unclassified
HB186,Unclassified,Unclassified
HB190,Unclassified,Unclassified
HB194,Unclassified,Unclassified
HB199,Unclassified,Unclassified
HB202,Unclassified,Unclassified
HB203,Unclassified,Unclassified
HB204,Unclassified,Unclassified
HB205,Unclassified,Unclassified
HB206,Unclassified,Unclassified
HB208,Unclassified,Unclassified
HB209,Unclassified,Unclassified
HB211,Unclassified,Unclassified
HB218,Unclassified,Unclassified
HB219,Unclassified,Unclassified
HB221,Unclassified,Unclassified
HB222,Unclassified,Unclassified
HB223,Unclassified,Unclassified
HB224,Unclassified,Unclassified
HB225,Unclassified,Unclassified
HB226,Unclassified,Unclassified
HB228,Unclassified,Unclassified
HB231,Unclassified,Unclassified
HB236,Unclassified,Unclassified
HB237,Unclassified,Unclassified
HB239,Unclassified,Unclassified
HB241,Unclassified,Unclassified
HB246,Unclassified,Unclassified
HB249,Unclassified,Unclassified
HB252,Unclassified,Unclassified
HB255,Unclassified,Unclassified
HB257,Unclassified,Unclassified
HB261,Unclassified,Unclassified
HB263,Unclassified,Unclassified
HB264,Unclassified,Unclassified
HB267,Unclassified,Unclassified
HB268,Unclassified,Unclassified
HB269,Unclassified,Unclassified
HB270,Unclassified,Unclassified
HB271,Unclassified,Unclassified
HB272,Unclassified,Unclassified
HB276,Unclassified,Unclassified
HB277,Unclassified,Unclassified
HB278,Unclassified,Unclassified
HB286,Unclassified,Unclassified
HB297,Unclassified,Unclassified
HB299,Unclassified,Unclassified
HB300,Unclassified,Unclassified
HB301,Unclassified,Unclassified
HB302,Unclassified,Unclassified
HB304,Unclassified,Unclassified
HB305,Unclassified,Unclassified
HB306,Unclassified,Unclassified
HB307,Unclassified,Unclassified
HB308,Unclassified,Unclassified
HB311,Unclassified,Unclassified
HB313,Unclassified,Unclassified
HB317,Unclassified,Unclassified
HB324,Unclassified,Unclassified
HB326,Unclassified,Unclassified
HB327,Unclassified,Unclassified
HB331,Unclassified,Unclassified
HB333,Unclassified,Unclassified
HB336,Unclassified,Unclassified
HB341,Unclassified,Unclassified
HB342,Unclassified,Unclassified
HB343,Unclassified,Unclassified
HB344,Unclassified,Unclassified
HB347,Unclassified,Unclassified
HB348,Unclassified,Unclassified
HB350,Unclassified,Unclassified
HB351,Unclassified,Unclassified
HB353,Unclassified,Unclassified
HB354,Unclassified,Unclassified
HB356,Unclassified,Unclassified
HB358,Unclassified,Unclassified
HB363,Unclassified,Unclassified
HB364,Unclassified,Unclassified
HB366,Unclassified,Unclassified
HB367,Unclassified,Unclassified
HB368,Unclassified,Unclassified
HB373,Unclassified,Unclassified
HB380,Unclassified,Unclassified
HB381,Unclassified,Unclassified
HB383,Unclassified,Unclassified
HB384,Unclassified,Unclassified
HB385,Unclassified,Unclassified
HB386,Unclassified,Unclassified
HB387,Unclassified,Unclassified
HB388,Unclassified,Unclassified
HB389,Unclassified,Unclassified
HB390,Unclassified,Unclassified
HB394,Unclassified,Unclassified
HB396,Unclassified,Unclassified
HB398,Unclassified,Unclassified
HB399,Unclassified,Unclassified
HB401,Unclassified,Unclassified
HB404,Unclassified,Unclassified
HB408,Unclassified,Unclassified
HB414,Unclassified,Unclassified
HB415,Unclassified,Unclassified
HB416,Unclassified,Unclassified
HB418,Unclassified,Unclassified
HB419,Unclassified,Unclassified
HB421,Unclassified,Unclassified
HB422,Unclassified,Unclassified
HB431,Unclassified,Unclassified
HB432,Unclassified,Unclassified
HB433,Unclassified,Unclassified
HB435,Unclassified,Unclassified
HB437,Unclassified,Unclassified
HB441,Unclassified,Unclassified
HB443,Unclassified,Unclassified
HB445,Unclassified,Unclassified
HB448,Unclassified,Unclassified
HB449,Unclassified,Unclassified
HB450,Unclassified,Unclassified
HB452,Unclassified,Unclassified
HB462,Unclassified,Unclassified
HB463,Unclassified,Unclassified
HB464,Unclassified,Unclassified
HB465,Unclassified,Unclassified
HB466,Unclassified,Unclassified
HB467,Unclassified,Unclassified
HB469,Unclassified,Unclassified
HB472,Unclassified,Unclassified
HB475,Unclassified,Unclassified
HB476,Unclassified,Unclassified
HB479,Unclassified,Unclassified
HB483,Unclassified,Unclassified
HB487,Unclassified,Unclassified
HB491,Unclassified,Unclassified
HB496,Unclassified,Unclassified
HB501,Unclassified,Unclassified
HB505,Unclassified,Unclassified
HB506,Unclassified,Unclassified
HB507,Unclassified,Unclassified
HB510,Unclassified,Unclassified
HB511,Unclassified,Unclassified
HB513,Unclassified,Unclassified
HB514,Unclassified,Unclassified
HB515,Unclassified,Unclassified
HB517,Unclassified,Unclassified
HB518,Unclassified,Unclassified
HB520,Unclassified,Unclassified
HB522,Unclassified,Unclassified
HB524,Unclassified,Unclassified
HB526,Unclassified,Unclassified
HB528,Unclassified,Unclassified
HB529,Unclassified,Unclassified
HB531,Unclassified,Unclassified
HB533,Unclassified,Unclassified
HB537,Unclassified,Unclassified
HB542,Unclassified,Unclassified
HB544,Unclassified,Unclassified
HB545,Unclassified,Unclassified
HB553,Unclassified,Unclassified
HB555,Unclassified,Unclassified
HB558,Unclassified,Unclassified
HB559,Unclassified,Unclassified
HB560,Unclassified,Unclassified
HB564,Unclassified,Unclassified
HB567,Unclassified,Unclassified
HB574,Unclassified,Unclassified
HB575,Unclassified,Unclassified
HB576,Unclassified,Unclassified
HB580,Unclassified,Unclassified
HB582,Unclassified,Unclassified
HB585,Unclassified,Unclassified
HB589,Unclassified,Unclassified
HB591,Unclassified,Unclassified
HB593,Unclassified,Unclassified
HB595,Unclassified,Unclassified
HB598,Unclassified,Unclassified
HB599,Unclassified,Unclassified
HB600,Unclassified,Unclassified
HB601,Unclassified,Unclassified
HB602,Unclassified,Unclassified
HB603,Unclassified,Unclassified
HB604,Unclassified,Unclassified
HB608,Unclassified,Unclassified
HB610,Unclassified,Unclassified
HB611,Unclassified,Unclassified
HB614,Unclassified,Unclassified
HB619,Unclassified,Unclassified
HB620,Unclassified,Unclassified
HB621,Unclassified,Unclassified
HB637,Unclassified,Unclassified
HB638,Unclassified,Unclassified
HB642,Unclassified,Unclassified
HB647,Unclassified,Unclassified
HB648,Unclassified,Unclassified
HB650,Unclassified,Unclassified
HB654,Unclassified,Unclassified
HB655,Unclassified,Unclassified
HB657,Unclassified,Unclassified
HB659,Unclassified,Unclassified
HB660,Unclassified,Unclassified
HB665,Unclassified,Unclassified
HB667,Unclassified,Unclassified
HB671,Unclassified,Unclassified
HB673,Unclassified,Unclassified
HB679,Unclassified,Unclassified
HB680,Unclassified,Unclassified
HB685,Unclassified,Unclassified
HB689,Unclassified,Unclassified
HB690,Unclassified,Unclassified
HB695,Unclassified,Unclassified
HB701,Unclassified,Unclassified
HB703,Unclassified,Unclassified
HB706,Unclassified,Unclassified
HB708,Unclassified,Unclassified
HB709,Unclassified,Unclassified
HB710,Unclassified,Unclassified
HB712,Unclassified,Unclassified
HB714,Unclassified,Unclassified
HB718,Unclassified,Unclassified
HB719,Unclassified,Unclassified
HB723,Unclassified,Unclassified
HB725,Unclassified,Unclassified
HB726,Unclassified,Unclassified
HB729,Unclassified,Unclassified
HB730,Unclassified,Unclassified
HB731,Unclassified,Unclassified
HB732,Unclassified,Unclassified
HB733,Unclassified,Unclassified
HB734,Unclassified,Unclassified
HB735,Unclassified,Unclassified
HB741,Unclassified,Unclassified
HB742,Unclassified,Unclassified
HB743,Unclassified,Unclassified
HB745,Unclassified,Unclassified
HB750,Unclassified,Unclassified
HB751,Unclassified,Unclassified
HB752,Unclassified,Unclassified
HB754,Unclassified,Unclassified
HB755,Unclassified,Unclassified
HB756,Unclassified,Unclassified
HB765,Unclassified,Unclassified
HB766,Unclassified,Unclassified
HB769,Unclassified,Unclassified
HB771,Unclassified,Unclassified
HB772,Unclassified,Unclassified
HB776,Unclassified,Unclassified
HB778,Unclassified,Unclassified
HB780,Unclassified,Unclassified
HB788,Unclassified,Unclassified
HB790,Unclassified,Unclassified
HB791,Unclassified,Unclassified
HB792,Unclassified,Unclassified
HB793,Unclassified,Unclassified
HB796,Unclassified,Unclassified
HB799,Unclassified,Unclassified
HB800,Unclassified,Unclassified
HB801,Unclassified,Unclassified
HB802,Unclassified,Unclassified
HB803,Unclassified,Unclassified
HB808,Unclassified,Unclassified
HB810,Unclassified,Unclassified
HB811,Unclassified,Unclassified
HB814,Unclassified,Unclassified
HB817,Unclassified,Unclassified
HB818,Unclassified,Unclassified
HB821,Unclassified,Unclassified
HB822,Unclassified,Unclassified
HB823,Unclassified,Unclassified
HB825,Unclassified,Unclassified
HB827,Unclassified,Unclassified
HB832,Unclassified,Unclassified
HB833,Unclassified,Unclassified
HB840,Unclassified,Unclassified
HB841,Unclassified,Unclassified
HB843,Unclassified,Unclassified
HB847,Unclassified,Unclassified
HB852,Unclassified,Unclassified
HB856,Unclassified,Unclassified
HB857,Unclassified,Unclassified
HB858,Unclassified,Unclassified
HB860,Unclassified,Unclassified
HB862,Unclassified,Unclassified
HB864,Unclassified,Unclassified
HB870,Unclassified,Unclassified
HB872,Unclassified,Unclassified
HB874,Unclassified,Unclassified
HB875,Unclassified,Unclassified
HB876,Unclassified,Unclassified
HB880,Unclassified,Unclassified
HB881,Unclassified,Unclassified
HB883,Unclassified,Unclassified
HB885,Unclassified,Unclassified
HB887,Unclassified,Unclassified
HB888,Unclassified,Unclassified
HB890,Unclassified,Unclassified
HB894,Unclassified,Unclassified
HB896,Unclassified,Unclassified
HB902,Unclassified,Unclassified
HB904,Unclassified,Unclassified
HB908,Unclassified,Unclassified
HB911,Unclassified,Unclassified
HB913,Unclassified,Unclassified
HB917,Unclassified,Unclassified
HB922,Unclassified,Unclassified
HB924,Unclassified,Unclassified
HB925,Unclassified,Unclassified
HB929,Unclassified,Unclassified
HB931,Unclassified,Unclassified
HB932,Unclassified,Unclassified
HB933,Unclassified,Unclassified
HB934,Unclassified,Unclassified
HB936,Unclassified,Unclassified
HB937,Unclassified,Unclassified
HB938,Unclassified,Unclassified
HB939,Unclassified,Unclassified
HB940,Unclassified,Unclassified
HB942,Unclassified,Unclassified
HB943,Unclassified,Unclassified
HB947,Unclassified,Unclassified
HB949,Unclassified,Unclassified
HB950,Unclassified,Unclassified
HB951,Unclassified,Unclassified
HB952,Unclassified,Unclassified
HB957,Unclassified,Unclassified
HB965,Unclassified,Unclassified
HB969,Unclassified,Unclassified
HB970,Unclassified,Unclassified
HB973,Unclassified,Unclassified
HB974,Unclassified,Unclassified
HB975,Unclassified,Unclassified
HB980,Unclassified,Unclassified
HB986,Unclassified,Unclassified
HB988,Unclassified,Unclassified
HB992,Unclassified,Unclassified
HB993,Unclassified,Unclassified
HB994,Unclassified,Unclassified
HB997,Unclassified,Unclassified
HB998,Unclassified,Unclassified
HB999,Unclassified,Unclassified
HB1001,Unclassified,Unclassified
HB1002,Unclassified,Unclassified
HB1006,Unclassified,Unclassified
HB1007,Unclassified,Unclassified
HB1009,Unclassified,Unclassified
HB1011,Unclassified,Unclassified
HB1012,Unclassified,Unclassified
HB1013,Unclassified,Unclassified
HB1016,Unclassified,Unclassified
HB1018,Unclassified,Unclassified
HB1020,Unclassified,Unclassified
HB1024,Unclassified,Unclassified
HB1026,Unclassified,Unclassified
HB1028,Unclassified,Unclassified
HB1033,Unclassified,Unclassified
HB1034,Unclassified,Unclassified
HB1036,Unclassified,Unclassified
HB1037,Unclassified,Unclassified
HB1039,Unclassified,Unclassified
HB1040,Unclassified,Unclassified
HB1042,Unclassified,Unclassified
HB1043,Unclassified,Unclassified
HB1045,Unclassified,Unclassified
HB1047,Unclassified,Unclassified
HB1048,Unclassified,Unclassified
HB1049,Unclassified,Unclassified
HB1050,Unclassified,Unclassified
HB1053,Unclassified,Unclassified
HB1054,Unclassified,Unclassified
HB1055,Unclassified,Unclassified
HB1057,Unclassified,Unclassified
HB1064,Unclassified,Unclassified
HB1067,Unclassified,Unclassified
HB1068,Unclassified,Unclassified
HB1069,Unclassified,Unclassified
HB1071,Unclassified,Unclassified
HB1072,Unclassified,Unclassified
HB1073,Unclassified,Unclassified
HB1075,Unclassified,Unclassified
HB1076,Unclassified,Unclassified
HB1088,Unclassified,Unclassified
HB1096,Unclassified,Unclassified
HB1097,Unclassified,Unclassified
HB1098,Unclassified,Unclassified
HB1103,Unclassified,Unclassified
HB1107,Unclassified,Unclassified
HB1108,Unclassified,Unclassified
HB1110,Unclassified,Unclassified
HB1111,Unclassified,Unclassified
HB1117,Unclassified,Unclassified
HB1119,Unclassified,Unclassified
HB1120,Unclassified,Unclassified
HB1121,Unclassified,Unclassified
HB1122,Unclassified,Unclassified
HB1126,Unclassified,Unclassified
HB1127,Unclassified,Unclassified
HB1128,Unclassified,Unclassified
HB1134,Unclassified,Unclassified
HB1136,Unclassified,Unclassified
HB1137,Unclassified,Unclassified
HB1139,Unclassified,Unclassified
HB1140,Unclassified,Unclassified
HB1143,Unclassified,Unclassified
HB1146,Unclassified,Unclassified
HB1148,Unclassified,Unclassified
HB1149,Unclassified,Unclassified
HB1150,Unclassified,Unclassified
HB1152,Unclassified,Unclassified
HB1153,Unclassified,Unclassified
HB1154,Unclassified,Unclassified
HB1157,Unclassified,Unclassified
HB1160,Unclassified,Unclassified
HB1161,Unclassified,Unclassified
HB1163,Unclassified,Unclassified
HB1166,Unclassified,Unclassified
HB1168,Unclassified,Unclassified
HB1173,Unclassified,Unclassified
HB1176,Unclassified,Unclassified
HB1177,Unclassified,Unclassified
HB1178,Unclassified,Unclassified
HB1181,Unclassified,Unclassified
HB1188,Unclassified,Unclassified
HB1189,Unclassified,Unclassified
HB1190,Unclassified,Unclassified
HB1191,Unclassified,Unclassified
HB1192,Unclassified,Unclassified
HB1196,Unclassified,Unclassified
HB1197,Unclassified,Unclassified
HB1198,Unclassified,Unclassified
HB1201,Unclassified,Unclassified
HB1203,Unclassified,Unclassified
HB1212,Unclassified,Unclassified
HB1215,Unclassified,Unclassified
HB1217,Unclassified,Unclassified
HB1220,Unclassified,Unclassified
HB1221,Unclassified,Unclassified
HB1223,Unclassified,Unclassified
HB1227,Unclassified,Unclassified
HB1231,Unclassified,Unclassified
HB1232,Unclassified,Unclassified
HB1235,Unclassified,Unclassified
HB1236,Unclassified,Unclassified
HB1237,Unclassified,Unclassified
HB1241,Unclassified,Unclassified
HB1243,Unclassified,Unclassified
HB1247,Unclassified,Unclassified
HB1248,Unclassified,Unclassified
HB1249,Unclassified,Unclassified
HB1250,Unclassified,Unclassified
HB1251,Unclassified,Unclassified
HB1253,Unclassified,Unclassified
HB1254,Unclassified,Unclassified
HB1257,Unclassified,Unclassified
HB1260,Unclassified,Unclassified
HB1261,Unclassified,Unclassified
HB1262,Unclassified,Unclassified
HB1264,Unclassified,Unclassified
HB1265,Unclassified,Unclassified
HB1268,Unclassified,Unclassified
HB1269,Unclassified,Unclassified
HB1272,Unclassified,Unclassified
HB1277,Unclassified,Unclassified
HB1278,Unclassified,Unclassified
HB1287,Unclassified,Unclassified
HB1288,Unclassified,Unclassified
HB1291,Unclassified,Unclassified
HB1292,Unclassified,Unclassified
HB1293,Unclassified,Unclassified
HB1298,Unclassified,Unclassified
HB1299,Unclassified,Unclassified
HB1302,Unclassified,Unclassified
HB1305,Unclassified,Unclassified
HB1306,Unclassified,Unclassified
HB1309,Unclassified,Unclassified
HB1315,Unclassified,Unclassified
HB1317,Unclassified,Unclassified
HB1319,Unclassified,Unclassified
HB1320,Unclassified,Unclassified
HB1322,Unclassified,Unclassified
HB1327,Unclassified,Unclassified
HB1328,Unclassified,Unclassified
HB1330,Unclassified,Unclassified
HB1332,Unclassified,Unclassified
HB1334,Unclassified,Unclassified
HB1335,Unclassified,Unclassified
HB1336,Unclassified,Unclassified
HB1337,Unclassified,Unclassified
HB1339,Unclassified,Unclassified
HB1340,Unclassified,Unclassified
HB1341,Unclassified,Unclassified
HB1343,Unclassified,Unclassified
HB1344,Unclassified,Unclassified
HB1350,Unclassified,Unclassified
HB1353,Unclassified,Unclassified
HB1356,Unclassified,Unclassified
HB1363,Unclassified,Unclassified
HB1365,Unclassified,Unclassified
HB1366,Unclassified,Unclassified
HB1370,Unclassified,Unclassified
HB1371,Unclassified,Unclassified
HB1374,Unclassified,Unclassified
HB1375,Unclassified,Unclassified
HB1376,Unclassified,Unclassified
HB1381,Unclassified,Unclassified
HB1384,Unclassified,Unclassified
HB1385,Unclassified,Unclassified
HB1387,Unclassified,Unclassified
HB1388,Unclassified,Unclassified
HB1391,Unclassified,Unclassified
HB1394,Unclassified,Unclassified
HB1396,Unclassified,Unclassified
HB1397,Unclassified,Unclassified
HB1398,Unclassified,Unclassified
HB1399,Unclassified,Unclassified
HB1401,Unclassified,Unclassified
HB1402,Unclassified,Unclassified
HB1403,Unclassified,Unclassified
HB1407,Unclassified,Unclassified
HB1411,Unclassified,Unclassified
HB1423,Unclassified,Unclassified
HB1424,Unclassified,Unclassified
HB1425,Unclassified,Unclassified
HB1428,Unclassified,Unclassified
HB1429,Unclassified,Unclassified
HB1431,Unclassified,Unclassified
HB1432,Unclassified,Unclassified
HB1433,Unclassified,Unclassified
HB1436,Unclassified,Unclassified
HB1440,Unclassified,Unclassified
HB1441,Unclassified,Unclassified
HB1443,Unclassified,Unclassified
HB1448,Unclassified,Unclassified
HB1449,Unclassified,Unclassified
HB1453,Unclassified,Unclassified
HB1455,Unclassified,Unclassified
HB1456,Unclassified,Unclassified
HB1459,Unclassified,Unclassified
HB1463,Unclassified,Unclassified
HB1465,Unclassified,Unclassified
HB1466,Unclassified,Unclassified
HB1472,Unclassified,Unclassified
HB1475,Unclassified,Unclassified
HB1476,Unclassified,Unclassified
HB1477,Unclassified,Unclassified
HB1478,Unclassified,Unclassified
HB1484,Unclassified,Unclassified
HB1487,Unclassified,Unclassified
HB1493,Unclassified,Unclassified
HB1497,Unclassified,Unclassified
HB1498,Unclassified,Unclassified
HB1499,Unclassified,Unclassified
HB1505,Unclassified,Unclassified
HB1506,Unclassified,Unclassified
HB1507,Unclassified,Unclassified
HB1509,Unclassified,Unclassified
HB1510,Unclassified,Unclassified
HB1511,Unclassified,Unclassified
HB1513,Unclassified,Unclassified
HB1515,Unclassified,Unclassified
HB1516,Unclassified,Unclassified
HB1517,Unclassified,Unclassified
HB1518,Unclassified,Unclassified
HB1519,Unclassified,Unclassified
HB1521,Unclassified,Unclassified
HB1523,Unclassified,Unclassified
HB1527,Unclassified,Unclassified
HB1530,Unclassified,Unclassified
HB1531,Unclassified,Unclassified
HJ5,Unclassified,Unclassified
HJ6,Unclassified,Unclassified
HJ8,Unclassified,Unclassified
HJ10,Unclassified,Unclassified
HJ11,Unclassified,Unclassified
HJ12,Unclassified,Unclassified
HJ13,Unclassified,Unclassified
HJ16,Unclassified,Unclassified
HJ17,Unclassified,Unclassified
HJ18,Unclassified,Unclassified
HJ19,Unclassified,Unclassified
HJ20,Unclassified,Unclassified
HJ22,Unclassified,Unclassified
HJ23,Unclassified,Unclassified
HJ24,Unclassified,Unclassified
HJ25,Unclassified,Unclassified
HJ29,Unclassified,Unclassified
HJ30,Unclassified,Unclassified
HJ31,Unclassified,Unclassified
HJ33,Unclassified,Unclassified
HJ37,Unclassified,Unclassified
HJ38,Unclassified,Unclassified
HJ39,Unclassified,Unclassified
HJ41,Unclassified,Unclassified
HJ42,Unclassified,Unclassified
HJ43,Unclassified,Unclassified
HJ46,Unclassified,Unclassified
HJ47,Unclassified,Unclassified
HJ48,Unclassified,Unclassified
HJ52,Unclassified,Unclassified
HJ53,Unclassified,Unclassified
HJ54,Unclassified,Unclassified
HJ55,Unclassified,Unclassified
HJ57,Unclassified,Unclassified
HJ58,Unclassified,Unclassified
HJ59,Unclassified,Unclassified
HJ60,Unclassified,Unclassified
HJ61,Unclassified,Unclassified
HJ62,Unclassified,Unclassified
HJ63,Unclassified,Unclassified
HJ64,Unclassified,Unclassified
HJ65,Unclassified,Unclassified
HJ66,Unclassified,Unclassified
HJ67,Unclassified,Unclassified
HJ68,Unclassified,Unclassified
HJ69,Unclassified,Unclassified
HJ70,Unclassified,Unclassified
HJ71,Unclassified,Unclassified
HJ72,Unclassified,Unclassified
HJ73,Unclassified,Unclassified
HJ74,Unclassified,Unclassified
HJ75,Unclassified,Unclassified
HJ76,Unclassified,Unclassified
HJ77,Unclassified,Unclassified
HJ78,Unclassified,Unclassified
HJ80,Unclassified,Unclassified
HJ81,Unclassified,Unclassified
HJ82,Unclassified,Unclassified
HJ83,Unclassified,Unclassified
HJ84,Unclassified,Unclassified
HJ85,Unclassified,Unclassified
HJ86,Unclassified,Unclassified
HJ87,Unclassified,Unclassified
HJ88,Unclassified,Unclassified
HJ89,Unclassified,Unclassified
HJ90,Unclassified,Unclassified
HJ91,Unclassified,Unclassified
HJ92,Unclassified,Unclassified
HJ93,Unclassified,Unclassified
HJ94,Unclassified,Unclassified
HJ96,Unclassified,Unclassified
HJ97,Unclassified,Unclassified
HJ98,Unclassified,Unclassified
HJ99,Unclassified,Unclassified
HJ100,Unclassified,Unclassified
HJ101,Unclassified,Unclassified
HJ103,Unclassified,Unclassified
HJ105,Unclassified,Unclassified
HJ106,Unclassified,Unclassified
HJ107,Unclassified,Unclassified
HJ108,Unclassified,Unclassified
HJ109,Unclassified,Unclassified
HJ110,Unclassified,Unclassified
HJ111,Unclassified,Unclassified
HJ112,Unclassified,Unclassified
HJ113,Unclassified,Unclassified
HJ114,Unclassified,Unclassified
HJ115,Unclassified,Unclassified
HJ116,Unclassified,Unclassified
HJ117,Unclassified,Unclassified
HJ118,Unclassified,Unclassified
HJ119,Unclassified,Unclassified
HJ120,Unclassified,Unclassified
HJ121,Unclassified,Unclassified
HJ122,Unclassified,Unclassified
HJ123,Unclassified,Unclassified
HJ124,Unclassified,Unclassified
HJ125,Unclassified,Unclassified
HJ126,Unclassified,Unclassified
HJ127,Unclassified,Unclassified
HJ128,Unclassified,Unclassified
HJ129,Unclassified,Unclassified
HJ130,Unclassified,Unclassified
HJ131,Unclassified,Unclassified
HJ132,Unclassified,Unclassified
HJ133,Unclassified,Unclassified
HJ134,Unclassified,Unclassified
HJ135,Unclassified,Unclassified
HJ136,Unclassified,Unclassified
HJ137,Unclassified,Unclassified
HJ138,Unclassified,Unclassified
HJ139,Unclassified,Unclassified
HJ140,Unclassified,Unclassified
HJ141,Unclassified,Unclassified
HJ142,Unclassified,Unclassified
HJ143,Unclassified,Unclassified
HJ144,Unclassified,Unclassified
HJ145,Unclassified,Unclassified
HJ146,Unclassified,Unclassified
HJ147,Unclassified,Unclassified
HJ148,Unclassified,Unclassified
HJ149,Unclassified,Unclassified
HJ150,Unclassified,Unclassified
HJ151,Unclassified,Unclassified
HJ152,Unclassified,Unclassified
HJ153,Unclassified,Unclassified
HJ154,Unclassified,Unclassified
HJ155,Unclassified,Unclassified
HJ157,Unclassified,Unclassified
HJ158,Unclassified,Unclassified
HJ160,Unclassified,Unclassified
HJ162,Unclassified,Unclassified
HJ163,Unclassified,Unclassified
HJ164,Unclassified,Unclassified
HJ165,Unclassified,Unclassified
HJ166,Unclassified,Unclassified
HJ167,Unclassified,Unclassified
HJ168,Unclassified,Unclassified
HJ169,Unclassified,Unclassified
HJ170,Unclassified,Unclassified
HJ171,Unclassified,Unclassified
HJ172,Unclassified,Unclassified
HJ173,Unclassified,Unclassified
HJ174,Unclassified,Unclassified
HJ175,Unclassified,Unclassified
HJ176,Unclassified,Unclassified
HJ177,Unclassified,Unclassified
HJ178,Unclassified,Unclassified
HJ179,Unclassified,Unclassified
HJ180,Unclassified,Unclassified
HJ181,Unclassified,Unclassified
HJ182,Unclassified,Unclassified
HJ183,Unclassified,Unclassified
HJ184,Unclassified,Unclassified
HJ185,Unclassified,Unclassified
HJ186,Unclassified,Unclassified
HJ187,Unclassified,Unclassified
HJ188,Unclassified,Unclassified
HJ189,Unclassified,Unclassified
HJ190,Unclassified,Unclassified
HJ192,Unclassified,Unclassified
HJ194,Unclassified,Unclassified
HJ195,Unclassified,Unclassified
HJ196,Unclassified,Unclassified
HJ197,Unclassified,Unclassified
HJ198,Unclassified,Unclassified
HJ199,Unclassified,Unclassified
HJ200,Unclassified,Unclassified
HJ201,Unclassified,Unclassified
HJ202,Unclassified,Unclassified
HJ203,Unclassified,Unclassified
HJ204,Unclassified,Unclassified
HJ205,Unclassified,Unclassified
HJ207,Unclassified,Unclassified
HJ208,Unclassified,Unclassified
HJ209,Unclassified,Unclassified
HJ210,Unclassified,Unclassified
HJ211,Unclassified,Unclassified
HJ212,Unclassified,Unclassified
HJ213,Unclassified,Unclassified
HJ214,Unclassified,Unclassified
HJ215,Unclassified,Unclassified
HJ216,Unclassified,Unclassified
HJ217,Unclassified,Unclassified
HJ218,Unclassified,Unclassified
HJ219,Unclassified,Unclassified
HJ220,Unclassified,Unclassified
HJ221,Unclassified,Unclassified
HJ222,Unclassified,Unclassified
HJ223,Unclassified,Unclassified
HJ224,Unclassified,Unclassified
HJ225,Unclassified,Unclassified
HJ226,Unclassified,Unclassified
HJ227,Unclassified,Unclassified
HJ228,Unclassified,Unclassified
HJ229,Unclassified,Unclassified
HJ230,Unclassified,Unclassified
HJ231,Unclassified,Unclassified
HJ232,Unclassified,Unclassified
HJ233,Unclassified,Unclassified
HJ234,Unclassified,Unclassified
HJ235,Unclassified,Unclassified
HJ236,Unclassified,Unclassified
HJ237,Unclassified,Unclassified
HJ238,Unclassified,Unclassified
HJ240,Unclassified,Unclassified
HJ241,Unclassified,Unclassified
HJ242,Unclassified,Unclassified
HJ245,Unclassified,Unclassified
HJ246,Unclassified,Unclassified
HJ248,Unclassified,Unclassified
HJ250,Unclassified,Unclassified
HJ251,Unclassified,Unclassified
HJ252,Unclassified,Unclassified
HJ253,Unclassified,Unclassified
HJ254,Unclassified,Unclassified
HJ255,Unclassified,Unclassified
HJ256,Unclassified,Unclassified
HJ257,Unclassified,Unclassified
HJ258,Unclassified,Unclassified
HJ259,Unclassified,Unclassified
HJ260,Unclassified,Unclassified
HJ261,Unclassified,Unclassified
HJ262,Unclassified,Unclassified
HJ265,Unclassified,Unclassified
HJ266,Unclassified,Unclassified
HJ267,Unclassified,Unclassified
HJ268,Unclassified,Unclassified
HJ269,Unclassified,Unclassified
HJ270,Unclassified,Unclassified
HJ271,Unclassified,Unclassified
HJ272,Unclassified,Unclassified
HJ273,Unclassified,Unclassified
HJ275,Unclassified,Unclassified
HJ276,Unclassified,Unclassified
HJ277,Unclassified,Unclassified
HJ278,Unclassified,Unclassified
HJ279,Unclassified,Unclassified
HJ280,Unclassified,Unclassified
HJ281,Unclassified,Unclassified
HJ282,Unclassified,Unclassified
HJ283,Unclassified,Unclassified
HJ285,Unclassified,Unclassified
HJ286,Unclassified,Unclassified
HJ287,Unclassified,Unclassified
HJ289,Unclassified,Unclassified
HJ290,Unclassified,Unclassified
HJ292,Unclassified,Unclassified
HJ293,Unclassified,Unclassified
HJ294,Unclassified,Unclassified
HJ295,Unclassified,Unclassified
HJ296,Unclassified,Unclassified
HJ297,Unclassified,Unclassified
HJ298,Unclassified,Unclassified
HJ299,Unclassified,Unclassified
HJ300,Unclassified,Unclassified
HJ301,Unclassified,Unclassified
HJ302,Unclassified,Unclassified
HJ303,Unclassified,Unclassified
HJ304,Unclassified,Unclassified
HJ305,Unclassified,Unclassified
HJ306,Unclassified,Unclassified
HJ307,Unclassified,Unclassified
HJ308,Unclassified,Unclassified
HJ309,Unclassified,Unclassified
HJ311,Unclassified,Unclassified
HJ312,Unclassified,Unclassified
HJ313,Unclassified,Unclassified
HJ316,Unclassified,Unclassified
HJ317,Unclassified,Unclassified
HR1,Unclassified,Unclassified
HR2,Unclassified,Unclassified
HR3,Unclassified,Unclassified
HR4,Unclassified,Unclassified
HR5,Unclassified,Unclassified
HR6,Unclassified,Unclassified
HR7,Unclassified,Unclassified
HR8,Unclassified,Unclassified
HR10,Unclassified,Unclassified
HR11,Unclassified,Unclassified
HR12,Unclassified,Unclassified
HR13,Unclassified,Unclassified
HR15,Unclassified,Unclassified
HR16,Unclassified,Unclassified
HR17,Unclassified,Unclassified
HR19,Unclassified,Unclassified
HR20,Unclassified,Unclassified
HR21,Unclassified,Unclassified
HR22,Unclassified,Unclassified
HR24,Unclassified,Unclassified
HR25,Unclassified,Unclassified
HR27,Unclassified,Unclassified
HR30,Unclassified,Unclassified
HR31,Unclassified,Unclassified
HR32,Unclassified,Unclassified
HR33,Unclassified,Unclassified
HR34,Unclassified,Unclassified
HR35,Unclassified,Unclassified
HR36,Unclassified,Unclassified
HR37,Unclassified,Unclassified
HR38,Unclassified,Unclassified
HR39,Unclassified,Unclassified
HR40,Unclassified,Unclassified
HR41,Unclassified,Unclassified
HR42,Unclassified,Unclassified
HR43,Unclassified,Unclassified
HR44,Unclassified,Unclassified
HR45,Unclassified,Unclassified
HR47,Unclassified,Unclassified
HR48,Unclassified,Unclassified
HR50,Unclassified,Unclassified
HR51,Unclassified,Unclassified
HR53,Unclassified,Unclassified
HR54,Unclassified,Unclassified
HR55,Unclassified,Unclassified
HR56,Unclassified,Unclassified
HR57,Unclassified,Unclassified
HR59,Unclassified,Unclassified
HR60,Unclassified,Unclassified
HR61,Unclassified,Unclassified
HR63,Unclassified,Unclassified
HR64,Unclassified,Unclassified
HR65,Unclassified,Unclassified
HR66,Unclassified,Unclassified
HR67,Unclassified,Unclassified
HR68,Unclassified,Unclassified
HR69,Unclassified,Unclassified
HR70,Unclassified,Unclassified
HR71,Unclassified,Unclassified
HR72,Unclassified,Unclassified
HR73,Unclassified,Unclassified
HR75,Unclassified,Unclassified
HR76,Unclassified,Unclassified
HR77,Unclassified,Unclassified
HR78,Unclassified,Unclassified
HR79,Unclassified,Unclassified
HR81,Unclassified,Unclassified
HR83,Unclassified,Unclassified
HR84,Unclassified,Unclassified
HR85,Unclassified,Unclassified
HR86,Unclassified,Unclassified
HR87,Unclassified,Unclassified
HR88,Unclassified,Unclassified
HR89,Unclassified,Unclassified
HR90,Unclassified,Unclassified
HR92,Unclassified,Unclassified
HR93,Unclassified,Unclassified
HR94,Unclassified,Unclassified
HR95,Unclassified,Unclassified
HR96,Unclassified,Unclassified
HR97,Unclassified,Unclassified
HR98,Unclassified,Unclassified
HR99,Unclassified,Unclassified
HR100,Unclassified,Unclassified
HR101,Unclassified,Unclassified
HR102,Unclassified,Unclassified
HR103,Unclassified,Unclassified
HR104,Unclassified,Unclassified
HR105,Unclassified,Unclassified
HR106,Unclassified,Unclassified
HR107,Unclassified,Unclassified
HR108,Unclassified,Unclassified
HR109,Unclassified,Unclassified
HR110,Unclassified,Unclassified
HR111,Unclassified,Unclassified
HR112,Unclassified,Unclassified
HR113,Unclassified,Unclassified
HR114,Unclassified,Unclassified
HR115,Unclassified,Unclassified
HR116,Unclassified,Unclassified
HR117,Unclassified,Unclassified
HR119,Unclassified,Unclassified
HR120,Unclassified,Unclassified
HR121,Unclassified,Unclassified
HR122,Unclassified,Unclassified
HR123,Unclassified,Unclassified
HR124,Unclassified,Unclassified
HR125,Unclassified,Unclassified
HR127,Unclassified,Unclassified
HR128,Unclassified,Unclassified
HR129,Unclassified,Unclassified
HR130,Unclassified,Unclassified
HR131,Unclassified,Unclassified
HR132,Unclassified,Unclassified
HR133,Unclassified,Unclassified
HR134,Unclassified,Unclassified
HR135,Unclassified,Unclassified
HR136,Unclassified,Unclassified
HR137,Unclassified,Unclassified
HR138,Unclassified,Unclassified
HR139,Unclassified,Unclassified
HR140,Unclassified,Unclassified
HR141,Unclassified,Unclassified
HR142,Unclassified,Unclassified
HR143,Unclassified,Unclassified
HR144,Unclassified,Unclassified
HR145,Unclassified,Unclassified
HR146,Unclassified,Unclassified
HR147,Unclassified,Unclassified
HR148,Unclassified,Unclassified
HR149,Unclassified,Unclassified
HR150,Unclassified,Unclassified
HR151,Unclassified,Unclassified
HR152,Unclassified,Unclassified
HR153,Unclassified,Unclassified
HR154,Unclassified,Unclassified
HR156,Unclassified,Unclassified
HR157,Unclassified,Unclassified
HR158,Unclassified,Unclassified
HR159,Unclassified,Unclassified
HR160,Unclassified,Unclassified
HR161,Unclassified,Unclassified
HR162,Unclassified,Unclassified
HR164,Unclassified,Unclassified
HR165,Unclassified,Unclassified
HR166,Unclassified,Unclassified
HR167,Unclassified,Unclassified
HR168,Unclassified,Unclassified
HR170,Unclassified,Unclassified
HR171,Unclassified,Unclassified
HR172,Unclassified,Unclassified
HR174,Unclassified,Unclassified
HR175,Unclassified,Unclassified
HR176,Unclassified,Unclassified
HR177,Unclassified,Unclassified
HR178,Unclassified,Unclassified
HR179,Unclassified,Unclassified
HR181,Unclassified,Unclassified
HR182,Unclassified,Unclassified
HR183,Unclassified,Unclassified
HR184,Unclassified,Unclassified
HR187,Unclassified,Unclassified
HR189,Unclassified,Unclassified
HR190,Unclassified,Unclassified
HR191,Unclassified,Unclassified
HR195,Unclassified,Unclassified
HR196,Unclassified,Unclassified
HR197,Unclassified,Unclassified
HR198,Unclassified,Unclassified
HR199,Unclassified,Unclassified
HR201,Unclassified,Unclassified
HR202,Unclassified,Unclassified
HR203,Unclassified,Unclassified
HR204,Unclassified,Unclassified
HR205,Unclassified,Unclassified
HR206,Unclassified,Unclassified
HR207,Unclassified,Unclassified
HR208,Unclassified,Unclassified
HR209,Unclassified,Unclassified
HR210,Unclassified,Unclassified
HR211,Unclassified,Unclassified
HR213,Unclassified,Unclassified
HR214,Unclassified,Unclassified
HR215,Unclassified,Unclassified
HR216,Unclassified,Unclassified
HR217,Unclassified,Unclassified
HR218,Unclassified,Unclassified
HR219,Unclassified,Unclassified
HR220,Unclassified,Unclassified
HR221,Unclassified,Unclassified
HR222,Unclassified,Unclassified
HR223,Unclassified,Unclassified
HR224,Unclassified,Unclassified
HR225,Unclassified,Unclassified
HR226,Unclassified,Unclassified
HR227,Unclassified,Unclassified
HR228,Unclassified,Unclassified
HR229,Unclassified,Unclassified
HR230,Unclassified,Unclassified
HR231,Unclassified,Unclassified
HR232,Unclassified,Unclassified
HR233,Unclassified,Unclassified
HR234,Unclassified,Unclassified
HR235,Unclassified,Unclassified
HR236,Unclassified,Unclassified
HR237,Unclassified,Unclassified
HR238,Unclassified,Unclassified
HR239,Unclassified,Unclassified
HR240,Unclassified,Unclassified
HR241,Unclassified,Unclassified
HR242,Unclassified,Unclassified
HR243,Unclassified,Unclassified
HR244,Unclassified,Unclassified
HR245,Unclassified,Unclassified
HR246,Unclassified,Unclassified
HR247,Unclassified,Unclassified
HR248,Unclassified,Unclassified
HR249,Unclassified,Unclassified
HR250,Unclassified,Unclassified
HR251,Unclassified,Unclassified
HR252,Unclassified,Unclassified
HR253,Unclassified,Unclassified
HR254,Unclassified,Unclassified
HR255,Unclassified,Unclassified
HR256,Unclassified,Unclassified
HR257,Unclassified,Unclassified
HR258,Unclassified,Unclassified
HR259,Unclassified,Unclassified
HR260,Unclassified,Unclassified
HR261,Unclassified,Unclassified
HR262,Unclassified,Unclassified
HR263,Unclassified,Unclassified
HR265,Unclassified,Unclassified
HR266,Unclassified,Unclassified
HR268,Unclassified,Unclassified
HR269,Unclassified,Unclassified
HR270,Unclassified,Unclassified
HR271,Unclassified,Unclassified
HR273,Unclassified,Unclassified
HR274,Unclassified,Unclassified
HR275,Unclassified,Unclassified
HR276,Unclassified,Unclassified
HR277,Unclassified,Unclassified
HR278,Unclassified,Unclassified
HR279,Unclassified,Unclassified
HR281,Unclassified,Unclassified
HR282,Unclassified,Unclassified
HR283,Unclassified,Unclassified
HR284,Unclassified,Unclassified
HR285,Unclassified,Unclassified
HR286,Unclassified,Unclassified
HR287,Unclassified,Unclassified
HR288,Unclassified,Unclassified
HR290,Unclassified,Unclassified
HR293,Unclassified,Unclassified
HR295,Unclassified,Unclassified
HR296,Unclassified,Unclassified
HR297,Unclassified,Unclassified
HR298,Unclassified,Unclassified
HR299,Unclassified,Unclassified
HR300,Unclassified,Unclassified
HR301,Unclassified,Unclassified
HR302,Unclassified,Unclassified
HR303,Unclassified,Unclassified
HR304,Unclassified,Unclassified
HR305,Unclassified,Unclassified
HR307,Unclassified,Unclassified
HR308,Unclassified,Unclassified
HR309,Unclassified,Unclassified
HR310,Unclassified,Unclassified
HR311,Unclassified,Unclassified
HR312,Unclassified,Unclassified
HR313,Unclassified,Unclassified
HR314,Unclassified,Unclassified
HR316,Unclassified,Unclassified
HR317,Unclassified,Unclassified
HR318,Unclassified,Unclassified
HR319,Unclassified,Unclassified
HR320,Unclassified,Unclassified
HR321,Unclassified,Unclassified
HR322,Unclassified,Unclassified
HR323,Unclassified,Unclassified
HR324,Unclassified,Unclassified
HR325,Unclassified,Unclassified
HR326,Unclassified,Unclassified
HR327,Unclassified,Unclassified
HR328,Unclassified,Unclassified
HR329,Unclassified,Unclassified
HR330,Unclassified,Unclassified
HR331,Unclassified,Unclassified
HR332,Unclassified,Unclassified
HR334,Unclassified,Unclassified
HR335,Unclassified,Unclassified
HR336,Unclassified,Unclassified
HR337,Unclassified,Unclassified
HR338,Unclassified,Unclassified
HR339,Unclassified,Unclassified
HR340,Unclassified,Unclassified
HR341,Unclassified,Unclassified
HR342,Unclassified,Unclassified
HR343,Unclassified,Unclassified
HR344,Unclassified,Unclassified
HR345,Unclassified,Unclassified
HR346,Unclassified,Unclassified
HR347,Unclassified,Unclassified
HR348,Unclassified,Unclassified
HR349,Unclassified,Unclassified
HR350,Unclassified,Unclassified
HR353,Unclassified,Unclassified
HR355,Unclassified,Unclassified
HR356,Unclassified,Unclassified
HR357,Unclassified,Unclassified
HR358,Unclassified,Unclassified
HR359,Unclassified,Unclassified
HR360,Unclassified,Unclassified
HR361,Unclassified,Unclassified
HR362,Unclassified,Unclassified
HR363,Unclassified,Unclassified
HR364,Unclassified,Unclassified
HR365,Unclassified,Unclassified
HR366,Unclassified,Unclassified
HR368,Unclassified,Unclassified
HR369,Unclassified,Unclassified
HR370,Unclassified,Unclassified
HR371,Unclassified,Unclassified
HR372,Unclassified,Unclassified
HR373,Unclassified,Unclassified
HR376,Unclassified,Unclassified
HR377,Unclassified,Unclassified
HR378,Unclassified,Unclassified
HR379,Unclassified,Unclassified
HR380,Unclassified,Unclassified
HR381,Unclassified,Unclassified
HR382,Unclassified,Unclassified
HR383,Unclassified,Unclassified
HR384,Unclassified,Unclassified
HR385,Unclassified,Unclassified
HR386,Unclassified,Unclassified
HR387,Unclassified,Unclassified
HR388,Unclassified,Unclassified
HR389,Unclassified,Unclassified
HR390,Unclassified,Unclassified
HR392,Unclassified,Unclassified
HR393,Unclassified,Unclassified
HR394,Unclassified,Unclassified
HR395,Unclassified,Unclassified
HR396,Unclassified,Unclassified
HR397,Unclassified,Unclassified
HR398,Unclassified,Unclassified
HR399,Unclassified,Unclassified
HR400,Unclassified,Unclassified
HR401,Unclassified,Unclassified
HR402,Unclassified,Unclassified
HR403,Unclassified,Unclassified
HR406,Unclassified,Unclassified
HR407,Unclassified,Unclassified
HR408,Unclassified,Unclassified
HR409,Unclassified,Unclassified
HR410,Unclassified,Unclassified
HR411,Unclassified,Unclassified
HR412,Unclassified,Unclassified
HR413,Unclassified,Unclassified
HR414,Unclassified,Unclassified
HR415,Unclassified,Unclassified
HR416,Unclassified,Unclassified
HR417,Unclassified,Unclassified
HR418,Unclassified,Unclassified
HR420,Unclassified,Unclassified
HR421,Unclassified,Unclassified
HR422,Unclassified,Unclassified
HR423,Unclassified,Unclassified
HR424,Unclassified,Unclassified
HR425,Unclassified,Unclassified
HR429,Unclassified,Unclassified
HR430,Unclassified,Unclassified
HR432,Unclassified,Unclassified
HR433,Unclassified,Unclassified
HR434,Unclassified,Unclassified
HR435,Unclassified,Unclassified
HR436,Unclassified,Unclassified
HR437,Unclassified,Unclassified
HR438,Unclassified,Unclassified
HR439,Unclassified,Unclassified
HR440,Unclassified,Unclassified
HR441,Unclassified,Unclassified
HR442,Unclassified,Unclassified
HR443,Unclassified,Unclassified
HR445,Unclassified,Unclassified
HR446,Unclassified,Unclassified
HR447,Unclassified,Unclassified
HR448,Unclassified,Unclassified
HR449,Unclassified,Unclassified
HR451,Unclassified,Unclassified
HR452,Unclassified,Unclassified
HR454,Unclassified,Unclassified
HR455,Unclassified,Unclassified
HR456,Unclassified,Unclassified
HR457,Unclassified,Unclassified
HR458,Unclassified,Unclassified
HR460,Unclassified,Unclassified
HR461,Unclassified,Unclassified
HR462,Unclassified,Unclassified
HR463,Unclassified,Unclassified
HR464,Unclassified,Unclassified
HR466,Unclassified,Unclassified
HR467,Unclassified,Unclassified
HR468,Unclassified,Unclassified
HR469,Unclassified,Unclassified
HR470,Unclassified,Unclassified
HR471,Unclassified,Unclassified
HR472,Unclassified,Unclassified
HR473,Unclassified,Unclassified
HR474,Unclassified,Unclassified
HR475,Unclassified,Unclassified
HR476,Unclassified,Unclassified
HR477,Unclassified,Unclassified
HR478,Unclassified,Unclassified
HR479,Unclassified,Unclassified
HR480,Unclassified,Unclassified
HR481,Unclassified,Unclassified
HR482,Unclassified,Unclassified
HR483,Unclassified,Unclassified
HR484,Unclassified,Unclassified
HR486,Unclassified,Unclassified
HR2001,Unclassified,Unclassified
HR2002,Unclassified,Unclassified
HR2003,Unclassified,Unclassified
HR2004,Unclassified,Unclassified
HR2005,Unclassified,Unclassified
HR2006,Unclassified,Unclassified
HR2008,Unclassified,Unclassified
HR2009,Unclassified,Unclassified
SB37,Unclassified,Unclassified
SB45,Unclassified,Unclassified
SB49,Unclassified,Unclassified
SB54,Unclassified,Unclassified
SB56,Unclassified,Unclassified
SB61,Unclassified,Unclassified
SB63,Unclassified,Unclassified
SB64,Unclassified,Unclassified
SB68,Unclassified,Unclassified
SB77,Unclassified,Unclassified
SB80,Unclassified,Unclassified
SB82,Unclassified,Unclassified
SB83,Unclassified,Unclassified
SB84,Unclassified,Unclassified
SB85,Unclassified,Unclassified
SB88,Unclassified,Unclassified
SB89,Unclassified,Unclassified
SB91,Unclassified,Unclassified
SB95,Unclassified,Unclassified
SB98,Unclassified,Unclassified
SB103,Unclassified,Unclassified
SB105,Unclassified,Unclassified
SB106,Unclassified,Unclassified
SB107,Unclassified,Unclassified
SB110,Unclassified,Unclassified
SB111,Unclassified,Unclassified
SB112,Unclassified,Unclassified
SB113,Unclassified,Unclassified
SB116,Unclassified,Unclassified
SB124,Unclassified,Unclassified
SB127,Unclassified,Unclassified
SB132,Unclassified,Unclassified
SB138,Unclassified,Unclassified
SB142,Unclassified,Unclassified
SB144,Unclassified,Unclassified
SB147,Unclassified,Unclassified
SB149,Unclassified,Unclassified
SB150,Unclassified,Unclassified
SB153,Unclassified,Unclassified
SB154,Unclassified,Unclassified
SB155,Unclassified,Unclassified
SB157,Unclassified,Unclassified
SB158,Unclassified,Unclassified
SB159,Unclassified,Unclassified
SB163,Unclassified,Unclassified
SB165,Unclassified,Unclassified
SB167,Unclassified,Unclassified
SB168,Unclassified,Unclassified
SB169,Unclassified,Unclassified
SB178,Unclassified,Unclassified
SB180,Unclassified,Unclassified
SB182,Unclassified,Unclassified
SB183,Unclassified,Unclassified
SB185,Unclassified,Unclassified
SB188,Unclassified,Unclassified
SB193,Unclassified,Unclassified
SB194,Unclassified,Unclassified
SB195,Unclassified,Unclassified
SB197,Unclassified,Unclassified
SB198,Unclassified,Unclassified
SB200,Unclassified,Unclassified
SB204,Unclassified,Unclassified
SB205,Unclassified,Unclassified
SB208,Unclassified,Unclassified
SB210,Unclassified,Unclassified
SB212,Unclassified,Unclassified
SB216,Unclassified,Unclassified
SB217,Unclassified,Unclassified
SB219,Unclassified,Unclassified
SB224,Unclassified,Unclassified
SB226,Unclassified,Unclassified
SB227,Unclassified,Unclassified
SB229,Unclassified,Unclassified
SB230,Unclassified,Unclassified
SB233,Unclassified,Unclassified
SB235,Unclassified,Unclassified
SB238,Unclassified,Unclassified
SB239,Unclassified,Unclassified
SB241,Unclassified,Unclassified
SB244,Unclassified,Unclassified
SB248,Unclassified,Unclassified
SB258,Unclassified,Unclassified
SB260,Unclassified,Unclassified
SB261,Unclassified,Unclassified
SB265,Unclassified,Unclassified
SB266,Unclassified,Unclassified
SB270,Unclassified,Unclassified
SB271,Unclassified,Unclassified
SB274,Unclassified,Unclassified
SB278,Unclassified,Unclassified
SB279,Unclassified,Unclassified
SB280,Unclassified,Unclassified
SB281,Unclassified,Unclassified
SB282,Unclassified,Unclassified
SB283,Unclassified,Unclassified
SB285,Unclassified,Unclassified
SB289,Unclassified,Unclassified
SB292,Unclassified,Unclassified
SB293,Unclassified,Unclassified
SB296,Unclassified,Unclassified
SB297,Unclassified,Unclassified
SB300,Unclassified,Unclassified
SB301,Unclassified,Unclassified
SB302,Unclassified,Unclassified
SB303,Unclassified,Unclassified
SB304,Unclassified,Unclassified
SB310,Unclassified,Unclassified
SB314,Unclassified,Unclassified
SB315,Unclassified,Unclassified
SB316,Unclassified,Unclassified
SB320,Unclassified,Unclassified
SB322,Unclassified,Unclassified
SB331,Unclassified,Unclassified
SB333,Unclassified,Unclassified
SB334,Unclassified,Unclassified
SB335,Unclassified,Unclassified
SB336,Unclassified,Unclassified
SB337,Unclassified,Unclassified
SB338,Unclassified,Unclassified
SB341,Unclassified,Unclassified
SB343,Unclassified,Unclassified
SB345,Unclassified,Unclassified
SB346,Unclassified,Unclassified
SB351,Unclassified,Unclassified
SB353,Unclassified,Unclassified
SB355,Unclassified,Unclassified
SB356,Unclassified,Unclassified
SB358,Unclassified,Unclassified
SB360,Unclassified,Unclassified
SB363,Unclassified,Unclassified
SB364,Unclassified,Unclassified
SB369,Unclassified,Unclassified
SB374,Unclassified,Unclassified
SB375,Unclassified,Unclassified
SB377,Unclassified,Unclassified
SB381,Unclassified,Unclassified
SB383,Unclassified,Unclassified
SB385,Unclassified,Unclassified
SB386,Unclassified,Unclassified
SB387,Unclassified,Unclassified
SB390,Unclassified,Unclassified
SB391,Unclassified,Unclassified
SB397,Unclassified,Unclassified
SB398,Unclassified,Unclassified
SB399,Unclassified,Unclassified
SB401,Unclassified,Unclassified
SB403,Unclassified,Unclassified
SB404,Unclassified,Unclassified
SB406,Unclassified,Unclassified
SB408,Unclassified,Unclassified
SB409,Unclassified,Unclassified
SB411,Unclassified,Unclassified
SB412,Unclassified,Unclassified
SB414,Unclassified,Unclassified
SB417,Unclassified,Unclassified
SB419,Unclassified,Unclassified
SB420,Unclassified,Unclassified
SB424,Unclassified,Unclassified
SB426,Unclassified,Unclassified
SB428,Unclassified,Unclassified
SB431,Unclassified,Unclassified
SB432,Unclassified,Unclassified
SB433,Unclassified,Unclassified
SB434,Unclassified,Unclassified
SB435,Unclassified,Unclassified
SB437,Unclassified,Unclassified
SB439,Unclassified,Unclassified
SB440,Unclassified,Unclassified
SB441,Unclassified,Unclassified
SB442,Unclassified,Unclassified
SB446,Unclassified,Unclassified
SB447,Unclassified,Unclassified
SB452,Unclassified,Unclassified
SB453,Unclassified,Unclassified
SB454,Unclassified,Unclassified
SB455,Unclassified,Unclassified
SB459,Unclassified,Unclassified
SB462,Unclassified,Unclassified
SB467,Unclassified,Unclassified
SB469,Unclassified,Unclassified
SB471,Unclassified,Unclassified
SB472,Unclassified,Unclassified
SB473,Unclassified,Unclassified
SB474,Unclassified,Unclassified
SB475,Unclassified,Unclassified
SB477,Unclassified,Unclassified
SB478,Unclassified,Unclassified
SB482,Unclassified,Unclassified
SB484,Unclassified,Unclassified
SB486,Unclassified,Unclassified
SB489,Unclassified,Unclassified
SB494,Unclassified,Unclassified
SB498,Unclassified,Unclassified
SB499,Unclassified,Unclassified
SB503,Unclassified,Unclassified
SB504,Unclassified,Unclassified
SB506,Unclassified,Unclassified
SB507,Unclassified,Unclassified
SB514,Unclassified,Unclassified
SB517,Unclassified,Unclassified
SB521,Unclassified,Unclassified
SB523,Unclassified,Unclassified
SB527,Unclassified,Unclassified
SB531,Unclassified,Unclassified
SB532,Unclassified,Unclassified
SB539,Unclassified,Unclassified
SB540,Unclassified,Unclassified
SB541,Unclassified,Unclassified
SB542,Unclassified,Unclassified
SB543,Unclassified,Unclassified
SB545,Unclassified,Unclassified
SB546,Unclassified,Unclassified
SB547,Unclassified,Unclassified
SB548,Unclassified,Unclassified
SB549,Unclassified,Unclassified
SB552,Unclassified,Unclassified
SB553,Unclassified,Unclassified
SB557,Unclassified,Unclassified
SB558,Unclassified,Unclassified
SB559,Unclassified,Unclassified
SB565,Unclassified,Unclassified
SB567,Unclassified,Unclassified
SB570,Unclassified,Unclassified
SB571,Unclassified,Unclassified
SB573,Unclassified,Unclassified
SB574,Unclassified,Unclassified
SB578,Unclassified,Unclassified
SB579,Unclassified,Unclassified
SB583,Unclassified,Unclassified
SB585,Unclassified,Unclassified
SB590,Unclassified,Unclassified
SB595,Unclassified,Unclassified
SB596,Unclassified,Unclassified
SB600,Unclassified,Unclassified
SB602,Unclassified,Unclassified
SB604,Unclassified,Unclassified
SB605,Unclassified,Unclassified
SB606,Unclassified,Unclassified
SB608,Unclassified,Unclassified
SB609,Unclassified,Unclassified
SB613,Unclassified,Unclassified
SB614,Unclassified,Unclassified
SB615,Unclassified,Unclassified
SB616,Unclassified,Unclassified
SB617,Unclassified,Unclassified
SB620,Unclassified,Unclassified
SB622,Unclassified,Unclassified
SB624,Unclassified,Unclassified
SB629,Unclassified,Unclassified
SB631,Unclassified,Unclassified
SB635,Unclassified,Unclassified
SB636,Unclassified,Unclassified
SB637,Unclassified,Unclassified
SB641,Unclassified,Unclassified
SB646,Unclassified,Unclassified
SB648,Unclassified,Unclassified
SB651,Unclassified,Unclassified
SB652,Unclassified,Unclassified
SB653,Unclassified,Unclassified
SB654,Unclassified,Unclassified
SB656,Unclassified,Unclassified
SB660,Unclassified,Unclassified
SB665,Unclassified,Unclassified
SB666,Unclassified,Unclassified
SB671,Unclassified,Unclassified
SB672,Unclassified,Unclassified
SB677,Unclassified,Unclassified
SB679,Unclassified,Unclassified
SB680,Unclassified,Unclassified
SB682,Unclassified,Unclassified
SB683,Unclassified,Unclassified
SB685,Unclassified,Unclassified
SB687,Unclassified,Unclassified
SB691,Unclassified,Unclassified
SB698,Unclassified,Unclassified
SB699,Unclassified,Unclassified
SB701,Unclassified,Unclassified
SB704,Unclassified,Unclassified
SB707,Unclassified,Unclassified
SB709,Unclassified,Unclassified
SB712,Unclassified,Unclassified
SB713,Unclassified,Unclassified
SB714,Unclassified,Unclassified
SB715,Unclassified,Unclassified
SB718,Unclassified,Unclassified
SB720,Unclassified,Unclassified
SB721,Unclassified,Unclassified
SB722,Unclassified,Unclassified
SB725,Unclassified,Unclassified
SB726,Unclassified,Unclassified
SB728,Unclassified,Unclassified
SB729,Unclassified,Unclassified
SB734,Unclassified,Unclassified
SB735,Unclassified,Unclassified
SB736,Unclassified,Unclassified
SB739,Unclassified,Unclassified
SB740,Unclassified,Unclassified
SB743,Unclassified,Unclassified
SB746,Unclassified,Unclassified
SB748,Unclassified,Unclassified
SB757,Unclassified,Unclassified
SB759,Unclassified,Unclassified
SB760,Unclassified,Unclassified
SB761,Unclassified,Unclassified
SB765,Unclassified,Unclassified
SB768,Unclassified,Unclassified
SB769,Unclassified,Unclassified
SB775,Unclassified,Unclassified
SB779,Unclassified,Unclassified
SB780,Unclassified,Unclassified
SB781,Unclassified,Unclassified
SB783,Unclassified,Unclassified
SB784,Unclassified,Unclassified
SB787,Unclassified,Unclassified
SB788,Unclassified,Unclassified
SB789,Unclassified,Unclassified
SB791,Unclassified,Unclassified
SB792,Unclassified,Unclassified
SB795,Unclassified,Unclassified
SB798,Unclassified,Unclassified
SB800,Unclassified,Unclassified
SB801,Unclassified,Unclassified
SB803,Unclassified,Unclassified
SB804,Unclassified,Unclassified
SB806,Unclassified,Unclassified
SB807,Unclassified,Unclassified
SB813,Unclassified,Unclassified
SB815,Unclassified,Unclassified
SB819,Unclassified,Unclassified
SB820,Unclassified,Unclassified
SB825,Unclassified,Unclassified
SB826,Unclassified,Unclassified
SB827,Unclassified,Unclassified
SB830,Unclassified,Unclassified
SB835,Unclassified,Unclassified
SB836,Unclassified,Unclassified
SJ6,Unclassified,Unclassified
SJ7,Unclassified,Unclassified
SJ8,Unclassified,Unclassified
SJ10,Unclassified,Unclassified
SJ11,Unclassified,Unclassified
SJ12,Unclassified,Unclassified
SJ13,Unclassified,Unclassified
SJ14,Unclassified,Unclassified
SJ16,Unclassified,Unclassified
SJ17,Unclassified,Unclassified
SJ18,Unclassified,Unclassified
SJ19,Unclassified,Unclassified
SJ20,Unclassified,Unclassified
SJ22,Unclassified,Unclassified
SJ23,Unclassified,Unclassified
SJ24,Unclassified,Unclassified
SJ25,Unclassified,Unclassified
SJ29,Unclassified,Unclassified
SJ30,Unclassified,Unclassified
SJ31,Unclassified,Unclassified
SJ32,Unclassified,Unclassified
SJ35,Unclassified,Unclassified
SJ36,Unclassified,Unclassified
SJ37,Unclassified,Unclassified
SJ40,Unclassified,Unclassified
SJ41,Unclassified,Unclassified
SJ42,Unclassified,Unclassified
SJ43,Unclassified,Unclassified
SJ44,Unclassified,Unclassified
SJ45,Unclassified,Unclassified
SJ46,Unclassified,Unclassified
SJ47,Unclassified,Unclassified
SJ48,Unclassified,Unclassified
SJ49,Unclassified,Unclassified
SJ50,Unclassified,Unclassified
SJ52,Unclassified,Unclassified
SJ53,Unclassified,Unclassified
SJ54,Unclassified,Unclassified
SJ55,Unclassified,Unclassified
SJ56,Unclassified,Unclassified
SJ58,Unclassified,Unclassified
SJ59,Unclassified,Unclassified
SJ60,Unclassified,Unclassified
SJ61,Unclassified,Unclassified
SJ62,Unclassified,Unclassified
SJ63,Unclassified,Unclassified
SJ64,Unclassified,Unclassified
SJ65,Unclassified,Unclassified
SJ66,Unclassified,Unclassified
SJ67,Unclassified,Unclassified
SJ68,Unclassified,Unclassified
SJ69,Unclassified,Unclassified
SJ70,Unclassified,Unclassified
SJ71,Unclassified,Unclassified
SJ72,Unclassified,Unclassified
SJ73,Unclassified,Unclassified
SJ74,Unclassified,Unclassified
SJ78,Unclassified,Unclassified
SJ79,Unclassified,Unclassified
SJ80,Unclassified,Unclassified
SJ82,Unclassified,Unclassified
SJ83,Unclassified,Unclassified
SJ84,Unclassified,Unclassified
SJ85,Unclassified,Unclassified
SJ86,Unclassified,Unclassified
SJ87,Unclassified,Unclassified
SJ88,Unclassified,Unclassified
SJ89,Unclassified,Unclassified
SJ90,Unclassified,Unclassified
SJ93,Unclassified,Unclassified
SJ94,Unclassified,Unclassified
SJ95,Unclassified,Unclassified
SJ96,Unclassified,Unclassified
SJ97,Unclassified,Unclassified
SJ98,Unclassified,Unclassified
SJ99,Unclassified,Unclassified
SJ100,Unclassified,Unclassified
SJ101,Unclassified,Unclassified
SJ102,Unclassified,Unclassified
SJ105,Unclassified,Unclassified
SJ106,Unclassified,Unclassified
SJ107,Unclassified,Unclassified
SJ108,Unclassified,Unclassified
SJ109,Unclassified,Unclassified
SJ110,Unclassified,Unclassified
SJ111,Unclassified,Unclassified
SJ112,Unclassified,Unclassified
SJ113,Unclassified,Unclassified
SJ114,Unclassified,Unclassified
SJ115,Unclassified,Unclassified
SJ116,Unclassified,Unclassified
SJ117,Unclassified,Unclassified
SJ118,Unclassified,Unclassified
SJ119,Unclassified,Unclassified
SJ120,Unclassified,Unclassified
SJ121,Unclassified,Unclassified
SJ122,Unclassified,Unclassified
SJ123,Unclassified,Unclassified
SJ124,Unclassified,Unclassified
SJ125,Unclassified,Unclassified
SJ126,Unclassified,Unclassified
SJ127,Unclassified,Unclassified
SJ128,Unclassified,Unclassified
SJ129,Unclassified,Unclassified
SJ130,Unclassified,Unclassified
SJ131,Unclassified,Unclassified
SJ132,Unclassified,Unclassified
SJ133,Unclassified,Unclassified
SJ134,Unclassified,Unclassified
SJ135,Unclassified,Unclassified
SJ136,Unclassified,Unclassified
SJ137,Unclassified,Unclassified
SJ138,Unclassified,Unclassified
SJ139,Unclassified,Unclassified
SJ140,Unclassified,Unclassified
SJ141,Unclassified,Unclassified
SJ142,Unclassified,Unclassified
SJ143,Unclassified,Unclassified
SJ144,Unclassified,Unclassified
SJ145,Unclassified,Unclassified
SJ146,Unclassified,Unclassified
SJ147,Unclassified,Unclassified
SJ148,Unclassified,Unclassified
SJ149,Unclassified,Unclassified
SJ150,Unclassified,Unclassified
SJ151,Unclassified,Unclassified
SJ152,Unclassified,Unclassified
SJ153,Unclassified,Unclassified
SJ155,Unclassified,Unclassified
SJ156,Unclassified,Unclassified
SJ157,Unclassified,Unclassified
SJ158,Unclassified,Unclassified
SJ159,Unclassified,Unclassified
SJ160,Unclassified,Unclassified
SJ161,Unclassified,Unclassified
SJ162,Unclassified,Unclassified
SJ163,Unclassified,Unclassified
SJ164,Unclassified,Unclassified
SJ165,Unclassified,Unclassified
SJ166,Unclassified,Unclassified
SJ167,Unclassified,Unclassified
SJ168,Unclassified,Unclassified
SJ169,Unclassified,Unclassified
SJ170,Unclassified,Unclassified
SJ171,Unclassified,Unclassified
SJ172,Unclassified,Unclassified
SJ173,Unclassified,Unclassified
SJ174,Unclassified,Unclassified
SJ175,Unclassified,Unclassified
SJ176,Unclassified,Unclassified
SJ177,Unclassified,Unclassified
SJ178,Unclassified,Unclassified
SJ179,Unclassified,Unclassified
SJ180,Unclassified,Unclassified
SJ181,Unclassified,Unclassified
SJ183,Unclassified,Unclassified
SJ184,Unclassified,Unclassified
SJ185,Unclassified,Unclassified
SJ186,Unclassified,Unclassified
SJ187,Unclassified,Unclassified
SJ188,Unclassified,Unclassified
SJ189,Unclassified,Unclassified
SJ191,Unclassified,Unclassified
SJ192,Unclassified,Unclassified
SJ193,Unclassified,Unclassified
SJ194,Unclassified,Unclassified
SJ195,Unclassified,Unclassified
SJ196,Unclassified,Unclassified
SJ197,Unclassified,Unclassified
SJ198,Unclassified,Unclassified
SJ199,Unclassified,Unclassified
SJ200,Unclassified,Unclassified
SJ201,Unclassified,Unclassified
SJ202,Unclassified,Unclassified
SJ203,Unclassified,Unclassified
SJ204,Unclassified,Unclassified
SJ205,Unclassified,Unclassified
SJ206,Unclassified,Unclassified
SJ207,Unclassified,Unclassified
SJ209,Unclassified,Unclassified
SJ210,Unclassified,Unclassified
SJ211,Unclassified,Unclassified
SJ212,Unclassified,Unclassified
SJ213,Unclassified,Unclassified
SJ214,Unclassified,Unclassified
SJ215,Unclassified,Unclassified
SJ216,Unclassified,Unclassified
SJ217,Unclassified,Unclassified
SJ218,Unclassified,Unclassified
SJ219,Unclassified,Unclassified
SJ220,Unclassified,Unclassified
SJ221,Unclassified,Unclassified
SJ222,Unclassified,Unclassified
SJ224,Unclassified,Unclassified
SJ225,Unclassified,Unclassified
SJ226,Unclassified,Unclassified
SJ227,Unclassified,Unclassified
SJ228,Unclassified,Unclassified
SJ229,Unclassified,Unclassified
SJ230,Unclassified,Unclassified
SJ231,Unclassified,Unclassified
SJ232,Unclassified,Unclassified
SJ233,Unclassified,Unclassified
SJ235,Unclassified,Unclassified
SJ236,Unclassified,Unclassified
SJ237,Unclassified,Unclassified
SJ238,Unclassified,Unclassified
SJ239,Unclassified,Unclassified
SJ240,Unclassified,Unclassified
SJ241,Unclassified,Unclassified
SJ242,Unclassified,Unclassified
SJ243,Unclassified,Unclassified
SJ244,Unclassified,Unclassified
SJ245,Unclassified,Unclassified
SJ246,Unclassified,Unclassified
SJ248,Unclassified,Unclassified
SJ249,Unclassified,Unclassified
SJ250,Unclassified,Unclassified
SJ251,Unclassified,Unclassified
SJ252,Unclassified,Unclassified
SJ253,Unclassified,Unclassified
SJ254,Unclassified,Unclassified
SJ255,Unclassified,Unclassified
SJ256,Unclassified,Unclassified
SJ270,Unclassified,Unclassified
SJ271,Unclassified,Unclassified
SJ272,Unclassified,Unclassified
SJ273,Unclassified,Unclassified
SJ274,Unclassified,Unclassified
SJ275,Unclassified,Unclassified
SJ276,Unclassified,Unclassified
SJ277,Unclassified,Unclassified
SJ278,Unclassified,Unclassified
SJ279,Unclassified,Unclassified
SJ280,Unclassified,Unclassified
SJ281,Unclassified,Unclassified
SJ282,Unclassified,Unclassified
SJ283,Unclassified,Unclassified
SJ284,Unclassified,Unclassified
SJ291,Unclassified,Unclassified
SJ292,Unclassified,Unclassified
SJ293,Unclassified,Unclassified
SJ294,Unclassified,Unclassified
SJ296,Unclassified,Unclassified
SR1,Unclassified,Unclassified
SR2,Unclassified,Unclassified
SR3,Unclassified,Unclassified
SR4,Unclassified,Unclassified
SR5,Unclassified,Unclassified
SR7,Unclassified,Unclassified
SR9,Unclassified,Unclassified
SR10,Unclassified,Unclassified
SR11,Unclassified,Unclassified
SR12,Unclassified,Unclassified
SR13,Unclassified,Unclassified
SR14,Unclassified,Unclassified
SR16,Unclassified,Unclassified
SR18,Unclassified,Unclassified
SR19,Unclassified,Unclassified
SR20,Unclassified,Unclassified
SR21,Unclassified,Unclassified
SR22,Unclassified,Unclassified
SR23,Unclassified,Unclassified
SR24,Unclassified,Unclassified
SR25,Unclassified,Unclassified
SR26,Unclassified,Unclassified
SR27,Unclassified,Unclassified
SR28,Unclassified,Unclassified
SR29,Unclassified,Unclassified
SR31,Unclassified,Unclassified
SR32,Unclassified,Unclassified
SR33,Unclassified,Unclassified
SR34,Unclassified,Unclassified
SR35,Unclassified,Unclassified
SR36,Unclassified,Unclassified
SR37,Unclassified,Unclassified
SR38,Unclassified,Unclassified
SR39,Unclassified,Unclassified
SR40,Unclassified,Unclassified
SR41,Unclassified,Unclassified
SR42,Unclassified,Unclassified
SR43,Unclassified,Unclassified
SR44,Unclassified,Unclassified
SR45,Unclassified,Unclassified
SR46,Unclassified,Unclassified
SR47,Unclassified,Unclassified
SR49,Unclassified,Unclassified
SR50,Unclassified,Unclassified
SR51,Unclassified,Unclassified
SR52,Unclassified,Unclassified
SR53,Unclassified,Unclassified
SR54,Unclassified,Unclassified
SR55,Unclassified,Unclassified
SR56,Unclassified,Unclassified
SR57,Unclassified,Unclassified
SR58,Unclassified,Unclassified
SR59,Unclassified,Unclassified
SR60,Unclassified,Unclassified
SR61,Unclassified,Unclassified
SR63,Unclassified,Unclassified
SR64,Unclassified,Unclassified
SR65,Unclassified,Unclassified
SR66,Unclassified,Unclassified
SR67,Unclassified,Unclassified
SR68,Unclassified,Unclassified
SR70,Unclassified,Unclassified
SR71,Unclassified,Unclassified
SR72,Unclassified,Unclassified
SR73,Unclassified,Unclassified
SR74,Unclassified,Unclassified
SR75,Unclassified,Unclassified
SR76,Unclassified,Unclassified
SR77,Unclassified,Unclassified
SR78,Unclassified,Unclassified
SR79,Unclassified,Unclassified
SR80,Unclassified,Unclassified
SR81,Unclassified,Unclassified
SR82,Unclassified,Unclassified
SR83,Unclassified,Unclassified
SR84,Unclassified,Unclassified
SR85,Unclassified,Unclassified
SR86,Unclassified,Unclassified
SR87,Unclassified,Unclassified
SR88,Unclassified,Unclassified
SR89,Unclassified,Unclassified
SR90,Unclassified,Unclassified
SR91,Unclassified,Unclassified
SR92,Unclassified,Unclassified
SR93,Unclassified,Unclassified
SR94,Unclassified,Unclassified
SR95,Unclassified,Unclassified
SR96,Unclassified,Unclassified
SR97,Unclassified,Unclassified
SR98,Unclassified,Unclassified
SR99,Unclassified,Unclassified
SR100,Unclassified,Unclassified
SR103,Unclassified,Unclassified
SR104,Unclassified,Unclassified
SR105,Unclassified,Unclassified
SR106,Unclassified,Unclassified
SR107,Unclassified,Unclassified
SR108,Unclassified,Unclassified
SR109,Unclassified,Unclassified
SR110,Unclassified,Unclassified
SR111,Unclassified,Unclassified
SR112,Unclassified,Unclassified
SR113,Unclassified,Unclassified
SR114,Unclassified,Unclassified
SR115,Unclassified,Unclassified
SR116,Unclassified,Unclassified
SR117,Unclassified,Unclassified
SR118,Unclassified,Unclassified
SR119,Unclassified,Unclassified
SR121,Unclassified,Unclassified
SR122,Unclassified,Unclassified
SR123,Unclassified,Unclassified
SR124,Unclassified,Unclassified
SR125,Unclassified,Unclassified
SR126,Unclassified,Unclassified
SR127,Unclassified,Unclassified
SR129,Unclassified,Unclassified
SR130,Unclassified,Unclassified
SR131,Unclassified,Unclassified
SR132,Unclassified,Unclassified
SR133,Unclassified,Unclassified
SR134,Unclassified,Unclassified
SR135,Unclassified,Unclassified
SR136,Unclassified,Unclassified
SR137,Unclassified,Unclassified
SR138,Unclassified,Unclassified
SR139,Unclassified,Unclassified
SR141,Unclassified,Unclassified
SR142,Unclassified,Unclassified
SR143,Unclassified,Unclassified
SR144,Unclassified,Unclassified
SR145,Unclassified,Unclassified
SR146,Unclassified,Unclassified
SR147,Unclassified,Unclassified
SR148,Unclassified,Unclassified
SR149,Unclassified,Unclassified
SR151,Unclassified,Unclassified
SR154,Unclassified,Unclassified
SR155,Unclassified,Unclassified
SR156,Unclassified,Unclassified
SR157,Unclassified,Unclassified
SR158,Unclassified,Unclassified
SR159,Unclassified,Unclassified
SR160,Unclassified,Unclassified
SR161,Unclassified,Unclassified
SR162,Unclassified,Unclassified
SR164,Unclassified,Unclassified
SR166,Unclassified,Unclassified
SR167,Unclassified,Unclassified
SR169,Unclassified,Unclassified
SR170,Unclassified,Unclassified
SR171,Unclassified,Unclassified
SR172,Unclassified,Unclassified
