year,member_id,MBR_NAME,party,topic_name,classification,topic_vote_events,yes_votes,no_votes,directional_topic_votes,voting_tendency,yes_pct,no_pct
2025,H0375,Adele Y. McClure,D,Administration of Government,Official LIS subject,1,1,0,1,INSUFFICIENT DATA,100.0,0.0
2025,H0311,Alex Q. Askew,D,Administration of Government,Official LIS subject,1,1,0,1,INSUFFICIENT DATA,100.0,0.0
2025,H0239,Alfonso H. Lopez,D,Administration of Government,Official LIS subject,1,1,0,1,INSUFFICIENT DATA,100.0,0.0
2025,H0371,Amy J. Laufer,D,Administration of Government,Official LIS subject,1,1,0,1,INSUFFICIENT DATA,100.0,0.0
2025,H0380,Atoosa R. Reaser,D,Administration of Government,Official LIS subject,1,1,0,1,INSUFFICIENT DATA,100.0,0.0
2025,H0212,Betsy B. Carr,D,Administration of Government,Official LIS subject,1,1,0,1,INSUFFICIENT DATA,100.0,0.0
2025,H0353,Bonita G. Anthony,D,Administration of Government,Official LIS subject,2,2,0,2,INSUFFICIENT DATA,100.0,0.0
2025,H0343,Briana D. Sewell,D,Administration of Government,Official LIS subject,1,1,0,1,INSUFFICIENT DATA,100.0,0.0
2025,H0285,"C.E. Cliff Hayes, Jr.",D,Administration of Government,Official LIS subject,1,1,0,1,INSUFFICIENT DATA,100.0,0.0
2025,H0330,Candi Mundon King,D,Administration of Government,Official LIS subject,1,1,0,1,INSUFFICIENT DATA,100.0,0.0
2025,H0208,Charniele L. Herring,D,Administration of Government,Official LIS subject,1,1,0,1,INSUFFICIENT DATA,100.0,0.0
2025,H0317,Dan I. Helmer,D,Administration of Government,Official LIS subject,1,1,0,1,INSUFFICIENT DATA,100.0,0.0
2025,H0301,David A. Reid,D,Administration of Government,Official LIS subject,2,2,0,2,INSUFFICIENT DATA,100.0,0.0
2025,H0177,David L. Bulova,D,Administration of Government,Official LIS subject,1,1,0,1,INSUFFICIENT DATA,100.0,0.0
2025,H0361,Debra D. Gardner,D,Administration of Government,Official LIS subject,1,1,0,1,INSUFFICIENT DATA,100.0,0.0
2025,H0207,Delores L. McQuinn,D,Administration of Government,Official LIS subject,1,1,0,1,INSUFFICIENT DATA,100.0,0.0
2025,H0372,Destiny LeVere Bolling,D,Administration of Government,Official LIS subject,2,2,0,2,INSUFFICIENT DATA,100.0,0.0
2025,H0322,Don Scott,D,Administration of Government,Official LIS subject,1,1,0,1,INSUFFICIENT DATA,100.0,0.0
2025,H0334,Elizabeth B. Bennett-Parker,D,Administration of Government,Official LIS subject,1,1,0,1,INSUFFICIENT DATA,100.0,0.0
2025,H0351,Holly M. Seibold,D,Administration of Government,Official LIS subject,1,1,0,1,INSUFFICIENT DATA,100.0,0.0
2025,H0344,Irene Shin,D,Administration of Government,Official LIS subject,1,1,0,1,INSUFFICIENT DATA,100.0,0.0
2025,H0385,JJ Singh,D,Administration of Government,Official LIS subject,1,1,0,1,INSUFFICIENT DATA,100.0,0.0
2025,H0349,Jackie H. Glass,D,Administration of Government,Official LIS subject,2,2,0,2,INSUFFICIENT DATA,100.0,0.0
2025,H0173,Jeion A. Ward,D,Administration of Government,Official LIS subject,1,1,0,1,INSUFFICIENT DATA,100.0,0.0
2025,H0382,Joshua E. Thomas,D,Administration of Government,Official LIS subject,1,1,0,1,INSUFFICIENT DATA,100.0,0.0
2025,H0314,Joshua G. Cole,D,Administration of Government,Official LIS subject,2,2,0,2,INSUFFICIENT DATA,100.0,0.0
2025,H0381,Kannan Srinivasan,D,Administration of Government,Official LIS subject,1,1,0,1,INSUFFICIENT DATA,100.0,0.0
2025,H0370,Karen Keys-Gamarra,D,Administration of Government,Official LIS subject,1,1,0,1,INSUFFICIENT DATA,100.0,0.0
2025,H0294,Karrie K. Delaney,D,Administration of Government,Official LIS subject,1,1,0,1,INSUFFICIENT DATA,100.0,0.0
2025,H0305,Kathy K.L. Tran,D,Administration of Government,Official LIS subject,1,1,0,1,INSUFFICIENT DATA,100.0,0.0
2025,H0354,Katrina Callsen,D,Administration of Government,Official LIS subject,1,1,0,1,INSUFFICIENT DATA,100.0,0.0
2025,H0295,Kelly K. Convirs-Fowler,D,Administration of Government,Official LIS subject,2,2,0,2,INSUFFICIENT DATA,100.0,0.0
2025,H0355,Laura Jane Cohen,D,Administration of Government,Official LIS subject,1,1,0,1,INSUFFICIENT DATA,100.0,0.0
2025,H0227,Luke E. Torian,D,Administration of Government,Official LIS subject,1,1,0,1,INSUFFICIENT DATA,100.0,0.0
2025,H0284,"Marcia S. ""Cia"" Price",D,Administration of Government,Official LIS subject,2,2,0,2,INSUFFICIENT DATA,100.0,0.0
2025,H0264,Marcus B. Simon,D,Administration of Government,Official LIS subject,1,1,0,1,INSUFFICIENT DATA,100.0,0.0
2025,H0172,Mark D. Sickles,D,Administration of Government,Official LIS subject,2,2,0,2,INSUFFICIENT DATA,100.0,0.0
2025,H0374,Marty Martinez,D,Administration of Government,Official LIS subject,1,1,0,1,INSUFFICIENT DATA,100.0,0.0
2025,H0360,Michael B. Feggans,D,Administration of Government,Official LIS subject,1,1,0,1,INSUFFICIENT DATA,100.0,0.0
2025,H0368,Michael J. Jones,D,Administration of Government,Official LIS subject,1,1,0,1,INSUFFICIENT DATA,100.0,0.0
2025,H0340,Michelle Lopes Maldonado,D,Administration of Government,Official LIS subject,2,2,0,2,INSUFFICIENT DATA,100.0,0.0
2025,H0336,Nadarius E. Clark,D,Administration of Government,Official LIS subject,1,1,0,1,INSUFFICIENT DATA,100.0,0.0
2025,H0219,Patrick A. Hope,D,Administration of Government,Official LIS subject,1,1,0,1,INSUFFICIENT DATA,100.0,0.0
2025,H0281,Paul E. Krizek,D,Administration of Government,Official LIS subject,2,2,0,2,INSUFFICIENT DATA,100.0,0.0
2025,H0366,Phil M. Hernandez,D,Administration of Government,Official LIS subject,1,1,0,1,INSUFFICIENT DATA,100.0,0.0
2025,H0356,Rae Cousins,D,Administration of Government,Official LIS subject,1,1,0,1,INSUFFICIENT DATA,100.0,0.0
2025,H0269,"Richard C. ""Rip"" Sullivan, Jr.",D,Administration of Government,Official LIS subject,1,1,0,1,INSUFFICIENT DATA,100.0,0.0
2025,H0327,Rodney T. Willett,D,Administration of Government,Official LIS subject,1,1,0,1,INSUFFICIENT DATA,100.0,0.0
2025,H0365,"Rozia A. Henson, Jr.",D,Administration of Government,Official LIS subject,2,2,0,2,INSUFFICIENT DATA,100.0,0.0
2025,H0266,Sam Rasoul,D,Administration of Government,Official LIS subject,1,1,0,1,INSUFFICIENT DATA,100.0,0.0
2025,H0323,Shelly A. Simonds,D,Administration of Government,Official LIS subject,1,1,0,1,INSUFFICIENT DATA,100.0,0.0
2025,H0108,Vivian E. Watts,D,Administration of Government,Official LIS subject,1,1,0,1,INSUFFICIENT DATA,100.0,0.0
2025,H0337,A.C. Cordoza,R,Administration of Government,Official LIS subject,1,0,1,1,INSUFFICIENT DATA,0.0,100.0
2025,H0313,Amanda E. Batten,R,Administration of Government,Official LIS subject,1,0,1,1,INSUFFICIENT DATA,0.0,100.0
2025,H0345,Anne Ferrell Tata,R,Administration of Government,Official LIS subject,1,0,1,1,INSUFFICIENT DATA,0.0,100.0
2025,H0206,Barry D. Knight,R,Administration of Government,Official LIS subject,1,0,1,1,INSUFFICIENT DATA,0.0,100.0
2025,H0329,Bill Wiley,R,Administration of Government,Official LIS subject,1,0,1,1,INSUFFICIENT DATA,0.0,100.0
2025,H0181,C. Todd Gilbert,R,Administration of Government,Official LIS subject,2,0,2,2,INSUFFICIENT DATA,0.0,100.0
2025,H0315,Carrie E. Coyner,R,Administration of Government,Official LIS subject,1,0,1,1,INSUFFICIENT DATA,0.0,100.0
2025,H0378,Chris Obenshain,R,Administration of Government,Official LIS subject,1,0,1,1,INSUFFICIENT DATA,0.0,100.0
2025,H0321,Chris S. Runion,R,Administration of Government,Official LIS subject,1,0,1,1,INSUFFICIENT DATA,0.0,100.0
2025,H0150,"Daniel W. Marshall, III",R,Administration of Government,Official LIS subject,1,0,0,0,INSUFFICIENT DATA,0.0,0.0
2025,H0379,David Owen,R,Administration of Government,Official LIS subject,1,0,1,1,INSUFFICIENT DATA,0.0,100.0
2025,H0377,Delores Oates,R,Administration of Government,Official LIS subject,1,0,1,1,INSUFFICIENT DATA,0.0,100.0
2025,H0350,Ellen H. Campbell,R,Administration of Government,Official LIS subject,1,0,1,1,INSUFFICIENT DATA,0.0,100.0
2025,H0384,Eric Phillips,R,Administration of Government,Official LIS subject,2,0,1,1,INSUFFICIENT DATA,0.0,100.0
2025,H0383,Eric R. Zehr,R,Administration of Government,Official LIS subject,1,0,1,1,INSUFFICIENT DATA,0.0,100.0
2025,H0367,Geary Higgins,R,Administration of Government,Official LIS subject,1,0,1,1,INSUFFICIENT DATA,0.0,100.0
2025,H0347,"H. Otto Wachsmann, Jr.",R,Administration of Government,Official LIS subject,2,0,2,2,INSUFFICIENT DATA,0.0,100.0
2025,H0369,Hillary Pugh Kent,R,Administration of Government,Official LIS subject,1,0,1,1,INSUFFICIENT DATA,0.0,100.0
2025,H0259,"Hyland F. ""Buddy"" Fowler, Jr.",R,Administration of Government,Official LIS subject,1,0,1,1,INSUFFICIENT DATA,0.0,100.0
2025,H0373,Ian T. Lovejoy,R,Administration of Government,Official LIS subject,1,0,1,1,INSUFFICIENT DATA,0.0,100.0
2025,H0242,Israel D. O'Quinn,R,Administration of Government,Official LIS subject,2,0,2,2,INSUFFICIENT DATA,0.0,100.0
2025,H0262,"James A. ""Jay"" Leftwich",R,Administration of Government,Official LIS subject,2,0,2,2,INSUFFICIENT DATA,0.0,100.0
2025,H0224,James W. Morefield,R,Administration of Government,Official LIS subject,1,0,1,1,INSUFFICIENT DATA,0.0,100.0
2025,H0333,Jason S. Ballard,R,Administration of Government,Official LIS subject,1,0,1,1,INSUFFICIENT DATA,0.0,100.0
2025,H0352,"Jonathan ""Jed"" Arnold",R,Administration of Government,Official LIS subject,1,0,1,1,INSUFFICIENT DATA,0.0,100.0
2025,H0308,Joseph P. McNamara,R,Administration of Government,Official LIS subject,1,0,1,1,INSUFFICIENT DATA,0.0,100.0
2025,H0346,Kim A. Taylor,R,Administration of Government,Official LIS subject,1,0,1,1,INSUFFICIENT DATA,0.0,100.0
2025,H0238,M. Keith Hodges,R,Administration of Government,Official LIS subject,1,0,1,1,INSUFFICIENT DATA,0.0,100.0
2025,H0358,"Mark L. Earley, Jr.",R,Administration of Government,Official LIS subject,1,0,1,1,INSUFFICIENT DATA,0.0,100.0
2025,H0247,Michael J. Webert,R,Administration of Government,Official LIS subject,1,0,1,1,INSUFFICIENT DATA,0.0,100.0
2025,H0335,Mike A. Cherry,R,Administration of Government,Official LIS subject,2,0,2,2,INSUFFICIENT DATA,0.0,100.0
2025,H0359,N. Baxter Ennis,R,Administration of Government,Official LIS subject,1,0,1,1,INSUFFICIENT DATA,0.0,100.0
2025,H0279,Nicholas J. Freitas,R,Administration of Government,Official LIS subject,1,0,1,1,INSUFFICIENT DATA,0.0,100.0
2025,H0376,Paul V. Milde,R,Administration of Government,Official LIS subject,2,0,2,2,INSUFFICIENT DATA,0.0,100.0
2025,H0342,Phillip A. Scott,R,Administration of Government,Official LIS subject,2,0,2,2,INSUFFICIENT DATA,0.0,100.0
2025,H0124,R. Lee Ware,R,Administration of Government,Official LIS subject,1,0,1,1,INSUFFICIENT DATA,0.0,100.0
2025,H0073,"Robert D. Orrock, Sr.",R,Administration of Government,Official LIS subject,1,0,1,1,INSUFFICIENT DATA,0.0,100.0
2025,H0267,"Robert S. Bloxom, Jr.",R,Administration of Government,Official LIS subject,2,0,2,2,INSUFFICIENT DATA,0.0,100.0
2025,H0328,Scott A. Wyatt,R,Administration of Government,Official LIS subject,1,0,1,1,INSUFFICIENT DATA,0.0,100.0
2025,H0056,Terry G. Kilgore,R,Administration of Government,Official LIS subject,1,0,1,1,INSUFFICIENT DATA,0.0,100.0
2025,H0253,Terry L. Austin,R,Administration of Government,Official LIS subject,1,0,1,1,INSUFFICIENT DATA,0.0,100.0
2025,H0362,"Thomas A. Garrett, Jr.",R,Administration of Government,Official LIS subject,1,0,1,1,INSUFFICIENT DATA,0.0,100.0
2025,H0136,"Thomas C. Wright, Jr.",R,Administration of Government,Official LIS subject,1,0,1,1,INSUFFICIENT DATA,0.0,100.0
2025,H0364,Timothy P. Griffin,R,Administration of Government,Official LIS subject,1,0,1,1,INSUFFICIENT DATA,0.0,100.0
2025,H0231,Tony O. Wilt,R,Administration of Government,Official LIS subject,1,0,1,1,INSUFFICIENT DATA,0.0,100.0
2025,H0363,W. Chad Green,R,Administration of Government,Official LIS subject,2,0,2,2,INSUFFICIENT DATA,0.0,100.0
2025,H0325,Wendell S. Walker,R,Administration of Government,Official LIS subject,1,0,1,1,INSUFFICIENT DATA,0.0,100.0
2025,H0357,Will Davis,R,Administration of Government,Official LIS subject,1,0,1,1,INSUFFICIENT DATA,0.0,100.0
2025,H0348,Wren M. Williams,R,Administration of Government,Official LIS subject,1,0,1,1,INSUFFICIENT DATA,0.0,100.0
2025,H0337,A.C. Cordoza,R,Agriculture and Food,Derived from LIS bill description,2,2,0,2,INSUFFICIENT DATA,100.0,0.0
2025,H0375,Adele Y. McClure,D,Agriculture and Food,Derived from LIS bill description,2,2,0,2,INSUFFICIENT DATA,100.0,0.0
2025,H0311,Alex Q. Askew,D,Agriculture and Food,Derived from LIS bill description,2,2,0,2,INSUFFICIENT DATA,100.0,0.0
2025,H0239,Alfonso H. Lopez,D,Agriculture and Food,Derived from LIS bill description,3,3,0,3,INSUFFICIENT DATA,100.0,0.0
2025,H0313,Amanda E. Batten,R,Agriculture and Food,Derived from LIS bill description,2,2,0,2,INSUFFICIENT DATA,100.0,0.0
2025,H0371,Amy J. Laufer,D,Agriculture and Food,Derived from LIS bill description,3,3,0,3,INSUFFICIENT DATA,100.0,0.0
2025,H0345,Anne Ferrell Tata,R,Agriculture and Food,Derived from LIS bill description,2,2,0,2,INSUFFICIENT DATA,100.0,0.0
2025,H0380,Atoosa R. Reaser,D,Agriculture and Food,Derived from LIS bill description,2,2,0,2,INSUFFICIENT DATA,100.0,0.0
2025,H0212,Betsy B. Carr,D,Agriculture and Food,Derived from LIS bill description,2,2,0,2,INSUFFICIENT DATA,100.0,0.0
2025,H0329,Bill Wiley,R,Agriculture and Food,Derived from LIS bill description,2,2,0,2,INSUFFICIENT DATA,100.0,0.0
2025,H0353,Bonita G. Anthony,D,Agriculture and Food,Derived from LIS bill description,2,2,0,2,INSUFFICIENT DATA,100.0,0.0
2025,H0343,Briana D. Sewell,D,Agriculture and Food,Derived from LIS bill description,2,2,0,2,INSUFFICIENT DATA,100.0,0.0
2025,H0181,C. Todd Gilbert,R,Agriculture and Food,Derived from LIS bill description,2,2,0,2,INSUFFICIENT DATA,100.0,0.0
2025,H0285,"C.E. Cliff Hayes, Jr.",D,Agriculture and Food,Derived from LIS bill description,2,2,0,2,INSUFFICIENT DATA,100.0,0.0
2025,H0330,Candi Mundon King,D,Agriculture and Food,Derived from LIS bill description,2,2,0,2,INSUFFICIENT DATA,100.0,0.0
2025,H0315,Carrie E. Coyner,R,Agriculture and Food,Derived from LIS bill description,2,2,0,2,INSUFFICIENT DATA,100.0,0.0
2025,H0208,Charniele L. Herring,D,Agriculture and Food,Derived from LIS bill description,3,3,0,3,INSUFFICIENT DATA,100.0,0.0
2025,H0378,Chris Obenshain,R,Agriculture and Food,Derived from LIS bill description,2,2,0,2,INSUFFICIENT DATA,100.0,0.0
2025,H0321,Chris S. Runion,R,Agriculture and Food,Derived from LIS bill description,3,3,0,3,INSUFFICIENT DATA,100.0,0.0
2025,H0317,Dan I. Helmer,D,Agriculture and Food,Derived from LIS bill description,3,3,0,3,INSUFFICIENT DATA,100.0,0.0
2025,H0150,"Daniel W. Marshall, III",R,Agriculture and Food,Derived from LIS bill description,3,1,0,1,INSUFFICIENT DATA,100.0,0.0
2025,H0301,David A. Reid,D,Agriculture and Food,Derived from LIS bill description,2,2,0,2,INSUFFICIENT DATA,100.0,0.0
2025,H0177,David L. Bulova,D,Agriculture and Food,Derived from LIS bill description,3,3,0,3,INSUFFICIENT DATA,100.0,0.0
2025,H0379,David Owen,R,Agriculture and Food,Derived from LIS bill description,2,2,0,2,INSUFFICIENT DATA,100.0,0.0
2025,H0207,Delores L. McQuinn,D,Agriculture and Food,Derived from LIS bill description,2,2,0,2,INSUFFICIENT DATA,100.0,0.0
2025,H0377,Delores Oates,R,Agriculture and Food,Derived from LIS bill description,2,2,0,2,INSUFFICIENT DATA,100.0,0.0
2025,H0372,Destiny LeVere Bolling,D,Agriculture and Food,Derived from LIS bill description,2,2,0,2,INSUFFICIENT DATA,100.0,0.0
2025,H0322,Don Scott,D,Agriculture and Food,Derived from LIS bill description,2,2,0,2,INSUFFICIENT DATA,100.0,0.0
2025,H0334,Elizabeth B. Bennett-Parker,D,Agriculture and Food,Derived from LIS bill description,2,2,0,2,INSUFFICIENT DATA,100.0,0.0
2025,H0350,Ellen H. Campbell,R,Agriculture and Food,Derived from LIS bill description,2,2,0,2,INSUFFICIENT DATA,100.0,0.0
2025,H0384,Eric Phillips,R,Agriculture and Food,Derived from LIS bill description,2,2,0,2,INSUFFICIENT DATA,100.0,0.0
2025,H0383,Eric R. Zehr,R,Agriculture and Food,Derived from LIS bill description,2,2,0,2,INSUFFICIENT DATA,100.0,0.0
2025,H0367,Geary Higgins,R,Agriculture and Food,Derived from LIS bill description,2,2,0,2,INSUFFICIENT DATA,100.0,0.0
2025,H0347,"H. Otto Wachsmann, Jr.",R,Agriculture and Food,Derived from LIS bill description,2,2,0,2,INSUFFICIENT DATA,100.0,0.0
2025,H0369,Hillary Pugh Kent,R,Agriculture and Food,Derived from LIS bill description,3,3,0,3,INSUFFICIENT DATA,100.0,0.0
2025,H0351,Holly M. Seibold,D,Agriculture and Food,Derived from LIS bill description,2,2,0,2,INSUFFICIENT DATA,100.0,0.0
2025,H0259,"Hyland F. ""Buddy"" Fowler, Jr.",R,Agriculture and Food,Derived from LIS bill description,3,3,0,3,INSUFFICIENT DATA,100.0,0.0
2025,H0373,Ian T. Lovejoy,R,Agriculture and Food,Derived from LIS bill description,2,2,0,2,INSUFFICIENT DATA,100.0,0.0
2025,H0344,Irene Shin,D,Agriculture and Food,Derived from LIS bill description,2,2,0,2,INSUFFICIENT DATA,100.0,0.0
2025,H0242,Israel D. O'Quinn,R,Agriculture and Food,Derived from LIS bill description,2,2,0,2,INSUFFICIENT DATA,100.0,0.0
2025,H0385,JJ Singh,D,Agriculture and Food,Derived from LIS bill description,2,2,0,2,INSUFFICIENT DATA,100.0,0.0
2025,H0349,Jackie H. Glass,D,Agriculture and Food,Derived from LIS bill description,3,3,0,3,INSUFFICIENT DATA,100.0,0.0
2025,H0262,"James A. ""Jay"" Leftwich",R,Agriculture and Food,Derived from LIS bill description,2,2,0,2,INSUFFICIENT DATA,100.0,0.0
2025,H0333,Jason S. Ballard,R,Agriculture and Food,Derived from LIS bill description,2,2,0,2,INSUFFICIENT DATA,100.0,0.0
2025,H0173,Jeion A. Ward,D,Agriculture and Food,Derived from LIS bill description,2,2,0,2,INSUFFICIENT DATA,100.0,0.0
2025,H0352,"Jonathan ""Jed"" Arnold",R,Agriculture and Food,Derived from LIS bill description,2,2,0,2,INSUFFICIENT DATA,100.0,0.0
2025,H0308,Joseph P. McNamara,R,Agriculture and Food,Derived from LIS bill description,2,2,0,2,INSUFFICIENT DATA,100.0,0.0
2025,H0382,Joshua E. Thomas,D,Agriculture and Food,Derived from LIS bill description,2,2,0,2,INSUFFICIENT DATA,100.0,0.0
2025,H0314,Joshua G. Cole,D,Agriculture and Food,Derived from LIS bill description,2,2,0,2,INSUFFICIENT DATA,100.0,0.0
2025,H0370,Karen Keys-Gamarra,D,Agriculture and Food,Derived from LIS bill description,2,2,0,2,INSUFFICIENT DATA,100.0,0.0
2025,H0294,Karrie K. Delaney,D,Agriculture and Food,Derived from LIS bill description,2,2,0,2,INSUFFICIENT DATA,100.0,0.0
2025,H0305,Kathy K.L. Tran,D,Agriculture and Food,Derived from LIS bill description,3,3,0,3,INSUFFICIENT DATA,100.0,0.0
2025,H0354,Katrina Callsen,D,Agriculture and Food,Derived from LIS bill description,2,2,0,2,INSUFFICIENT DATA,100.0,0.0
2025,H0295,Kelly K. Convirs-Fowler,D,Agriculture and Food,Derived from LIS bill description,2,2,0,2,INSUFFICIENT DATA,100.0,0.0
2025,H0346,Kim A. Taylor,R,Agriculture and Food,Derived from LIS bill description,2,2,0,2,INSUFFICIENT DATA,100.0,0.0
2025,H0355,Laura Jane Cohen,D,Agriculture and Food,Derived from LIS bill description,2,2,0,2,INSUFFICIENT DATA,100.0,0.0
2025,H0227,Luke E. Torian,D,Agriculture and Food,Derived from LIS bill description,2,2,0,2,INSUFFICIENT DATA,100.0,0.0
2025,H0238,M. Keith Hodges,R,Agriculture and Food,Derived from LIS bill description,2,2,0,2,INSUFFICIENT DATA,100.0,0.0
2025,H0284,"Marcia S. ""Cia"" Price",D,Agriculture and Food,Derived from LIS bill description,2,2,0,2,INSUFFICIENT DATA,100.0,0.0
2025,H0264,Marcus B. Simon,D,Agriculture and Food,Derived from LIS bill description,2,2,0,2,INSUFFICIENT DATA,100.0,0.0
2025,H0172,Mark D. Sickles,D,Agriculture and Food,Derived from LIS bill description,2,2,0,2,INSUFFICIENT DATA,100.0,0.0
2025,H0358,"Mark L. Earley, Jr.",R,Agriculture and Food,Derived from LIS bill description,2,2,0,2,INSUFFICIENT DATA,100.0,0.0
2025,H0374,Marty Martinez,D,Agriculture and Food,Derived from LIS bill description,2,2,0,2,INSUFFICIENT DATA,100.0,0.0
2025,H0360,Michael B. Feggans,D,Agriculture and Food,Derived from LIS bill description,2,2,0,2,INSUFFICIENT DATA,100.0,0.0
2025,H0368,Michael J. Jones,D,Agriculture and Food,Derived from LIS bill description,2,2,0,2,INSUFFICIENT DATA,100.0,0.0
2025,H0247,Michael J. Webert,R,Agriculture and Food,Derived from LIS bill description,3,3,0,3,INSUFFICIENT DATA,100.0,0.0
2025,H0340,Michelle Lopes Maldonado,D,Agriculture and Food,Derived from LIS bill description,2,2,0,2,INSUFFICIENT DATA,100.0,0.0
2025,H0335,Mike A. Cherry,R,Agriculture and Food,Derived from LIS bill description,2,2,0,2,INSUFFICIENT DATA,100.0,0.0
2025,H0359,N. Baxter Ennis,R,Agriculture and Food,Derived from LIS bill description,2,2,0,2,INSUFFICIENT DATA,100.0,0.0
2025,H0336,Nadarius E. Clark,D,Agriculture and Food,Derived from LIS bill description,3,3,0,3,INSUFFICIENT DATA,100.0,0.0
2025,H0279,Nicholas J. Freitas,R,Agriculture and Food,Derived from LIS bill description,2,2,0,2,INSUFFICIENT DATA,100.0,0.0
2025,H0219,Patrick A. Hope,D,Agriculture and Food,Derived from LIS bill description,2,2,0,2,INSUFFICIENT DATA,100.0,0.0
2025,H0281,Paul E. Krizek,D,Agriculture and Food,Derived from LIS bill description,3,3,0,3,INSUFFICIENT DATA,100.0,0.0
2025,H0376,Paul V. Milde,R,Agriculture and Food,Derived from LIS bill description,2,1,0,1,INSUFFICIENT DATA,100.0,0.0
2025,H0366,Phil M. Hernandez,D,Agriculture and Food,Derived from LIS bill description,3,3,0,3,INSUFFICIENT DATA,100.0,0.0
2025,H0342,Phillip A. Scott,R,Agriculture and Food,Derived from LIS bill description,2,2,0,2,INSUFFICIENT DATA,100.0,0.0
2025,H0124,R. Lee Ware,R,Agriculture and Food,Derived from LIS bill description,3,3,0,3,INSUFFICIENT DATA,100.0,0.0
2025,H0356,Rae Cousins,D,Agriculture and Food,Derived from LIS bill description,2,2,0,2,INSUFFICIENT DATA,100.0,0.0
2025,H0269,"Richard C. ""Rip"" Sullivan, Jr.",D,Agriculture and Food,Derived from LIS bill description,2,2,0,2,INSUFFICIENT DATA,100.0,0.0
2025,H0073,"Robert D. Orrock, Sr.",R,Agriculture and Food,Derived from LIS bill description,3,3,0,3,INSUFFICIENT DATA,100.0,0.0
2025,H0267,"Robert S. Bloxom, Jr.",R,Agriculture and Food,Derived from LIS bill description,3,3,0,3,INSUFFICIENT DATA,100.0,0.0
2025,H0327,Rodney T. Willett,D,Agriculture and Food,Derived from LIS bill description,3,3,0,3,INSUFFICIENT DATA,100.0,0.0
2025,H0365,"Rozia A. Henson, Jr.",D,Agriculture and Food,Derived from LIS bill description,2,2,0,2,INSUFFICIENT DATA,100.0,0.0
2025,H0266,Sam Rasoul,D,Agriculture and Food,Derived from LIS bill description,2,2,0,2,INSUFFICIENT DATA,100.0,0.0
2025,H0328,Scott A. Wyatt,R,Agriculture and Food,Derived from LIS bill description,2,2,0,2,INSUFFICIENT DATA,100.0,0.0
2025,H0323,Shelly A. Simonds,D,Agriculture and Food,Derived from LIS bill description,3,3,0,3,INSUFFICIENT DATA,100.0,0.0
2025,H0056,Terry G. Kilgore,R,Agriculture and Food,Derived from LIS bill description,2,2,0,2,INSUFFICIENT DATA,100.0,0.0
2025,H0253,Terry L. Austin,R,Agriculture and Food,Derived from LIS bill description,2,2,0,2,INSUFFICIENT DATA,100.0,0.0
2025,H0362,"Thomas A. Garrett, Jr.",R,Agriculture and Food,Derived from LIS bill description,2,2,0,2,INSUFFICIENT DATA,100.0,0.0
2025,H0136,"Thomas C. Wright, Jr.",R,Agriculture and Food,Derived from LIS bill description,3,3,0,3,INSUFFICIENT DATA,100.0,0.0
2025,H0364,Timothy P. Griffin,R,Agriculture and Food,Derived from LIS bill description,2,2,0,2,INSUFFICIENT DATA,100.0,0.0
2025,H0231,Tony O. Wilt,R,Agriculture and Food,Derived from LIS bill description,3,3,0,3,INSUFFICIENT DATA,100.0,0.0
2025,H0108,Vivian E. Watts,D,Agriculture and Food,Derived from LIS bill description,2,2,0,2,INSUFFICIENT DATA,100.0,0.0
2025,H0363,W. Chad Green,R,Agriculture and Food,Derived from LIS bill description,2,2,0,2,INSUFFICIENT DATA,100.0,0.0
2025,H0325,Wendell S. Walker,R,Agriculture and Food,Derived from LIS bill description,2,2,0,2,INSUFFICIENT DATA,100.0,0.0
2025,H0357,Will Davis,R,Agriculture and Food,Derived from LIS bill description,2,2,0,2,INSUFFICIENT DATA,100.0,0.0
2025,H0348,Wren M. Williams,R,Agriculture and Food,Derived from LIS bill description,2,2,0,2,INSUFFICIENT DATA,100.0,0.0
2025,H0206,Barry D. Knight,R,Agriculture and Food,Derived from LIS bill description,2,0,0,0,INSUFFICIENT DATA,0.0,0.0
2025,H0361,Debra D. Gardner,D,Agriculture and Food,Derived from LIS bill description,2,0,0,0,INSUFFICIENT DATA,0.0,0.0
2025,H0224,James W. Morefield,R,Agriculture and Food,Derived from LIS bill description,2,0,0,0,INSUFFICIENT DATA,0.0,0.0
2025,H0206,Barry D. Knight,R,Agriculture and Food,Derived from LIS bill summary,48,11,6,17,MIXED,64.70588235294117,35.294117647058826
2025,H0224,James W. Morefield,R,Agriculture and Food,Derived from LIS bill summary,55,33,18,51,MIXED,64.70588235294117,35.294117647058826
2025,H0363,W. Chad Green,R,Agriculture and Food,Derived from LIS bill summary,48,31,17,48,MIXED,64.58333333333334,35.41666666666667
2025,H0329,Bill Wiley,R,Agriculture and Food,Derived from LIS bill summary,47,30,17,47,MIXED,63.829787234042556,36.17021276595745
2025,H0379,David Owen,R,Agriculture and Food,Derived from LIS bill summary,38,24,14,38,MIXED,63.1578947368421,36.84210526315789
2025,H0321,Chris S. Runion,R,Agriculture and Food,Derived from LIS bill summary,63,39,24,63,MIXED,61.904761904761905,38.095238095238095
2025,H0376,Paul V. Milde,R,Agriculture and Food,Derived from LIS bill summary,38,22,14,36,MIXED,61.111111111111114,38.88888888888889
2025,H0345,Anne Ferrell Tata,R,Agriculture and Food,Derived from LIS bill summary,59,36,23,59,MIXED,61.016949152542374,38.983050847457626
2025,H0313,Amanda E. Batten,R,Agriculture and Food,Derived from LIS bill summary,45,27,18,45,MIXED,60.0,40.0
2025,H0056,Terry G. Kilgore,R,Agriculture and Food,Derived from LIS bill summary,39,23,16,39,MIXED,58.97435897435898,41.02564102564102
2025,H0347,"H. Otto Wachsmann, Jr.",R,Agriculture and Food,Derived from LIS bill summary,38,22,16,38,MIXED,57.89473684210527,42.10526315789473
2025,H0346,Kim A. Taylor,R,Agriculture and Food,Derived from LIS bill summary,39,21,16,37,MIXED,56.75675675675676,43.24324324324324
2025,H0328,Scott A. Wyatt,R,Agriculture and Food,Derived from LIS bill summary,46,25,20,45,MIXED,55.55555555555556,44.44444444444444
2025,H0136,"Thomas C. Wright, Jr.",R,Agriculture and Food,Derived from LIS bill summary,53,26,21,47,MIXED,55.319148936170215,44.680851063829785
2025,H0308,Joseph P. McNamara,R,Agriculture and Food,Derived from LIS bill summary,42,23,19,42,MIXED,54.761904761904766,45.23809523809524
2025,H0262,"James A. ""Jay"" Leftwich",R,Agriculture and Food,Derived from LIS bill summary,44,24,20,44,MIXED,54.54545454545454,45.45454545454545
2025,H0357,Will Davis,R,Agriculture and Food,Derived from LIS bill summary,37,19,18,37,MIXED,51.35135135135135,48.64864864864865
2025,H0352,"Jonathan ""Jed"" Arnold",R,Agriculture and Food,Derived from LIS bill summary,40,20,19,39,MIXED,51.28205128205128,48.717948717948715
2025,H0238,M. Keith Hodges,R,Agriculture and Food,Derived from LIS bill summary,49,25,24,49,MIXED,51.02040816326531,48.97959183673469
2025,H0335,Mike A. Cherry,R,Agriculture and Food,Derived from LIS bill summary,48,24,24,48,MIXED,50.0,50.0
2025,H0242,Israel D. O'Quinn,R,Agriculture and Food,Derived from LIS bill summary,40,19,20,39,MIXED,48.717948717948715,51.28205128205128
2025,H0333,Jason S. Ballard,R,Agriculture and Food,Derived from LIS bill summary,40,19,20,39,MIXED,48.717948717948715,51.28205128205128
2025,H0325,Wendell S. Walker,R,Agriculture and Food,Derived from LIS bill summary,37,18,19,37,MIXED,48.64864864864865,51.35135135135135
2025,H0364,Timothy P. Griffin,R,Agriculture and Food,Derived from LIS bill summary,38,18,20,38,MIXED,47.368421052631575,52.63157894736842
2025,H0181,C. Todd Gilbert,R,Agriculture and Food,Derived from LIS bill summary,39,18,21,39,MIXED,46.15384615384615,53.84615384615385
2025,H0348,Wren M. Williams,R,Agriculture and Food,Derived from LIS bill summary,40,18,22,40,MIXED,45.0,55.00000000000001
2025,H0279,Nicholas J. Freitas,R,Agriculture and Food,Derived from LIS bill summary,43,19,24,43,MIXED,44.18604651162791,55.81395348837209
2025,H0377,Delores Oates,R,Agriculture and Food,Derived from LIS bill summary,41,18,23,41,MIXED,43.90243902439025,56.09756097560976
2025,H0383,Eric R. Zehr,R,Agriculture and Food,Derived from LIS bill summary,46,20,26,46,MIXED,43.47826086956522,56.52173913043478
2025,H0362,"Thomas A. Garrett, Jr.",R,Agriculture and Food,Derived from LIS bill summary,44,16,21,37,MIXED,43.24324324324324,56.75675675675676
2025,H0342,Phillip A. Scott,R,Agriculture and Food,Derived from LIS bill summary,44,16,26,42,MIXED,38.095238095238095,61.904761904761905
2025,H0368,Michael J. Jones,D,Agriculture and Food,Derived from LIS bill summary,42,34,2,36,YES,94.44444444444444,5.555555555555555
2025,H0281,Paul E. Krizek,D,Agriculture and Food,Derived from LIS bill summary,72,67,5,72,YES,93.05555555555556,6.944444444444445
2025,H0177,David L. Bulova,D,Agriculture and Food,Derived from LIS bill summary,72,64,5,69,YES,92.7536231884058,7.246376811594203
2025,H0371,Amy J. Laufer,D,Agriculture and Food,Derived from LIS bill summary,69,63,5,68,YES,92.64705882352942,7.352941176470589
2025,H0323,Shelly A. Simonds,D,Agriculture and Food,Derived from LIS bill summary,68,63,5,68,YES,92.64705882352942,7.352941176470589
2025,H0336,Nadarius E. Clark,D,Agriculture and Food,Derived from LIS bill summary,70,61,5,66,YES,92.42424242424242,7.575757575757576
2025,H0266,Sam Rasoul,D,Agriculture and Food,Derived from LIS bill summary,58,47,4,51,YES,92.15686274509804,7.8431372549019605
2025,H0366,Phil M. Hernandez,D,Agriculture and Food,Derived from LIS bill summary,64,58,5,63,YES,92.06349206349206,7.936507936507936
2025,H0317,Dan I. Helmer,D,Agriculture and Food,Derived from LIS bill summary,62,57,5,62,YES,91.93548387096774,8.064516129032258
2025,H0372,Destiny LeVere Bolling,D,Agriculture and Food,Derived from LIS bill summary,51,45,4,49,YES,91.83673469387756,8.16326530612245
2025,H0343,Briana D. Sewell,D,Agriculture and Food,Derived from LIS bill summary,59,53,5,58,YES,91.37931034482759,8.620689655172415
2025,H0311,Alex Q. Askew,D,Agriculture and Food,Derived from LIS bill summary,58,52,5,57,YES,91.22807017543859,8.771929824561402
2025,H0207,Delores L. McQuinn,D,Agriculture and Food,Derived from LIS bill summary,53,41,4,45,YES,91.11111111111111,8.88888888888889
2025,H0380,Atoosa R. Reaser,D,Agriculture and Food,Derived from LIS bill summary,54,49,5,54,YES,90.74074074074075,9.25925925925926
2025,H0305,Kathy K.L. Tran,D,Agriculture and Food,Derived from LIS bill summary,53,48,5,53,YES,90.56603773584906,9.433962264150944
2025,H0355,Laura Jane Cohen,D,Agriculture and Food,Derived from LIS bill summary,51,46,5,51,YES,90.19607843137256,9.803921568627452
2025,H0327,Rodney T. Willett,D,Agriculture and Food,Derived from LIS bill summary,71,64,7,71,YES,90.14084507042254,9.859154929577464
2025,H0349,Jackie H. Glass,D,Agriculture and Food,Derived from LIS bill summary,62,54,6,60,YES,90.0,10.0
2025,H0208,Charniele L. Herring,D,Agriculture and Food,Derived from LIS bill summary,59,53,6,59,YES,89.83050847457628,10.16949152542373
2025,H0212,Betsy B. Carr,D,Agriculture and Food,Derived from LIS bill summary,50,44,5,49,YES,89.79591836734694,10.204081632653061
2025,H0356,Rae Cousins,D,Agriculture and Food,Derived from LIS bill summary,49,44,5,49,YES,89.79591836734694,10.204081632653061
2025,H0351,Holly M. Seibold,D,Agriculture and Food,Derived from LIS bill summary,46,41,5,46,YES,89.13043478260869,10.869565217391305
2025,H0239,Alfonso H. Lopez,D,Agriculture and Food,Derived from LIS bill summary,67,49,6,55,YES,89.0909090909091,10.909090909090908
2025,H0295,Kelly K. Convirs-Fowler,D,Agriculture and Food,Derived from LIS bill summary,45,40,5,45,YES,88.88888888888889,11.11111111111111
2025,H0172,Mark D. Sickles,D,Agriculture and Food,Derived from LIS bill summary,47,40,5,45,YES,88.88888888888889,11.11111111111111
2025,H0330,Candi Mundon King,D,Agriculture and Food,Derived from LIS bill summary,47,39,5,44,YES,88.63636363636364,11.363636363636363
2025,H0334,Elizabeth B. Bennett-Parker,D,Agriculture and Food,Derived from LIS bill summary,47,39,5,44,YES,88.63636363636364,11.363636363636363
2025,H0375,Adele Y. McClure,D,Agriculture and Food,Derived from LIS bill summary,43,38,5,43,YES,88.37209302325581,11.627906976744185
2025,H0301,David A. Reid,D,Agriculture and Food,Derived from LIS bill summary,43,38,5,43,YES,88.37209302325581,11.627906976744185
2025,H0354,Katrina Callsen,D,Agriculture and Food,Derived from LIS bill summary,43,38,5,43,YES,88.37209302325581,11.627906976744185
2025,H0382,Joshua E. Thomas,D,Agriculture and Food,Derived from LIS bill summary,42,36,5,41,YES,87.8048780487805,12.195121951219512
2025,H0264,Marcus B. Simon,D,Agriculture and Food,Derived from LIS bill summary,42,36,5,41,YES,87.8048780487805,12.195121951219512
2025,H0360,Michael B. Feggans,D,Agriculture and Food,Derived from LIS bill summary,42,36,5,41,YES,87.8048780487805,12.195121951219512
2025,H0227,Luke E. Torian,D,Agriculture and Food,Derived from LIS bill summary,55,43,6,49,YES,87.75510204081633,12.244897959183673
2025,H0173,Jeion A. Ward,D,Agriculture and Food,Derived from LIS bill summary,40,35,5,40,YES,87.5,12.5
2025,H0374,Marty Martinez,D,Agriculture and Food,Derived from LIS bill summary,40,35,5,40,YES,87.5,12.5
2025,H0353,Bonita G. Anthony,D,Agriculture and Food,Derived from LIS bill summary,39,34,5,39,YES,87.17948717948718,12.82051282051282
2025,H0285,"C.E. Cliff Hayes, Jr.",D,Agriculture and Food,Derived from LIS bill summary,42,34,5,39,YES,87.17948717948718,12.82051282051282
2025,H0340,Michelle Lopes Maldonado,D,Agriculture and Food,Derived from LIS bill summary,39,34,5,39,YES,87.17948717948718,12.82051282051282
2025,H0269,"Richard C. ""Rip"" Sullivan, Jr.",D,Agriculture and Food,Derived from LIS bill summary,39,34,5,39,YES,87.17948717948718,12.82051282051282
2025,H0108,Vivian E. Watts,D,Agriculture and Food,Derived from LIS bill summary,38,33,5,38,YES,86.8421052631579,13.157894736842104
2025,H0322,Don Scott,D,Agriculture and Food,Derived from LIS bill summary,37,32,5,37,YES,86.48648648648648,13.513513513513514
2025,H0370,Karen Keys-Gamarra,D,Agriculture and Food,Derived from LIS bill summary,37,32,5,37,YES,86.48648648648648,13.513513513513514
2025,H0365,"Rozia A. Henson, Jr.",D,Agriculture and Food,Derived from LIS bill summary,37,32,5,37,YES,86.48648648648648,13.513513513513514
2025,H0361,Debra D. Gardner,D,Agriculture and Food,Derived from LIS bill summary,40,31,5,36,YES,86.11111111111111,13.88888888888889
2025,H0385,JJ Singh,D,Agriculture and Food,Derived from LIS bill summary,37,31,5,36,YES,86.11111111111111,13.88888888888889
2025,H0344,Irene Shin,D,Agriculture and Food,Derived from LIS bill summary,43,37,6,43,YES,86.04651162790698,13.953488372093023
2025,H0314,Joshua G. Cole,D,Agriculture and Food,Derived from LIS bill summary,40,30,5,35,YES,85.71428571428571,14.285714285714285
2025,H0294,Karrie K. Delaney,D,Agriculture and Food,Derived from LIS bill summary,42,35,6,41,YES,85.36585365853658,14.634146341463413
2025,H0219,Patrick A. Hope,D,Agriculture and Food,Derived from LIS bill summary,39,33,6,39,YES,84.61538461538461,15.384615384615385
2025,H0284,"Marcia S. ""Cia"" Price",D,Agriculture and Food,Derived from LIS bill summary,45,38,7,45,YES,84.44444444444444,15.555555555555555
2025,H0267,"Robert S. Bloxom, Jr.",R,Agriculture and Food,Derived from LIS bill summary,68,53,15,68,YES,77.94117647058823,22.058823529411764
2025,H0150,"Daniel W. Marshall, III",R,Agriculture and Food,Derived from LIS bill summary,64,20,7,27,YES,74.07407407407408,25.925925925925924
2025,H0315,Carrie E. Coyner,R,Agriculture and Food,Derived from LIS bill summary,58,37,13,50,YES,74.0,26.0
2025,H0367,Geary Higgins,R,Agriculture and Food,Derived from LIS bill summary,40,29,11,40,YES,72.5,27.500000000000004
2025,H0253,Terry L. Austin,R,Agriculture and Food,Derived from LIS bill summary,47,34,13,47,YES,72.3404255319149,27.659574468085108
2025,H0259,"Hyland F. ""Buddy"" Fowler, Jr.",R,Agriculture and Food,Derived from LIS bill summary,62,44,17,61,YES,72.1311475409836,27.86885245901639
2025,H0378,Chris Obenshain,R,Agriculture and Food,Derived from LIS bill summary,38,27,11,38,YES,71.05263157894737,28.947368421052634
2025,H0247,Michael J. Webert,R,Agriculture and Food,Derived from LIS bill summary,65,46,19,65,YES,70.76923076923077,29.230769230769234
2025,H0124,R. Lee Ware,R,Agriculture and Food,Derived from LIS bill summary,56,39,17,56,YES,69.64285714285714,30.357142857142854
2025,H0337,A.C. Cordoza,R,Agriculture and Food,Derived from LIS bill summary,38,26,12,38,YES,68.42105263157895,31.57894736842105
2025,H0231,Tony O. Wilt,R,Agriculture and Food,Derived from LIS bill summary,66,45,21,66,YES,68.18181818181817,31.818181818181817
2025,H0369,Hillary Pugh Kent,R,Agriculture and Food,Derived from LIS bill summary,51,34,16,50,YES,68.0,32.0
2025,H0373,Ian T. Lovejoy,R,Agriculture and Food,Derived from LIS bill summary,40,26,13,39,YES,66.66666666666666,33.33333333333333
2025,H0358,"Mark L. Earley, Jr.",R,Agriculture and Food,Derived from LIS bill summary,37,24,12,36,YES,66.66666666666666,33.33333333333333
2025,H0359,N. Baxter Ennis,R,Agriculture and Food,Derived from LIS bill summary,44,28,14,42,YES,66.66666666666666,33.33333333333333
2025,H0350,Ellen H. Campbell,R,Agriculture and Food,Derived from LIS bill summary,50,33,17,50,YES,66.0,34.0
2025,H0073,"Robert D. Orrock, Sr.",R,Agriculture and Food,Derived from LIS bill summary,51,33,17,50,YES,66.0,34.0
2025,H0384,Eric Phillips,R,Agriculture and Food,Derived from LIS bill summary,38,25,13,38,YES,65.78947368421053,34.21052631578947
2025,H0337,A.C. Cordoza,R,Alcoholic Beverage and Cannabis Control,Derived from LIS bill description,2,2,0,2,INSUFFICIENT DATA,100.0,0.0
2025,H0375,Adele Y. McClure,D,Alcoholic Beverage and Cannabis Control,Derived from LIS bill description,4,2,0,2,INSUFFICIENT DATA,100.0,0.0
2025,H0311,Alex Q. Askew,D,Alcoholic Beverage and Cannabis Control,Derived from LIS bill description,2,2,0,2,INSUFFICIENT DATA,100.0,0.0
2025,H0239,Alfonso H. Lopez,D,Alcoholic Beverage and Cannabis Control,Derived from LIS bill description,2,2,0,2,INSUFFICIENT DATA,100.0,0.0
2025,H0313,Amanda E. Batten,R,Alcoholic Beverage and Cannabis Control,Derived from LIS bill description,2,2,0,2,INSUFFICIENT DATA,100.0,0.0
2025,H0371,Amy J. Laufer,D,Alcoholic Beverage and Cannabis Control,Derived from LIS bill description,2,2,0,2,INSUFFICIENT DATA,100.0,0.0
2025,H0371,Amy J. Laufer,D,Alcoholic Beverage and Cannabis Control,Derived from LIS bill summary,9,9,0,9,INSUFFICIENT DATA,100.0,0.0
2025,H0345,Anne Ferrell Tata,R,Alcoholic Beverage and Cannabis Control,Derived from LIS bill description,2,2,0,2,INSUFFICIENT DATA,100.0,0.0
2025,H0380,Atoosa R. Reaser,D,Alcoholic Beverage and Cannabis Control,Derived from LIS bill description,2,2,0,2,INSUFFICIENT DATA,100.0,0.0
2025,H0206,Barry D. Knight,R,Alcoholic Beverage and Cannabis Control,Derived from LIS bill description,4,2,0,2,INSUFFICIENT DATA,100.0,0.0
2025,H0212,Betsy B. Carr,D,Alcoholic Beverage and Cannabis Control,Derived from LIS bill description,4,4,0,4,INSUFFICIENT DATA,100.0,0.0
2025,H0329,Bill Wiley,R,Alcoholic Beverage and Cannabis Control,Derived from LIS bill description,4,4,0,4,INSUFFICIENT DATA,100.0,0.0
2025,H0353,Bonita G. Anthony,D,Alcoholic Beverage and Cannabis Control,Derived from LIS bill description,2,2,0,2,INSUFFICIENT DATA,100.0,0.0
2025,H0353,Bonita G. Anthony,D,Alcoholic Beverage and Cannabis Control,Derived from LIS bill summary,9,9,0,9,INSUFFICIENT DATA,100.0,0.0
2025,H0343,Briana D. Sewell,D,Alcoholic Beverage and Cannabis Control,Derived from LIS bill description,2,2,0,2,INSUFFICIENT DATA,100.0,0.0
2025,H0181,C. Todd Gilbert,R,Alcoholic Beverage and Cannabis Control,Derived from LIS bill description,2,2,0,2,INSUFFICIENT DATA,100.0,0.0
2025,H0285,"C.E. Cliff Hayes, Jr.",D,Alcoholic Beverage and Cannabis Control,Derived from LIS bill description,2,2,0,2,INSUFFICIENT DATA,100.0,0.0
2025,H0285,"C.E. Cliff Hayes, Jr.",D,Alcoholic Beverage and Cannabis Control,Derived from LIS bill summary,10,7,0,7,INSUFFICIENT DATA,100.0,0.0
2025,H0330,Candi Mundon King,D,Alcoholic Beverage and Cannabis Control,Derived from LIS bill description,2,2,0,2,INSUFFICIENT DATA,100.0,0.0
2025,H0315,Carrie E. Coyner,R,Alcoholic Beverage and Cannabis Control,Derived from LIS bill description,4,2,0,2,INSUFFICIENT DATA,100.0,0.0
2025,H0208,Charniele L. Herring,D,Alcoholic Beverage and Cannabis Control,Derived from LIS bill description,2,2,0,2,INSUFFICIENT DATA,100.0,0.0
2025,H0208,Charniele L. Herring,D,Alcoholic Beverage and Cannabis Control,Derived from LIS bill summary,9,9,0,9,INSUFFICIENT DATA,100.0,0.0
2025,H0378,Chris Obenshain,R,Alcoholic Beverage and Cannabis Control,Derived from LIS bill description,2,2,0,2,INSUFFICIENT DATA,100.0,0.0
2025,H0321,Chris S. Runion,R,Alcoholic Beverage and Cannabis Control,Derived from LIS bill description,2,2,0,2,INSUFFICIENT DATA,100.0,0.0
2025,H0317,Dan I. Helmer,D,Alcoholic Beverage and Cannabis Control,Derived from LIS bill description,2,2,0,2,INSUFFICIENT DATA,100.0,0.0
2025,H0150,"Daniel W. Marshall, III",R,Alcoholic Beverage and Cannabis Control,Derived from LIS bill summary,10,1,0,1,INSUFFICIENT DATA,100.0,0.0
2025,H0301,David A. Reid,D,Alcoholic Beverage and Cannabis Control,Derived from LIS bill description,2,2,0,2,INSUFFICIENT DATA,100.0,0.0
2025,H0177,David L. Bulova,D,Alcoholic Beverage and Cannabis Control,Derived from LIS bill description,4,4,0,4,INSUFFICIENT DATA,100.0,0.0
2025,H0379,David Owen,R,Alcoholic Beverage and Cannabis Control,Derived from LIS bill description,2,2,0,2,INSUFFICIENT DATA,100.0,0.0
2025,H0361,Debra D. Gardner,D,Alcoholic Beverage and Cannabis Control,Derived from LIS bill description,2,2,0,2,INSUFFICIENT DATA,100.0,0.0
2025,H0361,Debra D. Gardner,D,Alcoholic Beverage and Cannabis Control,Derived from LIS bill summary,9,8,0,8,INSUFFICIENT DATA,100.0,0.0
2025,H0207,Delores L. McQuinn,D,Alcoholic Beverage and Cannabis Control,Derived from LIS bill description,2,2,0,2,INSUFFICIENT DATA,100.0,0.0
2025,H0207,Delores L. McQuinn,D,Alcoholic Beverage and Cannabis Control,Derived from LIS bill summary,11,9,0,9,INSUFFICIENT DATA,100.0,0.0
2025,H0377,Delores Oates,R,Alcoholic Beverage and Cannabis Control,Derived from LIS bill description,2,2,0,2,INSUFFICIENT DATA,100.0,0.0
2025,H0372,Destiny LeVere Bolling,D,Alcoholic Beverage and Cannabis Control,Derived from LIS bill summary,9,9,0,9,INSUFFICIENT DATA,100.0,0.0
2025,H0322,Don Scott,D,Alcoholic Beverage and Cannabis Control,Derived from LIS bill description,2,2,0,2,INSUFFICIENT DATA,100.0,0.0
2025,H0322,Don Scott,D,Alcoholic Beverage and Cannabis Control,Derived from LIS bill summary,9,9,0,9,INSUFFICIENT DATA,100.0,0.0
2025,H0334,Elizabeth B. Bennett-Parker,D,Alcoholic Beverage and Cannabis Control,Derived from LIS bill description,4,4,0,4,INSUFFICIENT DATA,100.0,0.0
2025,H0350,Ellen H. Campbell,R,Alcoholic Beverage and Cannabis Control,Derived from LIS bill description,4,4,0,4,INSUFFICIENT DATA,100.0,0.0
2025,H0384,Eric Phillips,R,Alcoholic Beverage and Cannabis Control,Derived from LIS bill description,2,2,0,2,INSUFFICIENT DATA,100.0,0.0
2025,H0383,Eric R. Zehr,R,Alcoholic Beverage and Cannabis Control,Derived from LIS bill description,2,2,0,2,INSUFFICIENT DATA,100.0,0.0
2025,H0367,Geary Higgins,R,Alcoholic Beverage and Cannabis Control,Derived from LIS bill description,2,2,0,2,INSUFFICIENT DATA,100.0,0.0
2025,H0367,Geary Higgins,R,Alcoholic Beverage and Cannabis Control,Derived from LIS bill summary,9,9,0,9,INSUFFICIENT DATA,100.0,0.0
2025,H0347,"H. Otto Wachsmann, Jr.",R,Alcoholic Beverage and Cannabis Control,Derived from LIS bill description,2,2,0,2,INSUFFICIENT DATA,100.0,0.0
2025,H0369,Hillary Pugh Kent,R,Alcoholic Beverage and Cannabis Control,Derived from LIS bill description,2,2,0,2,INSUFFICIENT DATA,100.0,0.0
2025,H0259,"Hyland F. ""Buddy"" Fowler, Jr.",R,Alcoholic Beverage and Cannabis Control,Derived from LIS bill description,4,2,0,2,INSUFFICIENT DATA,100.0,0.0
2025,H0373,Ian T. Lovejoy,R,Alcoholic Beverage and Cannabis Control,Derived from LIS bill description,2,2,0,2,INSUFFICIENT DATA,100.0,0.0
2025,H0344,Irene Shin,D,Alcoholic Beverage and Cannabis Control,Derived from LIS bill description,2,2,0,2,INSUFFICIENT DATA,100.0,0.0
2025,H0344,Irene Shin,D,Alcoholic Beverage and Cannabis Control,Derived from LIS bill summary,9,9,0,9,INSUFFICIENT DATA,100.0,0.0
2025,H0242,Israel D. O'Quinn,R,Alcoholic Beverage and Cannabis Control,Derived from LIS bill description,2,1,0,1,INSUFFICIENT DATA,100.0,0.0
2025,H0385,JJ Singh,D,Alcoholic Beverage and Cannabis Control,Derived from LIS bill description,2,2,0,2,INSUFFICIENT DATA,100.0,0.0
2025,H0385,JJ Singh,D,Alcoholic Beverage and Cannabis Control,Derived from LIS bill summary,9,8,0,8,INSUFFICIENT DATA,100.0,0.0
2025,H0349,Jackie H. Glass,D,Alcoholic Beverage and Cannabis Control,Derived from LIS bill description,2,2,0,2,INSUFFICIENT DATA,100.0,0.0
2025,H0349,Jackie H. Glass,D,Alcoholic Beverage and Cannabis Control,Derived from LIS bill summary,9,9,0,9,INSUFFICIENT DATA,100.0,0.0
2025,H0262,"James A. ""Jay"" Leftwich",R,Alcoholic Beverage and Cannabis Control,Derived from LIS bill description,4,4,0,4,INSUFFICIENT DATA,100.0,0.0
2025,H0224,James W. Morefield,R,Alcoholic Beverage and Cannabis Control,Derived from LIS bill description,4,4,0,4,INSUFFICIENT DATA,100.0,0.0
2025,H0333,Jason S. Ballard,R,Alcoholic Beverage and Cannabis Control,Derived from LIS bill description,2,2,0,2,INSUFFICIENT DATA,100.0,0.0
2025,H0173,Jeion A. Ward,D,Alcoholic Beverage and Cannabis Control,Derived from LIS bill summary,9,9,0,9,INSUFFICIENT DATA,100.0,0.0
2025,H0352,"Jonathan ""Jed"" Arnold",R,Alcoholic Beverage and Cannabis Control,Derived from LIS bill description,4,4,0,4,INSUFFICIENT DATA,100.0,0.0
2025,H0308,Joseph P. McNamara,R,Alcoholic Beverage and Cannabis Control,Derived from LIS bill description,2,2,0,2,INSUFFICIENT DATA,100.0,0.0
2025,H0382,Joshua E. Thomas,D,Alcoholic Beverage and Cannabis Control,Derived from LIS bill description,4,4,0,4,INSUFFICIENT DATA,100.0,0.0
2025,H0314,Joshua G. Cole,D,Alcoholic Beverage and Cannabis Control,Derived from LIS bill description,4,4,0,4,INSUFFICIENT DATA,100.0,0.0
2025,H0370,Karen Keys-Gamarra,D,Alcoholic Beverage and Cannabis Control,Derived from LIS bill description,2,2,0,2,INSUFFICIENT DATA,100.0,0.0
2025,H0294,Karrie K. Delaney,D,Alcoholic Beverage and Cannabis Control,Derived from LIS bill description,4,2,0,2,INSUFFICIENT DATA,100.0,0.0
2025,H0305,Kathy K.L. Tran,D,Alcoholic Beverage and Cannabis Control,Derived from LIS bill description,2,2,0,2,INSUFFICIENT DATA,100.0,0.0
2025,H0305,Kathy K.L. Tran,D,Alcoholic Beverage and Cannabis Control,Derived from LIS bill summary,9,9,0,9,INSUFFICIENT DATA,100.0,0.0
2025,H0354,Katrina Callsen,D,Alcoholic Beverage and Cannabis Control,Derived from LIS bill description,2,2,0,2,INSUFFICIENT DATA,100.0,0.0
2025,H0295,Kelly K. Convirs-Fowler,D,Alcoholic Beverage and Cannabis Control,Derived from LIS bill description,2,2,0,2,INSUFFICIENT DATA,100.0,0.0
2025,H0295,Kelly K. Convirs-Fowler,D,Alcoholic Beverage and Cannabis Control,Derived from LIS bill summary,9,9,0,9,INSUFFICIENT DATA,100.0,0.0
2025,H0346,Kim A. Taylor,R,Alcoholic Beverage and Cannabis Control,Derived from LIS bill description,2,2,0,2,INSUFFICIENT DATA,100.0,0.0
2025,H0355,Laura Jane Cohen,D,Alcoholic Beverage and Cannabis Control,Derived from LIS bill description,2,2,0,2,INSUFFICIENT DATA,100.0,0.0
2025,H0355,Laura Jane Cohen,D,Alcoholic Beverage and Cannabis Control,Derived from LIS bill summary,9,9,0,9,INSUFFICIENT DATA,100.0,0.0
2025,H0227,Luke E. Torian,D,Alcoholic Beverage and Cannabis Control,Derived from LIS bill description,4,4,0,4,INSUFFICIENT DATA,100.0,0.0
2025,H0238,M. Keith Hodges,R,Alcoholic Beverage and Cannabis Control,Derived from LIS bill description,2,2,0,2,INSUFFICIENT DATA,100.0,0.0
2025,H0264,Marcus B. Simon,D,Alcoholic Beverage and Cannabis Control,Derived from LIS bill description,4,4,0,4,INSUFFICIENT DATA,100.0,0.0
2025,H0172,Mark D. Sickles,D,Alcoholic Beverage and Cannabis Control,Derived from LIS bill description,2,2,0,2,INSUFFICIENT DATA,100.0,0.0
2025,H0358,"Mark L. Earley, Jr.",R,Alcoholic Beverage and Cannabis Control,Derived from LIS bill description,2,2,0,2,INSUFFICIENT DATA,100.0,0.0
2025,H0358,"Mark L. Earley, Jr.",R,Alcoholic Beverage and Cannabis Control,Derived from LIS bill summary,10,8,0,8,INSUFFICIENT DATA,100.0,0.0
2025,H0374,Marty Martinez,D,Alcoholic Beverage and Cannabis Control,Derived from LIS bill description,2,2,0,2,INSUFFICIENT DATA,100.0,0.0
2025,H0374,Marty Martinez,D,Alcoholic Beverage and Cannabis Control,Derived from LIS bill summary,9,8,0,8,INSUFFICIENT DATA,100.0,0.0
2025,H0360,Michael B. Feggans,D,Alcoholic Beverage and Cannabis Control,Derived from LIS bill description,2,2,0,2,INSUFFICIENT DATA,100.0,0.0
2025,H0368,Michael J. Jones,D,Alcoholic Beverage and Cannabis Control,Derived from LIS bill description,2,2,0,2,INSUFFICIENT DATA,100.0,0.0
2025,H0368,Michael J. Jones,D,Alcoholic Beverage and Cannabis Control,Derived from LIS bill summary,9,8,0,8,INSUFFICIENT DATA,100.0,0.0
2025,H0247,Michael J. Webert,R,Alcoholic Beverage and Cannabis Control,Derived from LIS bill description,2,2,0,2,INSUFFICIENT DATA,100.0,0.0
2025,H0340,Michelle Lopes Maldonado,D,Alcoholic Beverage and Cannabis Control,Derived from LIS bill description,2,2,0,2,INSUFFICIENT DATA,100.0,0.0
2025,H0335,Mike A. Cherry,R,Alcoholic Beverage and Cannabis Control,Derived from LIS bill description,2,2,0,2,INSUFFICIENT DATA,100.0,0.0
2025,H0335,Mike A. Cherry,R,Alcoholic Beverage and Cannabis Control,Derived from LIS bill summary,9,9,0,9,INSUFFICIENT DATA,100.0,0.0
2025,H0359,N. Baxter Ennis,R,Alcoholic Beverage and Cannabis Control,Derived from LIS bill description,2,2,0,2,INSUFFICIENT DATA,100.0,0.0
2025,H0359,N. Baxter Ennis,R,Alcoholic Beverage and Cannabis Control,Derived from LIS bill summary,11,8,0,8,INSUFFICIENT DATA,100.0,0.0
2025,H0336,Nadarius E. Clark,D,Alcoholic Beverage and Cannabis Control,Derived from LIS bill description,2,2,0,2,INSUFFICIENT DATA,100.0,0.0
2025,H0279,Nicholas J. Freitas,R,Alcoholic Beverage and Cannabis Control,Derived from LIS bill description,2,2,0,2,INSUFFICIENT DATA,100.0,0.0
2025,H0219,Patrick A. Hope,D,Alcoholic Beverage and Cannabis Control,Derived from LIS bill description,2,2,0,2,INSUFFICIENT DATA,100.0,0.0
2025,H0281,Paul E. Krizek,D,Alcoholic Beverage and Cannabis Control,Derived from LIS bill description,4,4,0,4,INSUFFICIENT DATA,100.0,0.0
2025,H0376,Paul V. Milde,R,Alcoholic Beverage and Cannabis Control,Derived from LIS bill description,2,2,0,2,INSUFFICIENT DATA,100.0,0.0
2025,H0366,Phil M. Hernandez,D,Alcoholic Beverage and Cannabis Control,Derived from LIS bill description,2,2,0,2,INSUFFICIENT DATA,100.0,0.0
2025,H0124,R. Lee Ware,R,Alcoholic Beverage and Cannabis Control,Derived from LIS bill description,2,2,0,2,INSUFFICIENT DATA,100.0,0.0
2025,H0356,Rae Cousins,D,Alcoholic Beverage and Cannabis Control,Derived from LIS bill description,2,2,0,2,INSUFFICIENT DATA,100.0,0.0
2025,H0269,"Richard C. ""Rip"" Sullivan, Jr.",D,Alcoholic Beverage and Cannabis Control,Derived from LIS bill description,2,2,0,2,INSUFFICIENT DATA,100.0,0.0
2025,H0073,"Robert D. Orrock, Sr.",R,Alcoholic Beverage and Cannabis Control,Derived from LIS bill description,2,2,0,2,INSUFFICIENT DATA,100.0,0.0
2025,H0267,"Robert S. Bloxom, Jr.",R,Alcoholic Beverage and Cannabis Control,Derived from LIS bill description,4,4,0,4,INSUFFICIENT DATA,100.0,0.0
2025,H0327,Rodney T. Willett,D,Alcoholic Beverage and Cannabis Control,Derived from LIS bill description,2,2,0,2,INSUFFICIENT DATA,100.0,0.0
2025,H0365,"Rozia A. Henson, Jr.",D,Alcoholic Beverage and Cannabis Control,Derived from LIS bill description,2,2,0,2,INSUFFICIENT DATA,100.0,0.0
2025,H0365,"Rozia A. Henson, Jr.",D,Alcoholic Beverage and Cannabis Control,Derived from LIS bill summary,9,9,0,9,INSUFFICIENT DATA,100.0,0.0
2025,H0266,Sam Rasoul,D,Alcoholic Beverage and Cannabis Control,Derived from LIS bill description,2,2,0,2,INSUFFICIENT DATA,100.0,0.0
2025,H0328,Scott A. Wyatt,R,Alcoholic Beverage and Cannabis Control,Derived from LIS bill description,2,2,0,2,INSUFFICIENT DATA,100.0,0.0
2025,H0323,Shelly A. Simonds,D,Alcoholic Beverage and Cannabis Control,Derived from LIS bill description,2,2,0,2,INSUFFICIENT DATA,100.0,0.0
2025,H0323,Shelly A. Simonds,D,Alcoholic Beverage and Cannabis Control,Derived from LIS bill summary,9,9,0,9,INSUFFICIENT DATA,100.0,0.0
2025,H0056,Terry G. Kilgore,R,Alcoholic Beverage and Cannabis Control,Derived from LIS bill description,2,2,0,2,INSUFFICIENT DATA,100.0,0.0
2025,H0253,Terry L. Austin,R,Alcoholic Beverage and Cannabis Control,Derived from LIS bill description,4,4,0,4,INSUFFICIENT DATA,100.0,0.0
2025,H0231,Tony O. Wilt,R,Alcoholic Beverage and Cannabis Control,Derived from LIS bill description,2,2,0,2,INSUFFICIENT DATA,100.0,0.0
2025,H0108,Vivian E. Watts,D,Alcoholic Beverage and Cannabis Control,Derived from LIS bill description,2,2,0,2,INSUFFICIENT DATA,100.0,0.0
2025,H0363,W. Chad Green,R,Alcoholic Beverage and Cannabis Control,Derived from LIS bill description,2,2,0,2,INSUFFICIENT DATA,100.0,0.0
2025,H0325,Wendell S. Walker,R,Alcoholic Beverage and Cannabis Control,Derived from LIS bill description,2,2,0,2,INSUFFICIENT DATA,100.0,0.0
2025,H0357,Will Davis,R,Alcoholic Beverage and Cannabis Control,Derived from LIS bill description,2,2,0,2,INSUFFICIENT DATA,100.0,0.0
2025,H0348,Wren M. Williams,R,Alcoholic Beverage and Cannabis Control,Derived from LIS bill description,2,2,0,2,INSUFFICIENT DATA,100.0,0.0
2025,H0206,Barry D. Knight,R,Alcoholic Beverage and Cannabis Control,Derived from LIS bill summary,18,5,1,6,INSUFFICIENT DATA,83.33333333333334,16.666666666666664
2025,H0347,"H. Otto Wachsmann, Jr.",R,Alcoholic Beverage and Cannabis Control,Derived from LIS bill summary,9,7,2,9,INSUFFICIENT DATA,77.77777777777779,22.22222222222222
2025,H0373,Ian T. Lovejoy,R,Alcoholic Beverage and Cannabis Control,Derived from LIS bill summary,9,7,2,9,INSUFFICIENT DATA,77.77777777777779,22.22222222222222
2025,H0308,Joseph P. McNamara,R,Alcoholic Beverage and Cannabis Control,Derived from LIS bill summary,9,7,2,9,INSUFFICIENT DATA,77.77777777777779,22.22222222222222
2025,H0238,M. Keith Hodges,R,Alcoholic Beverage and Cannabis Control,Derived from LIS bill summary,10,7,2,9,INSUFFICIENT DATA,77.77777777777779,22.22222222222222
2025,H0124,R. Lee Ware,R,Alcoholic Beverage and Cannabis Control,Derived from LIS bill summary,9,7,2,9,INSUFFICIENT DATA,77.77777777777779,22.22222222222222
2025,H0073,"Robert D. Orrock, Sr.",R,Alcoholic Beverage and Cannabis Control,Derived from LIS bill summary,9,7,2,9,INSUFFICIENT DATA,77.77777777777779,22.22222222222222
2025,H0363,W. Chad Green,R,Alcoholic Beverage and Cannabis Control,Derived from LIS bill summary,9,7,2,9,INSUFFICIENT DATA,77.77777777777779,22.22222222222222
2025,H0325,Wendell S. Walker,R,Alcoholic Beverage and Cannabis Control,Derived from LIS bill summary,9,7,2,9,INSUFFICIENT DATA,77.77777777777779,22.22222222222222
2025,H0369,Hillary Pugh Kent,R,Alcoholic Beverage and Cannabis Control,Derived from LIS bill summary,9,6,2,8,INSUFFICIENT DATA,75.0,25.0
2025,H0321,Chris S. Runion,R,Alcoholic Beverage and Cannabis Control,Derived from LIS bill summary,9,6,3,9,INSUFFICIENT DATA,66.66666666666666,33.33333333333333
2025,H0242,Israel D. O'Quinn,R,Alcoholic Beverage and Cannabis Control,Derived from LIS bill summary,9,6,3,9,INSUFFICIENT DATA,66.66666666666666,33.33333333333333
2025,H0362,"Thomas A. Garrett, Jr.",R,Alcoholic Beverage and Cannabis Control,Derived from LIS bill summary,9,5,3,8,INSUFFICIENT DATA,62.5,37.5
2025,H0136,"Thomas C. Wright, Jr.",R,Alcoholic Beverage and Cannabis Control,Derived from LIS bill summary,9,5,3,8,INSUFFICIENT DATA,62.5,37.5
2025,H0181,C. Todd Gilbert,R,Alcoholic Beverage and Cannabis Control,Derived from LIS bill summary,9,5,4,9,INSUFFICIENT DATA,55.55555555555556,44.44444444444444
2025,H0279,Nicholas J. Freitas,R,Alcoholic Beverage and Cannabis Control,Derived from LIS bill summary,9,5,4,9,INSUFFICIENT DATA,55.55555555555556,44.44444444444444
2025,H0376,Paul V. Milde,R,Alcoholic Beverage and Cannabis Control,Derived from LIS bill summary,9,5,4,9,INSUFFICIENT DATA,55.55555555555556,44.44444444444444
2025,H0342,Phillip A. Scott,R,Alcoholic Beverage and Cannabis Control,Derived from LIS bill summary,9,5,4,9,INSUFFICIENT DATA,55.55555555555556,44.44444444444444
2025,H0351,Holly M. Seibold,D,Alcoholic Beverage and Cannabis Control,Derived from LIS bill description,4,2,2,4,INSUFFICIENT DATA,50.0,50.0
2025,H0173,Jeion A. Ward,D,Alcoholic Beverage and Cannabis Control,Derived from LIS bill description,2,1,1,2,INSUFFICIENT DATA,50.0,50.0
2025,H0284,"Marcia S. ""Cia"" Price",D,Alcoholic Beverage and Cannabis Control,Derived from LIS bill description,4,2,2,4,INSUFFICIENT DATA,50.0,50.0
2025,H0342,Phillip A. Scott,R,Alcoholic Beverage and Cannabis Control,Derived from LIS bill description,2,1,1,2,INSUFFICIENT DATA,50.0,50.0
2025,H0362,"Thomas A. Garrett, Jr.",R,Alcoholic Beverage and Cannabis Control,Derived from LIS bill description,2,1,1,2,INSUFFICIENT DATA,50.0,50.0
2025,H0136,"Thomas C. Wright, Jr.",R,Alcoholic Beverage and Cannabis Control,Derived from LIS bill description,2,1,1,2,INSUFFICIENT DATA,50.0,50.0
2025,H0364,Timothy P. Griffin,R,Alcoholic Beverage and Cannabis Control,Derived from LIS bill description,2,1,1,2,INSUFFICIENT DATA,50.0,50.0
2025,H0383,Eric R. Zehr,R,Alcoholic Beverage and Cannabis Control,Derived from LIS bill summary,9,4,5,9,INSUFFICIENT DATA,44.44444444444444,55.55555555555556
2025,H0364,Timothy P. Griffin,R,Alcoholic Beverage and Cannabis Control,Derived from LIS bill summary,9,4,5,9,INSUFFICIENT DATA,44.44444444444444,55.55555555555556
2025,H0150,"Daniel W. Marshall, III",R,Alcoholic Beverage and Cannabis Control,Derived from LIS bill description,2,0,0,0,INSUFFICIENT DATA,0.0,0.0
2025,H0372,Destiny LeVere Bolling,D,Alcoholic Beverage and Cannabis Control,Derived from LIS bill description,2,0,0,0,INSUFFICIENT DATA,0.0,0.0
2025,H0377,Delores Oates,R,Alcoholic Beverage and Cannabis Control,Derived from LIS bill summary,11,7,4,11,MIXED,63.63636363636363,36.36363636363637
2025,H0247,Michael J. Webert,R,Alcoholic Beverage and Cannabis Control,Derived from LIS bill summary,11,7,4,11,MIXED,63.63636363636363,36.36363636363637
2025,H0337,A.C. Cordoza,R,Alcoholic Beverage and Cannabis Control,Derived from LIS bill summary,12,12,0,12,YES,100.0,0.0
2025,H0375,Adele Y. McClure,D,Alcoholic Beverage and Cannabis Control,Derived from LIS bill summary,15,15,0,15,YES,100.0,0.0
2025,H0311,Alex Q. Askew,D,Alcoholic Beverage and Cannabis Control,Derived from LIS bill summary,11,11,0,11,YES,100.0,0.0
2025,H0239,Alfonso H. Lopez,D,Alcoholic Beverage and Cannabis Control,Derived from LIS bill summary,11,11,0,11,YES,100.0,0.0
2025,H0313,Amanda E. Batten,R,Alcoholic Beverage and Cannabis Control,Derived from LIS bill summary,13,13,0,13,YES,100.0,0.0
2025,H0345,Anne Ferrell Tata,R,Alcoholic Beverage and Cannabis Control,Derived from LIS bill summary,11,11,0,11,YES,100.0,0.0
2025,H0380,Atoosa R. Reaser,D,Alcoholic Beverage and Cannabis Control,Derived from LIS bill summary,10,10,0,10,YES,100.0,0.0
2025,H0212,Betsy B. Carr,D,Alcoholic Beverage and Cannabis Control,Derived from LIS bill summary,14,14,0,14,YES,100.0,0.0
2025,H0343,Briana D. Sewell,D,Alcoholic Beverage and Cannabis Control,Derived from LIS bill summary,11,11,0,11,YES,100.0,0.0
2025,H0330,Candi Mundon King,D,Alcoholic Beverage and Cannabis Control,Derived from LIS bill summary,12,12,0,12,YES,100.0,0.0
2025,H0315,Carrie E. Coyner,R,Alcoholic Beverage and Cannabis Control,Derived from LIS bill summary,14,14,0,14,YES,100.0,0.0
2025,H0301,David A. Reid,D,Alcoholic Beverage and Cannabis Control,Derived from LIS bill summary,10,10,0,10,YES,100.0,0.0
2025,H0177,David L. Bulova,D,Alcoholic Beverage and Cannabis Control,Derived from LIS bill summary,19,14,0,14,YES,100.0,0.0
2025,H0334,Elizabeth B. Bennett-Parker,D,Alcoholic Beverage and Cannabis Control,Derived from LIS bill summary,18,18,0,18,YES,100.0,0.0
2025,H0382,Joshua E. Thomas,D,Alcoholic Beverage and Cannabis Control,Derived from LIS bill summary,17,17,0,17,YES,100.0,0.0
2025,H0314,Joshua G. Cole,D,Alcoholic Beverage and Cannabis Control,Derived from LIS bill summary,13,13,0,13,YES,100.0,0.0
2025,H0370,Karen Keys-Gamarra,D,Alcoholic Beverage and Cannabis Control,Derived from LIS bill summary,10,10,0,10,YES,100.0,0.0
2025,H0294,Karrie K. Delaney,D,Alcoholic Beverage and Cannabis Control,Derived from LIS bill summary,14,14,0,14,YES,100.0,0.0
2025,H0354,Katrina Callsen,D,Alcoholic Beverage and Cannabis Control,Derived from LIS bill summary,10,10,0,10,YES,100.0,0.0
2025,H0227,Luke E. Torian,D,Alcoholic Beverage and Cannabis Control,Derived from LIS bill summary,20,19,0,19,YES,100.0,0.0
2025,H0264,Marcus B. Simon,D,Alcoholic Beverage and Cannabis Control,Derived from LIS bill summary,17,16,0,16,YES,100.0,0.0
2025,H0172,Mark D. Sickles,D,Alcoholic Beverage and Cannabis Control,Derived from LIS bill summary,11,11,0,11,YES,100.0,0.0
2025,H0360,Michael B. Feggans,D,Alcoholic Beverage and Cannabis Control,Derived from LIS bill summary,11,11,0,11,YES,100.0,0.0
2025,H0340,Michelle Lopes Maldonado,D,Alcoholic Beverage and Cannabis Control,Derived from LIS bill summary,10,10,0,10,YES,100.0,0.0
2025,H0336,Nadarius E. Clark,D,Alcoholic Beverage and Cannabis Control,Derived from LIS bill summary,11,10,0,10,YES,100.0,0.0
2025,H0219,Patrick A. Hope,D,Alcoholic Beverage and Cannabis Control,Derived from LIS bill summary,12,11,0,11,YES,100.0,0.0
2025,H0281,Paul E. Krizek,D,Alcoholic Beverage and Cannabis Control,Derived from LIS bill summary,20,20,0,20,YES,100.0,0.0
2025,H0366,Phil M. Hernandez,D,Alcoholic Beverage and Cannabis Control,Derived from LIS bill summary,10,10,0,10,YES,100.0,0.0
2025,H0356,Rae Cousins,D,Alcoholic Beverage and Cannabis Control,Derived from LIS bill summary,12,12,0,12,YES,100.0,0.0
2025,H0269,"Richard C. ""Rip"" Sullivan, Jr.",D,Alcoholic Beverage and Cannabis Control,Derived from LIS bill summary,10,10,0,10,YES,100.0,0.0
2025,H0327,Rodney T. Willett,D,Alcoholic Beverage and Cannabis Control,Derived from LIS bill summary,10,10,0,10,YES,100.0,0.0
2025,H0266,Sam Rasoul,D,Alcoholic Beverage and Cannabis Control,Derived from LIS bill summary,13,12,0,12,YES,100.0,0.0
2025,H0108,Vivian E. Watts,D,Alcoholic Beverage and Cannabis Control,Derived from LIS bill summary,10,10,0,10,YES,100.0,0.0
2025,H0317,Dan I. Helmer,D,Alcoholic Beverage and Cannabis Control,Derived from LIS bill summary,11,10,1,11,YES,90.9090909090909,9.090909090909092
2025,H0346,Kim A. Taylor,R,Alcoholic Beverage and Cannabis Control,Derived from LIS bill summary,11,10,1,11,YES,90.9090909090909,9.090909090909092
2025,H0056,Terry G. Kilgore,R,Alcoholic Beverage and Cannabis Control,Derived from LIS bill summary,10,9,1,10,YES,90.0,10.0
2025,H0224,James W. Morefield,R,Alcoholic Beverage and Cannabis Control,Derived from LIS bill summary,19,17,2,19,YES,89.47368421052632,10.526315789473683
2025,H0284,"Marcia S. ""Cia"" Price",D,Alcoholic Beverage and Cannabis Control,Derived from LIS bill summary,18,16,2,18,YES,88.88888888888889,11.11111111111111
2025,H0350,Ellen H. Campbell,R,Alcoholic Beverage and Cannabis Control,Derived from LIS bill summary,14,12,2,14,YES,85.71428571428571,14.285714285714285
2025,H0351,Holly M. Seibold,D,Alcoholic Beverage and Cannabis Control,Derived from LIS bill summary,21,18,3,21,YES,85.71428571428571,14.285714285714285
2025,H0352,"Jonathan ""Jed"" Arnold",R,Alcoholic Beverage and Cannabis Control,Derived from LIS bill summary,14,11,2,13,YES,84.61538461538461,15.384615384615385
2025,H0378,Chris Obenshain,R,Alcoholic Beverage and Cannabis Control,Derived from LIS bill summary,12,10,2,12,YES,83.33333333333334,16.666666666666664
2025,H0231,Tony O. Wilt,R,Alcoholic Beverage and Cannabis Control,Derived from LIS bill summary,12,10,2,12,YES,83.33333333333334,16.666666666666664
2025,H0379,David Owen,R,Alcoholic Beverage and Cannabis Control,Derived from LIS bill summary,11,9,2,11,YES,81.81818181818183,18.181818181818183
2025,H0384,Eric Phillips,R,Alcoholic Beverage and Cannabis Control,Derived from LIS bill summary,11,9,2,11,YES,81.81818181818183,18.181818181818183
2025,H0333,Jason S. Ballard,R,Alcoholic Beverage and Cannabis Control,Derived from LIS bill summary,10,8,2,10,YES,80.0,20.0
2025,H0328,Scott A. Wyatt,R,Alcoholic Beverage and Cannabis Control,Derived from LIS bill summary,11,8,2,10,YES,80.0,20.0
2025,H0253,Terry L. Austin,R,Alcoholic Beverage and Cannabis Control,Derived from LIS bill summary,15,12,3,15,YES,80.0,20.0
2025,H0357,Will Davis,R,Alcoholic Beverage and Cannabis Control,Derived from LIS bill summary,10,8,2,10,YES,80.0,20.0
2025,H0348,Wren M. Williams,R,Alcoholic Beverage and Cannabis Control,Derived from LIS bill summary,10,8,2,10,YES,80.0,20.0
2025,H0329,Bill Wiley,R,Alcoholic Beverage and Cannabis Control,Derived from LIS bill summary,14,11,3,14,YES,78.57142857142857,21.428571428571427
2025,H0267,"Robert S. Bloxom, Jr.",R,Alcoholic Beverage and Cannabis Control,Derived from LIS bill summary,14,11,3,14,YES,78.57142857142857,21.428571428571427
2025,H0259,"Hyland F. ""Buddy"" Fowler, Jr.",R,Alcoholic Beverage and Cannabis Control,Derived from LIS bill summary,13,10,3,13,YES,76.92307692307693,23.076923076923077
2025,H0262,"James A. ""Jay"" Leftwich",R,Alcoholic Beverage and Cannabis Control,Derived from LIS bill summary,19,14,5,19,YES,73.68421052631578,26.31578947368421
2025,H0150,"Daniel W. Marshall, III",R,Armed Forces,Derived from LIS bill summary,21,4,0,4,INSUFFICIENT DATA,100.0,0.0
2025,H0206,Barry D. Knight,R,Armed Forces,Derived from LIS bill summary,19,6,2,8,INSUFFICIENT DATA,75.0,25.0
2025,H0364,Timothy P. Griffin,R,Armed Forces,Derived from LIS bill summary,17,11,6,17,MIXED,64.70588235294117,35.294117647058826
2025,H0124,R. Lee Ware,R,Armed Forces,Derived from LIS bill summary,21,13,8,21,MIXED,61.904761904761905,38.095238095238095
2025,H0348,Wren M. Williams,R,Armed Forces,Derived from LIS bill summary,18,11,7,18,MIXED,61.111111111111114,38.88888888888889
2025,H0379,David Owen,R,Armed Forces,Derived from LIS bill summary,19,11,8,19,MIXED,57.89473684210527,42.10526315789473
2025,H0327,Rodney T. Willett,D,Armed Forces,Derived from LIS bill summary,21,19,2,21,YES,90.47619047619048,9.523809523809524
2025,H0343,Briana D. Sewell,D,Armed Forces,Derived from LIS bill summary,26,23,3,26,YES,88.46153846153845,11.538461538461538
2025,H0266,Sam Rasoul,D,Armed Forces,Derived from LIS bill summary,29,23,3,26,YES,88.46153846153845,11.538461538461538
2025,H0371,Amy J. Laufer,D,Armed Forces,Derived from LIS bill summary,25,22,3,25,YES,88.0,12.0
2025,H0207,Delores L. McQuinn,D,Armed Forces,Derived from LIS bill summary,26,22,3,25,YES,88.0,12.0
2025,H0382,Joshua E. Thomas,D,Armed Forces,Derived from LIS bill summary,25,22,3,25,YES,88.0,12.0
2025,H0351,Holly M. Seibold,D,Armed Forces,Derived from LIS bill summary,24,21,3,24,YES,87.5,12.5
2025,H0264,Marcus B. Simon,D,Armed Forces,Derived from LIS bill summary,26,21,3,24,YES,87.5,12.5
2025,H0281,Paul E. Krizek,D,Armed Forces,Derived from LIS bill summary,24,21,3,24,YES,87.5,12.5
2025,H0375,Adele Y. McClure,D,Armed Forces,Derived from LIS bill summary,23,20,3,23,YES,86.95652173913044,13.043478260869565
2025,H0311,Alex Q. Askew,D,Armed Forces,Derived from LIS bill summary,25,20,3,23,YES,86.95652173913044,13.043478260869565
2025,H0212,Betsy B. Carr,D,Armed Forces,Derived from LIS bill summary,24,20,3,23,YES,86.95652173913044,13.043478260869565
2025,H0330,Candi Mundon King,D,Armed Forces,Derived from LIS bill summary,25,20,3,23,YES,86.95652173913044,13.043478260869565
2025,H0177,David L. Bulova,D,Armed Forces,Derived from LIS bill summary,25,20,3,23,YES,86.95652173913044,13.043478260869565
2025,H0334,Elizabeth B. Bennett-Parker,D,Armed Forces,Derived from LIS bill summary,23,20,3,23,YES,86.95652173913044,13.043478260869565
2025,H0370,Karen Keys-Gamarra,D,Armed Forces,Derived from LIS bill summary,23,20,3,23,YES,86.95652173913044,13.043478260869565
2025,H0368,Michael J. Jones,D,Armed Forces,Derived from LIS bill summary,17,13,2,15,YES,86.66666666666667,13.333333333333334
2025,H0294,Karrie K. Delaney,D,Armed Forces,Derived from LIS bill summary,22,19,3,22,YES,86.36363636363636,13.636363636363635
2025,H0354,Katrina Callsen,D,Armed Forces,Derived from LIS bill summary,22,19,3,22,YES,86.36363636363636,13.636363636363635
2025,H0227,Luke E. Torian,D,Armed Forces,Derived from LIS bill summary,25,19,3,22,YES,86.36363636363636,13.636363636363635
2025,H0172,Mark D. Sickles,D,Armed Forces,Derived from LIS bill summary,22,19,3,22,YES,86.36363636363636,13.636363636363635
2025,H0336,Nadarius E. Clark,D,Armed Forces,Derived from LIS bill summary,23,19,3,22,YES,86.36363636363636,13.636363636363635
2025,H0366,Phil M. Hernandez,D,Armed Forces,Derived from LIS bill summary,22,19,3,22,YES,86.36363636363636,13.636363636363635
2025,H0356,Rae Cousins,D,Armed Forces,Derived from LIS bill summary,22,19,3,22,YES,86.36363636363636,13.636363636363635
2025,H0108,Vivian E. Watts,D,Armed Forces,Derived from LIS bill summary,24,19,3,22,YES,86.36363636363636,13.636363636363635
2025,H0380,Atoosa R. Reaser,D,Armed Forces,Derived from LIS bill summary,21,18,3,21,YES,85.71428571428571,14.285714285714285
2025,H0353,Bonita G. Anthony,D,Armed Forces,Derived from LIS bill summary,21,18,3,21,YES,85.71428571428571,14.285714285714285
2025,H0301,David A. Reid,D,Armed Forces,Derived from LIS bill summary,21,18,3,21,YES,85.71428571428571,14.285714285714285
2025,H0372,Destiny LeVere Bolling,D,Armed Forces,Derived from LIS bill summary,21,18,3,21,YES,85.71428571428571,14.285714285714285
2025,H0305,Kathy K.L. Tran,D,Armed Forces,Derived from LIS bill summary,21,18,3,21,YES,85.71428571428571,14.285714285714285
2025,H0355,Laura Jane Cohen,D,Armed Forces,Derived from LIS bill summary,21,18,3,21,YES,85.71428571428571,14.285714285714285
2025,H0269,"Richard C. ""Rip"" Sullivan, Jr.",D,Armed Forces,Derived from LIS bill summary,23,18,3,21,YES,85.71428571428571,14.285714285714285
2025,H0323,Shelly A. Simonds,D,Armed Forces,Derived from LIS bill summary,21,18,3,21,YES,85.71428571428571,14.285714285714285
2025,H0361,Debra D. Gardner,D,Armed Forces,Derived from LIS bill summary,21,17,3,20,YES,85.0,15.0
2025,H0314,Joshua G. Cole,D,Armed Forces,Derived from LIS bill summary,21,17,3,20,YES,85.0,15.0
2025,H0219,Patrick A. Hope,D,Armed Forces,Derived from LIS bill summary,21,17,3,20,YES,85.0,15.0
2025,H0239,Alfonso H. Lopez,D,Armed Forces,Derived from LIS bill summary,19,16,3,19,YES,84.21052631578947,15.789473684210526
2025,H0285,"C.E. Cliff Hayes, Jr.",D,Armed Forces,Derived from LIS bill summary,20,16,3,19,YES,84.21052631578947,15.789473684210526
2025,H0317,Dan I. Helmer,D,Armed Forces,Derived from LIS bill summary,19,16,3,19,YES,84.21052631578947,15.789473684210526
2025,H0284,"Marcia S. ""Cia"" Price",D,Armed Forces,Derived from LIS bill summary,19,16,3,19,YES,84.21052631578947,15.789473684210526
2025,H0360,Michael B. Feggans,D,Armed Forces,Derived from LIS bill summary,19,16,3,19,YES,84.21052631578947,15.789473684210526
2025,H0340,Michelle Lopes Maldonado,D,Armed Forces,Derived from LIS bill summary,18,15,3,18,YES,83.33333333333334,16.666666666666664
2025,H0208,Charniele L. Herring,D,Armed Forces,Derived from LIS bill summary,17,14,3,17,YES,82.35294117647058,17.647058823529413
2025,H0322,Don Scott,D,Armed Forces,Derived from LIS bill summary,17,14,3,17,YES,82.35294117647058,17.647058823529413
2025,H0344,Irene Shin,D,Armed Forces,Derived from LIS bill summary,17,14,3,17,YES,82.35294117647058,17.647058823529413
2025,H0349,Jackie H. Glass,D,Armed Forces,Derived from LIS bill summary,17,14,3,17,YES,82.35294117647058,17.647058823529413
2025,H0173,Jeion A. Ward,D,Armed Forces,Derived from LIS bill summary,17,14,3,17,YES,82.35294117647058,17.647058823529413
2025,H0295,Kelly K. Convirs-Fowler,D,Armed Forces,Derived from LIS bill summary,19,14,3,17,YES,82.35294117647058,17.647058823529413
2025,H0365,"Rozia A. Henson, Jr.",D,Armed Forces,Derived from LIS bill summary,17,14,3,17,YES,82.35294117647058,17.647058823529413
2025,H0385,JJ Singh,D,Armed Forces,Derived from LIS bill summary,17,13,3,16,YES,81.25,18.75
2025,H0374,Marty Martinez,D,Armed Forces,Derived from LIS bill summary,17,13,3,16,YES,81.25,18.75
2025,H0345,Anne Ferrell Tata,R,Armed Forces,Derived from LIS bill summary,25,20,5,25,YES,80.0,20.0
2025,H0378,Chris Obenshain,R,Armed Forces,Derived from LIS bill summary,20,16,4,20,YES,80.0,20.0
2025,H0315,Carrie E. Coyner,R,Armed Forces,Derived from LIS bill summary,26,18,5,23,YES,78.26086956521739,21.73913043478261
2025,H0136,"Thomas C. Wright, Jr.",R,Armed Forces,Derived from LIS bill summary,17,10,3,13,YES,76.92307692307693,23.076923076923077
2025,H0359,N. Baxter Ennis,R,Armed Forces,Derived from LIS bill summary,21,16,5,21,YES,76.19047619047619,23.809523809523807
2025,H0279,Nicholas J. Freitas,R,Armed Forces,Derived from LIS bill summary,21,16,5,21,YES,76.19047619047619,23.809523809523807
2025,H0342,Phillip A. Scott,R,Armed Forces,Derived from LIS bill summary,21,16,5,21,YES,76.19047619047619,23.809523809523807
2025,H0313,Amanda E. Batten,R,Armed Forces,Derived from LIS bill summary,24,18,6,24,YES,75.0,25.0
2025,H0308,Joseph P. McNamara,R,Armed Forces,Derived from LIS bill summary,21,15,5,20,YES,75.0,25.0
2025,H0238,M. Keith Hodges,R,Armed Forces,Derived from LIS bill summary,20,15,5,20,YES,75.0,25.0
2025,H0073,"Robert D. Orrock, Sr.",R,Armed Forces,Derived from LIS bill summary,21,12,4,16,YES,75.0,25.0
2025,H0328,Scott A. Wyatt,R,Armed Forces,Derived from LIS bill summary,21,15,5,20,YES,75.0,25.0
2025,H0253,Terry L. Austin,R,Armed Forces,Derived from LIS bill summary,24,18,6,24,YES,75.0,25.0
2025,H0224,James W. Morefield,R,Armed Forces,Derived from LIS bill summary,23,17,6,23,YES,73.91304347826086,26.08695652173913
2025,H0377,Delores Oates,R,Armed Forces,Derived from LIS bill summary,19,14,5,19,YES,73.68421052631578,26.31578947368421
2025,H0384,Eric Phillips,R,Armed Forces,Derived from LIS bill summary,19,14,5,19,YES,73.68421052631578,26.31578947368421
2025,H0369,Hillary Pugh Kent,R,Armed Forces,Derived from LIS bill summary,19,14,5,19,YES,73.68421052631578,26.31578947368421
2025,H0333,Jason S. Ballard,R,Armed Forces,Derived from LIS bill summary,19,14,5,19,YES,73.68421052631578,26.31578947368421
2025,H0335,Mike A. Cherry,R,Armed Forces,Derived from LIS bill summary,19,14,5,19,YES,73.68421052631578,26.31578947368421
2025,H0056,Terry G. Kilgore,R,Armed Forces,Derived from LIS bill summary,19,14,5,19,YES,73.68421052631578,26.31578947368421
2025,H0363,W. Chad Green,R,Armed Forces,Derived from LIS bill summary,19,14,5,19,YES,73.68421052631578,26.31578947368421
2025,H0373,Ian T. Lovejoy,R,Armed Forces,Derived from LIS bill summary,17,11,4,15,YES,73.33333333333333,26.666666666666668
2025,H0357,Will Davis,R,Armed Forces,Derived from LIS bill summary,22,16,6,22,YES,72.72727272727273,27.27272727272727
2025,H0321,Chris S. Runion,R,Armed Forces,Derived from LIS bill summary,19,13,5,18,YES,72.22222222222221,27.77777777777778
2025,H0358,"Mark L. Earley, Jr.",R,Armed Forces,Derived from LIS bill summary,18,13,5,18,YES,72.22222222222221,27.77777777777778
2025,H0346,Kim A. Taylor,R,Armed Forces,Derived from LIS bill summary,19,10,4,14,YES,71.42857142857143,28.57142857142857
2025,H0362,"Thomas A. Garrett, Jr.",R,Armed Forces,Derived from LIS bill summary,23,15,6,21,YES,71.42857142857143,28.57142857142857
2025,H0329,Bill Wiley,R,Armed Forces,Derived from LIS bill summary,24,17,7,24,YES,70.83333333333334,29.166666666666668
2025,H0350,Ellen H. Campbell,R,Armed Forces,Derived from LIS bill summary,24,17,7,24,YES,70.83333333333334,29.166666666666668
2025,H0259,"Hyland F. ""Buddy"" Fowler, Jr.",R,Armed Forces,Derived from LIS bill summary,24,17,7,24,YES,70.83333333333334,29.166666666666668
2025,H0181,C. Todd Gilbert,R,Armed Forces,Derived from LIS bill summary,17,12,5,17,YES,70.58823529411765,29.411764705882355
2025,H0367,Geary Higgins,R,Armed Forces,Derived from LIS bill summary,17,12,5,17,YES,70.58823529411765,29.411764705882355
2025,H0242,Israel D. O'Quinn,R,Armed Forces,Derived from LIS bill summary,17,12,5,17,YES,70.58823529411765,29.411764705882355
2025,H0337,A.C. Cordoza,R,Armed Forces,Derived from LIS bill summary,20,14,6,20,YES,70.0,30.0
2025,H0352,"Jonathan ""Jed"" Arnold",R,Armed Forces,Derived from LIS bill summary,20,14,6,20,YES,70.0,30.0
2025,H0267,"Robert S. Bloxom, Jr.",R,Armed Forces,Derived from LIS bill summary,23,16,7,23,YES,69.56521739130434,30.434782608695656
2025,H0347,"H. Otto Wachsmann, Jr.",R,Armed Forces,Derived from LIS bill summary,17,11,5,16,YES,68.75,31.25
2025,H0376,Paul V. Milde,R,Armed Forces,Derived from LIS bill summary,17,11,5,16,YES,68.75,31.25
2025,H0247,Michael J. Webert,R,Armed Forces,Derived from LIS bill summary,19,13,6,19,YES,68.42105263157895,31.57894736842105
2025,H0262,"James A. ""Jay"" Leftwich",R,Armed Forces,Derived from LIS bill summary,22,15,7,22,YES,68.18181818181817,31.818181818181817
2025,H0383,Eric R. Zehr,R,Armed Forces,Derived from LIS bill summary,21,14,7,21,YES,66.66666666666666,33.33333333333333
2025,H0231,Tony O. Wilt,R,Armed Forces,Derived from LIS bill summary,21,14,7,21,YES,66.66666666666666,33.33333333333333
2025,H0325,Wendell S. Walker,R,Armed Forces,Derived from LIS bill summary,21,14,7,21,YES,66.66666666666666,33.33333333333333
2025,H0337,A.C. Cordoza,R,Behavioral Health,Derived from LIS bill description,3,3,0,3,INSUFFICIENT DATA,100.0,0.0
2025,H0375,Adele Y. McClure,D,Behavioral Health,Derived from LIS bill description,4,4,0,4,INSUFFICIENT DATA,100.0,0.0
2025,H0311,Alex Q. Askew,D,Behavioral Health,Derived from LIS bill description,3,3,0,3,INSUFFICIENT DATA,100.0,0.0
2025,H0239,Alfonso H. Lopez,D,Behavioral Health,Derived from LIS bill description,3,3,0,3,INSUFFICIENT DATA,100.0,0.0
2025,H0313,Amanda E. Batten,R,Behavioral Health,Derived from LIS bill description,3,3,0,3,INSUFFICIENT DATA,100.0,0.0
2025,H0371,Amy J. Laufer,D,Behavioral Health,Derived from LIS bill description,3,3,0,3,INSUFFICIENT DATA,100.0,0.0
2025,H0345,Anne Ferrell Tata,R,Behavioral Health,Derived from LIS bill description,3,3,0,3,INSUFFICIENT DATA,100.0,0.0
2025,H0380,Atoosa R. Reaser,D,Behavioral Health,Derived from LIS bill description,3,3,0,3,INSUFFICIENT DATA,100.0,0.0
2025,H0212,Betsy B. Carr,D,Behavioral Health,Derived from LIS bill description,7,7,0,7,INSUFFICIENT DATA,100.0,0.0
2025,H0329,Bill Wiley,R,Behavioral Health,Derived from LIS bill description,4,4,0,4,INSUFFICIENT DATA,100.0,0.0
2025,H0353,Bonita G. Anthony,D,Behavioral Health,Derived from LIS bill description,3,3,0,3,INSUFFICIENT DATA,100.0,0.0
2025,H0343,Briana D. Sewell,D,Behavioral Health,Derived from LIS bill description,3,3,0,3,INSUFFICIENT DATA,100.0,0.0
2025,H0285,"C.E. Cliff Hayes, Jr.",D,Behavioral Health,Derived from LIS bill description,8,7,0,7,INSUFFICIENT DATA,100.0,0.0
2025,H0330,Candi Mundon King,D,Behavioral Health,Derived from LIS bill description,3,3,0,3,INSUFFICIENT DATA,100.0,0.0
2025,H0315,Carrie E. Coyner,R,Behavioral Health,Derived from LIS bill description,7,6,0,6,INSUFFICIENT DATA,100.0,0.0
2025,H0208,Charniele L. Herring,D,Behavioral Health,Derived from LIS bill description,9,9,0,9,INSUFFICIENT DATA,100.0,0.0
2025,H0378,Chris Obenshain,R,Behavioral Health,Derived from LIS bill description,3,3,0,3,INSUFFICIENT DATA,100.0,0.0
2025,H0321,Chris S. Runion,R,Behavioral Health,Derived from LIS bill description,3,3,0,3,INSUFFICIENT DATA,100.0,0.0
2025,H0317,Dan I. Helmer,D,Behavioral Health,Derived from LIS bill description,6,6,0,6,INSUFFICIENT DATA,100.0,0.0
2025,H0301,David A. Reid,D,Behavioral Health,Derived from LIS bill description,3,3,0,3,INSUFFICIENT DATA,100.0,0.0
2025,H0177,David L. Bulova,D,Behavioral Health,Derived from LIS bill description,4,4,0,4,INSUFFICIENT DATA,100.0,0.0
2025,H0379,David Owen,R,Behavioral Health,Derived from LIS bill description,5,5,0,5,INSUFFICIENT DATA,100.0,0.0
2025,H0361,Debra D. Gardner,D,Behavioral Health,Derived from LIS bill description,6,6,0,6,INSUFFICIENT DATA,100.0,0.0
2025,H0207,Delores L. McQuinn,D,Behavioral Health,Derived from LIS bill description,3,3,0,3,INSUFFICIENT DATA,100.0,0.0
2025,H0377,Delores Oates,R,Behavioral Health,Derived from LIS bill description,3,3,0,3,INSUFFICIENT DATA,100.0,0.0
2025,H0372,Destiny LeVere Bolling,D,Behavioral Health,Derived from LIS bill description,3,3,0,3,INSUFFICIENT DATA,100.0,0.0
2025,H0322,Don Scott,D,Behavioral Health,Derived from LIS bill description,6,6,0,6,INSUFFICIENT DATA,100.0,0.0
2025,H0334,Elizabeth B. Bennett-Parker,D,Behavioral Health,Derived from LIS bill description,4,4,0,4,INSUFFICIENT DATA,100.0,0.0
2025,H0350,Ellen H. Campbell,R,Behavioral Health,Derived from LIS bill description,4,4,0,4,INSUFFICIENT DATA,100.0,0.0
2025,H0384,Eric Phillips,R,Behavioral Health,Derived from LIS bill description,3,3,0,3,INSUFFICIENT DATA,100.0,0.0
2025,H0383,Eric R. Zehr,R,Behavioral Health,Derived from LIS bill description,3,3,0,3,INSUFFICIENT DATA,100.0,0.0
2025,H0367,Geary Higgins,R,Behavioral Health,Derived from LIS bill description,5,5,0,5,INSUFFICIENT DATA,100.0,0.0
2025,H0347,"H. Otto Wachsmann, Jr.",R,Behavioral Health,Derived from LIS bill description,5,5,0,5,INSUFFICIENT DATA,100.0,0.0
2025,H0369,Hillary Pugh Kent,R,Behavioral Health,Derived from LIS bill description,3,3,0,3,INSUFFICIENT DATA,100.0,0.0
2025,H0351,Holly M. Seibold,D,Behavioral Health,Derived from LIS bill description,4,4,0,4,INSUFFICIENT DATA,100.0,0.0
2025,H0259,"Hyland F. ""Buddy"" Fowler, Jr.",R,Behavioral Health,Derived from LIS bill description,4,4,0,4,INSUFFICIENT DATA,100.0,0.0
2025,H0373,Ian T. Lovejoy,R,Behavioral Health,Derived from LIS bill description,3,3,0,3,INSUFFICIENT DATA,100.0,0.0
2025,H0344,Irene Shin,D,Behavioral Health,Derived from LIS bill description,5,5,0,5,INSUFFICIENT DATA,100.0,0.0
2025,H0242,Israel D. O'Quinn,R,Behavioral Health,Derived from LIS bill description,6,5,0,5,INSUFFICIENT DATA,100.0,0.0
2025,H0385,JJ Singh,D,Behavioral Health,Derived from LIS bill description,5,5,0,5,INSUFFICIENT DATA,100.0,0.0
2025,H0349,Jackie H. Glass,D,Behavioral Health,Derived from LIS bill description,3,3,0,3,INSUFFICIENT DATA,100.0,0.0
2025,H0262,"James A. ""Jay"" Leftwich",R,Behavioral Health,Derived from LIS bill description,4,4,0,4,INSUFFICIENT DATA,100.0,0.0
2025,H0224,James W. Morefield,R,Behavioral Health,Derived from LIS bill description,4,4,0,4,INSUFFICIENT DATA,100.0,0.0
2025,H0333,Jason S. Ballard,R,Behavioral Health,Derived from LIS bill description,3,3,0,3,INSUFFICIENT DATA,100.0,0.0
2025,H0173,Jeion A. Ward,D,Behavioral Health,Derived from LIS bill description,6,6,0,6,INSUFFICIENT DATA,100.0,0.0
2025,H0352,"Jonathan ""Jed"" Arnold",R,Behavioral Health,Derived from LIS bill description,4,3,0,3,INSUFFICIENT DATA,100.0,0.0
2025,H0308,Joseph P. McNamara,R,Behavioral Health,Derived from LIS bill description,3,3,0,3,INSUFFICIENT DATA,100.0,0.0
2025,H0382,Joshua E. Thomas,D,Behavioral Health,Derived from LIS bill description,4,4,0,4,INSUFFICIENT DATA,100.0,0.0
2025,H0314,Joshua G. Cole,D,Behavioral Health,Derived from LIS bill description,7,7,0,7,INSUFFICIENT DATA,100.0,0.0
2025,H0370,Karen Keys-Gamarra,D,Behavioral Health,Derived from LIS bill description,3,3,0,3,INSUFFICIENT DATA,100.0,0.0
2025,H0294,Karrie K. Delaney,D,Behavioral Health,Derived from LIS bill description,4,4,0,4,INSUFFICIENT DATA,100.0,0.0
2025,H0305,Kathy K.L. Tran,D,Behavioral Health,Derived from LIS bill description,8,8,0,8,INSUFFICIENT DATA,100.0,0.0
2025,H0354,Katrina Callsen,D,Behavioral Health,Derived from LIS bill description,3,3,0,3,INSUFFICIENT DATA,100.0,0.0
2025,H0295,Kelly K. Convirs-Fowler,D,Behavioral Health,Derived from LIS bill description,3,3,0,3,INSUFFICIENT DATA,100.0,0.0
2025,H0346,Kim A. Taylor,R,Behavioral Health,Derived from LIS bill description,5,5,0,5,INSUFFICIENT DATA,100.0,0.0
2025,H0355,Laura Jane Cohen,D,Behavioral Health,Derived from LIS bill description,3,3,0,3,INSUFFICIENT DATA,100.0,0.0
2025,H0227,Luke E. Torian,D,Behavioral Health,Derived from LIS bill description,7,7,0,7,INSUFFICIENT DATA,100.0,0.0
2025,H0238,M. Keith Hodges,R,Behavioral Health,Derived from LIS bill description,5,5,0,5,INSUFFICIENT DATA,100.0,0.0
2025,H0284,"Marcia S. ""Cia"" Price",D,Behavioral Health,Derived from LIS bill description,6,6,0,6,INSUFFICIENT DATA,100.0,0.0
2025,H0264,Marcus B. Simon,D,Behavioral Health,Derived from LIS bill description,7,7,0,7,INSUFFICIENT DATA,100.0,0.0
2025,H0172,Mark D. Sickles,D,Behavioral Health,Derived from LIS bill description,9,8,0,8,INSUFFICIENT DATA,100.0,0.0
2025,H0358,"Mark L. Earley, Jr.",R,Behavioral Health,Derived from LIS bill description,3,3,0,3,INSUFFICIENT DATA,100.0,0.0
2025,H0374,Marty Martinez,D,Behavioral Health,Derived from LIS bill description,3,3,0,3,INSUFFICIENT DATA,100.0,0.0
2025,H0360,Michael B. Feggans,D,Behavioral Health,Derived from LIS bill description,3,3,0,3,INSUFFICIENT DATA,100.0,0.0
2025,H0368,Michael J. Jones,D,Behavioral Health,Derived from LIS bill description,3,3,0,3,INSUFFICIENT DATA,100.0,0.0
2025,H0247,Michael J. Webert,R,Behavioral Health,Derived from LIS bill description,6,6,0,6,INSUFFICIENT DATA,100.0,0.0
2025,H0340,Michelle Lopes Maldonado,D,Behavioral Health,Derived from LIS bill description,3,3,0,3,INSUFFICIENT DATA,100.0,0.0
2025,H0335,Mike A. Cherry,R,Behavioral Health,Derived from LIS bill description,5,5,0,5,INSUFFICIENT DATA,100.0,0.0
2025,H0359,N. Baxter Ennis,R,Behavioral Health,Derived from LIS bill description,6,6,0,6,INSUFFICIENT DATA,100.0,0.0
2025,H0336,Nadarius E. Clark,D,Behavioral Health,Derived from LIS bill description,3,3,0,3,INSUFFICIENT DATA,100.0,0.0
2025,H0279,Nicholas J. Freitas,R,Behavioral Health,Derived from LIS bill description,3,3,0,3,INSUFFICIENT DATA,100.0,0.0
2025,H0219,Patrick A. Hope,D,Behavioral Health,Derived from LIS bill description,5,5,0,5,INSUFFICIENT DATA,100.0,0.0
2025,H0281,Paul E. Krizek,D,Behavioral Health,Derived from LIS bill description,4,4,0,4,INSUFFICIENT DATA,100.0,0.0
2025,H0376,Paul V. Milde,R,Behavioral Health,Derived from LIS bill description,3,3,0,3,INSUFFICIENT DATA,100.0,0.0
2025,H0366,Phil M. Hernandez,D,Behavioral Health,Derived from LIS bill description,3,3,0,3,INSUFFICIENT DATA,100.0,0.0
2025,H0342,Phillip A. Scott,R,Behavioral Health,Derived from LIS bill description,6,6,0,6,INSUFFICIENT DATA,100.0,0.0
2025,H0124,R. Lee Ware,R,Behavioral Health,Derived from LIS bill description,3,3,0,3,INSUFFICIENT DATA,100.0,0.0
2025,H0356,Rae Cousins,D,Behavioral Health,Derived from LIS bill description,3,3,0,3,INSUFFICIENT DATA,100.0,0.0
2025,H0269,"Richard C. ""Rip"" Sullivan, Jr.",D,Behavioral Health,Derived from LIS bill description,6,6,0,6,INSUFFICIENT DATA,100.0,0.0
2025,H0073,"Robert D. Orrock, Sr.",R,Behavioral Health,Derived from LIS bill description,6,6,0,6,INSUFFICIENT DATA,100.0,0.0
2025,H0267,"Robert S. Bloxom, Jr.",R,Behavioral Health,Derived from LIS bill description,4,4,0,4,INSUFFICIENT DATA,100.0,0.0
2025,H0327,Rodney T. Willett,D,Behavioral Health,Derived from LIS bill description,6,6,0,6,INSUFFICIENT DATA,100.0,0.0
2025,H0365,"Rozia A. Henson, Jr.",D,Behavioral Health,Derived from LIS bill description,6,6,0,6,INSUFFICIENT DATA,100.0,0.0
2025,H0266,Sam Rasoul,D,Behavioral Health,Derived from LIS bill description,3,2,0,2,INSUFFICIENT DATA,100.0,0.0
2025,H0328,Scott A. Wyatt,R,Behavioral Health,Derived from LIS bill description,3,3,0,3,INSUFFICIENT DATA,100.0,0.0
2025,H0323,Shelly A. Simonds,D,Behavioral Health,Derived from LIS bill description,3,3,0,3,INSUFFICIENT DATA,100.0,0.0
2025,H0056,Terry G. Kilgore,R,Behavioral Health,Derived from LIS bill description,6,6,0,6,INSUFFICIENT DATA,100.0,0.0
2025,H0253,Terry L. Austin,R,Behavioral Health,Derived from LIS bill description,7,7,0,7,INSUFFICIENT DATA,100.0,0.0
2025,H0362,"Thomas A. Garrett, Jr.",R,Behavioral Health,Derived from LIS bill description,3,3,0,3,INSUFFICIENT DATA,100.0,0.0
2025,H0136,"Thomas C. Wright, Jr.",R,Behavioral Health,Derived from LIS bill description,3,3,0,3,INSUFFICIENT DATA,100.0,0.0
2025,H0231,Tony O. Wilt,R,Behavioral Health,Derived from LIS bill description,3,3,0,3,INSUFFICIENT DATA,100.0,0.0
2025,H0108,Vivian E. Watts,D,Behavioral Health,Derived from LIS bill description,6,6,0,6,INSUFFICIENT DATA,100.0,0.0
2025,H0363,W. Chad Green,R,Behavioral Health,Derived from LIS bill description,3,3,0,3,INSUFFICIENT DATA,100.0,0.0
2025,H0325,Wendell S. Walker,R,Behavioral Health,Derived from LIS bill description,5,5,0,5,INSUFFICIENT DATA,100.0,0.0
2025,H0357,Will Davis,R,Behavioral Health,Derived from LIS bill description,3,3,0,3,INSUFFICIENT DATA,100.0,0.0
2025,H0348,Wren M. Williams,R,Behavioral Health,Derived from LIS bill description,3,3,0,3,INSUFFICIENT DATA,100.0,0.0
2025,H0181,C. Todd Gilbert,R,Behavioral Health,Derived from LIS bill description,6,5,1,6,INSUFFICIENT DATA,83.33333333333334,16.666666666666664
2025,H0364,Timothy P. Griffin,R,Behavioral Health,Derived from LIS bill description,3,2,1,3,INSUFFICIENT DATA,66.66666666666666,33.33333333333333
2025,H0206,Barry D. Knight,R,Behavioral Health,Derived from LIS bill description,4,0,0,0,INSUFFICIENT DATA,0.0,0.0
2025,H0150,"Daniel W. Marshall, III",R,Behavioral Health,Derived from LIS bill description,3,0,0,0,INSUFFICIENT DATA,0.0,0.0
2025,H0345,Anne Ferrell Tata,R,Behavioral Health,Derived from LIS bill summary,76,48,27,75,MIXED,64.0,36.0
2025,H0267,"Robert S. Bloxom, Jr.",R,Behavioral Health,Derived from LIS bill summary,65,41,24,65,MIXED,63.07692307692307,36.92307692307693
2025,H0350,Ellen H. Campbell,R,Behavioral Health,Derived from LIS bill summary,73,42,25,67,MIXED,62.68656716417911,37.3134328358209
2025,H0347,"H. Otto Wachsmann, Jr.",R,Behavioral Health,Derived from LIS bill summary,80,50,30,80,MIXED,62.5,37.5
2025,H0224,James W. Morefield,R,Behavioral Health,Derived from LIS bill summary,65,39,24,63,MIXED,61.904761904761905,38.095238095238095
2025,H0056,Terry G. Kilgore,R,Behavioral Health,Derived from LIS bill summary,67,40,26,66,MIXED,60.60606060606061,39.39393939393939
2025,H0259,"Hyland F. ""Buddy"" Fowler, Jr.",R,Behavioral Health,Derived from LIS bill summary,58,35,23,58,MIXED,60.3448275862069,39.6551724137931
2025,H0206,Barry D. Knight,R,Behavioral Health,Derived from LIS bill summary,57,12,8,20,MIXED,60.0,40.0
2025,H0262,"James A. ""Jay"" Leftwich",R,Behavioral Health,Derived from LIS bill summary,63,37,25,62,MIXED,59.67741935483871,40.32258064516129
2025,H0342,Phillip A. Scott,R,Behavioral Health,Derived from LIS bill summary,99,59,40,99,MIXED,59.59595959595959,40.4040404040404
2025,H0253,Terry L. Austin,R,Behavioral Health,Derived from LIS bill summary,68,40,28,68,MIXED,58.82352941176471,41.17647058823529
2025,H0329,Bill Wiley,R,Behavioral Health,Derived from LIS bill summary,65,38,27,65,MIXED,58.46153846153847,41.53846153846154
2025,H0328,Scott A. Wyatt,R,Behavioral Health,Derived from LIS bill summary,66,38,27,65,MIXED,58.46153846153847,41.53846153846154
2025,H0373,Ian T. Lovejoy,R,Behavioral Health,Derived from LIS bill summary,57,33,24,57,MIXED,57.89473684210527,42.10526315789473
2025,H0369,Hillary Pugh Kent,R,Behavioral Health,Derived from LIS bill summary,56,31,25,56,MIXED,55.35714285714286,44.642857142857146
2025,H0378,Chris Obenshain,R,Behavioral Health,Derived from LIS bill summary,70,38,31,69,MIXED,55.072463768115945,44.927536231884055
2025,H0362,"Thomas A. Garrett, Jr.",R,Behavioral Health,Derived from LIS bill summary,66,33,27,60,MIXED,55.00000000000001,45.0
2025,H0384,Eric Phillips,R,Behavioral Health,Derived from LIS bill summary,65,35,29,64,MIXED,54.6875,45.3125
2025,H0150,"Daniel W. Marshall, III",R,Behavioral Health,Derived from LIS bill summary,67,6,5,11,MIXED,54.54545454545454,45.45454545454545
2025,H0333,Jason S. Ballard,R,Behavioral Health,Derived from LIS bill summary,63,34,29,63,MIXED,53.96825396825397,46.03174603174603
2025,H0242,Israel D. O'Quinn,R,Behavioral Health,Derived from LIS bill summary,59,31,27,58,MIXED,53.44827586206896,46.55172413793103
2025,H0136,"Thomas C. Wright, Jr.",R,Behavioral Health,Derived from LIS bill summary,56,27,24,51,MIXED,52.94117647058824,47.05882352941176
2025,H0376,Paul V. Milde,R,Behavioral Health,Derived from LIS bill summary,56,27,26,53,MIXED,50.943396226415096,49.056603773584904
2025,H0321,Chris S. Runion,R,Behavioral Health,Derived from LIS bill summary,58,29,29,58,MIXED,50.0,50.0
2025,H0124,R. Lee Ware,R,Behavioral Health,Derived from LIS bill summary,56,28,28,56,MIXED,50.0,50.0
2025,H0308,Joseph P. McNamara,R,Behavioral Health,Derived from LIS bill summary,62,30,32,62,MIXED,48.38709677419355,51.61290322580645
2025,H0357,Will Davis,R,Behavioral Health,Derived from LIS bill summary,61,29,32,61,MIXED,47.540983606557376,52.459016393442624
2025,H0181,C. Todd Gilbert,R,Behavioral Health,Derived from LIS bill summary,59,28,31,59,MIXED,47.45762711864407,52.54237288135594
2025,H0352,"Jonathan ""Jed"" Arnold",R,Behavioral Health,Derived from LIS bill summary,62,28,31,59,MIXED,47.45762711864407,52.54237288135594
2025,H0231,Tony O. Wilt,R,Behavioral Health,Derived from LIS bill summary,74,35,39,74,MIXED,47.2972972972973,52.702702702702695
2025,H0377,Delores Oates,R,Behavioral Health,Derived from LIS bill summary,66,31,35,66,MIXED,46.96969696969697,53.03030303030303
2025,H0247,Michael J. Webert,R,Behavioral Health,Derived from LIS bill summary,68,31,35,66,MIXED,46.96969696969697,53.03030303030303
2025,H0364,Timothy P. Griffin,R,Behavioral Health,Derived from LIS bill summary,56,26,30,56,MIXED,46.42857142857143,53.57142857142857
2025,H0279,Nicholas J. Freitas,R,Behavioral Health,Derived from LIS bill summary,66,30,35,65,MIXED,46.15384615384615,53.84615384615385
2025,H0313,Amanda E. Batten,R,Behavioral Health,Derived from LIS bill summary,87,40,47,87,MIXED,45.97701149425287,54.02298850574713
2025,H0383,Eric R. Zehr,R,Behavioral Health,Derived from LIS bill summary,66,28,37,65,MIXED,43.07692307692308,56.92307692307692
2025,H0361,Debra D. Gardner,D,Behavioral Health,Derived from LIS bill summary,92,86,4,90,YES,95.55555555555556,4.444444444444445
2025,H0284,"Marcia S. ""Cia"" Price",D,Behavioral Health,Derived from LIS bill summary,84,80,4,84,YES,95.23809523809523,4.761904761904762
2025,H0327,Rodney T. Willett,D,Behavioral Health,Derived from LIS bill summary,99,94,5,99,YES,94.94949494949495,5.05050505050505
2025,H0385,JJ Singh,D,Behavioral Health,Derived from LIS bill summary,83,74,4,78,YES,94.87179487179486,5.128205128205128
2025,H0219,Patrick A. Hope,D,Behavioral Health,Derived from LIS bill summary,98,90,5,95,YES,94.73684210526315,5.263157894736842
2025,H0208,Charniele L. Herring,D,Behavioral Health,Derived from LIS bill summary,94,89,5,94,YES,94.68085106382979,5.319148936170213
2025,H0172,Mark D. Sickles,D,Behavioral Health,Derived from LIS bill summary,112,87,5,92,YES,94.56521739130434,5.434782608695652
2025,H0356,Rae Cousins,D,Behavioral Health,Derived from LIS bill summary,92,87,5,92,YES,94.56521739130434,5.434782608695652
2025,H0266,Sam Rasoul,D,Behavioral Health,Derived from LIS bill summary,101,86,5,91,YES,94.5054945054945,5.4945054945054945
2025,H0351,Holly M. Seibold,D,Behavioral Health,Derived from LIS bill summary,72,68,4,72,YES,94.44444444444444,5.555555555555555
2025,H0344,Irene Shin,D,Behavioral Health,Derived from LIS bill summary,88,83,5,88,YES,94.31818181818183,5.681818181818182
2025,H0314,Joshua G. Cole,D,Behavioral Health,Derived from LIS bill summary,94,83,5,88,YES,94.31818181818183,5.681818181818182
2025,H0285,"C.E. Cliff Hayes, Jr.",D,Behavioral Health,Derived from LIS bill summary,96,82,5,87,YES,94.25287356321839,5.747126436781609
2025,H0207,Delores L. McQuinn,D,Behavioral Health,Derived from LIS bill summary,77,65,4,69,YES,94.20289855072464,5.797101449275362
2025,H0305,Kathy K.L. Tran,D,Behavioral Health,Derived from LIS bill summary,84,79,5,84,YES,94.04761904761905,5.952380952380952
2025,H0311,Alex Q. Askew,D,Behavioral Health,Derived from LIS bill summary,85,78,5,83,YES,93.97590361445783,6.024096385542169
2025,H0380,Atoosa R. Reaser,D,Behavioral Health,Derived from LIS bill summary,78,73,5,78,YES,93.58974358974359,6.41025641025641
2025,H0372,Destiny LeVere Bolling,D,Behavioral Health,Derived from LIS bill summary,79,72,5,77,YES,93.5064935064935,6.493506493506493
2025,H0336,Nadarius E. Clark,D,Behavioral Health,Derived from LIS bill summary,77,70,5,75,YES,93.33333333333333,6.666666666666667
2025,H0264,Marcus B. Simon,D,Behavioral Health,Derived from LIS bill summary,77,68,5,73,YES,93.15068493150685,6.8493150684931505
2025,H0281,Paul E. Krizek,D,Behavioral Health,Derived from LIS bill summary,73,68,5,73,YES,93.15068493150685,6.8493150684931505
2025,H0323,Shelly A. Simonds,D,Behavioral Health,Derived from LIS bill summary,74,68,5,73,YES,93.15068493150685,6.8493150684931505
2025,H0212,Betsy B. Carr,D,Behavioral Health,Derived from LIS bill summary,71,66,5,71,YES,92.95774647887323,7.042253521126761
2025,H0330,Candi Mundon King,D,Behavioral Health,Derived from LIS bill summary,72,66,5,71,YES,92.95774647887323,7.042253521126761
2025,H0317,Dan I. Helmer,D,Behavioral Health,Derived from LIS bill summary,69,64,5,69,YES,92.7536231884058,7.246376811594203
2025,H0239,Alfonso H. Lopez,D,Behavioral Health,Derived from LIS bill summary,68,63,5,68,YES,92.64705882352942,7.352941176470589
2025,H0294,Karrie K. Delaney,D,Behavioral Health,Derived from LIS bill summary,67,62,5,67,YES,92.53731343283582,7.462686567164178
2025,H0269,"Richard C. ""Rip"" Sullivan, Jr.",D,Behavioral Health,Derived from LIS bill summary,67,62,5,67,YES,92.53731343283582,7.462686567164178
2025,H0177,David L. Bulova,D,Behavioral Health,Derived from LIS bill summary,67,61,5,66,YES,92.42424242424242,7.575757575757576
2025,H0354,Katrina Callsen,D,Behavioral Health,Derived from LIS bill summary,66,61,5,66,YES,92.42424242424242,7.575757575757576
2025,H0355,Laura Jane Cohen,D,Behavioral Health,Derived from LIS bill summary,66,61,5,66,YES,92.42424242424242,7.575757575757576
2025,H0340,Michelle Lopes Maldonado,D,Behavioral Health,Derived from LIS bill summary,66,61,5,66,YES,92.42424242424242,7.575757575757576
2025,H0365,"Rozia A. Henson, Jr.",D,Behavioral Health,Derived from LIS bill summary,92,85,7,92,YES,92.3913043478261,7.608695652173914
2025,H0375,Adele Y. McClure,D,Behavioral Health,Derived from LIS bill summary,68,60,5,65,YES,92.3076923076923,7.6923076923076925
2025,H0371,Amy J. Laufer,D,Behavioral Health,Derived from LIS bill summary,66,60,5,65,YES,92.3076923076923,7.6923076923076925
2025,H0108,Vivian E. Watts,D,Behavioral Health,Derived from LIS bill summary,66,60,5,65,YES,92.3076923076923,7.6923076923076925
2025,H0343,Briana D. Sewell,D,Behavioral Health,Derived from LIS bill summary,77,71,6,77,YES,92.20779220779221,7.792207792207792
2025,H0301,David A. Reid,D,Behavioral Health,Derived from LIS bill summary,64,59,5,64,YES,92.1875,7.8125
2025,H0366,Phil M. Hernandez,D,Behavioral Health,Derived from LIS bill summary,65,59,5,64,YES,92.1875,7.8125
2025,H0368,Michael J. Jones,D,Behavioral Health,Derived from LIS bill summary,59,46,4,50,YES,92.0,8.0
2025,H0370,Karen Keys-Gamarra,D,Behavioral Health,Derived from LIS bill summary,62,57,5,62,YES,91.93548387096774,8.064516129032258
2025,H0382,Joshua E. Thomas,D,Behavioral Health,Derived from LIS bill summary,75,68,6,74,YES,91.8918918918919,8.108108108108109
2025,H0173,Jeion A. Ward,D,Behavioral Health,Derived from LIS bill summary,62,54,5,59,YES,91.52542372881356,8.47457627118644
2025,H0322,Don Scott,D,Behavioral Health,Derived from LIS bill summary,57,52,5,57,YES,91.22807017543859,8.771929824561402
2025,H0334,Elizabeth B. Bennett-Parker,D,Behavioral Health,Derived from LIS bill summary,57,52,5,57,YES,91.22807017543859,8.771929824561402
2025,H0374,Marty Martinez,D,Behavioral Health,Derived from LIS bill summary,57,52,5,57,YES,91.22807017543859,8.771929824561402
2025,H0360,Michael B. Feggans,D,Behavioral Health,Derived from LIS bill summary,68,62,6,68,YES,91.17647058823529,8.823529411764707
2025,H0353,Bonita G. Anthony,D,Behavioral Health,Derived from LIS bill summary,56,51,5,56,YES,91.07142857142857,8.928571428571429
2025,H0349,Jackie H. Glass,D,Behavioral Health,Derived from LIS bill summary,56,51,5,56,YES,91.07142857142857,8.928571428571429
2025,H0295,Kelly K. Convirs-Fowler,D,Behavioral Health,Derived from LIS bill summary,67,61,6,67,YES,91.04477611940298,8.955223880597014
2025,H0227,Luke E. Torian,D,Behavioral Health,Derived from LIS bill summary,74,59,6,65,YES,90.76923076923077,9.230769230769232
2025,H0073,"Robert D. Orrock, Sr.",R,Behavioral Health,Derived from LIS bill summary,91,70,19,89,YES,78.65168539325843,21.34831460674157
2025,H0359,N. Baxter Ennis,R,Behavioral Health,Derived from LIS bill summary,108,79,25,104,YES,75.96153846153845,24.03846153846154
2025,H0238,M. Keith Hodges,R,Behavioral Health,Derived from LIS bill summary,96,72,23,95,YES,75.78947368421053,24.210526315789473
2025,H0315,Carrie E. Coyner,R,Behavioral Health,Derived from LIS bill summary,89,60,20,80,YES,75.0,25.0
2025,H0337,A.C. Cordoza,R,Behavioral Health,Derived from LIS bill summary,75,55,20,75,YES,73.33333333333333,26.666666666666668
2025,H0346,Kim A. Taylor,R,Behavioral Health,Derived from LIS bill summary,90,56,23,79,YES,70.88607594936708,29.11392405063291
2025,H0335,Mike A. Cherry,R,Behavioral Health,Derived from LIS bill summary,98,68,28,96,YES,70.83333333333334,29.166666666666668
2025,H0379,David Owen,R,Behavioral Health,Derived from LIS bill summary,91,64,27,91,YES,70.32967032967034,29.67032967032967
2025,H0348,Wren M. Williams,R,Behavioral Health,Derived from LIS bill summary,67,47,20,67,YES,70.1492537313433,29.850746268656714
2025,H0358,"Mark L. Earley, Jr.",R,Behavioral Health,Derived from LIS bill summary,62,41,19,60,YES,68.33333333333333,31.666666666666664
2025,H0363,W. Chad Green,R,Behavioral Health,Derived from LIS bill summary,73,49,24,73,YES,67.12328767123287,32.87671232876712
2025,H0367,Geary Higgins,R,Behavioral Health,Derived from LIS bill summary,81,54,27,81,YES,66.66666666666666,33.33333333333333
2025,H0325,Wendell S. Walker,R,Behavioral Health,Derived from LIS bill summary,80,53,27,80,YES,66.25,33.75
2025,H0267,"Robert S. Bloxom, Jr.",R,Budget and Appropriations,Derived from LIS bill summary,146,85,50,135,MIXED,62.96296296296296,37.03703703703704
2025,H0253,Terry L. Austin,R,Budget and Appropriations,Derived from LIS bill summary,143,83,60,143,MIXED,58.04195804195804,41.95804195804196
2025,H0329,Bill Wiley,R,Budget and Appropriations,Derived from LIS bill summary,138,77,61,138,MIXED,55.79710144927537,44.20289855072464
2025,H0315,Carrie E. Coyner,R,Budget and Appropriations,Derived from LIS bill summary,154,79,64,143,MIXED,55.24475524475524,44.75524475524475
2025,H0350,Ellen H. Campbell,R,Budget and Appropriations,Derived from LIS bill summary,145,77,64,141,MIXED,54.60992907801418,45.39007092198582
2025,H0224,James W. Morefield,R,Budget and Appropriations,Derived from LIS bill summary,138,74,62,136,MIXED,54.41176470588235,45.588235294117645
2025,H0345,Anne Ferrell Tata,R,Budget and Appropriations,Derived from LIS bill summary,146,78,66,144,MIXED,54.166666666666664,45.83333333333333
2025,H0073,"Robert D. Orrock, Sr.",R,Budget and Appropriations,Derived from LIS bill summary,141,73,62,135,MIXED,54.074074074074076,45.925925925925924
2025,H0238,M. Keith Hodges,R,Budget and Appropriations,Derived from LIS bill summary,141,75,66,141,MIXED,53.191489361702125,46.808510638297875
2025,H0124,R. Lee Ware,R,Budget and Appropriations,Derived from LIS bill summary,134,70,62,132,MIXED,53.03030303030303,46.96969696969697
2025,H0337,A.C. Cordoza,R,Budget and Appropriations,Derived from LIS bill summary,124,65,58,123,MIXED,52.84552845528455,47.15447154471545
2025,H0328,Scott A. Wyatt,R,Budget and Appropriations,Derived from LIS bill summary,138,72,65,137,MIXED,52.55474452554745,47.44525547445255
2025,H0056,Terry G. Kilgore,R,Budget and Appropriations,Derived from LIS bill summary,127,65,59,124,MIXED,52.41935483870967,47.58064516129033
2025,H0347,"H. Otto Wachsmann, Jr.",R,Budget and Appropriations,Derived from LIS bill summary,124,64,59,123,MIXED,52.03252032520326,47.96747967479675
2025,H0379,David Owen,R,Budget and Appropriations,Derived from LIS bill summary,125,65,60,125,MIXED,52.0,48.0
2025,H0325,Wendell S. Walker,R,Budget and Appropriations,Derived from LIS bill summary,136,70,65,135,MIXED,51.85185185185185,48.148148148148145
2025,H0378,Chris Obenshain,R,Budget and Appropriations,Derived from LIS bill summary,123,63,60,123,MIXED,51.21951219512195,48.78048780487805
2025,H0359,N. Baxter Ennis,R,Budget and Appropriations,Derived from LIS bill summary,131,65,64,129,MIXED,50.3875968992248,49.6124031007752
2025,H0231,Tony O. Wilt,R,Budget and Appropriations,Derived from LIS bill summary,126,63,63,126,MIXED,50.0,50.0
2025,H0369,Hillary Pugh Kent,R,Budget and Appropriations,Derived from LIS bill summary,126,62,63,125,MIXED,49.6,50.4
2025,H0357,Will Davis,R,Budget and Appropriations,Derived from LIS bill summary,128,63,65,128,MIXED,49.21875,50.78125
2025,H0333,Jason S. Ballard,R,Budget and Appropriations,Derived from LIS bill summary,125,61,63,124,MIXED,49.193548387096776,50.806451612903224
2025,H0373,Ian T. Lovejoy,R,Budget and Appropriations,Derived from LIS bill summary,120,59,61,120,MIXED,49.166666666666664,50.83333333333333
2025,H0363,W. Chad Green,R,Budget and Appropriations,Derived from LIS bill summary,127,62,65,127,MIXED,48.818897637795274,51.181102362204726
2025,H0346,Kim A. Taylor,R,Budget and Appropriations,Derived from LIS bill summary,125,59,63,122,MIXED,48.36065573770492,51.63934426229508
2025,H0335,Mike A. Cherry,R,Budget and Appropriations,Derived from LIS bill summary,132,63,68,131,MIXED,48.091603053435115,51.908396946564885
2025,H0259,"Hyland F. ""Buddy"" Fowler, Jr.",R,Budget and Appropriations,Derived from LIS bill summary,131,62,67,129,MIXED,48.06201550387597,51.93798449612403
2025,H0384,Eric Phillips,R,Budget and Appropriations,Derived from LIS bill summary,120,56,61,117,MIXED,47.863247863247864,52.13675213675214
2025,H0321,Chris S. Runion,R,Budget and Appropriations,Derived from LIS bill summary,129,61,67,128,MIXED,47.65625,52.34375
2025,H0352,"Jonathan ""Jed"" Arnold",R,Budget and Appropriations,Derived from LIS bill summary,125,58,65,123,MIXED,47.15447154471545,52.84552845528455
2025,H0262,"James A. ""Jay"" Leftwich",R,Budget and Appropriations,Derived from LIS bill summary,128,59,68,127,MIXED,46.45669291338583,53.54330708661418
2025,H0242,Israel D. O'Quinn,R,Budget and Appropriations,Derived from LIS bill summary,125,57,66,123,MIXED,46.34146341463415,53.65853658536586
2025,H0358,"Mark L. Earley, Jr.",R,Budget and Appropriations,Derived from LIS bill summary,122,55,65,120,MIXED,45.83333333333333,54.166666666666664
2025,H0308,Joseph P. McNamara,R,Budget and Appropriations,Derived from LIS bill summary,128,57,68,125,MIXED,45.6,54.400000000000006
2025,H0367,Geary Higgins,R,Budget and Appropriations,Derived from LIS bill summary,128,57,71,128,MIXED,44.53125,55.46875
2025,H0313,Amanda E. Batten,R,Budget and Appropriations,Derived from LIS bill summary,129,55,74,129,MIXED,42.63565891472868,57.36434108527132
2025,H0376,Paul V. Milde,R,Budget and Appropriations,Derived from LIS bill summary,121,49,66,115,MIXED,42.608695652173914,57.391304347826086
2025,H0247,Michael J. Webert,R,Budget and Appropriations,Derived from LIS bill summary,129,52,75,127,MIXED,40.94488188976378,59.055118110236215
2025,H0362,"Thomas A. Garrett, Jr.",R,Budget and Appropriations,Derived from LIS bill summary,130,49,72,121,MIXED,40.49586776859504,59.50413223140496
2025,H0348,Wren M. Williams,R,Budget and Appropriations,Derived from LIS bill summary,126,50,75,125,MIXED,40.0,60.0
2025,H0377,Delores Oates,R,Budget and Appropriations,Derived from LIS bill summary,122,48,74,122,MIXED,39.34426229508197,60.65573770491803
2025,H0136,"Thomas C. Wright, Jr.",R,Budget and Appropriations,Derived from LIS bill summary,122,44,69,113,MIXED,38.93805309734513,61.06194690265486
2025,H0181,C. Todd Gilbert,R,Budget and Appropriations,Derived from LIS bill summary,124,46,78,124,MIXED,37.096774193548384,62.903225806451616
2025,H0383,Eric R. Zehr,R,Budget and Appropriations,Derived from LIS bill summary,126,46,79,125,MIXED,36.8,63.2
2025,H0342,Phillip A. Scott,R,Budget and Appropriations,Derived from LIS bill summary,132,46,84,130,MIXED,35.38461538461539,64.61538461538461
2025,H0364,Timothy P. Griffin,R,Budget and Appropriations,Derived from LIS bill summary,120,41,78,119,NO,34.45378151260504,65.54621848739495
2025,H0279,Nicholas J. Freitas,R,Budget and Appropriations,Derived from LIS bill summary,128,41,81,122,NO,33.60655737704918,66.39344262295081
2025,H0354,Katrina Callsen,D,Budget and Appropriations,Derived from LIS bill summary,135,126,7,133,YES,94.73684210526315,5.263157894736842
2025,H0207,Delores L. McQuinn,D,Budget and Appropriations,Derived from LIS bill summary,146,131,8,139,YES,94.24460431654677,5.755395683453238
2025,H0281,Paul E. Krizek,D,Budget and Appropriations,Derived from LIS bill summary,151,142,9,151,YES,94.03973509933775,5.960264900662252
2025,H0177,David L. Bulova,D,Budget and Appropriations,Derived from LIS bill summary,151,139,9,148,YES,93.91891891891892,6.081081081081082
2025,H0343,Briana D. Sewell,D,Budget and Appropriations,Derived from LIS bill summary,147,138,9,147,YES,93.87755102040816,6.122448979591836
2025,H0327,Rodney T. Willett,D,Budget and Appropriations,Derived from LIS bill summary,147,138,9,147,YES,93.87755102040816,6.122448979591836
2025,H0212,Betsy B. Carr,D,Budget and Appropriations,Derived from LIS bill summary,148,137,9,146,YES,93.83561643835617,6.164383561643835
2025,H0330,Candi Mundon King,D,Budget and Appropriations,Derived from LIS bill summary,131,120,8,128,YES,93.75,6.25
2025,H0266,Sam Rasoul,D,Budget and Appropriations,Derived from LIS bill summary,151,134,9,143,YES,93.7062937062937,6.293706293706294
2025,H0285,"C.E. Cliff Hayes, Jr.",D,Budget and Appropriations,Derived from LIS bill summary,143,132,9,141,YES,93.61702127659575,6.382978723404255
2025,H0371,Amy J. Laufer,D,Budget and Appropriations,Derived from LIS bill summary,139,129,9,138,YES,93.47826086956522,6.521739130434782
2025,H0108,Vivian E. Watts,D,Budget and Appropriations,Derived from LIS bill summary,140,128,9,137,YES,93.43065693430657,6.569343065693431
2025,H0361,Debra D. Gardner,D,Budget and Appropriations,Derived from LIS bill summary,136,127,9,136,YES,93.38235294117648,6.61764705882353
2025,H0323,Shelly A. Simonds,D,Budget and Appropriations,Derived from LIS bill summary,137,127,9,136,YES,93.38235294117648,6.61764705882353
2025,H0208,Charniele L. Herring,D,Budget and Appropriations,Derived from LIS bill summary,136,126,9,135,YES,93.33333333333333,6.666666666666667
2025,H0301,David A. Reid,D,Budget and Appropriations,Derived from LIS bill summary,135,126,9,135,YES,93.33333333333333,6.666666666666667
2025,H0269,"Richard C. ""Rip"" Sullivan, Jr.",D,Budget and Appropriations,Derived from LIS bill summary,139,126,9,135,YES,93.33333333333333,6.666666666666667
2025,H0311,Alex Q. Askew,D,Budget and Appropriations,Derived from LIS bill summary,149,138,10,148,YES,93.24324324324324,6.756756756756757
2025,H0334,Elizabeth B. Bennett-Parker,D,Budget and Appropriations,Derived from LIS bill summary,135,124,9,133,YES,93.23308270676691,6.7669172932330826
2025,H0264,Marcus B. Simon,D,Budget and Appropriations,Derived from LIS bill summary,132,122,9,131,YES,93.12977099236642,6.870229007633588
2025,H0344,Irene Shin,D,Budget and Appropriations,Derived from LIS bill summary,130,121,9,130,YES,93.07692307692308,6.923076923076923
2025,H0294,Karrie K. Delaney,D,Budget and Appropriations,Derived from LIS bill summary,130,120,9,129,YES,93.02325581395348,6.976744186046512
2025,H0368,Michael J. Jones,D,Budget and Appropriations,Derived from LIS bill summary,122,105,8,113,YES,92.92035398230088,7.079646017699115
2025,H0317,Dan I. Helmer,D,Budget and Appropriations,Derived from LIS bill summary,126,117,9,126,YES,92.85714285714286,7.142857142857142
2025,H0351,Holly M. Seibold,D,Budget and Appropriations,Derived from LIS bill summary,126,117,9,126,YES,92.85714285714286,7.142857142857142
2025,H0227,Luke E. Torian,D,Budget and Appropriations,Derived from LIS bill summary,152,129,10,139,YES,92.80575539568345,7.194244604316546
2025,H0239,Alfonso H. Lopez,D,Budget and Appropriations,Derived from LIS bill summary,127,115,9,124,YES,92.74193548387096,7.258064516129033
2025,H0385,JJ Singh,D,Budget and Appropriations,Derived from LIS bill summary,126,115,9,124,YES,92.74193548387096,7.258064516129033
2025,H0173,Jeion A. Ward,D,Budget and Appropriations,Derived from LIS bill summary,125,115,9,124,YES,92.74193548387096,7.258064516129033
2025,H0340,Michelle Lopes Maldonado,D,Budget and Appropriations,Derived from LIS bill summary,123,114,9,123,YES,92.6829268292683,7.317073170731707
2025,H0322,Don Scott,D,Budget and Appropriations,Derived from LIS bill summary,122,113,9,122,YES,92.62295081967213,7.377049180327869
2025,H0349,Jackie H. Glass,D,Budget and Appropriations,Derived from LIS bill summary,124,113,9,122,YES,92.62295081967213,7.377049180327869
2025,H0172,Mark D. Sickles,D,Budget and Appropriations,Derived from LIS bill summary,153,137,11,148,YES,92.56756756756756,7.4324324324324325
2025,H0366,Phil M. Hernandez,D,Budget and Appropriations,Derived from LIS bill summary,134,124,10,134,YES,92.53731343283582,7.462686567164178
2025,H0380,Atoosa R. Reaser,D,Budget and Appropriations,Derived from LIS bill summary,132,122,10,132,YES,92.42424242424242,7.575757575757576
2025,H0353,Bonita G. Anthony,D,Budget and Appropriations,Derived from LIS bill summary,131,121,10,131,YES,92.36641221374046,7.633587786259542
2025,H0356,Rae Cousins,D,Budget and Appropriations,Derived from LIS bill summary,132,121,10,131,YES,92.36641221374046,7.633587786259542
2025,H0370,Karen Keys-Gamarra,D,Budget and Appropriations,Derived from LIS bill summary,129,118,10,128,YES,92.1875,7.8125
2025,H0219,Patrick A. Hope,D,Budget and Appropriations,Derived from LIS bill summary,130,118,10,128,YES,92.1875,7.8125
2025,H0355,Laura Jane Cohen,D,Budget and Appropriations,Derived from LIS bill summary,127,117,10,127,YES,92.1259842519685,7.874015748031496
2025,H0365,"Rozia A. Henson, Jr.",D,Budget and Appropriations,Derived from LIS bill summary,128,117,10,127,YES,92.1259842519685,7.874015748031496
2025,H0375,Adele Y. McClure,D,Budget and Appropriations,Derived from LIS bill summary,126,116,10,126,YES,92.06349206349206,7.936507936507936
2025,H0295,Kelly K. Convirs-Fowler,D,Budget and Appropriations,Derived from LIS bill summary,124,111,10,121,YES,91.73553719008265,8.264462809917356
2025,H0374,Marty Martinez,D,Budget and Appropriations,Derived from LIS bill summary,120,110,10,120,YES,91.66666666666666,8.333333333333332
2025,H0360,Michael B. Feggans,D,Budget and Appropriations,Derived from LIS bill summary,122,110,10,120,YES,91.66666666666666,8.333333333333332
2025,H0336,Nadarius E. Clark,D,Budget and Appropriations,Derived from LIS bill summary,130,117,11,128,YES,91.40625,8.59375
2025,H0305,Kathy K.L. Tran,D,Budget and Appropriations,Derived from LIS bill summary,139,127,12,139,YES,91.36690647482014,8.633093525179856
2025,H0284,"Marcia S. ""Cia"" Price",D,Budget and Appropriations,Derived from LIS bill summary,128,116,11,127,YES,91.33858267716536,8.661417322834646
2025,H0314,Joshua G. Cole,D,Budget and Appropriations,Derived from LIS bill summary,131,113,11,124,YES,91.12903225806451,8.870967741935484
2025,H0382,Joshua E. Thomas,D,Budget and Appropriations,Derived from LIS bill summary,128,111,13,124,YES,89.51612903225806,10.483870967741936
2025,H0206,Barry D. Knight,R,Budget and Appropriations,Derived from LIS bill summary,125,19,3,22,YES,86.36363636363636,13.636363636363635
2025,H0372,Destiny LeVere Bolling,D,Budget and Appropriations,Derived from LIS bill summary,130,52,9,61,YES,85.24590163934425,14.754098360655737
2025,H0150,"Daniel W. Marshall, III",R,Budget and Appropriations,Derived from LIS bill summary,144,20,5,25,YES,80.0,20.0
2025,H0311,Alex Q. Askew,D,Business and Commerce,Derived from LIS bill description,8,8,0,8,INSUFFICIENT DATA,100.0,0.0
2025,H0380,Atoosa R. Reaser,D,Business and Commerce,Derived from LIS bill description,8,8,0,8,INSUFFICIENT DATA,100.0,0.0
2025,H0353,Bonita G. Anthony,D,Business and Commerce,Derived from LIS bill description,8,8,0,8,INSUFFICIENT DATA,100.0,0.0
2025,H0343,Briana D. Sewell,D,Business and Commerce,Derived from LIS bill description,8,8,0,8,INSUFFICIENT DATA,100.0,0.0
2025,H0285,"C.E. Cliff Hayes, Jr.",D,Business and Commerce,Derived from LIS bill description,9,8,0,8,INSUFFICIENT DATA,100.0,0.0
2025,H0330,Candi Mundon King,D,Business and Commerce,Derived from LIS bill description,8,8,0,8,INSUFFICIENT DATA,100.0,0.0
2025,H0150,"Daniel W. Marshall, III",R,Business and Commerce,Derived from LIS bill description,10,2,0,2,INSUFFICIENT DATA,100.0,0.0
2025,H0301,David A. Reid,D,Business and Commerce,Derived from LIS bill description,8,8,0,8,INSUFFICIENT DATA,100.0,0.0
2025,H0361,Debra D. Gardner,D,Business and Commerce,Derived from LIS bill description,8,5,0,5,INSUFFICIENT DATA,100.0,0.0
2025,H0207,Delores L. McQuinn,D,Business and Commerce,Derived from LIS bill description,8,7,0,7,INSUFFICIENT DATA,100.0,0.0
2025,H0372,Destiny LeVere Bolling,D,Business and Commerce,Derived from LIS bill description,9,9,0,9,INSUFFICIENT DATA,100.0,0.0
2025,H0322,Don Scott,D,Business and Commerce,Derived from LIS bill description,9,9,0,9,INSUFFICIENT DATA,100.0,0.0
2025,H0344,Irene Shin,D,Business and Commerce,Derived from LIS bill description,8,8,0,8,INSUFFICIENT DATA,100.0,0.0
2025,H0385,JJ Singh,D,Business and Commerce,Derived from LIS bill description,8,8,0,8,INSUFFICIENT DATA,100.0,0.0
2025,H0173,Jeion A. Ward,D,Business and Commerce,Derived from LIS bill description,10,9,0,9,INSUFFICIENT DATA,100.0,0.0
2025,H0370,Karen Keys-Gamarra,D,Business and Commerce,Derived from LIS bill description,8,8,0,8,INSUFFICIENT DATA,100.0,0.0
2025,H0354,Katrina Callsen,D,Business and Commerce,Derived from LIS bill description,8,8,0,8,INSUFFICIENT DATA,100.0,0.0
2025,H0295,Kelly K. Convirs-Fowler,D,Business and Commerce,Derived from LIS bill description,9,9,0,9,INSUFFICIENT DATA,100.0,0.0
2025,H0355,Laura Jane Cohen,D,Business and Commerce,Derived from LIS bill description,8,8,0,8,INSUFFICIENT DATA,100.0,0.0
2025,H0172,Mark D. Sickles,D,Business and Commerce,Derived from LIS bill description,9,9,0,9,INSUFFICIENT DATA,100.0,0.0
2025,H0374,Marty Martinez,D,Business and Commerce,Derived from LIS bill description,8,8,0,8,INSUFFICIENT DATA,100.0,0.0
2025,H0360,Michael B. Feggans,D,Business and Commerce,Derived from LIS bill description,9,9,0,9,INSUFFICIENT DATA,100.0,0.0
2025,H0368,Michael J. Jones,D,Business and Commerce,Derived from LIS bill description,8,6,0,6,INSUFFICIENT DATA,100.0,0.0
2025,H0340,Michelle Lopes Maldonado,D,Business and Commerce,Derived from LIS bill description,8,8,0,8,INSUFFICIENT DATA,100.0,0.0
2025,H0336,Nadarius E. Clark,D,Business and Commerce,Derived from LIS bill description,10,9,0,9,INSUFFICIENT DATA,100.0,0.0
2025,H0219,Patrick A. Hope,D,Business and Commerce,Derived from LIS bill description,8,8,0,8,INSUFFICIENT DATA,100.0,0.0
2025,H0356,Rae Cousins,D,Business and Commerce,Derived from LIS bill description,8,8,0,8,INSUFFICIENT DATA,100.0,0.0
2025,H0269,"Richard C. ""Rip"" Sullivan, Jr.",D,Business and Commerce,Derived from LIS bill description,9,9,0,9,INSUFFICIENT DATA,100.0,0.0
2025,H0365,"Rozia A. Henson, Jr.",D,Business and Commerce,Derived from LIS bill description,8,8,0,8,INSUFFICIENT DATA,100.0,0.0
2025,H0266,Sam Rasoul,D,Business and Commerce,Derived from LIS bill description,8,7,0,7,INSUFFICIENT DATA,100.0,0.0
2025,H0323,Shelly A. Simonds,D,Business and Commerce,Derived from LIS bill description,9,9,0,9,INSUFFICIENT DATA,100.0,0.0
2025,H0108,Vivian E. Watts,D,Business and Commerce,Derived from LIS bill description,9,9,0,9,INSUFFICIENT DATA,100.0,0.0
2025,H0346,Kim A. Taylor,R,Business and Commerce,Derived from LIS bill description,8,6,1,7,INSUFFICIENT DATA,85.71428571428571,14.285714285714285
2025,H0358,"Mark L. Earley, Jr.",R,Business and Commerce,Derived from LIS bill description,8,6,1,7,INSUFFICIENT DATA,85.71428571428571,14.285714285714285
2025,H0181,C. Todd Gilbert,R,Business and Commerce,Derived from LIS bill description,9,7,2,9,INSUFFICIENT DATA,77.77777777777779,22.22222222222222
2025,H0369,Hillary Pugh Kent,R,Business and Commerce,Derived from LIS bill description,9,7,2,9,INSUFFICIENT DATA,77.77777777777779,22.22222222222222
2025,H0073,"Robert D. Orrock, Sr.",R,Business and Commerce,Derived from LIS bill description,9,7,2,9,INSUFFICIENT DATA,77.77777777777779,22.22222222222222
2025,H0056,Terry G. Kilgore,R,Business and Commerce,Derived from LIS bill description,9,7,2,9,INSUFFICIENT DATA,77.77777777777779,22.22222222222222
2025,H0136,"Thomas C. Wright, Jr.",R,Business and Commerce,Derived from LIS bill description,9,7,2,9,INSUFFICIENT DATA,77.77777777777779,22.22222222222222
2025,H0337,A.C. Cordoza,R,Business and Commerce,Derived from LIS bill description,8,6,2,8,INSUFFICIENT DATA,75.0,25.0
2025,H0313,Amanda E. Batten,R,Business and Commerce,Derived from LIS bill description,8,6,2,8,INSUFFICIENT DATA,75.0,25.0
2025,H0345,Anne Ferrell Tata,R,Business and Commerce,Derived from LIS bill description,8,6,2,8,INSUFFICIENT DATA,75.0,25.0
2025,H0378,Chris Obenshain,R,Business and Commerce,Derived from LIS bill description,8,6,2,8,INSUFFICIENT DATA,75.0,25.0
2025,H0379,David Owen,R,Business and Commerce,Derived from LIS bill description,8,6,2,8,INSUFFICIENT DATA,75.0,25.0
2025,H0377,Delores Oates,R,Business and Commerce,Derived from LIS bill description,8,6,2,8,INSUFFICIENT DATA,75.0,25.0
2025,H0367,Geary Higgins,R,Business and Commerce,Derived from LIS bill description,8,6,2,8,INSUFFICIENT DATA,75.0,25.0
2025,H0347,"H. Otto Wachsmann, Jr.",R,Business and Commerce,Derived from LIS bill description,8,6,2,8,INSUFFICIENT DATA,75.0,25.0
2025,H0373,Ian T. Lovejoy,R,Business and Commerce,Derived from LIS bill description,8,6,2,8,INSUFFICIENT DATA,75.0,25.0
2025,H0242,Israel D. O'Quinn,R,Business and Commerce,Derived from LIS bill description,9,6,2,8,INSUFFICIENT DATA,75.0,25.0
2025,H0308,Joseph P. McNamara,R,Business and Commerce,Derived from LIS bill description,8,6,2,8,INSUFFICIENT DATA,75.0,25.0
2025,H0238,M. Keith Hodges,R,Business and Commerce,Derived from LIS bill description,8,6,2,8,INSUFFICIENT DATA,75.0,25.0
2025,H0335,Mike A. Cherry,R,Business and Commerce,Derived from LIS bill description,8,6,2,8,INSUFFICIENT DATA,75.0,25.0
2025,H0359,N. Baxter Ennis,R,Business and Commerce,Derived from LIS bill description,8,6,2,8,INSUFFICIENT DATA,75.0,25.0
2025,H0279,Nicholas J. Freitas,R,Business and Commerce,Derived from LIS bill description,8,6,2,8,INSUFFICIENT DATA,75.0,25.0
2025,H0342,Phillip A. Scott,R,Business and Commerce,Derived from LIS bill description,8,6,2,8,INSUFFICIENT DATA,75.0,25.0
2025,H0328,Scott A. Wyatt,R,Business and Commerce,Derived from LIS bill description,8,6,2,8,INSUFFICIENT DATA,75.0,25.0
2025,H0363,W. Chad Green,R,Business and Commerce,Derived from LIS bill description,8,6,2,8,INSUFFICIENT DATA,75.0,25.0
2025,H0325,Wendell S. Walker,R,Business and Commerce,Derived from LIS bill description,8,6,2,8,INSUFFICIENT DATA,75.0,25.0
2025,H0357,Will Davis,R,Business and Commerce,Derived from LIS bill description,8,6,2,8,INSUFFICIENT DATA,75.0,25.0
2025,H0348,Wren M. Williams,R,Business and Commerce,Derived from LIS bill description,8,6,2,8,INSUFFICIENT DATA,75.0,25.0
2025,H0384,Eric Phillips,R,Business and Commerce,Derived from LIS bill description,8,5,2,7,INSUFFICIENT DATA,71.42857142857143,28.57142857142857
2025,H0376,Paul V. Milde,R,Business and Commerce,Derived from LIS bill description,8,5,2,7,INSUFFICIENT DATA,71.42857142857143,28.57142857142857
2025,H0362,"Thomas A. Garrett, Jr.",R,Business and Commerce,Derived from LIS bill description,8,5,2,7,INSUFFICIENT DATA,71.42857142857143,28.57142857142857
2025,H0333,Jason S. Ballard,R,Business and Commerce,Derived from LIS bill description,9,6,3,9,INSUFFICIENT DATA,66.66666666666666,33.33333333333333
2025,H0383,Eric R. Zehr,R,Business and Commerce,Derived from LIS bill description,8,5,3,8,INSUFFICIENT DATA,62.5,37.5
2025,H0224,James W. Morefield,R,Business and Commerce,Derived from LIS bill description,11,5,4,9,INSUFFICIENT DATA,55.55555555555556,44.44444444444444
2025,H0124,R. Lee Ware,R,Business and Commerce,Derived from LIS bill description,9,5,4,9,INSUFFICIENT DATA,55.55555555555556,44.44444444444444
2025,H0364,Timothy P. Griffin,R,Business and Commerce,Derived from LIS bill description,8,4,4,8,INSUFFICIENT DATA,50.0,50.0
2025,H0206,Barry D. Knight,R,Business and Commerce,Derived from LIS bill description,11,0,0,0,INSUFFICIENT DATA,0.0,0.0
2025,H0359,N. Baxter Ennis,R,Business and Commerce,Derived from LIS bill summary,59,36,20,56,MIXED,64.28571428571429,35.714285714285715
2025,H0350,Ellen H. Campbell,R,Business and Commerce,Derived from LIS bill summary,84,52,29,81,MIXED,64.19753086419753,35.80246913580247
2025,H0321,Chris S. Runion,R,Business and Commerce,Derived from LIS bill description,11,7,4,11,MIXED,63.63636363636363,36.36363636363637
2025,H0262,"James A. ""Jay"" Leftwich",R,Business and Commerce,Derived from LIS bill description,11,7,4,11,MIXED,63.63636363636363,36.36363636363637
2025,H0352,"Jonathan ""Jed"" Arnold",R,Business and Commerce,Derived from LIS bill description,12,7,4,11,MIXED,63.63636363636363,36.36363636363637
2025,H0073,"Robert D. Orrock, Sr.",R,Business and Commerce,Derived from LIS bill summary,62,37,23,60,MIXED,61.66666666666667,38.333333333333336
2025,H0253,Terry L. Austin,R,Business and Commerce,Derived from LIS bill description,13,8,5,13,MIXED,61.53846153846154,38.46153846153847
2025,H0350,Ellen H. Campbell,R,Business and Commerce,Derived from LIS bill description,11,6,4,10,MIXED,60.0,40.0
2025,H0363,W. Chad Green,R,Business and Commerce,Derived from LIS bill summary,59,35,24,59,MIXED,59.32203389830508,40.67796610169492
2025,H0267,"Robert S. Bloxom, Jr.",R,Business and Commerce,Derived from LIS bill summary,84,49,34,83,MIXED,59.036144578313255,40.963855421686745
2025,H0345,Anne Ferrell Tata,R,Business and Commerce,Derived from LIS bill summary,71,41,30,71,MIXED,57.74647887323944,42.25352112676056
2025,H0262,"James A. ""Jay"" Leftwich",R,Business and Commerce,Derived from LIS bill summary,73,42,31,73,MIXED,57.534246575342465,42.465753424657535
2025,H0328,Scott A. Wyatt,R,Business and Commerce,Derived from LIS bill summary,62,35,26,61,MIXED,57.377049180327866,42.62295081967213
2025,H0259,"Hyland F. ""Buddy"" Fowler, Jr.",R,Business and Commerce,Derived from LIS bill summary,82,44,34,78,MIXED,56.41025641025641,43.58974358974359
2025,H0238,M. Keith Hodges,R,Business and Commerce,Derived from LIS bill summary,69,37,31,68,MIXED,54.41176470588235,45.588235294117645
2025,H0376,Paul V. Milde,R,Business and Commerce,Derived from LIS bill summary,53,28,24,52,MIXED,53.84615384615385,46.15384615384615
2025,H0352,"Jonathan ""Jed"" Arnold",R,Business and Commerce,Derived from LIS bill summary,70,37,32,69,MIXED,53.62318840579711,46.3768115942029
2025,H0378,Chris Obenshain,R,Business and Commerce,Derived from LIS bill summary,56,30,26,56,MIXED,53.57142857142857,46.42857142857143
2025,H0379,David Owen,R,Business and Commerce,Derived from LIS bill summary,56,30,26,56,MIXED,53.57142857142857,46.42857142857143
2025,H0150,"Daniel W. Marshall, III",R,Business and Commerce,Derived from LIS bill summary,73,10,9,19,MIXED,52.63157894736842,47.368421052631575
2025,H0325,Wendell S. Walker,R,Business and Commerce,Derived from LIS bill summary,61,32,29,61,MIXED,52.459016393442624,47.540983606557376
2025,H0124,R. Lee Ware,R,Business and Commerce,Derived from LIS bill summary,63,33,30,63,MIXED,52.38095238095239,47.61904761904761
2025,H0384,Eric Phillips,R,Business and Commerce,Derived from LIS bill summary,55,28,26,54,MIXED,51.85185185185185,48.148148148148145
2025,H0369,Hillary Pugh Kent,R,Business and Commerce,Derived from LIS bill summary,60,31,29,60,MIXED,51.66666666666667,48.333333333333336
2025,H0333,Jason S. Ballard,R,Business and Commerce,Derived from LIS bill summary,64,33,31,64,MIXED,51.5625,48.4375
2025,H0347,"H. Otto Wachsmann, Jr.",R,Business and Commerce,Derived from LIS bill summary,58,29,28,57,MIXED,50.877192982456144,49.122807017543856
2025,H0358,"Mark L. Earley, Jr.",R,Business and Commerce,Derived from LIS bill summary,61,30,29,59,MIXED,50.847457627118644,49.152542372881356
2025,H0357,Will Davis,R,Business and Commerce,Derived from LIS bill summary,61,31,30,61,MIXED,50.81967213114754,49.18032786885246
2025,H0373,Ian T. Lovejoy,R,Business and Commerce,Derived from LIS bill summary,62,29,31,60,MIXED,48.333333333333336,51.66666666666667
2025,H0335,Mike A. Cherry,R,Business and Commerce,Derived from LIS bill summary,60,29,31,60,MIXED,48.333333333333336,51.66666666666667
2025,H0367,Geary Higgins,R,Business and Commerce,Derived from LIS bill summary,57,27,29,56,MIXED,48.214285714285715,51.78571428571429
2025,H0056,Terry G. Kilgore,R,Business and Commerce,Derived from LIS bill summary,68,32,35,67,MIXED,47.76119402985074,52.23880597014925
2025,H0346,Kim A. Taylor,R,Business and Commerce,Derived from LIS bill summary,58,26,29,55,MIXED,47.27272727272727,52.72727272727272
2025,H0267,"Robert S. Bloxom, Jr.",R,Business and Commerce,Derived from LIS bill description,13,6,7,13,MIXED,46.15384615384615,53.84615384615385
2025,H0337,A.C. Cordoza,R,Business and Commerce,Derived from LIS bill summary,62,28,34,62,MIXED,45.16129032258064,54.83870967741935
2025,H0136,"Thomas C. Wright, Jr.",R,Business and Commerce,Derived from LIS bill summary,59,24,30,54,MIXED,44.44444444444444,55.55555555555556
2025,H0247,Michael J. Webert,R,Business and Commerce,Derived from LIS bill summary,73,31,39,70,MIXED,44.285714285714285,55.714285714285715
2025,H0231,Tony O. Wilt,R,Business and Commerce,Derived from LIS bill summary,69,30,39,69,MIXED,43.47826086956522,56.52173913043478
2025,H0242,Israel D. O'Quinn,R,Business and Commerce,Derived from LIS bill summary,67,28,37,65,MIXED,43.07692307692308,56.92307692307692
2025,H0377,Delores Oates,R,Business and Commerce,Derived from LIS bill summary,59,25,34,59,MIXED,42.3728813559322,57.6271186440678
2025,H0383,Eric R. Zehr,R,Business and Commerce,Derived from LIS bill summary,59,25,34,59,MIXED,42.3728813559322,57.6271186440678
2025,H0362,"Thomas A. Garrett, Jr.",R,Business and Commerce,Derived from LIS bill summary,65,25,35,60,MIXED,41.66666666666667,58.333333333333336
2025,H0342,Phillip A. Scott,R,Business and Commerce,Derived from LIS bill summary,59,23,33,56,MIXED,41.07142857142857,58.92857142857143
2025,H0313,Amanda E. Batten,R,Business and Commerce,Derived from LIS bill summary,63,25,38,63,MIXED,39.682539682539684,60.317460317460316
2025,H0321,Chris S. Runion,R,Business and Commerce,Derived from LIS bill summary,76,30,46,76,MIXED,39.473684210526315,60.526315789473685
2025,H0279,Nicholas J. Freitas,R,Business and Commerce,Derived from LIS bill summary,70,24,39,63,MIXED,38.095238095238095,61.904761904761905
2025,H0308,Joseph P. McNamara,R,Business and Commerce,Derived from LIS bill summary,79,30,49,79,MIXED,37.9746835443038,62.0253164556962
2025,H0181,C. Todd Gilbert,R,Business and Commerce,Derived from LIS bill summary,71,26,43,69,MIXED,37.68115942028986,62.31884057971014
2025,H0348,Wren M. Williams,R,Business and Commerce,Derived from LIS bill summary,67,25,42,67,MIXED,37.3134328358209,62.68656716417911
2025,H0364,Timothy P. Griffin,R,Business and Commerce,Derived from LIS bill summary,58,21,37,58,MIXED,36.206896551724135,63.793103448275865
2025,H0375,Adele Y. McClure,D,Business and Commerce,Derived from LIS bill description,12,12,0,12,YES,100.0,0.0
2025,H0239,Alfonso H. Lopez,D,Business and Commerce,Derived from LIS bill description,11,10,0,10,YES,100.0,0.0
2025,H0371,Amy J. Laufer,D,Business and Commerce,Derived from LIS bill description,10,10,0,10,YES,100.0,0.0
2025,H0212,Betsy B. Carr,D,Business and Commerce,Derived from LIS bill description,14,14,0,14,YES,100.0,0.0
2025,H0208,Charniele L. Herring,D,Business and Commerce,Derived from LIS bill description,10,10,0,10,YES,100.0,0.0
2025,H0317,Dan I. Helmer,D,Business and Commerce,Derived from LIS bill description,12,12,0,12,YES,100.0,0.0
2025,H0177,David L. Bulova,D,Business and Commerce,Derived from LIS bill description,14,12,0,12,YES,100.0,0.0
2025,H0334,Elizabeth B. Bennett-Parker,D,Business and Commerce,Derived from LIS bill description,12,12,0,12,YES,100.0,0.0
2025,H0351,Holly M. Seibold,D,Business and Commerce,Derived from LIS bill description,11,10,0,10,YES,100.0,0.0
2025,H0349,Jackie H. Glass,D,Business and Commerce,Derived from LIS bill description,10,10,0,10,YES,100.0,0.0
2025,H0382,Joshua E. Thomas,D,Business and Commerce,Derived from LIS bill description,12,12,0,12,YES,100.0,0.0
2025,H0314,Joshua G. Cole,D,Business and Commerce,Derived from LIS bill description,12,12,0,12,YES,100.0,0.0
2025,H0294,Karrie K. Delaney,D,Business and Commerce,Derived from LIS bill description,12,12,0,12,YES,100.0,0.0
2025,H0305,Kathy K.L. Tran,D,Business and Commerce,Derived from LIS bill description,10,10,0,10,YES,100.0,0.0
2025,H0227,Luke E. Torian,D,Business and Commerce,Derived from LIS bill description,12,12,0,12,YES,100.0,0.0
2025,H0284,"Marcia S. ""Cia"" Price",D,Business and Commerce,Derived from LIS bill description,12,12,0,12,YES,100.0,0.0
2025,H0264,Marcus B. Simon,D,Business and Commerce,Derived from LIS bill description,14,14,0,14,YES,100.0,0.0
2025,H0281,Paul E. Krizek,D,Business and Commerce,Derived from LIS bill description,12,12,0,12,YES,100.0,0.0
2025,H0366,Phil M. Hernandez,D,Business and Commerce,Derived from LIS bill description,10,10,0,10,YES,100.0,0.0
2025,H0327,Rodney T. Willett,D,Business and Commerce,Derived from LIS bill description,10,10,0,10,YES,100.0,0.0
2025,H0368,Michael J. Jones,D,Business and Commerce,Derived from LIS bill summary,72,58,1,59,YES,98.30508474576271,1.694915254237288
2025,H0294,Karrie K. Delaney,D,Business and Commerce,Derived from LIS bill summary,84,81,3,84,YES,96.42857142857143,3.571428571428571
2025,H0375,Adele Y. McClure,D,Business and Commerce,Derived from LIS bill summary,82,79,3,82,YES,96.34146341463415,3.6585365853658534
2025,H0351,Holly M. Seibold,D,Business and Commerce,Derived from LIS bill summary,83,77,3,80,YES,96.25,3.75
2025,H0334,Elizabeth B. Bennett-Parker,D,Business and Commerce,Derived from LIS bill summary,79,72,3,75,YES,96.0,4.0
2025,H0344,Irene Shin,D,Business and Commerce,Derived from LIS bill summary,75,71,3,74,YES,95.94594594594594,4.054054054054054
2025,H0208,Charniele L. Herring,D,Business and Commerce,Derived from LIS bill summary,73,70,3,73,YES,95.8904109589041,4.10958904109589
2025,H0173,Jeion A. Ward,D,Business and Commerce,Derived from LIS bill summary,82,70,3,73,YES,95.8904109589041,4.10958904109589
2025,H0317,Dan I. Helmer,D,Business and Commerce,Derived from LIS bill summary,72,69,3,72,YES,95.83333333333334,4.166666666666666
2025,H0311,Alex Q. Askew,D,Business and Commerce,Derived from LIS bill summary,72,68,3,71,YES,95.77464788732394,4.225352112676056
2025,H0343,Briana D. Sewell,D,Business and Commerce,Derived from LIS bill summary,72,68,3,71,YES,95.77464788732394,4.225352112676056
2025,H0372,Destiny LeVere Bolling,D,Business and Commerce,Derived from LIS bill summary,74,68,3,71,YES,95.77464788732394,4.225352112676056
2025,H0354,Katrina Callsen,D,Business and Commerce,Derived from LIS bill summary,71,68,3,71,YES,95.77464788732394,4.225352112676056
2025,H0371,Amy J. Laufer,D,Business and Commerce,Derived from LIS bill summary,71,67,3,70,YES,95.71428571428572,4.285714285714286
2025,H0340,Michelle Lopes Maldonado,D,Business and Commerce,Derived from LIS bill summary,69,66,3,69,YES,95.65217391304348,4.3478260869565215
2025,H0370,Karen Keys-Gamarra,D,Business and Commerce,Derived from LIS bill summary,68,65,3,68,YES,95.58823529411765,4.411764705882353
2025,H0366,Phil M. Hernandez,D,Business and Commerce,Derived from LIS bill summary,68,65,3,68,YES,95.58823529411765,4.411764705882353
2025,H0108,Vivian E. Watts,D,Business and Commerce,Derived from LIS bill summary,70,65,3,68,YES,95.58823529411765,4.411764705882353
2025,H0285,"C.E. Cliff Hayes, Jr.",D,Business and Commerce,Derived from LIS bill summary,73,64,3,67,YES,95.52238805970148,4.477611940298507
2025,H0266,Sam Rasoul,D,Business and Commerce,Derived from LIS bill summary,71,64,3,67,YES,95.52238805970148,4.477611940298507
2025,H0172,Mark D. Sickles,D,Business and Commerce,Derived from LIS bill summary,66,63,3,66,YES,95.45454545454545,4.545454545454546
2025,H0380,Atoosa R. Reaser,D,Business and Commerce,Derived from LIS bill summary,64,61,3,64,YES,95.3125,4.6875
2025,H0356,Rae Cousins,D,Business and Commerce,Derived from LIS bill summary,65,61,3,64,YES,95.3125,4.6875
2025,H0295,Kelly K. Convirs-Fowler,D,Business and Commerce,Derived from LIS bill summary,67,60,3,63,YES,95.23809523809523,4.761904761904762
2025,H0327,Rodney T. Willett,D,Business and Commerce,Derived from LIS bill summary,63,60,3,63,YES,95.23809523809523,4.761904761904762
2025,H0374,Marty Martinez,D,Business and Commerce,Derived from LIS bill summary,62,59,3,62,YES,95.16129032258065,4.838709677419355
2025,H0281,Paul E. Krizek,D,Business and Commerce,Derived from LIS bill summary,82,78,4,82,YES,95.1219512195122,4.878048780487805
2025,H0353,Bonita G. Anthony,D,Business and Commerce,Derived from LIS bill summary,61,58,3,61,YES,95.08196721311475,4.918032786885246
2025,H0361,Debra D. Gardner,D,Business and Commerce,Derived from LIS bill summary,64,58,3,61,YES,95.08196721311475,4.918032786885246
2025,H0269,"Richard C. ""Rip"" Sullivan, Jr.",D,Business and Commerce,Derived from LIS bill summary,83,77,4,81,YES,95.06172839506173,4.938271604938271
2025,H0301,David A. Reid,D,Business and Commerce,Derived from LIS bill summary,59,56,3,59,YES,94.91525423728814,5.084745762711865
2025,H0207,Delores L. McQuinn,D,Business and Commerce,Derived from LIS bill summary,68,55,3,58,YES,94.82758620689656,5.172413793103448
2025,H0239,Alfonso H. Lopez,D,Business and Commerce,Derived from LIS bill summary,81,73,4,77,YES,94.8051948051948,5.194805194805195
2025,H0322,Don Scott,D,Business and Commerce,Derived from LIS bill summary,57,54,3,57,YES,94.73684210526315,5.263157894736842
2025,H0227,Luke E. Torian,D,Business and Commerce,Derived from LIS bill summary,81,72,4,76,YES,94.73684210526315,5.263157894736842
2025,H0219,Patrick A. Hope,D,Business and Commerce,Derived from LIS bill summary,59,52,3,55,YES,94.54545454545455,5.454545454545454
2025,H0323,Shelly A. Simonds,D,Business and Commerce,Derived from LIS bill summary,72,68,4,72,YES,94.44444444444444,5.555555555555555
2025,H0336,Nadarius E. Clark,D,Business and Commerce,Derived from LIS bill summary,72,67,4,71,YES,94.36619718309859,5.633802816901409
2025,H0385,JJ Singh,D,Business and Commerce,Derived from LIS bill summary,54,50,3,53,YES,94.33962264150944,5.660377358490567
2025,H0212,Betsy B. Carr,D,Business and Commerce,Derived from LIS bill summary,88,82,5,87,YES,94.25287356321839,5.747126436781609
2025,H0355,Laura Jane Cohen,D,Business and Commerce,Derived from LIS bill summary,63,59,4,63,YES,93.65079365079364,6.349206349206349
2025,H0314,Joshua G. Cole,D,Business and Commerce,Derived from LIS bill summary,81,72,5,77,YES,93.5064935064935,6.493506493506493
2025,H0360,Michael B. Feggans,D,Business and Commerce,Derived from LIS bill summary,65,57,4,61,YES,93.44262295081968,6.557377049180328
2025,H0365,"Rozia A. Henson, Jr.",D,Business and Commerce,Derived from LIS bill summary,60,56,4,60,YES,93.33333333333333,6.666666666666667
2025,H0349,Jackie H. Glass,D,Business and Commerce,Derived from LIS bill summary,61,55,4,59,YES,93.22033898305084,6.779661016949152
2025,H0330,Candi Mundon King,D,Business and Commerce,Derived from LIS bill summary,78,68,5,73,YES,93.15068493150685,6.8493150684931505
2025,H0284,"Marcia S. ""Cia"" Price",D,Business and Commerce,Derived from LIS bill summary,70,63,6,69,YES,91.30434782608695,8.695652173913043
2025,H0177,David L. Bulova,D,Business and Commerce,Derived from LIS bill summary,93,70,8,78,YES,89.74358974358975,10.256410256410255
2025,H0264,Marcus B. Simon,D,Business and Commerce,Derived from LIS bill summary,84,74,10,84,YES,88.09523809523809,11.904761904761903
2025,H0382,Joshua E. Thomas,D,Business and Commerce,Derived from LIS bill summary,72,62,9,71,YES,87.32394366197182,12.676056338028168
2025,H0305,Kathy K.L. Tran,D,Business and Commerce,Derived from LIS bill summary,66,57,9,66,YES,86.36363636363636,13.636363636363635
2025,H0247,Michael J. Webert,R,Business and Commerce,Derived from LIS bill description,11,9,2,11,YES,81.81818181818183,18.181818181818183
2025,H0315,Carrie E. Coyner,R,Business and Commerce,Derived from LIS bill description,14,8,2,10,YES,80.0,20.0
2025,H0231,Tony O. Wilt,R,Business and Commerce,Derived from LIS bill description,10,8,2,10,YES,80.0,20.0
2025,H0259,"Hyland F. ""Buddy"" Fowler, Jr.",R,Business and Commerce,Derived from LIS bill description,13,9,3,12,YES,75.0,25.0
2025,H0253,Terry L. Austin,R,Business and Commerce,Derived from LIS bill summary,80,54,26,80,YES,67.5,32.5
2025,H0315,Carrie E. Coyner,R,Business and Commerce,Derived from LIS bill summary,95,51,25,76,YES,67.10526315789474,32.89473684210527
2025,H0329,Bill Wiley,R,Business and Commerce,Derived from LIS bill description,12,8,4,12,YES,66.66666666666666,33.33333333333333
2025,H0329,Bill Wiley,R,Business and Commerce,Derived from LIS bill summary,81,54,27,81,YES,66.66666666666666,33.33333333333333
2025,H0224,James W. Morefield,R,Business and Commerce,Derived from LIS bill summary,77,47,25,72,YES,65.27777777777779,34.72222222222222
2025,H0206,Barry D. Knight,R,Business and Commerce,Derived from LIS bill summary,69,15,8,23,YES,65.21739130434783,34.78260869565217
2025,H0212,Betsy B. Carr,D,Commendations and Commemorations,Derived from LIS bill description,1,1,0,1,INSUFFICIENT DATA,100.0,0.0
2025,H0181,C. Todd Gilbert,R,Commendations and Commemorations,Derived from LIS bill description,1,1,0,1,INSUFFICIENT DATA,100.0,0.0
2025,H0285,"C.E. Cliff Hayes, Jr.",D,Commendations and Commemorations,Derived from LIS bill description,1,1,0,1,INSUFFICIENT DATA,100.0,0.0
2025,H0315,Carrie E. Coyner,R,Commendations and Commemorations,Derived from LIS bill description,1,1,0,1,INSUFFICIENT DATA,100.0,0.0
2025,H0208,Charniele L. Herring,D,Commendations and Commemorations,Derived from LIS bill description,1,1,0,1,INSUFFICIENT DATA,100.0,0.0
2025,H0317,Dan I. Helmer,D,Commendations and Commemorations,Derived from LIS bill description,1,1,0,1,INSUFFICIENT DATA,100.0,0.0
2025,H0322,Don Scott,D,Commendations and Commemorations,Derived from LIS bill description,1,1,0,1,INSUFFICIENT DATA,100.0,0.0
2025,H0242,Israel D. O'Quinn,R,Commendations and Commemorations,Derived from LIS bill description,1,1,0,1,INSUFFICIENT DATA,100.0,0.0
2025,H0173,Jeion A. Ward,D,Commendations and Commemorations,Derived from LIS bill description,1,1,0,1,INSUFFICIENT DATA,100.0,0.0
2025,H0305,Kathy K.L. Tran,D,Commendations and Commemorations,Derived from LIS bill description,1,1,0,1,INSUFFICIENT DATA,100.0,0.0
2025,H0227,Luke E. Torian,D,Commendations and Commemorations,Derived from LIS bill description,1,1,0,1,INSUFFICIENT DATA,100.0,0.0
2025,H0264,Marcus B. Simon,D,Commendations and Commemorations,Derived from LIS bill description,1,1,0,1,INSUFFICIENT DATA,100.0,0.0
2025,H0172,Mark D. Sickles,D,Commendations and Commemorations,Derived from LIS bill description,1,1,0,1,INSUFFICIENT DATA,100.0,0.0
2025,H0247,Michael J. Webert,R,Commendations and Commemorations,Derived from LIS bill description,1,1,0,1,INSUFFICIENT DATA,100.0,0.0
2025,H0269,"Richard C. ""Rip"" Sullivan, Jr.",D,Commendations and Commemorations,Derived from LIS bill description,1,1,0,1,INSUFFICIENT DATA,100.0,0.0
2025,H0056,Terry G. Kilgore,R,Commendations and Commemorations,Derived from LIS bill description,1,1,0,1,INSUFFICIENT DATA,100.0,0.0
2025,H0253,Terry L. Austin,R,Commendations and Commemorations,Derived from LIS bill description,1,1,0,1,INSUFFICIENT DATA,100.0,0.0
2025,H0108,Vivian E. Watts,D,Commendations and Commemorations,Derived from LIS bill description,1,1,0,1,INSUFFICIENT DATA,100.0,0.0
2025,H0375,Adele Y. McClure,D,Constitutional Amendments,Derived from LIS bill description,4,4,0,4,INSUFFICIENT DATA,100.0,0.0
2025,H0375,Adele Y. McClure,D,Constitutional Amendments,Official LIS subject,5,5,0,5,INSUFFICIENT DATA,100.0,0.0
2025,H0311,Alex Q. Askew,D,Constitutional Amendments,Derived from LIS bill description,4,4,0,4,INSUFFICIENT DATA,100.0,0.0
2025,H0311,Alex Q. Askew,D,Constitutional Amendments,Official LIS subject,5,5,0,5,INSUFFICIENT DATA,100.0,0.0
2025,H0239,Alfonso H. Lopez,D,Constitutional Amendments,Derived from LIS bill description,4,4,0,4,INSUFFICIENT DATA,100.0,0.0
2025,H0239,Alfonso H. Lopez,D,Constitutional Amendments,Official LIS subject,5,5,0,5,INSUFFICIENT DATA,100.0,0.0
2025,H0371,Amy J. Laufer,D,Constitutional Amendments,Derived from LIS bill description,4,4,0,4,INSUFFICIENT DATA,100.0,0.0
2025,H0371,Amy J. Laufer,D,Constitutional Amendments,Official LIS subject,5,5,0,5,INSUFFICIENT DATA,100.0,0.0
2025,H0380,Atoosa R. Reaser,D,Constitutional Amendments,Derived from LIS bill description,4,4,0,4,INSUFFICIENT DATA,100.0,0.0
2025,H0380,Atoosa R. Reaser,D,Constitutional Amendments,Official LIS subject,5,5,0,5,INSUFFICIENT DATA,100.0,0.0
2025,H0212,Betsy B. Carr,D,Constitutional Amendments,Derived from LIS bill description,4,4,0,4,INSUFFICIENT DATA,100.0,0.0
2025,H0212,Betsy B. Carr,D,Constitutional Amendments,Official LIS subject,5,5,0,5,INSUFFICIENT DATA,100.0,0.0
2025,H0353,Bonita G. Anthony,D,Constitutional Amendments,Derived from LIS bill description,9,9,0,9,INSUFFICIENT DATA,100.0,0.0
2025,H0353,Bonita G. Anthony,D,Constitutional Amendments,Official LIS subject,8,8,0,8,INSUFFICIENT DATA,100.0,0.0
2025,H0343,Briana D. Sewell,D,Constitutional Amendments,Derived from LIS bill description,4,4,0,4,INSUFFICIENT DATA,100.0,0.0
2025,H0343,Briana D. Sewell,D,Constitutional Amendments,Official LIS subject,5,5,0,5,INSUFFICIENT DATA,100.0,0.0
2025,H0285,"C.E. Cliff Hayes, Jr.",D,Constitutional Amendments,Derived from LIS bill description,4,4,0,4,INSUFFICIENT DATA,100.0,0.0
2025,H0285,"C.E. Cliff Hayes, Jr.",D,Constitutional Amendments,Official LIS subject,5,5,0,5,INSUFFICIENT DATA,100.0,0.0
2025,H0330,Candi Mundon King,D,Constitutional Amendments,Derived from LIS bill description,4,4,0,4,INSUFFICIENT DATA,100.0,0.0
2025,H0330,Candi Mundon King,D,Constitutional Amendments,Official LIS subject,5,5,0,5,INSUFFICIENT DATA,100.0,0.0
2025,H0208,Charniele L. Herring,D,Constitutional Amendments,Derived from LIS bill description,4,3,0,3,INSUFFICIENT DATA,100.0,0.0
2025,H0208,Charniele L. Herring,D,Constitutional Amendments,Official LIS subject,5,5,0,5,INSUFFICIENT DATA,100.0,0.0
2025,H0317,Dan I. Helmer,D,Constitutional Amendments,Derived from LIS bill description,7,7,0,7,INSUFFICIENT DATA,100.0,0.0
2025,H0317,Dan I. Helmer,D,Constitutional Amendments,Official LIS subject,5,5,0,5,INSUFFICIENT DATA,100.0,0.0
2025,H0301,David A. Reid,D,Constitutional Amendments,Derived from LIS bill description,9,9,0,9,INSUFFICIENT DATA,100.0,0.0
2025,H0301,David A. Reid,D,Constitutional Amendments,Official LIS subject,8,8,0,8,INSUFFICIENT DATA,100.0,0.0
2025,H0177,David L. Bulova,D,Constitutional Amendments,Derived from LIS bill description,4,4,0,4,INSUFFICIENT DATA,100.0,0.0
2025,H0177,David L. Bulova,D,Constitutional Amendments,Official LIS subject,5,5,0,5,INSUFFICIENT DATA,100.0,0.0
2025,H0361,Debra D. Gardner,D,Constitutional Amendments,Derived from LIS bill description,4,4,0,4,INSUFFICIENT DATA,100.0,0.0
2025,H0361,Debra D. Gardner,D,Constitutional Amendments,Official LIS subject,5,5,0,5,INSUFFICIENT DATA,100.0,0.0
2025,H0207,Delores L. McQuinn,D,Constitutional Amendments,Derived from LIS bill description,4,4,0,4,INSUFFICIENT DATA,100.0,0.0
2025,H0207,Delores L. McQuinn,D,Constitutional Amendments,Official LIS subject,5,5,0,5,INSUFFICIENT DATA,100.0,0.0
2025,H0372,Destiny LeVere Bolling,D,Constitutional Amendments,Derived from LIS bill description,4,4,0,4,INSUFFICIENT DATA,100.0,0.0
2025,H0372,Destiny LeVere Bolling,D,Constitutional Amendments,Official LIS subject,8,8,0,8,INSUFFICIENT DATA,100.0,0.0
2025,H0322,Don Scott,D,Constitutional Amendments,Derived from LIS bill description,4,4,0,4,INSUFFICIENT DATA,100.0,0.0
2025,H0322,Don Scott,D,Constitutional Amendments,Official LIS subject,5,5,0,5,INSUFFICIENT DATA,100.0,0.0
2025,H0334,Elizabeth B. Bennett-Parker,D,Constitutional Amendments,Derived from LIS bill description,4,4,0,4,INSUFFICIENT DATA,100.0,0.0
2025,H0334,Elizabeth B. Bennett-Parker,D,Constitutional Amendments,Official LIS subject,5,5,0,5,INSUFFICIENT DATA,100.0,0.0
2025,H0351,Holly M. Seibold,D,Constitutional Amendments,Derived from LIS bill description,4,4,0,4,INSUFFICIENT DATA,100.0,0.0
2025,H0351,Holly M. Seibold,D,Constitutional Amendments,Official LIS subject,5,5,0,5,INSUFFICIENT DATA,100.0,0.0
2025,H0344,Irene Shin,D,Constitutional Amendments,Derived from LIS bill description,4,4,0,4,INSUFFICIENT DATA,100.0,0.0
2025,H0344,Irene Shin,D,Constitutional Amendments,Official LIS subject,5,5,0,5,INSUFFICIENT DATA,100.0,0.0
2025,H0385,JJ Singh,D,Constitutional Amendments,Derived from LIS bill description,7,7,0,7,INSUFFICIENT DATA,100.0,0.0
2025,H0385,JJ Singh,D,Constitutional Amendments,Official LIS subject,5,5,0,5,INSUFFICIENT DATA,100.0,0.0
2025,H0349,Jackie H. Glass,D,Constitutional Amendments,Derived from LIS bill description,9,9,0,9,INSUFFICIENT DATA,100.0,0.0
2025,H0349,Jackie H. Glass,D,Constitutional Amendments,Official LIS subject,8,8,0,8,INSUFFICIENT DATA,100.0,0.0
2025,H0173,Jeion A. Ward,D,Constitutional Amendments,Derived from LIS bill description,4,4,0,4,INSUFFICIENT DATA,100.0,0.0
2025,H0173,Jeion A. Ward,D,Constitutional Amendments,Official LIS subject,5,5,0,5,INSUFFICIENT DATA,100.0,0.0
2025,H0382,Joshua E. Thomas,D,Constitutional Amendments,Derived from LIS bill description,4,4,0,4,INSUFFICIENT DATA,100.0,0.0
2025,H0382,Joshua E. Thomas,D,Constitutional Amendments,Official LIS subject,5,5,0,5,INSUFFICIENT DATA,100.0,0.0
2025,H0314,Joshua G. Cole,D,Constitutional Amendments,Derived from LIS bill description,9,9,0,9,INSUFFICIENT DATA,100.0,0.0
2025,H0314,Joshua G. Cole,D,Constitutional Amendments,Official LIS subject,8,8,0,8,INSUFFICIENT DATA,100.0,0.0
2025,H0381,Kannan Srinivasan,D,Constitutional Amendments,Official LIS subject,3,3,0,3,INSUFFICIENT DATA,100.0,0.0
2025,H0370,Karen Keys-Gamarra,D,Constitutional Amendments,Derived from LIS bill description,4,4,0,4,INSUFFICIENT DATA,100.0,0.0
2025,H0370,Karen Keys-Gamarra,D,Constitutional Amendments,Official LIS subject,5,5,0,5,INSUFFICIENT DATA,100.0,0.0
2025,H0294,Karrie K. Delaney,D,Constitutional Amendments,Derived from LIS bill description,4,4,0,4,INSUFFICIENT DATA,100.0,0.0
2025,H0294,Karrie K. Delaney,D,Constitutional Amendments,Official LIS subject,5,5,0,5,INSUFFICIENT DATA,100.0,0.0
2025,H0305,Kathy K.L. Tran,D,Constitutional Amendments,Derived from LIS bill description,4,4,0,4,INSUFFICIENT DATA,100.0,0.0
2025,H0305,Kathy K.L. Tran,D,Constitutional Amendments,Official LIS subject,5,5,0,5,INSUFFICIENT DATA,100.0,0.0
2025,H0354,Katrina Callsen,D,Constitutional Amendments,Derived from LIS bill description,4,4,0,4,INSUFFICIENT DATA,100.0,0.0
2025,H0354,Katrina Callsen,D,Constitutional Amendments,Official LIS subject,5,5,0,5,INSUFFICIENT DATA,100.0,0.0
2025,H0295,Kelly K. Convirs-Fowler,D,Constitutional Amendments,Derived from LIS bill description,7,7,0,7,INSUFFICIENT DATA,100.0,0.0
2025,H0295,Kelly K. Convirs-Fowler,D,Constitutional Amendments,Official LIS subject,8,8,0,8,INSUFFICIENT DATA,100.0,0.0
2025,H0355,Laura Jane Cohen,D,Constitutional Amendments,Derived from LIS bill description,4,4,0,4,INSUFFICIENT DATA,100.0,0.0
2025,H0355,Laura Jane Cohen,D,Constitutional Amendments,Official LIS subject,5,5,0,5,INSUFFICIENT DATA,100.0,0.0
2025,H0227,Luke E. Torian,D,Constitutional Amendments,Derived from LIS bill description,4,3,0,3,INSUFFICIENT DATA,100.0,0.0
2025,H0227,Luke E. Torian,D,Constitutional Amendments,Official LIS subject,5,5,0,5,INSUFFICIENT DATA,100.0,0.0
2025,H0284,"Marcia S. ""Cia"" Price",D,Constitutional Amendments,Derived from LIS bill description,9,7,0,7,INSUFFICIENT DATA,100.0,0.0
2025,H0284,"Marcia S. ""Cia"" Price",D,Constitutional Amendments,Official LIS subject,8,8,0,8,INSUFFICIENT DATA,100.0,0.0
2025,H0264,Marcus B. Simon,D,Constitutional Amendments,Derived from LIS bill description,4,4,0,4,INSUFFICIENT DATA,100.0,0.0
2025,H0264,Marcus B. Simon,D,Constitutional Amendments,Official LIS subject,5,5,0,5,INSUFFICIENT DATA,100.0,0.0
2025,H0172,Mark D. Sickles,D,Constitutional Amendments,Derived from LIS bill description,7,7,0,7,INSUFFICIENT DATA,100.0,0.0
2025,H0172,Mark D. Sickles,D,Constitutional Amendments,Official LIS subject,8,8,0,8,INSUFFICIENT DATA,100.0,0.0
2025,H0374,Marty Martinez,D,Constitutional Amendments,Derived from LIS bill description,4,4,0,4,INSUFFICIENT DATA,100.0,0.0
2025,H0374,Marty Martinez,D,Constitutional Amendments,Official LIS subject,5,5,0,5,INSUFFICIENT DATA,100.0,0.0
2025,H0360,Michael B. Feggans,D,Constitutional Amendments,Derived from LIS bill description,4,4,0,4,INSUFFICIENT DATA,100.0,0.0
2025,H0360,Michael B. Feggans,D,Constitutional Amendments,Official LIS subject,5,5,0,5,INSUFFICIENT DATA,100.0,0.0
2025,H0368,Michael J. Jones,D,Constitutional Amendments,Derived from LIS bill description,4,4,0,4,INSUFFICIENT DATA,100.0,0.0
2025,H0368,Michael J. Jones,D,Constitutional Amendments,Official LIS subject,5,5,0,5,INSUFFICIENT DATA,100.0,0.0
2025,H0340,Michelle Lopes Maldonado,D,Constitutional Amendments,Derived from LIS bill description,9,9,0,9,INSUFFICIENT DATA,100.0,0.0
2025,H0340,Michelle Lopes Maldonado,D,Constitutional Amendments,Official LIS subject,8,8,0,8,INSUFFICIENT DATA,100.0,0.0
2025,H0336,Nadarius E. Clark,D,Constitutional Amendments,Derived from LIS bill description,4,4,0,4,INSUFFICIENT DATA,100.0,0.0
2025,H0336,Nadarius E. Clark,D,Constitutional Amendments,Official LIS subject,5,5,0,5,INSUFFICIENT DATA,100.0,0.0
2025,H0219,Patrick A. Hope,D,Constitutional Amendments,Derived from LIS bill description,4,4,0,4,INSUFFICIENT DATA,100.0,0.0
2025,H0219,Patrick A. Hope,D,Constitutional Amendments,Official LIS subject,5,5,0,5,INSUFFICIENT DATA,100.0,0.0
2025,H0281,Paul E. Krizek,D,Constitutional Amendments,Derived from LIS bill description,7,7,0,7,INSUFFICIENT DATA,100.0,0.0
2025,H0281,Paul E. Krizek,D,Constitutional Amendments,Official LIS subject,8,8,0,8,INSUFFICIENT DATA,100.0,0.0
2025,H0366,Phil M. Hernandez,D,Constitutional Amendments,Derived from LIS bill description,4,4,0,4,INSUFFICIENT DATA,100.0,0.0
2025,H0366,Phil M. Hernandez,D,Constitutional Amendments,Official LIS subject,5,5,0,5,INSUFFICIENT DATA,100.0,0.0
2025,H0356,Rae Cousins,D,Constitutional Amendments,Derived from LIS bill description,4,4,0,4,INSUFFICIENT DATA,100.0,0.0
2025,H0356,Rae Cousins,D,Constitutional Amendments,Official LIS subject,5,5,0,5,INSUFFICIENT DATA,100.0,0.0
2025,H0269,"Richard C. ""Rip"" Sullivan, Jr.",D,Constitutional Amendments,Derived from LIS bill description,4,4,0,4,INSUFFICIENT DATA,100.0,0.0
2025,H0269,"Richard C. ""Rip"" Sullivan, Jr.",D,Constitutional Amendments,Official LIS subject,5,5,0,5,INSUFFICIENT DATA,100.0,0.0
2025,H0327,Rodney T. Willett,D,Constitutional Amendments,Derived from LIS bill description,4,4,0,4,INSUFFICIENT DATA,100.0,0.0
2025,H0327,Rodney T. Willett,D,Constitutional Amendments,Official LIS subject,5,5,0,5,INSUFFICIENT DATA,100.0,0.0
2025,H0365,"Rozia A. Henson, Jr.",D,Constitutional Amendments,Derived from LIS bill description,7,7,0,7,INSUFFICIENT DATA,100.0,0.0
2025,H0365,"Rozia A. Henson, Jr.",D,Constitutional Amendments,Official LIS subject,8,8,0,8,INSUFFICIENT DATA,100.0,0.0
2025,H0266,Sam Rasoul,D,Constitutional Amendments,Derived from LIS bill description,4,4,0,4,INSUFFICIENT DATA,100.0,0.0
2025,H0266,Sam Rasoul,D,Constitutional Amendments,Official LIS subject,5,5,0,5,INSUFFICIENT DATA,100.0,0.0
2025,H0323,Shelly A. Simonds,D,Constitutional Amendments,Derived from LIS bill description,4,4,0,4,INSUFFICIENT DATA,100.0,0.0
2025,H0323,Shelly A. Simonds,D,Constitutional Amendments,Official LIS subject,5,5,0,5,INSUFFICIENT DATA,100.0,0.0
2025,H0108,Vivian E. Watts,D,Constitutional Amendments,Derived from LIS bill description,4,4,0,4,INSUFFICIENT DATA,100.0,0.0
2025,H0108,Vivian E. Watts,D,Constitutional Amendments,Official LIS subject,5,5,0,5,INSUFFICIENT DATA,100.0,0.0
2025,H0315,Carrie E. Coyner,R,Constitutional Amendments,Derived from LIS bill description,4,3,1,4,INSUFFICIENT DATA,75.0,25.0
2025,H0337,A.C. Cordoza,R,Constitutional Amendments,Derived from LIS bill description,4,1,1,2,INSUFFICIENT DATA,50.0,50.0
2025,H0378,Chris Obenshain,R,Constitutional Amendments,Derived from LIS bill description,4,2,2,4,INSUFFICIENT DATA,50.0,50.0
2025,H0308,Joseph P. McNamara,R,Constitutional Amendments,Derived from LIS bill description,4,2,2,4,INSUFFICIENT DATA,50.0,50.0
2025,H0335,Mike A. Cherry,R,Constitutional Amendments,Derived from LIS bill description,7,2,2,4,INSUFFICIENT DATA,50.0,50.0
2025,H0362,"Thomas A. Garrett, Jr.",R,Constitutional Amendments,Derived from LIS bill description,4,2,2,4,INSUFFICIENT DATA,50.0,50.0
2025,H0347,"H. Otto Wachsmann, Jr.",R,Constitutional Amendments,Derived from LIS bill description,7,3,4,7,INSUFFICIENT DATA,42.857142857142854,57.14285714285714
2025,H0267,"Robert S. Bloxom, Jr.",R,Constitutional Amendments,Derived from LIS bill description,7,3,4,7,INSUFFICIENT DATA,42.857142857142854,57.14285714285714
2025,H0363,W. Chad Green,R,Constitutional Amendments,Derived from LIS bill description,7,3,4,7,INSUFFICIENT DATA,42.857142857142854,57.14285714285714
2025,H0315,Carrie E. Coyner,R,Constitutional Amendments,Official LIS subject,5,2,3,5,INSUFFICIENT DATA,40.0,60.0
2025,H0335,Mike A. Cherry,R,Constitutional Amendments,Official LIS subject,8,2,5,7,INSUFFICIENT DATA,28.57142857142857,71.42857142857143
2025,H0337,A.C. Cordoza,R,Constitutional Amendments,Official LIS subject,5,1,3,4,INSUFFICIENT DATA,25.0,75.0
2025,H0347,"H. Otto Wachsmann, Jr.",R,Constitutional Amendments,Official LIS subject,8,2,6,8,INSUFFICIENT DATA,25.0,75.0
2025,H0346,Kim A. Taylor,R,Constitutional Amendments,Derived from LIS bill description,4,1,3,4,INSUFFICIENT DATA,25.0,75.0
2025,H0267,"Robert S. Bloxom, Jr.",R,Constitutional Amendments,Official LIS subject,8,2,6,8,INSUFFICIENT DATA,25.0,75.0
2025,H0363,W. Chad Green,R,Constitutional Amendments,Official LIS subject,8,2,6,8,INSUFFICIENT DATA,25.0,75.0
2025,H0378,Chris Obenshain,R,Constitutional Amendments,Official LIS subject,5,1,4,5,INSUFFICIENT DATA,20.0,80.0
2025,H0308,Joseph P. McNamara,R,Constitutional Amendments,Official LIS subject,5,1,4,5,INSUFFICIENT DATA,20.0,80.0
2025,H0346,Kim A. Taylor,R,Constitutional Amendments,Official LIS subject,5,1,4,5,INSUFFICIENT DATA,20.0,80.0
2025,H0359,N. Baxter Ennis,R,Constitutional Amendments,Official LIS subject,5,1,4,5,INSUFFICIENT DATA,20.0,80.0
2025,H0362,"Thomas A. Garrett, Jr.",R,Constitutional Amendments,Official LIS subject,5,1,4,5,INSUFFICIENT DATA,20.0,80.0
2025,H0313,Amanda E. Batten,R,Constitutional Amendments,Derived from LIS bill description,4,0,4,4,INSUFFICIENT DATA,0.0,100.0
2025,H0313,Amanda E. Batten,R,Constitutional Amendments,Official LIS subject,5,0,4,4,INSUFFICIENT DATA,0.0,100.0
2025,H0345,Anne Ferrell Tata,R,Constitutional Amendments,Derived from LIS bill description,4,0,3,3,INSUFFICIENT DATA,0.0,100.0
2025,H0345,Anne Ferrell Tata,R,Constitutional Amendments,Official LIS subject,5,0,5,5,INSUFFICIENT DATA,0.0,100.0
2025,H0206,Barry D. Knight,R,Constitutional Amendments,Derived from LIS bill description,4,0,0,0,INSUFFICIENT DATA,0.0,0.0
2025,H0206,Barry D. Knight,R,Constitutional Amendments,Official LIS subject,5,0,5,5,INSUFFICIENT DATA,0.0,100.0
2025,H0329,Bill Wiley,R,Constitutional Amendments,Derived from LIS bill description,4,0,4,4,INSUFFICIENT DATA,0.0,100.0
2025,H0329,Bill Wiley,R,Constitutional Amendments,Official LIS subject,5,0,5,5,INSUFFICIENT DATA,0.0,100.0
2025,H0181,C. Todd Gilbert,R,Constitutional Amendments,Derived from LIS bill description,9,0,9,9,INSUFFICIENT DATA,0.0,100.0
2025,H0181,C. Todd Gilbert,R,Constitutional Amendments,Official LIS subject,8,0,8,8,INSUFFICIENT DATA,0.0,100.0
2025,H0321,Chris S. Runion,R,Constitutional Amendments,Derived from LIS bill description,4,0,4,4,INSUFFICIENT DATA,0.0,100.0
2025,H0321,Chris S. Runion,R,Constitutional Amendments,Official LIS subject,5,0,5,5,INSUFFICIENT DATA,0.0,100.0
2025,H0150,"Daniel W. Marshall, III",R,Constitutional Amendments,Derived from LIS bill description,4,0,0,0,INSUFFICIENT DATA,0.0,0.0
2025,H0150,"Daniel W. Marshall, III",R,Constitutional Amendments,Official LIS subject,5,0,0,0,INSUFFICIENT DATA,0.0,0.0
2025,H0379,David Owen,R,Constitutional Amendments,Derived from LIS bill description,4,0,2,2,INSUFFICIENT DATA,0.0,100.0
2025,H0379,David Owen,R,Constitutional Amendments,Official LIS subject,5,0,4,4,INSUFFICIENT DATA,0.0,100.0
2025,H0377,Delores Oates,R,Constitutional Amendments,Derived from LIS bill description,4,0,4,4,INSUFFICIENT DATA,0.0,100.0
2025,H0377,Delores Oates,R,Constitutional Amendments,Official LIS subject,5,0,5,5,INSUFFICIENT DATA,0.0,100.0
2025,H0350,Ellen H. Campbell,R,Constitutional Amendments,Derived from LIS bill description,4,0,0,0,INSUFFICIENT DATA,0.0,0.0
2025,H0350,Ellen H. Campbell,R,Constitutional Amendments,Official LIS subject,5,0,5,5,INSUFFICIENT DATA,0.0,100.0
2025,H0384,Eric Phillips,R,Constitutional Amendments,Derived from LIS bill description,7,0,7,7,INSUFFICIENT DATA,0.0,100.0
2025,H0384,Eric Phillips,R,Constitutional Amendments,Official LIS subject,8,0,5,5,INSUFFICIENT DATA,0.0,100.0
2025,H0383,Eric R. Zehr,R,Constitutional Amendments,Derived from LIS bill description,4,0,4,4,INSUFFICIENT DATA,0.0,100.0
2025,H0383,Eric R. Zehr,R,Constitutional Amendments,Official LIS subject,5,0,5,5,INSUFFICIENT DATA,0.0,100.0
2025,H0367,Geary Higgins,R,Constitutional Amendments,Derived from LIS bill description,4,0,4,4,INSUFFICIENT DATA,0.0,100.0
2025,H0367,Geary Higgins,R,Constitutional Amendments,Official LIS subject,5,0,5,5,INSUFFICIENT DATA,0.0,100.0
2025,H0369,Hillary Pugh Kent,R,Constitutional Amendments,Derived from LIS bill description,4,0,4,4,INSUFFICIENT DATA,0.0,100.0
2025,H0369,Hillary Pugh Kent,R,Constitutional Amendments,Official LIS subject,5,0,5,5,INSUFFICIENT DATA,0.0,100.0
2025,H0259,"Hyland F. ""Buddy"" Fowler, Jr.",R,Constitutional Amendments,Derived from LIS bill description,4,0,4,4,INSUFFICIENT DATA,0.0,100.0
2025,H0259,"Hyland F. ""Buddy"" Fowler, Jr.",R,Constitutional Amendments,Official LIS subject,5,0,5,5,INSUFFICIENT DATA,0.0,100.0
2025,H0373,Ian T. Lovejoy,R,Constitutional Amendments,Derived from LIS bill description,4,0,2,2,INSUFFICIENT DATA,0.0,100.0
2025,H0373,Ian T. Lovejoy,R,Constitutional Amendments,Official LIS subject,5,0,4,4,INSUFFICIENT DATA,0.0,100.0
2025,H0242,Israel D. O'Quinn,R,Constitutional Amendments,Derived from LIS bill description,7,0,7,7,INSUFFICIENT DATA,0.0,100.0
2025,H0242,Israel D. O'Quinn,R,Constitutional Amendments,Official LIS subject,8,0,8,8,INSUFFICIENT DATA,0.0,100.0
2025,H0262,"James A. ""Jay"" Leftwich",R,Constitutional Amendments,Derived from LIS bill description,9,0,9,9,INSUFFICIENT DATA,0.0,100.0
2025,H0262,"James A. ""Jay"" Leftwich",R,Constitutional Amendments,Official LIS subject,8,0,8,8,INSUFFICIENT DATA,0.0,100.0
2025,H0224,James W. Morefield,R,Constitutional Amendments,Derived from LIS bill description,4,0,4,4,INSUFFICIENT DATA,0.0,100.0
2025,H0224,James W. Morefield,R,Constitutional Amendments,Official LIS subject,5,0,5,5,INSUFFICIENT DATA,0.0,100.0
2025,H0333,Jason S. Ballard,R,Constitutional Amendments,Derived from LIS bill description,4,0,4,4,INSUFFICIENT DATA,0.0,100.0
2025,H0333,Jason S. Ballard,R,Constitutional Amendments,Official LIS subject,5,0,5,5,INSUFFICIENT DATA,0.0,100.0
2025,H0352,"Jonathan ""Jed"" Arnold",R,Constitutional Amendments,Derived from LIS bill description,4,0,4,4,INSUFFICIENT DATA,0.0,100.0
2025,H0352,"Jonathan ""Jed"" Arnold",R,Constitutional Amendments,Official LIS subject,5,0,5,5,INSUFFICIENT DATA,0.0,100.0
2025,H0238,M. Keith Hodges,R,Constitutional Amendments,Derived from LIS bill description,4,0,4,4,INSUFFICIENT DATA,0.0,100.0
2025,H0238,M. Keith Hodges,R,Constitutional Amendments,Official LIS subject,5,0,5,5,INSUFFICIENT DATA,0.0,100.0
2025,H0358,"Mark L. Earley, Jr.",R,Constitutional Amendments,Derived from LIS bill description,4,0,4,4,INSUFFICIENT DATA,0.0,100.0
2025,H0358,"Mark L. Earley, Jr.",R,Constitutional Amendments,Official LIS subject,5,0,5,5,INSUFFICIENT DATA,0.0,100.0
2025,H0247,Michael J. Webert,R,Constitutional Amendments,Derived from LIS bill description,4,0,4,4,INSUFFICIENT DATA,0.0,100.0
2025,H0247,Michael J. Webert,R,Constitutional Amendments,Official LIS subject,5,0,5,5,INSUFFICIENT DATA,0.0,100.0
2025,H0359,N. Baxter Ennis,R,Constitutional Amendments,Derived from LIS bill description,4,0,4,4,INSUFFICIENT DATA,0.0,100.0
2025,H0279,Nicholas J. Freitas,R,Constitutional Amendments,Derived from LIS bill description,4,0,4,4,INSUFFICIENT DATA,0.0,100.0
2025,H0279,Nicholas J. Freitas,R,Constitutional Amendments,Official LIS subject,5,0,5,5,INSUFFICIENT DATA,0.0,100.0
2025,H0376,Paul V. Milde,R,Constitutional Amendments,Derived from LIS bill description,7,0,7,7,INSUFFICIENT DATA,0.0,100.0
2025,H0376,Paul V. Milde,R,Constitutional Amendments,Official LIS subject,8,0,8,8,INSUFFICIENT DATA,0.0,100.0
2025,H0342,Phillip A. Scott,R,Constitutional Amendments,Derived from LIS bill description,9,0,9,9,INSUFFICIENT DATA,0.0,100.0
2025,H0342,Phillip A. Scott,R,Constitutional Amendments,Official LIS subject,8,0,8,8,INSUFFICIENT DATA,0.0,100.0
2025,H0124,R. Lee Ware,R,Constitutional Amendments,Derived from LIS bill description,4,0,4,4,INSUFFICIENT DATA,0.0,100.0
2025,H0124,R. Lee Ware,R,Constitutional Amendments,Official LIS subject,5,0,5,5,INSUFFICIENT DATA,0.0,100.0
2025,H0073,"Robert D. Orrock, Sr.",R,Constitutional Amendments,Derived from LIS bill description,4,0,4,4,INSUFFICIENT DATA,0.0,100.0
2025,H0073,"Robert D. Orrock, Sr.",R,Constitutional Amendments,Official LIS subject,5,0,4,4,INSUFFICIENT DATA,0.0,100.0
2025,H0328,Scott A. Wyatt,R,Constitutional Amendments,Derived from LIS bill description,4,0,4,4,INSUFFICIENT DATA,0.0,100.0
2025,H0328,Scott A. Wyatt,R,Constitutional Amendments,Official LIS subject,5,0,5,5,INSUFFICIENT DATA,0.0,100.0
2025,H0056,Terry G. Kilgore,R,Constitutional Amendments,Derived from LIS bill description,4,0,4,4,INSUFFICIENT DATA,0.0,100.0
2025,H0056,Terry G. Kilgore,R,Constitutional Amendments,Official LIS subject,5,0,5,5,INSUFFICIENT DATA,0.0,100.0
2025,H0253,Terry L. Austin,R,Constitutional Amendments,Derived from LIS bill description,4,0,4,4,INSUFFICIENT DATA,0.0,100.0
2025,H0253,Terry L. Austin,R,Constitutional Amendments,Official LIS subject,5,0,5,5,INSUFFICIENT DATA,0.0,100.0
2025,H0136,"Thomas C. Wright, Jr.",R,Constitutional Amendments,Derived from LIS bill description,4,0,4,4,INSUFFICIENT DATA,0.0,100.0
2025,H0136,"Thomas C. Wright, Jr.",R,Constitutional Amendments,Official LIS subject,5,0,5,5,INSUFFICIENT DATA,0.0,100.0
2025,H0364,Timothy P. Griffin,R,Constitutional Amendments,Derived from LIS bill description,4,0,4,4,INSUFFICIENT DATA,0.0,100.0
2025,H0364,Timothy P. Griffin,R,Constitutional Amendments,Official LIS subject,5,0,5,5,INSUFFICIENT DATA,0.0,100.0
2025,H0231,Tony O. Wilt,R,Constitutional Amendments,Derived from LIS bill description,4,0,4,4,INSUFFICIENT DATA,0.0,100.0
2025,H0231,Tony O. Wilt,R,Constitutional Amendments,Official LIS subject,5,0,5,5,INSUFFICIENT DATA,0.0,100.0
2025,H0325,Wendell S. Walker,R,Constitutional Amendments,Derived from LIS bill description,4,0,4,4,INSUFFICIENT DATA,0.0,100.0
2025,H0325,Wendell S. Walker,R,Constitutional Amendments,Official LIS subject,5,0,5,5,INSUFFICIENT DATA,0.0,100.0
2025,H0357,Will Davis,R,Constitutional Amendments,Derived from LIS bill description,4,0,4,4,INSUFFICIENT DATA,0.0,100.0
2025,H0357,Will Davis,R,Constitutional Amendments,Official LIS subject,5,0,5,5,INSUFFICIENT DATA,0.0,100.0
2025,H0348,Wren M. Williams,R,Constitutional Amendments,Derived from LIS bill description,4,0,4,4,INSUFFICIENT DATA,0.0,100.0
2025,H0348,Wren M. Williams,R,Constitutional Amendments,Official LIS subject,5,0,5,5,INSUFFICIENT DATA,0.0,100.0
2025,H0206,Barry D. Knight,R,Courts and Civil Law,Derived from LIS bill description,12,4,0,4,INSUFFICIENT DATA,100.0,0.0
2025,H0346,Kim A. Taylor,R,Courts and Civil Law,Derived from LIS bill description,12,6,1,7,INSUFFICIENT DATA,85.71428571428571,14.285714285714285
2025,H0150,"Daniel W. Marshall, III",R,Courts and Civil Law,Derived from LIS bill description,12,0,0,0,INSUFFICIENT DATA,0.0,0.0
2025,H0315,Carrie E. Coyner,R,Courts and Civil Law,Derived from LIS bill summary,112,62,34,96,MIXED,64.58333333333334,35.41666666666667
2025,H0352,"Jonathan ""Jed"" Arnold",R,Courts and Civil Law,Derived from LIS bill summary,139,87,48,135,MIXED,64.44444444444444,35.55555555555556
2025,H0333,Jason S. Ballard,R,Courts and Civil Law,Derived from LIS bill summary,164,105,58,163,MIXED,64.41717791411043,35.58282208588957
2025,H0262,"James A. ""Jay"" Leftwich",R,Courts and Civil Law,Derived from LIS bill summary,154,94,54,148,MIXED,63.51351351351351,36.486486486486484
2025,H0056,Terry G. Kilgore,R,Courts and Civil Law,Derived from LIS bill summary,154,92,54,146,MIXED,63.013698630136986,36.986301369863014
2025,H0267,"Robert S. Bloxom, Jr.",R,Courts and Civil Law,Derived from LIS bill summary,107,63,44,107,MIXED,58.87850467289719,41.1214953271028
2025,H0346,Kim A. Taylor,R,Courts and Civil Law,Derived from LIS bill summary,101,54,39,93,MIXED,58.06451612903226,41.935483870967744
2025,H0224,James W. Morefield,R,Courts and Civil Law,Derived from LIS bill summary,110,62,45,107,MIXED,57.943925233644855,42.05607476635514
2025,H0363,W. Chad Green,R,Courts and Civil Law,Derived from LIS bill summary,95,55,40,95,MIXED,57.89473684210527,42.10526315789473
2025,H0350,Ellen H. Campbell,R,Courts and Civil Law,Derived from LIS bill summary,110,61,45,106,MIXED,57.54716981132076,42.45283018867924
2025,H0373,Ian T. Lovejoy,R,Courts and Civil Law,Derived from LIS bill summary,103,58,43,101,MIXED,57.42574257425742,42.57425742574257
2025,H0329,Bill Wiley,R,Courts and Civil Law,Derived from LIS bill summary,105,60,45,105,MIXED,57.14285714285714,42.857142857142854
2025,H0359,N. Baxter Ennis,R,Courts and Civil Law,Derived from LIS bill summary,100,56,42,98,MIXED,57.14285714285714,42.857142857142854
2025,H0345,Anne Ferrell Tata,R,Courts and Civil Law,Derived from LIS bill summary,107,61,46,107,MIXED,57.009345794392516,42.99065420560748
2025,H0313,Amanda E. Batten,R,Courts and Civil Law,Derived from LIS bill summary,155,87,66,153,MIXED,56.86274509803921,43.13725490196079
2025,H0376,Paul V. Milde,R,Courts and Civil Law,Derived from LIS bill summary,92,50,39,89,MIXED,56.17977528089888,43.82022471910113
2025,H0073,"Robert D. Orrock, Sr.",R,Courts and Civil Law,Derived from LIS bill summary,95,50,39,89,MIXED,56.17977528089888,43.82022471910113
2025,H0253,Terry L. Austin,R,Courts and Civil Law,Derived from LIS bill summary,108,60,47,107,MIXED,56.074766355140184,43.925233644859816
2025,H0238,M. Keith Hodges,R,Courts and Civil Law,Derived from LIS bill summary,110,61,48,109,MIXED,55.96330275229357,44.03669724770643
2025,H0259,"Hyland F. ""Buddy"" Fowler, Jr.",R,Courts and Civil Law,Derived from LIS bill summary,101,54,43,97,MIXED,55.670103092783506,44.329896907216494
2025,H0328,Scott A. Wyatt,R,Courts and Civil Law,Derived from LIS bill summary,105,57,47,104,MIXED,54.807692307692314,45.19230769230769
2025,H0367,Geary Higgins,R,Courts and Civil Law,Derived from LIS bill summary,96,52,43,95,MIXED,54.736842105263165,45.26315789473684
2025,H0325,Wendell S. Walker,R,Courts and Civil Law,Derived from LIS bill summary,94,51,43,94,MIXED,54.25531914893617,45.744680851063826
2025,H0335,Mike A. Cherry,R,Courts and Civil Law,Derived from LIS bill summary,95,51,44,95,MIXED,53.68421052631579,46.31578947368421
2025,H0347,"H. Otto Wachsmann, Jr.",R,Courts and Civil Law,Derived from LIS bill summary,97,52,45,97,MIXED,53.608247422680414,46.391752577319586
2025,H0369,Hillary Pugh Kent,R,Courts and Civil Law,Derived from LIS bill summary,92,49,43,92,MIXED,53.2608695652174,46.73913043478261
2025,H0377,Delores Oates,R,Courts and Civil Law,Derived from LIS bill summary,101,53,47,100,MIXED,53.0,47.0
2025,H0384,Eric Phillips,R,Courts and Civil Law,Derived from LIS bill summary,95,49,45,94,MIXED,52.12765957446809,47.87234042553192
2025,H0383,Eric R. Zehr,R,Courts and Civil Law,Derived from LIS bill summary,94,49,45,94,MIXED,52.12765957446809,47.87234042553192
2025,H0242,Israel D. O'Quinn,R,Courts and Civil Law,Derived from LIS bill summary,99,50,46,96,MIXED,52.083333333333336,47.91666666666667
2025,H0124,R. Lee Ware,R,Courts and Civil Law,Derived from LIS bill summary,95,48,45,93,MIXED,51.61290322580645,48.38709677419355
2025,H0308,Joseph P. McNamara,R,Courts and Civil Law,Derived from LIS bill summary,114,58,55,113,MIXED,51.32743362831859,48.67256637168141
2025,H0136,"Thomas C. Wright, Jr.",R,Courts and Civil Law,Derived from LIS bill summary,95,43,41,84,MIXED,51.19047619047619,48.80952380952381
2025,H0379,David Owen,R,Courts and Civil Law,Derived from LIS bill summary,97,49,47,96,MIXED,51.041666666666664,48.95833333333333
2025,H0231,Tony O. Wilt,R,Courts and Civil Law,Derived from LIS bill summary,108,54,54,108,MIXED,50.0,50.0
2025,H0342,Phillip A. Scott,R,Courts and Civil Law,Derived from LIS bill summary,93,45,46,91,MIXED,49.45054945054945,50.54945054945055
2025,H0279,Nicholas J. Freitas,R,Courts and Civil Law,Derived from LIS bill summary,101,46,48,94,MIXED,48.93617021276596,51.06382978723404
2025,H0206,Barry D. Knight,R,Courts and Civil Law,Derived from LIS bill summary,103,14,15,29,MIXED,48.275862068965516,51.724137931034484
2025,H0362,"Thomas A. Garrett, Jr.",R,Courts and Civil Law,Derived from LIS bill summary,94,41,44,85,MIXED,48.23529411764706,51.76470588235295
2025,H0364,Timothy P. Griffin,R,Courts and Civil Law,Derived from LIS bill summary,96,44,52,96,MIXED,45.83333333333333,54.166666666666664
2025,H0321,Chris S. Runion,R,Courts and Civil Law,Derived from LIS bill summary,110,49,60,109,MIXED,44.95412844036697,55.04587155963303
2025,H0181,C. Todd Gilbert,R,Courts and Civil Law,Derived from LIS bill summary,99,43,55,98,MIXED,43.87755102040816,56.12244897959183
2025,H0247,Michael J. Webert,R,Courts and Civil Law,Derived from LIS bill summary,105,42,59,101,MIXED,41.584158415841586,58.415841584158414
2025,H0150,"Daniel W. Marshall, III",R,Courts and Civil Law,Derived from LIS bill summary,114,4,21,25,NO,16.0,84.0
2025,H0375,Adele Y. McClure,D,Courts and Civil Law,Derived from LIS bill description,12,12,0,12,YES,100.0,0.0
2025,H0311,Alex Q. Askew,D,Courts and Civil Law,Derived from LIS bill description,12,12,0,12,YES,100.0,0.0
2025,H0239,Alfonso H. Lopez,D,Courts and Civil Law,Derived from LIS bill description,12,12,0,12,YES,100.0,0.0
2025,H0371,Amy J. Laufer,D,Courts and Civil Law,Derived from LIS bill description,12,12,0,12,YES,100.0,0.0
2025,H0380,Atoosa R. Reaser,D,Courts and Civil Law,Derived from LIS bill description,15,15,0,15,YES,100.0,0.0
2025,H0212,Betsy B. Carr,D,Courts and Civil Law,Derived from LIS bill description,12,12,0,12,YES,100.0,0.0
2025,H0353,Bonita G. Anthony,D,Courts and Civil Law,Derived from LIS bill description,12,12,0,12,YES,100.0,0.0
2025,H0343,Briana D. Sewell,D,Courts and Civil Law,Derived from LIS bill description,12,12,0,12,YES,100.0,0.0
2025,H0285,"C.E. Cliff Hayes, Jr.",D,Courts and Civil Law,Derived from LIS bill description,12,12,0,12,YES,100.0,0.0
2025,H0330,Candi Mundon King,D,Courts and Civil Law,Derived from LIS bill description,12,12,0,12,YES,100.0,0.0
2025,H0208,Charniele L. Herring,D,Courts and Civil Law,Derived from LIS bill description,12,12,0,12,YES,100.0,0.0
2025,H0378,Chris Obenshain,R,Courts and Civil Law,Derived from LIS bill description,15,15,0,15,YES,100.0,0.0
2025,H0317,Dan I. Helmer,D,Courts and Civil Law,Derived from LIS bill description,12,12,0,12,YES,100.0,0.0
2025,H0301,David A. Reid,D,Courts and Civil Law,Derived from LIS bill description,12,12,0,12,YES,100.0,0.0
2025,H0177,David L. Bulova,D,Courts and Civil Law,Derived from LIS bill description,12,12,0,12,YES,100.0,0.0
2025,H0361,Debra D. Gardner,D,Courts and Civil Law,Derived from LIS bill description,12,12,0,12,YES,100.0,0.0
2025,H0207,Delores L. McQuinn,D,Courts and Civil Law,Derived from LIS bill description,12,12,0,12,YES,100.0,0.0
2025,H0372,Destiny LeVere Bolling,D,Courts and Civil Law,Derived from LIS bill description,12,10,0,10,YES,100.0,0.0
2025,H0322,Don Scott,D,Courts and Civil Law,Derived from LIS bill description,12,12,0,12,YES,100.0,0.0
2025,H0334,Elizabeth B. Bennett-Parker,D,Courts and Civil Law,Derived from LIS bill description,12,12,0,12,YES,100.0,0.0
2025,H0351,Holly M. Seibold,D,Courts and Civil Law,Derived from LIS bill description,12,12,0,12,YES,100.0,0.0
2025,H0259,"Hyland F. ""Buddy"" Fowler, Jr.",R,Courts and Civil Law,Derived from LIS bill description,12,10,0,10,YES,100.0,0.0
2025,H0373,Ian T. Lovejoy,R,Courts and Civil Law,Derived from LIS bill description,12,12,0,12,YES,100.0,0.0
2025,H0344,Irene Shin,D,Courts and Civil Law,Derived from LIS bill description,12,12,0,12,YES,100.0,0.0
2025,H0385,JJ Singh,D,Courts and Civil Law,Derived from LIS bill description,12,12,0,12,YES,100.0,0.0
2025,H0349,Jackie H. Glass,D,Courts and Civil Law,Derived from LIS bill description,12,12,0,12,YES,100.0,0.0
2025,H0333,Jason S. Ballard,R,Courts and Civil Law,Derived from LIS bill description,15,15,0,15,YES,100.0,0.0
2025,H0173,Jeion A. Ward,D,Courts and Civil Law,Derived from LIS bill description,12,12,0,12,YES,100.0,0.0
2025,H0352,"Jonathan ""Jed"" Arnold",R,Courts and Civil Law,Derived from LIS bill description,15,15,0,15,YES,100.0,0.0
2025,H0382,Joshua E. Thomas,D,Courts and Civil Law,Derived from LIS bill description,15,15,0,15,YES,100.0,0.0
2025,H0314,Joshua G. Cole,D,Courts and Civil Law,Derived from LIS bill description,12,12,0,12,YES,100.0,0.0
2025,H0370,Karen Keys-Gamarra,D,Courts and Civil Law,Derived from LIS bill description,15,15,0,15,YES,100.0,0.0
2025,H0294,Karrie K. Delaney,D,Courts and Civil Law,Derived from LIS bill description,15,15,0,15,YES,100.0,0.0
2025,H0305,Kathy K.L. Tran,D,Courts and Civil Law,Derived from LIS bill description,12,12,0,12,YES,100.0,0.0
2025,H0354,Katrina Callsen,D,Courts and Civil Law,Derived from LIS bill description,15,15,0,15,YES,100.0,0.0
2025,H0295,Kelly K. Convirs-Fowler,D,Courts and Civil Law,Derived from LIS bill description,12,12,0,12,YES,100.0,0.0
2025,H0355,Laura Jane Cohen,D,Courts and Civil Law,Derived from LIS bill description,12,12,0,12,YES,100.0,0.0
2025,H0227,Luke E. Torian,D,Courts and Civil Law,Derived from LIS bill description,12,12,0,12,YES,100.0,0.0
2025,H0264,Marcus B. Simon,D,Courts and Civil Law,Derived from LIS bill description,15,15,0,15,YES,100.0,0.0
2025,H0172,Mark D. Sickles,D,Courts and Civil Law,Derived from LIS bill description,12,12,0,12,YES,100.0,0.0
2025,H0358,"Mark L. Earley, Jr.",R,Courts and Civil Law,Derived from LIS bill description,15,15,0,15,YES,100.0,0.0
2025,H0374,Marty Martinez,D,Courts and Civil Law,Derived from LIS bill description,12,12,0,12,YES,100.0,0.0
2025,H0360,Michael B. Feggans,D,Courts and Civil Law,Derived from LIS bill description,12,12,0,12,YES,100.0,0.0
2025,H0368,Michael J. Jones,D,Courts and Civil Law,Derived from LIS bill description,12,12,0,12,YES,100.0,0.0
2025,H0340,Michelle Lopes Maldonado,D,Courts and Civil Law,Derived from LIS bill description,15,15,0,15,YES,100.0,0.0
2025,H0359,N. Baxter Ennis,R,Courts and Civil Law,Derived from LIS bill description,12,12,0,12,YES,100.0,0.0
2025,H0336,Nadarius E. Clark,D,Courts and Civil Law,Derived from LIS bill description,12,12,0,12,YES,100.0,0.0
2025,H0279,Nicholas J. Freitas,R,Courts and Civil Law,Derived from LIS bill description,12,10,0,10,YES,100.0,0.0
2025,H0219,Patrick A. Hope,D,Courts and Civil Law,Derived from LIS bill description,15,15,0,15,YES,100.0,0.0
2025,H0281,Paul E. Krizek,D,Courts and Civil Law,Derived from LIS bill description,12,12,0,12,YES,100.0,0.0
2025,H0366,Phil M. Hernandez,D,Courts and Civil Law,Derived from LIS bill description,15,15,0,15,YES,100.0,0.0
2025,H0356,Rae Cousins,D,Courts and Civil Law,Derived from LIS bill description,15,15,0,15,YES,100.0,0.0
2025,H0269,"Richard C. ""Rip"" Sullivan, Jr.",D,Courts and Civil Law,Derived from LIS bill description,15,13,0,13,YES,100.0,0.0
2025,H0327,Rodney T. Willett,D,Courts and Civil Law,Derived from LIS bill description,12,12,0,12,YES,100.0,0.0
2025,H0365,"Rozia A. Henson, Jr.",D,Courts and Civil Law,Derived from LIS bill description,12,12,0,12,YES,100.0,0.0
2025,H0266,Sam Rasoul,D,Courts and Civil Law,Derived from LIS bill description,12,12,0,12,YES,100.0,0.0
2025,H0323,Shelly A. Simonds,D,Courts and Civil Law,Derived from LIS bill description,12,12,0,12,YES,100.0,0.0
2025,H0056,Terry G. Kilgore,R,Courts and Civil Law,Derived from LIS bill description,15,15,0,15,YES,100.0,0.0
2025,H0108,Vivian E. Watts,D,Courts and Civil Law,Derived from LIS bill description,15,15,0,15,YES,100.0,0.0
2025,H0357,Will Davis,R,Courts and Civil Law,Derived from LIS bill description,15,15,0,15,YES,100.0,0.0
2025,H0356,Rae Cousins,D,Courts and Civil Law,Derived from LIS bill summary,155,146,8,154,YES,94.8051948051948,5.194805194805195
2025,H0294,Karrie K. Delaney,D,Courts and Civil Law,Derived from LIS bill summary,155,143,8,151,YES,94.70198675496688,5.298013245033113
2025,H0269,"Richard C. ""Rip"" Sullivan, Jr.",D,Courts and Civil Law,Derived from LIS bill summary,162,141,8,149,YES,94.63087248322147,5.369127516778524
2025,H0108,Vivian E. Watts,D,Courts and Civil Law,Derived from LIS bill summary,151,141,8,149,YES,94.63087248322147,5.369127516778524
2025,H0382,Joshua E. Thomas,D,Courts and Civil Law,Derived from LIS bill summary,165,154,9,163,YES,94.47852760736197,5.521472392638037
2025,H0340,Michelle Lopes Maldonado,D,Courts and Civil Law,Derived from LIS bill summary,143,134,8,142,YES,94.36619718309859,5.633802816901409
2025,H0219,Patrick A. Hope,D,Courts and Civil Law,Derived from LIS bill summary,172,133,8,141,YES,94.32624113475178,5.673758865248227
2025,H0239,Alfonso H. Lopez,D,Courts and Civil Law,Derived from LIS bill summary,121,113,7,120,YES,94.16666666666667,5.833333333333333
2025,H0366,Phil M. Hernandez,D,Courts and Civil Law,Derived from LIS bill summary,148,138,9,147,YES,93.87755102040816,6.122448979591836
2025,H0317,Dan I. Helmer,D,Courts and Civil Law,Derived from LIS bill summary,113,106,7,113,YES,93.80530973451327,6.1946902654867255
2025,H0380,Atoosa R. Reaser,D,Courts and Civil Law,Derived from LIS bill summary,161,150,10,160,YES,93.75,6.25
2025,H0354,Katrina Callsen,D,Courts and Civil Law,Derived from LIS bill summary,158,148,10,158,YES,93.67088607594937,6.329113924050633
2025,H0370,Karen Keys-Gamarra,D,Courts and Civil Law,Derived from LIS bill summary,158,146,10,156,YES,93.58974358974359,6.41025641025641
2025,H0212,Betsy B. Carr,D,Courts and Civil Law,Derived from LIS bill summary,110,101,7,108,YES,93.51851851851852,6.481481481481481
2025,H0264,Marcus B. Simon,D,Courts and Civil Law,Derived from LIS bill summary,167,152,11,163,YES,93.25153374233128,6.748466257668712
2025,H0172,Mark D. Sickles,D,Courts and Civil Law,Derived from LIS bill summary,99,90,7,97,YES,92.78350515463917,7.216494845360824
2025,H0368,Michael J. Jones,D,Courts and Civil Law,Derived from LIS bill summary,109,86,7,93,YES,92.47311827956989,7.526881720430108
2025,H0177,David L. Bulova,D,Courts and Civil Law,Derived from LIS bill summary,111,98,8,106,YES,92.45283018867924,7.547169811320755
2025,H0295,Kelly K. Convirs-Fowler,D,Courts and Civil Law,Derived from LIS bill summary,108,97,8,105,YES,92.38095238095238,7.6190476190476195
2025,H0208,Charniele L. Herring,D,Courts and Civil Law,Derived from LIS bill summary,103,95,8,103,YES,92.23300970873787,7.766990291262135
2025,H0285,"C.E. Cliff Hayes, Jr.",D,Courts and Civil Law,Derived from LIS bill summary,105,93,8,101,YES,92.07920792079209,7.920792079207921
2025,H0351,Holly M. Seibold,D,Courts and Civil Law,Derived from LIS bill summary,115,104,9,113,YES,92.03539823008849,7.964601769911504
2025,H0360,Michael B. Feggans,D,Courts and Civil Law,Derived from LIS bill summary,114,104,9,113,YES,92.03539823008849,7.964601769911504
2025,H0327,Rodney T. Willett,D,Courts and Civil Law,Derived from LIS bill summary,99,90,8,98,YES,91.83673469387756,8.16326530612245
2025,H0343,Briana D. Sewell,D,Courts and Civil Law,Derived from LIS bill summary,109,100,9,109,YES,91.74311926605505,8.256880733944955
2025,H0345,Anne Ferrell Tata,R,Courts and Civil Law,Derived from LIS bill description,12,11,1,12,YES,91.66666666666666,8.333333333333332
2025,H0329,Bill Wiley,R,Courts and Civil Law,Derived from LIS bill description,12,11,1,12,YES,91.66666666666666,8.333333333333332
2025,H0353,Bonita G. Anthony,D,Courts and Civil Law,Derived from LIS bill summary,96,88,8,96,YES,91.66666666666666,8.333333333333332
2025,H0181,C. Todd Gilbert,R,Courts and Civil Law,Derived from LIS bill description,12,11,1,12,YES,91.66666666666666,8.333333333333332
2025,H0315,Carrie E. Coyner,R,Courts and Civil Law,Derived from LIS bill description,12,11,1,12,YES,91.66666666666666,8.333333333333332
2025,H0321,Chris S. Runion,R,Courts and Civil Law,Derived from LIS bill description,12,11,1,12,YES,91.66666666666666,8.333333333333332
2025,H0379,David Owen,R,Courts and Civil Law,Derived from LIS bill description,12,11,1,12,YES,91.66666666666666,8.333333333333332
2025,H0377,Delores Oates,R,Courts and Civil Law,Derived from LIS bill description,12,11,1,12,YES,91.66666666666666,8.333333333333332
2025,H0383,Eric R. Zehr,R,Courts and Civil Law,Derived from LIS bill description,12,11,1,12,YES,91.66666666666666,8.333333333333332
2025,H0367,Geary Higgins,R,Courts and Civil Law,Derived from LIS bill description,12,11,1,12,YES,91.66666666666666,8.333333333333332
2025,H0347,"H. Otto Wachsmann, Jr.",R,Courts and Civil Law,Derived from LIS bill description,12,11,1,12,YES,91.66666666666666,8.333333333333332
2025,H0369,Hillary Pugh Kent,R,Courts and Civil Law,Derived from LIS bill description,12,11,1,12,YES,91.66666666666666,8.333333333333332
2025,H0242,Israel D. O'Quinn,R,Courts and Civil Law,Derived from LIS bill description,12,11,1,12,YES,91.66666666666666,8.333333333333332
2025,H0224,James W. Morefield,R,Courts and Civil Law,Derived from LIS bill description,12,11,1,12,YES,91.66666666666666,8.333333333333332
2025,H0308,Joseph P. McNamara,R,Courts and Civil Law,Derived from LIS bill description,12,11,1,12,YES,91.66666666666666,8.333333333333332
2025,H0314,Joshua G. Cole,D,Courts and Civil Law,Derived from LIS bill summary,99,88,8,96,YES,91.66666666666666,8.333333333333332
2025,H0284,"Marcia S. ""Cia"" Price",D,Courts and Civil Law,Derived from LIS bill description,12,11,1,12,YES,91.66666666666666,8.333333333333332
2025,H0247,Michael J. Webert,R,Courts and Civil Law,Derived from LIS bill description,12,11,1,12,YES,91.66666666666666,8.333333333333332
2025,H0335,Mike A. Cherry,R,Courts and Civil Law,Derived from LIS bill description,12,11,1,12,YES,91.66666666666666,8.333333333333332
2025,H0376,Paul V. Milde,R,Courts and Civil Law,Derived from LIS bill description,12,11,1,12,YES,91.66666666666666,8.333333333333332
2025,H0342,Phillip A. Scott,R,Courts and Civil Law,Derived from LIS bill description,12,11,1,12,YES,91.66666666666666,8.333333333333332
2025,H0124,R. Lee Ware,R,Courts and Civil Law,Derived from LIS bill description,12,11,1,12,YES,91.66666666666666,8.333333333333332
2025,H0073,"Robert D. Orrock, Sr.",R,Courts and Civil Law,Derived from LIS bill description,12,11,1,12,YES,91.66666666666666,8.333333333333332
2025,H0267,"Robert S. Bloxom, Jr.",R,Courts and Civil Law,Derived from LIS bill description,12,11,1,12,YES,91.66666666666666,8.333333333333332
2025,H0328,Scott A. Wyatt,R,Courts and Civil Law,Derived from LIS bill description,12,11,1,12,YES,91.66666666666666,8.333333333333332
2025,H0253,Terry L. Austin,R,Courts and Civil Law,Derived from LIS bill description,12,11,1,12,YES,91.66666666666666,8.333333333333332
2025,H0362,"Thomas A. Garrett, Jr.",R,Courts and Civil Law,Derived from LIS bill description,12,11,1,12,YES,91.66666666666666,8.333333333333332
2025,H0136,"Thomas C. Wright, Jr.",R,Courts and Civil Law,Derived from LIS bill description,12,11,1,12,YES,91.66666666666666,8.333333333333332
2025,H0364,Timothy P. Griffin,R,Courts and Civil Law,Derived from LIS bill description,12,11,1,12,YES,91.66666666666666,8.333333333333332
2025,H0231,Tony O. Wilt,R,Courts and Civil Law,Derived from LIS bill description,12,11,1,12,YES,91.66666666666666,8.333333333333332
2025,H0363,W. Chad Green,R,Courts and Civil Law,Derived from LIS bill description,12,11,1,12,YES,91.66666666666666,8.333333333333332
2025,H0325,Wendell S. Walker,R,Courts and Civil Law,Derived from LIS bill description,12,11,1,12,YES,91.66666666666666,8.333333333333332
2025,H0372,Destiny LeVere Bolling,D,Courts and Civil Law,Derived from LIS bill summary,110,98,9,107,YES,91.58878504672897,8.411214953271028
2025,H0336,Nadarius E. Clark,D,Courts and Civil Law,Derived from LIS bill summary,108,98,9,107,YES,91.58878504672897,8.411214953271028
2025,H0207,Delores L. McQuinn,D,Courts and Civil Law,Derived from LIS bill summary,101,76,7,83,YES,91.56626506024097,8.433734939759036
2025,H0375,Adele Y. McClure,D,Courts and Civil Law,Derived from LIS bill summary,107,97,9,106,YES,91.50943396226415,8.49056603773585
2025,H0281,Paul E. Krizek,D,Courts and Civil Law,Derived from LIS bill summary,106,97,9,106,YES,91.50943396226415,8.49056603773585
2025,H0323,Shelly A. Simonds,D,Courts and Civil Law,Derived from LIS bill summary,106,97,9,106,YES,91.50943396226415,8.49056603773585
2025,H0349,Jackie H. Glass,D,Courts and Civil Law,Derived from LIS bill summary,99,86,8,94,YES,91.48936170212765,8.51063829787234
2025,H0334,Elizabeth B. Bennett-Parker,D,Courts and Civil Law,Derived from LIS bill summary,110,96,9,105,YES,91.42857142857143,8.571428571428571
2025,H0173,Jeion A. Ward,D,Courts and Civil Law,Derived from LIS bill summary,114,95,9,104,YES,91.34615384615384,8.653846153846153
2025,H0330,Candi Mundon King,D,Courts and Civil Law,Derived from LIS bill summary,120,104,10,114,YES,91.22807017543859,8.771929824561402
2025,H0266,Sam Rasoul,D,Courts and Civil Law,Derived from LIS bill summary,110,93,9,102,YES,91.17647058823529,8.823529411764707
2025,H0227,Luke E. Torian,D,Courts and Civil Law,Derived from LIS bill summary,104,92,9,101,YES,91.0891089108911,8.91089108910891
2025,H0344,Irene Shin,D,Courts and Civil Law,Derived from LIS bill summary,112,102,10,112,YES,91.07142857142857,8.928571428571429
2025,H0350,Ellen H. Campbell,R,Courts and Civil Law,Derived from LIS bill description,12,10,1,11,YES,90.9090909090909,9.090909090909092
2025,H0384,Eric Phillips,R,Courts and Civil Law,Derived from LIS bill description,12,10,1,11,YES,90.9090909090909,9.090909090909092
2025,H0238,M. Keith Hodges,R,Courts and Civil Law,Derived from LIS bill description,12,10,1,11,YES,90.9090909090909,9.090909090909092
2025,H0301,David A. Reid,D,Courts and Civil Law,Derived from LIS bill summary,98,89,9,98,YES,90.81632653061224,9.183673469387756
2025,H0322,Don Scott,D,Courts and Civil Law,Derived from LIS bill summary,89,79,8,87,YES,90.80459770114942,9.195402298850574
2025,H0311,Alex Q. Askew,D,Courts and Civil Law,Derived from LIS bill summary,109,98,10,108,YES,90.74074074074075,9.25925925925926
2025,H0371,Amy J. Laufer,D,Courts and Civil Law,Derived from LIS bill summary,98,86,9,95,YES,90.52631578947368,9.473684210526317
2025,H0374,Marty Martinez,D,Courts and Civil Law,Derived from LIS bill summary,103,93,10,103,YES,90.29126213592234,9.70873786407767
2025,H0355,Laura Jane Cohen,D,Courts and Civil Law,Derived from LIS bill summary,102,92,10,102,YES,90.19607843137256,9.803921568627452
2025,H0385,JJ Singh,D,Courts and Civil Law,Derived from LIS bill summary,91,81,9,90,YES,90.0,10.0
2025,H0361,Debra D. Gardner,D,Courts and Civil Law,Derived from LIS bill summary,101,89,10,99,YES,89.8989898989899,10.1010101010101
2025,H0365,"Rozia A. Henson, Jr.",D,Courts and Civil Law,Derived from LIS bill summary,98,88,10,98,YES,89.79591836734694,10.204081632653061
2025,H0305,Kathy K.L. Tran,D,Courts and Civil Law,Derived from LIS bill summary,94,83,11,94,YES,88.29787234042553,11.702127659574469
2025,H0284,"Marcia S. ""Cia"" Price",D,Courts and Civil Law,Derived from LIS bill summary,102,90,12,102,YES,88.23529411764706,11.76470588235294
2025,H0337,A.C. Cordoza,R,Courts and Civil Law,Derived from LIS bill description,15,13,2,15,YES,86.66666666666667,13.333333333333334
2025,H0313,Amanda E. Batten,R,Courts and Civil Law,Derived from LIS bill description,15,13,2,15,YES,86.66666666666667,13.333333333333334
2025,H0262,"James A. ""Jay"" Leftwich",R,Courts and Civil Law,Derived from LIS bill description,15,13,2,15,YES,86.66666666666667,13.333333333333334
2025,H0348,Wren M. Williams,R,Courts and Civil Law,Derived from LIS bill description,15,13,2,15,YES,86.66666666666667,13.333333333333334
2025,H0337,A.C. Cordoza,R,Courts and Civil Law,Derived from LIS bill summary,153,108,45,153,YES,70.58823529411765,29.411764705882355
2025,H0357,Will Davis,R,Courts and Civil Law,Derived from LIS bill summary,132,89,43,132,YES,67.42424242424242,32.57575757575758
2025,H0348,Wren M. Williams,R,Courts and Civil Law,Derived from LIS bill summary,153,100,51,151,YES,66.22516556291392,33.77483443708609
2025,H0358,"Mark L. Earley, Jr.",R,Courts and Civil Law,Derived from LIS bill summary,134,88,46,134,YES,65.67164179104478,34.32835820895522
2025,H0378,Chris Obenshain,R,Courts and Civil Law,Derived from LIS bill summary,135,88,47,135,YES,65.18518518518519,34.81481481481482
2025,H0206,Barry D. Knight,R,Criminal Justice,Derived from LIS bill description,15,1,1,2,INSUFFICIENT DATA,50.0,50.0
2025,H0150,"Daniel W. Marshall, III",R,Criminal Justice,Derived from LIS bill description,15,0,0,0,INSUFFICIENT DATA,0.0,0.0
2025,H0242,Israel D. O'Quinn,R,Criminal Justice,Derived from LIS bill description,17,11,6,17,MIXED,64.70588235294117,35.294117647058826
2025,H0262,"James A. ""Jay"" Leftwich",R,Criminal Justice,Derived from LIS bill summary,264,165,90,255,MIXED,64.70588235294117,35.294117647058826
2025,H0308,Joseph P. McNamara,R,Criminal Justice,Derived from LIS bill description,15,9,5,14,MIXED,64.28571428571429,35.714285714285715
2025,H0357,Will Davis,R,Criminal Justice,Derived from LIS bill summary,245,157,88,245,MIXED,64.08163265306122,35.91836734693877
2025,H0359,N. Baxter Ennis,R,Criminal Justice,Derived from LIS bill summary,221,139,79,218,MIXED,63.76146788990825,36.23853211009174
2025,H0224,James W. Morefield,R,Criminal Justice,Derived from LIS bill summary,209,131,78,209,MIXED,62.67942583732058,37.32057416267943
2025,H0333,Jason S. Ballard,R,Criminal Justice,Derived from LIS bill summary,259,161,96,257,MIXED,62.64591439688716,37.35408560311284
2025,H0267,"Robert S. Bloxom, Jr.",R,Criminal Justice,Derived from LIS bill summary,208,129,77,206,MIXED,62.62135922330098,37.37864077669903
2025,H0325,Wendell S. Walker,R,Criminal Justice,Derived from LIS bill description,16,10,6,16,MIXED,62.5,37.5
2025,H0346,Kim A. Taylor,R,Criminal Justice,Derived from LIS bill summary,220,116,70,186,MIXED,62.365591397849464,37.634408602150536
2025,H0345,Anne Ferrell Tata,R,Criminal Justice,Derived from LIS bill summary,212,130,80,210,MIXED,61.904761904761905,38.095238095238095
2025,H0373,Ian T. Lovejoy,R,Criminal Justice,Derived from LIS bill summary,177,106,68,174,MIXED,60.91954022988506,39.08045977011494
2025,H0206,Barry D. Knight,R,Criminal Justice,Derived from LIS bill summary,188,38,25,63,MIXED,60.317460317460316,39.682539682539684
2025,H0335,Mike A. Cherry,R,Criminal Justice,Derived from LIS bill summary,192,114,75,189,MIXED,60.317460317460316,39.682539682539684
2025,H0350,Ellen H. Campbell,R,Criminal Justice,Derived from LIS bill summary,203,119,79,198,MIXED,60.1010101010101,39.8989898989899
2025,H0378,Chris Obenshain,R,Criminal Justice,Derived from LIS bill summary,280,168,112,280,MIXED,60.0,40.0
2025,H0321,Chris S. Runion,R,Criminal Justice,Derived from LIS bill description,15,9,6,15,MIXED,60.0,40.0
2025,H0124,R. Lee Ware,R,Criminal Justice,Derived from LIS bill description,15,9,6,15,MIXED,60.0,40.0
2025,H0328,Scott A. Wyatt,R,Criminal Justice,Derived from LIS bill description,15,9,6,15,MIXED,60.0,40.0
2025,H0136,"Thomas C. Wright, Jr.",R,Criminal Justice,Derived from LIS bill description,15,9,6,15,MIXED,60.0,40.0
2025,H0352,"Jonathan ""Jed"" Arnold",R,Criminal Justice,Derived from LIS bill summary,253,145,97,242,MIXED,59.917355371900825,40.082644628099175
2025,H0367,Geary Higgins,R,Criminal Justice,Derived from LIS bill summary,184,109,74,183,MIXED,59.56284153005464,40.43715846994536
2025,H0253,Terry L. Austin,R,Criminal Justice,Derived from LIS bill summary,213,126,87,213,MIXED,59.154929577464785,40.845070422535215
2025,H0363,W. Chad Green,R,Criminal Justice,Derived from LIS bill summary,183,108,75,183,MIXED,59.01639344262295,40.98360655737705
2025,H0181,C. Todd Gilbert,R,Criminal Justice,Derived from LIS bill description,17,10,7,17,MIXED,58.82352941176471,41.17647058823529
2025,H0347,"H. Otto Wachsmann, Jr.",R,Criminal Justice,Derived from LIS bill description,17,10,7,17,MIXED,58.82352941176471,41.17647058823529
2025,H0329,Bill Wiley,R,Criminal Justice,Derived from LIS bill summary,203,119,84,203,MIXED,58.620689655172406,41.37931034482759
2025,H0313,Amanda E. Batten,R,Criminal Justice,Derived from LIS bill summary,374,216,158,374,MIXED,57.75401069518716,42.24598930481284
2025,H0259,"Hyland F. ""Buddy"" Fowler, Jr.",R,Criminal Justice,Derived from LIS bill description,15,8,6,14,MIXED,57.14285714285714,42.857142857142854
2025,H0362,"Thomas A. Garrett, Jr.",R,Criminal Justice,Derived from LIS bill description,15,8,6,14,MIXED,57.14285714285714,42.857142857142854
2025,H0379,David Owen,R,Criminal Justice,Derived from LIS bill summary,219,123,94,217,MIXED,56.68202764976959,43.31797235023041
2025,H0325,Wendell S. Walker,R,Criminal Justice,Derived from LIS bill summary,180,102,78,180,MIXED,56.666666666666664,43.333333333333336
2025,H0347,"H. Otto Wachsmann, Jr.",R,Criminal Justice,Derived from LIS bill summary,186,105,81,186,MIXED,56.451612903225815,43.54838709677419
2025,H0369,Hillary Pugh Kent,R,Criminal Justice,Derived from LIS bill summary,170,95,75,170,MIXED,55.88235294117647,44.11764705882353
2025,H0384,Eric Phillips,R,Criminal Justice,Derived from LIS bill summary,207,113,90,203,MIXED,55.66502463054187,44.33497536945813
2025,H0328,Scott A. Wyatt,R,Criminal Justice,Derived from LIS bill summary,209,114,94,208,MIXED,54.807692307692314,45.19230769230769
2025,H0259,"Hyland F. ""Buddy"" Fowler, Jr.",R,Criminal Justice,Derived from LIS bill summary,180,97,81,178,MIXED,54.49438202247191,45.50561797752809
2025,H0242,Israel D. O'Quinn,R,Criminal Justice,Derived from LIS bill summary,178,94,81,175,MIXED,53.714285714285715,46.285714285714285
2025,H0308,Joseph P. McNamara,R,Criminal Justice,Derived from LIS bill summary,179,94,82,176,MIXED,53.40909090909091,46.590909090909086
2025,H0383,Eric R. Zehr,R,Criminal Justice,Derived from LIS bill description,15,8,7,15,MIXED,53.333333333333336,46.666666666666664
2025,H0364,Timothy P. Griffin,R,Criminal Justice,Derived from LIS bill description,15,8,7,15,MIXED,53.333333333333336,46.666666666666664
2025,H0342,Phillip A. Scott,R,Criminal Justice,Derived from LIS bill description,17,9,8,17,MIXED,52.94117647058824,47.05882352941176
2025,H0124,R. Lee Ware,R,Criminal Justice,Derived from LIS bill summary,170,88,81,169,MIXED,52.071005917159766,47.928994082840234
2025,H0376,Paul V. Milde,R,Criminal Justice,Derived from LIS bill summary,175,86,81,167,MIXED,51.49700598802395,48.50299401197605
2025,H0231,Tony O. Wilt,R,Criminal Justice,Derived from LIS bill summary,232,119,113,232,MIXED,51.293103448275865,48.706896551724135
2025,H0321,Chris S. Runion,R,Criminal Justice,Derived from LIS bill summary,173,87,85,172,MIXED,50.58139534883721,49.41860465116279
2025,H0150,"Daniel W. Marshall, III",R,Criminal Justice,Derived from LIS bill summary,192,11,11,22,MIXED,50.0,50.0
2025,H0279,Nicholas J. Freitas,R,Criminal Justice,Derived from LIS bill description,15,7,7,14,MIXED,50.0,50.0
2025,H0377,Delores Oates,R,Criminal Justice,Derived from LIS bill summary,209,100,109,209,MIXED,47.84688995215311,52.15311004784689
2025,H0136,"Thomas C. Wright, Jr.",R,Criminal Justice,Derived from LIS bill summary,171,71,80,151,MIXED,47.019867549668874,52.980132450331126
2025,H0181,C. Todd Gilbert,R,Criminal Justice,Derived from LIS bill summary,174,76,93,169,MIXED,44.97041420118343,55.02958579881657
2025,H0342,Phillip A. Scott,R,Criminal Justice,Derived from LIS bill summary,185,80,101,181,MIXED,44.19889502762431,55.80110497237569
2025,H0247,Michael J. Webert,R,Criminal Justice,Derived from LIS bill summary,209,88,115,203,MIXED,43.34975369458128,56.65024630541872
2025,H0279,Nicholas J. Freitas,R,Criminal Justice,Derived from LIS bill summary,174,73,96,169,MIXED,43.19526627218935,56.80473372781065
2025,H0383,Eric R. Zehr,R,Criminal Justice,Derived from LIS bill summary,175,74,98,172,MIXED,43.02325581395349,56.97674418604651
2025,H0362,"Thomas A. Garrett, Jr.",R,Criminal Justice,Derived from LIS bill summary,172,62,85,147,MIXED,42.17687074829932,57.82312925170068
2025,H0364,Timothy P. Griffin,R,Criminal Justice,Derived from LIS bill summary,175,69,105,174,MIXED,39.6551724137931,60.3448275862069
2025,H0375,Adele Y. McClure,D,Criminal Justice,Derived from LIS bill description,18,16,0,16,YES,100.0,0.0
2025,H0239,Alfonso H. Lopez,D,Criminal Justice,Derived from LIS bill description,18,18,0,18,YES,100.0,0.0
2025,H0371,Amy J. Laufer,D,Criminal Justice,Derived from LIS bill description,15,15,0,15,YES,100.0,0.0
2025,H0380,Atoosa R. Reaser,D,Criminal Justice,Derived from LIS bill description,23,23,0,23,YES,100.0,0.0
2025,H0212,Betsy B. Carr,D,Criminal Justice,Derived from LIS bill description,16,16,0,16,YES,100.0,0.0
2025,H0353,Bonita G. Anthony,D,Criminal Justice,Derived from LIS bill description,16,16,0,16,YES,100.0,0.0
2025,H0343,Briana D. Sewell,D,Criminal Justice,Derived from LIS bill description,15,15,0,15,YES,100.0,0.0
2025,H0285,"C.E. Cliff Hayes, Jr.",D,Criminal Justice,Derived from LIS bill description,17,17,0,17,YES,100.0,0.0
2025,H0208,Charniele L. Herring,D,Criminal Justice,Derived from LIS bill description,17,17,0,17,YES,100.0,0.0
2025,H0317,Dan I. Helmer,D,Criminal Justice,Derived from LIS bill description,19,19,0,19,YES,100.0,0.0
2025,H0301,David A. Reid,D,Criminal Justice,Derived from LIS bill description,16,16,0,16,YES,100.0,0.0
2025,H0177,David L. Bulova,D,Criminal Justice,Derived from LIS bill description,15,15,0,15,YES,100.0,0.0
2025,H0361,Debra D. Gardner,D,Criminal Justice,Derived from LIS bill description,16,16,0,16,YES,100.0,0.0
2025,H0207,Delores L. McQuinn,D,Criminal Justice,Derived from LIS bill description,15,14,0,14,YES,100.0,0.0
2025,H0372,Destiny LeVere Bolling,D,Criminal Justice,Derived from LIS bill description,16,15,0,15,YES,100.0,0.0
2025,H0322,Don Scott,D,Criminal Justice,Derived from LIS bill description,16,16,0,16,YES,100.0,0.0
2025,H0350,Ellen H. Campbell,R,Criminal Justice,Derived from LIS bill description,15,10,0,10,YES,100.0,0.0
2025,H0351,Holly M. Seibold,D,Criminal Justice,Derived from LIS bill description,20,20,0,20,YES,100.0,0.0
2025,H0344,Irene Shin,D,Criminal Justice,Derived from LIS bill description,16,14,0,14,YES,100.0,0.0
2025,H0385,JJ Singh,D,Criminal Justice,Derived from LIS bill description,17,17,0,17,YES,100.0,0.0
2025,H0349,Jackie H. Glass,D,Criminal Justice,Derived from LIS bill description,16,16,0,16,YES,100.0,0.0
2025,H0173,Jeion A. Ward,D,Criminal Justice,Derived from LIS bill description,16,15,0,15,YES,100.0,0.0
2025,H0382,Joshua E. Thomas,D,Criminal Justice,Derived from LIS bill description,28,28,0,28,YES,100.0,0.0
2025,H0314,Joshua G. Cole,D,Criminal Justice,Derived from LIS bill description,17,17,0,17,YES,100.0,0.0
2025,H0370,Karen Keys-Gamarra,D,Criminal Justice,Derived from LIS bill description,23,23,0,23,YES,100.0,0.0
2025,H0294,Karrie K. Delaney,D,Criminal Justice,Derived from LIS bill description,27,26,0,26,YES,100.0,0.0
2025,H0354,Katrina Callsen,D,Criminal Justice,Derived from LIS bill description,27,27,0,27,YES,100.0,0.0
2025,H0295,Kelly K. Convirs-Fowler,D,Criminal Justice,Derived from LIS bill description,16,16,0,16,YES,100.0,0.0
2025,H0227,Luke E. Torian,D,Criminal Justice,Derived from LIS bill description,16,16,0,16,YES,100.0,0.0
2025,H0172,Mark D. Sickles,D,Criminal Justice,Derived from LIS bill description,18,18,0,18,YES,100.0,0.0
2025,H0374,Marty Martinez,D,Criminal Justice,Derived from LIS bill description,15,15,0,15,YES,100.0,0.0
2025,H0360,Michael B. Feggans,D,Criminal Justice,Derived from LIS bill description,18,18,0,18,YES,100.0,0.0
2025,H0368,Michael J. Jones,D,Criminal Justice,Derived from LIS bill description,15,14,0,14,YES,100.0,0.0
2025,H0340,Michelle Lopes Maldonado,D,Criminal Justice,Derived from LIS bill description,24,24,0,24,YES,100.0,0.0
2025,H0336,Nadarius E. Clark,D,Criminal Justice,Derived from LIS bill description,18,17,0,17,YES,100.0,0.0
2025,H0219,Patrick A. Hope,D,Criminal Justice,Derived from LIS bill description,31,28,0,28,YES,100.0,0.0
2025,H0281,Paul E. Krizek,D,Criminal Justice,Derived from LIS bill description,16,16,0,16,YES,100.0,0.0
2025,H0366,Phil M. Hernandez,D,Criminal Justice,Derived from LIS bill description,27,27,0,27,YES,100.0,0.0
2025,H0269,"Richard C. ""Rip"" Sullivan, Jr.",D,Criminal Justice,Derived from LIS bill description,24,24,0,24,YES,100.0,0.0
2025,H0327,Rodney T. Willett,D,Criminal Justice,Derived from LIS bill description,16,16,0,16,YES,100.0,0.0
2025,H0365,"Rozia A. Henson, Jr.",D,Criminal Justice,Derived from LIS bill description,17,17,0,17,YES,100.0,0.0
2025,H0266,Sam Rasoul,D,Criminal Justice,Derived from LIS bill description,20,18,0,18,YES,100.0,0.0
2025,H0323,Shelly A. Simonds,D,Criminal Justice,Derived from LIS bill description,15,15,0,15,YES,100.0,0.0
2025,H0108,Vivian E. Watts,D,Criminal Justice,Derived from LIS bill description,28,28,0,28,YES,100.0,0.0
2025,H0330,Candi Mundon King,D,Criminal Justice,Derived from LIS bill description,20,18,1,19,YES,94.73684210526315,5.263157894736842
2025,H0294,Karrie K. Delaney,D,Criminal Justice,Derived from LIS bill summary,330,304,18,322,YES,94.40993788819875,5.590062111801243
2025,H0108,Vivian E. Watts,D,Criminal Justice,Derived from LIS bill summary,318,297,18,315,YES,94.28571428571428,5.714285714285714
2025,H0305,Kathy K.L. Tran,D,Criminal Justice,Derived from LIS bill description,17,16,1,17,YES,94.11764705882352,5.88235294117647
2025,H0284,"Marcia S. ""Cia"" Price",D,Criminal Justice,Derived from LIS bill description,17,15,1,16,YES,93.75,6.25
2025,H0366,Phil M. Hernandez,D,Criminal Justice,Derived from LIS bill summary,316,288,20,308,YES,93.5064935064935,6.493506493506493
2025,H0219,Patrick A. Hope,D,Criminal Justice,Derived from LIS bill summary,367,282,20,302,YES,93.37748344370861,6.622516556291391
2025,H0337,A.C. Cordoza,R,Criminal Justice,Derived from LIS bill description,30,28,2,30,YES,93.33333333333333,6.666666666666667
2025,H0315,Carrie E. Coyner,R,Criminal Justice,Derived from LIS bill description,16,14,1,15,YES,93.33333333333333,6.666666666666667
2025,H0334,Elizabeth B. Bennett-Parker,D,Criminal Justice,Derived from LIS bill description,15,14,1,15,YES,93.33333333333333,6.666666666666667
2025,H0382,Joshua E. Thomas,D,Criminal Justice,Derived from LIS bill summary,318,294,21,315,YES,93.33333333333333,6.666666666666667
2025,H0355,Laura Jane Cohen,D,Criminal Justice,Derived from LIS bill description,15,14,1,15,YES,93.33333333333333,6.666666666666667
2025,H0207,Delores L. McQuinn,D,Criminal Justice,Derived from LIS bill summary,214,175,13,188,YES,93.08510638297872,6.914893617021277
2025,H0380,Atoosa R. Reaser,D,Criminal Justice,Derived from LIS bill summary,265,245,19,264,YES,92.8030303030303,7.196969696969697
2025,H0348,Wren M. Williams,R,Criminal Justice,Derived from LIS bill description,27,25,2,27,YES,92.5925925925926,7.4074074074074066
2025,H0269,"Richard C. ""Rip"" Sullivan, Jr.",D,Criminal Justice,Derived from LIS bill summary,255,235,19,254,YES,92.51968503937007,7.480314960629922
2025,H0311,Alex Q. Askew,D,Criminal Justice,Derived from LIS bill description,15,12,1,13,YES,92.3076923076923,7.6923076923076925
2025,H0172,Mark D. Sickles,D,Criminal Justice,Derived from LIS bill summary,222,195,17,212,YES,91.98113207547169,8.018867924528301
2025,H0351,Holly M. Seibold,D,Criminal Justice,Derived from LIS bill summary,240,219,20,239,YES,91.63179916317992,8.368200836820083
2025,H0356,Rae Cousins,D,Criminal Justice,Derived from LIS bill summary,361,328,30,358,YES,91.62011173184358,8.379888268156424
2025,H0340,Michelle Lopes Maldonado,D,Criminal Justice,Derived from LIS bill summary,252,230,22,252,YES,91.26984126984127,8.73015873015873
2025,H0227,Luke E. Torian,D,Criminal Justice,Derived from LIS bill summary,216,182,18,200,YES,91.0,9.0
2025,H0239,Alfonso H. Lopez,D,Criminal Justice,Derived from LIS bill summary,212,191,19,210,YES,90.95238095238095,9.047619047619047
2025,H0370,Karen Keys-Gamarra,D,Criminal Justice,Derived from LIS bill summary,254,231,23,254,YES,90.94488188976378,9.05511811023622
2025,H0354,Katrina Callsen,D,Criminal Justice,Derived from LIS bill summary,319,290,29,319,YES,90.9090909090909,9.090909090909092
2025,H0330,Candi Mundon King,D,Criminal Justice,Derived from LIS bill summary,236,206,21,227,YES,90.7488986784141,9.251101321585903
2025,H0301,David A. Reid,D,Criminal Justice,Derived from LIS bill summary,204,185,19,204,YES,90.68627450980392,9.313725490196079
2025,H0327,Rodney T. Willett,D,Criminal Justice,Derived from LIS bill summary,206,185,19,204,YES,90.68627450980392,9.313725490196079
2025,H0285,"C.E. Cliff Hayes, Jr.",D,Criminal Justice,Derived from LIS bill summary,210,175,18,193,YES,90.67357512953367,9.32642487046632
2025,H0281,Paul E. Krizek,D,Criminal Justice,Derived from LIS bill summary,213,193,20,213,YES,90.61032863849765,9.389671361502346
2025,H0317,Dan I. Helmer,D,Criminal Justice,Derived from LIS bill summary,212,192,20,212,YES,90.56603773584906,9.433962264150944
2025,H0311,Alex Q. Askew,D,Criminal Justice,Derived from LIS bill summary,216,191,20,211,YES,90.52132701421802,9.47867298578199
2025,H0177,David L. Bulova,D,Criminal Justice,Derived from LIS bill summary,203,180,19,199,YES,90.45226130653266,9.547738693467336
2025,H0266,Sam Rasoul,D,Criminal Justice,Derived from LIS bill summary,263,224,24,248,YES,90.32258064516128,9.67741935483871
2025,H0264,Marcus B. Simon,D,Criminal Justice,Derived from LIS bill summary,323,270,29,299,YES,90.3010033444816,9.698996655518394
2025,H0212,Betsy B. Carr,D,Criminal Justice,Derived from LIS bill summary,205,182,20,202,YES,90.0990099009901,9.900990099009901
2025,H0322,Don Scott,D,Criminal Justice,Derived from LIS bill summary,171,153,17,170,YES,90.0,10.0
2025,H0356,Rae Cousins,D,Criminal Justice,Derived from LIS bill description,30,27,3,30,YES,90.0,10.0
2025,H0336,Nadarius E. Clark,D,Criminal Justice,Derived from LIS bill summary,214,187,21,208,YES,89.90384615384616,10.096153846153847
2025,H0361,Debra D. Gardner,D,Criminal Justice,Derived from LIS bill summary,188,168,19,187,YES,89.83957219251337,10.16042780748663
2025,H0375,Adele Y. McClure,D,Criminal Justice,Derived from LIS bill summary,221,194,22,216,YES,89.81481481481481,10.185185185185185
2025,H0208,Charniele L. Herring,D,Criminal Justice,Derived from LIS bill summary,185,165,19,184,YES,89.67391304347827,10.326086956521738
2025,H0385,JJ Singh,D,Criminal Justice,Derived from LIS bill summary,186,165,19,184,YES,89.67391304347827,10.326086956521738
2025,H0323,Shelly A. Simonds,D,Criminal Justice,Derived from LIS bill summary,184,165,19,184,YES,89.67391304347827,10.326086956521738
2025,H0360,Michael B. Feggans,D,Criminal Justice,Derived from LIS bill summary,213,190,22,212,YES,89.62264150943396,10.377358490566039
2025,H0295,Kelly K. Convirs-Fowler,D,Criminal Justice,Derived from LIS bill summary,175,154,18,172,YES,89.53488372093024,10.465116279069768
2025,H0359,N. Baxter Ennis,R,Criminal Justice,Derived from LIS bill description,19,17,2,19,YES,89.47368421052632,10.526315789473683
2025,H0173,Jeion A. Ward,D,Criminal Justice,Derived from LIS bill summary,180,160,19,179,YES,89.3854748603352,10.614525139664805
2025,H0343,Briana D. Sewell,D,Criminal Justice,Derived from LIS bill summary,216,193,23,216,YES,89.35185185185185,10.648148148148149
2025,H0353,Bonita G. Anthony,D,Criminal Justice,Derived from LIS bill summary,178,158,19,177,YES,89.26553672316385,10.734463276836157
2025,H0372,Destiny LeVere Bolling,D,Criminal Justice,Derived from LIS bill summary,183,158,19,177,YES,89.26553672316385,10.734463276836157
2025,H0374,Marty Martinez,D,Criminal Justice,Derived from LIS bill summary,177,156,19,175,YES,89.14285714285714,10.857142857142858
2025,H0355,Laura Jane Cohen,D,Criminal Justice,Derived from LIS bill summary,182,162,20,182,YES,89.01098901098901,10.989010989010989
2025,H0371,Amy J. Laufer,D,Criminal Justice,Derived from LIS bill summary,174,152,19,171,YES,88.88888888888889,11.11111111111111
2025,H0344,Irene Shin,D,Criminal Justice,Derived from LIS bill summary,191,168,21,189,YES,88.88888888888889,11.11111111111111
2025,H0264,Marcus B. Simon,D,Criminal Justice,Derived from LIS bill description,29,24,3,27,YES,88.88888888888889,11.11111111111111
2025,H0365,"Rozia A. Henson, Jr.",D,Criminal Justice,Derived from LIS bill summary,188,167,21,188,YES,88.82978723404256,11.170212765957446
2025,H0314,Joshua G. Cole,D,Criminal Justice,Derived from LIS bill summary,194,159,20,179,YES,88.8268156424581,11.1731843575419
2025,H0368,Michael J. Jones,D,Criminal Justice,Derived from LIS bill summary,176,133,17,150,YES,88.66666666666667,11.333333333333332
2025,H0305,Kathy K.L. Tran,D,Criminal Justice,Derived from LIS bill summary,183,162,21,183,YES,88.52459016393442,11.475409836065573
2025,H0284,"Marcia S. ""Cia"" Price",D,Criminal Justice,Derived from LIS bill summary,197,173,23,196,YES,88.26530612244898,11.73469387755102
2025,H0346,Kim A. Taylor,R,Criminal Justice,Derived from LIS bill description,19,15,2,17,YES,88.23529411764706,11.76470588235294
2025,H0334,Elizabeth B. Bennett-Parker,D,Criminal Justice,Derived from LIS bill summary,185,157,21,178,YES,88.20224719101124,11.797752808988763
2025,H0367,Geary Higgins,R,Criminal Justice,Derived from LIS bill description,16,14,2,16,YES,87.5,12.5
2025,H0267,"Robert S. Bloxom, Jr.",R,Criminal Justice,Derived from LIS bill description,16,14,2,16,YES,87.5,12.5
2025,H0253,Terry L. Austin,R,Criminal Justice,Derived from LIS bill description,16,14,2,16,YES,87.5,12.5
2025,H0363,W. Chad Green,R,Criminal Justice,Derived from LIS bill description,16,14,2,16,YES,87.5,12.5
2025,H0358,"Mark L. Earley, Jr.",R,Criminal Justice,Derived from LIS bill description,23,20,3,23,YES,86.95652173913044,13.043478260869565
2025,H0349,Jackie H. Glass,D,Criminal Justice,Derived from LIS bill summary,181,153,23,176,YES,86.93181818181817,13.068181818181818
2025,H0379,David Owen,R,Criminal Justice,Derived from LIS bill description,19,16,3,19,YES,84.21052631578947,15.789473684210526
2025,H0073,"Robert D. Orrock, Sr.",R,Criminal Justice,Derived from LIS bill description,16,13,3,16,YES,81.25,18.75
2025,H0345,Anne Ferrell Tata,R,Criminal Justice,Derived from LIS bill description,15,12,3,15,YES,80.0,20.0
2025,H0262,"James A. ""Jay"" Leftwich",R,Criminal Justice,Derived from LIS bill description,24,19,5,24,YES,79.16666666666666,20.833333333333336
2025,H0056,Terry G. Kilgore,R,Criminal Justice,Derived from LIS bill description,24,19,5,24,YES,79.16666666666666,20.833333333333336
2025,H0384,Eric Phillips,R,Criminal Justice,Derived from LIS bill description,19,15,4,19,YES,78.94736842105263,21.052631578947366
2025,H0333,Jason S. Ballard,R,Criminal Justice,Derived from LIS bill description,23,18,5,23,YES,78.26086956521739,21.73913043478261
2025,H0357,Will Davis,R,Criminal Justice,Derived from LIS bill description,23,18,5,23,YES,78.26086956521739,21.73913043478261
2025,H0335,Mike A. Cherry,R,Criminal Justice,Derived from LIS bill description,17,13,4,17,YES,76.47058823529412,23.52941176470588
2025,H0352,"Jonathan ""Jed"" Arnold",R,Criminal Justice,Derived from LIS bill description,23,15,5,20,YES,75.0,25.0
2025,H0238,M. Keith Hodges,R,Criminal Justice,Derived from LIS bill description,16,12,4,16,YES,75.0,25.0
2025,H0348,Wren M. Williams,R,Criminal Justice,Derived from LIS bill summary,321,237,82,319,YES,74.29467084639498,25.705329153605017
2025,H0373,Ian T. Lovejoy,R,Criminal Justice,Derived from LIS bill description,15,11,4,15,YES,73.33333333333333,26.666666666666668
2025,H0378,Chris Obenshain,R,Criminal Justice,Derived from LIS bill description,26,19,7,26,YES,73.07692307692307,26.923076923076923
2025,H0337,A.C. Cordoza,R,Criminal Justice,Derived from LIS bill summary,353,255,96,351,YES,72.64957264957265,27.350427350427353
2025,H0315,Carrie E. Coyner,R,Criminal Justice,Derived from LIS bill summary,210,132,51,183,YES,72.1311475409836,27.86885245901639
2025,H0329,Bill Wiley,R,Criminal Justice,Derived from LIS bill description,15,10,4,14,YES,71.42857142857143,28.57142857142857
2025,H0376,Paul V. Milde,R,Criminal Justice,Derived from LIS bill description,16,10,4,14,YES,71.42857142857143,28.57142857142857
2025,H0358,"Mark L. Earley, Jr.",R,Criminal Justice,Derived from LIS bill summary,247,174,71,245,YES,71.0204081632653,28.97959183673469
2025,H0231,Tony O. Wilt,R,Criminal Justice,Derived from LIS bill description,20,14,6,20,YES,70.0,30.0
2025,H0313,Amanda E. Batten,R,Criminal Justice,Derived from LIS bill description,32,22,10,32,YES,68.75,31.25
2025,H0247,Michael J. Webert,R,Criminal Justice,Derived from LIS bill description,19,13,6,19,YES,68.42105263157895,31.57894736842105
2025,H0377,Delores Oates,R,Criminal Justice,Derived from LIS bill description,18,12,6,18,YES,66.66666666666666,33.33333333333333
2025,H0369,Hillary Pugh Kent,R,Criminal Justice,Derived from LIS bill description,15,10,5,15,YES,66.66666666666666,33.33333333333333
2025,H0224,James W. Morefield,R,Criminal Justice,Derived from LIS bill description,15,10,5,15,YES,66.66666666666666,33.33333333333333
2025,H0073,"Robert D. Orrock, Sr.",R,Criminal Justice,Derived from LIS bill summary,182,115,58,173,YES,66.47398843930635,33.52601156069364
2025,H0056,Terry G. Kilgore,R,Criminal Justice,Derived from LIS bill summary,255,162,84,246,YES,65.85365853658537,34.146341463414636
2025,H0238,M. Keith Hodges,R,Criminal Justice,Derived from LIS bill summary,209,136,73,209,YES,65.07177033492823,34.92822966507177
2025,H0375,Adele Y. McClure,D,Data Centers,Derived from LIS bill description,2,2,0,2,INSUFFICIENT DATA,100.0,0.0
2025,H0311,Alex Q. Askew,D,Data Centers,Derived from LIS bill description,2,2,0,2,INSUFFICIENT DATA,100.0,0.0
2025,H0239,Alfonso H. Lopez,D,Data Centers,Derived from LIS bill description,4,4,0,4,INSUFFICIENT DATA,100.0,0.0
2025,H0371,Amy J. Laufer,D,Data Centers,Derived from LIS bill description,2,2,0,2,INSUFFICIENT DATA,100.0,0.0
2025,H0380,Atoosa R. Reaser,D,Data Centers,Derived from LIS bill description,2,2,0,2,INSUFFICIENT DATA,100.0,0.0
2025,H0212,Betsy B. Carr,D,Data Centers,Derived from LIS bill description,2,2,0,2,INSUFFICIENT DATA,100.0,0.0
2025,H0353,Bonita G. Anthony,D,Data Centers,Derived from LIS bill description,2,2,0,2,INSUFFICIENT DATA,100.0,0.0
2025,H0343,Briana D. Sewell,D,Data Centers,Derived from LIS bill description,2,2,0,2,INSUFFICIENT DATA,100.0,0.0
2025,H0285,"C.E. Cliff Hayes, Jr.",D,Data Centers,Derived from LIS bill description,2,2,0,2,INSUFFICIENT DATA,100.0,0.0
2025,H0315,Carrie E. Coyner,R,Data Centers,Derived from LIS bill description,2,2,0,2,INSUFFICIENT DATA,100.0,0.0
2025,H0208,Charniele L. Herring,D,Data Centers,Derived from LIS bill description,4,4,0,4,INSUFFICIENT DATA,100.0,0.0
2025,H0378,Chris Obenshain,R,Data Centers,Derived from LIS bill description,2,2,0,2,INSUFFICIENT DATA,100.0,0.0
2025,H0317,Dan I. Helmer,D,Data Centers,Derived from LIS bill description,3,3,0,3,INSUFFICIENT DATA,100.0,0.0
2025,H0301,David A. Reid,D,Data Centers,Derived from LIS bill description,2,2,0,2,INSUFFICIENT DATA,100.0,0.0
2025,H0177,David L. Bulova,D,Data Centers,Derived from LIS bill description,2,2,0,2,INSUFFICIENT DATA,100.0,0.0
2025,H0361,Debra D. Gardner,D,Data Centers,Derived from LIS bill description,2,2,0,2,INSUFFICIENT DATA,100.0,0.0
2025,H0372,Destiny LeVere Bolling,D,Data Centers,Derived from LIS bill description,3,3,0,3,INSUFFICIENT DATA,100.0,0.0
2025,H0322,Don Scott,D,Data Centers,Derived from LIS bill description,2,2,0,2,INSUFFICIENT DATA,100.0,0.0
2025,H0334,Elizabeth B. Bennett-Parker,D,Data Centers,Derived from LIS bill description,2,2,0,2,INSUFFICIENT DATA,100.0,0.0
2025,H0367,Geary Higgins,R,Data Centers,Derived from LIS bill description,2,2,0,2,INSUFFICIENT DATA,100.0,0.0
2025,H0369,Hillary Pugh Kent,R,Data Centers,Derived from LIS bill description,2,2,0,2,INSUFFICIENT DATA,100.0,0.0
2025,H0351,Holly M. Seibold,D,Data Centers,Derived from LIS bill description,2,2,0,2,INSUFFICIENT DATA,100.0,0.0
2025,H0373,Ian T. Lovejoy,R,Data Centers,Derived from LIS bill description,2,2,0,2,INSUFFICIENT DATA,100.0,0.0
2025,H0344,Irene Shin,D,Data Centers,Derived from LIS bill description,4,3,0,3,INSUFFICIENT DATA,100.0,0.0
2025,H0385,JJ Singh,D,Data Centers,Derived from LIS bill description,2,2,0,2,INSUFFICIENT DATA,100.0,0.0
2025,H0349,Jackie H. Glass,D,Data Centers,Derived from LIS bill description,2,2,0,2,INSUFFICIENT DATA,100.0,0.0
2025,H0262,"James A. ""Jay"" Leftwich",R,Data Centers,Derived from LIS bill description,2,2,0,2,INSUFFICIENT DATA,100.0,0.0
2025,H0173,Jeion A. Ward,D,Data Centers,Derived from LIS bill description,4,3,0,3,INSUFFICIENT DATA,100.0,0.0
2025,H0308,Joseph P. McNamara,R,Data Centers,Derived from LIS bill description,3,3,0,3,INSUFFICIENT DATA,100.0,0.0
2025,H0382,Joshua E. Thomas,D,Data Centers,Derived from LIS bill description,2,2,0,2,INSUFFICIENT DATA,100.0,0.0
2025,H0314,Joshua G. Cole,D,Data Centers,Derived from LIS bill description,2,2,0,2,INSUFFICIENT DATA,100.0,0.0
2025,H0370,Karen Keys-Gamarra,D,Data Centers,Derived from LIS bill description,2,2,0,2,INSUFFICIENT DATA,100.0,0.0
2025,H0294,Karrie K. Delaney,D,Data Centers,Derived from LIS bill description,2,2,0,2,INSUFFICIENT DATA,100.0,0.0
2025,H0305,Kathy K.L. Tran,D,Data Centers,Derived from LIS bill description,2,2,0,2,INSUFFICIENT DATA,100.0,0.0
2025,H0354,Katrina Callsen,D,Data Centers,Derived from LIS bill description,2,2,0,2,INSUFFICIENT DATA,100.0,0.0
2025,H0295,Kelly K. Convirs-Fowler,D,Data Centers,Derived from LIS bill description,3,3,0,3,INSUFFICIENT DATA,100.0,0.0
2025,H0346,Kim A. Taylor,R,Data Centers,Derived from LIS bill description,2,2,0,2,INSUFFICIENT DATA,100.0,0.0
2025,H0355,Laura Jane Cohen,D,Data Centers,Derived from LIS bill description,2,2,0,2,INSUFFICIENT DATA,100.0,0.0
2025,H0227,Luke E. Torian,D,Data Centers,Derived from LIS bill description,2,2,0,2,INSUFFICIENT DATA,100.0,0.0
2025,H0284,"Marcia S. ""Cia"" Price",D,Data Centers,Derived from LIS bill description,2,2,0,2,INSUFFICIENT DATA,100.0,0.0
2025,H0264,Marcus B. Simon,D,Data Centers,Derived from LIS bill description,2,2,0,2,INSUFFICIENT DATA,100.0,0.0
2025,H0172,Mark D. Sickles,D,Data Centers,Derived from LIS bill description,2,2,0,2,INSUFFICIENT DATA,100.0,0.0
2025,H0358,"Mark L. Earley, Jr.",R,Data Centers,Derived from LIS bill description,2,2,0,2,INSUFFICIENT DATA,100.0,0.0
2025,H0374,Marty Martinez,D,Data Centers,Derived from LIS bill description,2,2,0,2,INSUFFICIENT DATA,100.0,0.0
2025,H0360,Michael B. Feggans,D,Data Centers,Derived from LIS bill description,3,3,0,3,INSUFFICIENT DATA,100.0,0.0
2025,H0368,Michael J. Jones,D,Data Centers,Derived from LIS bill description,4,4,0,4,INSUFFICIENT DATA,100.0,0.0
2025,H0247,Michael J. Webert,R,Data Centers,Derived from LIS bill description,4,4,0,4,INSUFFICIENT DATA,100.0,0.0
2025,H0340,Michelle Lopes Maldonado,D,Data Centers,Derived from LIS bill description,3,3,0,3,INSUFFICIENT DATA,100.0,0.0
2025,H0336,Nadarius E. Clark,D,Data Centers,Derived from LIS bill description,2,2,0,2,INSUFFICIENT DATA,100.0,0.0
2025,H0219,Patrick A. Hope,D,Data Centers,Derived from LIS bill description,2,2,0,2,INSUFFICIENT DATA,100.0,0.0
2025,H0281,Paul E. Krizek,D,Data Centers,Derived from LIS bill description,2,2,0,2,INSUFFICIENT DATA,100.0,0.0
2025,H0366,Phil M. Hernandez,D,Data Centers,Derived from LIS bill description,2,2,0,2,INSUFFICIENT DATA,100.0,0.0
2025,H0124,R. Lee Ware,R,Data Centers,Derived from LIS bill description,2,2,0,2,INSUFFICIENT DATA,100.0,0.0
2025,H0356,Rae Cousins,D,Data Centers,Derived from LIS bill description,2,2,0,2,INSUFFICIENT DATA,100.0,0.0
2025,H0269,"Richard C. ""Rip"" Sullivan, Jr.",D,Data Centers,Derived from LIS bill description,4,4,0,4,INSUFFICIENT DATA,100.0,0.0
2025,H0073,"Robert D. Orrock, Sr.",R,Data Centers,Derived from LIS bill description,2,2,0,2,INSUFFICIENT DATA,100.0,0.0
2025,H0327,Rodney T. Willett,D,Data Centers,Derived from LIS bill description,2,2,0,2,INSUFFICIENT DATA,100.0,0.0
2025,H0365,"Rozia A. Henson, Jr.",D,Data Centers,Derived from LIS bill description,2,2,0,2,INSUFFICIENT DATA,100.0,0.0
2025,H0266,Sam Rasoul,D,Data Centers,Derived from LIS bill description,2,2,0,2,INSUFFICIENT DATA,100.0,0.0
2025,H0323,Shelly A. Simonds,D,Data Centers,Derived from LIS bill description,2,2,0,2,INSUFFICIENT DATA,100.0,0.0
2025,H0108,Vivian E. Watts,D,Data Centers,Derived from LIS bill description,2,2,0,2,INSUFFICIENT DATA,100.0,0.0
2025,H0363,W. Chad Green,R,Data Centers,Derived from LIS bill description,2,2,0,2,INSUFFICIENT DATA,100.0,0.0
2025,H0317,Dan I. Helmer,D,Data Centers,Derived from LIS bill summary,7,6,1,7,INSUFFICIENT DATA,85.71428571428571,14.285714285714285
2025,H0264,Marcus B. Simon,D,Data Centers,Derived from LIS bill summary,7,6,1,7,INSUFFICIENT DATA,85.71428571428571,14.285714285714285
2025,H0368,Michael J. Jones,D,Data Centers,Derived from LIS bill summary,9,6,1,7,INSUFFICIENT DATA,85.71428571428571,14.285714285714285
2025,H0266,Sam Rasoul,D,Data Centers,Derived from LIS bill summary,8,5,1,6,INSUFFICIENT DATA,83.33333333333334,16.666666666666664
2025,H0239,Alfonso H. Lopez,D,Data Centers,Derived from LIS bill summary,9,7,2,9,INSUFFICIENT DATA,77.77777777777779,22.22222222222222
2025,H0208,Charniele L. Herring,D,Data Centers,Derived from LIS bill summary,9,7,2,9,INSUFFICIENT DATA,77.77777777777779,22.22222222222222
2025,H0373,Ian T. Lovejoy,R,Data Centers,Derived from LIS bill summary,9,7,2,9,INSUFFICIENT DATA,77.77777777777779,22.22222222222222
2025,H0374,Marty Martinez,D,Data Centers,Derived from LIS bill summary,9,7,2,9,INSUFFICIENT DATA,77.77777777777779,22.22222222222222
2025,H0330,Candi Mundon King,D,Data Centers,Derived from LIS bill description,4,3,1,4,INSUFFICIENT DATA,75.0,25.0
2025,H0372,Destiny LeVere Bolling,D,Data Centers,Derived from LIS bill summary,8,6,2,8,INSUFFICIENT DATA,75.0,25.0
2025,H0334,Elizabeth B. Bennett-Parker,D,Data Centers,Derived from LIS bill summary,9,6,2,8,INSUFFICIENT DATA,75.0,25.0
2025,H0370,Karen Keys-Gamarra,D,Data Centers,Derived from LIS bill summary,8,6,2,8,INSUFFICIENT DATA,75.0,25.0
2025,H0305,Kathy K.L. Tran,D,Data Centers,Derived from LIS bill summary,8,6,2,8,INSUFFICIENT DATA,75.0,25.0
2025,H0366,Phil M. Hernandez,D,Data Centers,Derived from LIS bill summary,8,6,2,8,INSUFFICIENT DATA,75.0,25.0
2025,H0356,Rae Cousins,D,Data Centers,Derived from LIS bill summary,8,6,2,8,INSUFFICIENT DATA,75.0,25.0
2025,H0375,Adele Y. McClure,D,Data Centers,Derived from LIS bill summary,7,5,2,7,INSUFFICIENT DATA,71.42857142857143,28.57142857142857
2025,H0371,Amy J. Laufer,D,Data Centers,Derived from LIS bill summary,7,5,2,7,INSUFFICIENT DATA,71.42857142857143,28.57142857142857
2025,H0212,Betsy B. Carr,D,Data Centers,Derived from LIS bill summary,7,5,2,7,INSUFFICIENT DATA,71.42857142857143,28.57142857142857
2025,H0353,Bonita G. Anthony,D,Data Centers,Derived from LIS bill summary,7,5,2,7,INSUFFICIENT DATA,71.42857142857143,28.57142857142857
2025,H0285,"C.E. Cliff Hayes, Jr.",D,Data Centers,Derived from LIS bill summary,7,5,2,7,INSUFFICIENT DATA,71.42857142857143,28.57142857142857
2025,H0301,David A. Reid,D,Data Centers,Derived from LIS bill summary,7,5,2,7,INSUFFICIENT DATA,71.42857142857143,28.57142857142857
2025,H0177,David L. Bulova,D,Data Centers,Derived from LIS bill summary,7,5,2,7,INSUFFICIENT DATA,71.42857142857143,28.57142857142857
2025,H0322,Don Scott,D,Data Centers,Derived from LIS bill summary,7,5,2,7,INSUFFICIENT DATA,71.42857142857143,28.57142857142857
2025,H0351,Holly M. Seibold,D,Data Centers,Derived from LIS bill summary,7,5,2,7,INSUFFICIENT DATA,71.42857142857143,28.57142857142857
2025,H0385,JJ Singh,D,Data Centers,Derived from LIS bill summary,7,5,2,7,INSUFFICIENT DATA,71.42857142857143,28.57142857142857
2025,H0349,Jackie H. Glass,D,Data Centers,Derived from LIS bill summary,7,5,2,7,INSUFFICIENT DATA,71.42857142857143,28.57142857142857
2025,H0173,Jeion A. Ward,D,Data Centers,Derived from LIS bill summary,9,5,2,7,INSUFFICIENT DATA,71.42857142857143,28.57142857142857
2025,H0382,Joshua E. Thomas,D,Data Centers,Derived from LIS bill summary,7,5,2,7,INSUFFICIENT DATA,71.42857142857143,28.57142857142857
2025,H0314,Joshua G. Cole,D,Data Centers,Derived from LIS bill summary,7,5,2,7,INSUFFICIENT DATA,71.42857142857143,28.57142857142857
2025,H0294,Karrie K. Delaney,D,Data Centers,Derived from LIS bill summary,7,5,2,7,INSUFFICIENT DATA,71.42857142857143,28.57142857142857
2025,H0295,Kelly K. Convirs-Fowler,D,Data Centers,Derived from LIS bill summary,7,5,2,7,INSUFFICIENT DATA,71.42857142857143,28.57142857142857
2025,H0227,Luke E. Torian,D,Data Centers,Derived from LIS bill summary,7,5,2,7,INSUFFICIENT DATA,71.42857142857143,28.57142857142857
2025,H0284,"Marcia S. ""Cia"" Price",D,Data Centers,Derived from LIS bill summary,7,5,2,7,INSUFFICIENT DATA,71.42857142857143,28.57142857142857
2025,H0172,Mark D. Sickles,D,Data Centers,Derived from LIS bill summary,7,5,2,7,INSUFFICIENT DATA,71.42857142857143,28.57142857142857
2025,H0360,Michael B. Feggans,D,Data Centers,Derived from LIS bill summary,7,5,2,7,INSUFFICIENT DATA,71.42857142857143,28.57142857142857
2025,H0340,Michelle Lopes Maldonado,D,Data Centers,Derived from LIS bill summary,7,5,2,7,INSUFFICIENT DATA,71.42857142857143,28.57142857142857
2025,H0336,Nadarius E. Clark,D,Data Centers,Derived from LIS bill summary,7,5,2,7,INSUFFICIENT DATA,71.42857142857143,28.57142857142857
2025,H0219,Patrick A. Hope,D,Data Centers,Derived from LIS bill summary,7,5,2,7,INSUFFICIENT DATA,71.42857142857143,28.57142857142857
2025,H0281,Paul E. Krizek,D,Data Centers,Derived from LIS bill summary,7,5,2,7,INSUFFICIENT DATA,71.42857142857143,28.57142857142857
2025,H0327,Rodney T. Willett,D,Data Centers,Derived from LIS bill summary,7,5,2,7,INSUFFICIENT DATA,71.42857142857143,28.57142857142857
2025,H0365,"Rozia A. Henson, Jr.",D,Data Centers,Derived from LIS bill summary,7,5,2,7,INSUFFICIENT DATA,71.42857142857143,28.57142857142857
2025,H0108,Vivian E. Watts,D,Data Centers,Derived from LIS bill summary,8,5,2,7,INSUFFICIENT DATA,71.42857142857143,28.57142857142857
2025,H0207,Delores L. McQuinn,D,Data Centers,Derived from LIS bill summary,7,4,2,6,INSUFFICIENT DATA,66.66666666666666,33.33333333333333
2025,H0269,"Richard C. ""Rip"" Sullivan, Jr.",D,Data Centers,Derived from LIS bill summary,9,6,3,9,INSUFFICIENT DATA,66.66666666666666,33.33333333333333
2025,H0247,Michael J. Webert,R,Data Centers,Derived from LIS bill summary,7,4,3,7,INSUFFICIENT DATA,57.14285714285714,42.857142857142854
2025,H0315,Carrie E. Coyner,R,Data Centers,Derived from LIS bill summary,8,3,3,6,INSUFFICIENT DATA,50.0,50.0
2025,H0181,C. Todd Gilbert,R,Data Centers,Derived from LIS bill summary,9,3,6,9,INSUFFICIENT DATA,33.33333333333333,66.66666666666666
2025,H0369,Hillary Pugh Kent,R,Data Centers,Derived from LIS bill summary,7,2,4,6,INSUFFICIENT DATA,33.33333333333333,66.66666666666666
2025,H0358,"Mark L. Earley, Jr.",R,Data Centers,Derived from LIS bill summary,7,2,5,7,INSUFFICIENT DATA,28.57142857142857,71.42857142857143
2025,H0359,N. Baxter Ennis,R,Data Centers,Derived from LIS bill summary,7,2,5,7,INSUFFICIENT DATA,28.57142857142857,71.42857142857143
2025,H0124,R. Lee Ware,R,Data Centers,Derived from LIS bill summary,7,2,5,7,INSUFFICIENT DATA,28.57142857142857,71.42857142857143
2025,H0073,"Robert D. Orrock, Sr.",R,Data Centers,Derived from LIS bill summary,7,2,5,7,INSUFFICIENT DATA,28.57142857142857,71.42857142857143
2025,H0321,Chris S. Runion,R,Data Centers,Derived from LIS bill summary,9,2,7,9,INSUFFICIENT DATA,22.22222222222222,77.77777777777779
2025,H0376,Paul V. Milde,R,Data Centers,Derived from LIS bill summary,7,1,5,6,INSUFFICIENT DATA,16.666666666666664,83.33333333333334
2025,H0337,A.C. Cordoza,R,Data Centers,Derived from LIS bill summary,7,1,6,7,INSUFFICIENT DATA,14.285714285714285,85.71428571428571
2025,H0378,Chris Obenshain,R,Data Centers,Derived from LIS bill summary,7,1,6,7,INSUFFICIENT DATA,14.285714285714285,85.71428571428571
2025,H0379,David Owen,R,Data Centers,Derived from LIS bill summary,7,1,6,7,INSUFFICIENT DATA,14.285714285714285,85.71428571428571
2025,H0384,Eric Phillips,R,Data Centers,Derived from LIS bill summary,7,1,6,7,INSUFFICIENT DATA,14.285714285714285,85.71428571428571
2025,H0267,"Robert S. Bloxom, Jr.",R,Data Centers,Derived from LIS bill summary,7,1,6,7,INSUFFICIENT DATA,14.285714285714285,85.71428571428571
2025,H0056,Terry G. Kilgore,R,Data Centers,Derived from LIS bill summary,7,1,6,7,INSUFFICIENT DATA,14.285714285714285,85.71428571428571
2025,H0253,Terry L. Austin,R,Data Centers,Derived from LIS bill summary,7,1,6,7,INSUFFICIENT DATA,14.285714285714285,85.71428571428571
2025,H0362,"Thomas A. Garrett, Jr.",R,Data Centers,Derived from LIS bill summary,7,1,6,7,INSUFFICIENT DATA,14.285714285714285,85.71428571428571
2025,H0136,"Thomas C. Wright, Jr.",R,Data Centers,Derived from LIS bill summary,7,1,6,7,INSUFFICIENT DATA,14.285714285714285,85.71428571428571
2025,H0259,"Hyland F. ""Buddy"" Fowler, Jr.",R,Data Centers,Derived from LIS bill summary,8,1,7,8,INSUFFICIENT DATA,12.5,87.5
2025,H0335,Mike A. Cherry,R,Data Centers,Derived from LIS bill summary,8,1,7,8,INSUFFICIENT DATA,12.5,87.5
2025,H0363,W. Chad Green,R,Data Centers,Derived from LIS bill summary,8,1,7,8,INSUFFICIENT DATA,12.5,87.5
2025,H0357,Will Davis,R,Data Centers,Derived from LIS bill summary,8,1,7,8,INSUFFICIENT DATA,12.5,87.5
2025,H0337,A.C. Cordoza,R,Data Centers,Derived from LIS bill description,2,0,2,2,INSUFFICIENT DATA,0.0,100.0
2025,H0313,Amanda E. Batten,R,Data Centers,Derived from LIS bill description,2,0,2,2,INSUFFICIENT DATA,0.0,100.0
2025,H0313,Amanda E. Batten,R,Data Centers,Derived from LIS bill summary,7,0,7,7,INSUFFICIENT DATA,0.0,100.0
2025,H0345,Anne Ferrell Tata,R,Data Centers,Derived from LIS bill description,2,0,2,2,INSUFFICIENT DATA,0.0,100.0
2025,H0206,Barry D. Knight,R,Data Centers,Derived from LIS bill description,2,0,0,0,INSUFFICIENT DATA,0.0,0.0
2025,H0206,Barry D. Knight,R,Data Centers,Derived from LIS bill summary,9,0,3,3,INSUFFICIENT DATA,0.0,100.0
2025,H0329,Bill Wiley,R,Data Centers,Derived from LIS bill description,2,0,2,2,INSUFFICIENT DATA,0.0,100.0
2025,H0329,Bill Wiley,R,Data Centers,Derived from LIS bill summary,7,0,7,7,INSUFFICIENT DATA,0.0,100.0
2025,H0181,C. Todd Gilbert,R,Data Centers,Derived from LIS bill description,4,0,4,4,INSUFFICIENT DATA,0.0,100.0
2025,H0321,Chris S. Runion,R,Data Centers,Derived from LIS bill description,3,0,3,3,INSUFFICIENT DATA,0.0,100.0
2025,H0150,"Daniel W. Marshall, III",R,Data Centers,Derived from LIS bill description,3,0,1,1,INSUFFICIENT DATA,0.0,100.0
2025,H0150,"Daniel W. Marshall, III",R,Data Centers,Derived from LIS bill summary,7,0,0,0,INSUFFICIENT DATA,0.0,0.0
2025,H0379,David Owen,R,Data Centers,Derived from LIS bill description,2,0,2,2,INSUFFICIENT DATA,0.0,100.0
2025,H0207,Delores L. McQuinn,D,Data Centers,Derived from LIS bill description,2,0,0,0,INSUFFICIENT DATA,0.0,0.0
2025,H0377,Delores Oates,R,Data Centers,Derived from LIS bill description,2,0,2,2,INSUFFICIENT DATA,0.0,100.0
2025,H0350,Ellen H. Campbell,R,Data Centers,Derived from LIS bill description,2,0,2,2,INSUFFICIENT DATA,0.0,100.0
2025,H0384,Eric Phillips,R,Data Centers,Derived from LIS bill description,2,0,2,2,INSUFFICIENT DATA,0.0,100.0
2025,H0383,Eric R. Zehr,R,Data Centers,Derived from LIS bill description,2,0,2,2,INSUFFICIENT DATA,0.0,100.0
2025,H0383,Eric R. Zehr,R,Data Centers,Derived from LIS bill summary,7,0,7,7,INSUFFICIENT DATA,0.0,100.0
2025,H0347,"H. Otto Wachsmann, Jr.",R,Data Centers,Derived from LIS bill description,2,0,2,2,INSUFFICIENT DATA,0.0,100.0
2025,H0347,"H. Otto Wachsmann, Jr.",R,Data Centers,Derived from LIS bill summary,7,0,7,7,INSUFFICIENT DATA,0.0,100.0
2025,H0259,"Hyland F. ""Buddy"" Fowler, Jr.",R,Data Centers,Derived from LIS bill description,2,0,2,2,INSUFFICIENT DATA,0.0,100.0
2025,H0242,Israel D. O'Quinn,R,Data Centers,Derived from LIS bill description,4,0,4,4,INSUFFICIENT DATA,0.0,100.0
2025,H0242,Israel D. O'Quinn,R,Data Centers,Derived from LIS bill summary,7,0,7,7,INSUFFICIENT DATA,0.0,100.0
2025,H0262,"James A. ""Jay"" Leftwich",R,Data Centers,Derived from LIS bill summary,7,0,7,7,INSUFFICIENT DATA,0.0,100.0
2025,H0224,James W. Morefield,R,Data Centers,Derived from LIS bill description,2,0,2,2,INSUFFICIENT DATA,0.0,100.0
2025,H0333,Jason S. Ballard,R,Data Centers,Derived from LIS bill description,3,0,3,3,INSUFFICIENT DATA,0.0,100.0
2025,H0333,Jason S. Ballard,R,Data Centers,Derived from LIS bill summary,7,0,7,7,INSUFFICIENT DATA,0.0,100.0
2025,H0352,"Jonathan ""Jed"" Arnold",R,Data Centers,Derived from LIS bill description,2,0,2,2,INSUFFICIENT DATA,0.0,100.0
2025,H0352,"Jonathan ""Jed"" Arnold",R,Data Centers,Derived from LIS bill summary,7,0,6,6,INSUFFICIENT DATA,0.0,100.0
2025,H0346,Kim A. Taylor,R,Data Centers,Derived from LIS bill summary,7,0,7,7,INSUFFICIENT DATA,0.0,100.0
2025,H0238,M. Keith Hodges,R,Data Centers,Derived from LIS bill description,2,0,2,2,INSUFFICIENT DATA,0.0,100.0
2025,H0335,Mike A. Cherry,R,Data Centers,Derived from LIS bill description,2,0,2,2,INSUFFICIENT DATA,0.0,100.0
2025,H0359,N. Baxter Ennis,R,Data Centers,Derived from LIS bill description,2,0,2,2,INSUFFICIENT DATA,0.0,100.0
2025,H0279,Nicholas J. Freitas,R,Data Centers,Derived from LIS bill description,2,0,2,2,INSUFFICIENT DATA,0.0,100.0
2025,H0279,Nicholas J. Freitas,R,Data Centers,Derived from LIS bill summary,7,0,7,7,INSUFFICIENT DATA,0.0,100.0
2025,H0376,Paul V. Milde,R,Data Centers,Derived from LIS bill description,2,0,2,2,INSUFFICIENT DATA,0.0,100.0
2025,H0342,Phillip A. Scott,R,Data Centers,Derived from LIS bill description,2,0,2,2,INSUFFICIENT DATA,0.0,100.0
2025,H0342,Phillip A. Scott,R,Data Centers,Derived from LIS bill summary,7,0,7,7,INSUFFICIENT DATA,0.0,100.0
2025,H0267,"Robert S. Bloxom, Jr.",R,Data Centers,Derived from LIS bill description,2,0,2,2,INSUFFICIENT DATA,0.0,100.0
2025,H0328,Scott A. Wyatt,R,Data Centers,Derived from LIS bill description,2,0,2,2,INSUFFICIENT DATA,0.0,100.0
2025,H0328,Scott A. Wyatt,R,Data Centers,Derived from LIS bill summary,9,0,9,9,INSUFFICIENT DATA,0.0,100.0
2025,H0056,Terry G. Kilgore,R,Data Centers,Derived from LIS bill description,3,0,3,3,INSUFFICIENT DATA,0.0,100.0
2025,H0253,Terry L. Austin,R,Data Centers,Derived from LIS bill description,2,0,2,2,INSUFFICIENT DATA,0.0,100.0
2025,H0362,"Thomas A. Garrett, Jr.",R,Data Centers,Derived from LIS bill description,2,0,2,2,INSUFFICIENT DATA,0.0,100.0
2025,H0136,"Thomas C. Wright, Jr.",R,Data Centers,Derived from LIS bill description,2,0,2,2,INSUFFICIENT DATA,0.0,100.0
2025,H0364,Timothy P. Griffin,R,Data Centers,Derived from LIS bill description,2,0,2,2,INSUFFICIENT DATA,0.0,100.0
2025,H0364,Timothy P. Griffin,R,Data Centers,Derived from LIS bill summary,7,0,7,7,INSUFFICIENT DATA,0.0,100.0
2025,H0231,Tony O. Wilt,R,Data Centers,Derived from LIS bill description,3,0,3,3,INSUFFICIENT DATA,0.0,100.0
2025,H0231,Tony O. Wilt,R,Data Centers,Derived from LIS bill summary,7,0,7,7,INSUFFICIENT DATA,0.0,100.0
2025,H0325,Wendell S. Walker,R,Data Centers,Derived from LIS bill description,2,0,2,2,INSUFFICIENT DATA,0.0,100.0
2025,H0325,Wendell S. Walker,R,Data Centers,Derived from LIS bill summary,7,0,7,7,INSUFFICIENT DATA,0.0,100.0
2025,H0357,Will Davis,R,Data Centers,Derived from LIS bill description,2,0,2,2,INSUFFICIENT DATA,0.0,100.0
2025,H0348,Wren M. Williams,R,Data Centers,Derived from LIS bill description,4,0,4,4,INSUFFICIENT DATA,0.0,100.0
2025,H0348,Wren M. Williams,R,Data Centers,Derived from LIS bill summary,7,0,7,7,INSUFFICIENT DATA,0.0,100.0
2025,H0367,Geary Higgins,R,Data Centers,Derived from LIS bill summary,11,6,5,11,MIXED,54.54545454545454,45.45454545454545
2025,H0345,Anne Ferrell Tata,R,Data Centers,Derived from LIS bill summary,13,3,10,13,NO,23.076923076923077,76.92307692307693
2025,H0308,Joseph P. McNamara,R,Data Centers,Derived from LIS bill summary,10,2,8,10,NO,20.0,80.0
2025,H0377,Delores Oates,R,Data Centers,Derived from LIS bill summary,11,2,9,11,NO,18.181818181818183,81.81818181818183
2025,H0350,Ellen H. Campbell,R,Data Centers,Derived from LIS bill summary,11,2,9,11,NO,18.181818181818183,81.81818181818183
2025,H0224,James W. Morefield,R,Data Centers,Derived from LIS bill summary,13,2,11,13,NO,15.384615384615385,84.61538461538461
2025,H0238,M. Keith Hodges,R,Data Centers,Derived from LIS bill summary,13,2,11,13,NO,15.384615384615385,84.61538461538461
2025,H0323,Shelly A. Simonds,D,Data Centers,Derived from LIS bill summary,16,14,2,16,YES,87.5,12.5
2025,H0354,Katrina Callsen,D,Data Centers,Derived from LIS bill summary,15,13,2,15,YES,86.66666666666667,13.333333333333334
2025,H0380,Atoosa R. Reaser,D,Data Centers,Derived from LIS bill summary,14,12,2,14,YES,85.71428571428571,14.285714285714285
2025,H0343,Briana D. Sewell,D,Data Centers,Derived from LIS bill summary,13,11,2,13,YES,84.61538461538461,15.384615384615385
2025,H0355,Laura Jane Cohen,D,Data Centers,Derived from LIS bill summary,13,11,2,13,YES,84.61538461538461,15.384615384615385
2025,H0361,Debra D. Gardner,D,Data Centers,Derived from LIS bill summary,12,10,2,12,YES,83.33333333333334,16.666666666666664
2025,H0311,Alex Q. Askew,D,Data Centers,Derived from LIS bill summary,12,9,2,11,YES,81.81818181818183,18.181818181818183
2025,H0344,Irene Shin,D,Data Centers,Derived from LIS bill summary,11,9,2,11,YES,81.81818181818183,18.181818181818183
2025,H0330,Candi Mundon King,D,Data Centers,Derived from LIS bill summary,16,8,2,10,YES,80.0,20.0
2025,H0375,Adele Y. McClure,D,Domestic Relations,Official LIS subject,1,1,0,1,INSUFFICIENT DATA,100.0,0.0
2025,H0311,Alex Q. Askew,D,Domestic Relations,Official LIS subject,1,1,0,1,INSUFFICIENT DATA,100.0,0.0
2025,H0239,Alfonso H. Lopez,D,Domestic Relations,Official LIS subject,1,1,0,1,INSUFFICIENT DATA,100.0,0.0
2025,H0371,Amy J. Laufer,D,Domestic Relations,Official LIS subject,1,1,0,1,INSUFFICIENT DATA,100.0,0.0
2025,H0380,Atoosa R. Reaser,D,Domestic Relations,Official LIS subject,1,1,0,1,INSUFFICIENT DATA,100.0,0.0
2025,H0212,Betsy B. Carr,D,Domestic Relations,Official LIS subject,1,1,0,1,INSUFFICIENT DATA,100.0,0.0
2025,H0353,Bonita G. Anthony,D,Domestic Relations,Official LIS subject,2,2,0,2,INSUFFICIENT DATA,100.0,0.0
2025,H0343,Briana D. Sewell,D,Domestic Relations,Official LIS subject,1,1,0,1,INSUFFICIENT DATA,100.0,0.0
2025,H0285,"C.E. Cliff Hayes, Jr.",D,Domestic Relations,Official LIS subject,1,1,0,1,INSUFFICIENT DATA,100.0,0.0
2025,H0330,Candi Mundon King,D,Domestic Relations,Official LIS subject,1,1,0,1,INSUFFICIENT DATA,100.0,0.0
2025,H0315,Carrie E. Coyner,R,Domestic Relations,Official LIS subject,1,1,0,1,INSUFFICIENT DATA,100.0,0.0
2025,H0208,Charniele L. Herring,D,Domestic Relations,Official LIS subject,1,1,0,1,INSUFFICIENT DATA,100.0,0.0
2025,H0378,Chris Obenshain,R,Domestic Relations,Official LIS subject,1,1,0,1,INSUFFICIENT DATA,100.0,0.0
2025,H0317,Dan I. Helmer,D,Domestic Relations,Official LIS subject,1,1,0,1,INSUFFICIENT DATA,100.0,0.0
2025,H0301,David A. Reid,D,Domestic Relations,Official LIS subject,2,2,0,2,INSUFFICIENT DATA,100.0,0.0
2025,H0177,David L. Bulova,D,Domestic Relations,Official LIS subject,1,1,0,1,INSUFFICIENT DATA,100.0,0.0
2025,H0361,Debra D. Gardner,D,Domestic Relations,Official LIS subject,1,1,0,1,INSUFFICIENT DATA,100.0,0.0
2025,H0207,Delores L. McQuinn,D,Domestic Relations,Official LIS subject,1,1,0,1,INSUFFICIENT DATA,100.0,0.0
2025,H0372,Destiny LeVere Bolling,D,Domestic Relations,Official LIS subject,2,2,0,2,INSUFFICIENT DATA,100.0,0.0
2025,H0322,Don Scott,D,Domestic Relations,Official LIS subject,1,1,0,1,INSUFFICIENT DATA,100.0,0.0
2025,H0334,Elizabeth B. Bennett-Parker,D,Domestic Relations,Official LIS subject,1,1,0,1,INSUFFICIENT DATA,100.0,0.0
2025,H0347,"H. Otto Wachsmann, Jr.",R,Domestic Relations,Official LIS subject,2,2,0,2,INSUFFICIENT DATA,100.0,0.0
2025,H0351,Holly M. Seibold,D,Domestic Relations,Official LIS subject,1,1,0,1,INSUFFICIENT DATA,100.0,0.0
2025,H0344,Irene Shin,D,Domestic Relations,Official LIS subject,1,1,0,1,INSUFFICIENT DATA,100.0,0.0
2025,H0385,JJ Singh,D,Domestic Relations,Official LIS subject,1,1,0,1,INSUFFICIENT DATA,100.0,0.0
2025,H0349,Jackie H. Glass,D,Domestic Relations,Official LIS subject,2,2,0,2,INSUFFICIENT DATA,100.0,0.0
2025,H0173,Jeion A. Ward,D,Domestic Relations,Official LIS subject,1,1,0,1,INSUFFICIENT DATA,100.0,0.0
2025,H0308,Joseph P. McNamara,R,Domestic Relations,Official LIS subject,1,1,0,1,INSUFFICIENT DATA,100.0,0.0
2025,H0382,Joshua E. Thomas,D,Domestic Relations,Official LIS subject,1,1,0,1,INSUFFICIENT DATA,100.0,0.0
2025,H0314,Joshua G. Cole,D,Domestic Relations,Official LIS subject,2,2,0,2,INSUFFICIENT DATA,100.0,0.0
2025,H0381,Kannan Srinivasan,D,Domestic Relations,Official LIS subject,1,1,0,1,INSUFFICIENT DATA,100.0,0.0
2025,H0370,Karen Keys-Gamarra,D,Domestic Relations,Official LIS subject,1,1,0,1,INSUFFICIENT DATA,100.0,0.0
2025,H0294,Karrie K. Delaney,D,Domestic Relations,Official LIS subject,1,1,0,1,INSUFFICIENT DATA,100.0,0.0
2025,H0305,Kathy K.L. Tran,D,Domestic Relations,Official LIS subject,1,1,0,1,INSUFFICIENT DATA,100.0,0.0
2025,H0354,Katrina Callsen,D,Domestic Relations,Official LIS subject,1,1,0,1,INSUFFICIENT DATA,100.0,0.0
2025,H0295,Kelly K. Convirs-Fowler,D,Domestic Relations,Official LIS subject,2,2,0,2,INSUFFICIENT DATA,100.0,0.0
2025,H0355,Laura Jane Cohen,D,Domestic Relations,Official LIS subject,1,1,0,1,INSUFFICIENT DATA,100.0,0.0
2025,H0227,Luke E. Torian,D,Domestic Relations,Official LIS subject,1,1,0,1,INSUFFICIENT DATA,100.0,0.0
2025,H0284,"Marcia S. ""Cia"" Price",D,Domestic Relations,Official LIS subject,2,2,0,2,INSUFFICIENT DATA,100.0,0.0
2025,H0264,Marcus B. Simon,D,Domestic Relations,Official LIS subject,1,1,0,1,INSUFFICIENT DATA,100.0,0.0
2025,H0172,Mark D. Sickles,D,Domestic Relations,Official LIS subject,2,2,0,2,INSUFFICIENT DATA,100.0,0.0
2025,H0374,Marty Martinez,D,Domestic Relations,Official LIS subject,1,1,0,1,INSUFFICIENT DATA,100.0,0.0
2025,H0360,Michael B. Feggans,D,Domestic Relations,Official LIS subject,1,1,0,1,INSUFFICIENT DATA,100.0,0.0
2025,H0368,Michael J. Jones,D,Domestic Relations,Official LIS subject,1,1,0,1,INSUFFICIENT DATA,100.0,0.0
2025,H0340,Michelle Lopes Maldonado,D,Domestic Relations,Official LIS subject,2,2,0,2,INSUFFICIENT DATA,100.0,0.0
2025,H0335,Mike A. Cherry,R,Domestic Relations,Official LIS subject,2,1,0,1,INSUFFICIENT DATA,100.0,0.0
2025,H0336,Nadarius E. Clark,D,Domestic Relations,Official LIS subject,1,1,0,1,INSUFFICIENT DATA,100.0,0.0
2025,H0219,Patrick A. Hope,D,Domestic Relations,Official LIS subject,1,1,0,1,INSUFFICIENT DATA,100.0,0.0
2025,H0281,Paul E. Krizek,D,Domestic Relations,Official LIS subject,2,2,0,2,INSUFFICIENT DATA,100.0,0.0
2025,H0366,Phil M. Hernandez,D,Domestic Relations,Official LIS subject,1,1,0,1,INSUFFICIENT DATA,100.0,0.0
2025,H0356,Rae Cousins,D,Domestic Relations,Official LIS subject,1,1,0,1,INSUFFICIENT DATA,100.0,0.0
2025,H0269,"Richard C. ""Rip"" Sullivan, Jr.",D,Domestic Relations,Official LIS subject,1,1,0,1,INSUFFICIENT DATA,100.0,0.0
2025,H0267,"Robert S. Bloxom, Jr.",R,Domestic Relations,Official LIS subject,2,2,0,2,INSUFFICIENT DATA,100.0,0.0
2025,H0327,Rodney T. Willett,D,Domestic Relations,Official LIS subject,1,1,0,1,INSUFFICIENT DATA,100.0,0.0
2025,H0365,"Rozia A. Henson, Jr.",D,Domestic Relations,Official LIS subject,2,2,0,2,INSUFFICIENT DATA,100.0,0.0
2025,H0266,Sam Rasoul,D,Domestic Relations,Official LIS subject,1,1,0,1,INSUFFICIENT DATA,100.0,0.0
2025,H0323,Shelly A. Simonds,D,Domestic Relations,Official LIS subject,1,1,0,1,INSUFFICIENT DATA,100.0,0.0
2025,H0362,"Thomas A. Garrett, Jr.",R,Domestic Relations,Official LIS subject,1,1,0,1,INSUFFICIENT DATA,100.0,0.0
2025,H0108,Vivian E. Watts,D,Domestic Relations,Official LIS subject,1,1,0,1,INSUFFICIENT DATA,100.0,0.0
2025,H0363,W. Chad Green,R,Domestic Relations,Official LIS subject,2,2,0,2,INSUFFICIENT DATA,100.0,0.0
2025,H0337,A.C. Cordoza,R,Domestic Relations,Official LIS subject,1,0,0,0,INSUFFICIENT DATA,0.0,0.0
2025,H0313,Amanda E. Batten,R,Domestic Relations,Official LIS subject,1,0,0,0,INSUFFICIENT DATA,0.0,0.0
2025,H0345,Anne Ferrell Tata,R,Domestic Relations,Official LIS subject,1,0,1,1,INSUFFICIENT DATA,0.0,100.0
2025,H0206,Barry D. Knight,R,Domestic Relations,Official LIS subject,1,0,1,1,INSUFFICIENT DATA,0.0,100.0
2025,H0329,Bill Wiley,R,Domestic Relations,Official LIS subject,1,0,1,1,INSUFFICIENT DATA,0.0,100.0
2025,H0181,C. Todd Gilbert,R,Domestic Relations,Official LIS subject,2,0,2,2,INSUFFICIENT DATA,0.0,100.0
2025,H0321,Chris S. Runion,R,Domestic Relations,Official LIS subject,1,0,1,1,INSUFFICIENT DATA,0.0,100.0
2025,H0150,"Daniel W. Marshall, III",R,Domestic Relations,Official LIS subject,1,0,0,0,INSUFFICIENT DATA,0.0,0.0
2025,H0379,David Owen,R,Domestic Relations,Official LIS subject,1,0,0,0,INSUFFICIENT DATA,0.0,0.0
2025,H0377,Delores Oates,R,Domestic Relations,Official LIS subject,1,0,1,1,INSUFFICIENT DATA,0.0,100.0
2025,H0350,Ellen H. Campbell,R,Domestic Relations,Official LIS subject,1,0,1,1,INSUFFICIENT DATA,0.0,100.0
2025,H0384,Eric Phillips,R,Domestic Relations,Official LIS subject,2,0,1,1,INSUFFICIENT DATA,0.0,100.0
2025,H0383,Eric R. Zehr,R,Domestic Relations,Official LIS subject,1,0,1,1,INSUFFICIENT DATA,0.0,100.0
2025,H0367,Geary Higgins,R,Domestic Relations,Official LIS subject,1,0,1,1,INSUFFICIENT DATA,0.0,100.0
2025,H0369,Hillary Pugh Kent,R,Domestic Relations,Official LIS subject,1,0,1,1,INSUFFICIENT DATA,0.0,100.0
2025,H0259,"Hyland F. ""Buddy"" Fowler, Jr.",R,Domestic Relations,Official LIS subject,1,0,1,1,INSUFFICIENT DATA,0.0,100.0
2025,H0373,Ian T. Lovejoy,R,Domestic Relations,Official LIS subject,1,0,0,0,INSUFFICIENT DATA,0.0,0.0
2025,H0242,Israel D. O'Quinn,R,Domestic Relations,Official LIS subject,2,0,2,2,INSUFFICIENT DATA,0.0,100.0
2025,H0262,"James A. ""Jay"" Leftwich",R,Domestic Relations,Official LIS subject,2,0,2,2,INSUFFICIENT DATA,0.0,100.0
2025,H0224,James W. Morefield,R,Domestic Relations,Official LIS subject,1,0,1,1,INSUFFICIENT DATA,0.0,100.0
2025,H0333,Jason S. Ballard,R,Domestic Relations,Official LIS subject,1,0,1,1,INSUFFICIENT DATA,0.0,100.0
2025,H0352,"Jonathan ""Jed"" Arnold",R,Domestic Relations,Official LIS subject,1,0,1,1,INSUFFICIENT DATA,0.0,100.0
2025,H0346,Kim A. Taylor,R,Domestic Relations,Official LIS subject,1,0,1,1,INSUFFICIENT DATA,0.0,100.0
2025,H0238,M. Keith Hodges,R,Domestic Relations,Official LIS subject,1,0,1,1,INSUFFICIENT DATA,0.0,100.0
2025,H0358,"Mark L. Earley, Jr.",R,Domestic Relations,Official LIS subject,1,0,1,1,INSUFFICIENT DATA,0.0,100.0
2025,H0247,Michael J. Webert,R,Domestic Relations,Official LIS subject,1,0,1,1,INSUFFICIENT DATA,0.0,100.0
2025,H0359,N. Baxter Ennis,R,Domestic Relations,Official LIS subject,1,0,1,1,INSUFFICIENT DATA,0.0,100.0
2025,H0279,Nicholas J. Freitas,R,Domestic Relations,Official LIS subject,1,0,1,1,INSUFFICIENT DATA,0.0,100.0
2025,H0376,Paul V. Milde,R,Domestic Relations,Official LIS subject,2,0,2,2,INSUFFICIENT DATA,0.0,100.0
2025,H0342,Phillip A. Scott,R,Domestic Relations,Official LIS subject,2,0,2,2,INSUFFICIENT DATA,0.0,100.0
2025,H0124,R. Lee Ware,R,Domestic Relations,Official LIS subject,1,0,1,1,INSUFFICIENT DATA,0.0,100.0
2025,H0073,"Robert D. Orrock, Sr.",R,Domestic Relations,Official LIS subject,1,0,0,0,INSUFFICIENT DATA,0.0,0.0
2025,H0328,Scott A. Wyatt,R,Domestic Relations,Official LIS subject,1,0,1,1,INSUFFICIENT DATA,0.0,100.0
2025,H0056,Terry G. Kilgore,R,Domestic Relations,Official LIS subject,1,0,1,1,INSUFFICIENT DATA,0.0,100.0
2025,H0253,Terry L. Austin,R,Domestic Relations,Official LIS subject,1,0,1,1,INSUFFICIENT DATA,0.0,100.0
2025,H0136,"Thomas C. Wright, Jr.",R,Domestic Relations,Official LIS subject,1,0,1,1,INSUFFICIENT DATA,0.0,100.0
2025,H0364,Timothy P. Griffin,R,Domestic Relations,Official LIS subject,1,0,1,1,INSUFFICIENT DATA,0.0,100.0
2025,H0231,Tony O. Wilt,R,Domestic Relations,Official LIS subject,1,0,1,1,INSUFFICIENT DATA,0.0,100.0
2025,H0325,Wendell S. Walker,R,Domestic Relations,Official LIS subject,1,0,1,1,INSUFFICIENT DATA,0.0,100.0
2025,H0357,Will Davis,R,Domestic Relations,Official LIS subject,1,0,1,1,INSUFFICIENT DATA,0.0,100.0
2025,H0348,Wren M. Williams,R,Domestic Relations,Official LIS subject,1,0,1,1,INSUFFICIENT DATA,0.0,100.0
2025,H0337,A.C. Cordoza,R,Economic Development,Derived from LIS bill description,1,1,0,1,INSUFFICIENT DATA,100.0,0.0
2025,H0375,Adele Y. McClure,D,Economic Development,Derived from LIS bill description,1,1,0,1,INSUFFICIENT DATA,100.0,0.0
2025,H0311,Alex Q. Askew,D,Economic Development,Derived from LIS bill description,2,2,0,2,INSUFFICIENT DATA,100.0,0.0
2025,H0239,Alfonso H. Lopez,D,Economic Development,Derived from LIS bill description,1,1,0,1,INSUFFICIENT DATA,100.0,0.0
2025,H0313,Amanda E. Batten,R,Economic Development,Derived from LIS bill description,1,1,0,1,INSUFFICIENT DATA,100.0,0.0
2025,H0371,Amy J. Laufer,D,Economic Development,Derived from LIS bill description,1,1,0,1,INSUFFICIENT DATA,100.0,0.0
2025,H0345,Anne Ferrell Tata,R,Economic Development,Derived from LIS bill description,2,2,0,2,INSUFFICIENT DATA,100.0,0.0
2025,H0380,Atoosa R. Reaser,D,Economic Development,Derived from LIS bill description,1,1,0,1,INSUFFICIENT DATA,100.0,0.0
2025,H0212,Betsy B. Carr,D,Economic Development,Derived from LIS bill description,2,2,0,2,INSUFFICIENT DATA,100.0,0.0
2025,H0329,Bill Wiley,R,Economic Development,Derived from LIS bill description,2,2,0,2,INSUFFICIENT DATA,100.0,0.0
2025,H0353,Bonita G. Anthony,D,Economic Development,Derived from LIS bill description,1,1,0,1,INSUFFICIENT DATA,100.0,0.0
2025,H0343,Briana D. Sewell,D,Economic Development,Derived from LIS bill description,2,2,0,2,INSUFFICIENT DATA,100.0,0.0
2025,H0285,"C.E. Cliff Hayes, Jr.",D,Economic Development,Derived from LIS bill description,2,2,0,2,INSUFFICIENT DATA,100.0,0.0
2025,H0330,Candi Mundon King,D,Economic Development,Derived from LIS bill description,1,1,0,1,INSUFFICIENT DATA,100.0,0.0
2025,H0315,Carrie E. Coyner,R,Economic Development,Derived from LIS bill description,2,2,0,2,INSUFFICIENT DATA,100.0,0.0
2025,H0208,Charniele L. Herring,D,Economic Development,Derived from LIS bill description,1,1,0,1,INSUFFICIENT DATA,100.0,0.0
2025,H0378,Chris Obenshain,R,Economic Development,Derived from LIS bill description,1,1,0,1,INSUFFICIENT DATA,100.0,0.0
2025,H0321,Chris S. Runion,R,Economic Development,Derived from LIS bill description,1,1,0,1,INSUFFICIENT DATA,100.0,0.0
2025,H0317,Dan I. Helmer,D,Economic Development,Derived from LIS bill description,1,1,0,1,INSUFFICIENT DATA,100.0,0.0
2025,H0150,"Daniel W. Marshall, III",R,Economic Development,Derived from LIS bill description,2,1,0,1,INSUFFICIENT DATA,100.0,0.0
2025,H0301,David A. Reid,D,Economic Development,Derived from LIS bill description,2,2,0,2,INSUFFICIENT DATA,100.0,0.0
2025,H0177,David L. Bulova,D,Economic Development,Derived from LIS bill description,2,2,0,2,INSUFFICIENT DATA,100.0,0.0
2025,H0379,David Owen,R,Economic Development,Derived from LIS bill description,1,1,0,1,INSUFFICIENT DATA,100.0,0.0
2025,H0361,Debra D. Gardner,D,Economic Development,Derived from LIS bill description,1,1,0,1,INSUFFICIENT DATA,100.0,0.0
2025,H0207,Delores L. McQuinn,D,Economic Development,Derived from LIS bill description,2,2,0,2,INSUFFICIENT DATA,100.0,0.0
2025,H0377,Delores Oates,R,Economic Development,Derived from LIS bill description,1,1,0,1,INSUFFICIENT DATA,100.0,0.0
2025,H0372,Destiny LeVere Bolling,D,Economic Development,Derived from LIS bill description,1,1,0,1,INSUFFICIENT DATA,100.0,0.0
2025,H0322,Don Scott,D,Economic Development,Derived from LIS bill description,1,1,0,1,INSUFFICIENT DATA,100.0,0.0
2025,H0334,Elizabeth B. Bennett-Parker,D,Economic Development,Derived from LIS bill description,1,1,0,1,INSUFFICIENT DATA,100.0,0.0
2025,H0350,Ellen H. Campbell,R,Economic Development,Derived from LIS bill description,2,1,0,1,INSUFFICIENT DATA,100.0,0.0
2025,H0384,Eric Phillips,R,Economic Development,Derived from LIS bill description,1,1,0,1,INSUFFICIENT DATA,100.0,0.0
2025,H0367,Geary Higgins,R,Economic Development,Derived from LIS bill description,1,1,0,1,INSUFFICIENT DATA,100.0,0.0
2025,H0347,"H. Otto Wachsmann, Jr.",R,Economic Development,Derived from LIS bill description,1,1,0,1,INSUFFICIENT DATA,100.0,0.0
2025,H0369,Hillary Pugh Kent,R,Economic Development,Derived from LIS bill description,1,1,0,1,INSUFFICIENT DATA,100.0,0.0
2025,H0351,Holly M. Seibold,D,Economic Development,Derived from LIS bill description,1,1,0,1,INSUFFICIENT DATA,100.0,0.0
2025,H0259,"Hyland F. ""Buddy"" Fowler, Jr.",R,Economic Development,Derived from LIS bill description,1,1,0,1,INSUFFICIENT DATA,100.0,0.0
2025,H0373,Ian T. Lovejoy,R,Economic Development,Derived from LIS bill description,1,1,0,1,INSUFFICIENT DATA,100.0,0.0
2025,H0344,Irene Shin,D,Economic Development,Derived from LIS bill description,1,1,0,1,INSUFFICIENT DATA,100.0,0.0
2025,H0242,Israel D. O'Quinn,R,Economic Development,Derived from LIS bill description,1,1,0,1,INSUFFICIENT DATA,100.0,0.0
2025,H0385,JJ Singh,D,Economic Development,Derived from LIS bill description,1,1,0,1,INSUFFICIENT DATA,100.0,0.0
2025,H0349,Jackie H. Glass,D,Economic Development,Derived from LIS bill description,1,1,0,1,INSUFFICIENT DATA,100.0,0.0
2025,H0262,"James A. ""Jay"" Leftwich",R,Economic Development,Derived from LIS bill description,1,1,0,1,INSUFFICIENT DATA,100.0,0.0
2025,H0224,James W. Morefield,R,Economic Development,Derived from LIS bill description,2,2,0,2,INSUFFICIENT DATA,100.0,0.0
2025,H0333,Jason S. Ballard,R,Economic Development,Derived from LIS bill description,1,1,0,1,INSUFFICIENT DATA,100.0,0.0
2025,H0173,Jeion A. Ward,D,Economic Development,Derived from LIS bill description,1,1,0,1,INSUFFICIENT DATA,100.0,0.0
2025,H0352,"Jonathan ""Jed"" Arnold",R,Economic Development,Derived from LIS bill description,1,1,0,1,INSUFFICIENT DATA,100.0,0.0
2025,H0308,Joseph P. McNamara,R,Economic Development,Derived from LIS bill description,1,1,0,1,INSUFFICIENT DATA,100.0,0.0
2025,H0382,Joshua E. Thomas,D,Economic Development,Derived from LIS bill description,1,1,0,1,INSUFFICIENT DATA,100.0,0.0
2025,H0314,Joshua G. Cole,D,Economic Development,Derived from LIS bill description,1,1,0,1,INSUFFICIENT DATA,100.0,0.0
2025,H0370,Karen Keys-Gamarra,D,Economic Development,Derived from LIS bill description,1,1,0,1,INSUFFICIENT DATA,100.0,0.0
2025,H0294,Karrie K. Delaney,D,Economic Development,Derived from LIS bill description,1,1,0,1,INSUFFICIENT DATA,100.0,0.0
2025,H0305,Kathy K.L. Tran,D,Economic Development,Derived from LIS bill description,1,1,0,1,INSUFFICIENT DATA,100.0,0.0
2025,H0354,Katrina Callsen,D,Economic Development,Derived from LIS bill description,1,1,0,1,INSUFFICIENT DATA,100.0,0.0
2025,H0295,Kelly K. Convirs-Fowler,D,Economic Development,Derived from LIS bill description,1,1,0,1,INSUFFICIENT DATA,100.0,0.0
2025,H0346,Kim A. Taylor,R,Economic Development,Derived from LIS bill description,1,1,0,1,INSUFFICIENT DATA,100.0,0.0
2025,H0355,Laura Jane Cohen,D,Economic Development,Derived from LIS bill description,1,1,0,1,INSUFFICIENT DATA,100.0,0.0
2025,H0227,Luke E. Torian,D,Economic Development,Derived from LIS bill description,2,2,0,2,INSUFFICIENT DATA,100.0,0.0
2025,H0238,M. Keith Hodges,R,Economic Development,Derived from LIS bill description,2,2,0,2,INSUFFICIENT DATA,100.0,0.0
2025,H0284,"Marcia S. ""Cia"" Price",D,Economic Development,Derived from LIS bill description,1,1,0,1,INSUFFICIENT DATA,100.0,0.0
2025,H0264,Marcus B. Simon,D,Economic Development,Derived from LIS bill description,1,1,0,1,INSUFFICIENT DATA,100.0,0.0
2025,H0172,Mark D. Sickles,D,Economic Development,Derived from LIS bill description,2,2,0,2,INSUFFICIENT DATA,100.0,0.0
2025,H0358,"Mark L. Earley, Jr.",R,Economic Development,Derived from LIS bill description,1,1,0,1,INSUFFICIENT DATA,100.0,0.0
2025,H0374,Marty Martinez,D,Economic Development,Derived from LIS bill description,1,1,0,1,INSUFFICIENT DATA,100.0,0.0
2025,H0360,Michael B. Feggans,D,Economic Development,Derived from LIS bill description,1,1,0,1,INSUFFICIENT DATA,100.0,0.0
2025,H0368,Michael J. Jones,D,Economic Development,Derived from LIS bill description,1,1,0,1,INSUFFICIENT DATA,100.0,0.0
2025,H0340,Michelle Lopes Maldonado,D,Economic Development,Derived from LIS bill description,1,1,0,1,INSUFFICIENT DATA,100.0,0.0
2025,H0335,Mike A. Cherry,R,Economic Development,Derived from LIS bill description,1,1,0,1,INSUFFICIENT DATA,100.0,0.0
2025,H0359,N. Baxter Ennis,R,Economic Development,Derived from LIS bill description,1,1,0,1,INSUFFICIENT DATA,100.0,0.0
2025,H0336,Nadarius E. Clark,D,Economic Development,Derived from LIS bill description,1,1,0,1,INSUFFICIENT DATA,100.0,0.0
2025,H0219,Patrick A. Hope,D,Economic Development,Derived from LIS bill description,1,1,0,1,INSUFFICIENT DATA,100.0,0.0
2025,H0281,Paul E. Krizek,D,Economic Development,Derived from LIS bill description,2,2,0,2,INSUFFICIENT DATA,100.0,0.0
2025,H0376,Paul V. Milde,R,Economic Development,Derived from LIS bill description,1,1,0,1,INSUFFICIENT DATA,100.0,0.0
2025,H0366,Phil M. Hernandez,D,Economic Development,Derived from LIS bill description,1,1,0,1,INSUFFICIENT DATA,100.0,0.0
2025,H0124,R. Lee Ware,R,Economic Development,Derived from LIS bill description,1,1,0,1,INSUFFICIENT DATA,100.0,0.0
2025,H0356,Rae Cousins,D,Economic Development,Derived from LIS bill description,1,1,0,1,INSUFFICIENT DATA,100.0,0.0
2025,H0269,"Richard C. ""Rip"" Sullivan, Jr.",D,Economic Development,Derived from LIS bill description,1,1,0,1,INSUFFICIENT DATA,100.0,0.0
2025,H0073,"Robert D. Orrock, Sr.",R,Economic Development,Derived from LIS bill description,1,1,0,1,INSUFFICIENT DATA,100.0,0.0
2025,H0267,"Robert S. Bloxom, Jr.",R,Economic Development,Derived from LIS bill description,2,2,0,2,INSUFFICIENT DATA,100.0,0.0
2025,H0327,Rodney T. Willett,D,Economic Development,Derived from LIS bill description,2,2,0,2,INSUFFICIENT DATA,100.0,0.0
2025,H0365,"Rozia A. Henson, Jr.",D,Economic Development,Derived from LIS bill description,1,1,0,1,INSUFFICIENT DATA,100.0,0.0
2025,H0266,Sam Rasoul,D,Economic Development,Derived from LIS bill description,2,2,0,2,INSUFFICIENT DATA,100.0,0.0
2025,H0328,Scott A. Wyatt,R,Economic Development,Derived from LIS bill description,2,2,0,2,INSUFFICIENT DATA,100.0,0.0
2025,H0323,Shelly A. Simonds,D,Economic Development,Derived from LIS bill description,1,1,0,1,INSUFFICIENT DATA,100.0,0.0
2025,H0056,Terry G. Kilgore,R,Economic Development,Derived from LIS bill description,1,1,0,1,INSUFFICIENT DATA,100.0,0.0
2025,H0253,Terry L. Austin,R,Economic Development,Derived from LIS bill description,2,2,0,2,INSUFFICIENT DATA,100.0,0.0
2025,H0362,"Thomas A. Garrett, Jr.",R,Economic Development,Derived from LIS bill description,1,1,0,1,INSUFFICIENT DATA,100.0,0.0
2025,H0231,Tony O. Wilt,R,Economic Development,Derived from LIS bill description,1,1,0,1,INSUFFICIENT DATA,100.0,0.0
2025,H0108,Vivian E. Watts,D,Economic Development,Derived from LIS bill description,1,1,0,1,INSUFFICIENT DATA,100.0,0.0
2025,H0363,W. Chad Green,R,Economic Development,Derived from LIS bill description,1,1,0,1,INSUFFICIENT DATA,100.0,0.0
2025,H0325,Wendell S. Walker,R,Economic Development,Derived from LIS bill description,1,1,0,1,INSUFFICIENT DATA,100.0,0.0
2025,H0357,Will Davis,R,Economic Development,Derived from LIS bill description,1,1,0,1,INSUFFICIENT DATA,100.0,0.0
2025,H0348,Wren M. Williams,R,Economic Development,Derived from LIS bill description,1,1,0,1,INSUFFICIENT DATA,100.0,0.0
2025,H0206,Barry D. Knight,R,Economic Development,Derived from LIS bill description,1,0,0,0,INSUFFICIENT DATA,0.0,0.0
2025,H0181,C. Todd Gilbert,R,Economic Development,Derived from LIS bill description,1,0,1,1,INSUFFICIENT DATA,0.0,100.0
2025,H0383,Eric R. Zehr,R,Economic Development,Derived from LIS bill description,1,0,1,1,INSUFFICIENT DATA,0.0,100.0
2025,H0247,Michael J. Webert,R,Economic Development,Derived from LIS bill description,1,0,1,1,INSUFFICIENT DATA,0.0,100.0
2025,H0279,Nicholas J. Freitas,R,Economic Development,Derived from LIS bill description,1,0,1,1,INSUFFICIENT DATA,0.0,100.0
2025,H0342,Phillip A. Scott,R,Economic Development,Derived from LIS bill description,1,0,1,1,INSUFFICIENT DATA,0.0,100.0
2025,H0136,"Thomas C. Wright, Jr.",R,Economic Development,Derived from LIS bill description,1,0,1,1,INSUFFICIENT DATA,0.0,100.0
2025,H0364,Timothy P. Griffin,R,Economic Development,Derived from LIS bill description,1,0,1,1,INSUFFICIENT DATA,0.0,100.0
2025,H0308,Joseph P. McNamara,R,Economic Development,Derived from LIS bill summary,22,14,8,22,MIXED,63.63636363636363,36.36363636363637
2025,H0383,Eric R. Zehr,R,Economic Development,Derived from LIS bill summary,16,10,6,16,MIXED,62.5,37.5
2025,H0362,"Thomas A. Garrett, Jr.",R,Economic Development,Derived from LIS bill summary,18,8,5,13,MIXED,61.53846153846154,38.46153846153847
2025,H0136,"Thomas C. Wright, Jr.",R,Economic Development,Derived from LIS bill summary,18,6,5,11,MIXED,54.54545454545454,45.45454545454545
2025,H0364,Timothy P. Griffin,R,Economic Development,Derived from LIS bill summary,16,8,8,16,MIXED,50.0,50.0
2025,H0181,C. Todd Gilbert,R,Economic Development,Derived from LIS bill summary,17,8,9,17,MIXED,47.05882352941176,52.94117647058824
2025,H0247,Michael J. Webert,R,Economic Development,Derived from LIS bill summary,18,8,10,18,MIXED,44.44444444444444,55.55555555555556
2025,H0342,Phillip A. Scott,R,Economic Development,Derived from LIS bill summary,16,5,10,15,NO,33.33333333333333,66.66666666666666
2025,H0279,Nicholas J. Freitas,R,Economic Development,Derived from LIS bill summary,18,4,13,17,NO,23.52941176470588,76.47058823529412
2025,H0375,Adele Y. McClure,D,Economic Development,Derived from LIS bill summary,24,23,0,23,YES,100.0,0.0
2025,H0311,Alex Q. Askew,D,Economic Development,Derived from LIS bill summary,26,26,0,26,YES,100.0,0.0
2025,H0239,Alfonso H. Lopez,D,Economic Development,Derived from LIS bill summary,18,17,0,17,YES,100.0,0.0
2025,H0371,Amy J. Laufer,D,Economic Development,Derived from LIS bill summary,20,19,0,19,YES,100.0,0.0
2025,H0380,Atoosa R. Reaser,D,Economic Development,Derived from LIS bill summary,18,18,0,18,YES,100.0,0.0
2025,H0206,Barry D. Knight,R,Economic Development,Derived from LIS bill summary,23,13,0,13,YES,100.0,0.0
2025,H0212,Betsy B. Carr,D,Economic Development,Derived from LIS bill summary,32,30,0,30,YES,100.0,0.0
2025,H0353,Bonita G. Anthony,D,Economic Development,Derived from LIS bill summary,19,19,0,19,YES,100.0,0.0
2025,H0343,Briana D. Sewell,D,Economic Development,Derived from LIS bill summary,24,24,0,24,YES,100.0,0.0
2025,H0285,"C.E. Cliff Hayes, Jr.",D,Economic Development,Derived from LIS bill summary,23,23,0,23,YES,100.0,0.0
2025,H0330,Candi Mundon King,D,Economic Development,Derived from LIS bill summary,24,22,0,22,YES,100.0,0.0
2025,H0208,Charniele L. Herring,D,Economic Development,Derived from LIS bill summary,19,19,0,19,YES,100.0,0.0
2025,H0317,Dan I. Helmer,D,Economic Development,Derived from LIS bill summary,18,18,0,18,YES,100.0,0.0
2025,H0301,David A. Reid,D,Economic Development,Derived from LIS bill summary,22,22,0,22,YES,100.0,0.0
2025,H0177,David L. Bulova,D,Economic Development,Derived from LIS bill summary,35,32,0,32,YES,100.0,0.0
2025,H0361,Debra D. Gardner,D,Economic Development,Derived from LIS bill summary,24,24,0,24,YES,100.0,0.0
2025,H0207,Delores L. McQuinn,D,Economic Development,Derived from LIS bill summary,22,21,0,21,YES,100.0,0.0
2025,H0372,Destiny LeVere Bolling,D,Economic Development,Derived from LIS bill summary,16,15,0,15,YES,100.0,0.0
2025,H0322,Don Scott,D,Economic Development,Derived from LIS bill summary,17,17,0,17,YES,100.0,0.0
2025,H0334,Elizabeth B. Bennett-Parker,D,Economic Development,Derived from LIS bill summary,27,26,0,26,YES,100.0,0.0
2025,H0351,Holly M. Seibold,D,Economic Development,Derived from LIS bill summary,24,23,0,23,YES,100.0,0.0
2025,H0344,Irene Shin,D,Economic Development,Derived from LIS bill summary,20,20,0,20,YES,100.0,0.0
2025,H0385,JJ Singh,D,Economic Development,Derived from LIS bill summary,16,15,0,15,YES,100.0,0.0
2025,H0349,Jackie H. Glass,D,Economic Development,Derived from LIS bill summary,18,18,0,18,YES,100.0,0.0
2025,H0224,James W. Morefield,R,Economic Development,Derived from LIS bill summary,29,29,0,29,YES,100.0,0.0
2025,H0173,Jeion A. Ward,D,Economic Development,Derived from LIS bill summary,17,17,0,17,YES,100.0,0.0
2025,H0382,Joshua E. Thomas,D,Economic Development,Derived from LIS bill summary,22,22,0,22,YES,100.0,0.0
2025,H0314,Joshua G. Cole,D,Economic Development,Derived from LIS bill summary,24,20,0,20,YES,100.0,0.0
2025,H0370,Karen Keys-Gamarra,D,Economic Development,Derived from LIS bill summary,20,20,0,20,YES,100.0,0.0
2025,H0294,Karrie K. Delaney,D,Economic Development,Derived from LIS bill summary,24,23,0,23,YES,100.0,0.0
2025,H0305,Kathy K.L. Tran,D,Economic Development,Derived from LIS bill summary,23,23,0,23,YES,100.0,0.0
2025,H0354,Katrina Callsen,D,Economic Development,Derived from LIS bill summary,23,23,0,23,YES,100.0,0.0
2025,H0295,Kelly K. Convirs-Fowler,D,Economic Development,Derived from LIS bill summary,16,16,0,16,YES,100.0,0.0
2025,H0355,Laura Jane Cohen,D,Economic Development,Derived from LIS bill summary,18,18,0,18,YES,100.0,0.0
2025,H0227,Luke E. Torian,D,Economic Development,Derived from LIS bill summary,31,27,0,27,YES,100.0,0.0
2025,H0284,"Marcia S. ""Cia"" Price",D,Economic Development,Derived from LIS bill summary,22,21,0,21,YES,100.0,0.0
2025,H0264,Marcus B. Simon,D,Economic Development,Derived from LIS bill summary,23,23,0,23,YES,100.0,0.0
2025,H0172,Mark D. Sickles,D,Economic Development,Derived from LIS bill summary,26,26,0,26,YES,100.0,0.0
2025,H0374,Marty Martinez,D,Economic Development,Derived from LIS bill summary,18,18,0,18,YES,100.0,0.0
2025,H0360,Michael B. Feggans,D,Economic Development,Derived from LIS bill summary,16,16,0,16,YES,100.0,0.0
2025,H0368,Michael J. Jones,D,Economic Development,Derived from LIS bill summary,18,18,0,18,YES,100.0,0.0
2025,H0340,Michelle Lopes Maldonado,D,Economic Development,Derived from LIS bill summary,16,16,0,16,YES,100.0,0.0
2025,H0336,Nadarius E. Clark,D,Economic Development,Derived from LIS bill summary,17,17,0,17,YES,100.0,0.0
2025,H0219,Patrick A. Hope,D,Economic Development,Derived from LIS bill summary,16,16,0,16,YES,100.0,0.0
2025,H0281,Paul E. Krizek,D,Economic Development,Derived from LIS bill summary,35,35,0,35,YES,100.0,0.0
2025,H0366,Phil M. Hernandez,D,Economic Development,Derived from LIS bill summary,22,22,0,22,YES,100.0,0.0
2025,H0356,Rae Cousins,D,Economic Development,Derived from LIS bill summary,16,16,0,16,YES,100.0,0.0
2025,H0269,"Richard C. ""Rip"" Sullivan, Jr.",D,Economic Development,Derived from LIS bill summary,20,19,0,19,YES,100.0,0.0
2025,H0327,Rodney T. Willett,D,Economic Development,Derived from LIS bill summary,27,27,0,27,YES,100.0,0.0
2025,H0365,"Rozia A. Henson, Jr.",D,Economic Development,Derived from LIS bill summary,16,16,0,16,YES,100.0,0.0
2025,H0266,Sam Rasoul,D,Economic Development,Derived from LIS bill summary,22,22,0,22,YES,100.0,0.0
2025,H0323,Shelly A. Simonds,D,Economic Development,Derived from LIS bill summary,23,23,0,23,YES,100.0,0.0
2025,H0108,Vivian E. Watts,D,Economic Development,Derived from LIS bill summary,22,20,0,20,YES,100.0,0.0
2025,H0373,Ian T. Lovejoy,R,Economic Development,Derived from LIS bill summary,18,17,1,18,YES,94.44444444444444,5.555555555555555
2025,H0359,N. Baxter Ennis,R,Economic Development,Derived from LIS bill summary,16,15,1,16,YES,93.75,6.25
2025,H0262,"James A. ""Jay"" Leftwich",R,Economic Development,Derived from LIS bill summary,24,22,2,24,YES,91.66666666666666,8.333333333333332
2025,H0150,"Daniel W. Marshall, III",R,Economic Development,Derived from LIS bill summary,26,9,1,10,YES,90.0,10.0
2025,H0345,Anne Ferrell Tata,R,Economic Development,Derived from LIS bill summary,27,24,3,27,YES,88.88888888888889,11.11111111111111
2025,H0056,Terry G. Kilgore,R,Economic Development,Derived from LIS bill summary,17,15,2,17,YES,88.23529411764706,11.76470588235294
2025,H0337,A.C. Cordoza,R,Economic Development,Derived from LIS bill summary,16,14,2,16,YES,87.5,12.5
2025,H0378,Chris Obenshain,R,Economic Development,Derived from LIS bill summary,16,14,2,16,YES,87.5,12.5
2025,H0379,David Owen,R,Economic Development,Derived from LIS bill summary,16,14,2,16,YES,87.5,12.5
2025,H0384,Eric Phillips,R,Economic Development,Derived from LIS bill summary,16,14,2,16,YES,87.5,12.5
2025,H0347,"H. Otto Wachsmann, Jr.",R,Economic Development,Derived from LIS bill summary,16,14,2,16,YES,87.5,12.5
2025,H0242,Israel D. O'Quinn,R,Economic Development,Derived from LIS bill summary,17,14,2,16,YES,87.5,12.5
2025,H0333,Jason S. Ballard,R,Economic Development,Derived from LIS bill summary,16,14,2,16,YES,87.5,12.5
2025,H0346,Kim A. Taylor,R,Economic Development,Derived from LIS bill summary,16,14,2,16,YES,87.5,12.5
2025,H0238,M. Keith Hodges,R,Economic Development,Derived from LIS bill summary,24,21,3,24,YES,87.5,12.5
2025,H0358,"Mark L. Earley, Jr.",R,Economic Development,Derived from LIS bill summary,16,14,2,16,YES,87.5,12.5
2025,H0335,Mike A. Cherry,R,Economic Development,Derived from LIS bill summary,16,14,2,16,YES,87.5,12.5
2025,H0376,Paul V. Milde,R,Economic Development,Derived from LIS bill summary,16,14,2,16,YES,87.5,12.5
2025,H0267,"Robert S. Bloxom, Jr.",R,Economic Development,Derived from LIS bill summary,32,28,4,32,YES,87.5,12.5
2025,H0363,W. Chad Green,R,Economic Development,Derived from LIS bill summary,16,14,2,16,YES,87.5,12.5
2025,H0328,Scott A. Wyatt,R,Economic Development,Derived from LIS bill summary,24,20,3,23,YES,86.95652173913044,13.043478260869565
2025,H0352,"Jonathan ""Jed"" Arnold",R,Economic Development,Derived from LIS bill summary,22,19,3,22,YES,86.36363636363636,13.636363636363635
2025,H0253,Terry L. Austin,R,Economic Development,Derived from LIS bill summary,29,25,4,29,YES,86.20689655172413,13.793103448275861
2025,H0329,Bill Wiley,R,Economic Development,Derived from LIS bill summary,27,23,4,27,YES,85.18518518518519,14.814814814814813
2025,H0315,Carrie E. Coyner,R,Economic Development,Derived from LIS bill summary,29,23,4,27,YES,85.18518518518519,14.814814814814813
2025,H0377,Delores Oates,R,Economic Development,Derived from LIS bill summary,20,17,3,20,YES,85.0,15.0
2025,H0357,Will Davis,R,Economic Development,Derived from LIS bill summary,20,17,3,20,YES,85.0,15.0
2025,H0350,Ellen H. Campbell,R,Economic Development,Derived from LIS bill summary,34,25,5,30,YES,83.33333333333334,16.666666666666664
2025,H0231,Tony O. Wilt,R,Economic Development,Derived from LIS bill summary,17,14,3,17,YES,82.35294117647058,17.647058823529413
2025,H0259,"Hyland F. ""Buddy"" Fowler, Jr.",R,Economic Development,Derived from LIS bill summary,29,21,5,26,YES,80.76923076923077,19.230769230769234
2025,H0367,Geary Higgins,R,Economic Development,Derived from LIS bill summary,20,16,4,20,YES,80.0,20.0
2025,H0369,Hillary Pugh Kent,R,Economic Development,Derived from LIS bill summary,19,15,4,19,YES,78.94736842105263,21.052631578947366
2025,H0325,Wendell S. Walker,R,Economic Development,Derived from LIS bill summary,19,15,4,19,YES,78.94736842105263,21.052631578947366
2025,H0073,"Robert D. Orrock, Sr.",R,Economic Development,Derived from LIS bill summary,20,13,4,17,YES,76.47058823529412,23.52941176470588
2025,H0313,Amanda E. Batten,R,Economic Development,Derived from LIS bill summary,16,12,4,16,YES,75.0,25.0
2025,H0321,Chris S. Runion,R,Economic Development,Derived from LIS bill summary,20,15,5,20,YES,75.0,25.0
2025,H0348,Wren M. Williams,R,Economic Development,Derived from LIS bill summary,16,12,4,16,YES,75.0,25.0
2025,H0124,R. Lee Ware,R,Economic Development,Derived from LIS bill summary,21,15,6,21,YES,71.42857142857143,28.57142857142857
2025,H0206,Barry D. Knight,R,Education,Derived from LIS bill description,17,0,0,0,INSUFFICIENT DATA,0.0,0.0
2025,H0150,"Daniel W. Marshall, III",R,Education,Derived from LIS bill description,18,0,1,1,INSUFFICIENT DATA,0.0,100.0
2025,H0350,Ellen H. Campbell,R,Education,Derived from LIS bill summary,277,176,95,271,MIXED,64.94464944649447,35.05535055350554
2025,H0350,Ellen H. Campbell,R,Education,Derived from LIS bill description,18,11,6,17,MIXED,64.70588235294117,35.294117647058826
2025,H0333,Jason S. Ballard,R,Education,Derived from LIS bill description,17,11,6,17,MIXED,64.70588235294117,35.294117647058826
2025,H0357,Will Davis,R,Education,Derived from LIS bill description,17,11,6,17,MIXED,64.70588235294117,35.294117647058826
2025,H0347,"H. Otto Wachsmann, Jr.",R,Education,Derived from LIS bill summary,233,149,84,233,MIXED,63.94849785407726,36.05150214592275
2025,H0358,"Mark L. Earley, Jr.",R,Education,Derived from LIS bill summary,207,130,74,204,MIXED,63.725490196078425,36.27450980392157
2025,H0378,Chris Obenshain,R,Education,Derived from LIS bill summary,211,134,77,211,MIXED,63.507109004739334,36.492890995260666
2025,H0253,Terry L. Austin,R,Education,Derived from LIS bill summary,243,152,88,240,MIXED,63.33333333333333,36.666666666666664
2025,H0347,"H. Otto Wachsmann, Jr.",R,Education,Derived from LIS bill description,19,12,7,19,MIXED,63.1578947368421,36.84210526315789
2025,H0073,"Robert D. Orrock, Sr.",R,Education,Derived from LIS bill description,19,12,7,19,MIXED,63.1578947368421,36.84210526315789
2025,H0345,Anne Ferrell Tata,R,Education,Derived from LIS bill description,27,17,10,27,MIXED,62.96296296296296,37.03703703703704
2025,H0206,Barry D. Knight,R,Education,Derived from LIS bill summary,210,49,29,78,MIXED,62.82051282051282,37.17948717948718
2025,H0224,James W. Morefield,R,Education,Derived from LIS bill description,18,10,6,16,MIXED,62.5,37.5
2025,H0373,Ian T. Lovejoy,R,Education,Derived from LIS bill summary,200,124,75,199,MIXED,62.311557788944725,37.68844221105528
2025,H0056,Terry G. Kilgore,R,Education,Derived from LIS bill description,22,13,8,21,MIXED,61.904761904761905,38.095238095238095
2025,H0335,Mike A. Cherry,R,Education,Derived from LIS bill summary,472,289,179,468,MIXED,61.75213675213676,38.24786324786324
2025,H0056,Terry G. Kilgore,R,Education,Derived from LIS bill summary,214,129,81,210,MIXED,61.42857142857143,38.57142857142858
2025,H0329,Bill Wiley,R,Education,Derived from LIS bill summary,241,145,92,237,MIXED,61.18143459915611,38.81856540084388
2025,H0367,Geary Higgins,R,Education,Derived from LIS bill summary,233,138,94,232,MIXED,59.48275862068966,40.51724137931034
2025,H0321,Chris S. Runion,R,Education,Derived from LIS bill description,17,10,7,17,MIXED,58.82352941176471,41.17647058823529
2025,H0369,Hillary Pugh Kent,R,Education,Derived from LIS bill description,17,10,7,17,MIXED,58.82352941176471,41.17647058823529
2025,H0262,"James A. ""Jay"" Leftwich",R,Education,Derived from LIS bill description,17,10,7,17,MIXED,58.82352941176471,41.17647058823529
2025,H0231,Tony O. Wilt,R,Education,Derived from LIS bill description,17,10,7,17,MIXED,58.82352941176471,41.17647058823529
2025,H0259,"Hyland F. ""Buddy"" Fowler, Jr.",R,Education,Derived from LIS bill summary,220,123,87,210,MIXED,58.57142857142858,41.42857142857143
2025,H0325,Wendell S. Walker,R,Education,Derived from LIS bill summary,238,139,99,238,MIXED,58.40336134453782,41.596638655462186
2025,H0384,Eric Phillips,R,Education,Derived from LIS bill summary,204,118,85,203,MIXED,58.128078817733986,41.87192118226601
2025,H0369,Hillary Pugh Kent,R,Education,Derived from LIS bill summary,204,118,85,203,MIXED,58.128078817733986,41.87192118226601
2025,H0325,Wendell S. Walker,R,Education,Derived from LIS bill description,19,11,8,19,MIXED,57.89473684210527,42.10526315789473
2025,H0262,"James A. ""Jay"" Leftwich",R,Education,Derived from LIS bill summary,224,128,94,222,MIXED,57.65765765765766,42.34234234234234
2025,H0328,Scott A. Wyatt,R,Education,Derived from LIS bill summary,232,133,98,231,MIXED,57.57575757575758,42.42424242424242
2025,H0259,"Hyland F. ""Buddy"" Fowler, Jr.",R,Education,Derived from LIS bill description,17,8,6,14,MIXED,57.14285714285714,42.857142857142854
2025,H0333,Jason S. Ballard,R,Education,Derived from LIS bill summary,212,120,92,212,MIXED,56.60377358490566,43.39622641509434
2025,H0377,Delores Oates,R,Education,Derived from LIS bill description,17,9,7,16,MIXED,56.25,43.75
2025,H0308,Joseph P. McNamara,R,Education,Derived from LIS bill description,17,9,7,16,MIXED,56.25,43.75
2025,H0124,R. Lee Ware,R,Education,Derived from LIS bill description,17,9,7,16,MIXED,56.25,43.75
2025,H0383,Eric R. Zehr,R,Education,Derived from LIS bill description,26,14,11,25,MIXED,56.00000000000001,44.0
2025,H0352,"Jonathan ""Jed"" Arnold",R,Education,Derived from LIS bill summary,217,119,94,213,MIXED,55.86854460093896,44.13145539906103
2025,H0329,Bill Wiley,R,Education,Derived from LIS bill description,18,10,8,18,MIXED,55.55555555555556,44.44444444444444
2025,H0242,Israel D. O'Quinn,R,Education,Derived from LIS bill description,22,11,9,20,MIXED,55.00000000000001,45.0
2025,H0357,Will Davis,R,Education,Derived from LIS bill summary,211,116,95,211,MIXED,54.976303317535546,45.023696682464454
2025,H0247,Michael J. Webert,R,Education,Derived from LIS bill description,22,12,10,22,MIXED,54.54545454545454,45.45454545454545
2025,H0313,Amanda E. Batten,R,Education,Derived from LIS bill summary,354,190,162,352,MIXED,53.97727272727273,46.02272727272727
2025,H0231,Tony O. Wilt,R,Education,Derived from LIS bill summary,212,113,98,211,MIXED,53.55450236966824,46.44549763033176
2025,H0376,Paul V. Milde,R,Education,Derived from LIS bill description,17,8,7,15,MIXED,53.333333333333336,46.666666666666664
2025,H0352,"Jonathan ""Jed"" Arnold",R,Education,Derived from LIS bill description,17,9,8,17,MIXED,52.94117647058824,47.05882352941176
2025,H0376,Paul V. Milde,R,Education,Derived from LIS bill summary,200,99,88,187,MIXED,52.94117647058824,47.05882352941176
2025,H0348,Wren M. Williams,R,Education,Derived from LIS bill description,17,9,8,17,MIXED,52.94117647058824,47.05882352941176
2025,H0242,Israel D. O'Quinn,R,Education,Derived from LIS bill summary,207,108,97,205,MIXED,52.6829268292683,47.3170731707317
2025,H0247,Michael J. Webert,R,Education,Derived from LIS bill summary,214,107,97,204,MIXED,52.450980392156865,47.549019607843135
2025,H0238,M. Keith Hodges,R,Education,Derived from LIS bill description,21,11,10,21,MIXED,52.38095238095239,47.61904761904761
2025,H0124,R. Lee Ware,R,Education,Derived from LIS bill summary,210,108,100,208,MIXED,51.92307692307693,48.07692307692308
2025,H0321,Chris S. Runion,R,Education,Derived from LIS bill summary,211,107,102,209,MIXED,51.196172248803826,48.803827751196174
2025,H0342,Phillip A. Scott,R,Education,Derived from LIS bill summary,379,188,183,371,MIXED,50.673854447439346,49.32614555256065
2025,H0308,Joseph P. McNamara,R,Education,Derived from LIS bill summary,208,102,100,202,MIXED,50.495049504950494,49.504950495049506
2025,H0362,"Thomas A. Garrett, Jr.",R,Education,Derived from LIS bill summary,350,169,167,336,MIXED,50.297619047619044,49.702380952380956
2025,H0328,Scott A. Wyatt,R,Education,Derived from LIS bill description,18,9,9,18,MIXED,50.0,50.0
2025,H0362,"Thomas A. Garrett, Jr.",R,Education,Derived from LIS bill description,26,12,12,24,MIXED,50.0,50.0
2025,H0348,Wren M. Williams,R,Education,Derived from LIS bill summary,219,109,109,218,MIXED,50.0,50.0
2025,H0383,Eric R. Zehr,R,Education,Derived from LIS bill summary,347,166,176,342,MIXED,48.53801169590643,51.461988304093566
2025,H0377,Delores Oates,R,Education,Derived from LIS bill summary,206,99,105,204,MIXED,48.529411764705884,51.470588235294116
2025,H0136,"Thomas C. Wright, Jr.",R,Education,Derived from LIS bill summary,201,86,92,178,MIXED,48.31460674157304,51.68539325842697
2025,H0181,C. Todd Gilbert,R,Education,Derived from LIS bill summary,208,97,107,204,MIXED,47.549019607843135,52.450980392156865
2025,H0279,Nicholas J. Freitas,R,Education,Derived from LIS bill summary,335,153,172,325,MIXED,47.07692307692308,52.92307692307693
2025,H0342,Phillip A. Scott,R,Education,Derived from LIS bill description,28,13,15,28,MIXED,46.42857142857143,53.57142857142857
2025,H0181,C. Todd Gilbert,R,Education,Derived from LIS bill description,22,10,12,22,MIXED,45.45454545454545,54.54545454545454
2025,H0279,Nicholas J. Freitas,R,Education,Derived from LIS bill description,25,10,12,22,MIXED,45.45454545454545,54.54545454545454
2025,H0364,Timothy P. Griffin,R,Education,Derived from LIS bill summary,199,83,116,199,MIXED,41.70854271356784,58.291457286432156
2025,H0136,"Thomas C. Wright, Jr.",R,Education,Derived from LIS bill description,17,6,10,16,MIXED,37.5,62.5
2025,H0364,Timothy P. Griffin,R,Education,Derived from LIS bill description,17,6,11,17,MIXED,35.294117647058826,64.70588235294117
2025,H0375,Adele Y. McClure,D,Education,Derived from LIS bill description,17,17,0,17,YES,100.0,0.0
2025,H0311,Alex Q. Askew,D,Education,Derived from LIS bill description,29,29,0,29,YES,100.0,0.0
2025,H0239,Alfonso H. Lopez,D,Education,Derived from LIS bill description,17,17,0,17,YES,100.0,0.0
2025,H0380,Atoosa R. Reaser,D,Education,Derived from LIS bill description,28,27,0,27,YES,100.0,0.0
2025,H0212,Betsy B. Carr,D,Education,Derived from LIS bill description,23,23,0,23,YES,100.0,0.0
2025,H0353,Bonita G. Anthony,D,Education,Derived from LIS bill description,17,17,0,17,YES,100.0,0.0
2025,H0343,Briana D. Sewell,D,Education,Derived from LIS bill description,27,27,0,27,YES,100.0,0.0
2025,H0285,"C.E. Cliff Hayes, Jr.",D,Education,Derived from LIS bill description,26,24,0,24,YES,100.0,0.0
2025,H0330,Candi Mundon King,D,Education,Derived from LIS bill description,17,17,0,17,YES,100.0,0.0
2025,H0208,Charniele L. Herring,D,Education,Derived from LIS bill description,24,24,0,24,YES,100.0,0.0
2025,H0317,Dan I. Helmer,D,Education,Derived from LIS bill description,22,22,0,22,YES,100.0,0.0
2025,H0301,David A. Reid,D,Education,Derived from LIS bill description,18,18,0,18,YES,100.0,0.0
2025,H0177,David L. Bulova,D,Education,Derived from LIS bill description,18,18,0,18,YES,100.0,0.0
2025,H0361,Debra D. Gardner,D,Education,Derived from LIS bill description,19,17,0,17,YES,100.0,0.0
2025,H0207,Delores L. McQuinn,D,Education,Derived from LIS bill description,27,21,0,21,YES,100.0,0.0
2025,H0372,Destiny LeVere Bolling,D,Education,Derived from LIS bill description,29,20,0,20,YES,100.0,0.0
2025,H0322,Don Scott,D,Education,Derived from LIS bill description,22,22,0,22,YES,100.0,0.0
2025,H0334,Elizabeth B. Bennett-Parker,D,Education,Derived from LIS bill description,17,17,0,17,YES,100.0,0.0
2025,H0351,Holly M. Seibold,D,Education,Derived from LIS bill description,17,17,0,17,YES,100.0,0.0
2025,H0344,Irene Shin,D,Education,Derived from LIS bill description,19,19,0,19,YES,100.0,0.0
2025,H0385,JJ Singh,D,Education,Derived from LIS bill description,20,20,0,20,YES,100.0,0.0
2025,H0349,Jackie H. Glass,D,Education,Derived from LIS bill description,17,17,0,17,YES,100.0,0.0
2025,H0173,Jeion A. Ward,D,Education,Derived from LIS bill description,22,22,0,22,YES,100.0,0.0
2025,H0382,Joshua E. Thomas,D,Education,Derived from LIS bill description,17,17,0,17,YES,100.0,0.0
2025,H0314,Joshua G. Cole,D,Education,Derived from LIS bill description,20,20,0,20,YES,100.0,0.0
2025,H0370,Karen Keys-Gamarra,D,Education,Derived from LIS bill description,17,17,0,17,YES,100.0,0.0
2025,H0294,Karrie K. Delaney,D,Education,Derived from LIS bill description,17,16,0,16,YES,100.0,0.0
2025,H0305,Kathy K.L. Tran,D,Education,Derived from LIS bill description,25,25,0,25,YES,100.0,0.0
2025,H0354,Katrina Callsen,D,Education,Derived from LIS bill description,17,17,0,17,YES,100.0,0.0
2025,H0295,Kelly K. Convirs-Fowler,D,Education,Derived from LIS bill description,25,22,0,22,YES,100.0,0.0
2025,H0227,Luke E. Torian,D,Education,Derived from LIS bill description,23,23,0,23,YES,100.0,0.0
2025,H0284,"Marcia S. ""Cia"" Price",D,Education,Derived from LIS bill description,20,20,0,20,YES,100.0,0.0
2025,H0264,Marcus B. Simon,D,Education,Derived from LIS bill description,22,22,0,22,YES,100.0,0.0
2025,H0172,Mark D. Sickles,D,Education,Derived from LIS bill description,26,25,0,25,YES,100.0,0.0
2025,H0374,Marty Martinez,D,Education,Derived from LIS bill description,17,17,0,17,YES,100.0,0.0
2025,H0360,Michael B. Feggans,D,Education,Derived from LIS bill description,17,17,0,17,YES,100.0,0.0
2025,H0368,Michael J. Jones,D,Education,Derived from LIS bill description,17,15,0,15,YES,100.0,0.0
2025,H0340,Michelle Lopes Maldonado,D,Education,Derived from LIS bill description,17,17,0,17,YES,100.0,0.0
2025,H0336,Nadarius E. Clark,D,Education,Derived from LIS bill description,26,24,0,24,YES,100.0,0.0
2025,H0219,Patrick A. Hope,D,Education,Derived from LIS bill description,19,19,0,19,YES,100.0,0.0
2025,H0281,Paul E. Krizek,D,Education,Derived from LIS bill description,18,18,0,18,YES,100.0,0.0
2025,H0366,Phil M. Hernandez,D,Education,Derived from LIS bill description,17,17,0,17,YES,100.0,0.0
2025,H0356,Rae Cousins,D,Education,Derived from LIS bill description,28,28,0,28,YES,100.0,0.0
2025,H0269,"Richard C. ""Rip"" Sullivan, Jr.",D,Education,Derived from LIS bill description,22,22,0,22,YES,100.0,0.0
2025,H0327,Rodney T. Willett,D,Education,Derived from LIS bill description,20,20,0,20,YES,100.0,0.0
2025,H0365,"Rozia A. Henson, Jr.",D,Education,Derived from LIS bill description,19,19,0,19,YES,100.0,0.0
2025,H0266,Sam Rasoul,D,Education,Derived from LIS bill description,30,28,0,28,YES,100.0,0.0
2025,H0323,Shelly A. Simonds,D,Education,Derived from LIS bill description,28,28,0,28,YES,100.0,0.0
2025,H0108,Vivian E. Watts,D,Education,Derived from LIS bill description,22,22,0,22,YES,100.0,0.0
2025,H0266,Sam Rasoul,D,Education,Derived from LIS bill summary,530,401,21,422,YES,95.02369668246445,4.976303317535545
2025,H0323,Shelly A. Simonds,D,Education,Derived from LIS bill summary,445,415,22,437,YES,94.96567505720824,5.034324942791762
2025,H0311,Alex Q. Askew,D,Education,Derived from LIS bill summary,500,468,27,495,YES,94.54545454545455,5.454545454545454
2025,H0356,Rae Cousins,D,Education,Derived from LIS bill summary,462,435,27,462,YES,94.15584415584416,5.844155844155844
2025,H0378,Chris Obenshain,R,Education,Derived from LIS bill description,17,16,1,17,YES,94.11764705882352,5.88235294117647
2025,H0207,Delores L. McQuinn,D,Education,Derived from LIS bill summary,401,333,21,354,YES,94.0677966101695,5.932203389830509
2025,H0372,Destiny LeVere Bolling,D,Education,Derived from LIS bill summary,462,401,27,428,YES,93.69158878504673,6.308411214953271
2025,H0343,Briana D. Sewell,D,Education,Derived from LIS bill summary,408,379,26,405,YES,93.58024691358024,6.419753086419753
2025,H0380,Atoosa R. Reaser,D,Education,Derived from LIS bill summary,446,416,29,445,YES,93.48314606741573,6.51685393258427
2025,H0315,Carrie E. Coyner,R,Education,Derived from LIS bill description,34,25,2,27,YES,92.5925925925926,7.4074074074074066
2025,H0295,Kelly K. Convirs-Fowler,D,Education,Derived from LIS bill summary,337,304,25,329,YES,92.40121580547113,7.598784194528875
2025,H0371,Amy J. Laufer,D,Education,Derived from LIS bill description,26,24,2,26,YES,92.3076923076923,7.6923076923076925
2025,H0327,Rodney T. Willett,D,Education,Derived from LIS bill summary,271,250,21,271,YES,92.25092250922509,7.7490774907749085
2025,H0336,Nadarius E. Clark,D,Education,Derived from LIS bill summary,355,319,27,346,YES,92.1965317919075,7.803468208092486
2025,H0368,Michael J. Jones,D,Education,Derived from LIS bill summary,204,164,14,178,YES,92.13483146067416,7.865168539325842
2025,H0371,Amy J. Laufer,D,Education,Derived from LIS bill summary,359,326,29,355,YES,91.83098591549296,8.169014084507042
2025,H0212,Betsy B. Carr,D,Education,Derived from LIS bill summary,254,231,21,252,YES,91.66666666666666,8.333333333333332
2025,H0177,David L. Bulova,D,Education,Derived from LIS bill summary,275,246,23,269,YES,91.44981412639405,8.550185873605948
2025,H0281,Paul E. Krizek,D,Education,Derived from LIS bill summary,257,235,22,257,YES,91.43968871595331,8.560311284046692
2025,H0294,Karrie K. Delaney,D,Education,Derived from LIS bill summary,230,208,20,228,YES,91.22807017543859,8.771929824561402
2025,H0172,Mark D. Sickles,D,Education,Derived from LIS bill summary,295,247,24,271,YES,91.14391143911439,8.856088560885608
2025,H0285,"C.E. Cliff Hayes, Jr.",D,Education,Derived from LIS bill summary,276,236,23,259,YES,91.11969111969111,8.880308880308881
2025,H0355,Laura Jane Cohen,D,Education,Derived from LIS bill summary,354,322,32,354,YES,90.96045197740112,9.03954802259887
2025,H0301,David A. Reid,D,Education,Derived from LIS bill summary,232,211,21,232,YES,90.94827586206897,9.051724137931034
2025,H0227,Luke E. Torian,D,Education,Derived from LIS bill summary,278,219,22,241,YES,90.87136929460581,9.12863070539419
2025,H0108,Vivian E. Watts,D,Education,Derived from LIS bill summary,228,203,22,225,YES,90.22222222222223,9.777777777777779
2025,H0382,Joshua E. Thomas,D,Education,Derived from LIS bill summary,224,201,22,223,YES,90.13452914798206,9.865470852017937
2025,H0208,Charniele L. Herring,D,Education,Derived from LIS bill summary,246,219,24,243,YES,90.12345679012346,9.876543209876543
2025,H0239,Alfonso H. Lopez,D,Education,Derived from LIS bill summary,213,190,21,211,YES,90.04739336492891,9.95260663507109
2025,H0351,Holly M. Seibold,D,Education,Derived from LIS bill summary,220,198,22,220,YES,90.0,10.0
2025,H0269,"Richard C. ""Rip"" Sullivan, Jr.",D,Education,Derived from LIS bill summary,225,198,22,220,YES,90.0,10.0
2025,H0314,Joshua G. Cole,D,Education,Derived from LIS bill summary,255,221,25,246,YES,89.83739837398373,10.16260162601626
2025,H0360,Michael B. Feggans,D,Education,Derived from LIS bill summary,207,185,21,206,YES,89.80582524271846,10.194174757281553
2025,H0330,Candi Mundon King,D,Education,Derived from LIS bill summary,216,190,22,212,YES,89.62264150943396,10.377358490566039
2025,H0173,Jeion A. Ward,D,Education,Derived from LIS bill summary,208,180,21,201,YES,89.55223880597015,10.44776119402985
2025,H0385,JJ Singh,D,Education,Derived from LIS bill summary,242,210,25,235,YES,89.36170212765957,10.638297872340425
2025,H0219,Patrick A. Hope,D,Education,Derived from LIS bill summary,251,218,26,244,YES,89.34426229508196,10.655737704918032
2025,H0361,Debra D. Gardner,D,Education,Derived from LIS bill summary,242,208,25,233,YES,89.27038626609442,10.72961373390558
2025,H0284,"Marcia S. ""Cia"" Price",D,Education,Derived from LIS bill summary,253,224,27,251,YES,89.2430278884462,10.756972111553784
2025,H0344,Irene Shin,D,Education,Derived from LIS bill summary,242,215,26,241,YES,89.21161825726142,10.78838174273859
2025,H0366,Phil M. Hernandez,D,Education,Derived from LIS bill summary,223,198,24,222,YES,89.1891891891892,10.81081081081081
2025,H0365,"Rozia A. Henson, Jr.",D,Education,Derived from LIS bill summary,238,212,26,238,YES,89.07563025210085,10.92436974789916
2025,H0322,Don Scott,D,Education,Derived from LIS bill summary,202,178,22,200,YES,89.0,11.0
2025,H0375,Adele Y. McClure,D,Education,Derived from LIS bill summary,218,193,24,217,YES,88.94009216589862,11.059907834101383
2025,H0354,Katrina Callsen,D,Education,Derived from LIS bill summary,226,201,25,226,YES,88.93805309734513,11.061946902654867
2025,H0264,Marcus B. Simon,D,Education,Derived from LIS bill summary,228,200,25,225,YES,88.88888888888889,11.11111111111111
2025,H0374,Marty Martinez,D,Education,Derived from LIS bill summary,200,175,22,197,YES,88.83248730964468,11.16751269035533
2025,H0349,Jackie H. Glass,D,Education,Derived from LIS bill summary,205,181,23,204,YES,88.72549019607843,11.27450980392157
2025,H0340,Michelle Lopes Maldonado,D,Education,Derived from LIS bill summary,213,188,24,212,YES,88.67924528301887,11.320754716981133
2025,H0334,Elizabeth B. Bennett-Parker,D,Education,Derived from LIS bill summary,220,194,25,219,YES,88.58447488584474,11.415525114155251
2025,H0370,Karen Keys-Gamarra,D,Education,Derived from LIS bill summary,212,184,24,208,YES,88.46153846153845,11.538461538461538
2025,H0355,Laura Jane Cohen,D,Education,Derived from LIS bill description,26,23,3,26,YES,88.46153846153845,11.538461538461538
2025,H0353,Bonita G. Anthony,D,Education,Derived from LIS bill summary,208,183,25,208,YES,87.98076923076923,12.01923076923077
2025,H0305,Kathy K.L. Tran,D,Education,Derived from LIS bill summary,249,219,30,249,YES,87.95180722891565,12.048192771084338
2025,H0317,Dan I. Helmer,D,Education,Derived from LIS bill summary,213,185,28,213,YES,86.85446009389672,13.145539906103288
2025,H0359,N. Baxter Ennis,R,Education,Derived from LIS bill description,27,22,4,26,YES,84.61538461538461,15.384615384615385
2025,H0346,Kim A. Taylor,R,Education,Derived from LIS bill description,19,14,3,17,YES,82.35294117647058,17.647058823529413
2025,H0384,Eric Phillips,R,Education,Derived from LIS bill description,17,13,4,17,YES,76.47058823529412,23.52941176470588
2025,H0379,David Owen,R,Education,Derived from LIS bill description,20,15,5,20,YES,75.0,25.0
2025,H0363,W. Chad Green,R,Education,Derived from LIS bill description,28,21,7,28,YES,75.0,25.0
2025,H0315,Carrie E. Coyner,R,Education,Derived from LIS bill summary,511,345,121,466,YES,74.0343347639485,25.9656652360515
2025,H0346,Kim A. Taylor,R,Education,Derived from LIS bill summary,234,152,56,208,YES,73.07692307692307,26.923076923076923
2025,H0359,N. Baxter Ennis,R,Education,Derived from LIS bill summary,367,262,98,360,YES,72.77777777777777,27.22222222222222
2025,H0267,"Robert S. Bloxom, Jr.",R,Education,Derived from LIS bill description,18,13,5,18,YES,72.22222222222221,27.77777777777778
2025,H0337,A.C. Cordoza,R,Education,Derived from LIS bill description,17,12,5,17,YES,70.58823529411765,29.411764705882355
2025,H0373,Ian T. Lovejoy,R,Education,Derived from LIS bill description,17,12,5,17,YES,70.58823529411765,29.411764705882355
2025,H0358,"Mark L. Earley, Jr.",R,Education,Derived from LIS bill description,17,12,5,17,YES,70.58823529411765,29.411764705882355
2025,H0150,"Daniel W. Marshall, III",R,Education,Derived from LIS bill summary,259,42,18,60,YES,70.0,30.0
2025,H0073,"Robert D. Orrock, Sr.",R,Education,Derived from LIS bill summary,246,160,69,229,YES,69.86899563318777,30.131004366812224
2025,H0253,Terry L. Austin,R,Education,Derived from LIS bill description,23,16,7,23,YES,69.56521739130434,30.434782608695656
2025,H0379,David Owen,R,Education,Derived from LIS bill summary,238,163,74,237,YES,68.77637130801688,31.223628691983123
2025,H0367,Geary Higgins,R,Education,Derived from LIS bill description,19,13,6,19,YES,68.42105263157895,31.57894736842105
2025,H0313,Amanda E. Batten,R,Education,Derived from LIS bill description,25,17,8,25,YES,68.0,32.0
2025,H0335,Mike A. Cherry,R,Education,Derived from LIS bill description,31,21,10,31,YES,67.74193548387096,32.25806451612903
2025,H0345,Anne Ferrell Tata,R,Education,Derived from LIS bill summary,379,256,122,378,YES,67.72486772486772,32.27513227513227
2025,H0224,James W. Morefield,R,Education,Derived from LIS bill summary,240,157,75,232,YES,67.67241379310344,32.327586206896555
2025,H0267,"Robert S. Bloxom, Jr.",R,Education,Derived from LIS bill summary,245,165,79,244,YES,67.62295081967213,32.37704918032787
2025,H0363,W. Chad Green,R,Education,Derived from LIS bill summary,439,296,143,439,YES,67.42596810933941,32.57403189066059
2025,H0337,A.C. Cordoza,R,Education,Derived from LIS bill summary,219,143,73,216,YES,66.20370370370371,33.7962962962963
2025,H0238,M. Keith Hodges,R,Education,Derived from LIS bill summary,279,183,95,278,YES,65.82733812949641,34.172661870503596
2025,H0375,Adele Y. McClure,D,Elections,Official LIS subject,3,3,0,3,INSUFFICIENT DATA,100.0,0.0
2025,H0311,Alex Q. Askew,D,Elections,Official LIS subject,3,3,0,3,INSUFFICIENT DATA,100.0,0.0
2025,H0239,Alfonso H. Lopez,D,Elections,Official LIS subject,3,3,0,3,INSUFFICIENT DATA,100.0,0.0
2025,H0371,Amy J. Laufer,D,Elections,Official LIS subject,3,3,0,3,INSUFFICIENT DATA,100.0,0.0
2025,H0380,Atoosa R. Reaser,D,Elections,Official LIS subject,3,3,0,3,INSUFFICIENT DATA,100.0,0.0
2025,H0212,Betsy B. Carr,D,Elections,Official LIS subject,3,3,0,3,INSUFFICIENT DATA,100.0,0.0
2025,H0353,Bonita G. Anthony,D,Elections,Official LIS subject,4,4,0,4,INSUFFICIENT DATA,100.0,0.0
2025,H0343,Briana D. Sewell,D,Elections,Official LIS subject,3,3,0,3,INSUFFICIENT DATA,100.0,0.0
2025,H0285,"C.E. Cliff Hayes, Jr.",D,Elections,Official LIS subject,3,3,0,3,INSUFFICIENT DATA,100.0,0.0
2025,H0330,Candi Mundon King,D,Elections,Official LIS subject,3,3,0,3,INSUFFICIENT DATA,100.0,0.0
2025,H0208,Charniele L. Herring,D,Elections,Official LIS subject,3,3,0,3,INSUFFICIENT DATA,100.0,0.0
2025,H0317,Dan I. Helmer,D,Elections,Official LIS subject,3,3,0,3,INSUFFICIENT DATA,100.0,0.0
2025,H0301,David A. Reid,D,Elections,Official LIS subject,4,4,0,4,INSUFFICIENT DATA,100.0,0.0
2025,H0177,David L. Bulova,D,Elections,Official LIS subject,3,3,0,3,INSUFFICIENT DATA,100.0,0.0
2025,H0361,Debra D. Gardner,D,Elections,Official LIS subject,3,3,0,3,INSUFFICIENT DATA,100.0,0.0
2025,H0207,Delores L. McQuinn,D,Elections,Official LIS subject,3,3,0,3,INSUFFICIENT DATA,100.0,0.0
2025,H0372,Destiny LeVere Bolling,D,Elections,Official LIS subject,4,4,0,4,INSUFFICIENT DATA,100.0,0.0
2025,H0322,Don Scott,D,Elections,Official LIS subject,3,3,0,3,INSUFFICIENT DATA,100.0,0.0
2025,H0334,Elizabeth B. Bennett-Parker,D,Elections,Official LIS subject,3,3,0,3,INSUFFICIENT DATA,100.0,0.0
2025,H0351,Holly M. Seibold,D,Elections,Official LIS subject,3,3,0,3,INSUFFICIENT DATA,100.0,0.0
2025,H0344,Irene Shin,D,Elections,Official LIS subject,3,3,0,3,INSUFFICIENT DATA,100.0,0.0
2025,H0385,JJ Singh,D,Elections,Official LIS subject,3,3,0,3,INSUFFICIENT DATA,100.0,0.0
2025,H0349,Jackie H. Glass,D,Elections,Official LIS subject,4,4,0,4,INSUFFICIENT DATA,100.0,0.0
2025,H0173,Jeion A. Ward,D,Elections,Official LIS subject,3,3,0,3,INSUFFICIENT DATA,100.0,0.0
2025,H0382,Joshua E. Thomas,D,Elections,Official LIS subject,3,3,0,3,INSUFFICIENT DATA,100.0,0.0
2025,H0314,Joshua G. Cole,D,Elections,Official LIS subject,4,4,0,4,INSUFFICIENT DATA,100.0,0.0
2025,H0381,Kannan Srinivasan,D,Elections,Official LIS subject,1,1,0,1,INSUFFICIENT DATA,100.0,0.0
2025,H0370,Karen Keys-Gamarra,D,Elections,Official LIS subject,3,3,0,3,INSUFFICIENT DATA,100.0,0.0
2025,H0294,Karrie K. Delaney,D,Elections,Official LIS subject,3,3,0,3,INSUFFICIENT DATA,100.0,0.0
2025,H0305,Kathy K.L. Tran,D,Elections,Official LIS subject,3,3,0,3,INSUFFICIENT DATA,100.0,0.0
2025,H0354,Katrina Callsen,D,Elections,Official LIS subject,3,3,0,3,INSUFFICIENT DATA,100.0,0.0
2025,H0295,Kelly K. Convirs-Fowler,D,Elections,Official LIS subject,4,4,0,4,INSUFFICIENT DATA,100.0,0.0
2025,H0355,Laura Jane Cohen,D,Elections,Official LIS subject,3,3,0,3,INSUFFICIENT DATA,100.0,0.0
2025,H0227,Luke E. Torian,D,Elections,Official LIS subject,3,3,0,3,INSUFFICIENT DATA,100.0,0.0
2025,H0284,"Marcia S. ""Cia"" Price",D,Elections,Official LIS subject,4,4,0,4,INSUFFICIENT DATA,100.0,0.0
2025,H0264,Marcus B. Simon,D,Elections,Official LIS subject,3,3,0,3,INSUFFICIENT DATA,100.0,0.0
2025,H0172,Mark D. Sickles,D,Elections,Official LIS subject,4,4,0,4,INSUFFICIENT DATA,100.0,0.0
2025,H0374,Marty Martinez,D,Elections,Official LIS subject,3,3,0,3,INSUFFICIENT DATA,100.0,0.0
2025,H0360,Michael B. Feggans,D,Elections,Official LIS subject,3,3,0,3,INSUFFICIENT DATA,100.0,0.0
2025,H0368,Michael J. Jones,D,Elections,Official LIS subject,3,3,0,3,INSUFFICIENT DATA,100.0,0.0
2025,H0340,Michelle Lopes Maldonado,D,Elections,Official LIS subject,4,4,0,4,INSUFFICIENT DATA,100.0,0.0
2025,H0336,Nadarius E. Clark,D,Elections,Official LIS subject,3,3,0,3,INSUFFICIENT DATA,100.0,0.0
2025,H0219,Patrick A. Hope,D,Elections,Official LIS subject,3,3,0,3,INSUFFICIENT DATA,100.0,0.0
2025,H0281,Paul E. Krizek,D,Elections,Official LIS subject,4,4,0,4,INSUFFICIENT DATA,100.0,0.0
2025,H0366,Phil M. Hernandez,D,Elections,Official LIS subject,3,3,0,3,INSUFFICIENT DATA,100.0,0.0
2025,H0356,Rae Cousins,D,Elections,Official LIS subject,3,3,0,3,INSUFFICIENT DATA,100.0,0.0
2025,H0269,"Richard C. ""Rip"" Sullivan, Jr.",D,Elections,Official LIS subject,3,3,0,3,INSUFFICIENT DATA,100.0,0.0
2025,H0327,Rodney T. Willett,D,Elections,Official LIS subject,3,3,0,3,INSUFFICIENT DATA,100.0,0.0
2025,H0365,"Rozia A. Henson, Jr.",D,Elections,Official LIS subject,4,4,0,4,INSUFFICIENT DATA,100.0,0.0
2025,H0266,Sam Rasoul,D,Elections,Official LIS subject,3,3,0,3,INSUFFICIENT DATA,100.0,0.0
2025,H0323,Shelly A. Simonds,D,Elections,Official LIS subject,3,3,0,3,INSUFFICIENT DATA,100.0,0.0
2025,H0108,Vivian E. Watts,D,Elections,Official LIS subject,3,3,0,3,INSUFFICIENT DATA,100.0,0.0
2025,H0337,A.C. Cordoza,R,Elections,Official LIS subject,3,1,2,3,INSUFFICIENT DATA,33.33333333333333,66.66666666666666
2025,H0315,Carrie E. Coyner,R,Elections,Official LIS subject,3,1,2,3,INSUFFICIENT DATA,33.33333333333333,66.66666666666666
2025,H0346,Kim A. Taylor,R,Elections,Official LIS subject,3,1,2,3,INSUFFICIENT DATA,33.33333333333333,66.66666666666666
2025,H0359,N. Baxter Ennis,R,Elections,Official LIS subject,3,1,2,3,INSUFFICIENT DATA,33.33333333333333,66.66666666666666
2025,H0335,Mike A. Cherry,R,Elections,Official LIS subject,4,1,3,4,INSUFFICIENT DATA,25.0,75.0
2025,H0313,Amanda E. Batten,R,Elections,Official LIS subject,3,0,3,3,INSUFFICIENT DATA,0.0,100.0
2025,H0345,Anne Ferrell Tata,R,Elections,Official LIS subject,3,0,3,3,INSUFFICIENT DATA,0.0,100.0
2025,H0206,Barry D. Knight,R,Elections,Official LIS subject,3,0,3,3,INSUFFICIENT DATA,0.0,100.0
2025,H0329,Bill Wiley,R,Elections,Official LIS subject,3,0,3,3,INSUFFICIENT DATA,0.0,100.0
2025,H0181,C. Todd Gilbert,R,Elections,Official LIS subject,4,0,4,4,INSUFFICIENT DATA,0.0,100.0
2025,H0378,Chris Obenshain,R,Elections,Official LIS subject,3,0,3,3,INSUFFICIENT DATA,0.0,100.0
2025,H0321,Chris S. Runion,R,Elections,Official LIS subject,3,0,3,3,INSUFFICIENT DATA,0.0,100.0
2025,H0150,"Daniel W. Marshall, III",R,Elections,Official LIS subject,3,0,0,0,INSUFFICIENT DATA,0.0,0.0
2025,H0379,David Owen,R,Elections,Official LIS subject,3,0,3,3,INSUFFICIENT DATA,0.0,100.0
2025,H0377,Delores Oates,R,Elections,Official LIS subject,3,0,3,3,INSUFFICIENT DATA,0.0,100.0
2025,H0350,Ellen H. Campbell,R,Elections,Official LIS subject,3,0,3,3,INSUFFICIENT DATA,0.0,100.0
2025,H0384,Eric Phillips,R,Elections,Official LIS subject,4,0,3,3,INSUFFICIENT DATA,0.0,100.0
2025,H0383,Eric R. Zehr,R,Elections,Official LIS subject,3,0,3,3,INSUFFICIENT DATA,0.0,100.0
2025,H0367,Geary Higgins,R,Elections,Official LIS subject,3,0,3,3,INSUFFICIENT DATA,0.0,100.0
2025,H0347,"H. Otto Wachsmann, Jr.",R,Elections,Official LIS subject,4,0,4,4,INSUFFICIENT DATA,0.0,100.0
2025,H0369,Hillary Pugh Kent,R,Elections,Official LIS subject,3,0,3,3,INSUFFICIENT DATA,0.0,100.0
2025,H0259,"Hyland F. ""Buddy"" Fowler, Jr.",R,Elections,Official LIS subject,3,0,3,3,INSUFFICIENT DATA,0.0,100.0
2025,H0373,Ian T. Lovejoy,R,Elections,Official LIS subject,3,0,3,3,INSUFFICIENT DATA,0.0,100.0
2025,H0242,Israel D. O'Quinn,R,Elections,Official LIS subject,4,0,4,4,INSUFFICIENT DATA,0.0,100.0
2025,H0262,"James A. ""Jay"" Leftwich",R,Elections,Official LIS subject,4,0,4,4,INSUFFICIENT DATA,0.0,100.0
2025,H0224,James W. Morefield,R,Elections,Official LIS subject,3,0,3,3,INSUFFICIENT DATA,0.0,100.0
2025,H0333,Jason S. Ballard,R,Elections,Official LIS subject,3,0,3,3,INSUFFICIENT DATA,0.0,100.0
2025,H0352,"Jonathan ""Jed"" Arnold",R,Elections,Official LIS subject,3,0,3,3,INSUFFICIENT DATA,0.0,100.0
2025,H0308,Joseph P. McNamara,R,Elections,Official LIS subject,3,0,3,3,INSUFFICIENT DATA,0.0,100.0
2025,H0238,M. Keith Hodges,R,Elections,Official LIS subject,3,0,3,3,INSUFFICIENT DATA,0.0,100.0
2025,H0358,"Mark L. Earley, Jr.",R,Elections,Official LIS subject,3,0,3,3,INSUFFICIENT DATA,0.0,100.0
2025,H0247,Michael J. Webert,R,Elections,Official LIS subject,3,0,3,3,INSUFFICIENT DATA,0.0,100.0
2025,H0279,Nicholas J. Freitas,R,Elections,Official LIS subject,3,0,3,3,INSUFFICIENT DATA,0.0,100.0
2025,H0376,Paul V. Milde,R,Elections,Official LIS subject,4,0,4,4,INSUFFICIENT DATA,0.0,100.0
2025,H0342,Phillip A. Scott,R,Elections,Official LIS subject,4,0,4,4,INSUFFICIENT DATA,0.0,100.0
2025,H0124,R. Lee Ware,R,Elections,Official LIS subject,3,0,3,3,INSUFFICIENT DATA,0.0,100.0
2025,H0073,"Robert D. Orrock, Sr.",R,Elections,Official LIS subject,3,0,3,3,INSUFFICIENT DATA,0.0,100.0
2025,H0267,"Robert S. Bloxom, Jr.",R,Elections,Official LIS subject,4,0,4,4,INSUFFICIENT DATA,0.0,100.0
2025,H0328,Scott A. Wyatt,R,Elections,Official LIS subject,3,0,3,3,INSUFFICIENT DATA,0.0,100.0
2025,H0056,Terry G. Kilgore,R,Elections,Official LIS subject,3,0,3,3,INSUFFICIENT DATA,0.0,100.0
2025,H0253,Terry L. Austin,R,Elections,Official LIS subject,3,0,3,3,INSUFFICIENT DATA,0.0,100.0
2025,H0362,"Thomas A. Garrett, Jr.",R,Elections,Official LIS subject,3,0,3,3,INSUFFICIENT DATA,0.0,100.0
2025,H0136,"Thomas C. Wright, Jr.",R,Elections,Official LIS subject,3,0,3,3,INSUFFICIENT DATA,0.0,100.0
2025,H0364,Timothy P. Griffin,R,Elections,Official LIS subject,3,0,3,3,INSUFFICIENT DATA,0.0,100.0
2025,H0231,Tony O. Wilt,R,Elections,Official LIS subject,3,0,3,3,INSUFFICIENT DATA,0.0,100.0
2025,H0363,W. Chad Green,R,Elections,Official LIS subject,4,0,4,4,INSUFFICIENT DATA,0.0,100.0
2025,H0325,Wendell S. Walker,R,Elections,Official LIS subject,3,0,3,3,INSUFFICIENT DATA,0.0,100.0
2025,H0357,Will Davis,R,Elections,Official LIS subject,3,0,3,3,INSUFFICIENT DATA,0.0,100.0
2025,H0348,Wren M. Williams,R,Elections,Official LIS subject,3,0,3,3,INSUFFICIENT DATA,0.0,100.0
2025,H0206,Barry D. Knight,R,Elections and Voting,Derived from LIS bill description,18,4,0,4,INSUFFICIENT DATA,100.0,0.0
2025,H0150,"Daniel W. Marshall, III",R,Elections and Voting,Derived from LIS bill summary,63,5,4,9,INSUFFICIENT DATA,55.55555555555556,44.44444444444444
2025,H0150,"Daniel W. Marshall, III",R,Elections and Voting,Derived from LIS bill description,16,0,0,0,INSUFFICIENT DATA,0.0,0.0
2025,H0315,Carrie E. Coyner,R,Elections and Voting,Derived from LIS bill summary,65,36,21,57,MIXED,63.1578947368421,36.84210526315789
2025,H0267,"Robert S. Bloxom, Jr.",R,Elections and Voting,Derived from LIS bill summary,124,76,47,123,MIXED,61.78861788617886,38.21138211382114
2025,H0350,Ellen H. Campbell,R,Elections and Voting,Derived from LIS bill description,18,10,7,17,MIXED,58.82352941176471,41.17647058823529
2025,H0373,Ian T. Lovejoy,R,Elections and Voting,Derived from LIS bill description,19,11,8,19,MIXED,57.89473684210527,42.10526315789473
2025,H0337,A.C. Cordoza,R,Elections and Voting,Derived from LIS bill description,16,9,7,16,MIXED,56.25,43.75
2025,H0359,N. Baxter Ennis,R,Elections and Voting,Derived from LIS bill description,16,9,7,16,MIXED,56.25,43.75
2025,H0206,Barry D. Knight,R,Elections and Voting,Derived from LIS bill summary,65,10,8,18,MIXED,55.55555555555556,44.44444444444444
2025,H0315,Carrie E. Coyner,R,Elections and Voting,Derived from LIS bill description,20,10,8,18,MIXED,55.55555555555556,44.44444444444444
2025,H0367,Geary Higgins,R,Elections and Voting,Derived from LIS bill description,18,10,8,18,MIXED,55.55555555555556,44.44444444444444
2025,H0238,M. Keith Hodges,R,Elections and Voting,Derived from LIS bill description,18,10,8,18,MIXED,55.55555555555556,44.44444444444444
2025,H0267,"Robert S. Bloxom, Jr.",R,Elections and Voting,Derived from LIS bill description,27,15,12,27,MIXED,55.55555555555556,44.44444444444444
2025,H0359,N. Baxter Ennis,R,Elections and Voting,Derived from LIS bill summary,58,31,26,57,MIXED,54.385964912280706,45.614035087719294
2025,H0350,Ellen H. Campbell,R,Elections and Voting,Derived from LIS bill summary,72,37,34,71,MIXED,52.112676056338024,47.88732394366197
2025,H0373,Ian T. Lovejoy,R,Elections and Voting,Derived from LIS bill summary,72,37,34,71,MIXED,52.112676056338024,47.88732394366197
2025,H0363,W. Chad Green,R,Elections and Voting,Derived from LIS bill description,27,14,13,27,MIXED,51.85185185185185,48.148148148148145
2025,H0384,Eric Phillips,R,Elections and Voting,Derived from LIS bill summary,85,43,40,83,MIXED,51.80722891566265,48.19277108433735
2025,H0363,W. Chad Green,R,Elections and Voting,Derived from LIS bill summary,116,59,57,116,MIXED,50.86206896551724,49.137931034482754
2025,H0345,Anne Ferrell Tata,R,Elections and Voting,Derived from LIS bill description,18,9,9,18,MIXED,50.0,50.0
2025,H0378,Chris Obenshain,R,Elections and Voting,Derived from LIS bill description,16,8,8,16,MIXED,50.0,50.0
2025,H0379,David Owen,R,Elections and Voting,Derived from LIS bill description,16,8,8,16,MIXED,50.0,50.0
2025,H0347,"H. Otto Wachsmann, Jr.",R,Elections and Voting,Derived from LIS bill summary,114,57,57,114,MIXED,50.0,50.0
2025,H0262,"James A. ""Jay"" Leftwich",R,Elections and Voting,Derived from LIS bill description,24,12,12,24,MIXED,50.0,50.0
2025,H0224,James W. Morefield,R,Elections and Voting,Derived from LIS bill summary,74,36,36,72,MIXED,50.0,50.0
2025,H0333,Jason S. Ballard,R,Elections and Voting,Derived from LIS bill description,16,8,8,16,MIXED,50.0,50.0
2025,H0352,"Jonathan ""Jed"" Arnold",R,Elections and Voting,Derived from LIS bill description,16,8,8,16,MIXED,50.0,50.0
2025,H0308,Joseph P. McNamara,R,Elections and Voting,Derived from LIS bill description,19,9,9,18,MIXED,50.0,50.0
2025,H0376,Paul V. Milde,R,Elections and Voting,Derived from LIS bill summary,83,40,40,80,MIXED,50.0,50.0
2025,H0253,Terry L. Austin,R,Elections and Voting,Derived from LIS bill description,20,10,10,20,MIXED,50.0,50.0
2025,H0357,Will Davis,R,Elections and Voting,Derived from LIS bill description,16,8,8,16,MIXED,50.0,50.0
2025,H0348,Wren M. Williams,R,Elections and Voting,Derived from LIS bill description,16,8,8,16,MIXED,50.0,50.0
2025,H0345,Anne Ferrell Tata,R,Elections and Voting,Derived from LIS bill summary,79,39,40,79,MIXED,49.36708860759494,50.63291139240506
2025,H0253,Terry L. Austin,R,Elections and Voting,Derived from LIS bill summary,65,32,33,65,MIXED,49.23076923076923,50.76923076923077
2025,H0073,"Robert D. Orrock, Sr.",R,Elections and Voting,Derived from LIS bill description,16,7,8,15,MIXED,46.666666666666664,53.333333333333336
2025,H0056,Terry G. Kilgore,R,Elections and Voting,Derived from LIS bill summary,58,26,30,56,MIXED,46.42857142857143,53.57142857142857
2025,H0328,Scott A. Wyatt,R,Elections and Voting,Derived from LIS bill summary,81,37,43,80,MIXED,46.25,53.75
2025,H0335,Mike A. Cherry,R,Elections and Voting,Derived from LIS bill description,24,11,13,24,MIXED,45.83333333333333,54.166666666666664
2025,H0346,Kim A. Taylor,R,Elections and Voting,Derived from LIS bill description,16,5,6,11,MIXED,45.45454545454545,54.54545454545454
2025,H0367,Geary Higgins,R,Elections and Voting,Derived from LIS bill summary,64,29,35,64,MIXED,45.3125,54.6875
2025,H0377,Delores Oates,R,Elections and Voting,Derived from LIS bill description,18,8,10,18,MIXED,44.44444444444444,55.55555555555556
2025,H0224,James W. Morefield,R,Elections and Voting,Derived from LIS bill description,18,8,10,18,MIXED,44.44444444444444,55.55555555555556
2025,H0328,Scott A. Wyatt,R,Elections and Voting,Derived from LIS bill description,19,8,10,18,MIXED,44.44444444444444,55.55555555555556
2025,H0238,M. Keith Hodges,R,Elections and Voting,Derived from LIS bill summary,71,31,39,70,MIXED,44.285714285714285,55.714285714285715
2025,H0329,Bill Wiley,R,Elections and Voting,Derived from LIS bill description,16,7,9,16,MIXED,43.75,56.25
2025,H0369,Hillary Pugh Kent,R,Elections and Voting,Derived from LIS bill description,16,7,9,16,MIXED,43.75,56.25
2025,H0376,Paul V. Milde,R,Elections and Voting,Derived from LIS bill description,24,10,13,23,MIXED,43.47826086956522,56.52173913043478
2025,H0346,Kim A. Taylor,R,Elections and Voting,Derived from LIS bill summary,56,23,30,53,MIXED,43.39622641509434,56.60377358490566
2025,H0308,Joseph P. McNamara,R,Elections and Voting,Derived from LIS bill summary,75,32,42,74,MIXED,43.24324324324324,56.75675675675676
2025,H0335,Mike A. Cherry,R,Elections and Voting,Derived from LIS bill summary,81,35,46,81,MIXED,43.20987654320987,56.79012345679012
2025,H0379,David Owen,R,Elections and Voting,Derived from LIS bill summary,56,24,32,56,MIXED,42.857142857142854,57.14285714285714
2025,H0242,Israel D. O'Quinn,R,Elections and Voting,Derived from LIS bill description,28,11,15,26,MIXED,42.30769230769231,57.692307692307686
2025,H0262,"James A. ""Jay"" Leftwich",R,Elections and Voting,Derived from LIS bill summary,82,34,47,81,MIXED,41.9753086419753,58.0246913580247
2025,H0329,Bill Wiley,R,Elections and Voting,Derived from LIS bill summary,62,26,36,62,MIXED,41.935483870967744,58.06451612903226
2025,H0073,"Robert D. Orrock, Sr.",R,Elections and Voting,Derived from LIS bill summary,56,23,32,55,MIXED,41.81818181818181,58.18181818181818
2025,H0242,Israel D. O'Quinn,R,Elections and Voting,Derived from LIS bill summary,85,35,49,84,MIXED,41.66666666666667,58.333333333333336
2025,H0384,Eric Phillips,R,Elections and Voting,Derived from LIS bill description,24,9,13,22,MIXED,40.909090909090914,59.09090909090909
2025,H0247,Michael J. Webert,R,Elections and Voting,Derived from LIS bill description,20,8,12,20,MIXED,40.0,60.0
2025,H0056,Terry G. Kilgore,R,Elections and Voting,Derived from LIS bill description,20,8,12,20,MIXED,40.0,60.0
2025,H0181,C. Todd Gilbert,R,Elections and Voting,Derived from LIS bill summary,81,25,41,66,MIXED,37.878787878787875,62.121212121212125
2025,H0321,Chris S. Runion,R,Elections and Voting,Derived from LIS bill description,16,6,10,16,MIXED,37.5,62.5
2025,H0369,Hillary Pugh Kent,R,Elections and Voting,Derived from LIS bill summary,56,21,35,56,MIXED,37.5,62.5
2025,H0259,"Hyland F. ""Buddy"" Fowler, Jr.",R,Elections and Voting,Derived from LIS bill description,16,6,10,16,MIXED,37.5,62.5
2025,H0259,"Hyland F. ""Buddy"" Fowler, Jr.",R,Elections and Voting,Derived from LIS bill summary,57,21,35,56,MIXED,37.5,62.5
2025,H0358,"Mark L. Earley, Jr.",R,Elections and Voting,Derived from LIS bill description,16,6,10,16,MIXED,37.5,62.5
2025,H0124,R. Lee Ware,R,Elections and Voting,Derived from LIS bill description,16,6,10,16,MIXED,37.5,62.5
2025,H0124,R. Lee Ware,R,Elections and Voting,Derived from LIS bill summary,56,21,35,56,MIXED,37.5,62.5
2025,H0231,Tony O. Wilt,R,Elections and Voting,Derived from LIS bill description,16,6,10,16,MIXED,37.5,62.5
2025,H0325,Wendell S. Walker,R,Elections and Voting,Derived from LIS bill description,16,6,10,16,MIXED,37.5,62.5
2025,H0342,Phillip A. Scott,R,Elections and Voting,Derived from LIS bill summary,83,29,49,78,MIXED,37.17948717948718,62.82051282051282
2025,H0347,"H. Otto Wachsmann, Jr.",R,Elections and Voting,Derived from LIS bill description,27,10,17,27,MIXED,37.03703703703704,62.96296296296296
2025,H0352,"Jonathan ""Jed"" Arnold",R,Elections and Voting,Derived from LIS bill summary,56,20,34,54,MIXED,37.03703703703704,62.96296296296296
2025,H0362,"Thomas A. Garrett, Jr.",R,Elections and Voting,Derived from LIS bill summary,60,20,34,54,MIXED,37.03703703703704,62.96296296296296
2025,H0378,Chris Obenshain,R,Elections and Voting,Derived from LIS bill summary,57,21,36,57,MIXED,36.84210526315789,63.1578947368421
2025,H0357,Will Davis,R,Elections and Voting,Derived from LIS bill summary,57,21,36,57,MIXED,36.84210526315789,63.1578947368421
2025,H0358,"Mark L. Earley, Jr.",R,Elections and Voting,Derived from LIS bill summary,55,20,35,55,MIXED,36.36363636363637,63.63636363636363
2025,H0383,Eric R. Zehr,R,Elections and Voting,Derived from LIS bill summary,58,21,37,58,MIXED,36.206896551724135,63.793103448275865
2025,H0337,A.C. Cordoza,R,Elections and Voting,Derived from LIS bill summary,57,20,37,57,MIXED,35.08771929824561,64.91228070175438
2025,H0377,Delores Oates,R,Elections and Voting,Derived from LIS bill summary,66,23,43,66,NO,34.84848484848485,65.15151515151516
2025,H0325,Wendell S. Walker,R,Elections and Voting,Derived from LIS bill summary,56,19,37,56,NO,33.92857142857143,66.07142857142857
2025,H0348,Wren M. Williams,R,Elections and Voting,Derived from LIS bill summary,56,19,37,56,NO,33.92857142857143,66.07142857142857
2025,H0321,Chris S. Runion,R,Elections and Voting,Derived from LIS bill summary,58,19,38,57,NO,33.33333333333333,66.66666666666666
2025,H0362,"Thomas A. Garrett, Jr.",R,Elections and Voting,Derived from LIS bill description,16,5,10,15,NO,33.33333333333333,66.66666666666666
2025,H0136,"Thomas C. Wright, Jr.",R,Elections and Voting,Derived from LIS bill description,16,5,10,15,NO,33.33333333333333,66.66666666666666
2025,H0333,Jason S. Ballard,R,Elections and Voting,Derived from LIS bill summary,58,19,39,58,NO,32.758620689655174,67.24137931034483
2025,H0181,C. Todd Gilbert,R,Elections and Voting,Derived from LIS bill description,28,9,19,28,NO,32.142857142857146,67.85714285714286
2025,H0313,Amanda E. Batten,R,Elections and Voting,Derived from LIS bill description,16,5,11,16,NO,31.25,68.75
2025,H0383,Eric R. Zehr,R,Elections and Voting,Derived from LIS bill description,16,5,11,16,NO,31.25,68.75
2025,H0364,Timothy P. Griffin,R,Elections and Voting,Derived from LIS bill description,16,5,11,16,NO,31.25,68.75
2025,H0231,Tony O. Wilt,R,Elections and Voting,Derived from LIS bill summary,59,18,41,59,NO,30.508474576271187,69.49152542372882
2025,H0279,Nicholas J. Freitas,R,Elections and Voting,Derived from LIS bill summary,58,16,38,54,NO,29.629629629629626,70.37037037037037
2025,H0313,Amanda E. Batten,R,Elections and Voting,Derived from LIS bill summary,61,18,43,61,NO,29.508196721311474,70.49180327868852
2025,H0136,"Thomas C. Wright, Jr.",R,Elections and Voting,Derived from LIS bill summary,54,14,34,48,NO,29.166666666666668,70.83333333333334
2025,H0364,Timothy P. Griffin,R,Elections and Voting,Derived from LIS bill summary,54,15,39,54,NO,27.77777777777778,72.22222222222221
2025,H0247,Michael J. Webert,R,Elections and Voting,Derived from LIS bill summary,58,16,42,58,NO,27.586206896551722,72.41379310344827
2025,H0279,Nicholas J. Freitas,R,Elections and Voting,Derived from LIS bill description,16,4,12,16,NO,25.0,75.0
2025,H0342,Phillip A. Scott,R,Elections and Voting,Derived from LIS bill description,24,6,18,24,NO,25.0,75.0
2025,H0374,Marty Martinez,D,Elections and Voting,Derived from LIS bill description,19,18,0,18,YES,100.0,0.0
2025,H0172,Mark D. Sickles,D,Elections and Voting,Derived from LIS bill description,31,30,1,31,YES,96.7741935483871,3.225806451612903
2025,H0349,Jackie H. Glass,D,Elections and Voting,Derived from LIS bill description,27,26,1,27,YES,96.29629629629629,3.7037037037037033
2025,H0340,Michelle Lopes Maldonado,D,Elections and Voting,Derived from LIS bill description,27,26,1,27,YES,96.29629629629629,3.7037037037037033
2025,H0365,"Rozia A. Henson, Jr.",D,Elections and Voting,Derived from LIS bill description,27,26,1,27,YES,96.29629629629629,3.7037037037037033
2025,H0385,JJ Singh,D,Elections and Voting,Derived from LIS bill description,27,25,1,26,YES,96.15384615384616,3.8461538461538463
2025,H0353,Bonita G. Anthony,D,Elections and Voting,Derived from LIS bill description,24,23,1,24,YES,95.83333333333334,4.166666666666666
2025,H0301,David A. Reid,D,Elections and Voting,Derived from LIS bill description,24,23,1,24,YES,95.83333333333334,4.166666666666666
2025,H0314,Joshua G. Cole,D,Elections and Voting,Derived from LIS bill description,24,23,1,24,YES,95.83333333333334,4.166666666666666
2025,H0295,Kelly K. Convirs-Fowler,D,Elections and Voting,Derived from LIS bill description,24,23,1,24,YES,95.83333333333334,4.166666666666666
2025,H0284,"Marcia S. ""Cia"" Price",D,Elections and Voting,Derived from LIS bill description,27,23,1,24,YES,95.83333333333334,4.166666666666666
2025,H0281,Paul E. Krizek,D,Elections and Voting,Derived from LIS bill description,24,23,1,24,YES,95.83333333333334,4.166666666666666
2025,H0317,Dan I. Helmer,D,Elections and Voting,Derived from LIS bill description,23,22,1,23,YES,95.65217391304348,4.3478260869565215
2025,H0372,Destiny LeVere Bolling,D,Elections and Voting,Derived from LIS bill description,21,20,1,21,YES,95.23809523809523,4.761904761904762
2025,H0212,Betsy B. Carr,D,Elections and Voting,Derived from LIS bill description,20,19,1,20,YES,95.0,5.0
2025,H0208,Charniele L. Herring,D,Elections and Voting,Derived from LIS bill description,20,19,1,20,YES,95.0,5.0
2025,H0322,Don Scott,D,Elections and Voting,Derived from LIS bill description,20,19,1,20,YES,95.0,5.0
2025,H0173,Jeion A. Ward,D,Elections and Voting,Derived from LIS bill description,20,19,1,20,YES,95.0,5.0
2025,H0305,Kathy K.L. Tran,D,Elections and Voting,Derived from LIS bill description,20,19,1,20,YES,95.0,5.0
2025,H0227,Luke E. Torian,D,Elections and Voting,Derived from LIS bill description,20,19,1,20,YES,95.0,5.0
2025,H0264,Marcus B. Simon,D,Elections and Voting,Derived from LIS bill description,20,19,1,20,YES,95.0,5.0
2025,H0269,"Richard C. ""Rip"" Sullivan, Jr.",D,Elections and Voting,Derived from LIS bill description,20,19,1,20,YES,95.0,5.0
2025,H0361,Debra D. Gardner,D,Elections and Voting,Derived from LIS bill description,19,18,1,19,YES,94.73684210526315,5.263157894736842
2025,H0344,Irene Shin,D,Elections and Voting,Derived from LIS bill description,19,18,1,19,YES,94.73684210526315,5.263157894736842
2025,H0108,Vivian E. Watts,D,Elections and Voting,Derived from LIS bill description,20,18,1,19,YES,94.73684210526315,5.263157894736842
2025,H0311,Alex Q. Askew,D,Elections and Voting,Derived from LIS bill description,19,17,1,18,YES,94.44444444444444,5.555555555555555
2025,H0380,Atoosa R. Reaser,D,Elections and Voting,Derived from LIS bill description,18,17,1,18,YES,94.44444444444444,5.555555555555555
2025,H0343,Briana D. Sewell,D,Elections and Voting,Derived from LIS bill description,18,17,1,18,YES,94.44444444444444,5.555555555555555
2025,H0285,"C.E. Cliff Hayes, Jr.",D,Elections and Voting,Derived from LIS bill description,20,17,1,18,YES,94.44444444444444,5.555555555555555
2025,H0330,Candi Mundon King,D,Elections and Voting,Derived from LIS bill description,19,17,1,18,YES,94.44444444444444,5.555555555555555
2025,H0334,Elizabeth B. Bennett-Parker,D,Elections and Voting,Derived from LIS bill description,19,17,1,18,YES,94.44444444444444,5.555555555555555
2025,H0354,Katrina Callsen,D,Elections and Voting,Derived from LIS bill description,18,17,1,18,YES,94.44444444444444,5.555555555555555
2025,H0355,Laura Jane Cohen,D,Elections and Voting,Derived from LIS bill description,18,17,1,18,YES,94.44444444444444,5.555555555555555
2025,H0323,Shelly A. Simonds,D,Elections and Voting,Derived from LIS bill description,18,17,1,18,YES,94.44444444444444,5.555555555555555
2025,H0368,Michael J. Jones,D,Elections and Voting,Derived from LIS bill description,18,16,1,17,YES,94.11764705882352,5.88235294117647
2025,H0375,Adele Y. McClure,D,Elections and Voting,Derived from LIS bill description,16,15,1,16,YES,93.75,6.25
2025,H0239,Alfonso H. Lopez,D,Elections and Voting,Derived from LIS bill description,16,15,1,16,YES,93.75,6.25
2025,H0371,Amy J. Laufer,D,Elections and Voting,Derived from LIS bill description,16,15,1,16,YES,93.75,6.25
2025,H0177,David L. Bulova,D,Elections and Voting,Derived from LIS bill description,16,15,1,16,YES,93.75,6.25
2025,H0351,Holly M. Seibold,D,Elections and Voting,Derived from LIS bill description,16,15,1,16,YES,93.75,6.25
2025,H0382,Joshua E. Thomas,D,Elections and Voting,Derived from LIS bill description,16,15,1,16,YES,93.75,6.25
2025,H0370,Karen Keys-Gamarra,D,Elections and Voting,Derived from LIS bill description,16,15,1,16,YES,93.75,6.25
2025,H0294,Karrie K. Delaney,D,Elections and Voting,Derived from LIS bill description,16,15,1,16,YES,93.75,6.25
2025,H0219,Patrick A. Hope,D,Elections and Voting,Derived from LIS bill description,16,15,1,16,YES,93.75,6.25
2025,H0366,Phil M. Hernandez,D,Elections and Voting,Derived from LIS bill description,16,15,1,16,YES,93.75,6.25
2025,H0356,Rae Cousins,D,Elections and Voting,Derived from LIS bill description,16,15,1,16,YES,93.75,6.25
2025,H0327,Rodney T. Willett,D,Elections and Voting,Derived from LIS bill description,16,15,1,16,YES,93.75,6.25
2025,H0266,Sam Rasoul,D,Elections and Voting,Derived from LIS bill description,16,15,1,16,YES,93.75,6.25
2025,H0360,Michael B. Feggans,D,Elections and Voting,Derived from LIS bill description,16,14,1,15,YES,93.33333333333333,6.666666666666667
2025,H0336,Nadarius E. Clark,D,Elections and Voting,Derived from LIS bill description,16,14,1,15,YES,93.33333333333333,6.666666666666667
2025,H0301,David A. Reid,D,Elections and Voting,Derived from LIS bill summary,88,82,6,88,YES,93.18181818181817,6.8181818181818175
2025,H0207,Delores L. McQuinn,D,Elections and Voting,Derived from LIS bill description,16,13,1,14,YES,92.85714285714286,7.142857142857142
2025,H0266,Sam Rasoul,D,Elections and Voting,Derived from LIS bill summary,71,62,5,67,YES,92.53731343283582,7.462686567164178
2025,H0343,Briana D. Sewell,D,Elections and Voting,Derived from LIS bill summary,79,72,6,78,YES,92.3076923076923,7.6923076923076925
2025,H0207,Delores L. McQuinn,D,Elections and Voting,Derived from LIS bill summary,69,59,5,64,YES,92.1875,7.8125
2025,H0372,Destiny LeVere Bolling,D,Elections and Voting,Derived from LIS bill summary,88,81,7,88,YES,92.04545454545455,7.954545454545454
2025,H0172,Mark D. Sickles,D,Elections and Voting,Derived from LIS bill summary,124,102,9,111,YES,91.8918918918919,8.108108108108109
2025,H0344,Irene Shin,D,Elections and Voting,Derived from LIS bill summary,73,67,6,73,YES,91.78082191780823,8.21917808219178
2025,H0353,Bonita G. Anthony,D,Elections and Voting,Derived from LIS bill summary,85,77,7,84,YES,91.66666666666666,8.333333333333332
2025,H0285,"C.E. Cliff Hayes, Jr.",D,Elections and Voting,Derived from LIS bill summary,64,55,5,60,YES,91.66666666666666,8.333333333333332
2025,H0311,Alex Q. Askew,D,Elections and Voting,Derived from LIS bill summary,83,74,7,81,YES,91.35802469135803,8.641975308641975
2025,H0368,Michael J. Jones,D,Elections and Voting,Derived from LIS bill summary,65,52,5,57,YES,91.22807017543859,8.771929824561402
2025,H0323,Shelly A. Simonds,D,Elections and Voting,Derived from LIS bill summary,68,61,6,67,YES,91.04477611940298,8.955223880597014
2025,H0314,Joshua G. Cole,D,Elections and Voting,Derived from LIS bill summary,80,69,7,76,YES,90.78947368421053,9.210526315789473
2025,H0354,Katrina Callsen,D,Elections and Voting,Derived from LIS bill summary,67,58,6,64,YES,90.625,9.375
2025,H0340,Michelle Lopes Maldonado,D,Elections and Voting,Derived from LIS bill summary,116,105,11,116,YES,90.51724137931035,9.482758620689655
2025,H0212,Betsy B. Carr,D,Elections and Voting,Derived from LIS bill summary,63,57,6,63,YES,90.47619047619048,9.523809523809524
2025,H0227,Luke E. Torian,D,Elections and Voting,Derived from LIS bill summary,67,57,6,63,YES,90.47619047619048,9.523809523809524
2025,H0177,David L. Bulova,D,Elections and Voting,Derived from LIS bill summary,62,56,6,62,YES,90.32258064516128,9.67741935483871
2025,H0281,Paul E. Krizek,D,Elections and Voting,Derived from LIS bill summary,93,84,9,93,YES,90.32258064516128,9.67741935483871
2025,H0374,Marty Martinez,D,Elections and Voting,Derived from LIS bill summary,72,65,7,72,YES,90.27777777777779,9.722222222222223
2025,H0284,"Marcia S. ""Cia"" Price",D,Elections and Voting,Derived from LIS bill summary,119,83,9,92,YES,90.21739130434783,9.782608695652174
2025,H0264,Marcus B. Simon,D,Elections and Voting,Derived from LIS bill summary,62,55,6,61,YES,90.1639344262295,9.836065573770492
2025,H0327,Rodney T. Willett,D,Elections and Voting,Derived from LIS bill summary,61,55,6,61,YES,90.1639344262295,9.836065573770492
2025,H0361,Debra D. Gardner,D,Elections and Voting,Derived from LIS bill summary,74,64,7,71,YES,90.14084507042254,9.859154929577464
2025,H0371,Amy J. Laufer,D,Elections and Voting,Derived from LIS bill summary,60,54,6,60,YES,90.0,10.0
2025,H0269,"Richard C. ""Rip"" Sullivan, Jr.",D,Elections and Voting,Derived from LIS bill summary,60,54,6,60,YES,90.0,10.0
2025,H0351,Holly M. Seibold,D,Elections and Voting,Derived from LIS bill summary,59,53,6,59,YES,89.83050847457628,10.16949152542373
2025,H0380,Atoosa R. Reaser,D,Elections and Voting,Derived from LIS bill summary,68,61,7,68,YES,89.70588235294117,10.294117647058822
2025,H0355,Laura Jane Cohen,D,Elections and Voting,Derived from LIS bill summary,68,61,7,68,YES,89.70588235294117,10.294117647058822
2025,H0239,Alfonso H. Lopez,D,Elections and Voting,Derived from LIS bill summary,58,52,6,58,YES,89.65517241379311,10.344827586206897
2025,H0370,Karen Keys-Gamarra,D,Elections and Voting,Derived from LIS bill summary,58,52,6,58,YES,89.65517241379311,10.344827586206897
2025,H0108,Vivian E. Watts,D,Elections and Voting,Derived from LIS bill summary,58,52,6,58,YES,89.65517241379311,10.344827586206897
2025,H0295,Kelly K. Convirs-Fowler,D,Elections and Voting,Derived from LIS bill summary,87,77,9,86,YES,89.53488372093024,10.465116279069768
2025,H0375,Adele Y. McClure,D,Elections and Voting,Derived from LIS bill summary,57,51,6,57,YES,89.47368421052632,10.526315789473683
2025,H0360,Michael B. Feggans,D,Elections and Voting,Derived from LIS bill summary,58,51,6,57,YES,89.47368421052632,10.526315789473683
2025,H0219,Patrick A. Hope,D,Elections and Voting,Derived from LIS bill summary,58,51,6,57,YES,89.47368421052632,10.526315789473683
2025,H0334,Elizabeth B. Bennett-Parker,D,Elections and Voting,Derived from LIS bill summary,75,59,7,66,YES,89.39393939393939,10.606060606060606
2025,H0385,JJ Singh,D,Elections and Voting,Derived from LIS bill summary,114,100,12,112,YES,89.28571428571429,10.714285714285714
2025,H0173,Jeion A. Ward,D,Elections and Voting,Derived from LIS bill summary,57,50,6,56,YES,89.28571428571429,10.714285714285714
2025,H0294,Karrie K. Delaney,D,Elections and Voting,Derived from LIS bill summary,56,50,6,56,YES,89.28571428571429,10.714285714285714
2025,H0349,Jackie H. Glass,D,Elections and Voting,Derived from LIS bill summary,114,99,12,111,YES,89.1891891891892,10.81081081081081
2025,H0208,Charniele L. Herring,D,Elections and Voting,Derived from LIS bill summary,56,49,6,55,YES,89.0909090909091,10.909090909090908
2025,H0330,Candi Mundon King,D,Elections and Voting,Derived from LIS bill summary,79,63,8,71,YES,88.73239436619718,11.267605633802818
2025,H0317,Dan I. Helmer,D,Elections and Voting,Derived from LIS bill summary,60,53,7,60,YES,88.33333333333333,11.666666666666666
2025,H0382,Joshua E. Thomas,D,Elections and Voting,Derived from LIS bill summary,61,52,7,59,YES,88.13559322033898,11.864406779661017
2025,H0336,Nadarius E. Clark,D,Elections and Voting,Derived from LIS bill summary,60,52,7,59,YES,88.13559322033898,11.864406779661017
2025,H0356,Rae Cousins,D,Elections and Voting,Derived from LIS bill summary,59,52,7,59,YES,88.13559322033898,11.864406779661017
2025,H0305,Kathy K.L. Tran,D,Elections and Voting,Derived from LIS bill summary,57,50,7,57,YES,87.71929824561403,12.280701754385964
2025,H0366,Phil M. Hernandez,D,Elections and Voting,Derived from LIS bill summary,57,50,7,57,YES,87.71929824561403,12.280701754385964
2025,H0322,Don Scott,D,Elections and Voting,Derived from LIS bill summary,55,48,7,55,YES,87.27272727272727,12.727272727272727
2025,H0365,"Rozia A. Henson, Jr.",D,Elections and Voting,Derived from LIS bill summary,118,100,18,118,YES,84.7457627118644,15.254237288135593
2025,H0375,Adele Y. McClure,D,Energy and Utilities,Derived from LIS bill description,6,6,0,6,INSUFFICIENT DATA,100.0,0.0
2025,H0311,Alex Q. Askew,D,Energy and Utilities,Derived from LIS bill description,6,6,0,6,INSUFFICIENT DATA,100.0,0.0
2025,H0371,Amy J. Laufer,D,Energy and Utilities,Derived from LIS bill description,6,6,0,6,INSUFFICIENT DATA,100.0,0.0
2025,H0380,Atoosa R. Reaser,D,Energy and Utilities,Derived from LIS bill description,6,6,0,6,INSUFFICIENT DATA,100.0,0.0
2025,H0212,Betsy B. Carr,D,Energy and Utilities,Derived from LIS bill description,6,6,0,6,INSUFFICIENT DATA,100.0,0.0
2025,H0343,Briana D. Sewell,D,Energy and Utilities,Derived from LIS bill description,6,6,0,6,INSUFFICIENT DATA,100.0,0.0
2025,H0285,"C.E. Cliff Hayes, Jr.",D,Energy and Utilities,Derived from LIS bill description,6,6,0,6,INSUFFICIENT DATA,100.0,0.0
2025,H0301,David A. Reid,D,Energy and Utilities,Derived from LIS bill description,6,6,0,6,INSUFFICIENT DATA,100.0,0.0
2025,H0177,David L. Bulova,D,Energy and Utilities,Derived from LIS bill description,6,6,0,6,INSUFFICIENT DATA,100.0,0.0
2025,H0372,Destiny LeVere Bolling,D,Energy and Utilities,Derived from LIS bill description,10,8,0,8,INSUFFICIENT DATA,100.0,0.0
2025,H0322,Don Scott,D,Energy and Utilities,Derived from LIS bill description,6,6,0,6,INSUFFICIENT DATA,100.0,0.0
2025,H0334,Elizabeth B. Bennett-Parker,D,Energy and Utilities,Derived from LIS bill description,6,6,0,6,INSUFFICIENT DATA,100.0,0.0
2025,H0351,Holly M. Seibold,D,Energy and Utilities,Derived from LIS bill description,6,6,0,6,INSUFFICIENT DATA,100.0,0.0
2025,H0385,JJ Singh,D,Energy and Utilities,Derived from LIS bill description,6,6,0,6,INSUFFICIENT DATA,100.0,0.0
2025,H0349,Jackie H. Glass,D,Energy and Utilities,Derived from LIS bill description,6,6,0,6,INSUFFICIENT DATA,100.0,0.0
2025,H0382,Joshua E. Thomas,D,Energy and Utilities,Derived from LIS bill description,6,6,0,6,INSUFFICIENT DATA,100.0,0.0
2025,H0314,Joshua G. Cole,D,Energy and Utilities,Derived from LIS bill description,6,6,0,6,INSUFFICIENT DATA,100.0,0.0
2025,H0370,Karen Keys-Gamarra,D,Energy and Utilities,Derived from LIS bill description,6,6,0,6,INSUFFICIENT DATA,100.0,0.0
2025,H0294,Karrie K. Delaney,D,Energy and Utilities,Derived from LIS bill description,6,6,0,6,INSUFFICIENT DATA,100.0,0.0
2025,H0354,Katrina Callsen,D,Energy and Utilities,Derived from LIS bill description,6,6,0,6,INSUFFICIENT DATA,100.0,0.0
2025,H0355,Laura Jane Cohen,D,Energy and Utilities,Derived from LIS bill description,6,6,0,6,INSUFFICIENT DATA,100.0,0.0
2025,H0227,Luke E. Torian,D,Energy and Utilities,Derived from LIS bill description,6,6,0,6,INSUFFICIENT DATA,100.0,0.0
2025,H0284,"Marcia S. ""Cia"" Price",D,Energy and Utilities,Derived from LIS bill description,6,6,0,6,INSUFFICIENT DATA,100.0,0.0
2025,H0172,Mark D. Sickles,D,Energy and Utilities,Derived from LIS bill description,6,6,0,6,INSUFFICIENT DATA,100.0,0.0
2025,H0374,Marty Martinez,D,Energy and Utilities,Derived from LIS bill description,6,6,0,6,INSUFFICIENT DATA,100.0,0.0
2025,H0336,Nadarius E. Clark,D,Energy and Utilities,Derived from LIS bill description,6,6,0,6,INSUFFICIENT DATA,100.0,0.0
2025,H0219,Patrick A. Hope,D,Energy and Utilities,Derived from LIS bill description,6,6,0,6,INSUFFICIENT DATA,100.0,0.0
2025,H0281,Paul E. Krizek,D,Energy and Utilities,Derived from LIS bill description,6,6,0,6,INSUFFICIENT DATA,100.0,0.0
2025,H0366,Phil M. Hernandez,D,Energy and Utilities,Derived from LIS bill description,6,6,0,6,INSUFFICIENT DATA,100.0,0.0
2025,H0356,Rae Cousins,D,Energy and Utilities,Derived from LIS bill description,6,6,0,6,INSUFFICIENT DATA,100.0,0.0
2025,H0327,Rodney T. Willett,D,Energy and Utilities,Derived from LIS bill description,6,6,0,6,INSUFFICIENT DATA,100.0,0.0
2025,H0266,Sam Rasoul,D,Energy and Utilities,Derived from LIS bill description,6,6,0,6,INSUFFICIENT DATA,100.0,0.0
2025,H0323,Shelly A. Simonds,D,Energy and Utilities,Derived from LIS bill description,6,6,0,6,INSUFFICIENT DATA,100.0,0.0
2025,H0108,Vivian E. Watts,D,Energy and Utilities,Derived from LIS bill description,6,5,0,5,INSUFFICIENT DATA,100.0,0.0
2025,H0353,Bonita G. Anthony,D,Energy and Utilities,Derived from LIS bill description,6,5,1,6,INSUFFICIENT DATA,83.33333333333334,16.666666666666664
2025,H0361,Debra D. Gardner,D,Energy and Utilities,Derived from LIS bill description,6,5,1,6,INSUFFICIENT DATA,83.33333333333334,16.666666666666664
2025,H0305,Kathy K.L. Tran,D,Energy and Utilities,Derived from LIS bill description,6,5,1,6,INSUFFICIENT DATA,83.33333333333334,16.666666666666664
2025,H0264,Marcus B. Simon,D,Energy and Utilities,Derived from LIS bill description,6,5,1,6,INSUFFICIENT DATA,83.33333333333334,16.666666666666664
2025,H0365,"Rozia A. Henson, Jr.",D,Energy and Utilities,Derived from LIS bill description,6,5,1,6,INSUFFICIENT DATA,83.33333333333334,16.666666666666664
2025,H0367,Geary Higgins,R,Energy and Utilities,Derived from LIS bill description,6,3,3,6,INSUFFICIENT DATA,50.0,50.0
2025,H0373,Ian T. Lovejoy,R,Energy and Utilities,Derived from LIS bill description,6,3,3,6,INSUFFICIENT DATA,50.0,50.0
2025,H0358,"Mark L. Earley, Jr.",R,Energy and Utilities,Derived from LIS bill description,6,3,3,6,INSUFFICIENT DATA,50.0,50.0
2025,H0073,"Robert D. Orrock, Sr.",R,Energy and Utilities,Derived from LIS bill description,6,3,3,6,INSUFFICIENT DATA,50.0,50.0
2025,H0315,Carrie E. Coyner,R,Energy and Utilities,Derived from LIS bill description,6,2,3,5,INSUFFICIENT DATA,40.0,60.0
2025,H0378,Chris Obenshain,R,Energy and Utilities,Derived from LIS bill description,6,2,4,6,INSUFFICIENT DATA,33.33333333333333,66.66666666666666
2025,H0369,Hillary Pugh Kent,R,Energy and Utilities,Derived from LIS bill description,6,2,4,6,INSUFFICIENT DATA,33.33333333333333,66.66666666666666
2025,H0262,"James A. ""Jay"" Leftwich",R,Energy and Utilities,Derived from LIS bill description,6,2,4,6,INSUFFICIENT DATA,33.33333333333333,66.66666666666666
2025,H0346,Kim A. Taylor,R,Energy and Utilities,Derived from LIS bill description,6,2,4,6,INSUFFICIENT DATA,33.33333333333333,66.66666666666666
2025,H0359,N. Baxter Ennis,R,Energy and Utilities,Derived from LIS bill description,6,2,4,6,INSUFFICIENT DATA,33.33333333333333,66.66666666666666
2025,H0124,R. Lee Ware,R,Energy and Utilities,Derived from LIS bill description,6,2,4,6,INSUFFICIENT DATA,33.33333333333333,66.66666666666666
2025,H0363,W. Chad Green,R,Energy and Utilities,Derived from LIS bill description,6,2,4,6,INSUFFICIENT DATA,33.33333333333333,66.66666666666666
2025,H0150,"Daniel W. Marshall, III",R,Energy and Utilities,Derived from LIS bill description,10,1,3,4,INSUFFICIENT DATA,25.0,75.0
2025,H0337,A.C. Cordoza,R,Energy and Utilities,Derived from LIS bill description,6,1,5,6,INSUFFICIENT DATA,16.666666666666664,83.33333333333334
2025,H0345,Anne Ferrell Tata,R,Energy and Utilities,Derived from LIS bill description,6,1,5,6,INSUFFICIENT DATA,16.666666666666664,83.33333333333334
2025,H0379,David Owen,R,Energy and Utilities,Derived from LIS bill description,6,1,5,6,INSUFFICIENT DATA,16.666666666666664,83.33333333333334
2025,H0350,Ellen H. Campbell,R,Energy and Utilities,Derived from LIS bill description,6,1,5,6,INSUFFICIENT DATA,16.666666666666664,83.33333333333334
2025,H0384,Eric Phillips,R,Energy and Utilities,Derived from LIS bill description,6,1,5,6,INSUFFICIENT DATA,16.666666666666664,83.33333333333334
2025,H0224,James W. Morefield,R,Energy and Utilities,Derived from LIS bill description,6,1,5,6,INSUFFICIENT DATA,16.666666666666664,83.33333333333334
2025,H0352,"Jonathan ""Jed"" Arnold",R,Energy and Utilities,Derived from LIS bill description,6,1,5,6,INSUFFICIENT DATA,16.666666666666664,83.33333333333334
2025,H0238,M. Keith Hodges,R,Energy and Utilities,Derived from LIS bill description,6,1,5,6,INSUFFICIENT DATA,16.666666666666664,83.33333333333334
2025,H0335,Mike A. Cherry,R,Energy and Utilities,Derived from LIS bill description,6,1,5,6,INSUFFICIENT DATA,16.666666666666664,83.33333333333334
2025,H0267,"Robert S. Bloxom, Jr.",R,Energy and Utilities,Derived from LIS bill description,6,1,5,6,INSUFFICIENT DATA,16.666666666666664,83.33333333333334
2025,H0328,Scott A. Wyatt,R,Energy and Utilities,Derived from LIS bill description,6,1,5,6,INSUFFICIENT DATA,16.666666666666664,83.33333333333334
2025,H0253,Terry L. Austin,R,Energy and Utilities,Derived from LIS bill description,6,1,5,6,INSUFFICIENT DATA,16.666666666666664,83.33333333333334
2025,H0325,Wendell S. Walker,R,Energy and Utilities,Derived from LIS bill description,6,1,5,6,INSUFFICIENT DATA,16.666666666666664,83.33333333333334
2025,H0357,Will Davis,R,Energy and Utilities,Derived from LIS bill description,6,1,5,6,INSUFFICIENT DATA,16.666666666666664,83.33333333333334
2025,H0313,Amanda E. Batten,R,Energy and Utilities,Derived from LIS bill description,6,0,6,6,INSUFFICIENT DATA,0.0,100.0
2025,H0206,Barry D. Knight,R,Energy and Utilities,Derived from LIS bill description,6,0,0,0,INSUFFICIENT DATA,0.0,0.0
2025,H0329,Bill Wiley,R,Energy and Utilities,Derived from LIS bill description,6,0,6,6,INSUFFICIENT DATA,0.0,100.0
2025,H0207,Delores L. McQuinn,D,Energy and Utilities,Derived from LIS bill description,6,0,0,0,INSUFFICIENT DATA,0.0,0.0
2025,H0377,Delores Oates,R,Energy and Utilities,Derived from LIS bill description,6,0,6,6,INSUFFICIENT DATA,0.0,100.0
2025,H0383,Eric R. Zehr,R,Energy and Utilities,Derived from LIS bill description,6,0,6,6,INSUFFICIENT DATA,0.0,100.0
2025,H0347,"H. Otto Wachsmann, Jr.",R,Energy and Utilities,Derived from LIS bill description,6,0,6,6,INSUFFICIENT DATA,0.0,100.0
2025,H0259,"Hyland F. ""Buddy"" Fowler, Jr.",R,Energy and Utilities,Derived from LIS bill description,6,0,5,5,INSUFFICIENT DATA,0.0,100.0
2025,H0279,Nicholas J. Freitas,R,Energy and Utilities,Derived from LIS bill description,6,0,6,6,INSUFFICIENT DATA,0.0,100.0
2025,H0376,Paul V. Milde,R,Energy and Utilities,Derived from LIS bill description,6,0,6,6,INSUFFICIENT DATA,0.0,100.0
2025,H0342,Phillip A. Scott,R,Energy and Utilities,Derived from LIS bill description,6,0,6,6,INSUFFICIENT DATA,0.0,100.0
2025,H0362,"Thomas A. Garrett, Jr.",R,Energy and Utilities,Derived from LIS bill description,6,0,6,6,INSUFFICIENT DATA,0.0,100.0
2025,H0136,"Thomas C. Wright, Jr.",R,Energy and Utilities,Derived from LIS bill description,6,0,6,6,INSUFFICIENT DATA,0.0,100.0
2025,H0364,Timothy P. Griffin,R,Energy and Utilities,Derived from LIS bill description,6,0,6,6,INSUFFICIENT DATA,0.0,100.0
2025,H0056,Terry G. Kilgore,R,Energy and Utilities,Derived from LIS bill summary,136,84,52,136,MIXED,61.76470588235294,38.23529411764706
2025,H0267,"Robert S. Bloxom, Jr.",R,Energy and Utilities,Derived from LIS bill summary,112,68,43,111,MIXED,61.261261261261254,38.73873873873874
2025,H0359,N. Baxter Ennis,R,Energy and Utilities,Derived from LIS bill summary,90,50,35,85,MIXED,58.82352941176471,41.17647058823529
2025,H0247,Michael J. Webert,R,Energy and Utilities,Derived from LIS bill summary,179,99,73,172,MIXED,57.55813953488372,42.44186046511628
2025,H0373,Ian T. Lovejoy,R,Energy and Utilities,Derived from LIS bill summary,95,54,40,94,MIXED,57.446808510638306,42.5531914893617
2025,H0315,Carrie E. Coyner,R,Energy and Utilities,Derived from LIS bill summary,105,49,39,88,MIXED,55.68181818181818,44.31818181818182
2025,H0253,Terry L. Austin,R,Energy and Utilities,Derived from LIS bill summary,104,57,47,104,MIXED,54.807692307692314,45.19230769230769
2025,H0337,A.C. Cordoza,R,Energy and Utilities,Derived from LIS bill summary,90,49,41,90,MIXED,54.44444444444444,45.55555555555556
2025,H0367,Geary Higgins,R,Energy and Utilities,Derived from LIS bill summary,95,51,43,94,MIXED,54.25531914893617,45.744680851063826
2025,H0224,James W. Morefield,R,Energy and Utilities,Derived from LIS bill summary,113,57,52,109,MIXED,52.293577981651374,47.706422018348626
2025,H0358,"Mark L. Earley, Jr.",R,Energy and Utilities,Derived from LIS bill summary,90,47,43,90,MIXED,52.22222222222223,47.77777777777778
2025,H0363,W. Chad Green,R,Energy and Utilities,Derived from LIS bill summary,90,45,45,90,MIXED,50.0,50.0
2025,H0384,Eric Phillips,R,Energy and Utilities,Derived from LIS bill summary,90,44,45,89,MIXED,49.43820224719101,50.56179775280899
2025,H0073,"Robert D. Orrock, Sr.",R,Energy and Utilities,Derived from LIS bill summary,94,44,45,89,MIXED,49.43820224719101,50.56179775280899
2025,H0231,Tony O. Wilt,R,Energy and Utilities,Derived from LIS bill summary,135,65,69,134,MIXED,48.507462686567166,51.49253731343284
2025,H0378,Chris Obenshain,R,Energy and Utilities,Derived from LIS bill summary,90,42,48,90,MIXED,46.666666666666664,53.333333333333336
2025,H0379,David Owen,R,Energy and Utilities,Derived from LIS bill summary,90,42,48,90,MIXED,46.666666666666664,53.333333333333336
2025,H0206,Barry D. Knight,R,Energy and Utilities,Derived from LIS bill summary,97,13,15,28,MIXED,46.42857142857143,53.57142857142857
2025,H0247,Michael J. Webert,R,Energy and Utilities,Derived from LIS bill description,13,6,7,13,MIXED,46.15384615384615,53.84615384615385
2025,H0124,R. Lee Ware,R,Energy and Utilities,Derived from LIS bill summary,95,42,51,93,MIXED,45.16129032258064,54.83870967741935
2025,H0242,Israel D. O'Quinn,R,Energy and Utilities,Derived from LIS bill summary,178,76,100,176,MIXED,43.18181818181818,56.81818181818182
2025,H0350,Ellen H. Campbell,R,Energy and Utilities,Derived from LIS bill summary,107,46,61,107,MIXED,42.99065420560748,57.009345794392516
2025,H0308,Joseph P. McNamara,R,Energy and Utilities,Derived from LIS bill summary,142,61,81,142,MIXED,42.95774647887324,57.04225352112676
2025,H0345,Anne Ferrell Tata,R,Energy and Utilities,Derived from LIS bill summary,117,50,67,117,MIXED,42.73504273504273,57.26495726495726
2025,H0262,"James A. ""Jay"" Leftwich",R,Energy and Utilities,Derived from LIS bill summary,92,38,54,92,MIXED,41.30434782608695,58.69565217391305
2025,H0259,"Hyland F. ""Buddy"" Fowler, Jr.",R,Energy and Utilities,Derived from LIS bill summary,96,38,56,94,MIXED,40.42553191489361,59.57446808510638
2025,H0376,Paul V. Milde,R,Energy and Utilities,Derived from LIS bill summary,90,35,52,87,MIXED,40.229885057471265,59.77011494252874
2025,H0329,Bill Wiley,R,Energy and Utilities,Derived from LIS bill summary,103,41,62,103,MIXED,39.80582524271845,60.19417475728155
2025,H0348,Wren M. Williams,R,Energy and Utilities,Derived from LIS bill summary,176,69,106,175,MIXED,39.42857142857143,60.57142857142858
2025,H0352,"Jonathan ""Jed"" Arnold",R,Energy and Utilities,Derived from LIS bill summary,92,35,54,89,MIXED,39.325842696629216,60.67415730337079
2025,H0333,Jason S. Ballard,R,Energy and Utilities,Derived from LIS bill summary,135,52,83,135,MIXED,38.51851851851852,61.48148148148148
2025,H0346,Kim A. Taylor,R,Energy and Utilities,Derived from LIS bill summary,90,33,56,89,MIXED,37.07865168539326,62.92134831460674
2025,H0335,Mike A. Cherry,R,Energy and Utilities,Derived from LIS bill summary,90,32,55,87,MIXED,36.7816091954023,63.2183908045977
2025,H0357,Will Davis,R,Energy and Utilities,Derived from LIS bill summary,93,34,59,93,MIXED,36.55913978494624,63.44086021505376
2025,H0238,M. Keith Hodges,R,Energy and Utilities,Derived from LIS bill summary,110,39,70,109,MIXED,35.77981651376147,64.22018348623854
2025,H0150,"Daniel W. Marshall, III",R,Energy and Utilities,Derived from LIS bill summary,152,20,37,57,MIXED,35.08771929824561,64.91228070175438
2025,H0328,Scott A. Wyatt,R,Energy and Utilities,Derived from LIS bill summary,105,36,68,104,NO,34.61538461538461,65.38461538461539
2025,H0321,Chris S. Runion,R,Energy and Utilities,Derived from LIS bill summary,147,50,95,145,NO,34.48275862068966,65.51724137931035
2025,H0347,"H. Otto Wachsmann, Jr.",R,Energy and Utilities,Derived from LIS bill summary,90,31,59,90,NO,34.44444444444444,65.55555555555556
2025,H0369,Hillary Pugh Kent,R,Energy and Utilities,Derived from LIS bill summary,94,32,61,93,NO,34.40860215053764,65.59139784946237
2025,H0325,Wendell S. Walker,R,Energy and Utilities,Derived from LIS bill summary,93,32,61,93,NO,34.40860215053764,65.59139784946237
2025,H0136,"Thomas C. Wright, Jr.",R,Energy and Utilities,Derived from LIS bill summary,92,27,58,85,NO,31.76470588235294,68.23529411764706
2025,H0362,"Thomas A. Garrett, Jr.",R,Energy and Utilities,Derived from LIS bill summary,93,26,60,86,NO,30.23255813953488,69.76744186046511
2025,H0308,Joseph P. McNamara,R,Energy and Utilities,Derived from LIS bill description,10,3,7,10,NO,30.0,70.0
2025,H0313,Amanda E. Batten,R,Energy and Utilities,Derived from LIS bill summary,90,25,65,90,NO,27.77777777777778,72.22222222222221
2025,H0181,C. Todd Gilbert,R,Energy and Utilities,Derived from LIS bill summary,185,50,130,180,NO,27.77777777777778,72.22222222222221
2025,H0383,Eric R. Zehr,R,Energy and Utilities,Derived from LIS bill summary,90,25,65,90,NO,27.77777777777778,72.22222222222221
2025,H0377,Delores Oates,R,Energy and Utilities,Derived from LIS bill summary,95,25,70,95,NO,26.31578947368421,73.68421052631578
2025,H0364,Timothy P. Griffin,R,Energy and Utilities,Derived from LIS bill summary,90,23,67,90,NO,25.555555555555554,74.44444444444444
2025,H0348,Wren M. Williams,R,Energy and Utilities,Derived from LIS bill description,13,3,10,13,NO,23.076923076923077,76.92307692307693
2025,H0279,Nicholas J. Freitas,R,Energy and Utilities,Derived from LIS bill summary,93,20,69,89,NO,22.47191011235955,77.52808988764045
2025,H0342,Phillip A. Scott,R,Energy and Utilities,Derived from LIS bill summary,90,18,70,88,NO,20.454545454545457,79.54545454545455
2025,H0333,Jason S. Ballard,R,Energy and Utilities,Derived from LIS bill description,10,2,8,10,NO,20.0,80.0
2025,H0056,Terry G. Kilgore,R,Energy and Utilities,Derived from LIS bill description,10,2,8,10,NO,20.0,80.0
2025,H0231,Tony O. Wilt,R,Energy and Utilities,Derived from LIS bill description,10,2,8,10,NO,20.0,80.0
2025,H0242,Israel D. O'Quinn,R,Energy and Utilities,Derived from LIS bill description,13,2,11,13,NO,15.384615384615385,84.61538461538461
2025,H0181,C. Todd Gilbert,R,Energy and Utilities,Derived from LIS bill description,13,0,13,13,NO,0.0,100.0
2025,H0321,Chris S. Runion,R,Energy and Utilities,Derived from LIS bill description,10,0,10,10,NO,0.0,100.0
2025,H0208,Charniele L. Herring,D,Energy and Utilities,Derived from LIS bill description,13,13,0,13,YES,100.0,0.0
2025,H0317,Dan I. Helmer,D,Energy and Utilities,Derived from LIS bill description,10,10,0,10,YES,100.0,0.0
2025,H0173,Jeion A. Ward,D,Energy and Utilities,Derived from LIS bill description,13,10,0,10,YES,100.0,0.0
2025,H0295,Kelly K. Convirs-Fowler,D,Energy and Utilities,Derived from LIS bill description,10,10,0,10,YES,100.0,0.0
2025,H0360,Michael B. Feggans,D,Energy and Utilities,Derived from LIS bill description,10,10,0,10,YES,100.0,0.0
2025,H0368,Michael J. Jones,D,Energy and Utilities,Derived from LIS bill description,13,13,0,13,YES,100.0,0.0
2025,H0340,Michelle Lopes Maldonado,D,Energy and Utilities,Derived from LIS bill description,10,10,0,10,YES,100.0,0.0
2025,H0269,"Richard C. ""Rip"" Sullivan, Jr.",D,Energy and Utilities,Derived from LIS bill description,13,13,0,13,YES,100.0,0.0
2025,H0368,Michael J. Jones,D,Energy and Utilities,Derived from LIS bill summary,181,154,5,159,YES,96.85534591194968,3.1446540880503147
2025,H0208,Charniele L. Herring,D,Energy and Utilities,Derived from LIS bill summary,187,177,10,187,YES,94.6524064171123,5.347593582887701
2025,H0344,Irene Shin,D,Energy and Utilities,Derived from LIS bill summary,181,170,10,180,YES,94.44444444444444,5.555555555555555
2025,H0269,"Richard C. ""Rip"" Sullivan, Jr.",D,Energy and Utilities,Derived from LIS bill summary,188,176,12,188,YES,93.61702127659575,6.382978723404255
2025,H0317,Dan I. Helmer,D,Energy and Utilities,Derived from LIS bill summary,138,129,9,138,YES,93.47826086956522,6.521739130434782
2025,H0340,Michelle Lopes Maldonado,D,Energy and Utilities,Derived from LIS bill summary,134,124,10,134,YES,92.53731343283582,7.462686567164178
2025,H0239,Alfonso H. Lopez,D,Energy and Utilities,Derived from LIS bill summary,186,171,14,185,YES,92.43243243243244,7.567567567567568
2025,H0372,Destiny LeVere Bolling,D,Energy and Utilities,Derived from LIS bill summary,135,122,10,132,YES,92.42424242424242,7.575757575757576
2025,H0173,Jeion A. Ward,D,Energy and Utilities,Derived from LIS bill summary,186,134,11,145,YES,92.41379310344827,7.586206896551724
2025,H0239,Alfonso H. Lopez,D,Energy and Utilities,Derived from LIS bill description,13,12,1,13,YES,92.3076923076923,7.6923076923076925
2025,H0330,Candi Mundon King,D,Energy and Utilities,Derived from LIS bill description,13,12,1,13,YES,92.3076923076923,7.6923076923076925
2025,H0330,Candi Mundon King,D,Energy and Utilities,Derived from LIS bill summary,189,168,14,182,YES,92.3076923076923,7.6923076923076925
2025,H0295,Kelly K. Convirs-Fowler,D,Energy and Utilities,Derived from LIS bill summary,135,123,11,134,YES,91.7910447761194,8.208955223880597
2025,H0354,Katrina Callsen,D,Energy and Utilities,Derived from LIS bill summary,103,93,9,102,YES,91.17647058823529,8.823529411764707
2025,H0360,Michael B. Feggans,D,Energy and Utilities,Derived from LIS bill summary,135,121,12,133,YES,90.97744360902256,9.022556390977442
2025,H0343,Briana D. Sewell,D,Energy and Utilities,Derived from LIS bill summary,111,100,10,110,YES,90.9090909090909,9.090909090909092
2025,H0172,Mark D. Sickles,D,Energy and Utilities,Derived from LIS bill summary,108,98,10,108,YES,90.74074074074075,9.25925925925926
2025,H0327,Rodney T. Willett,D,Energy and Utilities,Derived from LIS bill summary,108,97,10,107,YES,90.65420560747664,9.345794392523365
2025,H0311,Alex Q. Askew,D,Energy and Utilities,Derived from LIS bill summary,105,93,10,103,YES,90.29126213592234,9.70873786407767
2025,H0227,Luke E. Torian,D,Energy and Utilities,Derived from LIS bill summary,111,93,10,103,YES,90.29126213592234,9.70873786407767
2025,H0301,David A. Reid,D,Energy and Utilities,Derived from LIS bill summary,101,91,10,101,YES,90.0990099009901,9.900990099009901
2025,H0380,Atoosa R. Reaser,D,Energy and Utilities,Derived from LIS bill summary,100,90,10,100,YES,90.0,10.0
2025,H0281,Paul E. Krizek,D,Energy and Utilities,Derived from LIS bill summary,110,99,11,110,YES,90.0,10.0
2025,H0334,Elizabeth B. Bennett-Parker,D,Energy and Utilities,Derived from LIS bill summary,100,86,10,96,YES,89.58333333333334,10.416666666666668
2025,H0323,Shelly A. Simonds,D,Energy and Utilities,Derived from LIS bill summary,104,92,11,103,YES,89.32038834951457,10.679611650485436
2025,H0371,Amy J. Laufer,D,Energy and Utilities,Derived from LIS bill summary,94,83,10,93,YES,89.24731182795699,10.75268817204301
2025,H0294,Karrie K. Delaney,D,Energy and Utilities,Derived from LIS bill summary,93,83,10,93,YES,89.24731182795699,10.75268817204301
2025,H0108,Vivian E. Watts,D,Energy and Utilities,Derived from LIS bill summary,95,83,10,93,YES,89.24731182795699,10.75268817204301
2025,H0285,"C.E. Cliff Hayes, Jr.",D,Energy and Utilities,Derived from LIS bill summary,103,82,10,92,YES,89.13043478260869,10.869565217391305
2025,H0322,Don Scott,D,Energy and Utilities,Derived from LIS bill summary,92,82,10,92,YES,89.13043478260869,10.869565217391305
2025,H0351,Holly M. Seibold,D,Energy and Utilities,Derived from LIS bill summary,92,81,10,91,YES,89.01098901098901,10.989010989010989
2025,H0356,Rae Cousins,D,Energy and Utilities,Derived from LIS bill summary,90,80,10,90,YES,88.88888888888889,11.11111111111111
2025,H0385,JJ Singh,D,Energy and Utilities,Derived from LIS bill summary,90,79,10,89,YES,88.76404494382022,11.235955056179774
2025,H0219,Patrick A. Hope,D,Energy and Utilities,Derived from LIS bill summary,90,79,10,89,YES,88.76404494382022,11.235955056179774
2025,H0266,Sam Rasoul,D,Energy and Utilities,Derived from LIS bill summary,101,86,11,97,YES,88.65979381443299,11.34020618556701
2025,H0361,Debra D. Gardner,D,Energy and Utilities,Derived from LIS bill summary,98,85,11,96,YES,88.54166666666666,11.458333333333332
2025,H0353,Bonita G. Anthony,D,Energy and Utilities,Derived from LIS bill summary,93,82,11,93,YES,88.17204301075269,11.827956989247312
2025,H0349,Jackie H. Glass,D,Energy and Utilities,Derived from LIS bill summary,92,80,11,91,YES,87.91208791208791,12.087912087912088
2025,H0355,Laura Jane Cohen,D,Energy and Utilities,Derived from LIS bill summary,100,87,12,99,YES,87.87878787878788,12.121212121212121
2025,H0207,Delores L. McQuinn,D,Energy and Utilities,Derived from LIS bill summary,101,72,10,82,YES,87.8048780487805,12.195121951219512
2025,H0212,Betsy B. Carr,D,Energy and Utilities,Derived from LIS bill summary,111,97,14,111,YES,87.38738738738738,12.612612612612612
2025,H0366,Phil M. Hernandez,D,Energy and Utilities,Derived from LIS bill summary,95,83,12,95,YES,87.36842105263159,12.631578947368421
2025,H0374,Marty Martinez,D,Energy and Utilities,Derived from LIS bill summary,95,82,12,94,YES,87.2340425531915,12.76595744680851
2025,H0375,Adele Y. McClure,D,Energy and Utilities,Derived from LIS bill summary,93,81,12,93,YES,87.09677419354838,12.903225806451612
2025,H0370,Karen Keys-Gamarra,D,Energy and Utilities,Derived from LIS bill summary,93,81,12,93,YES,87.09677419354838,12.903225806451612
2025,H0336,Nadarius E. Clark,D,Energy and Utilities,Derived from LIS bill summary,91,77,12,89,YES,86.51685393258427,13.48314606741573
2025,H0365,"Rozia A. Henson, Jr.",D,Energy and Utilities,Derived from LIS bill summary,90,77,12,89,YES,86.51685393258427,13.48314606741573
2025,H0264,Marcus B. Simon,D,Energy and Utilities,Derived from LIS bill summary,95,82,13,95,YES,86.31578947368422,13.684210526315791
2025,H0177,David L. Bulova,D,Energy and Utilities,Derived from LIS bill summary,110,94,15,109,YES,86.23853211009175,13.761467889908257
2025,H0284,"Marcia S. ""Cia"" Price",D,Energy and Utilities,Derived from LIS bill summary,92,79,13,92,YES,85.86956521739131,14.130434782608695
2025,H0314,Joshua G. Cole,D,Energy and Utilities,Derived from LIS bill summary,93,76,14,90,YES,84.44444444444444,15.555555555555555
2025,H0305,Kathy K.L. Tran,D,Energy and Utilities,Derived from LIS bill summary,97,81,16,97,YES,83.50515463917526,16.49484536082474
2025,H0344,Irene Shin,D,Energy and Utilities,Derived from LIS bill description,13,10,2,12,YES,83.33333333333334,16.666666666666664
2025,H0382,Joshua E. Thomas,D,Energy and Utilities,Derived from LIS bill summary,92,74,17,91,YES,81.31868131868131,18.681318681318682
2025,H0375,Adele Y. McClure,D,Environment and Conservation,Derived from LIS bill description,1,1,0,1,INSUFFICIENT DATA,100.0,0.0
2025,H0311,Alex Q. Askew,D,Environment and Conservation,Derived from LIS bill description,1,1,0,1,INSUFFICIENT DATA,100.0,0.0
2025,H0239,Alfonso H. Lopez,D,Environment and Conservation,Derived from LIS bill description,1,1,0,1,INSUFFICIENT DATA,100.0,0.0
2025,H0371,Amy J. Laufer,D,Environment and Conservation,Derived from LIS bill description,1,1,0,1,INSUFFICIENT DATA,100.0,0.0
2025,H0345,Anne Ferrell Tata,R,Environment and Conservation,Derived from LIS bill description,1,1,0,1,INSUFFICIENT DATA,100.0,0.0
2025,H0380,Atoosa R. Reaser,D,Environment and Conservation,Derived from LIS bill description,1,1,0,1,INSUFFICIENT DATA,100.0,0.0
2025,H0212,Betsy B. Carr,D,Environment and Conservation,Derived from LIS bill description,2,2,0,2,INSUFFICIENT DATA,100.0,0.0
2025,H0353,Bonita G. Anthony,D,Environment and Conservation,Derived from LIS bill description,1,1,0,1,INSUFFICIENT DATA,100.0,0.0
2025,H0343,Briana D. Sewell,D,Environment and Conservation,Derived from LIS bill description,1,1,0,1,INSUFFICIENT DATA,100.0,0.0
2025,H0285,"C.E. Cliff Hayes, Jr.",D,Environment and Conservation,Derived from LIS bill description,2,1,0,1,INSUFFICIENT DATA,100.0,0.0
2025,H0330,Candi Mundon King,D,Environment and Conservation,Derived from LIS bill description,1,1,0,1,INSUFFICIENT DATA,100.0,0.0
2025,H0208,Charniele L. Herring,D,Environment and Conservation,Derived from LIS bill description,2,2,0,2,INSUFFICIENT DATA,100.0,0.0
2025,H0378,Chris Obenshain,R,Environment and Conservation,Derived from LIS bill description,1,1,0,1,INSUFFICIENT DATA,100.0,0.0
2025,H0317,Dan I. Helmer,D,Environment and Conservation,Derived from LIS bill description,2,2,0,2,INSUFFICIENT DATA,100.0,0.0
2025,H0301,David A. Reid,D,Environment and Conservation,Derived from LIS bill description,1,1,0,1,INSUFFICIENT DATA,100.0,0.0
2025,H0177,David L. Bulova,D,Environment and Conservation,Derived from LIS bill description,1,1,0,1,INSUFFICIENT DATA,100.0,0.0
2025,H0361,Debra D. Gardner,D,Environment and Conservation,Derived from LIS bill description,1,1,0,1,INSUFFICIENT DATA,100.0,0.0
2025,H0207,Delores L. McQuinn,D,Environment and Conservation,Derived from LIS bill description,1,1,0,1,INSUFFICIENT DATA,100.0,0.0
2025,H0372,Destiny LeVere Bolling,D,Environment and Conservation,Derived from LIS bill description,1,1,0,1,INSUFFICIENT DATA,100.0,0.0
2025,H0322,Don Scott,D,Environment and Conservation,Derived from LIS bill description,2,2,0,2,INSUFFICIENT DATA,100.0,0.0
2025,H0334,Elizabeth B. Bennett-Parker,D,Environment and Conservation,Derived from LIS bill description,1,1,0,1,INSUFFICIENT DATA,100.0,0.0
2025,H0350,Ellen H. Campbell,R,Environment and Conservation,Derived from LIS bill description,1,1,0,1,INSUFFICIENT DATA,100.0,0.0
2025,H0369,Hillary Pugh Kent,R,Environment and Conservation,Derived from LIS bill description,1,1,0,1,INSUFFICIENT DATA,100.0,0.0
2025,H0351,Holly M. Seibold,D,Environment and Conservation,Derived from LIS bill description,1,1,0,1,INSUFFICIENT DATA,100.0,0.0
2025,H0373,Ian T. Lovejoy,R,Environment and Conservation,Derived from LIS bill description,1,1,0,1,INSUFFICIENT DATA,100.0,0.0
2025,H0344,Irene Shin,D,Environment and Conservation,Derived from LIS bill description,1,1,0,1,INSUFFICIENT DATA,100.0,0.0
2025,H0385,JJ Singh,D,Environment and Conservation,Derived from LIS bill description,1,1,0,1,INSUFFICIENT DATA,100.0,0.0
2025,H0349,Jackie H. Glass,D,Environment and Conservation,Derived from LIS bill description,1,1,0,1,INSUFFICIENT DATA,100.0,0.0
2025,H0173,Jeion A. Ward,D,Environment and Conservation,Derived from LIS bill description,2,2,0,2,INSUFFICIENT DATA,100.0,0.0
2025,H0382,Joshua E. Thomas,D,Environment and Conservation,Derived from LIS bill description,1,1,0,1,INSUFFICIENT DATA,100.0,0.0
2025,H0314,Joshua G. Cole,D,Environment and Conservation,Derived from LIS bill description,1,1,0,1,INSUFFICIENT DATA,100.0,0.0
2025,H0370,Karen Keys-Gamarra,D,Environment and Conservation,Derived from LIS bill description,1,1,0,1,INSUFFICIENT DATA,100.0,0.0
2025,H0294,Karrie K. Delaney,D,Environment and Conservation,Derived from LIS bill description,1,1,0,1,INSUFFICIENT DATA,100.0,0.0
2025,H0305,Kathy K.L. Tran,D,Environment and Conservation,Derived from LIS bill description,2,2,0,2,INSUFFICIENT DATA,100.0,0.0
2025,H0354,Katrina Callsen,D,Environment and Conservation,Derived from LIS bill description,1,1,0,1,INSUFFICIENT DATA,100.0,0.0
2025,H0295,Kelly K. Convirs-Fowler,D,Environment and Conservation,Derived from LIS bill description,1,1,0,1,INSUFFICIENT DATA,100.0,0.0
2025,H0355,Laura Jane Cohen,D,Environment and Conservation,Derived from LIS bill description,1,1,0,1,INSUFFICIENT DATA,100.0,0.0
2025,H0227,Luke E. Torian,D,Environment and Conservation,Derived from LIS bill description,2,2,0,2,INSUFFICIENT DATA,100.0,0.0
2025,H0284,"Marcia S. ""Cia"" Price",D,Environment and Conservation,Derived from LIS bill description,1,1,0,1,INSUFFICIENT DATA,100.0,0.0
2025,H0264,Marcus B. Simon,D,Environment and Conservation,Derived from LIS bill description,2,2,0,2,INSUFFICIENT DATA,100.0,0.0
2025,H0172,Mark D. Sickles,D,Environment and Conservation,Derived from LIS bill description,2,2,0,2,INSUFFICIENT DATA,100.0,0.0
2025,H0374,Marty Martinez,D,Environment and Conservation,Derived from LIS bill description,1,1,0,1,INSUFFICIENT DATA,100.0,0.0
2025,H0360,Michael B. Feggans,D,Environment and Conservation,Derived from LIS bill description,1,1,0,1,INSUFFICIENT DATA,100.0,0.0
2025,H0368,Michael J. Jones,D,Environment and Conservation,Derived from LIS bill description,1,1,0,1,INSUFFICIENT DATA,100.0,0.0
2025,H0340,Michelle Lopes Maldonado,D,Environment and Conservation,Derived from LIS bill description,1,1,0,1,INSUFFICIENT DATA,100.0,0.0
2025,H0336,Nadarius E. Clark,D,Environment and Conservation,Derived from LIS bill description,1,1,0,1,INSUFFICIENT DATA,100.0,0.0
2025,H0219,Patrick A. Hope,D,Environment and Conservation,Derived from LIS bill description,1,1,0,1,INSUFFICIENT DATA,100.0,0.0
2025,H0281,Paul E. Krizek,D,Environment and Conservation,Derived from LIS bill description,1,1,0,1,INSUFFICIENT DATA,100.0,0.0
2025,H0366,Phil M. Hernandez,D,Environment and Conservation,Derived from LIS bill description,1,1,0,1,INSUFFICIENT DATA,100.0,0.0
2025,H0124,R. Lee Ware,R,Environment and Conservation,Derived from LIS bill description,1,1,0,1,INSUFFICIENT DATA,100.0,0.0
2025,H0356,Rae Cousins,D,Environment and Conservation,Derived from LIS bill description,1,1,0,1,INSUFFICIENT DATA,100.0,0.0
2025,H0269,"Richard C. ""Rip"" Sullivan, Jr.",D,Environment and Conservation,Derived from LIS bill description,2,2,0,2,INSUFFICIENT DATA,100.0,0.0
2025,H0267,"Robert S. Bloxom, Jr.",R,Environment and Conservation,Derived from LIS bill description,1,1,0,1,INSUFFICIENT DATA,100.0,0.0
2025,H0327,Rodney T. Willett,D,Environment and Conservation,Derived from LIS bill description,1,1,0,1,INSUFFICIENT DATA,100.0,0.0
2025,H0365,"Rozia A. Henson, Jr.",D,Environment and Conservation,Derived from LIS bill description,1,1,0,1,INSUFFICIENT DATA,100.0,0.0
2025,H0266,Sam Rasoul,D,Environment and Conservation,Derived from LIS bill description,1,1,0,1,INSUFFICIENT DATA,100.0,0.0
2025,H0323,Shelly A. Simonds,D,Environment and Conservation,Derived from LIS bill description,1,1,0,1,INSUFFICIENT DATA,100.0,0.0
2025,H0253,Terry L. Austin,R,Environment and Conservation,Derived from LIS bill description,2,2,0,2,INSUFFICIENT DATA,100.0,0.0
2025,H0108,Vivian E. Watts,D,Environment and Conservation,Derived from LIS bill description,2,2,0,2,INSUFFICIENT DATA,100.0,0.0
2025,H0363,W. Chad Green,R,Environment and Conservation,Derived from LIS bill description,1,1,0,1,INSUFFICIENT DATA,100.0,0.0
2025,H0337,A.C. Cordoza,R,Environment and Conservation,Derived from LIS bill description,1,0,1,1,INSUFFICIENT DATA,0.0,100.0
2025,H0313,Amanda E. Batten,R,Environment and Conservation,Derived from LIS bill description,1,0,1,1,INSUFFICIENT DATA,0.0,100.0
2025,H0206,Barry D. Knight,R,Environment and Conservation,Derived from LIS bill description,1,0,0,0,INSUFFICIENT DATA,0.0,0.0
2025,H0329,Bill Wiley,R,Environment and Conservation,Derived from LIS bill description,1,0,1,1,INSUFFICIENT DATA,0.0,100.0
2025,H0181,C. Todd Gilbert,R,Environment and Conservation,Derived from LIS bill description,2,0,2,2,INSUFFICIENT DATA,0.0,100.0
2025,H0315,Carrie E. Coyner,R,Environment and Conservation,Derived from LIS bill description,2,0,1,1,INSUFFICIENT DATA,0.0,100.0
2025,H0321,Chris S. Runion,R,Environment and Conservation,Derived from LIS bill description,1,0,1,1,INSUFFICIENT DATA,0.0,100.0
2025,H0150,"Daniel W. Marshall, III",R,Environment and Conservation,Derived from LIS bill description,1,0,0,0,INSUFFICIENT DATA,0.0,0.0
2025,H0379,David Owen,R,Environment and Conservation,Derived from LIS bill description,1,0,1,1,INSUFFICIENT DATA,0.0,100.0
2025,H0377,Delores Oates,R,Environment and Conservation,Derived from LIS bill description,1,0,1,1,INSUFFICIENT DATA,0.0,100.0
2025,H0384,Eric Phillips,R,Environment and Conservation,Derived from LIS bill description,1,0,0,0,INSUFFICIENT DATA,0.0,0.0
2025,H0383,Eric R. Zehr,R,Environment and Conservation,Derived from LIS bill description,1,0,1,1,INSUFFICIENT DATA,0.0,100.0
2025,H0367,Geary Higgins,R,Environment and Conservation,Derived from LIS bill description,1,0,1,1,INSUFFICIENT DATA,0.0,100.0
2025,H0347,"H. Otto Wachsmann, Jr.",R,Environment and Conservation,Derived from LIS bill description,1,0,1,1,INSUFFICIENT DATA,0.0,100.0
2025,H0259,"Hyland F. ""Buddy"" Fowler, Jr.",R,Environment and Conservation,Derived from LIS bill description,1,0,1,1,INSUFFICIENT DATA,0.0,100.0
2025,H0242,Israel D. O'Quinn,R,Environment and Conservation,Derived from LIS bill description,2,0,1,1,INSUFFICIENT DATA,0.0,100.0
2025,H0262,"James A. ""Jay"" Leftwich",R,Environment and Conservation,Derived from LIS bill description,1,0,1,1,INSUFFICIENT DATA,0.0,100.0
2025,H0224,James W. Morefield,R,Environment and Conservation,Derived from LIS bill description,1,0,1,1,INSUFFICIENT DATA,0.0,100.0
2025,H0333,Jason S. Ballard,R,Environment and Conservation,Derived from LIS bill description,1,0,1,1,INSUFFICIENT DATA,0.0,100.0
2025,H0352,"Jonathan ""Jed"" Arnold",R,Environment and Conservation,Derived from LIS bill description,1,0,1,1,INSUFFICIENT DATA,0.0,100.0
2025,H0308,Joseph P. McNamara,R,Environment and Conservation,Derived from LIS bill description,1,0,1,1,INSUFFICIENT DATA,0.0,100.0
2025,H0346,Kim A. Taylor,R,Environment and Conservation,Derived from LIS bill description,1,0,1,1,INSUFFICIENT DATA,0.0,100.0
2025,H0238,M. Keith Hodges,R,Environment and Conservation,Derived from LIS bill description,1,0,1,1,INSUFFICIENT DATA,0.0,100.0
2025,H0358,"Mark L. Earley, Jr.",R,Environment and Conservation,Derived from LIS bill description,1,0,1,1,INSUFFICIENT DATA,0.0,100.0
2025,H0247,Michael J. Webert,R,Environment and Conservation,Derived from LIS bill description,2,0,2,2,INSUFFICIENT DATA,0.0,100.0
2025,H0335,Mike A. Cherry,R,Environment and Conservation,Derived from LIS bill description,1,0,1,1,INSUFFICIENT DATA,0.0,100.0
2025,H0359,N. Baxter Ennis,R,Environment and Conservation,Derived from LIS bill description,1,0,1,1,INSUFFICIENT DATA,0.0,100.0
2025,H0279,Nicholas J. Freitas,R,Environment and Conservation,Derived from LIS bill description,1,0,1,1,INSUFFICIENT DATA,0.0,100.0
2025,H0376,Paul V. Milde,R,Environment and Conservation,Derived from LIS bill description,1,0,1,1,INSUFFICIENT DATA,0.0,100.0
2025,H0342,Phillip A. Scott,R,Environment and Conservation,Derived from LIS bill description,1,0,1,1,INSUFFICIENT DATA,0.0,100.0
2025,H0073,"Robert D. Orrock, Sr.",R,Environment and Conservation,Derived from LIS bill description,1,0,1,1,INSUFFICIENT DATA,0.0,100.0
2025,H0328,Scott A. Wyatt,R,Environment and Conservation,Derived from LIS bill description,1,0,1,1,INSUFFICIENT DATA,0.0,100.0
2025,H0056,Terry G. Kilgore,R,Environment and Conservation,Derived from LIS bill description,2,0,1,1,INSUFFICIENT DATA,0.0,100.0
2025,H0362,"Thomas A. Garrett, Jr.",R,Environment and Conservation,Derived from LIS bill description,1,0,1,1,INSUFFICIENT DATA,0.0,100.0
2025,H0136,"Thomas C. Wright, Jr.",R,Environment and Conservation,Derived from LIS bill description,1,0,1,1,INSUFFICIENT DATA,0.0,100.0
2025,H0364,Timothy P. Griffin,R,Environment and Conservation,Derived from LIS bill description,1,0,1,1,INSUFFICIENT DATA,0.0,100.0
2025,H0231,Tony O. Wilt,R,Environment and Conservation,Derived from LIS bill description,1,0,1,1,INSUFFICIENT DATA,0.0,100.0
2025,H0325,Wendell S. Walker,R,Environment and Conservation,Derived from LIS bill description,1,0,1,1,INSUFFICIENT DATA,0.0,100.0
2025,H0357,Will Davis,R,Environment and Conservation,Derived from LIS bill description,1,0,1,1,INSUFFICIENT DATA,0.0,100.0
2025,H0348,Wren M. Williams,R,Environment and Conservation,Derived from LIS bill description,1,0,1,1,INSUFFICIENT DATA,0.0,100.0
2025,H0238,M. Keith Hodges,R,Environment and Conservation,Derived from LIS bill summary,65,42,23,65,MIXED,64.61538461538461,35.38461538461539
2025,H0056,Terry G. Kilgore,R,Environment and Conservation,Derived from LIS bill summary,61,39,22,61,MIXED,63.934426229508205,36.0655737704918
2025,H0224,James W. Morefield,R,Environment and Conservation,Derived from LIS bill summary,63,36,21,57,MIXED,63.1578947368421,36.84210526315789
2025,H0347,"H. Otto Wachsmann, Jr.",R,Environment and Conservation,Derived from LIS bill summary,56,35,21,56,MIXED,62.5,37.5
2025,H0242,Israel D. O'Quinn,R,Environment and Conservation,Derived from LIS bill summary,65,40,24,64,MIXED,62.5,37.5
2025,H0358,"Mark L. Earley, Jr.",R,Environment and Conservation,Derived from LIS bill summary,51,31,19,50,MIXED,62.0,38.0
2025,H0333,Jason S. Ballard,R,Environment and Conservation,Derived from LIS bill summary,60,37,23,60,MIXED,61.66666666666667,38.333333333333336
2025,H0136,"Thomas C. Wright, Jr.",R,Environment and Conservation,Derived from LIS bill summary,78,44,29,73,MIXED,60.273972602739725,39.726027397260275
2025,H0348,Wren M. Williams,R,Environment and Conservation,Derived from LIS bill summary,65,39,26,65,MIXED,60.0,40.0
2025,H0308,Joseph P. McNamara,R,Environment and Conservation,Derived from LIS bill summary,61,35,24,59,MIXED,59.32203389830508,40.67796610169492
2025,H0357,Will Davis,R,Environment and Conservation,Derived from LIS bill summary,53,31,22,53,MIXED,58.490566037735846,41.509433962264154
2025,H0313,Amanda E. Batten,R,Environment and Conservation,Derived from LIS bill summary,53,30,23,53,MIXED,56.60377358490566,43.39622641509434
2025,H0352,"Jonathan ""Jed"" Arnold",R,Environment and Conservation,Derived from LIS bill summary,55,29,23,52,MIXED,55.769230769230774,44.230769230769226
2025,H0335,Mike A. Cherry,R,Environment and Conservation,Derived from LIS bill summary,56,31,25,56,MIXED,55.35714285714286,44.642857142857146
2025,H0377,Delores Oates,R,Environment and Conservation,Derived from LIS bill summary,53,26,27,53,MIXED,49.056603773584904,50.943396226415096
2025,H0181,C. Todd Gilbert,R,Environment and Conservation,Derived from LIS bill summary,67,32,34,66,MIXED,48.484848484848484,51.515151515151516
2025,H0383,Eric R. Zehr,R,Environment and Conservation,Derived from LIS bill summary,52,25,27,52,MIXED,48.07692307692308,51.92307692307693
2025,H0362,"Thomas A. Garrett, Jr.",R,Environment and Conservation,Derived from LIS bill summary,54,23,26,49,MIXED,46.93877551020408,53.06122448979592
2025,H0364,Timothy P. Griffin,R,Environment and Conservation,Derived from LIS bill summary,50,23,27,50,MIXED,46.0,54.0
2025,H0279,Nicholas J. Freitas,R,Environment and Conservation,Derived from LIS bill summary,54,20,31,51,MIXED,39.21568627450981,60.78431372549019
2025,H0342,Phillip A. Scott,R,Environment and Conservation,Derived from LIS bill summary,55,20,32,52,MIXED,38.46153846153847,61.53846153846154
2025,H0327,Rodney T. Willett,D,Environment and Conservation,Derived from LIS bill summary,101,96,5,101,YES,95.04950495049505,4.9504950495049505
2025,H0368,Michael J. Jones,D,Environment and Conservation,Derived from LIS bill summary,65,52,3,55,YES,94.54545454545455,5.454545454545454
2025,H0239,Alfonso H. Lopez,D,Environment and Conservation,Derived from LIS bill summary,114,81,5,86,YES,94.18604651162791,5.813953488372093
2025,H0366,Phil M. Hernandez,D,Environment and Conservation,Derived from LIS bill summary,101,94,6,100,YES,94.0,6.0
2025,H0208,Charniele L. Herring,D,Environment and Conservation,Derived from LIS bill summary,113,106,7,113,YES,93.80530973451327,6.1946902654867255
2025,H0323,Shelly A. Simonds,D,Environment and Conservation,Derived from LIS bill summary,78,71,5,76,YES,93.42105263157895,6.578947368421052
2025,H0344,Irene Shin,D,Environment and Conservation,Derived from LIS bill summary,72,67,5,72,YES,93.05555555555556,6.944444444444445
2025,H0354,Katrina Callsen,D,Environment and Conservation,Derived from LIS bill summary,58,53,4,57,YES,92.98245614035088,7.017543859649122
2025,H0281,Paul E. Krizek,D,Environment and Conservation,Derived from LIS bill summary,106,98,8,106,YES,92.45283018867924,7.547169811320755
2025,H0207,Delores L. McQuinn,D,Environment and Conservation,Derived from LIS bill summary,59,47,4,51,YES,92.15686274509804,7.8431372549019605
2025,H0311,Alex Q. Askew,D,Environment and Conservation,Derived from LIS bill summary,63,58,5,63,YES,92.06349206349206,7.936507936507936
2025,H0172,Mark D. Sickles,D,Environment and Conservation,Derived from LIS bill summary,67,58,5,63,YES,92.06349206349206,7.936507936507936
2025,H0343,Briana D. Sewell,D,Environment and Conservation,Derived from LIS bill summary,61,56,5,61,YES,91.80327868852459,8.19672131147541
2025,H0285,"C.E. Cliff Hayes, Jr.",D,Environment and Conservation,Derived from LIS bill summary,62,56,5,61,YES,91.80327868852459,8.19672131147541
2025,H0227,Luke E. Torian,D,Environment and Conservation,Derived from LIS bill summary,66,56,5,61,YES,91.80327868852459,8.19672131147541
2025,H0340,Michelle Lopes Maldonado,D,Environment and Conservation,Derived from LIS bill summary,60,55,5,60,YES,91.66666666666666,8.333333333333332
2025,H0269,"Richard C. ""Rip"" Sullivan, Jr.",D,Environment and Conservation,Derived from LIS bill summary,72,65,6,71,YES,91.54929577464789,8.450704225352112
2025,H0301,David A. Reid,D,Environment and Conservation,Derived from LIS bill summary,59,54,5,59,YES,91.52542372881356,8.47457627118644
2025,H0372,Destiny LeVere Bolling,D,Environment and Conservation,Derived from LIS bill summary,61,54,5,59,YES,91.52542372881356,8.47457627118644
2025,H0295,Kelly K. Convirs-Fowler,D,Environment and Conservation,Derived from LIS bill summary,60,54,5,59,YES,91.52542372881356,8.47457627118644
2025,H0334,Elizabeth B. Bennett-Parker,D,Environment and Conservation,Derived from LIS bill summary,58,53,5,58,YES,91.37931034482759,8.620689655172415
2025,H0266,Sam Rasoul,D,Environment and Conservation,Derived from LIS bill summary,60,53,5,58,YES,91.37931034482759,8.620689655172415
2025,H0371,Amy J. Laufer,D,Environment and Conservation,Derived from LIS bill summary,94,84,8,92,YES,91.30434782608695,8.695652173913043
2025,H0294,Karrie K. Delaney,D,Environment and Conservation,Derived from LIS bill summary,58,51,5,56,YES,91.07142857142857,8.928571428571429
2025,H0219,Patrick A. Hope,D,Environment and Conservation,Derived from LIS bill summary,57,51,5,56,YES,91.07142857142857,8.928571428571429
2025,H0108,Vivian E. Watts,D,Environment and Conservation,Derived from LIS bill summary,56,51,5,56,YES,91.07142857142857,8.928571428571429
2025,H0330,Candi Mundon King,D,Environment and Conservation,Derived from LIS bill summary,70,61,6,67,YES,91.04477611940298,8.955223880597014
2025,H0336,Nadarius E. Clark,D,Environment and Conservation,Derived from LIS bill summary,91,80,8,88,YES,90.9090909090909,9.090909090909092
2025,H0349,Jackie H. Glass,D,Environment and Conservation,Derived from LIS bill summary,87,79,8,87,YES,90.80459770114942,9.195402298850574
2025,H0370,Karen Keys-Gamarra,D,Environment and Conservation,Derived from LIS bill summary,54,49,5,54,YES,90.74074074074075,9.25925925925926
2025,H0356,Rae Cousins,D,Environment and Conservation,Derived from LIS bill summary,54,49,5,54,YES,90.74074074074075,9.25925925925926
2025,H0365,"Rozia A. Henson, Jr.",D,Environment and Conservation,Derived from LIS bill summary,54,49,5,54,YES,90.74074074074075,9.25925925925926
2025,H0317,Dan I. Helmer,D,Environment and Conservation,Derived from LIS bill summary,85,77,8,85,YES,90.58823529411765,9.411764705882353
2025,H0361,Debra D. Gardner,D,Environment and Conservation,Derived from LIS bill summary,58,47,5,52,YES,90.38461538461539,9.615384615384617
2025,H0322,Don Scott,D,Environment and Conservation,Derived from LIS bill summary,51,45,5,50,YES,90.0,10.0
2025,H0173,Jeion A. Ward,D,Environment and Conservation,Derived from LIS bill summary,67,53,6,59,YES,89.83050847457628,10.16949152542373
2025,H0177,David L. Bulova,D,Environment and Conservation,Derived from LIS bill summary,99,87,10,97,YES,89.69072164948454,10.309278350515463
2025,H0380,Atoosa R. Reaser,D,Environment and Conservation,Derived from LIS bill summary,57,51,6,57,YES,89.47368421052632,10.526315789473683
2025,H0360,Michael B. Feggans,D,Environment and Conservation,Derived from LIS bill summary,58,51,6,57,YES,89.47368421052632,10.526315789473683
2025,H0375,Adele Y. McClure,D,Environment and Conservation,Derived from LIS bill summary,56,50,6,56,YES,89.28571428571429,10.714285714285714
2025,H0351,Holly M. Seibold,D,Environment and Conservation,Derived from LIS bill summary,55,49,6,55,YES,89.0909090909091,10.909090909090908
2025,H0353,Bonita G. Anthony,D,Environment and Conservation,Derived from LIS bill summary,54,48,6,54,YES,88.88888888888889,11.11111111111111
2025,H0355,Laura Jane Cohen,D,Environment and Conservation,Derived from LIS bill summary,54,48,6,54,YES,88.88888888888889,11.11111111111111
2025,H0374,Marty Martinez,D,Environment and Conservation,Derived from LIS bill summary,51,45,6,51,YES,88.23529411764706,11.76470588235294
2025,H0314,Joshua G. Cole,D,Environment and Conservation,Derived from LIS bill summary,59,48,7,55,YES,87.27272727272727,12.727272727272727
2025,H0305,Kathy K.L. Tran,D,Environment and Conservation,Derived from LIS bill summary,84,73,11,84,YES,86.90476190476191,13.095238095238097
2025,H0385,JJ Singh,D,Environment and Conservation,Derived from LIS bill summary,54,46,7,53,YES,86.79245283018868,13.20754716981132
2025,H0212,Betsy B. Carr,D,Environment and Conservation,Derived from LIS bill summary,68,59,9,68,YES,86.76470588235294,13.23529411764706
2025,H0284,"Marcia S. ""Cia"" Price",D,Environment and Conservation,Derived from LIS bill summary,60,52,8,60,YES,86.66666666666667,13.333333333333334
2025,H0382,Joshua E. Thomas,D,Environment and Conservation,Derived from LIS bill summary,56,45,10,55,YES,81.81818181818183,18.181818181818183
2025,H0264,Marcus B. Simon,D,Environment and Conservation,Derived from LIS bill summary,58,47,11,58,YES,81.03448275862068,18.96551724137931
2025,H0206,Barry D. Knight,R,Environment and Conservation,Derived from LIS bill summary,55,8,2,10,YES,80.0,20.0
2025,H0150,"Daniel W. Marshall, III",R,Environment and Conservation,Derived from LIS bill summary,87,28,7,35,YES,80.0,20.0
2025,H0073,"Robert D. Orrock, Sr.",R,Environment and Conservation,Derived from LIS bill summary,75,55,15,70,YES,78.57142857142857,21.428571428571427
2025,H0267,"Robert S. Bloxom, Jr.",R,Environment and Conservation,Derived from LIS bill summary,107,81,26,107,YES,75.70093457943925,24.299065420560748
2025,H0259,"Hyland F. ""Buddy"" Fowler, Jr.",R,Environment and Conservation,Derived from LIS bill summary,83,62,20,82,YES,75.60975609756098,24.390243902439025
2025,H0369,Hillary Pugh Kent,R,Environment and Conservation,Derived from LIS bill summary,71,53,18,71,YES,74.64788732394366,25.352112676056336
2025,H0359,N. Baxter Ennis,R,Environment and Conservation,Derived from LIS bill summary,55,41,14,55,YES,74.54545454545455,25.454545454545453
2025,H0337,A.C. Cordoza,R,Environment and Conservation,Derived from LIS bill summary,51,37,14,51,YES,72.54901960784314,27.450980392156865
2025,H0379,David Owen,R,Environment and Conservation,Derived from LIS bill summary,53,38,15,53,YES,71.69811320754717,28.30188679245283
2025,H0124,R. Lee Ware,R,Environment and Conservation,Derived from LIS bill summary,94,67,27,94,YES,71.27659574468085,28.723404255319153
2025,H0373,Ian T. Lovejoy,R,Environment and Conservation,Derived from LIS bill summary,51,36,15,51,YES,70.58823529411765,29.411764705882355
2025,H0346,Kim A. Taylor,R,Environment and Conservation,Derived from LIS bill summary,55,38,16,54,YES,70.37037037037037,29.629629629629626
2025,H0363,W. Chad Green,R,Environment and Conservation,Derived from LIS bill summary,54,38,16,54,YES,70.37037037037037,29.629629629629626
2025,H0262,"James A. ""Jay"" Leftwich",R,Environment and Conservation,Derived from LIS bill summary,57,40,17,57,YES,70.17543859649122,29.82456140350877
2025,H0329,Bill Wiley,R,Environment and Conservation,Derived from LIS bill summary,63,44,19,63,YES,69.84126984126983,30.158730158730158
2025,H0315,Carrie E. Coyner,R,Environment and Conservation,Derived from LIS bill summary,66,37,16,53,YES,69.81132075471697,30.18867924528302
2025,H0253,Terry L. Austin,R,Environment and Conservation,Derived from LIS bill summary,63,43,20,63,YES,68.25396825396825,31.746031746031743
2025,H0231,Tony O. Wilt,R,Environment and Conservation,Derived from LIS bill summary,97,66,31,97,YES,68.04123711340206,31.958762886597935
2025,H0345,Anne Ferrell Tata,R,Environment and Conservation,Derived from LIS bill summary,64,43,21,64,YES,67.1875,32.8125
2025,H0378,Chris Obenshain,R,Environment and Conservation,Derived from LIS bill summary,51,34,17,51,YES,66.66666666666666,33.33333333333333
2025,H0247,Michael J. Webert,R,Environment and Conservation,Derived from LIS bill summary,104,66,33,99,YES,66.66666666666666,33.33333333333333
2025,H0328,Scott A. Wyatt,R,Environment and Conservation,Derived from LIS bill summary,60,39,20,59,YES,66.10169491525424,33.89830508474576
2025,H0367,Geary Higgins,R,Environment and Conservation,Derived from LIS bill summary,56,37,19,56,YES,66.07142857142857,33.92857142857143
2025,H0325,Wendell S. Walker,R,Environment and Conservation,Derived from LIS bill summary,56,37,19,56,YES,66.07142857142857,33.92857142857143
2025,H0376,Paul V. Milde,R,Environment and Conservation,Derived from LIS bill summary,51,33,17,50,YES,66.0,34.0
2025,H0321,Chris S. Runion,R,Environment and Conservation,Derived from LIS bill summary,97,63,33,96,YES,65.625,34.375
2025,H0384,Eric Phillips,R,Environment and Conservation,Derived from LIS bill summary,50,32,17,49,YES,65.3061224489796,34.69387755102041
2025,H0350,Ellen H. Campbell,R,Environment and Conservation,Derived from LIS bill summary,65,41,22,63,YES,65.07936507936508,34.92063492063492
2025,H0371,Amy J. Laufer,D,Family and Children,Derived from LIS bill description,9,9,0,9,INSUFFICIENT DATA,100.0,0.0
2025,H0345,Anne Ferrell Tata,R,Family and Children,Derived from LIS bill description,9,9,0,9,INSUFFICIENT DATA,100.0,0.0
2025,H0206,Barry D. Knight,R,Family and Children,Derived from LIS bill description,10,1,0,1,INSUFFICIENT DATA,100.0,0.0
2025,H0181,C. Todd Gilbert,R,Family and Children,Derived from LIS bill description,9,9,0,9,INSUFFICIENT DATA,100.0,0.0
2025,H0315,Carrie E. Coyner,R,Family and Children,Derived from LIS bill description,9,8,0,8,INSUFFICIENT DATA,100.0,0.0
2025,H0321,Chris S. Runion,R,Family and Children,Derived from LIS bill description,9,9,0,9,INSUFFICIENT DATA,100.0,0.0
2025,H0177,David L. Bulova,D,Family and Children,Derived from LIS bill description,9,9,0,9,INSUFFICIENT DATA,100.0,0.0
2025,H0207,Delores L. McQuinn,D,Family and Children,Derived from LIS bill description,10,6,0,6,INSUFFICIENT DATA,100.0,0.0
2025,H0334,Elizabeth B. Bennett-Parker,D,Family and Children,Derived from LIS bill description,9,9,0,9,INSUFFICIENT DATA,100.0,0.0
2025,H0350,Ellen H. Campbell,R,Family and Children,Derived from LIS bill description,9,8,0,8,INSUFFICIENT DATA,100.0,0.0
2025,H0369,Hillary Pugh Kent,R,Family and Children,Derived from LIS bill description,9,9,0,9,INSUFFICIENT DATA,100.0,0.0
2025,H0259,"Hyland F. ""Buddy"" Fowler, Jr.",R,Family and Children,Derived from LIS bill description,9,7,0,7,INSUFFICIENT DATA,100.0,0.0
2025,H0295,Kelly K. Convirs-Fowler,D,Family and Children,Derived from LIS bill description,9,9,0,9,INSUFFICIENT DATA,100.0,0.0
2025,H0227,Luke E. Torian,D,Family and Children,Derived from LIS bill description,9,9,0,9,INSUFFICIENT DATA,100.0,0.0
2025,H0281,Paul E. Krizek,D,Family and Children,Derived from LIS bill description,9,9,0,9,INSUFFICIENT DATA,100.0,0.0
2025,H0376,Paul V. Milde,R,Family and Children,Derived from LIS bill description,10,9,0,9,INSUFFICIENT DATA,100.0,0.0
2025,H0124,R. Lee Ware,R,Family and Children,Derived from LIS bill description,9,9,0,9,INSUFFICIENT DATA,100.0,0.0
2025,H0267,"Robert S. Bloxom, Jr.",R,Family and Children,Derived from LIS bill description,9,9,0,9,INSUFFICIENT DATA,100.0,0.0
2025,H0362,"Thomas A. Garrett, Jr.",R,Family and Children,Derived from LIS bill description,9,8,0,8,INSUFFICIENT DATA,100.0,0.0
2025,H0363,W. Chad Green,R,Family and Children,Derived from LIS bill description,9,9,0,9,INSUFFICIENT DATA,100.0,0.0
2025,H0322,Don Scott,D,Family and Children,Derived from LIS bill description,9,8,1,9,INSUFFICIENT DATA,88.88888888888889,11.11111111111111
2025,H0224,James W. Morefield,R,Family and Children,Derived from LIS bill description,9,8,1,9,INSUFFICIENT DATA,88.88888888888889,11.11111111111111
2025,H0279,Nicholas J. Freitas,R,Family and Children,Derived from LIS bill description,10,8,1,9,INSUFFICIENT DATA,88.88888888888889,11.11111111111111
2025,H0323,Shelly A. Simonds,D,Family and Children,Derived from LIS bill description,9,8,1,9,INSUFFICIENT DATA,88.88888888888889,11.11111111111111
2025,H0311,Alex Q. Askew,D,Family and Children,Derived from LIS bill description,9,7,1,8,INSUFFICIENT DATA,87.5,12.5
2025,H0372,Destiny LeVere Bolling,D,Family and Children,Derived from LIS bill description,9,6,1,7,INSUFFICIENT DATA,85.71428571428571,14.285714285714285
2025,H0150,"Daniel W. Marshall, III",R,Family and Children,Derived from LIS bill description,9,0,0,0,INSUFFICIENT DATA,0.0,0.0
2025,H0313,Amanda E. Batten,R,Family and Children,Derived from LIS bill summary,113,73,40,113,MIXED,64.60176991150442,35.39823008849557
2025,H0321,Chris S. Runion,R,Family and Children,Derived from LIS bill summary,70,45,25,70,MIXED,64.28571428571429,35.714285714285715
2025,H0329,Bill Wiley,R,Family and Children,Derived from LIS bill summary,73,46,27,73,MIXED,63.013698630136986,36.986301369863014
2025,H0231,Tony O. Wilt,R,Family and Children,Derived from LIS bill summary,71,44,27,71,MIXED,61.97183098591549,38.028169014084504
2025,H0259,"Hyland F. ""Buddy"" Fowler, Jr.",R,Family and Children,Derived from LIS bill summary,66,39,24,63,MIXED,61.904761904761905,38.095238095238095
2025,H0308,Joseph P. McNamara,R,Family and Children,Derived from LIS bill summary,76,47,29,76,MIXED,61.8421052631579,38.15789473684211
2025,H0377,Delores Oates,R,Family and Children,Derived from LIS bill summary,71,41,28,69,MIXED,59.42028985507246,40.57971014492754
2025,H0247,Michael J. Webert,R,Family and Children,Derived from LIS bill summary,71,41,28,69,MIXED,59.42028985507246,40.57971014492754
2025,H0181,C. Todd Gilbert,R,Family and Children,Derived from LIS bill summary,68,38,27,65,MIXED,58.46153846153847,41.53846153846154
2025,H0124,R. Lee Ware,R,Family and Children,Derived from LIS bill summary,66,38,27,65,MIXED,58.46153846153847,41.53846153846154
2025,H0342,Phillip A. Scott,R,Family and Children,Derived from LIS bill summary,102,57,42,99,MIXED,57.57575757575758,42.42424242424242
2025,H0136,"Thomas C. Wright, Jr.",R,Family and Children,Derived from LIS bill summary,66,30,24,54,MIXED,55.55555555555556,44.44444444444444
2025,H0362,"Thomas A. Garrett, Jr.",R,Family and Children,Derived from LIS bill summary,90,43,37,80,MIXED,53.75,46.25
2025,H0150,"Daniel W. Marshall, III",R,Family and Children,Derived from LIS bill summary,79,8,7,15,MIXED,53.333333333333336,46.666666666666664
2025,H0279,Nicholas J. Freitas,R,Family and Children,Derived from LIS bill summary,95,48,43,91,MIXED,52.74725274725275,47.25274725274725
2025,H0364,Timothy P. Griffin,R,Family and Children,Derived from LIS bill summary,67,35,32,67,MIXED,52.23880597014925,47.76119402985074
2025,H0383,Eric R. Zehr,R,Family and Children,Derived from LIS bill summary,90,46,43,89,MIXED,51.68539325842697,48.31460674157304
2025,H0337,A.C. Cordoza,R,Family and Children,Derived from LIS bill description,15,15,0,15,YES,100.0,0.0
2025,H0239,Alfonso H. Lopez,D,Family and Children,Derived from LIS bill description,12,12,0,12,YES,100.0,0.0
2025,H0313,Amanda E. Batten,R,Family and Children,Derived from LIS bill description,15,15,0,15,YES,100.0,0.0
2025,H0380,Atoosa R. Reaser,D,Family and Children,Derived from LIS bill description,13,13,0,13,YES,100.0,0.0
2025,H0212,Betsy B. Carr,D,Family and Children,Derived from LIS bill description,10,10,0,10,YES,100.0,0.0
2025,H0329,Bill Wiley,R,Family and Children,Derived from LIS bill description,10,10,0,10,YES,100.0,0.0
2025,H0285,"C.E. Cliff Hayes, Jr.",D,Family and Children,Derived from LIS bill description,14,13,0,13,YES,100.0,0.0
2025,H0208,Charniele L. Herring,D,Family and Children,Derived from LIS bill description,12,12,0,12,YES,100.0,0.0
2025,H0378,Chris Obenshain,R,Family and Children,Derived from LIS bill description,13,13,0,13,YES,100.0,0.0
2025,H0317,Dan I. Helmer,D,Family and Children,Derived from LIS bill description,10,10,0,10,YES,100.0,0.0
2025,H0301,David A. Reid,D,Family and Children,Derived from LIS bill description,10,10,0,10,YES,100.0,0.0
2025,H0379,David Owen,R,Family and Children,Derived from LIS bill description,13,13,0,13,YES,100.0,0.0
2025,H0377,Delores Oates,R,Family and Children,Derived from LIS bill description,10,10,0,10,YES,100.0,0.0
2025,H0384,Eric Phillips,R,Family and Children,Derived from LIS bill description,10,10,0,10,YES,100.0,0.0
2025,H0367,Geary Higgins,R,Family and Children,Derived from LIS bill description,15,15,0,15,YES,100.0,0.0
2025,H0347,"H. Otto Wachsmann, Jr.",R,Family and Children,Derived from LIS bill description,14,14,0,14,YES,100.0,0.0
2025,H0351,Holly M. Seibold,D,Family and Children,Derived from LIS bill description,13,13,0,13,YES,100.0,0.0
2025,H0373,Ian T. Lovejoy,R,Family and Children,Derived from LIS bill description,10,10,0,10,YES,100.0,0.0
2025,H0242,Israel D. O'Quinn,R,Family and Children,Derived from LIS bill description,10,10,0,10,YES,100.0,0.0
2025,H0385,JJ Singh,D,Family and Children,Derived from LIS bill description,15,15,0,15,YES,100.0,0.0
2025,H0262,"James A. ""Jay"" Leftwich",R,Family and Children,Derived from LIS bill description,13,13,0,13,YES,100.0,0.0
2025,H0333,Jason S. Ballard,R,Family and Children,Derived from LIS bill description,14,14,0,14,YES,100.0,0.0
2025,H0352,"Jonathan ""Jed"" Arnold",R,Family and Children,Derived from LIS bill description,12,11,0,11,YES,100.0,0.0
2025,H0308,Joseph P. McNamara,R,Family and Children,Derived from LIS bill description,10,10,0,10,YES,100.0,0.0
2025,H0382,Joshua E. Thomas,D,Family and Children,Derived from LIS bill description,15,15,0,15,YES,100.0,0.0
2025,H0294,Karrie K. Delaney,D,Family and Children,Derived from LIS bill description,14,14,0,14,YES,100.0,0.0
2025,H0305,Kathy K.L. Tran,D,Family and Children,Derived from LIS bill description,15,15,0,15,YES,100.0,0.0
2025,H0354,Katrina Callsen,D,Family and Children,Derived from LIS bill description,13,13,0,13,YES,100.0,0.0
2025,H0346,Kim A. Taylor,R,Family and Children,Derived from LIS bill description,14,13,0,13,YES,100.0,0.0
2025,H0355,Laura Jane Cohen,D,Family and Children,Derived from LIS bill description,10,10,0,10,YES,100.0,0.0
2025,H0238,M. Keith Hodges,R,Family and Children,Derived from LIS bill description,14,14,0,14,YES,100.0,0.0
2025,H0264,Marcus B. Simon,D,Family and Children,Derived from LIS bill description,15,14,0,14,YES,100.0,0.0
2025,H0172,Mark D. Sickles,D,Family and Children,Derived from LIS bill description,15,12,0,12,YES,100.0,0.0
2025,H0358,"Mark L. Earley, Jr.",R,Family and Children,Derived from LIS bill description,13,13,0,13,YES,100.0,0.0
2025,H0374,Marty Martinez,D,Family and Children,Derived from LIS bill description,10,10,0,10,YES,100.0,0.0
2025,H0335,Mike A. Cherry,R,Family and Children,Derived from LIS bill description,12,12,0,12,YES,100.0,0.0
2025,H0359,N. Baxter Ennis,R,Family and Children,Derived from LIS bill description,13,13,0,13,YES,100.0,0.0
2025,H0219,Patrick A. Hope,D,Family and Children,Derived from LIS bill description,18,16,0,16,YES,100.0,0.0
2025,H0366,Phil M. Hernandez,D,Family and Children,Derived from LIS bill description,13,13,0,13,YES,100.0,0.0
2025,H0269,"Richard C. ""Rip"" Sullivan, Jr.",D,Family and Children,Derived from LIS bill description,13,13,0,13,YES,100.0,0.0
2025,H0073,"Robert D. Orrock, Sr.",R,Family and Children,Derived from LIS bill description,15,15,0,15,YES,100.0,0.0
2025,H0327,Rodney T. Willett,D,Family and Children,Derived from LIS bill description,12,12,0,12,YES,100.0,0.0
2025,H0328,Scott A. Wyatt,R,Family and Children,Derived from LIS bill description,10,10,0,10,YES,100.0,0.0
2025,H0056,Terry G. Kilgore,R,Family and Children,Derived from LIS bill description,13,13,0,13,YES,100.0,0.0
2025,H0253,Terry L. Austin,R,Family and Children,Derived from LIS bill description,10,10,0,10,YES,100.0,0.0
2025,H0136,"Thomas C. Wright, Jr.",R,Family and Children,Derived from LIS bill description,11,11,0,11,YES,100.0,0.0
2025,H0231,Tony O. Wilt,R,Family and Children,Derived from LIS bill description,11,11,0,11,YES,100.0,0.0
2025,H0108,Vivian E. Watts,D,Family and Children,Derived from LIS bill description,14,14,0,14,YES,100.0,0.0
2025,H0325,Wendell S. Walker,R,Family and Children,Derived from LIS bill description,15,15,0,15,YES,100.0,0.0
2025,H0357,Will Davis,R,Family and Children,Derived from LIS bill description,12,12,0,12,YES,100.0,0.0
2025,H0348,Wren M. Williams,R,Family and Children,Derived from LIS bill description,14,14,0,14,YES,100.0,0.0
2025,H0207,Delores L. McQuinn,D,Family and Children,Derived from LIS bill summary,103,87,3,90,YES,96.66666666666667,3.3333333333333335
2025,H0323,Shelly A. Simonds,D,Family and Children,Derived from LIS bill summary,121,112,4,116,YES,96.55172413793103,3.4482758620689653
2025,H0266,Sam Rasoul,D,Family and Children,Derived from LIS bill summary,136,111,4,115,YES,96.52173913043478,3.4782608695652173
2025,H0108,Vivian E. Watts,D,Family and Children,Derived from LIS bill summary,86,83,3,86,YES,96.51162790697676,3.488372093023256
2025,H0356,Rae Cousins,D,Family and Children,Derived from LIS bill summary,139,133,5,138,YES,96.37681159420289,3.6231884057971016
2025,H0343,Briana D. Sewell,D,Family and Children,Derived from LIS bill summary,110,104,4,108,YES,96.29629629629629,3.7037037037037033
2025,H0372,Destiny LeVere Bolling,D,Family and Children,Derived from LIS bill summary,119,103,4,107,YES,96.26168224299066,3.7383177570093453
2025,H0311,Alex Q. Askew,D,Family and Children,Derived from LIS bill summary,135,127,5,132,YES,96.21212121212122,3.787878787878788
2025,H0355,Laura Jane Cohen,D,Family and Children,Derived from LIS bill summary,99,95,4,99,YES,95.95959595959596,4.040404040404041
2025,H0380,Atoosa R. Reaser,D,Family and Children,Derived from LIS bill summary,145,137,6,143,YES,95.8041958041958,4.195804195804196
2025,H0382,Joshua E. Thomas,D,Family and Children,Derived from LIS bill summary,95,90,4,94,YES,95.74468085106383,4.25531914893617
2025,H0269,"Richard C. ""Rip"" Sullivan, Jr.",D,Family and Children,Derived from LIS bill summary,99,88,4,92,YES,95.65217391304348,4.3478260869565215
2025,H0371,Amy J. Laufer,D,Family and Children,Derived from LIS bill summary,91,86,4,90,YES,95.55555555555556,4.444444444444445
2025,H0354,Katrina Callsen,D,Family and Children,Derived from LIS bill summary,88,84,4,88,YES,95.45454545454545,4.545454545454546
2025,H0172,Mark D. Sickles,D,Family and Children,Derived from LIS bill summary,98,82,4,86,YES,95.34883720930233,4.651162790697675
2025,H0340,Michelle Lopes Maldonado,D,Family and Children,Derived from LIS bill summary,84,80,4,84,YES,95.23809523809523,4.761904761904762
2025,H0294,Karrie K. Delaney,D,Family and Children,Derived from LIS bill summary,85,79,4,83,YES,95.18072289156626,4.819277108433735
2025,H0366,Phil M. Hernandez,D,Family and Children,Derived from LIS bill summary,82,78,4,82,YES,95.1219512195122,4.878048780487805
2025,H0219,Patrick A. Hope,D,Family and Children,Derived from LIS bill summary,112,97,5,102,YES,95.09803921568627,4.901960784313726
2025,H0344,Irene Shin,D,Family and Children,Derived from LIS bill summary,97,92,5,97,YES,94.84536082474226,5.154639175257731
2025,H0212,Betsy B. Carr,D,Family and Children,Derived from LIS bill summary,77,73,4,77,YES,94.8051948051948,5.194805194805195
2025,H0177,David L. Bulova,D,Family and Children,Derived from LIS bill summary,77,72,4,76,YES,94.73684210526315,5.263157894736842
2025,H0330,Candi Mundon King,D,Family and Children,Derived from LIS bill summary,78,70,4,74,YES,94.5945945945946,5.405405405405405
2025,H0281,Paul E. Krizek,D,Family and Children,Derived from LIS bill summary,74,70,4,74,YES,94.5945945945946,5.405405405405405
2025,H0239,Alfonso H. Lopez,D,Family and Children,Derived from LIS bill summary,74,69,4,73,YES,94.52054794520548,5.47945205479452
2025,H0317,Dan I. Helmer,D,Family and Children,Derived from LIS bill summary,73,69,4,73,YES,94.52054794520548,5.47945205479452
2025,H0301,David A. Reid,D,Family and Children,Derived from LIS bill summary,73,69,4,73,YES,94.52054794520548,5.47945205479452
2025,H0360,Michael B. Feggans,D,Family and Children,Derived from LIS bill summary,73,68,4,72,YES,94.44444444444444,5.555555555555555
2025,H0351,Holly M. Seibold,D,Family and Children,Derived from LIS bill summary,71,67,4,71,YES,94.36619718309859,5.633802816901409
2025,H0173,Jeion A. Ward,D,Family and Children,Derived from LIS bill summary,74,67,4,71,YES,94.36619718309859,5.633802816901409
2025,H0375,Adele Y. McClure,D,Family and Children,Derived from LIS bill summary,71,66,4,70,YES,94.28571428571428,5.714285714285714
2025,H0374,Marty Martinez,D,Family and Children,Derived from LIS bill summary,70,65,4,69,YES,94.20289855072464,5.797101449275362
2025,H0327,Rodney T. Willett,D,Family and Children,Derived from LIS bill summary,86,81,5,86,YES,94.18604651162791,5.813953488372093
2025,H0353,Bonita G. Anthony,D,Family and Children,Derived from LIS bill summary,68,64,4,68,YES,94.11764705882352,5.88235294117647
2025,H0344,Irene Shin,D,Family and Children,Derived from LIS bill description,17,16,1,17,YES,94.11764705882352,5.88235294117647
2025,H0349,Jackie H. Glass,D,Family and Children,Derived from LIS bill summary,68,64,4,68,YES,94.11764705882352,5.88235294117647
2025,H0368,Michael J. Jones,D,Family and Children,Derived from LIS bill summary,71,64,4,68,YES,94.11764705882352,5.88235294117647
2025,H0322,Don Scott,D,Family and Children,Derived from LIS bill summary,65,60,4,64,YES,93.75,6.25
2025,H0264,Marcus B. Simon,D,Family and Children,Derived from LIS bill summary,98,90,6,96,YES,93.75,6.25
2025,H0365,"Rozia A. Henson, Jr.",D,Family and Children,Derived from LIS bill description,16,15,1,16,YES,93.75,6.25
2025,H0385,JJ Singh,D,Family and Children,Derived from LIS bill summary,83,73,5,78,YES,93.58974358974359,6.41025641025641
2025,H0361,Debra D. Gardner,D,Family and Children,Derived from LIS bill description,15,14,1,15,YES,93.33333333333333,6.666666666666667
2025,H0336,Nadarius E. Clark,D,Family and Children,Derived from LIS bill summary,94,84,6,90,YES,93.33333333333333,6.666666666666667
2025,H0227,Luke E. Torian,D,Family and Children,Derived from LIS bill summary,81,67,5,72,YES,93.05555555555556,6.944444444444445
2025,H0334,Elizabeth B. Bennett-Parker,D,Family and Children,Derived from LIS bill summary,73,66,5,71,YES,92.95774647887323,7.042253521126761
2025,H0340,Michelle Lopes Maldonado,D,Family and Children,Derived from LIS bill description,14,13,1,14,YES,92.85714285714286,7.142857142857142
2025,H0356,Rae Cousins,D,Family and Children,Derived from LIS bill description,14,13,1,14,YES,92.85714285714286,7.142857142857142
2025,H0285,"C.E. Cliff Hayes, Jr.",D,Family and Children,Derived from LIS bill summary,89,77,6,83,YES,92.7710843373494,7.228915662650602
2025,H0208,Charniele L. Herring,D,Family and Children,Derived from LIS bill summary,84,77,6,83,YES,92.7710843373494,7.228915662650602
2025,H0295,Kelly K. Convirs-Fowler,D,Family and Children,Derived from LIS bill summary,97,87,7,94,YES,92.5531914893617,7.446808510638298
2025,H0361,Debra D. Gardner,D,Family and Children,Derived from LIS bill summary,91,84,7,91,YES,92.3076923076923,7.6923076923076925
2025,H0349,Jackie H. Glass,D,Family and Children,Derived from LIS bill description,12,11,1,12,YES,91.66666666666666,8.333333333333332
2025,H0173,Jeion A. Ward,D,Family and Children,Derived from LIS bill description,12,11,1,12,YES,91.66666666666666,8.333333333333332
2025,H0314,Joshua G. Cole,D,Family and Children,Derived from LIS bill description,12,11,1,12,YES,91.66666666666666,8.333333333333332
2025,H0314,Joshua G. Cole,D,Family and Children,Derived from LIS bill summary,79,66,6,72,YES,91.66666666666666,8.333333333333332
2025,H0284,"Marcia S. ""Cia"" Price",D,Family and Children,Derived from LIS bill description,12,11,1,12,YES,91.66666666666666,8.333333333333332
2025,H0330,Candi Mundon King,D,Family and Children,Derived from LIS bill description,11,10,1,11,YES,90.9090909090909,9.090909090909092
2025,H0360,Michael B. Feggans,D,Family and Children,Derived from LIS bill description,11,10,1,11,YES,90.9090909090909,9.090909090909092
2025,H0336,Nadarius E. Clark,D,Family and Children,Derived from LIS bill description,11,10,1,11,YES,90.9090909090909,9.090909090909092
2025,H0342,Phillip A. Scott,R,Family and Children,Derived from LIS bill description,12,10,1,11,YES,90.9090909090909,9.090909090909092
2025,H0305,Kathy K.L. Tran,D,Family and Children,Derived from LIS bill summary,85,77,8,85,YES,90.58823529411765,9.411764705882353
2025,H0370,Karen Keys-Gamarra,D,Family and Children,Derived from LIS bill summary,93,84,9,93,YES,90.32258064516128,9.67741935483871
2025,H0375,Adele Y. McClure,D,Family and Children,Derived from LIS bill description,11,9,1,10,YES,90.0,10.0
2025,H0353,Bonita G. Anthony,D,Family and Children,Derived from LIS bill description,10,9,1,10,YES,90.0,10.0
2025,H0343,Briana D. Sewell,D,Family and Children,Derived from LIS bill description,10,9,1,10,YES,90.0,10.0
2025,H0383,Eric R. Zehr,R,Family and Children,Derived from LIS bill description,10,9,1,10,YES,90.0,10.0
2025,H0368,Michael J. Jones,D,Family and Children,Derived from LIS bill description,10,9,1,10,YES,90.0,10.0
2025,H0247,Michael J. Webert,R,Family and Children,Derived from LIS bill description,10,9,1,10,YES,90.0,10.0
2025,H0364,Timothy P. Griffin,R,Family and Children,Derived from LIS bill description,12,9,1,10,YES,90.0,10.0
2025,H0284,"Marcia S. ""Cia"" Price",D,Family and Children,Derived from LIS bill summary,80,70,8,78,YES,89.74358974358975,10.256410256410255
2025,H0365,"Rozia A. Henson, Jr.",D,Family and Children,Derived from LIS bill summary,86,76,10,86,YES,88.37209302325581,11.627906976744185
2025,H0266,Sam Rasoul,D,Family and Children,Derived from LIS bill description,11,9,2,11,YES,81.81818181818183,18.181818181818183
2025,H0359,N. Baxter Ennis,R,Family and Children,Derived from LIS bill summary,110,88,21,109,YES,80.73394495412845,19.26605504587156
2025,H0370,Karen Keys-Gamarra,D,Family and Children,Derived from LIS bill description,14,11,3,14,YES,78.57142857142857,21.428571428571427
2025,H0206,Barry D. Knight,R,Family and Children,Derived from LIS bill summary,70,25,7,32,YES,78.125,21.875
2025,H0073,"Robert D. Orrock, Sr.",R,Family and Children,Derived from LIS bill summary,87,64,19,83,YES,77.10843373493977,22.89156626506024
2025,H0346,Kim A. Taylor,R,Family and Children,Derived from LIS bill summary,82,56,17,73,YES,76.71232876712328,23.28767123287671
2025,H0379,David Owen,R,Family and Children,Derived from LIS bill summary,79,60,19,79,YES,75.9493670886076,24.050632911392405
2025,H0315,Carrie E. Coyner,R,Family and Children,Derived from LIS bill summary,131,91,30,121,YES,75.20661157024794,24.793388429752067
2025,H0333,Jason S. Ballard,R,Family and Children,Derived from LIS bill summary,97,72,24,96,YES,75.0,25.0
2025,H0363,W. Chad Green,R,Family and Children,Derived from LIS bill summary,115,86,29,115,YES,74.78260869565217,25.217391304347824
2025,H0056,Terry G. Kilgore,R,Family and Children,Derived from LIS bill summary,96,69,24,93,YES,74.19354838709677,25.806451612903224
2025,H0347,"H. Otto Wachsmann, Jr.",R,Family and Children,Derived from LIS bill summary,81,60,21,81,YES,74.07407407407408,25.925925925925924
2025,H0345,Anne Ferrell Tata,R,Family and Children,Derived from LIS bill summary,100,73,26,99,YES,73.73737373737373,26.262626262626267
2025,H0224,James W. Morefield,R,Family and Children,Derived from LIS bill summary,76,55,21,76,YES,72.36842105263158,27.631578947368425
2025,H0358,"Mark L. Earley, Jr.",R,Family and Children,Derived from LIS bill summary,78,56,22,78,YES,71.7948717948718,28.205128205128204
2025,H0238,M. Keith Hodges,R,Family and Children,Derived from LIS bill summary,93,66,26,92,YES,71.73913043478261,28.26086956521739
2025,H0378,Chris Obenshain,R,Family and Children,Derived from LIS bill summary,80,57,23,80,YES,71.25,28.749999999999996
2025,H0335,Mike A. Cherry,R,Family and Children,Derived from LIS bill summary,125,87,36,123,YES,70.73170731707317,29.268292682926827
2025,H0367,Geary Higgins,R,Family and Children,Derived from LIS bill summary,86,60,25,85,YES,70.58823529411765,29.411764705882355
2025,H0262,"James A. ""Jay"" Leftwich",R,Family and Children,Derived from LIS bill summary,92,64,27,91,YES,70.32967032967034,29.67032967032967
2025,H0337,A.C. Cordoza,R,Family and Children,Derived from LIS bill summary,85,59,25,84,YES,70.23809523809523,29.761904761904763
2025,H0325,Wendell S. Walker,R,Family and Children,Derived from LIS bill summary,84,59,25,84,YES,70.23809523809523,29.761904761904763
2025,H0373,Ian T. Lovejoy,R,Family and Children,Derived from LIS bill summary,70,49,21,70,YES,70.0,30.0
2025,H0350,Ellen H. Campbell,R,Family and Children,Derived from LIS bill summary,83,55,24,79,YES,69.62025316455697,30.37974683544304
2025,H0253,Terry L. Austin,R,Family and Children,Derived from LIS bill summary,73,50,22,72,YES,69.44444444444444,30.555555555555557
2025,H0242,Israel D. O'Quinn,R,Family and Children,Derived from LIS bill summary,69,47,21,68,YES,69.11764705882352,30.88235294117647
2025,H0267,"Robert S. Bloxom, Jr.",R,Family and Children,Derived from LIS bill summary,74,51,23,74,YES,68.91891891891892,31.08108108108108
2025,H0369,Hillary Pugh Kent,R,Family and Children,Derived from LIS bill summary,65,44,20,64,YES,68.75,31.25
2025,H0352,"Jonathan ""Jed"" Arnold",R,Family and Children,Derived from LIS bill summary,78,51,25,76,YES,67.10526315789474,32.89473684210527
2025,H0348,Wren M. Williams,R,Family and Children,Derived from LIS bill summary,86,57,28,85,YES,67.05882352941175,32.94117647058823
2025,H0328,Scott A. Wyatt,R,Family and Children,Derived from LIS bill summary,76,50,25,75,YES,66.66666666666666,33.33333333333333
2025,H0357,Will Davis,R,Family and Children,Derived from LIS bill summary,78,52,26,78,YES,66.66666666666666,33.33333333333333
2025,H0376,Paul V. Milde,R,Family and Children,Derived from LIS bill summary,65,41,21,62,YES,66.12903225806451,33.87096774193548
2025,H0384,Eric Phillips,R,Family and Children,Derived from LIS bill summary,67,43,23,66,YES,65.15151515151516,34.84848484848485
2025,H0375,Adele Y. McClure,D,Financial Institutions and Services,Derived from LIS bill summary,3,3,0,3,INSUFFICIENT DATA,100.0,0.0
2025,H0311,Alex Q. Askew,D,Financial Institutions and Services,Derived from LIS bill summary,3,3,0,3,INSUFFICIENT DATA,100.0,0.0
2025,H0239,Alfonso H. Lopez,D,Financial Institutions and Services,Derived from LIS bill summary,5,5,0,5,INSUFFICIENT DATA,100.0,0.0
2025,H0371,Amy J. Laufer,D,Financial Institutions and Services,Derived from LIS bill summary,3,3,0,3,INSUFFICIENT DATA,100.0,0.0
2025,H0380,Atoosa R. Reaser,D,Financial Institutions and Services,Derived from LIS bill summary,3,3,0,3,INSUFFICIENT DATA,100.0,0.0
2025,H0212,Betsy B. Carr,D,Financial Institutions and Services,Derived from LIS bill summary,3,3,0,3,INSUFFICIENT DATA,100.0,0.0
2025,H0353,Bonita G. Anthony,D,Financial Institutions and Services,Derived from LIS bill summary,3,3,0,3,INSUFFICIENT DATA,100.0,0.0
2025,H0343,Briana D. Sewell,D,Financial Institutions and Services,Derived from LIS bill summary,3,3,0,3,INSUFFICIENT DATA,100.0,0.0
2025,H0285,"C.E. Cliff Hayes, Jr.",D,Financial Institutions and Services,Derived from LIS bill summary,3,3,0,3,INSUFFICIENT DATA,100.0,0.0
2025,H0330,Candi Mundon King,D,Financial Institutions and Services,Derived from LIS bill summary,5,5,0,5,INSUFFICIENT DATA,100.0,0.0
2025,H0208,Charniele L. Herring,D,Financial Institutions and Services,Derived from LIS bill summary,5,5,0,5,INSUFFICIENT DATA,100.0,0.0
2025,H0317,Dan I. Helmer,D,Financial Institutions and Services,Derived from LIS bill summary,5,5,0,5,INSUFFICIENT DATA,100.0,0.0
2025,H0301,David A. Reid,D,Financial Institutions and Services,Derived from LIS bill summary,3,3,0,3,INSUFFICIENT DATA,100.0,0.0
2025,H0177,David L. Bulova,D,Financial Institutions and Services,Derived from LIS bill summary,3,3,0,3,INSUFFICIENT DATA,100.0,0.0
2025,H0361,Debra D. Gardner,D,Financial Institutions and Services,Derived from LIS bill summary,3,3,0,3,INSUFFICIENT DATA,100.0,0.0
2025,H0207,Delores L. McQuinn,D,Financial Institutions and Services,Derived from LIS bill summary,3,2,0,2,INSUFFICIENT DATA,100.0,0.0
2025,H0372,Destiny LeVere Bolling,D,Financial Institutions and Services,Derived from LIS bill summary,8,8,0,8,INSUFFICIENT DATA,100.0,0.0
2025,H0322,Don Scott,D,Financial Institutions and Services,Derived from LIS bill summary,3,3,0,3,INSUFFICIENT DATA,100.0,0.0
2025,H0334,Elizabeth B. Bennett-Parker,D,Financial Institutions and Services,Derived from LIS bill summary,3,3,0,3,INSUFFICIENT DATA,100.0,0.0
2025,H0351,Holly M. Seibold,D,Financial Institutions and Services,Derived from LIS bill summary,3,3,0,3,INSUFFICIENT DATA,100.0,0.0
2025,H0344,Irene Shin,D,Financial Institutions and Services,Derived from LIS bill summary,8,8,0,8,INSUFFICIENT DATA,100.0,0.0
2025,H0385,JJ Singh,D,Financial Institutions and Services,Derived from LIS bill summary,3,3,0,3,INSUFFICIENT DATA,100.0,0.0
2025,H0349,Jackie H. Glass,D,Financial Institutions and Services,Derived from LIS bill summary,3,3,0,3,INSUFFICIENT DATA,100.0,0.0
2025,H0173,Jeion A. Ward,D,Financial Institutions and Services,Derived from LIS bill summary,8,5,0,5,INSUFFICIENT DATA,100.0,0.0
2025,H0382,Joshua E. Thomas,D,Financial Institutions and Services,Derived from LIS bill summary,3,3,0,3,INSUFFICIENT DATA,100.0,0.0
2025,H0314,Joshua G. Cole,D,Financial Institutions and Services,Derived from LIS bill summary,3,3,0,3,INSUFFICIENT DATA,100.0,0.0
2025,H0370,Karen Keys-Gamarra,D,Financial Institutions and Services,Derived from LIS bill summary,3,3,0,3,INSUFFICIENT DATA,100.0,0.0
2025,H0294,Karrie K. Delaney,D,Financial Institutions and Services,Derived from LIS bill summary,3,3,0,3,INSUFFICIENT DATA,100.0,0.0
2025,H0305,Kathy K.L. Tran,D,Financial Institutions and Services,Derived from LIS bill summary,3,3,0,3,INSUFFICIENT DATA,100.0,0.0
2025,H0354,Katrina Callsen,D,Financial Institutions and Services,Derived from LIS bill summary,3,3,0,3,INSUFFICIENT DATA,100.0,0.0
2025,H0295,Kelly K. Convirs-Fowler,D,Financial Institutions and Services,Derived from LIS bill summary,5,5,0,5,INSUFFICIENT DATA,100.0,0.0
2025,H0355,Laura Jane Cohen,D,Financial Institutions and Services,Derived from LIS bill summary,3,3,0,3,INSUFFICIENT DATA,100.0,0.0
2025,H0227,Luke E. Torian,D,Financial Institutions and Services,Derived from LIS bill summary,3,3,0,3,INSUFFICIENT DATA,100.0,0.0
2025,H0284,"Marcia S. ""Cia"" Price",D,Financial Institutions and Services,Derived from LIS bill summary,3,3,0,3,INSUFFICIENT DATA,100.0,0.0
2025,H0264,Marcus B. Simon,D,Financial Institutions and Services,Derived from LIS bill summary,3,3,0,3,INSUFFICIENT DATA,100.0,0.0
2025,H0172,Mark D. Sickles,D,Financial Institutions and Services,Derived from LIS bill summary,3,3,0,3,INSUFFICIENT DATA,100.0,0.0
2025,H0374,Marty Martinez,D,Financial Institutions and Services,Derived from LIS bill summary,3,3,0,3,INSUFFICIENT DATA,100.0,0.0
2025,H0360,Michael B. Feggans,D,Financial Institutions and Services,Derived from LIS bill summary,5,5,0,5,INSUFFICIENT DATA,100.0,0.0
2025,H0368,Michael J. Jones,D,Financial Institutions and Services,Derived from LIS bill summary,5,5,0,5,INSUFFICIENT DATA,100.0,0.0
2025,H0340,Michelle Lopes Maldonado,D,Financial Institutions and Services,Derived from LIS bill summary,8,8,0,8,INSUFFICIENT DATA,100.0,0.0
2025,H0336,Nadarius E. Clark,D,Financial Institutions and Services,Derived from LIS bill summary,3,3,0,3,INSUFFICIENT DATA,100.0,0.0
2025,H0219,Patrick A. Hope,D,Financial Institutions and Services,Derived from LIS bill summary,3,3,0,3,INSUFFICIENT DATA,100.0,0.0
2025,H0281,Paul E. Krizek,D,Financial Institutions and Services,Derived from LIS bill summary,3,3,0,3,INSUFFICIENT DATA,100.0,0.0
2025,H0366,Phil M. Hernandez,D,Financial Institutions and Services,Derived from LIS bill summary,3,3,0,3,INSUFFICIENT DATA,100.0,0.0
2025,H0356,Rae Cousins,D,Financial Institutions and Services,Derived from LIS bill summary,3,3,0,3,INSUFFICIENT DATA,100.0,0.0
2025,H0269,"Richard C. ""Rip"" Sullivan, Jr.",D,Financial Institutions and Services,Derived from LIS bill summary,8,8,0,8,INSUFFICIENT DATA,100.0,0.0
2025,H0327,Rodney T. Willett,D,Financial Institutions and Services,Derived from LIS bill summary,3,3,0,3,INSUFFICIENT DATA,100.0,0.0
2025,H0365,"Rozia A. Henson, Jr.",D,Financial Institutions and Services,Derived from LIS bill summary,3,3,0,3,INSUFFICIENT DATA,100.0,0.0
2025,H0266,Sam Rasoul,D,Financial Institutions and Services,Derived from LIS bill summary,3,3,0,3,INSUFFICIENT DATA,100.0,0.0
2025,H0323,Shelly A. Simonds,D,Financial Institutions and Services,Derived from LIS bill summary,3,3,0,3,INSUFFICIENT DATA,100.0,0.0
2025,H0108,Vivian E. Watts,D,Financial Institutions and Services,Derived from LIS bill summary,3,3,0,3,INSUFFICIENT DATA,100.0,0.0
2025,H0337,A.C. Cordoza,R,Financial Institutions and Services,Derived from LIS bill summary,3,2,1,3,INSUFFICIENT DATA,66.66666666666666,33.33333333333333
2025,H0313,Amanda E. Batten,R,Financial Institutions and Services,Derived from LIS bill summary,3,2,1,3,INSUFFICIENT DATA,66.66666666666666,33.33333333333333
2025,H0345,Anne Ferrell Tata,R,Financial Institutions and Services,Derived from LIS bill summary,3,2,1,3,INSUFFICIENT DATA,66.66666666666666,33.33333333333333
2025,H0329,Bill Wiley,R,Financial Institutions and Services,Derived from LIS bill summary,3,2,1,3,INSUFFICIENT DATA,66.66666666666666,33.33333333333333
2025,H0315,Carrie E. Coyner,R,Financial Institutions and Services,Derived from LIS bill summary,3,2,1,3,INSUFFICIENT DATA,66.66666666666666,33.33333333333333
2025,H0378,Chris Obenshain,R,Financial Institutions and Services,Derived from LIS bill summary,3,2,1,3,INSUFFICIENT DATA,66.66666666666666,33.33333333333333
2025,H0379,David Owen,R,Financial Institutions and Services,Derived from LIS bill summary,3,2,1,3,INSUFFICIENT DATA,66.66666666666666,33.33333333333333
2025,H0350,Ellen H. Campbell,R,Financial Institutions and Services,Derived from LIS bill summary,3,2,1,3,INSUFFICIENT DATA,66.66666666666666,33.33333333333333
2025,H0384,Eric Phillips,R,Financial Institutions and Services,Derived from LIS bill summary,3,2,1,3,INSUFFICIENT DATA,66.66666666666666,33.33333333333333
2025,H0383,Eric R. Zehr,R,Financial Institutions and Services,Derived from LIS bill summary,3,2,1,3,INSUFFICIENT DATA,66.66666666666666,33.33333333333333
2025,H0367,Geary Higgins,R,Financial Institutions and Services,Derived from LIS bill summary,3,2,1,3,INSUFFICIENT DATA,66.66666666666666,33.33333333333333
2025,H0347,"H. Otto Wachsmann, Jr.",R,Financial Institutions and Services,Derived from LIS bill summary,3,2,1,3,INSUFFICIENT DATA,66.66666666666666,33.33333333333333
2025,H0369,Hillary Pugh Kent,R,Financial Institutions and Services,Derived from LIS bill summary,3,2,1,3,INSUFFICIENT DATA,66.66666666666666,33.33333333333333
2025,H0259,"Hyland F. ""Buddy"" Fowler, Jr.",R,Financial Institutions and Services,Derived from LIS bill summary,3,2,1,3,INSUFFICIENT DATA,66.66666666666666,33.33333333333333
2025,H0373,Ian T. Lovejoy,R,Financial Institutions and Services,Derived from LIS bill summary,3,2,1,3,INSUFFICIENT DATA,66.66666666666666,33.33333333333333
2025,H0262,"James A. ""Jay"" Leftwich",R,Financial Institutions and Services,Derived from LIS bill summary,3,2,1,3,INSUFFICIENT DATA,66.66666666666666,33.33333333333333
2025,H0224,James W. Morefield,R,Financial Institutions and Services,Derived from LIS bill summary,3,2,1,3,INSUFFICIENT DATA,66.66666666666666,33.33333333333333
2025,H0352,"Jonathan ""Jed"" Arnold",R,Financial Institutions and Services,Derived from LIS bill summary,3,2,1,3,INSUFFICIENT DATA,66.66666666666666,33.33333333333333
2025,H0346,Kim A. Taylor,R,Financial Institutions and Services,Derived from LIS bill summary,3,2,1,3,INSUFFICIENT DATA,66.66666666666666,33.33333333333333
2025,H0238,M. Keith Hodges,R,Financial Institutions and Services,Derived from LIS bill summary,3,2,1,3,INSUFFICIENT DATA,66.66666666666666,33.33333333333333
2025,H0358,"Mark L. Earley, Jr.",R,Financial Institutions and Services,Derived from LIS bill summary,3,2,1,3,INSUFFICIENT DATA,66.66666666666666,33.33333333333333
2025,H0335,Mike A. Cherry,R,Financial Institutions and Services,Derived from LIS bill summary,3,2,1,3,INSUFFICIENT DATA,66.66666666666666,33.33333333333333
2025,H0359,N. Baxter Ennis,R,Financial Institutions and Services,Derived from LIS bill summary,3,2,1,3,INSUFFICIENT DATA,66.66666666666666,33.33333333333333
2025,H0376,Paul V. Milde,R,Financial Institutions and Services,Derived from LIS bill summary,3,2,1,3,INSUFFICIENT DATA,66.66666666666666,33.33333333333333
2025,H0124,R. Lee Ware,R,Financial Institutions and Services,Derived from LIS bill summary,3,2,1,3,INSUFFICIENT DATA,66.66666666666666,33.33333333333333
2025,H0073,"Robert D. Orrock, Sr.",R,Financial Institutions and Services,Derived from LIS bill summary,3,2,1,3,INSUFFICIENT DATA,66.66666666666666,33.33333333333333
2025,H0267,"Robert S. Bloxom, Jr.",R,Financial Institutions and Services,Derived from LIS bill summary,3,2,1,3,INSUFFICIENT DATA,66.66666666666666,33.33333333333333
2025,H0328,Scott A. Wyatt,R,Financial Institutions and Services,Derived from LIS bill summary,3,2,1,3,INSUFFICIENT DATA,66.66666666666666,33.33333333333333
2025,H0253,Terry L. Austin,R,Financial Institutions and Services,Derived from LIS bill summary,3,2,1,3,INSUFFICIENT DATA,66.66666666666666,33.33333333333333
2025,H0325,Wendell S. Walker,R,Financial Institutions and Services,Derived from LIS bill summary,3,2,1,3,INSUFFICIENT DATA,66.66666666666666,33.33333333333333
2025,H0357,Will Davis,R,Financial Institutions and Services,Derived from LIS bill summary,3,2,1,3,INSUFFICIENT DATA,66.66666666666666,33.33333333333333
2025,H0321,Chris S. Runion,R,Financial Institutions and Services,Derived from LIS bill summary,5,3,2,5,INSUFFICIENT DATA,60.0,40.0
2025,H0242,Israel D. O'Quinn,R,Financial Institutions and Services,Derived from LIS bill summary,5,3,2,5,INSUFFICIENT DATA,60.0,40.0
2025,H0333,Jason S. Ballard,R,Financial Institutions and Services,Derived from LIS bill summary,5,3,2,5,INSUFFICIENT DATA,60.0,40.0
2025,H0348,Wren M. Williams,R,Financial Institutions and Services,Derived from LIS bill summary,5,3,2,5,INSUFFICIENT DATA,60.0,40.0
2025,H0150,"Daniel W. Marshall, III",R,Financial Institutions and Services,Derived from LIS bill summary,5,1,1,2,INSUFFICIENT DATA,50.0,50.0
2025,H0308,Joseph P. McNamara,R,Financial Institutions and Services,Derived from LIS bill summary,8,4,4,8,INSUFFICIENT DATA,50.0,50.0
2025,H0056,Terry G. Kilgore,R,Financial Institutions and Services,Derived from LIS bill summary,8,4,4,8,INSUFFICIENT DATA,50.0,50.0
2025,H0231,Tony O. Wilt,R,Financial Institutions and Services,Derived from LIS bill summary,8,4,4,8,INSUFFICIENT DATA,50.0,50.0
2025,H0247,Michael J. Webert,R,Financial Institutions and Services,Derived from LIS bill summary,5,2,3,5,INSUFFICIENT DATA,40.0,60.0
2025,H0377,Delores Oates,R,Financial Institutions and Services,Derived from LIS bill summary,3,1,2,3,INSUFFICIENT DATA,33.33333333333333,66.66666666666666
2025,H0279,Nicholas J. Freitas,R,Financial Institutions and Services,Derived from LIS bill summary,3,1,2,3,INSUFFICIENT DATA,33.33333333333333,66.66666666666666
2025,H0342,Phillip A. Scott,R,Financial Institutions and Services,Derived from LIS bill summary,3,1,2,3,INSUFFICIENT DATA,33.33333333333333,66.66666666666666
2025,H0136,"Thomas C. Wright, Jr.",R,Financial Institutions and Services,Derived from LIS bill summary,3,1,2,3,INSUFFICIENT DATA,33.33333333333333,66.66666666666666
2025,H0363,W. Chad Green,R,Financial Institutions and Services,Derived from LIS bill summary,3,1,2,3,INSUFFICIENT DATA,33.33333333333333,66.66666666666666
2025,H0206,Barry D. Knight,R,Financial Institutions and Services,Derived from LIS bill summary,3,0,0,0,INSUFFICIENT DATA,0.0,0.0
2025,H0181,C. Todd Gilbert,R,Financial Institutions and Services,Derived from LIS bill summary,5,0,5,5,INSUFFICIENT DATA,0.0,100.0
2025,H0362,"Thomas A. Garrett, Jr.",R,Financial Institutions and Services,Derived from LIS bill summary,3,0,3,3,INSUFFICIENT DATA,0.0,100.0
2025,H0364,Timothy P. Griffin,R,Financial Institutions and Services,Derived from LIS bill summary,3,0,3,3,INSUFFICIENT DATA,0.0,100.0
2025,H0375,Adele Y. McClure,D,Firearms,Derived from LIS bill description,14,8,0,8,INSUFFICIENT DATA,100.0,0.0
2025,H0311,Alex Q. Askew,D,Firearms,Derived from LIS bill description,7,7,0,7,INSUFFICIENT DATA,100.0,0.0
2025,H0371,Amy J. Laufer,D,Firearms,Derived from LIS bill description,7,7,0,7,INSUFFICIENT DATA,100.0,0.0
2025,H0380,Atoosa R. Reaser,D,Firearms,Derived from LIS bill description,8,8,0,8,INSUFFICIENT DATA,100.0,0.0
2025,H0212,Betsy B. Carr,D,Firearms,Derived from LIS bill description,8,8,0,8,INSUFFICIENT DATA,100.0,0.0
2025,H0353,Bonita G. Anthony,D,Firearms,Derived from LIS bill description,7,7,0,7,INSUFFICIENT DATA,100.0,0.0
2025,H0343,Briana D. Sewell,D,Firearms,Derived from LIS bill description,7,7,0,7,INSUFFICIENT DATA,100.0,0.0
2025,H0285,"C.E. Cliff Hayes, Jr.",D,Firearms,Derived from LIS bill description,8,8,0,8,INSUFFICIENT DATA,100.0,0.0
2025,H0208,Charniele L. Herring,D,Firearms,Derived from LIS bill description,8,8,0,8,INSUFFICIENT DATA,100.0,0.0
2025,H0301,David A. Reid,D,Firearms,Derived from LIS bill description,7,7,0,7,INSUFFICIENT DATA,100.0,0.0
2025,H0177,David L. Bulova,D,Firearms,Derived from LIS bill description,7,7,0,7,INSUFFICIENT DATA,100.0,0.0
2025,H0361,Debra D. Gardner,D,Firearms,Derived from LIS bill description,7,7,0,7,INSUFFICIENT DATA,100.0,0.0
2025,H0207,Delores L. McQuinn,D,Firearms,Derived from LIS bill description,7,2,0,2,INSUFFICIENT DATA,100.0,0.0
2025,H0372,Destiny LeVere Bolling,D,Firearms,Derived from LIS bill description,7,7,0,7,INSUFFICIENT DATA,100.0,0.0
2025,H0322,Don Scott,D,Firearms,Derived from LIS bill description,8,8,0,8,INSUFFICIENT DATA,100.0,0.0
2025,H0334,Elizabeth B. Bennett-Parker,D,Firearms,Derived from LIS bill description,7,7,0,7,INSUFFICIENT DATA,100.0,0.0
2025,H0344,Irene Shin,D,Firearms,Derived from LIS bill description,7,7,0,7,INSUFFICIENT DATA,100.0,0.0
2025,H0385,JJ Singh,D,Firearms,Derived from LIS bill description,7,7,0,7,INSUFFICIENT DATA,100.0,0.0
2025,H0349,Jackie H. Glass,D,Firearms,Derived from LIS bill description,7,7,0,7,INSUFFICIENT DATA,100.0,0.0
2025,H0173,Jeion A. Ward,D,Firearms,Derived from LIS bill description,8,8,0,8,INSUFFICIENT DATA,100.0,0.0
2025,H0314,Joshua G. Cole,D,Firearms,Derived from LIS bill description,7,7,0,7,INSUFFICIENT DATA,100.0,0.0
2025,H0370,Karen Keys-Gamarra,D,Firearms,Derived from LIS bill description,8,8,0,8,INSUFFICIENT DATA,100.0,0.0
2025,H0294,Karrie K. Delaney,D,Firearms,Derived from LIS bill description,9,9,0,9,INSUFFICIENT DATA,100.0,0.0
2025,H0305,Kathy K.L. Tran,D,Firearms,Derived from LIS bill description,8,8,0,8,INSUFFICIENT DATA,100.0,0.0
2025,H0354,Katrina Callsen,D,Firearms,Derived from LIS bill description,9,9,0,9,INSUFFICIENT DATA,100.0,0.0
2025,H0295,Kelly K. Convirs-Fowler,D,Firearms,Derived from LIS bill description,7,7,0,7,INSUFFICIENT DATA,100.0,0.0
2025,H0355,Laura Jane Cohen,D,Firearms,Derived from LIS bill description,7,7,0,7,INSUFFICIENT DATA,100.0,0.0
2025,H0227,Luke E. Torian,D,Firearms,Derived from LIS bill description,8,8,0,8,INSUFFICIENT DATA,100.0,0.0
2025,H0284,"Marcia S. ""Cia"" Price",D,Firearms,Derived from LIS bill description,7,7,0,7,INSUFFICIENT DATA,100.0,0.0
2025,H0172,Mark D. Sickles,D,Firearms,Derived from LIS bill description,8,8,0,8,INSUFFICIENT DATA,100.0,0.0
2025,H0374,Marty Martinez,D,Firearms,Derived from LIS bill description,7,7,0,7,INSUFFICIENT DATA,100.0,0.0
2025,H0368,Michael J. Jones,D,Firearms,Derived from LIS bill description,7,7,0,7,INSUFFICIENT DATA,100.0,0.0
2025,H0340,Michelle Lopes Maldonado,D,Firearms,Derived from LIS bill description,8,8,0,8,INSUFFICIENT DATA,100.0,0.0
2025,H0281,Paul E. Krizek,D,Firearms,Derived from LIS bill description,7,7,0,7,INSUFFICIENT DATA,100.0,0.0
2025,H0366,Phil M. Hernandez,D,Firearms,Derived from LIS bill description,9,9,0,9,INSUFFICIENT DATA,100.0,0.0
2025,H0269,"Richard C. ""Rip"" Sullivan, Jr.",D,Firearms,Derived from LIS bill description,9,9,0,9,INSUFFICIENT DATA,100.0,0.0
2025,H0327,Rodney T. Willett,D,Firearms,Derived from LIS bill description,7,7,0,7,INSUFFICIENT DATA,100.0,0.0
2025,H0365,"Rozia A. Henson, Jr.",D,Firearms,Derived from LIS bill description,7,7,0,7,INSUFFICIENT DATA,100.0,0.0
2025,H0323,Shelly A. Simonds,D,Firearms,Derived from LIS bill description,7,7,0,7,INSUFFICIENT DATA,100.0,0.0
2025,H0315,Carrie E. Coyner,R,Firearms,Derived from LIS bill description,8,3,5,8,INSUFFICIENT DATA,37.5,62.5
2025,H0150,"Daniel W. Marshall, III",R,Firearms,Derived from LIS bill summary,53,1,3,4,INSUFFICIENT DATA,25.0,75.0
2025,H0348,Wren M. Williams,R,Firearms,Derived from LIS bill description,9,2,7,9,INSUFFICIENT DATA,22.22222222222222,77.77777777777779
2025,H0262,"James A. ""Jay"" Leftwich",R,Firearms,Derived from LIS bill description,8,1,7,8,INSUFFICIENT DATA,12.5,87.5
2025,H0333,Jason S. Ballard,R,Firearms,Derived from LIS bill description,8,1,7,8,INSUFFICIENT DATA,12.5,87.5
2025,H0352,"Jonathan ""Jed"" Arnold",R,Firearms,Derived from LIS bill description,8,1,7,8,INSUFFICIENT DATA,12.5,87.5
2025,H0358,"Mark L. Earley, Jr.",R,Firearms,Derived from LIS bill description,8,1,7,8,INSUFFICIENT DATA,12.5,87.5
2025,H0357,Will Davis,R,Firearms,Derived from LIS bill description,8,1,7,8,INSUFFICIENT DATA,12.5,87.5
2025,H0056,Terry G. Kilgore,R,Firearms,Derived from LIS bill description,9,1,8,9,INSUFFICIENT DATA,11.11111111111111,88.88888888888889
2025,H0345,Anne Ferrell Tata,R,Firearms,Derived from LIS bill description,7,0,7,7,INSUFFICIENT DATA,0.0,100.0
2025,H0206,Barry D. Knight,R,Firearms,Derived from LIS bill description,7,0,0,0,INSUFFICIENT DATA,0.0,0.0
2025,H0329,Bill Wiley,R,Firearms,Derived from LIS bill description,7,0,7,7,INSUFFICIENT DATA,0.0,100.0
2025,H0181,C. Todd Gilbert,R,Firearms,Derived from LIS bill description,8,0,8,8,INSUFFICIENT DATA,0.0,100.0
2025,H0321,Chris S. Runion,R,Firearms,Derived from LIS bill description,7,0,7,7,INSUFFICIENT DATA,0.0,100.0
2025,H0150,"Daniel W. Marshall, III",R,Firearms,Derived from LIS bill description,7,0,0,0,INSUFFICIENT DATA,0.0,0.0
2025,H0350,Ellen H. Campbell,R,Firearms,Derived from LIS bill description,7,0,7,7,INSUFFICIENT DATA,0.0,100.0
2025,H0383,Eric R. Zehr,R,Firearms,Derived from LIS bill description,7,0,7,7,INSUFFICIENT DATA,0.0,100.0
2025,H0367,Geary Higgins,R,Firearms,Derived from LIS bill description,7,0,7,7,INSUFFICIENT DATA,0.0,100.0
2025,H0347,"H. Otto Wachsmann, Jr.",R,Firearms,Derived from LIS bill description,7,0,7,7,INSUFFICIENT DATA,0.0,100.0
2025,H0369,Hillary Pugh Kent,R,Firearms,Derived from LIS bill description,7,0,7,7,INSUFFICIENT DATA,0.0,100.0
2025,H0259,"Hyland F. ""Buddy"" Fowler, Jr.",R,Firearms,Derived from LIS bill description,7,0,7,7,INSUFFICIENT DATA,0.0,100.0
2025,H0373,Ian T. Lovejoy,R,Firearms,Derived from LIS bill description,7,0,7,7,INSUFFICIENT DATA,0.0,100.0
2025,H0242,Israel D. O'Quinn,R,Firearms,Derived from LIS bill description,8,0,8,8,INSUFFICIENT DATA,0.0,100.0
2025,H0224,James W. Morefield,R,Firearms,Derived from LIS bill description,7,0,7,7,INSUFFICIENT DATA,0.0,100.0
2025,H0308,Joseph P. McNamara,R,Firearms,Derived from LIS bill description,7,0,7,7,INSUFFICIENT DATA,0.0,100.0
2025,H0238,M. Keith Hodges,R,Firearms,Derived from LIS bill description,7,0,7,7,INSUFFICIENT DATA,0.0,100.0
2025,H0335,Mike A. Cherry,R,Firearms,Derived from LIS bill description,7,0,7,7,INSUFFICIENT DATA,0.0,100.0
2025,H0279,Nicholas J. Freitas,R,Firearms,Derived from LIS bill description,7,0,7,7,INSUFFICIENT DATA,0.0,100.0
2025,H0376,Paul V. Milde,R,Firearms,Derived from LIS bill description,7,0,7,7,INSUFFICIENT DATA,0.0,100.0
2025,H0342,Phillip A. Scott,R,Firearms,Derived from LIS bill description,7,0,7,7,INSUFFICIENT DATA,0.0,100.0
2025,H0124,R. Lee Ware,R,Firearms,Derived from LIS bill description,7,0,7,7,INSUFFICIENT DATA,0.0,100.0
2025,H0073,"Robert D. Orrock, Sr.",R,Firearms,Derived from LIS bill description,7,0,7,7,INSUFFICIENT DATA,0.0,100.0
2025,H0267,"Robert S. Bloxom, Jr.",R,Firearms,Derived from LIS bill description,7,0,7,7,INSUFFICIENT DATA,0.0,100.0
2025,H0328,Scott A. Wyatt,R,Firearms,Derived from LIS bill description,7,0,7,7,INSUFFICIENT DATA,0.0,100.0
2025,H0253,Terry L. Austin,R,Firearms,Derived from LIS bill description,8,0,8,8,INSUFFICIENT DATA,0.0,100.0
2025,H0362,"Thomas A. Garrett, Jr.",R,Firearms,Derived from LIS bill description,7,0,6,6,INSUFFICIENT DATA,0.0,100.0
2025,H0136,"Thomas C. Wright, Jr.",R,Firearms,Derived from LIS bill description,7,0,7,7,INSUFFICIENT DATA,0.0,100.0
2025,H0364,Timothy P. Griffin,R,Firearms,Derived from LIS bill description,7,0,7,7,INSUFFICIENT DATA,0.0,100.0
2025,H0363,W. Chad Green,R,Firearms,Derived from LIS bill description,7,0,7,7,INSUFFICIENT DATA,0.0,100.0
2025,H0325,Wendell S. Walker,R,Firearms,Derived from LIS bill description,7,0,7,7,INSUFFICIENT DATA,0.0,100.0
2025,H0206,Barry D. Knight,R,Firearms,Derived from LIS bill summary,49,7,9,16,MIXED,43.75,56.25
2025,H0363,W. Chad Green,R,Firearms,Derived from LIS bill summary,62,24,38,62,MIXED,38.70967741935484,61.29032258064516
2025,H0335,Mike A. Cherry,R,Firearms,Derived from LIS bill summary,61,23,38,61,MIXED,37.704918032786885,62.295081967213115
2025,H0345,Anne Ferrell Tata,R,Firearms,Derived from LIS bill summary,62,21,40,61,NO,34.42622950819672,65.57377049180327
2025,H0073,"Robert D. Orrock, Sr.",R,Firearms,Derived from LIS bill summary,52,17,35,52,NO,32.69230769230769,67.3076923076923
2025,H0359,N. Baxter Ennis,R,Firearms,Derived from LIS bill summary,87,28,59,87,NO,32.18390804597701,67.81609195402298
2025,H0124,R. Lee Ware,R,Firearms,Derived from LIS bill summary,52,16,36,52,NO,30.76923076923077,69.23076923076923
2025,H0362,"Thomas A. Garrett, Jr.",R,Firearms,Derived from LIS bill summary,58,16,36,52,NO,30.76923076923077,69.23076923076923
2025,H0357,Will Davis,R,Firearms,Derived from LIS bill summary,53,16,37,53,NO,30.18867924528302,69.81132075471697
2025,H0238,M. Keith Hodges,R,Firearms,Derived from LIS bill summary,52,15,37,52,NO,28.846153846153843,71.15384615384616
2025,H0325,Wendell S. Walker,R,Firearms,Derived from LIS bill summary,52,15,37,52,NO,28.846153846153843,71.15384615384616
2025,H0279,Nicholas J. Freitas,R,Firearms,Derived from LIS bill summary,58,16,41,57,NO,28.07017543859649,71.9298245614035
2025,H0346,Kim A. Taylor,R,Firearms,Derived from LIS bill summary,80,17,44,61,NO,27.86885245901639,72.1311475409836
2025,H0267,"Robert S. Bloxom, Jr.",R,Firearms,Derived from LIS bill summary,54,15,39,54,NO,27.77777777777778,72.22222222222221
2025,H0321,Chris S. Runion,R,Firearms,Derived from LIS bill summary,51,14,37,51,NO,27.450980392156865,72.54901960784314
2025,H0369,Hillary Pugh Kent,R,Firearms,Derived from LIS bill summary,51,14,37,51,NO,27.450980392156865,72.54901960784314
2025,H0333,Jason S. Ballard,R,Firearms,Derived from LIS bill summary,51,14,37,51,NO,27.450980392156865,72.54901960784314
2025,H0308,Joseph P. McNamara,R,Firearms,Derived from LIS bill summary,51,14,37,51,NO,27.450980392156865,72.54901960784314
2025,H0358,"Mark L. Earley, Jr.",R,Firearms,Derived from LIS bill summary,51,14,37,51,NO,27.450980392156865,72.54901960784314
2025,H0348,Wren M. Williams,R,Firearms,Derived from LIS bill summary,52,14,38,52,NO,26.923076923076923,73.07692307692307
2025,H0383,Eric R. Zehr,R,Firearms,Derived from LIS bill summary,56,15,41,56,NO,26.785714285714285,73.21428571428571
2025,H0342,Phillip A. Scott,R,Firearms,Derived from LIS bill summary,56,15,41,56,NO,26.785714285714285,73.21428571428571
2025,H0224,James W. Morefield,R,Firearms,Derived from LIS bill summary,53,14,39,53,NO,26.41509433962264,73.58490566037736
2025,H0347,"H. Otto Wachsmann, Jr.",R,Firearms,Derived from LIS bill summary,50,13,37,50,NO,26.0,74.0
2025,H0262,"James A. ""Jay"" Leftwich",R,Firearms,Derived from LIS bill summary,51,13,37,50,NO,26.0,74.0
2025,H0056,Terry G. Kilgore,R,Firearms,Derived from LIS bill summary,51,13,37,50,NO,26.0,74.0
2025,H0352,"Jonathan ""Jed"" Arnold",R,Firearms,Derived from LIS bill summary,51,13,38,51,NO,25.49019607843137,74.50980392156863
2025,H0313,Amanda E. Batten,R,Firearms,Derived from LIS bill summary,80,20,60,80,NO,25.0,75.0
2025,H0350,Ellen H. Campbell,R,Firearms,Derived from LIS bill summary,53,13,39,52,NO,25.0,75.0
2025,H0242,Israel D. O'Quinn,R,Firearms,Derived from LIS bill summary,49,12,36,48,NO,25.0,75.0
2025,H0376,Paul V. Milde,R,Firearms,Derived from LIS bill summary,49,12,36,48,NO,25.0,75.0
2025,H0367,Geary Higgins,R,Firearms,Derived from LIS bill summary,49,12,37,49,NO,24.489795918367346,75.51020408163265
2025,H0253,Terry L. Austin,R,Firearms,Derived from LIS bill summary,54,13,41,54,NO,24.074074074074073,75.92592592592592
2025,H0136,"Thomas C. Wright, Jr.",R,Firearms,Derived from LIS bill summary,49,11,35,46,NO,23.91304347826087,76.08695652173914
2025,H0329,Bill Wiley,R,Firearms,Derived from LIS bill summary,52,12,40,52,NO,23.076923076923077,76.92307692307693
2025,H0373,Ian T. Lovejoy,R,Firearms,Derived from LIS bill summary,49,11,37,48,NO,22.916666666666664,77.08333333333334
2025,H0181,C. Todd Gilbert,R,Firearms,Derived from LIS bill summary,49,11,38,49,NO,22.448979591836736,77.55102040816327
2025,H0364,Timothy P. Griffin,R,Firearms,Derived from LIS bill summary,49,11,38,49,NO,22.448979591836736,77.55102040816327
2025,H0259,"Hyland F. ""Buddy"" Fowler, Jr.",R,Firearms,Derived from LIS bill summary,51,11,39,50,NO,22.0,78.0
2025,H0337,A.C. Cordoza,R,Firearms,Derived from LIS bill summary,83,18,65,83,NO,21.686746987951807,78.3132530120482
2025,H0379,David Owen,R,Firearms,Derived from LIS bill summary,80,17,63,80,NO,21.25,78.75
2025,H0328,Scott A. Wyatt,R,Firearms,Derived from LIS bill summary,54,11,42,53,NO,20.754716981132077,79.24528301886792
2025,H0378,Chris Obenshain,R,Firearms,Derived from LIS bill summary,70,14,56,70,NO,20.0,80.0
2025,H0231,Tony O. Wilt,R,Firearms,Derived from LIS bill summary,70,13,57,70,NO,18.571428571428573,81.42857142857143
2025,H0377,Delores Oates,R,Firearms,Derived from LIS bill summary,68,12,56,68,NO,17.647058823529413,82.35294117647058
2025,H0384,Eric Phillips,R,Firearms,Derived from LIS bill summary,68,11,56,67,NO,16.417910447761194,83.5820895522388
2025,H0247,Michael J. Webert,R,Firearms,Derived from LIS bill summary,68,11,57,68,NO,16.176470588235293,83.82352941176471
2025,H0313,Amanda E. Batten,R,Firearms,Derived from LIS bill description,15,2,13,15,NO,13.333333333333334,86.66666666666667
2025,H0337,A.C. Cordoza,R,Firearms,Derived from LIS bill description,16,2,14,16,NO,12.5,87.5
2025,H0378,Chris Obenshain,R,Firearms,Derived from LIS bill description,14,1,13,14,NO,7.142857142857142,92.85714285714286
2025,H0379,David Owen,R,Firearms,Derived from LIS bill description,14,0,14,14,NO,0.0,100.0
2025,H0377,Delores Oates,R,Firearms,Derived from LIS bill description,13,0,13,13,NO,0.0,100.0
2025,H0384,Eric Phillips,R,Firearms,Derived from LIS bill description,13,0,13,13,NO,0.0,100.0
2025,H0346,Kim A. Taylor,R,Firearms,Derived from LIS bill description,14,0,14,14,NO,0.0,100.0
2025,H0247,Michael J. Webert,R,Firearms,Derived from LIS bill description,14,0,14,14,NO,0.0,100.0
2025,H0359,N. Baxter Ennis,R,Firearms,Derived from LIS bill description,14,0,14,14,NO,0.0,100.0
2025,H0231,Tony O. Wilt,R,Firearms,Derived from LIS bill description,13,0,13,13,NO,0.0,100.0
2025,H0239,Alfonso H. Lopez,D,Firearms,Derived from LIS bill description,14,14,0,14,YES,100.0,0.0
2025,H0330,Candi Mundon King,D,Firearms,Derived from LIS bill description,13,13,0,13,YES,100.0,0.0
2025,H0317,Dan I. Helmer,D,Firearms,Derived from LIS bill description,15,15,0,15,YES,100.0,0.0
2025,H0207,Delores L. McQuinn,D,Firearms,Derived from LIS bill summary,63,48,0,48,YES,100.0,0.0
2025,H0351,Holly M. Seibold,D,Firearms,Derived from LIS bill description,13,13,0,13,YES,100.0,0.0
2025,H0382,Joshua E. Thomas,D,Firearms,Derived from LIS bill description,14,14,0,14,YES,100.0,0.0
2025,H0264,Marcus B. Simon,D,Firearms,Derived from LIS bill description,16,15,0,15,YES,100.0,0.0
2025,H0360,Michael B. Feggans,D,Firearms,Derived from LIS bill description,14,14,0,14,YES,100.0,0.0
2025,H0336,Nadarius E. Clark,D,Firearms,Derived from LIS bill description,14,13,0,13,YES,100.0,0.0
2025,H0219,Patrick A. Hope,D,Firearms,Derived from LIS bill description,15,13,0,13,YES,100.0,0.0
2025,H0356,Rae Cousins,D,Firearms,Derived from LIS bill description,16,16,0,16,YES,100.0,0.0
2025,H0266,Sam Rasoul,D,Firearms,Derived from LIS bill description,13,13,0,13,YES,100.0,0.0
2025,H0108,Vivian E. Watts,D,Firearms,Derived from LIS bill description,10,10,0,10,YES,100.0,0.0
2025,H0374,Marty Martinez,D,Firearms,Derived from LIS bill summary,49,48,1,49,YES,97.95918367346938,2.0408163265306123
2025,H0356,Rae Cousins,D,Firearms,Derived from LIS bill summary,95,85,2,87,YES,97.70114942528735,2.2988505747126435
2025,H0266,Sam Rasoul,D,Firearms,Derived from LIS bill summary,87,77,2,79,YES,97.46835443037975,2.5316455696202533
2025,H0382,Joshua E. Thomas,D,Firearms,Derived from LIS bill summary,72,70,2,72,YES,97.22222222222221,2.7777777777777777
2025,H0351,Holly M. Seibold,D,Firearms,Derived from LIS bill summary,70,68,2,70,YES,97.14285714285714,2.857142857142857
2025,H0219,Patrick A. Hope,D,Firearms,Derived from LIS bill summary,71,68,2,70,YES,97.14285714285714,2.857142857142857
2025,H0311,Alex Q. Askew,D,Firearms,Derived from LIS bill summary,67,64,2,66,YES,96.96969696969697,3.0303030303030303
2025,H0380,Atoosa R. Reaser,D,Firearms,Derived from LIS bill summary,63,61,2,63,YES,96.82539682539682,3.1746031746031744
2025,H0323,Shelly A. Simonds,D,Firearms,Derived from LIS bill summary,63,61,2,63,YES,96.82539682539682,3.1746031746031744
2025,H0343,Briana D. Sewell,D,Firearms,Derived from LIS bill summary,63,60,2,62,YES,96.7741935483871,3.225806451612903
2025,H0372,Destiny LeVere Bolling,D,Firearms,Derived from LIS bill summary,61,58,2,60,YES,96.66666666666667,3.3333333333333335
2025,H0371,Amy J. Laufer,D,Firearms,Derived from LIS bill summary,59,55,2,57,YES,96.49122807017544,3.508771929824561
2025,H0355,Laura Jane Cohen,D,Firearms,Derived from LIS bill summary,56,54,2,56,YES,96.42857142857143,3.571428571428571
2025,H0336,Nadarius E. Clark,D,Firearms,Derived from LIS bill summary,87,81,3,84,YES,96.42857142857143,3.571428571428571
2025,H0354,Katrina Callsen,D,Firearms,Derived from LIS bill summary,55,53,2,55,YES,96.36363636363636,3.6363636363636362
2025,H0108,Vivian E. Watts,D,Firearms,Derived from LIS bill summary,55,53,2,55,YES,96.36363636363636,3.6363636363636362
2025,H0172,Mark D. Sickles,D,Firearms,Derived from LIS bill summary,55,52,2,54,YES,96.29629629629629,3.7037037037037033
2025,H0281,Paul E. Krizek,D,Firearms,Derived from LIS bill summary,54,52,2,54,YES,96.29629629629629,3.7037037037037033
2025,H0366,Phil M. Hernandez,D,Firearms,Derived from LIS bill summary,54,52,2,54,YES,96.29629629629629,3.7037037037037033
2025,H0239,Alfonso H. Lopez,D,Firearms,Derived from LIS bill summary,80,77,3,80,YES,96.25,3.75
2025,H0317,Dan I. Helmer,D,Firearms,Derived from LIS bill summary,80,77,3,80,YES,96.25,3.75
2025,H0360,Michael B. Feggans,D,Firearms,Derived from LIS bill summary,80,77,3,80,YES,96.25,3.75
2025,H0301,David A. Reid,D,Firearms,Derived from LIS bill summary,53,51,2,53,YES,96.22641509433963,3.7735849056603774
2025,H0177,David L. Bulova,D,Firearms,Derived from LIS bill summary,53,51,2,53,YES,96.22641509433963,3.7735849056603774
2025,H0370,Karen Keys-Gamarra,D,Firearms,Derived from LIS bill summary,53,51,2,53,YES,96.22641509433963,3.7735849056603774
2025,H0269,"Richard C. ""Rip"" Sullivan, Jr.",D,Firearms,Derived from LIS bill summary,54,51,2,53,YES,96.22641509433963,3.7735849056603774
2025,H0353,Bonita G. Anthony,D,Firearms,Derived from LIS bill summary,52,50,2,52,YES,96.15384615384616,3.8461538461538463
2025,H0227,Luke E. Torian,D,Firearms,Derived from LIS bill summary,56,50,2,52,YES,96.15384615384616,3.8461538461538463
2025,H0340,Michelle Lopes Maldonado,D,Firearms,Derived from LIS bill summary,52,50,2,52,YES,96.15384615384616,3.8461538461538463
2025,H0212,Betsy B. Carr,D,Firearms,Derived from LIS bill summary,52,49,2,51,YES,96.07843137254902,3.9215686274509802
2025,H0361,Debra D. Gardner,D,Firearms,Derived from LIS bill summary,51,49,2,51,YES,96.07843137254902,3.9215686274509802
2025,H0294,Karrie K. Delaney,D,Firearms,Derived from LIS bill summary,52,49,2,51,YES,96.07843137254902,3.9215686274509802
2025,H0305,Kathy K.L. Tran,D,Firearms,Derived from LIS bill summary,51,49,2,51,YES,96.07843137254902,3.9215686274509802
2025,H0327,Rodney T. Willett,D,Firearms,Derived from LIS bill summary,52,49,2,51,YES,96.07843137254902,3.9215686274509802
2025,H0375,Adele Y. McClure,D,Firearms,Derived from LIS bill summary,80,72,3,75,YES,96.0,4.0
2025,H0285,"C.E. Cliff Hayes, Jr.",D,Firearms,Derived from LIS bill summary,53,48,2,50,YES,96.0,4.0
2025,H0334,Elizabeth B. Bennett-Parker,D,Firearms,Derived from LIS bill summary,52,48,2,50,YES,96.0,4.0
2025,H0349,Jackie H. Glass,D,Firearms,Derived from LIS bill summary,50,48,2,50,YES,96.0,4.0
2025,H0284,"Marcia S. ""Cia"" Price",D,Firearms,Derived from LIS bill summary,50,48,2,50,YES,96.0,4.0
2025,H0365,"Rozia A. Henson, Jr.",D,Firearms,Derived from LIS bill summary,50,48,2,50,YES,96.0,4.0
2025,H0208,Charniele L. Herring,D,Firearms,Derived from LIS bill summary,49,47,2,49,YES,95.91836734693877,4.081632653061225
2025,H0344,Irene Shin,D,Firearms,Derived from LIS bill summary,49,47,2,49,YES,95.91836734693877,4.081632653061225
2025,H0385,JJ Singh,D,Firearms,Derived from LIS bill summary,50,47,2,49,YES,95.91836734693877,4.081632653061225
2025,H0173,Jeion A. Ward,D,Firearms,Derived from LIS bill summary,49,47,2,49,YES,95.91836734693877,4.081632653061225
2025,H0264,Marcus B. Simon,D,Firearms,Derived from LIS bill summary,84,70,3,73,YES,95.8904109589041,4.10958904109589
2025,H0330,Candi Mundon King,D,Firearms,Derived from LIS bill summary,72,69,3,72,YES,95.83333333333334,4.166666666666666
2025,H0322,Don Scott,D,Firearms,Derived from LIS bill summary,49,46,2,48,YES,95.83333333333334,4.166666666666666
2025,H0314,Joshua G. Cole,D,Firearms,Derived from LIS bill summary,49,45,2,47,YES,95.74468085106383,4.25531914893617
2025,H0368,Michael J. Jones,D,Firearms,Derived from LIS bill summary,49,42,2,44,YES,95.45454545454545,4.545454545454546
2025,H0295,Kelly K. Convirs-Fowler,D,Firearms,Derived from LIS bill summary,56,51,3,54,YES,94.44444444444444,5.555555555555555
2025,H0315,Carrie E. Coyner,R,Firearms,Derived from LIS bill summary,65,39,21,60,YES,65.0,35.0
2025,H0337,A.C. Cordoza,R,"Gambling, Lotteries, Etc.",Derived from LIS bill summary,6,6,0,6,INSUFFICIENT DATA,100.0,0.0
2025,H0311,Alex Q. Askew,D,"Gambling, Lotteries, Etc.",Derived from LIS bill summary,7,7,0,7,INSUFFICIENT DATA,100.0,0.0
2025,H0239,Alfonso H. Lopez,D,"Gambling, Lotteries, Etc.",Derived from LIS bill summary,6,6,0,6,INSUFFICIENT DATA,100.0,0.0
2025,H0313,Amanda E. Batten,R,"Gambling, Lotteries, Etc.",Derived from LIS bill summary,6,6,0,6,INSUFFICIENT DATA,100.0,0.0
2025,H0371,Amy J. Laufer,D,"Gambling, Lotteries, Etc.",Derived from LIS bill summary,6,6,0,6,INSUFFICIENT DATA,100.0,0.0
2025,H0345,Anne Ferrell Tata,R,"Gambling, Lotteries, Etc.",Derived from LIS bill summary,8,8,0,8,INSUFFICIENT DATA,100.0,0.0
2025,H0380,Atoosa R. Reaser,D,"Gambling, Lotteries, Etc.",Derived from LIS bill summary,6,6,0,6,INSUFFICIENT DATA,100.0,0.0
2025,H0206,Barry D. Knight,R,"Gambling, Lotteries, Etc.",Derived from LIS bill summary,21,9,0,9,INSUFFICIENT DATA,100.0,0.0
2025,H0353,Bonita G. Anthony,D,"Gambling, Lotteries, Etc.",Derived from LIS bill summary,6,6,0,6,INSUFFICIENT DATA,100.0,0.0
2025,H0343,Briana D. Sewell,D,"Gambling, Lotteries, Etc.",Derived from LIS bill summary,7,7,0,7,INSUFFICIENT DATA,100.0,0.0
2025,H0285,"C.E. Cliff Hayes, Jr.",D,"Gambling, Lotteries, Etc.",Derived from LIS bill summary,7,5,0,5,INSUFFICIENT DATA,100.0,0.0
2025,H0330,Candi Mundon King,D,"Gambling, Lotteries, Etc.",Derived from LIS bill summary,6,6,0,6,INSUFFICIENT DATA,100.0,0.0
2025,H0208,Charniele L. Herring,D,"Gambling, Lotteries, Etc.",Derived from LIS bill summary,6,6,0,6,INSUFFICIENT DATA,100.0,0.0
2025,H0378,Chris Obenshain,R,"Gambling, Lotteries, Etc.",Derived from LIS bill summary,6,6,0,6,INSUFFICIENT DATA,100.0,0.0
2025,H0321,Chris S. Runion,R,"Gambling, Lotteries, Etc.",Derived from LIS bill summary,6,6,0,6,INSUFFICIENT DATA,100.0,0.0
2025,H0317,Dan I. Helmer,D,"Gambling, Lotteries, Etc.",Derived from LIS bill summary,6,6,0,6,INSUFFICIENT DATA,100.0,0.0
2025,H0150,"Daniel W. Marshall, III",R,"Gambling, Lotteries, Etc.",Derived from LIS bill summary,8,2,0,2,INSUFFICIENT DATA,100.0,0.0
2025,H0301,David A. Reid,D,"Gambling, Lotteries, Etc.",Derived from LIS bill summary,7,7,0,7,INSUFFICIENT DATA,100.0,0.0
2025,H0379,David Owen,R,"Gambling, Lotteries, Etc.",Derived from LIS bill summary,6,6,0,6,INSUFFICIENT DATA,100.0,0.0
2025,H0361,Debra D. Gardner,D,"Gambling, Lotteries, Etc.",Derived from LIS bill summary,6,6,0,6,INSUFFICIENT DATA,100.0,0.0
2025,H0207,Delores L. McQuinn,D,"Gambling, Lotteries, Etc.",Derived from LIS bill summary,7,5,0,5,INSUFFICIENT DATA,100.0,0.0
2025,H0377,Delores Oates,R,"Gambling, Lotteries, Etc.",Derived from LIS bill summary,6,6,0,6,INSUFFICIENT DATA,100.0,0.0
2025,H0372,Destiny LeVere Bolling,D,"Gambling, Lotteries, Etc.",Derived from LIS bill summary,6,6,0,6,INSUFFICIENT DATA,100.0,0.0
2025,H0322,Don Scott,D,"Gambling, Lotteries, Etc.",Derived from LIS bill summary,6,6,0,6,INSUFFICIENT DATA,100.0,0.0
2025,H0384,Eric Phillips,R,"Gambling, Lotteries, Etc.",Derived from LIS bill summary,6,6,0,6,INSUFFICIENT DATA,100.0,0.0
2025,H0367,Geary Higgins,R,"Gambling, Lotteries, Etc.",Derived from LIS bill summary,6,6,0,6,INSUFFICIENT DATA,100.0,0.0
2025,H0347,"H. Otto Wachsmann, Jr.",R,"Gambling, Lotteries, Etc.",Derived from LIS bill summary,6,6,0,6,INSUFFICIENT DATA,100.0,0.0
2025,H0369,Hillary Pugh Kent,R,"Gambling, Lotteries, Etc.",Derived from LIS bill summary,6,6,0,6,INSUFFICIENT DATA,100.0,0.0
2025,H0373,Ian T. Lovejoy,R,"Gambling, Lotteries, Etc.",Derived from LIS bill summary,6,6,0,6,INSUFFICIENT DATA,100.0,0.0
2025,H0344,Irene Shin,D,"Gambling, Lotteries, Etc.",Derived from LIS bill summary,6,6,0,6,INSUFFICIENT DATA,100.0,0.0
2025,H0242,Israel D. O'Quinn,R,"Gambling, Lotteries, Etc.",Derived from LIS bill summary,6,6,0,6,INSUFFICIENT DATA,100.0,0.0
2025,H0385,JJ Singh,D,"Gambling, Lotteries, Etc.",Derived from LIS bill summary,6,6,0,6,INSUFFICIENT DATA,100.0,0.0
2025,H0349,Jackie H. Glass,D,"Gambling, Lotteries, Etc.",Derived from LIS bill summary,6,6,0,6,INSUFFICIENT DATA,100.0,0.0
2025,H0333,Jason S. Ballard,R,"Gambling, Lotteries, Etc.",Derived from LIS bill summary,6,6,0,6,INSUFFICIENT DATA,100.0,0.0
2025,H0173,Jeion A. Ward,D,"Gambling, Lotteries, Etc.",Derived from LIS bill summary,6,6,0,6,INSUFFICIENT DATA,100.0,0.0
2025,H0308,Joseph P. McNamara,R,"Gambling, Lotteries, Etc.",Derived from LIS bill summary,6,6,0,6,INSUFFICIENT DATA,100.0,0.0
2025,H0370,Karen Keys-Gamarra,D,"Gambling, Lotteries, Etc.",Derived from LIS bill summary,6,6,0,6,INSUFFICIENT DATA,100.0,0.0
2025,H0305,Kathy K.L. Tran,D,"Gambling, Lotteries, Etc.",Derived from LIS bill summary,6,6,0,6,INSUFFICIENT DATA,100.0,0.0
2025,H0354,Katrina Callsen,D,"Gambling, Lotteries, Etc.",Derived from LIS bill summary,6,6,0,6,INSUFFICIENT DATA,100.0,0.0
2025,H0295,Kelly K. Convirs-Fowler,D,"Gambling, Lotteries, Etc.",Derived from LIS bill summary,6,6,0,6,INSUFFICIENT DATA,100.0,0.0
2025,H0346,Kim A. Taylor,R,"Gambling, Lotteries, Etc.",Derived from LIS bill summary,6,6,0,6,INSUFFICIENT DATA,100.0,0.0
2025,H0355,Laura Jane Cohen,D,"Gambling, Lotteries, Etc.",Derived from LIS bill summary,6,6,0,6,INSUFFICIENT DATA,100.0,0.0
2025,H0238,M. Keith Hodges,R,"Gambling, Lotteries, Etc.",Derived from LIS bill summary,7,7,0,7,INSUFFICIENT DATA,100.0,0.0
2025,H0172,Mark D. Sickles,D,"Gambling, Lotteries, Etc.",Derived from LIS bill summary,8,8,0,8,INSUFFICIENT DATA,100.0,0.0
2025,H0358,"Mark L. Earley, Jr.",R,"Gambling, Lotteries, Etc.",Derived from LIS bill summary,6,5,0,5,INSUFFICIENT DATA,100.0,0.0
2025,H0374,Marty Martinez,D,"Gambling, Lotteries, Etc.",Derived from LIS bill summary,6,6,0,6,INSUFFICIENT DATA,100.0,0.0
2025,H0360,Michael B. Feggans,D,"Gambling, Lotteries, Etc.",Derived from LIS bill summary,6,6,0,6,INSUFFICIENT DATA,100.0,0.0
2025,H0368,Michael J. Jones,D,"Gambling, Lotteries, Etc.",Derived from LIS bill summary,6,6,0,6,INSUFFICIENT DATA,100.0,0.0
2025,H0247,Michael J. Webert,R,"Gambling, Lotteries, Etc.",Derived from LIS bill summary,6,6,0,6,INSUFFICIENT DATA,100.0,0.0
2025,H0340,Michelle Lopes Maldonado,D,"Gambling, Lotteries, Etc.",Derived from LIS bill summary,6,6,0,6,INSUFFICIENT DATA,100.0,0.0
2025,H0335,Mike A. Cherry,R,"Gambling, Lotteries, Etc.",Derived from LIS bill summary,6,6,0,6,INSUFFICIENT DATA,100.0,0.0
2025,H0359,N. Baxter Ennis,R,"Gambling, Lotteries, Etc.",Derived from LIS bill summary,6,4,0,4,INSUFFICIENT DATA,100.0,0.0
2025,H0336,Nadarius E. Clark,D,"Gambling, Lotteries, Etc.",Derived from LIS bill summary,6,6,0,6,INSUFFICIENT DATA,100.0,0.0
2025,H0219,Patrick A. Hope,D,"Gambling, Lotteries, Etc.",Derived from LIS bill summary,6,6,0,6,INSUFFICIENT DATA,100.0,0.0
2025,H0376,Paul V. Milde,R,"Gambling, Lotteries, Etc.",Derived from LIS bill summary,6,6,0,6,INSUFFICIENT DATA,100.0,0.0
2025,H0366,Phil M. Hernandez,D,"Gambling, Lotteries, Etc.",Derived from LIS bill summary,6,6,0,6,INSUFFICIENT DATA,100.0,0.0
2025,H0124,R. Lee Ware,R,"Gambling, Lotteries, Etc.",Derived from LIS bill summary,6,6,0,6,INSUFFICIENT DATA,100.0,0.0
2025,H0356,Rae Cousins,D,"Gambling, Lotteries, Etc.",Derived from LIS bill summary,6,6,0,6,INSUFFICIENT DATA,100.0,0.0
2025,H0269,"Richard C. ""Rip"" Sullivan, Jr.",D,"Gambling, Lotteries, Etc.",Derived from LIS bill summary,6,6,0,6,INSUFFICIENT DATA,100.0,0.0
2025,H0327,Rodney T. Willett,D,"Gambling, Lotteries, Etc.",Derived from LIS bill summary,8,8,0,8,INSUFFICIENT DATA,100.0,0.0
2025,H0365,"Rozia A. Henson, Jr.",D,"Gambling, Lotteries, Etc.",Derived from LIS bill summary,6,6,0,6,INSUFFICIENT DATA,100.0,0.0
2025,H0266,Sam Rasoul,D,"Gambling, Lotteries, Etc.",Derived from LIS bill summary,7,7,0,7,INSUFFICIENT DATA,100.0,0.0
2025,H0328,Scott A. Wyatt,R,"Gambling, Lotteries, Etc.",Derived from LIS bill summary,7,7,0,7,INSUFFICIENT DATA,100.0,0.0
2025,H0323,Shelly A. Simonds,D,"Gambling, Lotteries, Etc.",Derived from LIS bill summary,6,6,0,6,INSUFFICIENT DATA,100.0,0.0
2025,H0056,Terry G. Kilgore,R,"Gambling, Lotteries, Etc.",Derived from LIS bill summary,6,6,0,6,INSUFFICIENT DATA,100.0,0.0
2025,H0231,Tony O. Wilt,R,"Gambling, Lotteries, Etc.",Derived from LIS bill summary,6,6,0,6,INSUFFICIENT DATA,100.0,0.0
2025,H0108,Vivian E. Watts,D,"Gambling, Lotteries, Etc.",Derived from LIS bill summary,6,6,0,6,INSUFFICIENT DATA,100.0,0.0
2025,H0363,W. Chad Green,R,"Gambling, Lotteries, Etc.",Derived from LIS bill summary,6,6,0,6,INSUFFICIENT DATA,100.0,0.0
2025,H0325,Wendell S. Walker,R,"Gambling, Lotteries, Etc.",Derived from LIS bill summary,6,6,0,6,INSUFFICIENT DATA,100.0,0.0
2025,H0357,Will Davis,R,"Gambling, Lotteries, Etc.",Derived from LIS bill summary,6,6,0,6,INSUFFICIENT DATA,100.0,0.0
2025,H0348,Wren M. Williams,R,"Gambling, Lotteries, Etc.",Derived from LIS bill summary,6,6,0,6,INSUFFICIENT DATA,100.0,0.0
2025,H0181,C. Todd Gilbert,R,"Gambling, Lotteries, Etc.",Derived from LIS bill summary,6,5,1,6,INSUFFICIENT DATA,83.33333333333334,16.666666666666664
2025,H0383,Eric R. Zehr,R,"Gambling, Lotteries, Etc.",Derived from LIS bill summary,6,5,1,6,INSUFFICIENT DATA,83.33333333333334,16.666666666666664
2025,H0279,Nicholas J. Freitas,R,"Gambling, Lotteries, Etc.",Derived from LIS bill summary,6,5,1,6,INSUFFICIENT DATA,83.33333333333334,16.666666666666664
2025,H0342,Phillip A. Scott,R,"Gambling, Lotteries, Etc.",Derived from LIS bill summary,6,5,1,6,INSUFFICIENT DATA,83.33333333333334,16.666666666666664
2025,H0073,"Robert D. Orrock, Sr.",R,"Gambling, Lotteries, Etc.",Derived from LIS bill summary,6,5,1,6,INSUFFICIENT DATA,83.33333333333334,16.666666666666664
2025,H0364,Timothy P. Griffin,R,"Gambling, Lotteries, Etc.",Derived from LIS bill summary,6,5,1,6,INSUFFICIENT DATA,83.33333333333334,16.666666666666664
2025,H0362,"Thomas A. Garrett, Jr.",R,"Gambling, Lotteries, Etc.",Derived from LIS bill summary,6,4,1,5,INSUFFICIENT DATA,80.0,20.0
2025,H0136,"Thomas C. Wright, Jr.",R,"Gambling, Lotteries, Etc.",Derived from LIS bill summary,6,1,4,5,INSUFFICIENT DATA,20.0,80.0
2025,H0375,Adele Y. McClure,D,"Gambling, Lotteries, Etc.",Derived from LIS bill summary,12,12,0,12,YES,100.0,0.0
2025,H0212,Betsy B. Carr,D,"Gambling, Lotteries, Etc.",Derived from LIS bill summary,14,14,0,14,YES,100.0,0.0
2025,H0329,Bill Wiley,R,"Gambling, Lotteries, Etc.",Derived from LIS bill summary,13,13,0,13,YES,100.0,0.0
2025,H0315,Carrie E. Coyner,R,"Gambling, Lotteries, Etc.",Derived from LIS bill summary,13,12,0,12,YES,100.0,0.0
2025,H0177,David L. Bulova,D,"Gambling, Lotteries, Etc.",Derived from LIS bill summary,23,15,0,15,YES,100.0,0.0
2025,H0334,Elizabeth B. Bennett-Parker,D,"Gambling, Lotteries, Etc.",Derived from LIS bill summary,21,20,0,20,YES,100.0,0.0
2025,H0350,Ellen H. Campbell,R,"Gambling, Lotteries, Etc.",Derived from LIS bill summary,13,12,0,12,YES,100.0,0.0
2025,H0351,Holly M. Seibold,D,"Gambling, Lotteries, Etc.",Derived from LIS bill summary,21,20,0,20,YES,100.0,0.0
2025,H0259,"Hyland F. ""Buddy"" Fowler, Jr.",R,"Gambling, Lotteries, Etc.",Derived from LIS bill summary,12,12,0,12,YES,100.0,0.0
2025,H0262,"James A. ""Jay"" Leftwich",R,"Gambling, Lotteries, Etc.",Derived from LIS bill summary,21,21,0,21,YES,100.0,0.0
2025,H0224,James W. Morefield,R,"Gambling, Lotteries, Etc.",Derived from LIS bill summary,22,22,0,22,YES,100.0,0.0
2025,H0352,"Jonathan ""Jed"" Arnold",R,"Gambling, Lotteries, Etc.",Derived from LIS bill summary,12,12,0,12,YES,100.0,0.0
2025,H0382,Joshua E. Thomas,D,"Gambling, Lotteries, Etc.",Derived from LIS bill summary,12,12,0,12,YES,100.0,0.0
2025,H0314,Joshua G. Cole,D,"Gambling, Lotteries, Etc.",Derived from LIS bill summary,12,11,0,11,YES,100.0,0.0
2025,H0294,Karrie K. Delaney,D,"Gambling, Lotteries, Etc.",Derived from LIS bill summary,12,12,0,12,YES,100.0,0.0
2025,H0227,Luke E. Torian,D,"Gambling, Lotteries, Etc.",Derived from LIS bill summary,23,22,0,22,YES,100.0,0.0
2025,H0264,Marcus B. Simon,D,"Gambling, Lotteries, Etc.",Derived from LIS bill summary,12,12,0,12,YES,100.0,0.0
2025,H0281,Paul E. Krizek,D,"Gambling, Lotteries, Etc.",Derived from LIS bill summary,23,23,0,23,YES,100.0,0.0
2025,H0267,"Robert S. Bloxom, Jr.",R,"Gambling, Lotteries, Etc.",Derived from LIS bill summary,14,14,0,14,YES,100.0,0.0
2025,H0253,Terry L. Austin,R,"Gambling, Lotteries, Etc.",Derived from LIS bill summary,13,13,0,13,YES,100.0,0.0
2025,H0284,"Marcia S. ""Cia"" Price",D,"Gambling, Lotteries, Etc.",Derived from LIS bill summary,21,20,1,21,YES,95.23809523809523,4.761904761904762
2025,H0375,Adele Y. McClure,D,Health and Healthcare,Derived from LIS bill description,6,6,0,6,INSUFFICIENT DATA,100.0,0.0
2025,H0311,Alex Q. Askew,D,Health and Healthcare,Derived from LIS bill description,7,6,0,6,INSUFFICIENT DATA,100.0,0.0
2025,H0239,Alfonso H. Lopez,D,Health and Healthcare,Derived from LIS bill description,6,6,0,6,INSUFFICIENT DATA,100.0,0.0
2025,H0371,Amy J. Laufer,D,Health and Healthcare,Derived from LIS bill description,8,8,0,8,INSUFFICIENT DATA,100.0,0.0
2025,H0380,Atoosa R. Reaser,D,Health and Healthcare,Derived from LIS bill description,9,9,0,9,INSUFFICIENT DATA,100.0,0.0
2025,H0206,Barry D. Knight,R,Health and Healthcare,Derived from LIS bill description,6,1,0,1,INSUFFICIENT DATA,100.0,0.0
2025,H0212,Betsy B. Carr,D,Health and Healthcare,Derived from LIS bill description,6,6,0,6,INSUFFICIENT DATA,100.0,0.0
2025,H0353,Bonita G. Anthony,D,Health and Healthcare,Derived from LIS bill description,6,6,0,6,INSUFFICIENT DATA,100.0,0.0
2025,H0343,Briana D. Sewell,D,Health and Healthcare,Derived from LIS bill description,8,8,0,8,INSUFFICIENT DATA,100.0,0.0
2025,H0330,Candi Mundon King,D,Health and Healthcare,Derived from LIS bill description,6,6,0,6,INSUFFICIENT DATA,100.0,0.0
2025,H0317,Dan I. Helmer,D,Health and Healthcare,Derived from LIS bill description,6,6,0,6,INSUFFICIENT DATA,100.0,0.0
2025,H0301,David A. Reid,D,Health and Healthcare,Derived from LIS bill description,6,6,0,6,INSUFFICIENT DATA,100.0,0.0
2025,H0177,David L. Bulova,D,Health and Healthcare,Derived from LIS bill description,6,6,0,6,INSUFFICIENT DATA,100.0,0.0
2025,H0207,Delores L. McQuinn,D,Health and Healthcare,Derived from LIS bill description,8,4,0,4,INSUFFICIENT DATA,100.0,0.0
2025,H0372,Destiny LeVere Bolling,D,Health and Healthcare,Derived from LIS bill description,8,8,0,8,INSUFFICIENT DATA,100.0,0.0
2025,H0322,Don Scott,D,Health and Healthcare,Derived from LIS bill description,6,6,0,6,INSUFFICIENT DATA,100.0,0.0
2025,H0334,Elizabeth B. Bennett-Parker,D,Health and Healthcare,Derived from LIS bill description,6,6,0,6,INSUFFICIENT DATA,100.0,0.0
2025,H0351,Holly M. Seibold,D,Health and Healthcare,Derived from LIS bill description,6,6,0,6,INSUFFICIENT DATA,100.0,0.0
2025,H0349,Jackie H. Glass,D,Health and Healthcare,Derived from LIS bill description,6,6,0,6,INSUFFICIENT DATA,100.0,0.0
2025,H0173,Jeion A. Ward,D,Health and Healthcare,Derived from LIS bill description,6,6,0,6,INSUFFICIENT DATA,100.0,0.0
2025,H0382,Joshua E. Thomas,D,Health and Healthcare,Derived from LIS bill description,8,8,0,8,INSUFFICIENT DATA,100.0,0.0
2025,H0370,Karen Keys-Gamarra,D,Health and Healthcare,Derived from LIS bill description,8,8,0,8,INSUFFICIENT DATA,100.0,0.0
2025,H0294,Karrie K. Delaney,D,Health and Healthcare,Derived from LIS bill description,8,8,0,8,INSUFFICIENT DATA,100.0,0.0
2025,H0354,Katrina Callsen,D,Health and Healthcare,Derived from LIS bill description,8,8,0,8,INSUFFICIENT DATA,100.0,0.0
2025,H0295,Kelly K. Convirs-Fowler,D,Health and Healthcare,Derived from LIS bill description,7,7,0,7,INSUFFICIENT DATA,100.0,0.0
2025,H0355,Laura Jane Cohen,D,Health and Healthcare,Derived from LIS bill description,8,8,0,8,INSUFFICIENT DATA,100.0,0.0
2025,H0227,Luke E. Torian,D,Health and Healthcare,Derived from LIS bill description,6,6,0,6,INSUFFICIENT DATA,100.0,0.0
2025,H0264,Marcus B. Simon,D,Health and Healthcare,Derived from LIS bill description,8,8,0,8,INSUFFICIENT DATA,100.0,0.0
2025,H0374,Marty Martinez,D,Health and Healthcare,Derived from LIS bill description,6,6,0,6,INSUFFICIENT DATA,100.0,0.0
2025,H0360,Michael B. Feggans,D,Health and Healthcare,Derived from LIS bill description,6,6,0,6,INSUFFICIENT DATA,100.0,0.0
2025,H0368,Michael J. Jones,D,Health and Healthcare,Derived from LIS bill description,6,6,0,6,INSUFFICIENT DATA,100.0,0.0
2025,H0340,Michelle Lopes Maldonado,D,Health and Healthcare,Derived from LIS bill description,7,7,0,7,INSUFFICIENT DATA,100.0,0.0
2025,H0336,Nadarius E. Clark,D,Health and Healthcare,Derived from LIS bill description,8,8,0,8,INSUFFICIENT DATA,100.0,0.0
2025,H0281,Paul E. Krizek,D,Health and Healthcare,Derived from LIS bill description,6,6,0,6,INSUFFICIENT DATA,100.0,0.0
2025,H0366,Phil M. Hernandez,D,Health and Healthcare,Derived from LIS bill description,8,8,0,8,INSUFFICIENT DATA,100.0,0.0
2025,H0356,Rae Cousins,D,Health and Healthcare,Derived from LIS bill description,9,9,0,9,INSUFFICIENT DATA,100.0,0.0
2025,H0269,"Richard C. ""Rip"" Sullivan, Jr.",D,Health and Healthcare,Derived from LIS bill description,8,8,0,8,INSUFFICIENT DATA,100.0,0.0
2025,H0266,Sam Rasoul,D,Health and Healthcare,Derived from LIS bill description,8,6,0,6,INSUFFICIENT DATA,100.0,0.0
2025,H0323,Shelly A. Simonds,D,Health and Healthcare,Derived from LIS bill description,7,7,0,7,INSUFFICIENT DATA,100.0,0.0
2025,H0108,Vivian E. Watts,D,Health and Healthcare,Derived from LIS bill description,8,8,0,8,INSUFFICIENT DATA,100.0,0.0
2025,H0345,Anne Ferrell Tata,R,Health and Healthcare,Derived from LIS bill description,8,7,1,8,INSUFFICIENT DATA,87.5,12.5
2025,H0262,"James A. ""Jay"" Leftwich",R,Health and Healthcare,Derived from LIS bill description,8,7,1,8,INSUFFICIENT DATA,87.5,12.5
2025,H0333,Jason S. Ballard,R,Health and Healthcare,Derived from LIS bill description,8,7,1,8,INSUFFICIENT DATA,87.5,12.5
2025,H0056,Terry G. Kilgore,R,Health and Healthcare,Derived from LIS bill description,8,7,1,8,INSUFFICIENT DATA,87.5,12.5
2025,H0315,Carrie E. Coyner,R,Health and Healthcare,Derived from LIS bill description,7,6,1,7,INSUFFICIENT DATA,85.71428571428571,14.285714285714285
2025,H0378,Chris Obenshain,R,Health and Healthcare,Derived from LIS bill description,7,6,1,7,INSUFFICIENT DATA,85.71428571428571,14.285714285714285
2025,H0358,"Mark L. Earley, Jr.",R,Health and Healthcare,Derived from LIS bill description,7,6,1,7,INSUFFICIENT DATA,85.71428571428571,14.285714285714285
2025,H0363,W. Chad Green,R,Health and Healthcare,Derived from LIS bill description,7,6,1,7,INSUFFICIENT DATA,85.71428571428571,14.285714285714285
2025,H0357,Will Davis,R,Health and Healthcare,Derived from LIS bill description,7,6,1,7,INSUFFICIENT DATA,85.71428571428571,14.285714285714285
2025,H0329,Bill Wiley,R,Health and Healthcare,Derived from LIS bill description,6,5,1,6,INSUFFICIENT DATA,83.33333333333334,16.666666666666664
2025,H0321,Chris S. Runion,R,Health and Healthcare,Derived from LIS bill description,6,5,1,6,INSUFFICIENT DATA,83.33333333333334,16.666666666666664
2025,H0377,Delores Oates,R,Health and Healthcare,Derived from LIS bill description,6,5,1,6,INSUFFICIENT DATA,83.33333333333334,16.666666666666664
2025,H0350,Ellen H. Campbell,R,Health and Healthcare,Derived from LIS bill description,6,5,1,6,INSUFFICIENT DATA,83.33333333333334,16.666666666666664
2025,H0384,Eric Phillips,R,Health and Healthcare,Derived from LIS bill description,6,5,1,6,INSUFFICIENT DATA,83.33333333333334,16.666666666666664
2025,H0369,Hillary Pugh Kent,R,Health and Healthcare,Derived from LIS bill description,6,5,1,6,INSUFFICIENT DATA,83.33333333333334,16.666666666666664
2025,H0259,"Hyland F. ""Buddy"" Fowler, Jr.",R,Health and Healthcare,Derived from LIS bill description,6,5,1,6,INSUFFICIENT DATA,83.33333333333334,16.666666666666664
2025,H0373,Ian T. Lovejoy,R,Health and Healthcare,Derived from LIS bill description,6,5,1,6,INSUFFICIENT DATA,83.33333333333334,16.666666666666664
2025,H0242,Israel D. O'Quinn,R,Health and Healthcare,Derived from LIS bill description,6,5,1,6,INSUFFICIENT DATA,83.33333333333334,16.666666666666664
2025,H0224,James W. Morefield,R,Health and Healthcare,Derived from LIS bill description,6,5,1,6,INSUFFICIENT DATA,83.33333333333334,16.666666666666664
2025,H0308,Joseph P. McNamara,R,Health and Healthcare,Derived from LIS bill description,6,5,1,6,INSUFFICIENT DATA,83.33333333333334,16.666666666666664
2025,H0247,Michael J. Webert,R,Health and Healthcare,Derived from LIS bill description,6,5,1,6,INSUFFICIENT DATA,83.33333333333334,16.666666666666664
2025,H0124,R. Lee Ware,R,Health and Healthcare,Derived from LIS bill description,6,5,1,6,INSUFFICIENT DATA,83.33333333333334,16.666666666666664
2025,H0267,"Robert S. Bloxom, Jr.",R,Health and Healthcare,Derived from LIS bill description,6,5,1,6,INSUFFICIENT DATA,83.33333333333334,16.666666666666664
2025,H0328,Scott A. Wyatt,R,Health and Healthcare,Derived from LIS bill description,6,5,1,6,INSUFFICIENT DATA,83.33333333333334,16.666666666666664
2025,H0253,Terry L. Austin,R,Health and Healthcare,Derived from LIS bill description,6,5,1,6,INSUFFICIENT DATA,83.33333333333334,16.666666666666664
2025,H0136,"Thomas C. Wright, Jr.",R,Health and Healthcare,Derived from LIS bill description,6,5,1,6,INSUFFICIENT DATA,83.33333333333334,16.666666666666664
2025,H0231,Tony O. Wilt,R,Health and Healthcare,Derived from LIS bill description,6,5,1,6,INSUFFICIENT DATA,83.33333333333334,16.666666666666664
2025,H0181,C. Todd Gilbert,R,Health and Healthcare,Derived from LIS bill description,6,4,1,5,INSUFFICIENT DATA,80.0,20.0
2025,H0352,"Jonathan ""Jed"" Arnold",R,Health and Healthcare,Derived from LIS bill description,7,4,1,5,INSUFFICIENT DATA,80.0,20.0
2025,H0376,Paul V. Milde,R,Health and Healthcare,Derived from LIS bill description,6,4,1,5,INSUFFICIENT DATA,80.0,20.0
2025,H0313,Amanda E. Batten,R,Health and Healthcare,Derived from LIS bill description,9,7,2,9,INSUFFICIENT DATA,77.77777777777779,22.22222222222222
2025,H0337,A.C. Cordoza,R,Health and Healthcare,Derived from LIS bill description,8,6,2,8,INSUFFICIENT DATA,75.0,25.0
2025,H0383,Eric R. Zehr,R,Health and Healthcare,Derived from LIS bill description,8,6,2,8,INSUFFICIENT DATA,75.0,25.0
2025,H0348,Wren M. Williams,R,Health and Healthcare,Derived from LIS bill description,8,6,2,8,INSUFFICIENT DATA,75.0,25.0
2025,H0362,"Thomas A. Garrett, Jr.",R,Health and Healthcare,Derived from LIS bill description,8,5,2,7,INSUFFICIENT DATA,71.42857142857143,28.57142857142857
2025,H0279,Nicholas J. Freitas,R,Health and Healthcare,Derived from LIS bill description,7,4,2,6,INSUFFICIENT DATA,66.66666666666666,33.33333333333333
2025,H0364,Timothy P. Griffin,R,Health and Healthcare,Derived from LIS bill description,6,3,3,6,INSUFFICIENT DATA,50.0,50.0
2025,H0150,"Daniel W. Marshall, III",R,Health and Healthcare,Derived from LIS bill description,6,0,0,0,INSUFFICIENT DATA,0.0,0.0
2025,H0329,Bill Wiley,R,Health and Healthcare,Derived from LIS bill summary,153,99,54,153,MIXED,64.70588235294117,35.294117647058826
2025,H0342,Phillip A. Scott,R,Health and Healthcare,Derived from LIS bill summary,216,139,76,215,MIXED,64.65116279069767,35.348837209302324
2025,H0345,Anne Ferrell Tata,R,Health and Healthcare,Derived from LIS bill summary,160,102,58,160,MIXED,63.74999999999999,36.25
2025,H0378,Chris Obenshain,R,Health and Healthcare,Derived from LIS bill summary,127,79,48,127,MIXED,62.20472440944882,37.79527559055118
2025,H0328,Scott A. Wyatt,R,Health and Healthcare,Derived from LIS bill summary,153,94,58,152,MIXED,61.8421052631579,38.15789473684211
2025,H0259,"Hyland F. ""Buddy"" Fowler, Jr.",R,Health and Healthcare,Derived from LIS bill summary,125,76,47,123,MIXED,61.78861788617886,38.21138211382114
2025,H0369,Hillary Pugh Kent,R,Health and Healthcare,Derived from LIS bill summary,116,71,44,115,MIXED,61.73913043478261,38.26086956521739
2025,H0150,"Daniel W. Marshall, III",R,Health and Healthcare,Derived from LIS bill summary,177,40,25,65,MIXED,61.53846153846154,38.46153846153847
2025,H0242,Israel D. O'Quinn,R,Health and Healthcare,Derived from LIS bill summary,141,83,52,135,MIXED,61.48148148148148,38.51851851851852
2025,H0357,Will Davis,R,Health and Healthcare,Derived from LIS bill summary,124,76,48,124,MIXED,61.29032258064516,38.70967741935484
2025,H0333,Jason S. Ballard,R,Health and Healthcare,Derived from LIS bill summary,154,93,60,153,MIXED,60.78431372549019,39.21568627450981
2025,H0384,Eric Phillips,R,Health and Healthcare,Derived from LIS bill summary,119,71,46,117,MIXED,60.68376068376068,39.31623931623932
2025,H0348,Wren M. Williams,R,Health and Healthcare,Derived from LIS bill summary,152,89,62,151,MIXED,58.94039735099338,41.05960264900662
2025,H0376,Paul V. Milde,R,Health and Healthcare,Derived from LIS bill summary,114,64,45,109,MIXED,58.71559633027523,41.284403669724774
2025,H0308,Joseph P. McNamara,R,Health and Healthcare,Derived from LIS bill summary,161,91,67,158,MIXED,57.59493670886076,42.405063291139236
2025,H0231,Tony O. Wilt,R,Health and Healthcare,Derived from LIS bill summary,165,93,71,164,MIXED,56.70731707317073,43.292682926829265
2025,H0352,"Jonathan ""Jed"" Arnold",R,Health and Healthcare,Derived from LIS bill summary,126,68,54,122,MIXED,55.73770491803278,44.26229508196721
2025,H0313,Amanda E. Batten,R,Health and Healthcare,Derived from LIS bill summary,146,80,66,146,MIXED,54.794520547945204,45.20547945205479
2025,H0124,R. Lee Ware,R,Health and Healthcare,Derived from LIS bill summary,117,64,53,117,MIXED,54.700854700854705,45.2991452991453
2025,H0321,Chris S. Runion,R,Health and Healthcare,Derived from LIS bill summary,147,80,67,147,MIXED,54.421768707483,45.57823129251701
2025,H0247,Michael J. Webert,R,Health and Healthcare,Derived from LIS bill summary,148,80,67,147,MIXED,54.421768707483,45.57823129251701
2025,H0262,"James A. ""Jay"" Leftwich",R,Health and Healthcare,Derived from LIS bill summary,129,67,60,127,MIXED,52.75590551181102,47.24409448818898
2025,H0377,Delores Oates,R,Health and Healthcare,Derived from LIS bill summary,121,61,59,120,MIXED,50.83333333333333,49.166666666666664
2025,H0181,C. Todd Gilbert,R,Health and Healthcare,Derived from LIS bill summary,139,67,70,137,MIXED,48.9051094890511,51.09489051094891
2025,H0362,"Thomas A. Garrett, Jr.",R,Health and Healthcare,Derived from LIS bill summary,125,55,60,115,MIXED,47.82608695652174,52.17391304347826
2025,H0136,"Thomas C. Wright, Jr.",R,Health and Healthcare,Derived from LIS bill summary,113,49,54,103,MIXED,47.57281553398058,52.42718446601942
2025,H0383,Eric R. Zehr,R,Health and Healthcare,Derived from LIS bill summary,125,57,67,124,MIXED,45.96774193548387,54.03225806451613
2025,H0279,Nicholas J. Freitas,R,Health and Healthcare,Derived from LIS bill summary,125,53,66,119,MIXED,44.537815126050425,55.46218487394958
2025,H0364,Timothy P. Griffin,R,Health and Healthcare,Derived from LIS bill summary,114,48,66,114,MIXED,42.10526315789473,57.89473684210527
2025,H0285,"C.E. Cliff Hayes, Jr.",D,Health and Healthcare,Derived from LIS bill description,12,12,0,12,YES,100.0,0.0
2025,H0208,Charniele L. Herring,D,Health and Healthcare,Derived from LIS bill description,14,14,0,14,YES,100.0,0.0
2025,H0361,Debra D. Gardner,D,Health and Healthcare,Derived from LIS bill description,13,13,0,13,YES,100.0,0.0
2025,H0344,Irene Shin,D,Health and Healthcare,Derived from LIS bill description,15,15,0,15,YES,100.0,0.0
2025,H0385,JJ Singh,D,Health and Healthcare,Derived from LIS bill description,13,13,0,13,YES,100.0,0.0
2025,H0314,Joshua G. Cole,D,Health and Healthcare,Derived from LIS bill description,12,12,0,12,YES,100.0,0.0
2025,H0305,Kathy K.L. Tran,D,Health and Healthcare,Derived from LIS bill description,13,13,0,13,YES,100.0,0.0
2025,H0284,"Marcia S. ""Cia"" Price",D,Health and Healthcare,Derived from LIS bill description,14,14,0,14,YES,100.0,0.0
2025,H0359,N. Baxter Ennis,R,Health and Healthcare,Derived from LIS bill description,13,13,0,13,YES,100.0,0.0
2025,H0327,Rodney T. Willett,D,Health and Healthcare,Derived from LIS bill description,14,14,0,14,YES,100.0,0.0
2025,H0365,"Rozia A. Henson, Jr.",D,Health and Healthcare,Derived from LIS bill description,13,13,0,13,YES,100.0,0.0
2025,H0361,Debra D. Gardner,D,Health and Healthcare,Derived from LIS bill summary,232,217,11,228,YES,95.17543859649122,4.824561403508771
2025,H0327,Rodney T. Willett,D,Health and Healthcare,Derived from LIS bill summary,263,250,13,263,YES,95.05703422053232,4.942965779467681
2025,H0212,Betsy B. Carr,D,Health and Healthcare,Derived from LIS bill summary,181,172,9,181,YES,95.02762430939227,4.972375690607735
2025,H0172,Mark D. Sickles,D,Health and Healthcare,Derived from LIS bill summary,326,248,13,261,YES,95.01915708812261,4.980842911877394
2025,H0344,Irene Shin,D,Health and Healthcare,Derived from LIS bill summary,279,264,14,278,YES,94.96402877697841,5.0359712230215825
2025,H0285,"C.E. Cliff Hayes, Jr.",D,Health and Healthcare,Derived from LIS bill summary,272,224,12,236,YES,94.91525423728814,5.084745762711865
2025,H0368,Michael J. Jones,D,Health and Healthcare,Derived from LIS bill summary,137,112,6,118,YES,94.91525423728814,5.084745762711865
2025,H0314,Joshua G. Cole,D,Health and Healthcare,Derived from LIS bill summary,231,197,11,208,YES,94.71153846153845,5.288461538461538
2025,H0365,"Rozia A. Henson, Jr.",D,Health and Healthcare,Derived from LIS bill summary,225,213,12,225,YES,94.66666666666667,5.333333333333334
2025,H0266,Sam Rasoul,D,Health and Healthcare,Derived from LIS bill summary,197,176,10,186,YES,94.6236559139785,5.376344086021505
2025,H0208,Charniele L. Herring,D,Health and Healthcare,Derived from LIS bill summary,255,239,14,253,YES,94.46640316205533,5.533596837944664
2025,H0281,Paul E. Krizek,D,Health and Healthcare,Derived from LIS bill summary,180,170,10,180,YES,94.44444444444444,5.555555555555555
2025,H0219,Patrick A. Hope,D,Health and Healthcare,Derived from LIS bill summary,239,220,13,233,YES,94.4206008583691,5.579399141630901
2025,H0385,JJ Singh,D,Health and Healthcare,Derived from LIS bill summary,231,197,12,209,YES,94.25837320574163,5.741626794258373
2025,H0284,"Marcia S. ""Cia"" Price",D,Health and Healthcare,Derived from LIS bill summary,239,224,14,238,YES,94.11764705882352,5.88235294117647
2025,H0311,Alex Q. Askew,D,Health and Healthcare,Derived from LIS bill summary,170,158,10,168,YES,94.04761904761905,5.952380952380952
2025,H0343,Briana D. Sewell,D,Health and Healthcare,Derived from LIS bill summary,164,154,10,164,YES,93.90243902439023,6.097560975609756
2025,H0305,Kathy K.L. Tran,D,Health and Healthcare,Derived from LIS bill summary,241,226,15,241,YES,93.7759336099585,6.224066390041494
2025,H0269,"Richard C. ""Rip"" Sullivan, Jr.",D,Health and Healthcare,Derived from LIS bill summary,172,159,11,170,YES,93.52941176470588,6.470588235294119
2025,H0317,Dan I. Helmer,D,Health and Healthcare,Derived from LIS bill summary,154,144,10,154,YES,93.5064935064935,6.493506493506493
2025,H0177,David L. Bulova,D,Health and Healthcare,Derived from LIS bill summary,158,144,10,154,YES,93.5064935064935,6.493506493506493
2025,H0207,Delores L. McQuinn,D,Health and Healthcare,Derived from LIS bill summary,163,143,10,153,YES,93.4640522875817,6.535947712418301
2025,H0372,Destiny LeVere Bolling,D,Health and Healthcare,Derived from LIS bill summary,177,156,11,167,YES,93.41317365269461,6.58682634730539
2025,H0295,Kelly K. Convirs-Fowler,D,Health and Healthcare,Derived from LIS bill summary,151,141,10,151,YES,93.37748344370861,6.622516556291391
2025,H0356,Rae Cousins,D,Health and Healthcare,Derived from LIS bill summary,151,141,10,151,YES,93.37748344370861,6.622516556291391
2025,H0330,Candi Mundon King,D,Health and Healthcare,Derived from LIS bill summary,152,140,10,150,YES,93.33333333333333,6.666666666666667
2025,H0219,Patrick A. Hope,D,Health and Healthcare,Derived from LIS bill description,17,14,1,15,YES,93.33333333333333,6.666666666666667
2025,H0108,Vivian E. Watts,D,Health and Healthcare,Derived from LIS bill summary,138,125,9,134,YES,93.28358208955224,6.7164179104477615
2025,H0301,David A. Reid,D,Health and Healthcare,Derived from LIS bill summary,148,138,10,148,YES,93.24324324324324,6.756756756756757
2025,H0340,Michelle Lopes Maldonado,D,Health and Healthcare,Derived from LIS bill summary,161,150,11,161,YES,93.16770186335404,6.832298136645963
2025,H0239,Alfonso H. Lopez,D,Health and Healthcare,Derived from LIS bill summary,150,136,10,146,YES,93.15068493150685,6.8493150684931505
2025,H0351,Holly M. Seibold,D,Health and Healthcare,Derived from LIS bill summary,129,120,9,129,YES,93.02325581395348,6.976744186046512
2025,H0380,Atoosa R. Reaser,D,Health and Healthcare,Derived from LIS bill summary,142,132,10,142,YES,92.95774647887323,7.042253521126761
2025,H0173,Jeion A. Ward,D,Health and Healthcare,Derived from LIS bill summary,166,131,10,141,YES,92.90780141843972,7.092198581560284
2025,H0227,Luke E. Torian,D,Health and Healthcare,Derived from LIS bill summary,183,140,11,151,YES,92.71523178807946,7.28476821192053
2025,H0360,Michael B. Feggans,D,Health and Healthcare,Derived from LIS bill summary,151,139,11,150,YES,92.66666666666666,7.333333333333333
2025,H0323,Shelly A. Simonds,D,Health and Healthcare,Derived from LIS bill summary,137,126,10,136,YES,92.64705882352942,7.352941176470589
2025,H0294,Karrie K. Delaney,D,Health and Healthcare,Derived from LIS bill summary,137,125,10,135,YES,92.5925925925926,7.4074074074074066
2025,H0354,Katrina Callsen,D,Health and Healthcare,Derived from LIS bill summary,132,122,10,132,YES,92.42424242424242,7.575757575757576
2025,H0366,Phil M. Hernandez,D,Health and Healthcare,Derived from LIS bill summary,132,120,10,130,YES,92.3076923076923,7.6923076923076925
2025,H0325,Wendell S. Walker,R,Health and Healthcare,Derived from LIS bill description,13,12,1,13,YES,92.3076923076923,7.6923076923076925
2025,H0375,Adele Y. McClure,D,Health and Healthcare,Derived from LIS bill summary,130,118,10,128,YES,92.1875,7.8125
2025,H0264,Marcus B. Simon,D,Health and Healthcare,Derived from LIS bill summary,143,129,11,140,YES,92.14285714285714,7.857142857142857
2025,H0355,Laura Jane Cohen,D,Health and Healthcare,Derived from LIS bill summary,127,117,10,127,YES,92.1259842519685,7.874015748031496
2025,H0336,Nadarius E. Clark,D,Health and Healthcare,Derived from LIS bill summary,131,117,10,127,YES,92.1259842519685,7.874015748031496
2025,H0371,Amy J. Laufer,D,Health and Healthcare,Derived from LIS bill summary,128,116,10,126,YES,92.06349206349206,7.936507936507936
2025,H0370,Karen Keys-Gamarra,D,Health and Healthcare,Derived from LIS bill summary,126,115,10,125,YES,92.0,8.0
2025,H0382,Joshua E. Thomas,D,Health and Healthcare,Derived from LIS bill summary,138,126,11,137,YES,91.97080291970804,8.02919708029197
2025,H0334,Elizabeth B. Bennett-Parker,D,Health and Healthcare,Derived from LIS bill summary,126,112,10,122,YES,91.80327868852459,8.19672131147541
2025,H0353,Bonita G. Anthony,D,Health and Healthcare,Derived from LIS bill summary,120,110,10,120,YES,91.66666666666666,8.333333333333332
2025,H0172,Mark D. Sickles,D,Health and Healthcare,Derived from LIS bill description,15,11,1,12,YES,91.66666666666666,8.333333333333332
2025,H0322,Don Scott,D,Health and Healthcare,Derived from LIS bill summary,116,106,10,116,YES,91.37931034482759,8.620689655172415
2025,H0374,Marty Martinez,D,Health and Healthcare,Derived from LIS bill summary,115,105,10,115,YES,91.30434782608695,8.695652173913043
2025,H0349,Jackie H. Glass,D,Health and Healthcare,Derived from LIS bill summary,116,105,11,116,YES,90.51724137931035,9.482758620689655
2025,H0238,M. Keith Hodges,R,Health and Healthcare,Derived from LIS bill description,14,12,2,14,YES,85.71428571428571,14.285714285714285
2025,H0367,Geary Higgins,R,Health and Healthcare,Derived from LIS bill description,13,11,2,13,YES,84.61538461538461,15.384615384615385
2025,H0335,Mike A. Cherry,R,Health and Healthcare,Derived from LIS bill description,13,11,2,13,YES,84.61538461538461,15.384615384615385
2025,H0073,"Robert D. Orrock, Sr.",R,Health and Healthcare,Derived from LIS bill description,13,11,2,13,YES,84.61538461538461,15.384615384615385
2025,H0379,David Owen,R,Health and Healthcare,Derived from LIS bill description,12,10,2,12,YES,83.33333333333334,16.666666666666664
2025,H0342,Phillip A. Scott,R,Health and Healthcare,Derived from LIS bill description,14,10,2,12,YES,83.33333333333334,16.666666666666664
2025,H0073,"Robert D. Orrock, Sr.",R,Health and Healthcare,Derived from LIS bill summary,231,182,44,226,YES,80.53097345132744,19.469026548672566
2025,H0359,N. Baxter Ennis,R,Health and Healthcare,Derived from LIS bill summary,223,176,43,219,YES,80.36529680365297,19.63470319634703
2025,H0346,Kim A. Taylor,R,Health and Healthcare,Derived from LIS bill summary,223,160,40,200,YES,80.0,20.0
2025,H0238,M. Keith Hodges,R,Health and Healthcare,Derived from LIS bill summary,291,230,60,290,YES,79.3103448275862,20.689655172413794
2025,H0347,"H. Otto Wachsmann, Jr.",R,Health and Healthcare,Derived from LIS bill description,14,11,3,14,YES,78.57142857142857,21.428571428571427
2025,H0379,David Owen,R,Health and Healthcare,Derived from LIS bill summary,219,168,50,218,YES,77.06422018348624,22.93577981651376
2025,H0346,Kim A. Taylor,R,Health and Healthcare,Derived from LIS bill description,14,10,3,13,YES,76.92307692307693,23.076923076923077
2025,H0347,"H. Otto Wachsmann, Jr.",R,Health and Healthcare,Derived from LIS bill summary,216,162,53,215,YES,75.34883720930232,24.651162790697676
2025,H0325,Wendell S. Walker,R,Health and Healthcare,Derived from LIS bill summary,218,164,54,218,YES,75.22935779816514,24.770642201834864
2025,H0367,Geary Higgins,R,Health and Healthcare,Derived from LIS bill summary,216,162,54,216,YES,75.0,25.0
2025,H0315,Carrie E. Coyner,R,Health and Healthcare,Derived from LIS bill summary,198,126,43,169,YES,74.55621301775149,25.443786982248522
2025,H0224,James W. Morefield,R,Health and Healthcare,Derived from LIS bill summary,152,104,43,147,YES,70.74829931972789,29.25170068027211
2025,H0335,Mike A. Cherry,R,Health and Healthcare,Derived from LIS bill summary,230,159,68,227,YES,70.04405286343612,29.955947136563875
2025,H0350,Ellen H. Campbell,R,Health and Healthcare,Derived from LIS bill summary,178,111,51,162,YES,68.51851851851852,31.48148148148148
2025,H0206,Barry D. Knight,R,Health and Healthcare,Derived from LIS bill summary,122,26,12,38,YES,68.42105263157895,31.57894736842105
2025,H0253,Terry L. Austin,R,Health and Healthcare,Derived from LIS bill summary,160,106,52,158,YES,67.08860759493672,32.91139240506329
2025,H0337,A.C. Cordoza,R,Health and Healthcare,Derived from LIS bill summary,133,89,44,133,YES,66.9172932330827,33.08270676691729
2025,H0267,"Robert S. Bloxom, Jr.",R,Health and Healthcare,Derived from LIS bill summary,151,101,50,151,YES,66.88741721854305,33.11258278145696
2025,H0056,Terry G. Kilgore,R,Health and Healthcare,Derived from LIS bill summary,167,107,54,161,YES,66.45962732919256,33.54037267080746
2025,H0363,W. Chad Green,R,Health and Healthcare,Derived from LIS bill summary,130,86,44,130,YES,66.15384615384615,33.84615384615385
2025,H0373,Ian T. Lovejoy,R,Health and Healthcare,Derived from LIS bill summary,115,76,39,115,YES,66.08695652173913,33.91304347826087
2025,H0358,"Mark L. Earley, Jr.",R,Health and Healthcare,Derived from LIS bill summary,120,77,40,117,YES,65.8119658119658,34.18803418803419
2025,H0384,Eric Phillips,R,Higher Education,Derived from LIS bill summary,56,35,20,55,MIXED,63.63636363636363,36.36363636363637
2025,H0373,Ian T. Lovejoy,R,Higher Education,Derived from LIS bill summary,54,33,20,53,MIXED,62.264150943396224,37.735849056603776
2025,H0367,Geary Higgins,R,Higher Education,Derived from LIS bill summary,57,35,22,57,MIXED,61.40350877192983,38.59649122807017
2025,H0328,Scott A. Wyatt,R,Higher Education,Derived from LIS bill summary,65,39,25,64,MIXED,60.9375,39.0625
2025,H0313,Amanda E. Batten,R,Higher Education,Derived from LIS bill summary,89,52,35,87,MIXED,59.77011494252874,40.229885057471265
2025,H0369,Hillary Pugh Kent,R,Higher Education,Derived from LIS bill summary,54,32,22,54,MIXED,59.25925925925925,40.74074074074074
2025,H0333,Jason S. Ballard,R,Higher Education,Derived from LIS bill summary,58,34,24,58,MIXED,58.620689655172406,41.37931034482759
2025,H0348,Wren M. Williams,R,Higher Education,Derived from LIS bill summary,59,34,24,58,MIXED,58.620689655172406,41.37931034482759
2025,H0259,"Hyland F. ""Buddy"" Fowler, Jr.",R,Higher Education,Derived from LIS bill summary,55,32,23,55,MIXED,58.18181818181818,41.81818181818181
2025,H0325,Wendell S. Walker,R,Higher Education,Derived from LIS bill summary,55,32,23,55,MIXED,58.18181818181818,41.81818181818181
2025,H0357,Will Davis,R,Higher Education,Derived from LIS bill summary,55,32,23,55,MIXED,58.18181818181818,41.81818181818181
2025,H0352,"Jonathan ""Jed"" Arnold",R,Higher Education,Derived from LIS bill summary,56,31,23,54,MIXED,57.407407407407405,42.592592592592595
2025,H0308,Joseph P. McNamara,R,Higher Education,Derived from LIS bill summary,56,31,23,54,MIXED,57.407407407407405,42.592592592592595
2025,H0247,Michael J. Webert,R,Higher Education,Derived from LIS bill summary,62,35,26,61,MIXED,57.377049180327866,42.62295081967213
2025,H0231,Tony O. Wilt,R,Higher Education,Derived from LIS bill summary,61,34,27,61,MIXED,55.73770491803278,44.26229508196721
2025,H0362,"Thomas A. Garrett, Jr.",R,Higher Education,Derived from LIS bill summary,102,52,43,95,MIXED,54.736842105263165,45.26315789473684
2025,H0376,Paul V. Milde,R,Higher Education,Derived from LIS bill summary,53,29,24,53,MIXED,54.71698113207547,45.28301886792453
2025,H0262,"James A. ""Jay"" Leftwich",R,Higher Education,Derived from LIS bill summary,57,30,26,56,MIXED,53.57142857142857,46.42857142857143
2025,H0342,Phillip A. Scott,R,Higher Education,Derived from LIS bill summary,104,55,48,103,MIXED,53.398058252427184,46.601941747572816
2025,H0124,R. Lee Ware,R,Higher Education,Derived from LIS bill summary,55,29,26,55,MIXED,52.72727272727272,47.27272727272727
2025,H0136,"Thomas C. Wright, Jr.",R,Higher Education,Derived from LIS bill summary,54,24,22,46,MIXED,52.17391304347826,47.82608695652174
2025,H0383,Eric R. Zehr,R,Higher Education,Derived from LIS bill summary,102,52,50,102,MIXED,50.98039215686274,49.01960784313725
2025,H0321,Chris S. Runion,R,Higher Education,Derived from LIS bill summary,57,28,28,56,MIXED,50.0,50.0
2025,H0242,Israel D. O'Quinn,R,Higher Education,Derived from LIS bill summary,57,28,28,56,MIXED,50.0,50.0
2025,H0279,Nicholas J. Freitas,R,Higher Education,Derived from LIS bill summary,82,39,41,80,MIXED,48.75,51.24999999999999
2025,H0377,Delores Oates,R,Higher Education,Derived from LIS bill summary,58,27,31,58,MIXED,46.55172413793103,53.44827586206896
2025,H0181,C. Todd Gilbert,R,Higher Education,Derived from LIS bill summary,58,26,31,57,MIXED,45.614035087719294,54.385964912280706
2025,H0364,Timothy P. Griffin,R,Higher Education,Derived from LIS bill summary,53,23,30,53,MIXED,43.39622641509434,56.60377358490566
2025,H0311,Alex Q. Askew,D,Higher Education,Derived from LIS bill summary,113,107,6,113,YES,94.69026548672566,5.3097345132743365
2025,H0356,Rae Cousins,D,Higher Education,Derived from LIS bill summary,104,98,6,104,YES,94.23076923076923,5.769230769230769
2025,H0207,Delores L. McQuinn,D,Higher Education,Derived from LIS bill summary,114,97,6,103,YES,94.1747572815534,5.825242718446602
2025,H0336,Nadarius E. Clark,D,Higher Education,Derived from LIS bill summary,107,97,6,103,YES,94.1747572815534,5.825242718446602
2025,H0323,Shelly A. Simonds,D,Higher Education,Derived from LIS bill summary,101,92,6,98,YES,93.87755102040816,6.122448979591836
2025,H0150,"Daniel W. Marshall, III",R,Higher Education,Derived from LIS bill summary,68,14,1,15,YES,93.33333333333333,6.666666666666667
2025,H0266,Sam Rasoul,D,Higher Education,Derived from LIS bill summary,135,97,7,104,YES,93.26923076923077,6.730769230769231
2025,H0371,Amy J. Laufer,D,Higher Education,Derived from LIS bill summary,104,95,7,102,YES,93.13725490196079,6.862745098039216
2025,H0380,Atoosa R. Reaser,D,Higher Education,Derived from LIS bill summary,102,95,7,102,YES,93.13725490196079,6.862745098039216
2025,H0295,Kelly K. Convirs-Fowler,D,Higher Education,Derived from LIS bill summary,84,78,6,84,YES,92.85714285714286,7.142857142857142
2025,H0327,Rodney T. Willett,D,Higher Education,Derived from LIS bill summary,68,63,5,68,YES,92.64705882352942,7.352941176470589
2025,H0372,Destiny LeVere Bolling,D,Higher Education,Derived from LIS bill summary,120,107,9,116,YES,92.24137931034483,7.758620689655173
2025,H0355,Laura Jane Cohen,D,Higher Education,Derived from LIS bill summary,103,95,8,103,YES,92.23300970873787,7.766990291262135
2025,H0343,Briana D. Sewell,D,Higher Education,Derived from LIS bill summary,115,105,9,114,YES,92.10526315789474,7.894736842105263
2025,H0354,Katrina Callsen,D,Higher Education,Derived from LIS bill summary,58,53,5,58,YES,91.37931034482759,8.620689655172415
2025,H0177,David L. Bulova,D,Higher Education,Derived from LIS bill summary,70,63,6,69,YES,91.30434782608695,8.695652173913043
2025,H0108,Vivian E. Watts,D,Higher Education,Derived from LIS bill summary,57,52,5,57,YES,91.22807017543859,8.771929824561402
2025,H0212,Betsy B. Carr,D,Higher Education,Derived from LIS bill summary,69,62,6,68,YES,91.17647058823529,8.823529411764707
2025,H0172,Mark D. Sickles,D,Higher Education,Derived from LIS bill summary,69,61,6,67,YES,91.04477611940298,8.955223880597014
2025,H0281,Paul E. Krizek,D,Higher Education,Derived from LIS bill summary,67,61,6,67,YES,91.04477611940298,8.955223880597014
2025,H0285,"C.E. Cliff Hayes, Jr.",D,Higher Education,Derived from LIS bill summary,69,60,6,66,YES,90.9090909090909,9.090909090909092
2025,H0301,David A. Reid,D,Higher Education,Derived from LIS bill summary,65,59,6,65,YES,90.76923076923077,9.230769230769232
2025,H0227,Luke E. Torian,D,Higher Education,Derived from LIS bill summary,70,59,6,65,YES,90.76923076923077,9.230769230769232
2025,H0368,Michael J. Jones,D,Higher Education,Derived from LIS bill summary,57,49,5,54,YES,90.74074074074075,9.25925925925926
2025,H0239,Alfonso H. Lopez,D,Higher Education,Derived from LIS bill summary,62,56,6,62,YES,90.32258064516128,9.67741935483871
2025,H0344,Irene Shin,D,Higher Education,Derived from LIS bill summary,60,54,6,60,YES,90.0,10.0
2025,H0382,Joshua E. Thomas,D,Higher Education,Derived from LIS bill summary,61,54,6,60,YES,90.0,10.0
2025,H0219,Patrick A. Hope,D,Higher Education,Derived from LIS bill summary,62,54,6,60,YES,90.0,10.0
2025,H0351,Holly M. Seibold,D,Higher Education,Derived from LIS bill summary,58,52,6,58,YES,89.65517241379311,10.344827586206897
2025,H0294,Karrie K. Delaney,D,Higher Education,Derived from LIS bill summary,58,52,6,58,YES,89.65517241379311,10.344827586206897
2025,H0366,Phil M. Hernandez,D,Higher Education,Derived from LIS bill summary,58,52,6,58,YES,89.65517241379311,10.344827586206897
2025,H0360,Michael B. Feggans,D,Higher Education,Derived from LIS bill summary,58,51,6,57,YES,89.47368421052632,10.526315789473683
2025,H0340,Michelle Lopes Maldonado,D,Higher Education,Derived from LIS bill summary,57,51,6,57,YES,89.47368421052632,10.526315789473683
2025,H0334,Elizabeth B. Bennett-Parker,D,Higher Education,Derived from LIS bill summary,55,49,6,55,YES,89.0909090909091,10.909090909090908
2025,H0370,Karen Keys-Gamarra,D,Higher Education,Derived from LIS bill summary,56,49,6,55,YES,89.0909090909091,10.909090909090908
2025,H0365,"Rozia A. Henson, Jr.",D,Higher Education,Derived from LIS bill summary,55,49,6,55,YES,89.0909090909091,10.909090909090908
2025,H0361,Debra D. Gardner,D,Higher Education,Derived from LIS bill summary,57,48,6,54,YES,88.88888888888889,11.11111111111111
2025,H0322,Don Scott,D,Higher Education,Derived from LIS bill summary,54,48,6,54,YES,88.88888888888889,11.11111111111111
2025,H0208,Charniele L. Herring,D,Higher Education,Derived from LIS bill summary,62,55,7,62,YES,88.70967741935483,11.29032258064516
2025,H0264,Marcus B. Simon,D,Higher Education,Derived from LIS bill summary,63,55,7,62,YES,88.70967741935483,11.29032258064516
2025,H0330,Candi Mundon King,D,Higher Education,Derived from LIS bill summary,62,54,7,61,YES,88.52459016393442,11.475409836065573
2025,H0269,"Richard C. ""Rip"" Sullivan, Jr.",D,Higher Education,Derived from LIS bill summary,61,54,7,61,YES,88.52459016393442,11.475409836065573
2025,H0375,Adele Y. McClure,D,Higher Education,Derived from LIS bill summary,58,50,7,57,YES,87.71929824561403,12.280701754385964
2025,H0284,"Marcia S. ""Cia"" Price",D,Higher Education,Derived from LIS bill summary,57,50,7,57,YES,87.71929824561403,12.280701754385964
2025,H0314,Joshua G. Cole,D,Higher Education,Derived from LIS bill summary,58,49,7,56,YES,87.5,12.5
2025,H0385,JJ Singh,D,Higher Education,Derived from LIS bill summary,56,48,7,55,YES,87.27272727272727,12.727272727272727
2025,H0173,Jeion A. Ward,D,Higher Education,Derived from LIS bill summary,58,48,7,55,YES,87.27272727272727,12.727272727272727
2025,H0349,Jackie H. Glass,D,Higher Education,Derived from LIS bill summary,54,47,7,54,YES,87.03703703703704,12.962962962962962
2025,H0374,Marty Martinez,D,Higher Education,Derived from LIS bill summary,54,47,7,54,YES,87.03703703703704,12.962962962962962
2025,H0353,Bonita G. Anthony,D,Higher Education,Derived from LIS bill summary,53,46,7,53,YES,86.79245283018868,13.20754716981132
2025,H0305,Kathy K.L. Tran,D,Higher Education,Derived from LIS bill summary,58,50,8,58,YES,86.20689655172413,13.793103448275861
2025,H0317,Dan I. Helmer,D,Higher Education,Derived from LIS bill summary,60,51,9,60,YES,85.0,15.0
2025,H0206,Barry D. Knight,R,Higher Education,Derived from LIS bill summary,55,15,3,18,YES,83.33333333333334,16.666666666666664
2025,H0315,Carrie E. Coyner,R,Higher Education,Derived from LIS bill summary,114,91,19,110,YES,82.72727272727273,17.272727272727273
2025,H0337,A.C. Cordoza,R,Higher Education,Derived from LIS bill summary,59,45,14,59,YES,76.27118644067797,23.728813559322035
2025,H0267,"Robert S. Bloxom, Jr.",R,Higher Education,Derived from LIS bill summary,67,51,16,67,YES,76.11940298507463,23.88059701492537
2025,H0345,Anne Ferrell Tata,R,Higher Education,Derived from LIS bill summary,113,85,28,113,YES,75.22123893805309,24.778761061946902
2025,H0359,N. Baxter Ennis,R,Higher Education,Derived from LIS bill summary,87,65,22,87,YES,74.71264367816092,25.287356321839084
2025,H0363,W. Chad Green,R,Higher Education,Derived from LIS bill summary,98,72,26,98,YES,73.46938775510205,26.53061224489796
2025,H0358,"Mark L. Earley, Jr.",R,Higher Education,Derived from LIS bill summary,55,40,15,55,YES,72.72727272727273,27.27272727272727
2025,H0073,"Robert D. Orrock, Sr.",R,Higher Education,Derived from LIS bill summary,56,37,14,51,YES,72.54901960784314,27.450980392156865
2025,H0224,James W. Morefield,R,Higher Education,Derived from LIS bill summary,66,46,18,64,YES,71.875,28.125
2025,H0379,David Owen,R,Higher Education,Derived from LIS bill summary,59,42,17,59,YES,71.1864406779661,28.8135593220339
2025,H0253,Terry L. Austin,R,Higher Education,Derived from LIS bill summary,66,46,19,65,YES,70.76923076923077,29.230769230769234
2025,H0378,Chris Obenshain,R,Higher Education,Derived from LIS bill summary,58,41,17,58,YES,70.6896551724138,29.310344827586203
2025,H0346,Kim A. Taylor,R,Higher Education,Derived from LIS bill summary,58,36,15,51,YES,70.58823529411765,29.411764705882355
2025,H0335,Mike A. Cherry,R,Higher Education,Derived from LIS bill summary,101,70,31,101,YES,69.3069306930693,30.693069306930692
2025,H0350,Ellen H. Campbell,R,Higher Education,Derived from LIS bill summary,69,47,21,68,YES,69.11764705882352,30.88235294117647
2025,H0347,"H. Otto Wachsmann, Jr.",R,Higher Education,Derived from LIS bill summary,55,38,17,55,YES,69.0909090909091,30.909090909090907
2025,H0238,M. Keith Hodges,R,Higher Education,Derived from LIS bill summary,69,47,22,69,YES,68.11594202898551,31.88405797101449
2025,H0056,Terry G. Kilgore,R,Higher Education,Derived from LIS bill summary,59,39,19,58,YES,67.24137931034483,32.758620689655174
2025,H0329,Bill Wiley,R,Higher Education,Derived from LIS bill summary,67,44,23,67,YES,65.67164179104478,34.32835820895522
2025,H0375,Adele Y. McClure,D,Housing,Derived from LIS bill description,8,6,0,6,INSUFFICIENT DATA,100.0,0.0
2025,H0311,Alex Q. Askew,D,Housing,Derived from LIS bill description,4,4,0,4,INSUFFICIENT DATA,100.0,0.0
2025,H0239,Alfonso H. Lopez,D,Housing,Derived from LIS bill description,4,4,0,4,INSUFFICIENT DATA,100.0,0.0
2025,H0371,Amy J. Laufer,D,Housing,Derived from LIS bill description,4,4,0,4,INSUFFICIENT DATA,100.0,0.0
2025,H0380,Atoosa R. Reaser,D,Housing,Derived from LIS bill description,4,4,0,4,INSUFFICIENT DATA,100.0,0.0
2025,H0212,Betsy B. Carr,D,Housing,Derived from LIS bill description,9,9,0,9,INSUFFICIENT DATA,100.0,0.0
2025,H0353,Bonita G. Anthony,D,Housing,Derived from LIS bill description,4,4,0,4,INSUFFICIENT DATA,100.0,0.0
2025,H0343,Briana D. Sewell,D,Housing,Derived from LIS bill description,4,4,0,4,INSUFFICIENT DATA,100.0,0.0
2025,H0285,"C.E. Cliff Hayes, Jr.",D,Housing,Derived from LIS bill description,4,4,0,4,INSUFFICIENT DATA,100.0,0.0
2025,H0330,Candi Mundon King,D,Housing,Derived from LIS bill description,4,4,0,4,INSUFFICIENT DATA,100.0,0.0
2025,H0208,Charniele L. Herring,D,Housing,Derived from LIS bill description,4,4,0,4,INSUFFICIENT DATA,100.0,0.0
2025,H0317,Dan I. Helmer,D,Housing,Derived from LIS bill description,4,4,0,4,INSUFFICIENT DATA,100.0,0.0
2025,H0301,David A. Reid,D,Housing,Derived from LIS bill description,4,4,0,4,INSUFFICIENT DATA,100.0,0.0
2025,H0177,David L. Bulova,D,Housing,Derived from LIS bill description,9,8,0,8,INSUFFICIENT DATA,100.0,0.0
2025,H0361,Debra D. Gardner,D,Housing,Derived from LIS bill description,4,4,0,4,INSUFFICIENT DATA,100.0,0.0
2025,H0207,Delores L. McQuinn,D,Housing,Derived from LIS bill description,4,2,0,2,INSUFFICIENT DATA,100.0,0.0
2025,H0372,Destiny LeVere Bolling,D,Housing,Derived from LIS bill description,4,2,0,2,INSUFFICIENT DATA,100.0,0.0
2025,H0322,Don Scott,D,Housing,Derived from LIS bill description,4,4,0,4,INSUFFICIENT DATA,100.0,0.0
2025,H0334,Elizabeth B. Bennett-Parker,D,Housing,Derived from LIS bill description,9,9,0,9,INSUFFICIENT DATA,100.0,0.0
2025,H0351,Holly M. Seibold,D,Housing,Derived from LIS bill description,8,7,0,7,INSUFFICIENT DATA,100.0,0.0
2025,H0344,Irene Shin,D,Housing,Derived from LIS bill description,4,4,0,4,INSUFFICIENT DATA,100.0,0.0
2025,H0385,JJ Singh,D,Housing,Derived from LIS bill description,4,4,0,4,INSUFFICIENT DATA,100.0,0.0
2025,H0349,Jackie H. Glass,D,Housing,Derived from LIS bill description,4,4,0,4,INSUFFICIENT DATA,100.0,0.0
2025,H0173,Jeion A. Ward,D,Housing,Derived from LIS bill description,4,4,0,4,INSUFFICIENT DATA,100.0,0.0
2025,H0382,Joshua E. Thomas,D,Housing,Derived from LIS bill description,9,9,0,9,INSUFFICIENT DATA,100.0,0.0
2025,H0314,Joshua G. Cole,D,Housing,Derived from LIS bill description,8,8,0,8,INSUFFICIENT DATA,100.0,0.0
2025,H0370,Karen Keys-Gamarra,D,Housing,Derived from LIS bill description,4,4,0,4,INSUFFICIENT DATA,100.0,0.0
2025,H0294,Karrie K. Delaney,D,Housing,Derived from LIS bill description,8,6,0,6,INSUFFICIENT DATA,100.0,0.0
2025,H0305,Kathy K.L. Tran,D,Housing,Derived from LIS bill description,4,4,0,4,INSUFFICIENT DATA,100.0,0.0
2025,H0354,Katrina Callsen,D,Housing,Derived from LIS bill description,4,4,0,4,INSUFFICIENT DATA,100.0,0.0
2025,H0295,Kelly K. Convirs-Fowler,D,Housing,Derived from LIS bill description,4,4,0,4,INSUFFICIENT DATA,100.0,0.0
2025,H0355,Laura Jane Cohen,D,Housing,Derived from LIS bill description,4,4,0,4,INSUFFICIENT DATA,100.0,0.0
2025,H0227,Luke E. Torian,D,Housing,Derived from LIS bill description,8,8,0,8,INSUFFICIENT DATA,100.0,0.0
2025,H0284,"Marcia S. ""Cia"" Price",D,Housing,Derived from LIS bill description,9,9,0,9,INSUFFICIENT DATA,100.0,0.0
2025,H0264,Marcus B. Simon,D,Housing,Derived from LIS bill description,9,9,0,9,INSUFFICIENT DATA,100.0,0.0
2025,H0172,Mark D. Sickles,D,Housing,Derived from LIS bill description,4,4,0,4,INSUFFICIENT DATA,100.0,0.0
2025,H0374,Marty Martinez,D,Housing,Derived from LIS bill description,4,4,0,4,INSUFFICIENT DATA,100.0,0.0
2025,H0360,Michael B. Feggans,D,Housing,Derived from LIS bill description,4,4,0,4,INSUFFICIENT DATA,100.0,0.0
2025,H0368,Michael J. Jones,D,Housing,Derived from LIS bill description,4,4,0,4,INSUFFICIENT DATA,100.0,0.0
2025,H0340,Michelle Lopes Maldonado,D,Housing,Derived from LIS bill description,4,4,0,4,INSUFFICIENT DATA,100.0,0.0
2025,H0336,Nadarius E. Clark,D,Housing,Derived from LIS bill description,4,4,0,4,INSUFFICIENT DATA,100.0,0.0
2025,H0219,Patrick A. Hope,D,Housing,Derived from LIS bill description,4,4,0,4,INSUFFICIENT DATA,100.0,0.0
2025,H0281,Paul E. Krizek,D,Housing,Derived from LIS bill description,8,8,0,8,INSUFFICIENT DATA,100.0,0.0
2025,H0366,Phil M. Hernandez,D,Housing,Derived from LIS bill description,4,4,0,4,INSUFFICIENT DATA,100.0,0.0
2025,H0356,Rae Cousins,D,Housing,Derived from LIS bill description,4,4,0,4,INSUFFICIENT DATA,100.0,0.0
2025,H0269,"Richard C. ""Rip"" Sullivan, Jr.",D,Housing,Derived from LIS bill description,4,4,0,4,INSUFFICIENT DATA,100.0,0.0
2025,H0327,Rodney T. Willett,D,Housing,Derived from LIS bill description,4,4,0,4,INSUFFICIENT DATA,100.0,0.0
2025,H0365,"Rozia A. Henson, Jr.",D,Housing,Derived from LIS bill description,4,4,0,4,INSUFFICIENT DATA,100.0,0.0
2025,H0266,Sam Rasoul,D,Housing,Derived from LIS bill description,4,4,0,4,INSUFFICIENT DATA,100.0,0.0
2025,H0323,Shelly A. Simonds,D,Housing,Derived from LIS bill description,4,4,0,4,INSUFFICIENT DATA,100.0,0.0
2025,H0108,Vivian E. Watts,D,Housing,Derived from LIS bill description,4,4,0,4,INSUFFICIENT DATA,100.0,0.0
2025,H0315,Carrie E. Coyner,R,Housing,Derived from LIS bill description,9,4,3,7,INSUFFICIENT DATA,57.14285714285714,42.857142857142854
2025,H0337,A.C. Cordoza,R,Housing,Derived from LIS bill description,4,2,2,4,INSUFFICIENT DATA,50.0,50.0
2025,H0378,Chris Obenshain,R,Housing,Derived from LIS bill description,4,2,2,4,INSUFFICIENT DATA,50.0,50.0
2025,H0384,Eric Phillips,R,Housing,Derived from LIS bill description,4,2,2,4,INSUFFICIENT DATA,50.0,50.0
2025,H0373,Ian T. Lovejoy,R,Housing,Derived from LIS bill description,4,2,2,4,INSUFFICIENT DATA,50.0,50.0
2025,H0346,Kim A. Taylor,R,Housing,Derived from LIS bill description,4,2,2,4,INSUFFICIENT DATA,50.0,50.0
2025,H0358,"Mark L. Earley, Jr.",R,Housing,Derived from LIS bill description,4,2,2,4,INSUFFICIENT DATA,50.0,50.0
2025,H0376,Paul V. Milde,R,Housing,Derived from LIS bill description,4,2,2,4,INSUFFICIENT DATA,50.0,50.0
2025,H0073,"Robert D. Orrock, Sr.",R,Housing,Derived from LIS bill description,4,2,2,4,INSUFFICIENT DATA,50.0,50.0
2025,H0267,"Robert S. Bloxom, Jr.",R,Housing,Derived from LIS bill description,8,4,4,8,INSUFFICIENT DATA,50.0,50.0
2025,H0056,Terry G. Kilgore,R,Housing,Derived from LIS bill description,4,2,2,4,INSUFFICIENT DATA,50.0,50.0
2025,H0224,James W. Morefield,R,Housing,Derived from LIS bill description,8,3,5,8,INSUFFICIENT DATA,37.5,62.5
2025,H0253,Terry L. Austin,R,Housing,Derived from LIS bill description,9,3,6,9,INSUFFICIENT DATA,33.33333333333333,66.66666666666666
2025,H0350,Ellen H. Campbell,R,Housing,Derived from LIS bill description,8,2,5,7,INSUFFICIENT DATA,28.57142857142857,71.42857142857143
2025,H0345,Anne Ferrell Tata,R,Housing,Derived from LIS bill description,4,1,3,4,INSUFFICIENT DATA,25.0,75.0
2025,H0329,Bill Wiley,R,Housing,Derived from LIS bill description,8,2,6,8,INSUFFICIENT DATA,25.0,75.0
2025,H0321,Chris S. Runion,R,Housing,Derived from LIS bill description,4,1,3,4,INSUFFICIENT DATA,25.0,75.0
2025,H0379,David Owen,R,Housing,Derived from LIS bill description,4,1,3,4,INSUFFICIENT DATA,25.0,75.0
2025,H0367,Geary Higgins,R,Housing,Derived from LIS bill description,4,1,3,4,INSUFFICIENT DATA,25.0,75.0
2025,H0242,Israel D. O'Quinn,R,Housing,Derived from LIS bill description,4,1,3,4,INSUFFICIENT DATA,25.0,75.0
2025,H0333,Jason S. Ballard,R,Housing,Derived from LIS bill description,4,1,3,4,INSUFFICIENT DATA,25.0,75.0
2025,H0308,Joseph P. McNamara,R,Housing,Derived from LIS bill description,4,1,3,4,INSUFFICIENT DATA,25.0,75.0
2025,H0238,M. Keith Hodges,R,Housing,Derived from LIS bill description,4,1,3,4,INSUFFICIENT DATA,25.0,75.0
2025,H0335,Mike A. Cherry,R,Housing,Derived from LIS bill description,4,1,3,4,INSUFFICIENT DATA,25.0,75.0
2025,H0359,N. Baxter Ennis,R,Housing,Derived from LIS bill description,4,1,3,4,INSUFFICIENT DATA,25.0,75.0
2025,H0328,Scott A. Wyatt,R,Housing,Derived from LIS bill description,4,1,3,4,INSUFFICIENT DATA,25.0,75.0
2025,H0362,"Thomas A. Garrett, Jr.",R,Housing,Derived from LIS bill description,4,1,3,4,INSUFFICIENT DATA,25.0,75.0
2025,H0231,Tony O. Wilt,R,Housing,Derived from LIS bill description,4,1,3,4,INSUFFICIENT DATA,25.0,75.0
2025,H0357,Will Davis,R,Housing,Derived from LIS bill description,4,1,3,4,INSUFFICIENT DATA,25.0,75.0
2025,H0352,"Jonathan ""Jed"" Arnold",R,Housing,Derived from LIS bill description,9,2,7,9,INSUFFICIENT DATA,22.22222222222222,77.77777777777779
2025,H0259,"Hyland F. ""Buddy"" Fowler, Jr.",R,Housing,Derived from LIS bill description,8,1,5,6,INSUFFICIENT DATA,16.666666666666664,83.33333333333334
2025,H0150,"Daniel W. Marshall, III",R,Housing,Derived from LIS bill summary,54,1,7,8,INSUFFICIENT DATA,12.5,87.5
2025,H0313,Amanda E. Batten,R,Housing,Derived from LIS bill description,4,0,4,4,INSUFFICIENT DATA,0.0,100.0
2025,H0206,Barry D. Knight,R,Housing,Derived from LIS bill description,8,0,2,2,INSUFFICIENT DATA,0.0,100.0
2025,H0181,C. Todd Gilbert,R,Housing,Derived from LIS bill description,4,0,4,4,INSUFFICIENT DATA,0.0,100.0
2025,H0150,"Daniel W. Marshall, III",R,Housing,Derived from LIS bill description,4,0,0,0,INSUFFICIENT DATA,0.0,0.0
2025,H0377,Delores Oates,R,Housing,Derived from LIS bill description,4,0,4,4,INSUFFICIENT DATA,0.0,100.0
2025,H0383,Eric R. Zehr,R,Housing,Derived from LIS bill description,4,0,4,4,INSUFFICIENT DATA,0.0,100.0
2025,H0347,"H. Otto Wachsmann, Jr.",R,Housing,Derived from LIS bill description,4,0,4,4,INSUFFICIENT DATA,0.0,100.0
2025,H0369,Hillary Pugh Kent,R,Housing,Derived from LIS bill description,4,0,4,4,INSUFFICIENT DATA,0.0,100.0
2025,H0262,"James A. ""Jay"" Leftwich",R,Housing,Derived from LIS bill description,8,0,8,8,INSUFFICIENT DATA,0.0,100.0
2025,H0247,Michael J. Webert,R,Housing,Derived from LIS bill description,4,0,4,4,INSUFFICIENT DATA,0.0,100.0
2025,H0279,Nicholas J. Freitas,R,Housing,Derived from LIS bill description,4,0,3,3,INSUFFICIENT DATA,0.0,100.0
2025,H0342,Phillip A. Scott,R,Housing,Derived from LIS bill description,4,0,4,4,INSUFFICIENT DATA,0.0,100.0
2025,H0124,R. Lee Ware,R,Housing,Derived from LIS bill description,4,0,4,4,INSUFFICIENT DATA,0.0,100.0
2025,H0136,"Thomas C. Wright, Jr.",R,Housing,Derived from LIS bill description,4,0,4,4,INSUFFICIENT DATA,0.0,100.0
2025,H0364,Timothy P. Griffin,R,Housing,Derived from LIS bill description,4,0,4,4,INSUFFICIENT DATA,0.0,100.0
2025,H0363,W. Chad Green,R,Housing,Derived from LIS bill description,4,0,4,4,INSUFFICIENT DATA,0.0,100.0
2025,H0325,Wendell S. Walker,R,Housing,Derived from LIS bill description,4,0,4,4,INSUFFICIENT DATA,0.0,100.0
2025,H0348,Wren M. Williams,R,Housing,Derived from LIS bill description,4,0,4,4,INSUFFICIENT DATA,0.0,100.0
2025,H0315,Carrie E. Coyner,R,Housing,Derived from LIS bill summary,91,51,29,80,MIXED,63.74999999999999,36.25
2025,H0267,"Robert S. Bloxom, Jr.",R,Housing,Derived from LIS bill summary,76,45,30,75,MIXED,60.0,40.0
2025,H0253,Terry L. Austin,R,Housing,Derived from LIS bill summary,91,53,38,91,MIXED,58.24175824175825,41.75824175824176
2025,H0378,Chris Obenshain,R,Housing,Derived from LIS bill summary,50,29,21,50,MIXED,57.99999999999999,42.0
2025,H0073,"Robert D. Orrock, Sr.",R,Housing,Derived from LIS bill summary,50,29,21,50,MIXED,57.99999999999999,42.0
2025,H0259,"Hyland F. ""Buddy"" Fowler, Jr.",R,Housing,Derived from LIS bill summary,78,44,32,76,MIXED,57.89473684210527,42.10526315789473
2025,H0359,N. Baxter Ennis,R,Housing,Derived from LIS bill summary,46,25,20,45,MIXED,55.55555555555556,44.44444444444444
2025,H0224,James W. Morefield,R,Housing,Derived from LIS bill summary,85,46,38,84,MIXED,54.761904761904766,45.23809523809524
2025,H0373,Ian T. Lovejoy,R,Housing,Derived from LIS bill summary,56,30,25,55,MIXED,54.54545454545454,45.45454545454545
2025,H0329,Bill Wiley,R,Housing,Derived from LIS bill summary,72,39,33,72,MIXED,54.166666666666664,45.83333333333333
2025,H0350,Ellen H. Campbell,R,Housing,Derived from LIS bill summary,84,42,38,80,MIXED,52.5,47.5
2025,H0337,A.C. Cordoza,R,Housing,Derived from LIS bill summary,51,26,25,51,MIXED,50.98039215686274,49.01960784313725
2025,H0056,Terry G. Kilgore,R,Housing,Derived from LIS bill summary,53,26,25,51,MIXED,50.98039215686274,49.01960784313725
2025,H0346,Kim A. Taylor,R,Housing,Derived from LIS bill summary,46,21,21,42,MIXED,50.0,50.0
2025,H0231,Tony O. Wilt,R,Housing,Derived from LIS bill summary,50,25,25,50,MIXED,50.0,50.0
2025,H0238,M. Keith Hodges,R,Housing,Derived from LIS bill summary,61,30,31,61,MIXED,49.18032786885246,50.81967213114754
2025,H0367,Geary Higgins,R,Housing,Derived from LIS bill summary,55,26,28,54,MIXED,48.148148148148145,51.85185185185185
2025,H0328,Scott A. Wyatt,R,Housing,Derived from LIS bill summary,58,26,31,57,MIXED,45.614035087719294,54.385964912280706
2025,H0347,"H. Otto Wachsmann, Jr.",R,Housing,Derived from LIS bill summary,46,20,26,46,MIXED,43.47826086956522,56.52173913043478
2025,H0352,"Jonathan ""Jed"" Arnold",R,Housing,Derived from LIS bill summary,93,40,52,92,MIXED,43.47826086956522,56.52173913043478
2025,H0363,W. Chad Green,R,Housing,Derived from LIS bill summary,46,20,26,46,MIXED,43.47826086956522,56.52173913043478
2025,H0345,Anne Ferrell Tata,R,Housing,Derived from LIS bill summary,63,27,36,63,MIXED,42.857142857142854,57.14285714285714
2025,H0333,Jason S. Ballard,R,Housing,Derived from LIS bill summary,54,23,31,54,MIXED,42.592592592592595,57.407407407407405
2025,H0379,David Owen,R,Housing,Derived from LIS bill summary,46,19,27,46,MIXED,41.30434782608695,58.69565217391305
2025,H0384,Eric Phillips,R,Housing,Derived from LIS bill summary,46,19,27,46,MIXED,41.30434782608695,58.69565217391305
2025,H0206,Barry D. Knight,R,Housing,Derived from LIS bill summary,78,14,21,35,MIXED,40.0,60.0
2025,H0358,"Mark L. Earley, Jr.",R,Housing,Derived from LIS bill summary,50,20,30,50,MIXED,40.0,60.0
2025,H0335,Mike A. Cherry,R,Housing,Derived from LIS bill summary,46,18,27,45,MIXED,40.0,60.0
2025,H0308,Joseph P. McNamara,R,Housing,Derived from LIS bill summary,60,23,37,60,MIXED,38.333333333333336,61.66666666666667
2025,H0325,Wendell S. Walker,R,Housing,Derived from LIS bill summary,47,18,29,47,MIXED,38.297872340425535,61.702127659574465
2025,H0376,Paul V. Milde,R,Housing,Derived from LIS bill summary,46,17,29,46,MIXED,36.95652173913043,63.04347826086957
2025,H0357,Will Davis,R,Housing,Derived from LIS bill summary,52,19,33,52,MIXED,36.53846153846153,63.46153846153846
2025,H0377,Delores Oates,R,Housing,Derived from LIS bill summary,55,20,35,55,MIXED,36.36363636363637,63.63636363636363
2025,H0124,R. Lee Ware,R,Housing,Derived from LIS bill summary,49,17,30,47,MIXED,36.17021276595745,63.829787234042556
2025,H0262,"James A. ""Jay"" Leftwich",R,Housing,Derived from LIS bill summary,79,27,50,77,MIXED,35.064935064935064,64.93506493506493
2025,H0369,Hillary Pugh Kent,R,Housing,Derived from LIS bill summary,49,16,33,49,NO,32.6530612244898,67.3469387755102
2025,H0321,Chris S. Runion,R,Housing,Derived from LIS bill summary,53,17,36,53,NO,32.075471698113205,67.9245283018868
2025,H0242,Israel D. O'Quinn,R,Housing,Derived from LIS bill summary,47,14,30,44,NO,31.818181818181817,68.18181818181817
2025,H0313,Amanda E. Batten,R,Housing,Derived from LIS bill summary,51,15,35,50,NO,30.0,70.0
2025,H0247,Michael J. Webert,R,Housing,Derived from LIS bill summary,50,14,36,50,NO,28.000000000000004,72.0
2025,H0362,"Thomas A. Garrett, Jr.",R,Housing,Derived from LIS bill summary,47,10,34,44,NO,22.727272727272727,77.27272727272727
2025,H0136,"Thomas C. Wright, Jr.",R,Housing,Derived from LIS bill summary,48,10,37,47,NO,21.27659574468085,78.72340425531915
2025,H0348,Wren M. Williams,R,Housing,Derived from LIS bill summary,52,11,41,52,NO,21.153846153846153,78.84615384615384
2025,H0181,C. Todd Gilbert,R,Housing,Derived from LIS bill summary,47,9,38,47,NO,19.148936170212767,80.85106382978722
2025,H0383,Eric R. Zehr,R,Housing,Derived from LIS bill summary,46,8,38,46,NO,17.391304347826086,82.6086956521739
2025,H0279,Nicholas J. Freitas,R,Housing,Derived from LIS bill summary,47,8,38,46,NO,17.391304347826086,82.6086956521739
2025,H0364,Timothy P. Griffin,R,Housing,Derived from LIS bill summary,46,8,38,46,NO,17.391304347826086,82.6086956521739
2025,H0342,Phillip A. Scott,R,Housing,Derived from LIS bill summary,46,7,39,46,NO,15.217391304347828,84.78260869565217
2025,H0266,Sam Rasoul,D,Housing,Derived from LIS bill summary,48,47,0,47,YES,100.0,0.0
2025,H0382,Joshua E. Thomas,D,Housing,Derived from LIS bill summary,95,93,1,94,YES,98.93617021276596,1.0638297872340425
2025,H0212,Betsy B. Carr,D,Housing,Derived from LIS bill summary,93,92,1,93,YES,98.9247311827957,1.0752688172043012
2025,H0177,David L. Bulova,D,Housing,Derived from LIS bill summary,98,83,1,84,YES,98.80952380952381,1.1904761904761905
2025,H0281,Paul E. Krizek,D,Housing,Derived from LIS bill summary,79,78,1,79,YES,98.73417721518987,1.2658227848101267
2025,H0294,Karrie K. Delaney,D,Housing,Derived from LIS bill summary,78,77,1,78,YES,98.71794871794873,1.282051282051282
2025,H0375,Adele Y. McClure,D,Housing,Derived from LIS bill summary,73,72,1,73,YES,98.63013698630137,1.36986301369863
2025,H0351,Holly M. Seibold,D,Housing,Derived from LIS bill summary,73,71,1,72,YES,98.61111111111111,1.3888888888888888
2025,H0314,Joshua G. Cole,D,Housing,Derived from LIS bill summary,73,70,1,71,YES,98.59154929577466,1.4084507042253522
2025,H0380,Atoosa R. Reaser,D,Housing,Derived from LIS bill summary,65,64,1,65,YES,98.46153846153847,1.5384615384615385
2025,H0354,Katrina Callsen,D,Housing,Derived from LIS bill summary,66,64,1,65,YES,98.46153846153847,1.5384615384615385
2025,H0323,Shelly A. Simonds,D,Housing,Derived from LIS bill summary,64,61,1,62,YES,98.38709677419355,1.6129032258064515
2025,H0343,Briana D. Sewell,D,Housing,Derived from LIS bill summary,61,60,1,61,YES,98.36065573770492,1.639344262295082
2025,H0311,Alex Q. Askew,D,Housing,Derived from LIS bill summary,59,58,1,59,YES,98.30508474576271,1.694915254237288
2025,H0355,Laura Jane Cohen,D,Housing,Derived from LIS bill summary,59,58,1,59,YES,98.30508474576271,1.694915254237288
2025,H0361,Debra D. Gardner,D,Housing,Derived from LIS bill summary,59,57,1,58,YES,98.27586206896551,1.7241379310344827
2025,H0344,Irene Shin,D,Housing,Derived from LIS bill summary,58,57,1,58,YES,98.27586206896551,1.7241379310344827
2025,H0330,Candi Mundon King,D,Housing,Derived from LIS bill summary,65,56,1,57,YES,98.24561403508771,1.7543859649122806
2025,H0374,Marty Martinez,D,Housing,Derived from LIS bill summary,56,55,1,56,YES,98.21428571428571,1.7857142857142856
2025,H0366,Phil M. Hernandez,D,Housing,Derived from LIS bill summary,56,55,1,56,YES,98.21428571428571,1.7857142857142856
2025,H0269,"Richard C. ""Rip"" Sullivan, Jr.",D,Housing,Derived from LIS bill summary,55,54,1,55,YES,98.18181818181819,1.8181818181818181
2025,H0108,Vivian E. Watts,D,Housing,Derived from LIS bill summary,54,52,1,53,YES,98.11320754716981,1.8867924528301887
2025,H0327,Rodney T. Willett,D,Housing,Derived from LIS bill summary,53,51,1,52,YES,98.07692307692307,1.9230769230769231
2025,H0317,Dan I. Helmer,D,Housing,Derived from LIS bill summary,51,50,1,51,YES,98.0392156862745,1.9607843137254901
2025,H0305,Kathy K.L. Tran,D,Housing,Derived from LIS bill summary,51,50,1,51,YES,98.0392156862745,1.9607843137254901
2025,H0356,Rae Cousins,D,Housing,Derived from LIS bill summary,51,50,1,51,YES,98.0392156862745,1.9607843137254901
2025,H0172,Mark D. Sickles,D,Housing,Derived from LIS bill summary,50,49,1,50,YES,98.0,2.0
2025,H0368,Michael J. Jones,D,Housing,Derived from LIS bill summary,55,49,1,50,YES,98.0,2.0
2025,H0340,Michelle Lopes Maldonado,D,Housing,Derived from LIS bill summary,51,49,1,50,YES,98.0,2.0
2025,H0239,Alfonso H. Lopez,D,Housing,Derived from LIS bill summary,51,48,1,49,YES,97.95918367346938,2.0408163265306123
2025,H0336,Nadarius E. Clark,D,Housing,Derived from LIS bill summary,49,48,1,49,YES,97.95918367346938,2.0408163265306123
2025,H0371,Amy J. Laufer,D,Housing,Derived from LIS bill summary,50,47,1,48,YES,97.91666666666666,2.083333333333333
2025,H0301,David A. Reid,D,Housing,Derived from LIS bill summary,48,47,1,48,YES,97.91666666666666,2.083333333333333
2025,H0349,Jackie H. Glass,D,Housing,Derived from LIS bill summary,49,47,1,48,YES,97.91666666666666,2.083333333333333
2025,H0353,Bonita G. Anthony,D,Housing,Derived from LIS bill summary,47,46,1,47,YES,97.87234042553192,2.127659574468085
2025,H0208,Charniele L. Herring,D,Housing,Derived from LIS bill summary,49,46,1,47,YES,97.87234042553192,2.127659574468085
2025,H0372,Destiny LeVere Bolling,D,Housing,Derived from LIS bill summary,48,46,1,47,YES,97.87234042553192,2.127659574468085
2025,H0360,Michael B. Feggans,D,Housing,Derived from LIS bill summary,48,46,1,47,YES,97.87234042553192,2.127659574468085
2025,H0322,Don Scott,D,Housing,Derived from LIS bill summary,46,45,1,46,YES,97.82608695652173,2.1739130434782608
2025,H0173,Jeion A. Ward,D,Housing,Derived from LIS bill summary,48,45,1,46,YES,97.82608695652173,2.1739130434782608
2025,H0295,Kelly K. Convirs-Fowler,D,Housing,Derived from LIS bill summary,48,45,1,46,YES,97.82608695652173,2.1739130434782608
2025,H0365,"Rozia A. Henson, Jr.",D,Housing,Derived from LIS bill summary,46,45,1,46,YES,97.82608695652173,2.1739130434782608
2025,H0285,"C.E. Cliff Hayes, Jr.",D,Housing,Derived from LIS bill summary,48,43,1,44,YES,97.72727272727273,2.272727272727273
2025,H0385,JJ Singh,D,Housing,Derived from LIS bill summary,46,43,1,44,YES,97.72727272727273,2.272727272727273
2025,H0207,Delores L. McQuinn,D,Housing,Derived from LIS bill summary,48,40,1,41,YES,97.5609756097561,2.4390243902439024
2025,H0227,Luke E. Torian,D,Housing,Derived from LIS bill summary,74,70,2,72,YES,97.22222222222221,2.7777777777777777
2025,H0264,Marcus B. Simon,D,Housing,Derived from LIS bill summary,95,92,3,95,YES,96.84210526315789,3.1578947368421053
2025,H0334,Elizabeth B. Bennett-Parker,D,Housing,Derived from LIS bill summary,101,86,3,89,YES,96.62921348314607,3.3707865168539324
2025,H0370,Karen Keys-Gamarra,D,Housing,Derived from LIS bill summary,54,52,2,54,YES,96.29629629629629,3.7037037037037033
2025,H0219,Patrick A. Hope,D,Housing,Derived from LIS bill summary,53,48,2,50,YES,96.0,4.0
2025,H0284,"Marcia S. ""Cia"" Price",D,Housing,Derived from LIS bill summary,89,85,4,89,YES,95.50561797752809,4.49438202247191
2025,H0337,A.C. Cordoza,R,Indian Tribes,Derived from LIS bill description,1,1,0,1,INSUFFICIENT DATA,100.0,0.0
2025,H0375,Adele Y. McClure,D,Indian Tribes,Derived from LIS bill description,2,2,0,2,INSUFFICIENT DATA,100.0,0.0
2025,H0311,Alex Q. Askew,D,Indian Tribes,Derived from LIS bill description,1,1,0,1,INSUFFICIENT DATA,100.0,0.0
2025,H0239,Alfonso H. Lopez,D,Indian Tribes,Derived from LIS bill description,1,1,0,1,INSUFFICIENT DATA,100.0,0.0
2025,H0313,Amanda E. Batten,R,Indian Tribes,Derived from LIS bill description,1,1,0,1,INSUFFICIENT DATA,100.0,0.0
2025,H0371,Amy J. Laufer,D,Indian Tribes,Derived from LIS bill description,1,1,0,1,INSUFFICIENT DATA,100.0,0.0
2025,H0345,Anne Ferrell Tata,R,Indian Tribes,Derived from LIS bill description,1,1,0,1,INSUFFICIENT DATA,100.0,0.0
2025,H0380,Atoosa R. Reaser,D,Indian Tribes,Derived from LIS bill description,1,1,0,1,INSUFFICIENT DATA,100.0,0.0
2025,H0206,Barry D. Knight,R,Indian Tribes,Derived from LIS bill summary,9,3,0,3,INSUFFICIENT DATA,100.0,0.0
2025,H0212,Betsy B. Carr,D,Indian Tribes,Derived from LIS bill description,2,2,0,2,INSUFFICIENT DATA,100.0,0.0
2025,H0329,Bill Wiley,R,Indian Tribes,Derived from LIS bill description,2,2,0,2,INSUFFICIENT DATA,100.0,0.0
2025,H0353,Bonita G. Anthony,D,Indian Tribes,Derived from LIS bill description,1,1,0,1,INSUFFICIENT DATA,100.0,0.0
2025,H0343,Briana D. Sewell,D,Indian Tribes,Derived from LIS bill description,1,1,0,1,INSUFFICIENT DATA,100.0,0.0
2025,H0181,C. Todd Gilbert,R,Indian Tribes,Derived from LIS bill description,1,1,0,1,INSUFFICIENT DATA,100.0,0.0
2025,H0285,"C.E. Cliff Hayes, Jr.",D,Indian Tribes,Derived from LIS bill description,1,1,0,1,INSUFFICIENT DATA,100.0,0.0
2025,H0330,Candi Mundon King,D,Indian Tribes,Derived from LIS bill description,1,1,0,1,INSUFFICIENT DATA,100.0,0.0
2025,H0315,Carrie E. Coyner,R,Indian Tribes,Derived from LIS bill description,2,1,0,1,INSUFFICIENT DATA,100.0,0.0
2025,H0208,Charniele L. Herring,D,Indian Tribes,Derived from LIS bill description,1,1,0,1,INSUFFICIENT DATA,100.0,0.0
2025,H0378,Chris Obenshain,R,Indian Tribes,Derived from LIS bill description,1,1,0,1,INSUFFICIENT DATA,100.0,0.0
2025,H0321,Chris S. Runion,R,Indian Tribes,Derived from LIS bill description,1,1,0,1,INSUFFICIENT DATA,100.0,0.0
2025,H0317,Dan I. Helmer,D,Indian Tribes,Derived from LIS bill description,1,1,0,1,INSUFFICIENT DATA,100.0,0.0
2025,H0150,"Daniel W. Marshall, III",R,Indian Tribes,Derived from LIS bill summary,13,5,0,5,INSUFFICIENT DATA,100.0,0.0
2025,H0301,David A. Reid,D,Indian Tribes,Derived from LIS bill description,1,1,0,1,INSUFFICIENT DATA,100.0,0.0
2025,H0177,David L. Bulova,D,Indian Tribes,Derived from LIS bill description,2,2,0,2,INSUFFICIENT DATA,100.0,0.0
2025,H0379,David Owen,R,Indian Tribes,Derived from LIS bill description,1,1,0,1,INSUFFICIENT DATA,100.0,0.0
2025,H0361,Debra D. Gardner,D,Indian Tribes,Derived from LIS bill description,1,1,0,1,INSUFFICIENT DATA,100.0,0.0
2025,H0207,Delores L. McQuinn,D,Indian Tribes,Derived from LIS bill description,1,1,0,1,INSUFFICIENT DATA,100.0,0.0
2025,H0207,Delores L. McQuinn,D,Indian Tribes,Derived from LIS bill summary,11,9,0,9,INSUFFICIENT DATA,100.0,0.0
2025,H0377,Delores Oates,R,Indian Tribes,Derived from LIS bill description,1,1,0,1,INSUFFICIENT DATA,100.0,0.0
2025,H0372,Destiny LeVere Bolling,D,Indian Tribes,Derived from LIS bill description,1,1,0,1,INSUFFICIENT DATA,100.0,0.0
2025,H0372,Destiny LeVere Bolling,D,Indian Tribes,Derived from LIS bill summary,8,7,0,7,INSUFFICIENT DATA,100.0,0.0
2025,H0322,Don Scott,D,Indian Tribes,Derived from LIS bill description,1,1,0,1,INSUFFICIENT DATA,100.0,0.0
2025,H0334,Elizabeth B. Bennett-Parker,D,Indian Tribes,Derived from LIS bill description,2,2,0,2,INSUFFICIENT DATA,100.0,0.0
2025,H0350,Ellen H. Campbell,R,Indian Tribes,Derived from LIS bill description,2,2,0,2,INSUFFICIENT DATA,100.0,0.0
2025,H0384,Eric Phillips,R,Indian Tribes,Derived from LIS bill description,1,1,0,1,INSUFFICIENT DATA,100.0,0.0
2025,H0383,Eric R. Zehr,R,Indian Tribes,Derived from LIS bill description,1,1,0,1,INSUFFICIENT DATA,100.0,0.0
2025,H0367,Geary Higgins,R,Indian Tribes,Derived from LIS bill description,1,1,0,1,INSUFFICIENT DATA,100.0,0.0
2025,H0347,"H. Otto Wachsmann, Jr.",R,Indian Tribes,Derived from LIS bill description,1,1,0,1,INSUFFICIENT DATA,100.0,0.0
2025,H0369,Hillary Pugh Kent,R,Indian Tribes,Derived from LIS bill description,1,1,0,1,INSUFFICIENT DATA,100.0,0.0
2025,H0351,Holly M. Seibold,D,Indian Tribes,Derived from LIS bill description,2,2,0,2,INSUFFICIENT DATA,100.0,0.0
2025,H0259,"Hyland F. ""Buddy"" Fowler, Jr.",R,Indian Tribes,Derived from LIS bill description,2,1,0,1,INSUFFICIENT DATA,100.0,0.0
2025,H0373,Ian T. Lovejoy,R,Indian Tribes,Derived from LIS bill description,1,1,0,1,INSUFFICIENT DATA,100.0,0.0
2025,H0344,Irene Shin,D,Indian Tribes,Derived from LIS bill description,1,1,0,1,INSUFFICIENT DATA,100.0,0.0
2025,H0242,Israel D. O'Quinn,R,Indian Tribes,Derived from LIS bill description,1,1,0,1,INSUFFICIENT DATA,100.0,0.0
2025,H0385,JJ Singh,D,Indian Tribes,Derived from LIS bill description,1,1,0,1,INSUFFICIENT DATA,100.0,0.0
2025,H0349,Jackie H. Glass,D,Indian Tribes,Derived from LIS bill description,1,1,0,1,INSUFFICIENT DATA,100.0,0.0
2025,H0262,"James A. ""Jay"" Leftwich",R,Indian Tribes,Derived from LIS bill description,2,2,0,2,INSUFFICIENT DATA,100.0,0.0
2025,H0224,James W. Morefield,R,Indian Tribes,Derived from LIS bill description,2,2,0,2,INSUFFICIENT DATA,100.0,0.0
2025,H0333,Jason S. Ballard,R,Indian Tribes,Derived from LIS bill description,1,1,0,1,INSUFFICIENT DATA,100.0,0.0
2025,H0173,Jeion A. Ward,D,Indian Tribes,Derived from LIS bill description,1,1,0,1,INSUFFICIENT DATA,100.0,0.0
2025,H0352,"Jonathan ""Jed"" Arnold",R,Indian Tribes,Derived from LIS bill description,2,1,0,1,INSUFFICIENT DATA,100.0,0.0
2025,H0308,Joseph P. McNamara,R,Indian Tribes,Derived from LIS bill description,1,1,0,1,INSUFFICIENT DATA,100.0,0.0
2025,H0382,Joshua E. Thomas,D,Indian Tribes,Derived from LIS bill description,2,2,0,2,INSUFFICIENT DATA,100.0,0.0
2025,H0314,Joshua G. Cole,D,Indian Tribes,Derived from LIS bill description,2,2,0,2,INSUFFICIENT DATA,100.0,0.0
2025,H0370,Karen Keys-Gamarra,D,Indian Tribes,Derived from LIS bill description,1,1,0,1,INSUFFICIENT DATA,100.0,0.0
2025,H0294,Karrie K. Delaney,D,Indian Tribes,Derived from LIS bill description,2,2,0,2,INSUFFICIENT DATA,100.0,0.0
2025,H0305,Kathy K.L. Tran,D,Indian Tribes,Derived from LIS bill description,1,1,0,1,INSUFFICIENT DATA,100.0,0.0
2025,H0354,Katrina Callsen,D,Indian Tribes,Derived from LIS bill description,1,1,0,1,INSUFFICIENT DATA,100.0,0.0
2025,H0295,Kelly K. Convirs-Fowler,D,Indian Tribes,Derived from LIS bill description,1,1,0,1,INSUFFICIENT DATA,100.0,0.0
2025,H0295,Kelly K. Convirs-Fowler,D,Indian Tribes,Derived from LIS bill summary,8,7,0,7,INSUFFICIENT DATA,100.0,0.0
2025,H0346,Kim A. Taylor,R,Indian Tribes,Derived from LIS bill description,1,1,0,1,INSUFFICIENT DATA,100.0,0.0
2025,H0355,Laura Jane Cohen,D,Indian Tribes,Derived from LIS bill description,1,1,0,1,INSUFFICIENT DATA,100.0,0.0
2025,H0227,Luke E. Torian,D,Indian Tribes,Derived from LIS bill description,2,2,0,2,INSUFFICIENT DATA,100.0,0.0
2025,H0238,M. Keith Hodges,R,Indian Tribes,Derived from LIS bill description,1,1,0,1,INSUFFICIENT DATA,100.0,0.0
2025,H0284,"Marcia S. ""Cia"" Price",D,Indian Tribes,Derived from LIS bill description,2,2,0,2,INSUFFICIENT DATA,100.0,0.0
2025,H0264,Marcus B. Simon,D,Indian Tribes,Derived from LIS bill description,2,2,0,2,INSUFFICIENT DATA,100.0,0.0
2025,H0172,Mark D. Sickles,D,Indian Tribes,Derived from LIS bill description,1,1,0,1,INSUFFICIENT DATA,100.0,0.0
2025,H0358,"Mark L. Earley, Jr.",R,Indian Tribes,Derived from LIS bill description,1,1,0,1,INSUFFICIENT DATA,100.0,0.0
2025,H0374,Marty Martinez,D,Indian Tribes,Derived from LIS bill description,1,1,0,1,INSUFFICIENT DATA,100.0,0.0
2025,H0360,Michael B. Feggans,D,Indian Tribes,Derived from LIS bill description,1,1,0,1,INSUFFICIENT DATA,100.0,0.0
2025,H0368,Michael J. Jones,D,Indian Tribes,Derived from LIS bill description,1,1,0,1,INSUFFICIENT DATA,100.0,0.0
2025,H0247,Michael J. Webert,R,Indian Tribes,Derived from LIS bill description,1,1,0,1,INSUFFICIENT DATA,100.0,0.0
2025,H0340,Michelle Lopes Maldonado,D,Indian Tribes,Derived from LIS bill description,1,1,0,1,INSUFFICIENT DATA,100.0,0.0
2025,H0335,Mike A. Cherry,R,Indian Tribes,Derived from LIS bill description,1,1,0,1,INSUFFICIENT DATA,100.0,0.0
2025,H0359,N. Baxter Ennis,R,Indian Tribes,Derived from LIS bill description,1,1,0,1,INSUFFICIENT DATA,100.0,0.0
2025,H0336,Nadarius E. Clark,D,Indian Tribes,Derived from LIS bill description,1,1,0,1,INSUFFICIENT DATA,100.0,0.0
2025,H0279,Nicholas J. Freitas,R,Indian Tribes,Derived from LIS bill description,1,1,0,1,INSUFFICIENT DATA,100.0,0.0
2025,H0219,Patrick A. Hope,D,Indian Tribes,Derived from LIS bill description,1,1,0,1,INSUFFICIENT DATA,100.0,0.0
2025,H0281,Paul E. Krizek,D,Indian Tribes,Derived from LIS bill description,2,2,0,2,INSUFFICIENT DATA,100.0,0.0
2025,H0376,Paul V. Milde,R,Indian Tribes,Derived from LIS bill description,1,1,0,1,INSUFFICIENT DATA,100.0,0.0
2025,H0366,Phil M. Hernandez,D,Indian Tribes,Derived from LIS bill description,1,1,0,1,INSUFFICIENT DATA,100.0,0.0
2025,H0342,Phillip A. Scott,R,Indian Tribes,Derived from LIS bill description,1,1,0,1,INSUFFICIENT DATA,100.0,0.0
2025,H0124,R. Lee Ware,R,Indian Tribes,Derived from LIS bill description,1,1,0,1,INSUFFICIENT DATA,100.0,0.0
2025,H0356,Rae Cousins,D,Indian Tribes,Derived from LIS bill description,1,1,0,1,INSUFFICIENT DATA,100.0,0.0
2025,H0269,"Richard C. ""Rip"" Sullivan, Jr.",D,Indian Tribes,Derived from LIS bill description,1,1,0,1,INSUFFICIENT DATA,100.0,0.0
2025,H0073,"Robert D. Orrock, Sr.",R,Indian Tribes,Derived from LIS bill description,1,1,0,1,INSUFFICIENT DATA,100.0,0.0
2025,H0267,"Robert S. Bloxom, Jr.",R,Indian Tribes,Derived from LIS bill description,2,2,0,2,INSUFFICIENT DATA,100.0,0.0
2025,H0327,Rodney T. Willett,D,Indian Tribes,Derived from LIS bill description,1,1,0,1,INSUFFICIENT DATA,100.0,0.0
2025,H0365,"Rozia A. Henson, Jr.",D,Indian Tribes,Derived from LIS bill description,1,1,0,1,INSUFFICIENT DATA,100.0,0.0
2025,H0328,Scott A. Wyatt,R,Indian Tribes,Derived from LIS bill description,1,1,0,1,INSUFFICIENT DATA,100.0,0.0
2025,H0323,Shelly A. Simonds,D,Indian Tribes,Derived from LIS bill description,1,1,0,1,INSUFFICIENT DATA,100.0,0.0
2025,H0056,Terry G. Kilgore,R,Indian Tribes,Derived from LIS bill description,1,1,0,1,INSUFFICIENT DATA,100.0,0.0
2025,H0253,Terry L. Austin,R,Indian Tribes,Derived from LIS bill description,2,2,0,2,INSUFFICIENT DATA,100.0,0.0
2025,H0362,"Thomas A. Garrett, Jr.",R,Indian Tribes,Derived from LIS bill description,1,1,0,1,INSUFFICIENT DATA,100.0,0.0
2025,H0136,"Thomas C. Wright, Jr.",R,Indian Tribes,Derived from LIS bill description,1,1,0,1,INSUFFICIENT DATA,100.0,0.0
2025,H0364,Timothy P. Griffin,R,Indian Tribes,Derived from LIS bill description,1,1,0,1,INSUFFICIENT DATA,100.0,0.0
2025,H0231,Tony O. Wilt,R,Indian Tribes,Derived from LIS bill description,1,1,0,1,INSUFFICIENT DATA,100.0,0.0
2025,H0108,Vivian E. Watts,D,Indian Tribes,Derived from LIS bill description,1,1,0,1,INSUFFICIENT DATA,100.0,0.0
2025,H0363,W. Chad Green,R,Indian Tribes,Derived from LIS bill description,1,1,0,1,INSUFFICIENT DATA,100.0,0.0
2025,H0325,Wendell S. Walker,R,Indian Tribes,Derived from LIS bill description,1,1,0,1,INSUFFICIENT DATA,100.0,0.0
2025,H0357,Will Davis,R,Indian Tribes,Derived from LIS bill description,1,1,0,1,INSUFFICIENT DATA,100.0,0.0
2025,H0348,Wren M. Williams,R,Indian Tribes,Derived from LIS bill description,1,1,0,1,INSUFFICIENT DATA,100.0,0.0
2025,H0375,Adele Y. McClure,D,Indian Tribes,Derived from LIS bill summary,9,8,1,9,INSUFFICIENT DATA,88.88888888888889,11.11111111111111
2025,H0351,Holly M. Seibold,D,Indian Tribes,Derived from LIS bill summary,9,8,1,9,INSUFFICIENT DATA,88.88888888888889,11.11111111111111
2025,H0382,Joshua E. Thomas,D,Indian Tribes,Derived from LIS bill summary,10,8,1,9,INSUFFICIENT DATA,88.88888888888889,11.11111111111111
2025,H0294,Karrie K. Delaney,D,Indian Tribes,Derived from LIS bill summary,9,8,1,9,INSUFFICIENT DATA,88.88888888888889,11.11111111111111
2025,H0239,Alfonso H. Lopez,D,Indian Tribes,Derived from LIS bill summary,8,7,1,8,INSUFFICIENT DATA,87.5,12.5
2025,H0371,Amy J. Laufer,D,Indian Tribes,Derived from LIS bill summary,8,7,1,8,INSUFFICIENT DATA,87.5,12.5
2025,H0380,Atoosa R. Reaser,D,Indian Tribes,Derived from LIS bill summary,8,7,1,8,INSUFFICIENT DATA,87.5,12.5
2025,H0353,Bonita G. Anthony,D,Indian Tribes,Derived from LIS bill summary,8,7,1,8,INSUFFICIENT DATA,87.5,12.5
2025,H0330,Candi Mundon King,D,Indian Tribes,Derived from LIS bill summary,8,7,1,8,INSUFFICIENT DATA,87.5,12.5
2025,H0208,Charniele L. Herring,D,Indian Tribes,Derived from LIS bill summary,8,7,1,8,INSUFFICIENT DATA,87.5,12.5
2025,H0317,Dan I. Helmer,D,Indian Tribes,Derived from LIS bill summary,8,7,1,8,INSUFFICIENT DATA,87.5,12.5
2025,H0361,Debra D. Gardner,D,Indian Tribes,Derived from LIS bill summary,8,7,1,8,INSUFFICIENT DATA,87.5,12.5
2025,H0322,Don Scott,D,Indian Tribes,Derived from LIS bill summary,8,7,1,8,INSUFFICIENT DATA,87.5,12.5
2025,H0334,Elizabeth B. Bennett-Parker,D,Indian Tribes,Derived from LIS bill summary,10,7,1,8,INSUFFICIENT DATA,87.5,12.5
2025,H0259,"Hyland F. ""Buddy"" Fowler, Jr.",R,Indian Tribes,Derived from LIS bill summary,9,7,1,8,INSUFFICIENT DATA,87.5,12.5
2025,H0344,Irene Shin,D,Indian Tribes,Derived from LIS bill summary,8,7,1,8,INSUFFICIENT DATA,87.5,12.5
2025,H0385,JJ Singh,D,Indian Tribes,Derived from LIS bill summary,8,7,1,8,INSUFFICIENT DATA,87.5,12.5
2025,H0349,Jackie H. Glass,D,Indian Tribes,Derived from LIS bill summary,8,7,1,8,INSUFFICIENT DATA,87.5,12.5
2025,H0173,Jeion A. Ward,D,Indian Tribes,Derived from LIS bill summary,8,7,1,8,INSUFFICIENT DATA,87.5,12.5
2025,H0314,Joshua G. Cole,D,Indian Tribes,Derived from LIS bill summary,9,7,1,8,INSUFFICIENT DATA,87.5,12.5
2025,H0370,Karen Keys-Gamarra,D,Indian Tribes,Derived from LIS bill summary,8,7,1,8,INSUFFICIENT DATA,87.5,12.5
2025,H0305,Kathy K.L. Tran,D,Indian Tribes,Derived from LIS bill summary,8,7,1,8,INSUFFICIENT DATA,87.5,12.5
2025,H0354,Katrina Callsen,D,Indian Tribes,Derived from LIS bill summary,8,7,1,8,INSUFFICIENT DATA,87.5,12.5
2025,H0355,Laura Jane Cohen,D,Indian Tribes,Derived from LIS bill summary,8,7,1,8,INSUFFICIENT DATA,87.5,12.5
2025,H0374,Marty Martinez,D,Indian Tribes,Derived from LIS bill summary,8,7,1,8,INSUFFICIENT DATA,87.5,12.5
2025,H0340,Michelle Lopes Maldonado,D,Indian Tribes,Derived from LIS bill summary,8,7,1,8,INSUFFICIENT DATA,87.5,12.5
2025,H0336,Nadarius E. Clark,D,Indian Tribes,Derived from LIS bill summary,8,7,1,8,INSUFFICIENT DATA,87.5,12.5
2025,H0219,Patrick A. Hope,D,Indian Tribes,Derived from LIS bill summary,8,7,1,8,INSUFFICIENT DATA,87.5,12.5
2025,H0366,Phil M. Hernandez,D,Indian Tribes,Derived from LIS bill summary,8,7,1,8,INSUFFICIENT DATA,87.5,12.5
2025,H0269,"Richard C. ""Rip"" Sullivan, Jr.",D,Indian Tribes,Derived from LIS bill summary,8,7,1,8,INSUFFICIENT DATA,87.5,12.5
2025,H0365,"Rozia A. Henson, Jr.",D,Indian Tribes,Derived from LIS bill summary,8,7,1,8,INSUFFICIENT DATA,87.5,12.5
2025,H0323,Shelly A. Simonds,D,Indian Tribes,Derived from LIS bill summary,8,7,1,8,INSUFFICIENT DATA,87.5,12.5
2025,H0108,Vivian E. Watts,D,Indian Tribes,Derived from LIS bill summary,8,7,1,8,INSUFFICIENT DATA,87.5,12.5
2025,H0360,Michael B. Feggans,D,Indian Tribes,Derived from LIS bill summary,8,6,1,7,INSUFFICIENT DATA,85.71428571428571,14.285714285714285
2025,H0368,Michael J. Jones,D,Indian Tribes,Derived from LIS bill summary,8,6,1,7,INSUFFICIENT DATA,85.71428571428571,14.285714285714285
2025,H0356,Rae Cousins,D,Indian Tribes,Derived from LIS bill summary,8,6,1,7,INSUFFICIENT DATA,85.71428571428571,14.285714285714285
2025,H0262,"James A. ""Jay"" Leftwich",R,Indian Tribes,Derived from LIS bill summary,9,7,2,9,INSUFFICIENT DATA,77.77777777777779,22.22222222222222
2025,H0337,A.C. Cordoza,R,Indian Tribes,Derived from LIS bill summary,8,6,2,8,INSUFFICIENT DATA,75.0,25.0
2025,H0313,Amanda E. Batten,R,Indian Tribes,Derived from LIS bill summary,8,6,2,8,INSUFFICIENT DATA,75.0,25.0
2025,H0378,Chris Obenshain,R,Indian Tribes,Derived from LIS bill summary,8,6,2,8,INSUFFICIENT DATA,75.0,25.0
2025,H0321,Chris S. Runion,R,Indian Tribes,Derived from LIS bill summary,8,6,2,8,INSUFFICIENT DATA,75.0,25.0
2025,H0379,David Owen,R,Indian Tribes,Derived from LIS bill summary,8,6,2,8,INSUFFICIENT DATA,75.0,25.0
2025,H0377,Delores Oates,R,Indian Tribes,Derived from LIS bill summary,8,6,2,8,INSUFFICIENT DATA,75.0,25.0
2025,H0384,Eric Phillips,R,Indian Tribes,Derived from LIS bill summary,8,6,2,8,INSUFFICIENT DATA,75.0,25.0
2025,H0367,Geary Higgins,R,Indian Tribes,Derived from LIS bill summary,8,6,2,8,INSUFFICIENT DATA,75.0,25.0
2025,H0347,"H. Otto Wachsmann, Jr.",R,Indian Tribes,Derived from LIS bill summary,8,6,2,8,INSUFFICIENT DATA,75.0,25.0
2025,H0369,Hillary Pugh Kent,R,Indian Tribes,Derived from LIS bill summary,8,6,2,8,INSUFFICIENT DATA,75.0,25.0
2025,H0373,Ian T. Lovejoy,R,Indian Tribes,Derived from LIS bill summary,8,6,2,8,INSUFFICIENT DATA,75.0,25.0
2025,H0242,Israel D. O'Quinn,R,Indian Tribes,Derived from LIS bill summary,8,6,2,8,INSUFFICIENT DATA,75.0,25.0
2025,H0333,Jason S. Ballard,R,Indian Tribes,Derived from LIS bill summary,8,6,2,8,INSUFFICIENT DATA,75.0,25.0
2025,H0308,Joseph P. McNamara,R,Indian Tribes,Derived from LIS bill summary,8,6,2,8,INSUFFICIENT DATA,75.0,25.0
2025,H0346,Kim A. Taylor,R,Indian Tribes,Derived from LIS bill summary,8,6,2,8,INSUFFICIENT DATA,75.0,25.0
2025,H0358,"Mark L. Earley, Jr.",R,Indian Tribes,Derived from LIS bill summary,8,6,2,8,INSUFFICIENT DATA,75.0,25.0
2025,H0247,Michael J. Webert,R,Indian Tribes,Derived from LIS bill summary,8,6,2,8,INSUFFICIENT DATA,75.0,25.0
2025,H0335,Mike A. Cherry,R,Indian Tribes,Derived from LIS bill summary,8,6,2,8,INSUFFICIENT DATA,75.0,25.0
2025,H0359,N. Baxter Ennis,R,Indian Tribes,Derived from LIS bill summary,8,6,2,8,INSUFFICIENT DATA,75.0,25.0
2025,H0124,R. Lee Ware,R,Indian Tribes,Derived from LIS bill summary,8,6,2,8,INSUFFICIENT DATA,75.0,25.0
2025,H0364,Timothy P. Griffin,R,Indian Tribes,Derived from LIS bill summary,8,6,2,8,INSUFFICIENT DATA,75.0,25.0
2025,H0231,Tony O. Wilt,R,Indian Tribes,Derived from LIS bill summary,8,6,2,8,INSUFFICIENT DATA,75.0,25.0
2025,H0363,W. Chad Green,R,Indian Tribes,Derived from LIS bill summary,8,6,2,8,INSUFFICIENT DATA,75.0,25.0
2025,H0325,Wendell S. Walker,R,Indian Tribes,Derived from LIS bill summary,8,6,2,8,INSUFFICIENT DATA,75.0,25.0
2025,H0357,Will Davis,R,Indian Tribes,Derived from LIS bill summary,8,6,2,8,INSUFFICIENT DATA,75.0,25.0
2025,H0073,"Robert D. Orrock, Sr.",R,Indian Tribes,Derived from LIS bill summary,8,5,2,7,INSUFFICIENT DATA,71.42857142857143,28.57142857142857
2025,H0056,Terry G. Kilgore,R,Indian Tribes,Derived from LIS bill summary,8,5,2,7,INSUFFICIENT DATA,71.42857142857143,28.57142857142857
2025,H0348,Wren M. Williams,R,Indian Tribes,Derived from LIS bill summary,8,5,3,8,INSUFFICIENT DATA,62.5,37.5
2025,H0136,"Thomas C. Wright, Jr.",R,Indian Tribes,Derived from LIS bill summary,8,3,4,7,INSUFFICIENT DATA,42.857142857142854,57.14285714285714
2025,H0181,C. Todd Gilbert,R,Indian Tribes,Derived from LIS bill summary,8,3,5,8,INSUFFICIENT DATA,37.5,62.5
2025,H0383,Eric R. Zehr,R,Indian Tribes,Derived from LIS bill summary,8,3,5,8,INSUFFICIENT DATA,37.5,62.5
2025,H0279,Nicholas J. Freitas,R,Indian Tribes,Derived from LIS bill summary,8,3,5,8,INSUFFICIENT DATA,37.5,62.5
2025,H0376,Paul V. Milde,R,Indian Tribes,Derived from LIS bill summary,8,3,5,8,INSUFFICIENT DATA,37.5,62.5
2025,H0342,Phillip A. Scott,R,Indian Tribes,Derived from LIS bill summary,8,3,5,8,INSUFFICIENT DATA,37.5,62.5
2025,H0362,"Thomas A. Garrett, Jr.",R,Indian Tribes,Derived from LIS bill summary,8,3,5,8,INSUFFICIENT DATA,37.5,62.5
2025,H0206,Barry D. Knight,R,Indian Tribes,Derived from LIS bill description,2,0,0,0,INSUFFICIENT DATA,0.0,0.0
2025,H0150,"Daniel W. Marshall, III",R,Indian Tribes,Derived from LIS bill description,1,0,0,0,INSUFFICIENT DATA,0.0,0.0
2025,H0266,Sam Rasoul,D,Indian Tribes,Derived from LIS bill description,1,0,0,0,INSUFFICIENT DATA,0.0,0.0
2025,H0315,Carrie E. Coyner,R,Indian Tribes,Derived from LIS bill summary,13,11,0,11,YES,100.0,0.0
2025,H0212,Betsy B. Carr,D,Indian Tribes,Derived from LIS bill summary,15,14,1,15,YES,93.33333333333333,6.666666666666667
2025,H0177,David L. Bulova,D,Indian Tribes,Derived from LIS bill summary,15,14,1,15,YES,93.33333333333333,6.666666666666667
2025,H0281,Paul E. Krizek,D,Indian Tribes,Derived from LIS bill summary,14,13,1,14,YES,92.85714285714286,7.142857142857142
2025,H0172,Mark D. Sickles,D,Indian Tribes,Derived from LIS bill summary,13,12,1,13,YES,92.3076923076923,7.6923076923076925
2025,H0327,Rodney T. Willett,D,Indian Tribes,Derived from LIS bill summary,13,12,1,13,YES,92.3076923076923,7.6923076923076925
2025,H0227,Luke E. Torian,D,Indian Tribes,Derived from LIS bill summary,14,11,1,12,YES,91.66666666666666,8.333333333333332
2025,H0311,Alex Q. Askew,D,Indian Tribes,Derived from LIS bill summary,11,10,1,11,YES,90.9090909090909,9.090909090909092
2025,H0343,Briana D. Sewell,D,Indian Tribes,Derived from LIS bill summary,11,10,1,11,YES,90.9090909090909,9.090909090909092
2025,H0285,"C.E. Cliff Hayes, Jr.",D,Indian Tribes,Derived from LIS bill summary,11,10,1,11,YES,90.9090909090909,9.090909090909092
2025,H0301,David A. Reid,D,Indian Tribes,Derived from LIS bill summary,11,10,1,11,YES,90.9090909090909,9.090909090909092
2025,H0266,Sam Rasoul,D,Indian Tribes,Derived from LIS bill summary,11,10,1,11,YES,90.9090909090909,9.090909090909092
2025,H0284,"Marcia S. ""Cia"" Price",D,Indian Tribes,Derived from LIS bill summary,10,9,1,10,YES,90.0,10.0
2025,H0264,Marcus B. Simon,D,Indian Tribes,Derived from LIS bill summary,10,9,1,10,YES,90.0,10.0
2025,H0267,"Robert S. Bloxom, Jr.",R,Indian Tribes,Derived from LIS bill summary,14,12,2,14,YES,85.71428571428571,14.285714285714285
2025,H0345,Anne Ferrell Tata,R,Indian Tribes,Derived from LIS bill summary,13,11,2,13,YES,84.61538461538461,15.384615384615385
2025,H0253,Terry L. Austin,R,Indian Tribes,Derived from LIS bill summary,13,11,2,13,YES,84.61538461538461,15.384615384615385
2025,H0329,Bill Wiley,R,Indian Tribes,Derived from LIS bill summary,12,10,2,12,YES,83.33333333333334,16.666666666666664
2025,H0224,James W. Morefield,R,Indian Tribes,Derived from LIS bill summary,12,10,2,12,YES,83.33333333333334,16.666666666666664
2025,H0350,Ellen H. Campbell,R,Indian Tribes,Derived from LIS bill summary,12,9,2,11,YES,81.81818181818183,18.181818181818183
2025,H0238,M. Keith Hodges,R,Indian Tribes,Derived from LIS bill summary,11,9,2,11,YES,81.81818181818183,18.181818181818183
2025,H0328,Scott A. Wyatt,R,Indian Tribes,Derived from LIS bill summary,11,9,2,11,YES,81.81818181818183,18.181818181818183
2025,H0352,"Jonathan ""Jed"" Arnold",R,Indian Tribes,Derived from LIS bill summary,10,8,2,10,YES,80.0,20.0
2025,H0337,A.C. Cordoza,R,Insurance,Derived from LIS bill description,2,2,0,2,INSUFFICIENT DATA,100.0,0.0
2025,H0375,Adele Y. McClure,D,Insurance,Derived from LIS bill description,2,2,0,2,INSUFFICIENT DATA,100.0,0.0
2025,H0311,Alex Q. Askew,D,Insurance,Derived from LIS bill description,2,2,0,2,INSUFFICIENT DATA,100.0,0.0
2025,H0239,Alfonso H. Lopez,D,Insurance,Derived from LIS bill description,4,4,0,4,INSUFFICIENT DATA,100.0,0.0
2025,H0313,Amanda E. Batten,R,Insurance,Derived from LIS bill description,2,2,0,2,INSUFFICIENT DATA,100.0,0.0
2025,H0371,Amy J. Laufer,D,Insurance,Derived from LIS bill description,2,2,0,2,INSUFFICIENT DATA,100.0,0.0
2025,H0380,Atoosa R. Reaser,D,Insurance,Derived from LIS bill description,2,2,0,2,INSUFFICIENT DATA,100.0,0.0
2025,H0212,Betsy B. Carr,D,Insurance,Derived from LIS bill description,2,2,0,2,INSUFFICIENT DATA,100.0,0.0
2025,H0353,Bonita G. Anthony,D,Insurance,Derived from LIS bill description,2,2,0,2,INSUFFICIENT DATA,100.0,0.0
2025,H0343,Briana D. Sewell,D,Insurance,Derived from LIS bill description,2,2,0,2,INSUFFICIENT DATA,100.0,0.0
2025,H0285,"C.E. Cliff Hayes, Jr.",D,Insurance,Derived from LIS bill description,2,2,0,2,INSUFFICIENT DATA,100.0,0.0
2025,H0330,Candi Mundon King,D,Insurance,Derived from LIS bill description,4,4,0,4,INSUFFICIENT DATA,100.0,0.0
2025,H0315,Carrie E. Coyner,R,Insurance,Derived from LIS bill description,2,1,0,1,INSUFFICIENT DATA,100.0,0.0
2025,H0208,Charniele L. Herring,D,Insurance,Derived from LIS bill description,4,4,0,4,INSUFFICIENT DATA,100.0,0.0
2025,H0378,Chris Obenshain,R,Insurance,Derived from LIS bill description,2,2,0,2,INSUFFICIENT DATA,100.0,0.0
2025,H0317,Dan I. Helmer,D,Insurance,Derived from LIS bill description,4,4,0,4,INSUFFICIENT DATA,100.0,0.0
2025,H0301,David A. Reid,D,Insurance,Derived from LIS bill description,2,2,0,2,INSUFFICIENT DATA,100.0,0.0
2025,H0177,David L. Bulova,D,Insurance,Derived from LIS bill description,2,2,0,2,INSUFFICIENT DATA,100.0,0.0
2025,H0379,David Owen,R,Insurance,Derived from LIS bill description,2,2,0,2,INSUFFICIENT DATA,100.0,0.0
2025,H0361,Debra D. Gardner,D,Insurance,Derived from LIS bill description,2,2,0,2,INSUFFICIENT DATA,100.0,0.0
2025,H0372,Destiny LeVere Bolling,D,Insurance,Derived from LIS bill description,4,1,0,1,INSUFFICIENT DATA,100.0,0.0
2025,H0322,Don Scott,D,Insurance,Derived from LIS bill description,2,2,0,2,INSUFFICIENT DATA,100.0,0.0
2025,H0334,Elizabeth B. Bennett-Parker,D,Insurance,Derived from LIS bill description,2,2,0,2,INSUFFICIENT DATA,100.0,0.0
2025,H0350,Ellen H. Campbell,R,Insurance,Derived from LIS bill description,2,2,0,2,INSUFFICIENT DATA,100.0,0.0
2025,H0384,Eric Phillips,R,Insurance,Derived from LIS bill description,2,2,0,2,INSUFFICIENT DATA,100.0,0.0
2025,H0351,Holly M. Seibold,D,Insurance,Derived from LIS bill description,2,2,0,2,INSUFFICIENT DATA,100.0,0.0
2025,H0373,Ian T. Lovejoy,R,Insurance,Derived from LIS bill description,2,2,0,2,INSUFFICIENT DATA,100.0,0.0
2025,H0344,Irene Shin,D,Insurance,Derived from LIS bill description,4,4,0,4,INSUFFICIENT DATA,100.0,0.0
2025,H0385,JJ Singh,D,Insurance,Derived from LIS bill description,2,2,0,2,INSUFFICIENT DATA,100.0,0.0
2025,H0349,Jackie H. Glass,D,Insurance,Derived from LIS bill description,2,2,0,2,INSUFFICIENT DATA,100.0,0.0
2025,H0173,Jeion A. Ward,D,Insurance,Derived from LIS bill description,4,4,0,4,INSUFFICIENT DATA,100.0,0.0
2025,H0308,Joseph P. McNamara,R,Insurance,Derived from LIS bill description,4,4,0,4,INSUFFICIENT DATA,100.0,0.0
2025,H0382,Joshua E. Thomas,D,Insurance,Derived from LIS bill description,2,2,0,2,INSUFFICIENT DATA,100.0,0.0
2025,H0314,Joshua G. Cole,D,Insurance,Derived from LIS bill description,2,2,0,2,INSUFFICIENT DATA,100.0,0.0
2025,H0370,Karen Keys-Gamarra,D,Insurance,Derived from LIS bill description,2,2,0,2,INSUFFICIENT DATA,100.0,0.0
2025,H0294,Karrie K. Delaney,D,Insurance,Derived from LIS bill description,2,2,0,2,INSUFFICIENT DATA,100.0,0.0
2025,H0305,Kathy K.L. Tran,D,Insurance,Derived from LIS bill description,2,2,0,2,INSUFFICIENT DATA,100.0,0.0
2025,H0354,Katrina Callsen,D,Insurance,Derived from LIS bill description,2,2,0,2,INSUFFICIENT DATA,100.0,0.0
2025,H0295,Kelly K. Convirs-Fowler,D,Insurance,Derived from LIS bill description,4,4,0,4,INSUFFICIENT DATA,100.0,0.0
2025,H0346,Kim A. Taylor,R,Insurance,Derived from LIS bill description,2,2,0,2,INSUFFICIENT DATA,100.0,0.0
2025,H0355,Laura Jane Cohen,D,Insurance,Derived from LIS bill description,2,2,0,2,INSUFFICIENT DATA,100.0,0.0
2025,H0227,Luke E. Torian,D,Insurance,Derived from LIS bill description,2,2,0,2,INSUFFICIENT DATA,100.0,0.0
2025,H0238,M. Keith Hodges,R,Insurance,Derived from LIS bill description,2,2,0,2,INSUFFICIENT DATA,100.0,0.0
2025,H0284,"Marcia S. ""Cia"" Price",D,Insurance,Derived from LIS bill description,2,2,0,2,INSUFFICIENT DATA,100.0,0.0
2025,H0264,Marcus B. Simon,D,Insurance,Derived from LIS bill description,2,2,0,2,INSUFFICIENT DATA,100.0,0.0
2025,H0172,Mark D. Sickles,D,Insurance,Derived from LIS bill description,2,2,0,2,INSUFFICIENT DATA,100.0,0.0
2025,H0374,Marty Martinez,D,Insurance,Derived from LIS bill description,2,2,0,2,INSUFFICIENT DATA,100.0,0.0
2025,H0360,Michael B. Feggans,D,Insurance,Derived from LIS bill description,4,4,0,4,INSUFFICIENT DATA,100.0,0.0
2025,H0368,Michael J. Jones,D,Insurance,Derived from LIS bill description,4,4,0,4,INSUFFICIENT DATA,100.0,0.0
2025,H0340,Michelle Lopes Maldonado,D,Insurance,Derived from LIS bill description,4,4,0,4,INSUFFICIENT DATA,100.0,0.0
2025,H0359,N. Baxter Ennis,R,Insurance,Derived from LIS bill description,2,2,0,2,INSUFFICIENT DATA,100.0,0.0
2025,H0336,Nadarius E. Clark,D,Insurance,Derived from LIS bill description,2,2,0,2,INSUFFICIENT DATA,100.0,0.0
2025,H0219,Patrick A. Hope,D,Insurance,Derived from LIS bill description,2,2,0,2,INSUFFICIENT DATA,100.0,0.0
2025,H0281,Paul E. Krizek,D,Insurance,Derived from LIS bill description,2,2,0,2,INSUFFICIENT DATA,100.0,0.0
2025,H0366,Phil M. Hernandez,D,Insurance,Derived from LIS bill description,2,2,0,2,INSUFFICIENT DATA,100.0,0.0
2025,H0356,Rae Cousins,D,Insurance,Derived from LIS bill description,2,2,0,2,INSUFFICIENT DATA,100.0,0.0
2025,H0269,"Richard C. ""Rip"" Sullivan, Jr.",D,Insurance,Derived from LIS bill description,4,4,0,4,INSUFFICIENT DATA,100.0,0.0
2025,H0073,"Robert D. Orrock, Sr.",R,Insurance,Derived from LIS bill description,2,2,0,2,INSUFFICIENT DATA,100.0,0.0
2025,H0267,"Robert S. Bloxom, Jr.",R,Insurance,Derived from LIS bill description,2,2,0,2,INSUFFICIENT DATA,100.0,0.0
2025,H0327,Rodney T. Willett,D,Insurance,Derived from LIS bill description,2,2,0,2,INSUFFICIENT DATA,100.0,0.0
2025,H0365,"Rozia A. Henson, Jr.",D,Insurance,Derived from LIS bill description,2,2,0,2,INSUFFICIENT DATA,100.0,0.0
2025,H0266,Sam Rasoul,D,Insurance,Derived from LIS bill description,2,2,0,2,INSUFFICIENT DATA,100.0,0.0
2025,H0323,Shelly A. Simonds,D,Insurance,Derived from LIS bill description,2,2,0,2,INSUFFICIENT DATA,100.0,0.0
2025,H0253,Terry L. Austin,R,Insurance,Derived from LIS bill description,2,2,0,2,INSUFFICIENT DATA,100.0,0.0
2025,H0108,Vivian E. Watts,D,Insurance,Derived from LIS bill description,2,2,0,2,INSUFFICIENT DATA,100.0,0.0
2025,H0363,W. Chad Green,R,Insurance,Derived from LIS bill description,2,2,0,2,INSUFFICIENT DATA,100.0,0.0
2025,H0357,Will Davis,R,Insurance,Derived from LIS bill description,2,2,0,2,INSUFFICIENT DATA,100.0,0.0
2025,H0206,Barry D. Knight,R,Insurance,Derived from LIS bill summary,38,8,1,9,INSUFFICIENT DATA,88.88888888888889,11.11111111111111
2025,H0242,Israel D. O'Quinn,R,Insurance,Derived from LIS bill description,4,3,1,4,INSUFFICIENT DATA,75.0,25.0
2025,H0247,Michael J. Webert,R,Insurance,Derived from LIS bill description,4,3,1,4,INSUFFICIENT DATA,75.0,25.0
2025,H0056,Terry G. Kilgore,R,Insurance,Derived from LIS bill description,4,3,1,4,INSUFFICIENT DATA,75.0,25.0
2025,H0345,Anne Ferrell Tata,R,Insurance,Derived from LIS bill description,2,1,1,2,INSUFFICIENT DATA,50.0,50.0
2025,H0329,Bill Wiley,R,Insurance,Derived from LIS bill description,2,1,1,2,INSUFFICIENT DATA,50.0,50.0
2025,H0181,C. Todd Gilbert,R,Insurance,Derived from LIS bill description,4,2,2,4,INSUFFICIENT DATA,50.0,50.0
2025,H0321,Chris S. Runion,R,Insurance,Derived from LIS bill description,4,2,2,4,INSUFFICIENT DATA,50.0,50.0
2025,H0150,"Daniel W. Marshall, III",R,Insurance,Derived from LIS bill description,4,1,1,2,INSUFFICIENT DATA,50.0,50.0
2025,H0377,Delores Oates,R,Insurance,Derived from LIS bill description,2,1,1,2,INSUFFICIENT DATA,50.0,50.0
2025,H0383,Eric R. Zehr,R,Insurance,Derived from LIS bill description,2,1,1,2,INSUFFICIENT DATA,50.0,50.0
2025,H0367,Geary Higgins,R,Insurance,Derived from LIS bill description,2,1,1,2,INSUFFICIENT DATA,50.0,50.0
2025,H0347,"H. Otto Wachsmann, Jr.",R,Insurance,Derived from LIS bill description,2,1,1,2,INSUFFICIENT DATA,50.0,50.0
2025,H0369,Hillary Pugh Kent,R,Insurance,Derived from LIS bill description,2,1,1,2,INSUFFICIENT DATA,50.0,50.0
2025,H0262,"James A. ""Jay"" Leftwich",R,Insurance,Derived from LIS bill description,2,1,1,2,INSUFFICIENT DATA,50.0,50.0
2025,H0224,James W. Morefield,R,Insurance,Derived from LIS bill description,2,1,1,2,INSUFFICIENT DATA,50.0,50.0
2025,H0333,Jason S. Ballard,R,Insurance,Derived from LIS bill description,4,2,2,4,INSUFFICIENT DATA,50.0,50.0
2025,H0352,"Jonathan ""Jed"" Arnold",R,Insurance,Derived from LIS bill description,2,1,1,2,INSUFFICIENT DATA,50.0,50.0
2025,H0358,"Mark L. Earley, Jr.",R,Insurance,Derived from LIS bill description,2,1,1,2,INSUFFICIENT DATA,50.0,50.0
2025,H0335,Mike A. Cherry,R,Insurance,Derived from LIS bill description,2,1,1,2,INSUFFICIENT DATA,50.0,50.0
2025,H0279,Nicholas J. Freitas,R,Insurance,Derived from LIS bill description,2,1,1,2,INSUFFICIENT DATA,50.0,50.0
2025,H0376,Paul V. Milde,R,Insurance,Derived from LIS bill description,2,1,1,2,INSUFFICIENT DATA,50.0,50.0
2025,H0342,Phillip A. Scott,R,Insurance,Derived from LIS bill description,2,1,1,2,INSUFFICIENT DATA,50.0,50.0
2025,H0124,R. Lee Ware,R,Insurance,Derived from LIS bill description,2,1,1,2,INSUFFICIENT DATA,50.0,50.0
2025,H0328,Scott A. Wyatt,R,Insurance,Derived from LIS bill description,2,1,1,2,INSUFFICIENT DATA,50.0,50.0
2025,H0362,"Thomas A. Garrett, Jr.",R,Insurance,Derived from LIS bill description,2,1,1,2,INSUFFICIENT DATA,50.0,50.0
2025,H0136,"Thomas C. Wright, Jr.",R,Insurance,Derived from LIS bill description,2,1,1,2,INSUFFICIENT DATA,50.0,50.0
2025,H0364,Timothy P. Griffin,R,Insurance,Derived from LIS bill description,2,1,1,2,INSUFFICIENT DATA,50.0,50.0
2025,H0231,Tony O. Wilt,R,Insurance,Derived from LIS bill description,4,2,2,4,INSUFFICIENT DATA,50.0,50.0
2025,H0325,Wendell S. Walker,R,Insurance,Derived from LIS bill description,2,1,1,2,INSUFFICIENT DATA,50.0,50.0
2025,H0348,Wren M. Williams,R,Insurance,Derived from LIS bill description,4,2,2,4,INSUFFICIENT DATA,50.0,50.0
2025,H0206,Barry D. Knight,R,Insurance,Derived from LIS bill description,2,0,0,0,INSUFFICIENT DATA,0.0,0.0
2025,H0207,Delores L. McQuinn,D,Insurance,Derived from LIS bill description,2,0,0,0,INSUFFICIENT DATA,0.0,0.0
2025,H0259,"Hyland F. ""Buddy"" Fowler, Jr.",R,Insurance,Derived from LIS bill description,2,0,1,1,INSUFFICIENT DATA,0.0,100.0
2025,H0308,Joseph P. McNamara,R,Insurance,Derived from LIS bill summary,94,55,32,87,MIXED,63.2183908045977,36.7816091954023
2025,H0313,Amanda E. Batten,R,Insurance,Derived from LIS bill summary,38,24,14,38,MIXED,63.1578947368421,36.84210526315789
2025,H0347,"H. Otto Wachsmann, Jr.",R,Insurance,Derived from LIS bill summary,40,25,15,40,MIXED,62.5,37.5
2025,H0247,Michael J. Webert,R,Insurance,Derived from LIS bill summary,66,40,24,64,MIXED,62.5,37.5
2025,H0348,Wren M. Williams,R,Insurance,Derived from LIS bill summary,66,41,25,66,MIXED,62.121212121212125,37.878787878787875
2025,H0352,"Jonathan ""Jed"" Arnold",R,Insurance,Derived from LIS bill summary,39,23,15,38,MIXED,60.526315789473685,39.473684210526315
2025,H0329,Bill Wiley,R,Insurance,Derived from LIS bill summary,43,25,18,43,MIXED,58.139534883720934,41.86046511627907
2025,H0369,Hillary Pugh Kent,R,Insurance,Derived from LIS bill summary,38,22,16,38,MIXED,57.89473684210527,42.10526315789473
2025,H0357,Will Davis,R,Insurance,Derived from LIS bill summary,38,22,16,38,MIXED,57.89473684210527,42.10526315789473
2025,H0181,C. Todd Gilbert,R,Insurance,Derived from LIS bill summary,65,36,28,64,MIXED,56.25,43.75
2025,H0124,R. Lee Ware,R,Insurance,Derived from LIS bill summary,39,21,18,39,MIXED,53.84615384615385,46.15384615384615
2025,H0325,Wendell S. Walker,R,Insurance,Derived from LIS bill summary,42,22,20,42,MIXED,52.38095238095239,47.61904761904761
2025,H0376,Paul V. Milde,R,Insurance,Derived from LIS bill summary,36,18,17,35,MIXED,51.42857142857142,48.57142857142857
2025,H0262,"James A. ""Jay"" Leftwich",R,Insurance,Derived from LIS bill summary,38,18,19,37,MIXED,48.64864864864865,51.35135135135135
2025,H0362,"Thomas A. Garrett, Jr.",R,Insurance,Derived from LIS bill summary,37,15,17,32,MIXED,46.875,53.125
2025,H0136,"Thomas C. Wright, Jr.",R,Insurance,Derived from LIS bill summary,37,15,18,33,MIXED,45.45454545454545,54.54545454545454
2025,H0377,Delores Oates,R,Insurance,Derived from LIS bill summary,37,16,21,37,MIXED,43.24324324324324,56.75675675675676
2025,H0342,Phillip A. Scott,R,Insurance,Derived from LIS bill summary,39,16,23,39,MIXED,41.02564102564102,58.97435897435898
2025,H0279,Nicholas J. Freitas,R,Insurance,Derived from LIS bill summary,37,13,22,35,MIXED,37.142857142857146,62.857142857142854
2025,H0383,Eric R. Zehr,R,Insurance,Derived from LIS bill summary,36,12,22,34,MIXED,35.294117647058826,64.70588235294117
2025,H0364,Timothy P. Griffin,R,Insurance,Derived from LIS bill summary,36,12,24,36,NO,33.33333333333333,66.66666666666666
2025,H0368,Michael J. Jones,D,Insurance,Derived from LIS bill summary,65,53,2,55,YES,96.36363636363636,3.6363636363636362
2025,H0344,Irene Shin,D,Insurance,Derived from LIS bill summary,98,92,6,98,YES,93.87755102040816,6.122448979591836
2025,H0269,"Richard C. ""Rip"" Sullivan, Jr.",D,Insurance,Derived from LIS bill summary,96,90,6,96,YES,93.75,6.25
2025,H0340,Michelle Lopes Maldonado,D,Insurance,Derived from LIS bill summary,93,87,6,93,YES,93.54838709677419,6.451612903225806
2025,H0372,Destiny LeVere Bolling,D,Insurance,Derived from LIS bill summary,92,79,6,85,YES,92.94117647058823,7.0588235294117645
2025,H0208,Charniele L. Herring,D,Insurance,Derived from LIS bill summary,70,65,5,70,YES,92.85714285714286,7.142857142857142
2025,H0317,Dan I. Helmer,D,Insurance,Derived from LIS bill summary,66,61,5,66,YES,92.42424242424242,7.575757575757576
2025,H0239,Alfonso H. Lopez,D,Insurance,Derived from LIS bill summary,65,60,5,65,YES,92.3076923076923,7.6923076923076925
2025,H0330,Candi Mundon King,D,Insurance,Derived from LIS bill summary,67,60,5,65,YES,92.3076923076923,7.6923076923076925
2025,H0173,Jeion A. Ward,D,Insurance,Derived from LIS bill summary,93,60,5,65,YES,92.3076923076923,7.6923076923076925
2025,H0295,Kelly K. Convirs-Fowler,D,Insurance,Derived from LIS bill summary,64,59,5,64,YES,92.1875,7.8125
2025,H0360,Michael B. Feggans,D,Insurance,Derived from LIS bill summary,64,59,5,64,YES,92.1875,7.8125
2025,H0284,"Marcia S. ""Cia"" Price",D,Insurance,Derived from LIS bill summary,43,39,4,43,YES,90.69767441860465,9.30232558139535
2025,H0361,Debra D. Gardner,D,Insurance,Derived from LIS bill summary,42,37,4,41,YES,90.2439024390244,9.75609756097561
2025,H0212,Betsy B. Carr,D,Insurance,Derived from LIS bill summary,50,45,5,50,YES,90.0,10.0
2025,H0264,Marcus B. Simon,D,Insurance,Derived from LIS bill summary,40,36,4,40,YES,90.0,10.0
2025,H0172,Mark D. Sickles,D,Insurance,Derived from LIS bill summary,54,45,5,50,YES,90.0,10.0
2025,H0281,Paul E. Krizek,D,Insurance,Derived from LIS bill summary,49,44,5,49,YES,89.79591836734694,10.204081632653061
2025,H0327,Rodney T. Willett,D,Insurance,Derived from LIS bill summary,47,42,5,47,YES,89.36170212765957,10.638297872340425
2025,H0351,Holly M. Seibold,D,Insurance,Derived from LIS bill summary,37,33,4,37,YES,89.1891891891892,10.81081081081081
2025,H0266,Sam Rasoul,D,Insurance,Derived from LIS bill summary,47,41,5,46,YES,89.13043478260869,10.869565217391305
2025,H0343,Briana D. Sewell,D,Insurance,Derived from LIS bill summary,44,39,5,44,YES,88.63636363636364,11.363636363636363
2025,H0285,"C.E. Cliff Hayes, Jr.",D,Insurance,Derived from LIS bill summary,52,39,5,44,YES,88.63636363636364,11.363636363636363
2025,H0177,David L. Bulova,D,Insurance,Derived from LIS bill summary,45,39,5,44,YES,88.63636363636364,11.363636363636363
2025,H0305,Kathy K.L. Tran,D,Insurance,Derived from LIS bill summary,44,39,5,44,YES,88.63636363636364,11.363636363636363
2025,H0311,Alex Q. Askew,D,Insurance,Derived from LIS bill summary,43,38,5,43,YES,88.37209302325581,11.627906976744185
2025,H0227,Luke E. Torian,D,Insurance,Derived from LIS bill summary,49,38,5,43,YES,88.37209302325581,11.627906976744185
2025,H0301,David A. Reid,D,Insurance,Derived from LIS bill summary,42,37,5,42,YES,88.09523809523809,11.904761904761903
2025,H0354,Katrina Callsen,D,Insurance,Derived from LIS bill summary,42,37,5,42,YES,88.09523809523809,11.904761904761903
2025,H0219,Patrick A. Hope,D,Insurance,Derived from LIS bill summary,42,37,5,42,YES,88.09523809523809,11.904761904761903
2025,H0365,"Rozia A. Henson, Jr.",D,Insurance,Derived from LIS bill summary,40,35,5,40,YES,87.5,12.5
2025,H0323,Shelly A. Simonds,D,Insurance,Derived from LIS bill summary,40,35,5,40,YES,87.5,12.5
2025,H0380,Atoosa R. Reaser,D,Insurance,Derived from LIS bill summary,39,34,5,39,YES,87.17948717948718,12.82051282051282
2025,H0382,Joshua E. Thomas,D,Insurance,Derived from LIS bill summary,39,34,5,39,YES,87.17948717948718,12.82051282051282
2025,H0314,Joshua G. Cole,D,Insurance,Derived from LIS bill summary,41,34,5,39,YES,87.17948717948718,12.82051282051282
2025,H0294,Karrie K. Delaney,D,Insurance,Derived from LIS bill summary,39,34,5,39,YES,87.17948717948718,12.82051282051282
2025,H0366,Phil M. Hernandez,D,Insurance,Derived from LIS bill summary,40,34,5,39,YES,87.17948717948718,12.82051282051282
2025,H0108,Vivian E. Watts,D,Insurance,Derived from LIS bill summary,41,34,5,39,YES,87.17948717948718,12.82051282051282
2025,H0371,Amy J. Laufer,D,Insurance,Derived from LIS bill summary,39,33,5,38,YES,86.8421052631579,13.157894736842104
2025,H0353,Bonita G. Anthony,D,Insurance,Derived from LIS bill summary,38,33,5,38,YES,86.8421052631579,13.157894736842104
2025,H0207,Delores L. McQuinn,D,Insurance,Derived from LIS bill summary,42,33,5,38,YES,86.8421052631579,13.157894736842104
2025,H0334,Elizabeth B. Bennett-Parker,D,Insurance,Derived from LIS bill summary,41,33,5,38,YES,86.8421052631579,13.157894736842104
2025,H0385,JJ Singh,D,Insurance,Derived from LIS bill summary,41,33,5,38,YES,86.8421052631579,13.157894736842104
2025,H0370,Karen Keys-Gamarra,D,Insurance,Derived from LIS bill summary,38,33,5,38,YES,86.8421052631579,13.157894736842104
2025,H0355,Laura Jane Cohen,D,Insurance,Derived from LIS bill summary,38,33,5,38,YES,86.8421052631579,13.157894736842104
2025,H0356,Rae Cousins,D,Insurance,Derived from LIS bill summary,38,33,5,38,YES,86.8421052631579,13.157894736842104
2025,H0375,Adele Y. McClure,D,Insurance,Derived from LIS bill summary,37,32,5,37,YES,86.48648648648648,13.513513513513514
2025,H0322,Don Scott,D,Insurance,Derived from LIS bill summary,37,32,5,37,YES,86.48648648648648,13.513513513513514
2025,H0374,Marty Martinez,D,Insurance,Derived from LIS bill summary,37,32,5,37,YES,86.48648648648648,13.513513513513514
2025,H0349,Jackie H. Glass,D,Insurance,Derived from LIS bill summary,37,31,5,36,YES,86.11111111111111,13.88888888888889
2025,H0336,Nadarius E. Clark,D,Insurance,Derived from LIS bill summary,37,31,5,36,YES,86.11111111111111,13.88888888888889
2025,H0150,"Daniel W. Marshall, III",R,Insurance,Derived from LIS bill summary,71,30,5,35,YES,85.71428571428571,14.285714285714285
2025,H0315,Carrie E. Coyner,R,Insurance,Derived from LIS bill summary,50,35,6,41,YES,85.36585365853658,14.634146341463413
2025,H0346,Kim A. Taylor,R,Insurance,Derived from LIS bill summary,40,33,6,39,YES,84.61538461538461,15.384615384615385
2025,H0056,Terry G. Kilgore,R,Insurance,Derived from LIS bill summary,94,75,17,92,YES,81.52173913043478,18.478260869565215
2025,H0267,"Robert S. Bloxom, Jr.",R,Insurance,Derived from LIS bill summary,44,35,8,43,YES,81.3953488372093,18.6046511627907
2025,H0363,W. Chad Green,R,Insurance,Derived from LIS bill summary,36,29,7,36,YES,80.55555555555556,19.444444444444446
2025,H0224,James W. Morefield,R,Insurance,Derived from LIS bill summary,45,34,10,44,YES,77.27272727272727,22.727272727272727
2025,H0337,A.C. Cordoza,R,Insurance,Derived from LIS bill summary,38,29,9,38,YES,76.31578947368422,23.684210526315788
2025,H0373,Ian T. Lovejoy,R,Insurance,Derived from LIS bill summary,37,28,9,37,YES,75.67567567567568,24.324324324324326
2025,H0345,Anne Ferrell Tata,R,Insurance,Derived from LIS bill summary,44,32,11,43,YES,74.4186046511628,25.581395348837212
2025,H0073,"Robert D. Orrock, Sr.",R,Insurance,Derived from LIS bill summary,43,32,11,43,YES,74.4186046511628,25.581395348837212
2025,H0238,M. Keith Hodges,R,Insurance,Derived from LIS bill summary,54,40,14,54,YES,74.07407407407408,25.925925925925924
2025,H0358,"Mark L. Earley, Jr.",R,Insurance,Derived from LIS bill summary,37,25,9,34,YES,73.52941176470588,26.47058823529412
2025,H0350,Ellen H. Campbell,R,Insurance,Derived from LIS bill summary,49,33,12,45,YES,73.33333333333333,26.666666666666668
2025,H0335,Mike A. Cherry,R,Insurance,Derived from LIS bill summary,40,28,11,39,YES,71.7948717948718,28.205128205128204
2025,H0242,Israel D. O'Quinn,R,Insurance,Derived from LIS bill summary,65,44,18,62,YES,70.96774193548387,29.03225806451613
2025,H0333,Jason S. Ballard,R,Insurance,Derived from LIS bill summary,65,45,19,64,YES,70.3125,29.6875
2025,H0378,Chris Obenshain,R,Insurance,Derived from LIS bill summary,37,26,11,37,YES,70.27027027027027,29.72972972972973
2025,H0359,N. Baxter Ennis,R,Insurance,Derived from LIS bill summary,39,26,11,37,YES,70.27027027027027,29.72972972972973
2025,H0379,David Owen,R,Insurance,Derived from LIS bill summary,40,28,12,40,YES,70.0,30.0
2025,H0253,Terry L. Austin,R,Insurance,Derived from LIS bill summary,45,31,14,45,YES,68.88888888888889,31.11111111111111
2025,H0384,Eric Phillips,R,Insurance,Derived from LIS bill summary,36,24,11,35,YES,68.57142857142857,31.428571428571427
2025,H0367,Geary Higgins,R,Insurance,Derived from LIS bill summary,41,28,13,41,YES,68.29268292682927,31.70731707317073
2025,H0328,Scott A. Wyatt,R,Insurance,Derived from LIS bill summary,43,28,14,42,YES,66.66666666666666,33.33333333333333
2025,H0231,Tony O. Wilt,R,Insurance,Derived from LIS bill summary,93,62,31,93,YES,66.66666666666666,33.33333333333333
2025,H0321,Chris S. Runion,R,Insurance,Derived from LIS bill summary,66,43,22,65,YES,66.15384615384615,33.84615384615385
2025,H0259,"Hyland F. ""Buddy"" Fowler, Jr.",R,Insurance,Derived from LIS bill summary,39,25,13,38,YES,65.78947368421053,34.21052631578947
2025,H0207,Delores L. McQuinn,D,Labor and Employment,Derived from LIS bill description,12,5,0,5,INSUFFICIENT DATA,100.0,0.0
2025,H0150,"Daniel W. Marshall, III",R,Labor and Employment,Derived from LIS bill description,18,1,5,6,INSUFFICIENT DATA,16.666666666666664,83.33333333333334
2025,H0206,Barry D. Knight,R,Labor and Employment,Derived from LIS bill description,13,0,1,1,INSUFFICIENT DATA,0.0,100.0
2025,H0315,Carrie E. Coyner,R,Labor and Employment,Derived from LIS bill summary,250,141,80,221,MIXED,63.80090497737556,36.199095022624434
2025,H0337,A.C. Cordoza,R,Labor and Employment,Derived from LIS bill summary,176,112,64,176,MIXED,63.63636363636363,36.36363636363637
2025,H0358,"Mark L. Earley, Jr.",R,Labor and Employment,Derived from LIS bill summary,160,97,62,159,MIXED,61.0062893081761,38.9937106918239
2025,H0378,Chris Obenshain,R,Labor and Employment,Derived from LIS bill summary,164,99,65,164,MIXED,60.36585365853659,39.63414634146341
2025,H0206,Barry D. Knight,R,Labor and Employment,Derived from LIS bill summary,158,38,25,63,MIXED,60.317460317460316,39.682539682539684
2025,H0267,"Robert S. Bloxom, Jr.",R,Labor and Employment,Derived from LIS bill summary,194,116,78,194,MIXED,59.79381443298969,40.20618556701031
2025,H0224,James W. Morefield,R,Labor and Employment,Derived from LIS bill summary,188,109,74,183,MIXED,59.56284153005464,40.43715846994536
2025,H0363,W. Chad Green,R,Labor and Employment,Derived from LIS bill summary,194,115,79,194,MIXED,59.27835051546392,40.72164948453608
2025,H0346,Kim A. Taylor,R,Labor and Employment,Derived from LIS bill summary,157,87,60,147,MIXED,59.183673469387756,40.816326530612244
2025,H0073,"Robert D. Orrock, Sr.",R,Labor and Employment,Derived from LIS bill summary,150,84,59,143,MIXED,58.74125874125874,41.25874125874126
2025,H0350,Ellen H. Campbell,R,Labor and Employment,Derived from LIS bill summary,201,114,81,195,MIXED,58.46153846153847,41.53846153846154
2025,H0238,M. Keith Hodges,R,Labor and Employment,Derived from LIS bill summary,191,111,79,190,MIXED,58.42105263157895,41.578947368421055
2025,H0262,"James A. ""Jay"" Leftwich",R,Labor and Employment,Derived from LIS bill summary,185,104,77,181,MIXED,57.4585635359116,42.5414364640884
2025,H0329,Bill Wiley,R,Labor and Employment,Derived from LIS bill summary,194,111,83,194,MIXED,57.21649484536082,42.78350515463917
2025,H0253,Terry L. Austin,R,Labor and Employment,Derived from LIS bill summary,191,108,81,189,MIXED,57.14285714285714,42.857142857142854
2025,H0313,Amanda E. Batten,R,Labor and Employment,Derived from LIS bill summary,212,119,90,209,MIXED,56.9377990430622,43.0622009569378
2025,H0379,David Owen,R,Labor and Employment,Derived from LIS bill summary,153,87,66,153,MIXED,56.86274509803921,43.13725490196079
2025,H0357,Will Davis,R,Labor and Employment,Derived from LIS bill summary,162,92,70,162,MIXED,56.79012345679012,43.20987654320987
2025,H0259,"Hyland F. ""Buddy"" Fowler, Jr.",R,Labor and Employment,Derived from LIS bill summary,164,89,68,157,MIXED,56.68789808917197,43.31210191082803
2025,H0345,Anne Ferrell Tata,R,Labor and Employment,Derived from LIS bill summary,217,123,94,217,MIXED,56.68202764976959,43.31797235023041
2025,H0347,"H. Otto Wachsmann, Jr.",R,Labor and Employment,Derived from LIS bill summary,149,84,65,149,MIXED,56.375838926174495,43.624161073825505
2025,H0373,Ian T. Lovejoy,R,Labor and Employment,Derived from LIS bill summary,144,79,63,142,MIXED,55.633802816901415,44.36619718309859
2025,H0352,"Jonathan ""Jed"" Arnold",R,Labor and Employment,Derived from LIS bill summary,170,91,73,164,MIXED,55.487804878048784,44.51219512195122
2025,H0335,Mike A. Cherry,R,Labor and Employment,Derived from LIS bill summary,200,108,89,197,MIXED,54.82233502538071,45.17766497461929
2025,H0384,Eric Phillips,R,Labor and Employment,Derived from LIS bill summary,146,77,65,142,MIXED,54.22535211267606,45.774647887323944
2025,H0367,Geary Higgins,R,Labor and Employment,Derived from LIS bill summary,150,80,70,150,MIXED,53.333333333333336,46.666666666666664
2025,H0056,Terry G. Kilgore,R,Labor and Employment,Derived from LIS bill summary,202,105,93,198,MIXED,53.03030303030303,46.96969696969697
2025,H0328,Scott A. Wyatt,R,Labor and Employment,Derived from LIS bill summary,184,97,86,183,MIXED,53.00546448087432,46.994535519125684
2025,H0325,Wendell S. Walker,R,Labor and Employment,Derived from LIS bill summary,149,78,71,149,MIXED,52.348993288590606,47.651006711409394
2025,H0369,Hillary Pugh Kent,R,Labor and Employment,Derived from LIS bill summary,142,73,68,141,MIXED,51.77304964539007,48.226950354609926
2025,H0342,Phillip A. Scott,R,Labor and Employment,Derived from LIS bill summary,179,88,89,177,MIXED,49.717514124293785,50.282485875706215
2025,H0348,Wren M. Williams,R,Labor and Employment,Derived from LIS bill summary,203,100,102,202,MIXED,49.504950495049506,50.495049504950494
2025,H0376,Paul V. Milde,R,Labor and Employment,Derived from LIS bill summary,143,66,68,134,MIXED,49.25373134328358,50.74626865671642
2025,H0383,Eric R. Zehr,R,Labor and Employment,Derived from LIS bill summary,175,85,88,173,MIXED,49.13294797687861,50.86705202312138
2025,H0231,Tony O. Wilt,R,Labor and Employment,Derived from LIS bill summary,191,93,98,191,MIXED,48.69109947643979,51.30890052356021
2025,H0333,Jason S. Ballard,R,Labor and Employment,Derived from LIS bill summary,226,109,115,224,MIXED,48.660714285714285,51.33928571428571
2025,H0362,"Thomas A. Garrett, Jr.",R,Labor and Employment,Derived from LIS bill summary,176,77,82,159,MIXED,48.42767295597484,51.57232704402516
2025,H0124,R. Lee Ware,R,Labor and Employment,Derived from LIS bill summary,144,69,75,144,MIXED,47.91666666666667,52.083333333333336
2025,H0377,Delores Oates,R,Labor and Employment,Derived from LIS bill summary,152,72,79,151,MIXED,47.682119205298015,52.317880794701985
2025,H0279,Nicholas J. Freitas,R,Labor and Employment,Derived from LIS bill summary,175,79,91,170,MIXED,46.470588235294116,53.529411764705884
2025,H0242,Israel D. O'Quinn,R,Labor and Employment,Derived from LIS bill summary,177,81,94,175,MIXED,46.285714285714285,53.714285714285715
2025,H0136,"Thomas C. Wright, Jr.",R,Labor and Employment,Derived from LIS bill summary,140,57,69,126,MIXED,45.23809523809524,54.761904761904766
2025,H0364,Timothy P. Griffin,R,Labor and Employment,Derived from LIS bill summary,142,63,79,142,MIXED,44.36619718309859,55.633802816901415
2025,H0352,"Jonathan ""Jed"" Arnold",R,Labor and Employment,Derived from LIS bill description,14,6,8,14,MIXED,42.857142857142854,57.14285714285714
2025,H0247,Michael J. Webert,R,Labor and Employment,Derived from LIS bill summary,183,77,103,180,MIXED,42.77777777777778,57.22222222222222
2025,H0308,Joseph P. McNamara,R,Labor and Employment,Derived from LIS bill summary,185,78,105,183,MIXED,42.62295081967213,57.377049180327866
2025,H0378,Chris Obenshain,R,Labor and Employment,Derived from LIS bill description,13,5,7,12,MIXED,41.66666666666667,58.333333333333336
2025,H0359,N. Baxter Ennis,R,Labor and Employment,Derived from LIS bill description,12,5,7,12,MIXED,41.66666666666667,58.333333333333336
2025,H0321,Chris S. Runion,R,Labor and Employment,Derived from LIS bill summary,205,83,122,205,MIXED,40.487804878048784,59.512195121951216
2025,H0181,C. Todd Gilbert,R,Labor and Employment,Derived from LIS bill summary,177,68,105,173,MIXED,39.30635838150289,60.69364161849711
2025,H0358,"Mark L. Earley, Jr.",R,Labor and Employment,Derived from LIS bill description,13,5,8,13,MIXED,38.46153846153847,61.53846153846154
2025,H0357,Will Davis,R,Labor and Employment,Derived from LIS bill description,13,5,8,13,MIXED,38.46153846153847,61.53846153846154
2025,H0329,Bill Wiley,R,Labor and Employment,Derived from LIS bill description,14,5,9,14,MIXED,35.714285714285715,64.28571428571429
2025,H0150,"Daniel W. Marshall, III",R,Labor and Employment,Derived from LIS bill summary,241,34,67,101,NO,33.663366336633665,66.33663366336634
2025,H0315,Carrie E. Coyner,R,Labor and Employment,Derived from LIS bill description,14,4,8,12,NO,33.33333333333333,66.66666666666666
2025,H0373,Ian T. Lovejoy,R,Labor and Employment,Derived from LIS bill description,12,4,8,12,NO,33.33333333333333,66.66666666666666
2025,H0333,Jason S. Ballard,R,Labor and Employment,Derived from LIS bill description,19,6,13,19,NO,31.57894736842105,68.42105263157895
2025,H0056,Terry G. Kilgore,R,Labor and Employment,Derived from LIS bill description,19,6,13,19,NO,31.57894736842105,68.42105263157895
2025,H0224,James W. Morefield,R,Labor and Employment,Derived from LIS bill description,13,4,9,13,NO,30.76923076923077,69.23076923076923
2025,H0253,Terry L. Austin,R,Labor and Employment,Derived from LIS bill description,13,4,9,13,NO,30.76923076923077,69.23076923076923
2025,H0262,"James A. ""Jay"" Leftwich",R,Labor and Employment,Derived from LIS bill description,14,4,10,14,NO,28.57142857142857,71.42857142857143
2025,H0247,Michael J. Webert,R,Labor and Employment,Derived from LIS bill description,18,5,13,18,NO,27.77777777777778,72.22222222222221
2025,H0259,"Hyland F. ""Buddy"" Fowler, Jr.",R,Labor and Employment,Derived from LIS bill description,13,3,8,11,NO,27.27272727272727,72.72727272727273
2025,H0346,Kim A. Taylor,R,Labor and Employment,Derived from LIS bill description,12,3,8,11,NO,27.27272727272727,72.72727272727273
2025,H0279,Nicholas J. Freitas,R,Labor and Employment,Derived from LIS bill description,12,3,8,11,NO,27.27272727272727,72.72727272727273
2025,H0376,Paul V. Milde,R,Labor and Employment,Derived from LIS bill description,12,3,8,11,NO,27.27272727272727,72.72727272727273
2025,H0363,W. Chad Green,R,Labor and Employment,Derived from LIS bill description,12,3,8,11,NO,27.27272727272727,72.72727272727273
2025,H0345,Anne Ferrell Tata,R,Labor and Employment,Derived from LIS bill description,12,3,9,12,NO,25.0,75.0
2025,H0379,David Owen,R,Labor and Employment,Derived from LIS bill description,12,3,9,12,NO,25.0,75.0
2025,H0377,Delores Oates,R,Labor and Employment,Derived from LIS bill description,12,3,9,12,NO,25.0,75.0
2025,H0350,Ellen H. Campbell,R,Labor and Employment,Derived from LIS bill description,13,3,9,12,NO,25.0,75.0
2025,H0384,Eric Phillips,R,Labor and Employment,Derived from LIS bill description,12,3,9,12,NO,25.0,75.0
2025,H0367,Geary Higgins,R,Labor and Employment,Derived from LIS bill description,12,3,9,12,NO,25.0,75.0
2025,H0347,"H. Otto Wachsmann, Jr.",R,Labor and Employment,Derived from LIS bill description,12,3,9,12,NO,25.0,75.0
2025,H0369,Hillary Pugh Kent,R,Labor and Employment,Derived from LIS bill description,12,3,9,12,NO,25.0,75.0
2025,H0238,M. Keith Hodges,R,Labor and Employment,Derived from LIS bill description,12,3,9,12,NO,25.0,75.0
2025,H0335,Mike A. Cherry,R,Labor and Employment,Derived from LIS bill description,12,3,9,12,NO,25.0,75.0
2025,H0342,Phillip A. Scott,R,Labor and Employment,Derived from LIS bill description,12,3,9,12,NO,25.0,75.0
2025,H0073,"Robert D. Orrock, Sr.",R,Labor and Employment,Derived from LIS bill description,12,3,9,12,NO,25.0,75.0
2025,H0328,Scott A. Wyatt,R,Labor and Employment,Derived from LIS bill description,12,3,9,12,NO,25.0,75.0
2025,H0136,"Thomas C. Wright, Jr.",R,Labor and Employment,Derived from LIS bill description,12,3,9,12,NO,25.0,75.0
2025,H0325,Wendell S. Walker,R,Labor and Employment,Derived from LIS bill description,12,3,9,12,NO,25.0,75.0
2025,H0337,A.C. Cordoza,R,Labor and Employment,Derived from LIS bill description,13,3,10,13,NO,23.076923076923077,76.92307692307693
2025,H0313,Amanda E. Batten,R,Labor and Employment,Derived from LIS bill description,13,3,10,13,NO,23.076923076923077,76.92307692307693
2025,H0181,C. Todd Gilbert,R,Labor and Employment,Derived from LIS bill description,18,4,14,18,NO,22.22222222222222,77.77777777777779
2025,H0242,Israel D. O'Quinn,R,Labor and Employment,Derived from LIS bill description,18,4,14,18,NO,22.22222222222222,77.77777777777779
2025,H0308,Joseph P. McNamara,R,Labor and Employment,Derived from LIS bill description,18,4,14,18,NO,22.22222222222222,77.77777777777779
2025,H0231,Tony O. Wilt,R,Labor and Employment,Derived from LIS bill description,18,4,14,18,NO,22.22222222222222,77.77777777777779
2025,H0267,"Robert S. Bloxom, Jr.",R,Labor and Employment,Derived from LIS bill description,14,3,11,14,NO,21.428571428571427,78.57142857142857
2025,H0348,Wren M. Williams,R,Labor and Employment,Derived from LIS bill description,19,4,15,19,NO,21.052631578947366,78.94736842105263
2025,H0362,"Thomas A. Garrett, Jr.",R,Labor and Employment,Derived from LIS bill description,12,2,8,10,NO,20.0,80.0
2025,H0321,Chris S. Runion,R,Labor and Employment,Derived from LIS bill description,18,3,15,18,NO,16.666666666666664,83.33333333333334
2025,H0383,Eric R. Zehr,R,Labor and Employment,Derived from LIS bill description,12,2,10,12,NO,16.666666666666664,83.33333333333334
2025,H0364,Timothy P. Griffin,R,Labor and Employment,Derived from LIS bill description,12,2,10,12,NO,16.666666666666664,83.33333333333334
2025,H0124,R. Lee Ware,R,Labor and Employment,Derived from LIS bill description,12,1,11,12,NO,8.333333333333332,91.66666666666666
2025,H0375,Adele Y. McClure,D,Labor and Employment,Derived from LIS bill description,14,14,0,14,YES,100.0,0.0
2025,H0311,Alex Q. Askew,D,Labor and Employment,Derived from LIS bill description,12,11,0,11,YES,100.0,0.0
2025,H0239,Alfonso H. Lopez,D,Labor and Employment,Derived from LIS bill description,18,18,0,18,YES,100.0,0.0
2025,H0371,Amy J. Laufer,D,Labor and Employment,Derived from LIS bill description,12,12,0,12,YES,100.0,0.0
2025,H0380,Atoosa R. Reaser,D,Labor and Employment,Derived from LIS bill description,13,13,0,13,YES,100.0,0.0
2025,H0353,Bonita G. Anthony,D,Labor and Employment,Derived from LIS bill description,12,12,0,12,YES,100.0,0.0
2025,H0343,Briana D. Sewell,D,Labor and Employment,Derived from LIS bill description,12,12,0,12,YES,100.0,0.0
2025,H0285,"C.E. Cliff Hayes, Jr.",D,Labor and Employment,Derived from LIS bill description,12,12,0,12,YES,100.0,0.0
2025,H0330,Candi Mundon King,D,Labor and Employment,Derived from LIS bill description,18,18,0,18,YES,100.0,0.0
2025,H0208,Charniele L. Herring,D,Labor and Employment,Derived from LIS bill description,18,18,0,18,YES,100.0,0.0
2025,H0317,Dan I. Helmer,D,Labor and Employment,Derived from LIS bill description,18,18,0,18,YES,100.0,0.0
2025,H0301,David A. Reid,D,Labor and Employment,Derived from LIS bill description,12,12,0,12,YES,100.0,0.0
2025,H0177,David L. Bulova,D,Labor and Employment,Derived from LIS bill description,14,13,0,13,YES,100.0,0.0
2025,H0361,Debra D. Gardner,D,Labor and Employment,Derived from LIS bill description,12,12,0,12,YES,100.0,0.0
2025,H0372,Destiny LeVere Bolling,D,Labor and Employment,Derived from LIS bill description,18,13,0,13,YES,100.0,0.0
2025,H0322,Don Scott,D,Labor and Employment,Derived from LIS bill description,12,12,0,12,YES,100.0,0.0
2025,H0334,Elizabeth B. Bennett-Parker,D,Labor and Employment,Derived from LIS bill description,13,13,0,13,YES,100.0,0.0
2025,H0351,Holly M. Seibold,D,Labor and Employment,Derived from LIS bill description,13,12,0,12,YES,100.0,0.0
2025,H0344,Irene Shin,D,Labor and Employment,Derived from LIS bill description,18,18,0,18,YES,100.0,0.0
2025,H0385,JJ Singh,D,Labor and Employment,Derived from LIS bill description,12,12,0,12,YES,100.0,0.0
2025,H0349,Jackie H. Glass,D,Labor and Employment,Derived from LIS bill description,12,12,0,12,YES,100.0,0.0
2025,H0173,Jeion A. Ward,D,Labor and Employment,Derived from LIS bill description,18,18,0,18,YES,100.0,0.0
2025,H0382,Joshua E. Thomas,D,Labor and Employment,Derived from LIS bill description,14,14,0,14,YES,100.0,0.0
2025,H0314,Joshua G. Cole,D,Labor and Employment,Derived from LIS bill description,14,14,0,14,YES,100.0,0.0
2025,H0370,Karen Keys-Gamarra,D,Labor and Employment,Derived from LIS bill description,13,13,0,13,YES,100.0,0.0
2025,H0294,Karrie K. Delaney,D,Labor and Employment,Derived from LIS bill description,15,15,0,15,YES,100.0,0.0
2025,H0305,Kathy K.L. Tran,D,Labor and Employment,Derived from LIS bill description,12,12,0,12,YES,100.0,0.0
2025,H0354,Katrina Callsen,D,Labor and Employment,Derived from LIS bill description,13,13,0,13,YES,100.0,0.0
2025,H0295,Kelly K. Convirs-Fowler,D,Labor and Employment,Derived from LIS bill description,18,18,0,18,YES,100.0,0.0
2025,H0355,Laura Jane Cohen,D,Labor and Employment,Derived from LIS bill description,12,12,0,12,YES,100.0,0.0
2025,H0227,Luke E. Torian,D,Labor and Employment,Derived from LIS bill description,13,13,0,13,YES,100.0,0.0
2025,H0284,"Marcia S. ""Cia"" Price",D,Labor and Employment,Derived from LIS bill description,13,13,0,13,YES,100.0,0.0
2025,H0264,Marcus B. Simon,D,Labor and Employment,Derived from LIS bill description,15,15,0,15,YES,100.0,0.0
2025,H0172,Mark D. Sickles,D,Labor and Employment,Derived from LIS bill description,12,12,0,12,YES,100.0,0.0
2025,H0374,Marty Martinez,D,Labor and Employment,Derived from LIS bill description,12,12,0,12,YES,100.0,0.0
2025,H0360,Michael B. Feggans,D,Labor and Employment,Derived from LIS bill description,18,18,0,18,YES,100.0,0.0
2025,H0368,Michael J. Jones,D,Labor and Employment,Derived from LIS bill description,18,18,0,18,YES,100.0,0.0
2025,H0340,Michelle Lopes Maldonado,D,Labor and Employment,Derived from LIS bill description,19,19,0,19,YES,100.0,0.0
2025,H0336,Nadarius E. Clark,D,Labor and Employment,Derived from LIS bill description,12,10,0,10,YES,100.0,0.0
2025,H0219,Patrick A. Hope,D,Labor and Employment,Derived from LIS bill description,13,13,0,13,YES,100.0,0.0
2025,H0281,Paul E. Krizek,D,Labor and Employment,Derived from LIS bill description,13,13,0,13,YES,100.0,0.0
2025,H0366,Phil M. Hernandez,D,Labor and Employment,Derived from LIS bill description,13,13,0,13,YES,100.0,0.0
2025,H0356,Rae Cousins,D,Labor and Employment,Derived from LIS bill description,13,13,0,13,YES,100.0,0.0
2025,H0269,"Richard C. ""Rip"" Sullivan, Jr.",D,Labor and Employment,Derived from LIS bill description,19,17,0,17,YES,100.0,0.0
2025,H0327,Rodney T. Willett,D,Labor and Employment,Derived from LIS bill description,12,12,0,12,YES,100.0,0.0
2025,H0365,"Rozia A. Henson, Jr.",D,Labor and Employment,Derived from LIS bill description,12,12,0,12,YES,100.0,0.0
2025,H0266,Sam Rasoul,D,Labor and Employment,Derived from LIS bill description,12,12,0,12,YES,100.0,0.0
2025,H0323,Shelly A. Simonds,D,Labor and Employment,Derived from LIS bill description,12,12,0,12,YES,100.0,0.0
2025,H0108,Vivian E. Watts,D,Labor and Employment,Derived from LIS bill description,13,13,0,13,YES,100.0,0.0
2025,H0372,Destiny LeVere Bolling,D,Labor and Employment,Derived from LIS bill summary,262,236,10,246,YES,95.9349593495935,4.0650406504065035
2025,H0239,Alfonso H. Lopez,D,Labor and Employment,Derived from LIS bill summary,212,202,9,211,YES,95.73459715639811,4.265402843601896
2025,H0207,Delores L. McQuinn,D,Labor and Employment,Derived from LIS bill summary,214,177,8,185,YES,95.67567567567568,4.324324324324325
2025,H0266,Sam Rasoul,D,Labor and Employment,Derived from LIS bill summary,253,212,10,222,YES,95.4954954954955,4.504504504504505
2025,H0311,Alex Q. Askew,D,Labor and Employment,Derived from LIS bill summary,239,221,11,232,YES,95.25862068965517,4.741379310344827
2025,H0317,Dan I. Helmer,D,Labor and Employment,Derived from LIS bill summary,210,200,10,210,YES,95.23809523809523,4.761904761904762
2025,H0172,Mark D. Sickles,D,Labor and Employment,Derived from LIS bill summary,194,179,9,188,YES,95.2127659574468,4.787234042553192
2025,H0212,Betsy B. Carr,D,Labor and Employment,Derived from LIS bill summary,207,196,10,206,YES,95.14563106796116,4.854368932038835
2025,H0360,Michael B. Feggans,D,Labor and Employment,Derived from LIS bill summary,209,196,10,206,YES,95.14563106796116,4.854368932038835
2025,H0323,Shelly A. Simonds,D,Labor and Employment,Derived from LIS bill summary,204,194,10,204,YES,95.09803921568627,4.901960784313726
2025,H0281,Paul E. Krizek,D,Labor and Employment,Derived from LIS bill summary,202,192,10,202,YES,95.04950495049505,4.9504950495049505
2025,H0269,"Richard C. ""Rip"" Sullivan, Jr.",D,Labor and Employment,Derived from LIS bill summary,210,191,10,201,YES,95.02487562189054,4.975124378109453
2025,H0380,Atoosa R. Reaser,D,Labor and Employment,Derived from LIS bill summary,222,210,11,221,YES,95.02262443438913,4.97737556561086
2025,H0340,Michelle Lopes Maldonado,D,Labor and Employment,Derived from LIS bill summary,194,184,10,194,YES,94.84536082474226,5.154639175257731
2025,H0344,Irene Shin,D,Labor and Employment,Derived from LIS bill summary,192,182,10,192,YES,94.79166666666666,5.208333333333334
2025,H0327,Rodney T. Willett,D,Labor and Employment,Derived from LIS bill summary,193,182,10,192,YES,94.79166666666666,5.208333333333334
2025,H0294,Karrie K. Delaney,D,Labor and Employment,Derived from LIS bill summary,194,180,10,190,YES,94.73684210526315,5.263157894736842
2025,H0295,Kelly K. Convirs-Fowler,D,Labor and Employment,Derived from LIS bill summary,229,213,12,225,YES,94.66666666666667,5.333333333333334
2025,H0208,Charniele L. Herring,D,Labor and Employment,Derived from LIS bill summary,187,177,10,187,YES,94.6524064171123,5.347593582887701
2025,H0343,Briana D. Sewell,D,Labor and Employment,Derived from LIS bill summary,218,206,12,218,YES,94.4954128440367,5.5045871559633035
2025,H0301,David A. Reid,D,Labor and Employment,Derived from LIS bill summary,180,170,10,180,YES,94.44444444444444,5.555555555555555
2025,H0173,Jeion A. Ward,D,Labor and Employment,Derived from LIS bill summary,210,170,10,180,YES,94.44444444444444,5.555555555555555
2025,H0355,Laura Jane Cohen,D,Labor and Employment,Derived from LIS bill summary,179,169,10,179,YES,94.41340782122904,5.58659217877095
2025,H0371,Amy J. Laufer,D,Labor and Employment,Derived from LIS bill summary,179,168,10,178,YES,94.3820224719101,5.617977528089887
2025,H0108,Vivian E. Watts,D,Labor and Employment,Derived from LIS bill summary,180,167,10,177,YES,94.35028248587571,5.649717514124294
2025,H0314,Joshua G. Cole,D,Labor and Employment,Derived from LIS bill summary,169,150,9,159,YES,94.33962264150944,5.660377358490567
2025,H0368,Michael J. Jones,D,Labor and Employment,Derived from LIS bill summary,178,150,9,159,YES,94.33962264150944,5.660377358490567
2025,H0351,Holly M. Seibold,D,Labor and Employment,Derived from LIS bill summary,178,166,10,176,YES,94.31818181818183,5.681818181818182
2025,H0219,Patrick A. Hope,D,Labor and Employment,Derived from LIS bill summary,190,165,10,175,YES,94.28571428571428,5.714285714285714
2025,H0375,Adele Y. McClure,D,Labor and Employment,Derived from LIS bill summary,172,162,10,172,YES,94.18604651162791,5.813953488372093
2025,H0366,Phil M. Hernandez,D,Labor and Employment,Derived from LIS bill summary,173,162,10,172,YES,94.18604651162791,5.813953488372093
2025,H0285,"C.E. Cliff Hayes, Jr.",D,Labor and Employment,Derived from LIS bill summary,189,159,10,169,YES,94.0828402366864,5.9171597633136095
2025,H0227,Luke E. Torian,D,Labor and Employment,Derived from LIS bill summary,210,174,11,185,YES,94.05405405405406,5.9459459459459465
2025,H0177,David L. Bulova,D,Labor and Employment,Derived from LIS bill summary,212,188,12,200,YES,94.0,6.0
2025,H0356,Rae Cousins,D,Labor and Employment,Derived from LIS bill summary,231,217,14,231,YES,93.93939393939394,6.0606060606060606
2025,H0330,Candi Mundon King,D,Labor and Employment,Derived from LIS bill summary,200,182,12,194,YES,93.81443298969072,6.185567010309279
2025,H0382,Joshua E. Thomas,D,Labor and Employment,Derived from LIS bill summary,192,177,12,189,YES,93.65079365079364,6.349206349206349
2025,H0370,Karen Keys-Gamarra,D,Labor and Employment,Derived from LIS bill summary,172,160,11,171,YES,93.56725146198829,6.432748538011696
2025,H0361,Debra D. Gardner,D,Labor and Employment,Derived from LIS bill summary,156,141,10,151,YES,93.37748344370861,6.622516556291391
2025,H0336,Nadarius E. Clark,D,Labor and Employment,Derived from LIS bill summary,185,169,12,181,YES,93.37016574585635,6.629834254143646
2025,H0354,Katrina Callsen,D,Labor and Employment,Derived from LIS bill summary,179,166,12,178,YES,93.25842696629213,6.741573033707865
2025,H0284,"Marcia S. ""Cia"" Price",D,Labor and Employment,Derived from LIS bill summary,164,152,11,163,YES,93.25153374233128,6.748466257668712
2025,H0353,Bonita G. Anthony,D,Labor and Employment,Derived from LIS bill summary,148,138,10,148,YES,93.24324324324324,6.756756756756757
2025,H0365,"Rozia A. Henson, Jr.",D,Labor and Employment,Derived from LIS bill summary,148,138,10,148,YES,93.24324324324324,6.756756756756757
2025,H0385,JJ Singh,D,Labor and Employment,Derived from LIS bill summary,145,134,10,144,YES,93.05555555555556,6.944444444444445
2025,H0349,Jackie H. Glass,D,Labor and Employment,Derived from LIS bill summary,145,133,10,143,YES,93.00699300699301,6.993006993006993
2025,H0374,Marty Martinez,D,Labor and Employment,Derived from LIS bill summary,144,133,10,143,YES,93.00699300699301,6.993006993006993
2025,H0212,Betsy B. Carr,D,Labor and Employment,Derived from LIS bill description,14,13,1,14,YES,92.85714285714286,7.142857142857142
2025,H0322,Don Scott,D,Labor and Employment,Derived from LIS bill summary,141,129,10,139,YES,92.80575539568345,7.194244604316546
2025,H0264,Marcus B. Simon,D,Labor and Employment,Derived from LIS bill summary,199,175,14,189,YES,92.5925925925926,7.4074074074074066
2025,H0334,Elizabeth B. Bennett-Parker,D,Labor and Employment,Derived from LIS bill summary,161,145,14,159,YES,91.19496855345912,8.80503144654088
2025,H0305,Kathy K.L. Tran,D,Labor and Employment,Derived from LIS bill summary,152,137,15,152,YES,90.13157894736842,9.868421052631579
2025,H0359,N. Baxter Ennis,R,Labor and Employment,Derived from LIS bill summary,183,118,60,178,YES,66.29213483146067,33.70786516853933
2025,H0337,A.C. Cordoza,R,Local Government,Derived from LIS bill description,8,8,0,8,INSUFFICIENT DATA,100.0,0.0
2025,H0375,Adele Y. McClure,D,Local Government,Derived from LIS bill description,8,8,0,8,INSUFFICIENT DATA,100.0,0.0
2025,H0239,Alfonso H. Lopez,D,Local Government,Derived from LIS bill description,8,8,0,8,INSUFFICIENT DATA,100.0,0.0
2025,H0371,Amy J. Laufer,D,Local Government,Derived from LIS bill description,8,8,0,8,INSUFFICIENT DATA,100.0,0.0
2025,H0206,Barry D. Knight,R,Local Government,Derived from LIS bill description,16,5,0,5,INSUFFICIENT DATA,100.0,0.0
2025,H0212,Betsy B. Carr,D,Local Government,Derived from LIS bill description,9,9,0,9,INSUFFICIENT DATA,100.0,0.0
2025,H0353,Bonita G. Anthony,D,Local Government,Derived from LIS bill description,8,8,0,8,INSUFFICIENT DATA,100.0,0.0
2025,H0285,"C.E. Cliff Hayes, Jr.",D,Local Government,Derived from LIS bill description,9,8,0,8,INSUFFICIENT DATA,100.0,0.0
2025,H0315,Carrie E. Coyner,R,Local Government,Derived from LIS bill description,9,8,0,8,INSUFFICIENT DATA,100.0,0.0
2025,H0208,Charniele L. Herring,D,Local Government,Derived from LIS bill description,9,9,0,9,INSUFFICIENT DATA,100.0,0.0
2025,H0321,Chris S. Runion,R,Local Government,Derived from LIS bill description,8,8,0,8,INSUFFICIENT DATA,100.0,0.0
2025,H0317,Dan I. Helmer,D,Local Government,Derived from LIS bill description,9,9,0,9,INSUFFICIENT DATA,100.0,0.0
2025,H0301,David A. Reid,D,Local Government,Derived from LIS bill description,8,8,0,8,INSUFFICIENT DATA,100.0,0.0
2025,H0177,David L. Bulova,D,Local Government,Derived from LIS bill description,8,8,0,8,INSUFFICIENT DATA,100.0,0.0
2025,H0379,David Owen,R,Local Government,Derived from LIS bill description,8,8,0,8,INSUFFICIENT DATA,100.0,0.0
2025,H0207,Delores L. McQuinn,D,Local Government,Derived from LIS bill description,8,6,0,6,INSUFFICIENT DATA,100.0,0.0
2025,H0372,Destiny LeVere Bolling,D,Local Government,Derived from LIS bill description,8,8,0,8,INSUFFICIENT DATA,100.0,0.0
2025,H0322,Don Scott,D,Local Government,Derived from LIS bill description,9,9,0,9,INSUFFICIENT DATA,100.0,0.0
2025,H0384,Eric Phillips,R,Local Government,Derived from LIS bill description,8,7,0,7,INSUFFICIENT DATA,100.0,0.0
2025,H0347,"H. Otto Wachsmann, Jr.",R,Local Government,Derived from LIS bill description,8,8,0,8,INSUFFICIENT DATA,100.0,0.0
2025,H0369,Hillary Pugh Kent,R,Local Government,Derived from LIS bill description,8,8,0,8,INSUFFICIENT DATA,100.0,0.0
2025,H0351,Holly M. Seibold,D,Local Government,Derived from LIS bill description,8,8,0,8,INSUFFICIENT DATA,100.0,0.0
2025,H0259,"Hyland F. ""Buddy"" Fowler, Jr.",R,Local Government,Derived from LIS bill description,8,8,0,8,INSUFFICIENT DATA,100.0,0.0
2025,H0385,JJ Singh,D,Local Government,Derived from LIS bill description,8,7,0,7,INSUFFICIENT DATA,100.0,0.0
2025,H0349,Jackie H. Glass,D,Local Government,Derived from LIS bill description,8,7,0,7,INSUFFICIENT DATA,100.0,0.0
2025,H0262,"James A. ""Jay"" Leftwich",R,Local Government,Derived from LIS bill description,8,8,0,8,INSUFFICIENT DATA,100.0,0.0
2025,H0173,Jeion A. Ward,D,Local Government,Derived from LIS bill description,9,9,0,9,INSUFFICIENT DATA,100.0,0.0
2025,H0382,Joshua E. Thomas,D,Local Government,Derived from LIS bill description,8,8,0,8,INSUFFICIENT DATA,100.0,0.0
2025,H0370,Karen Keys-Gamarra,D,Local Government,Derived from LIS bill description,8,8,0,8,INSUFFICIENT DATA,100.0,0.0
2025,H0294,Karrie K. Delaney,D,Local Government,Derived from LIS bill description,8,8,0,8,INSUFFICIENT DATA,100.0,0.0
2025,H0305,Kathy K.L. Tran,D,Local Government,Derived from LIS bill description,9,9,0,9,INSUFFICIENT DATA,100.0,0.0
2025,H0295,Kelly K. Convirs-Fowler,D,Local Government,Derived from LIS bill description,8,8,0,8,INSUFFICIENT DATA,100.0,0.0
2025,H0346,Kim A. Taylor,R,Local Government,Derived from LIS bill description,8,7,0,7,INSUFFICIENT DATA,100.0,0.0
2025,H0227,Luke E. Torian,D,Local Government,Derived from LIS bill description,9,9,0,9,INSUFFICIENT DATA,100.0,0.0
2025,H0284,"Marcia S. ""Cia"" Price",D,Local Government,Derived from LIS bill description,8,8,0,8,INSUFFICIENT DATA,100.0,0.0
2025,H0264,Marcus B. Simon,D,Local Government,Derived from LIS bill description,9,9,0,9,INSUFFICIENT DATA,100.0,0.0
2025,H0172,Mark D. Sickles,D,Local Government,Derived from LIS bill description,9,9,0,9,INSUFFICIENT DATA,100.0,0.0
2025,H0358,"Mark L. Earley, Jr.",R,Local Government,Derived from LIS bill description,8,8,0,8,INSUFFICIENT DATA,100.0,0.0
2025,H0360,Michael B. Feggans,D,Local Government,Derived from LIS bill description,8,8,0,8,INSUFFICIENT DATA,100.0,0.0
2025,H0340,Michelle Lopes Maldonado,D,Local Government,Derived from LIS bill description,8,8,0,8,INSUFFICIENT DATA,100.0,0.0
2025,H0359,N. Baxter Ennis,R,Local Government,Derived from LIS bill description,8,7,0,7,INSUFFICIENT DATA,100.0,0.0
2025,H0219,Patrick A. Hope,D,Local Government,Derived from LIS bill description,8,8,0,8,INSUFFICIENT DATA,100.0,0.0
2025,H0281,Paul E. Krizek,D,Local Government,Derived from LIS bill description,8,8,0,8,INSUFFICIENT DATA,100.0,0.0
2025,H0366,Phil M. Hernandez,D,Local Government,Derived from LIS bill description,8,8,0,8,INSUFFICIENT DATA,100.0,0.0
2025,H0356,Rae Cousins,D,Local Government,Derived from LIS bill description,8,8,0,8,INSUFFICIENT DATA,100.0,0.0
2025,H0269,"Richard C. ""Rip"" Sullivan, Jr.",D,Local Government,Derived from LIS bill description,9,9,0,9,INSUFFICIENT DATA,100.0,0.0
2025,H0267,"Robert S. Bloxom, Jr.",R,Local Government,Derived from LIS bill description,8,8,0,8,INSUFFICIENT DATA,100.0,0.0
2025,H0327,Rodney T. Willett,D,Local Government,Derived from LIS bill description,8,8,0,8,INSUFFICIENT DATA,100.0,0.0
2025,H0365,"Rozia A. Henson, Jr.",D,Local Government,Derived from LIS bill description,8,8,0,8,INSUFFICIENT DATA,100.0,0.0
2025,H0266,Sam Rasoul,D,Local Government,Derived from LIS bill description,8,8,0,8,INSUFFICIENT DATA,100.0,0.0
2025,H0253,Terry L. Austin,R,Local Government,Derived from LIS bill description,9,9,0,9,INSUFFICIENT DATA,100.0,0.0
2025,H0108,Vivian E. Watts,D,Local Government,Derived from LIS bill description,9,9,0,9,INSUFFICIENT DATA,100.0,0.0
2025,H0363,W. Chad Green,R,Local Government,Derived from LIS bill description,8,8,0,8,INSUFFICIENT DATA,100.0,0.0
2025,H0181,C. Todd Gilbert,R,Local Government,Derived from LIS bill description,9,8,1,9,INSUFFICIENT DATA,88.88888888888889,11.11111111111111
2025,H0313,Amanda E. Batten,R,Local Government,Derived from LIS bill description,8,7,1,8,INSUFFICIENT DATA,87.5,12.5
2025,H0329,Bill Wiley,R,Local Government,Derived from LIS bill description,8,7,1,8,INSUFFICIENT DATA,87.5,12.5
2025,H0378,Chris Obenshain,R,Local Government,Derived from LIS bill description,8,7,1,8,INSUFFICIENT DATA,87.5,12.5
2025,H0383,Eric R. Zehr,R,Local Government,Derived from LIS bill description,8,7,1,8,INSUFFICIENT DATA,87.5,12.5
2025,H0242,Israel D. O'Quinn,R,Local Government,Derived from LIS bill description,9,7,1,8,INSUFFICIENT DATA,87.5,12.5
2025,H0333,Jason S. Ballard,R,Local Government,Derived from LIS bill description,8,7,1,8,INSUFFICIENT DATA,87.5,12.5
2025,H0352,"Jonathan ""Jed"" Arnold",R,Local Government,Derived from LIS bill description,8,7,1,8,INSUFFICIENT DATA,87.5,12.5
2025,H0247,Michael J. Webert,R,Local Government,Derived from LIS bill description,9,7,1,8,INSUFFICIENT DATA,87.5,12.5
2025,H0335,Mike A. Cherry,R,Local Government,Derived from LIS bill description,8,7,1,8,INSUFFICIENT DATA,87.5,12.5
2025,H0336,Nadarius E. Clark,D,Local Government,Derived from LIS bill description,8,7,1,8,INSUFFICIENT DATA,87.5,12.5
2025,H0279,Nicholas J. Freitas,R,Local Government,Derived from LIS bill description,8,7,1,8,INSUFFICIENT DATA,87.5,12.5
2025,H0376,Paul V. Milde,R,Local Government,Derived from LIS bill description,8,7,1,8,INSUFFICIENT DATA,87.5,12.5
2025,H0342,Phillip A. Scott,R,Local Government,Derived from LIS bill description,8,7,1,8,INSUFFICIENT DATA,87.5,12.5
2025,H0124,R. Lee Ware,R,Local Government,Derived from LIS bill description,8,7,1,8,INSUFFICIENT DATA,87.5,12.5
2025,H0073,"Robert D. Orrock, Sr.",R,Local Government,Derived from LIS bill description,8,7,1,8,INSUFFICIENT DATA,87.5,12.5
2025,H0056,Terry G. Kilgore,R,Local Government,Derived from LIS bill description,9,7,1,8,INSUFFICIENT DATA,87.5,12.5
2025,H0364,Timothy P. Griffin,R,Local Government,Derived from LIS bill description,8,7,1,8,INSUFFICIENT DATA,87.5,12.5
2025,H0231,Tony O. Wilt,R,Local Government,Derived from LIS bill description,8,7,1,8,INSUFFICIENT DATA,87.5,12.5
2025,H0325,Wendell S. Walker,R,Local Government,Derived from LIS bill description,8,7,1,8,INSUFFICIENT DATA,87.5,12.5
2025,H0357,Will Davis,R,Local Government,Derived from LIS bill description,8,7,1,8,INSUFFICIENT DATA,87.5,12.5
2025,H0348,Wren M. Williams,R,Local Government,Derived from LIS bill description,8,7,1,8,INSUFFICIENT DATA,87.5,12.5
2025,H0314,Joshua G. Cole,D,Local Government,Derived from LIS bill description,8,6,1,7,INSUFFICIENT DATA,85.71428571428571,14.285714285714285
2025,H0362,"Thomas A. Garrett, Jr.",R,Local Government,Derived from LIS bill description,8,6,1,7,INSUFFICIENT DATA,85.71428571428571,14.285714285714285
2025,H0136,"Thomas C. Wright, Jr.",R,Local Government,Derived from LIS bill description,8,6,1,7,INSUFFICIENT DATA,85.71428571428571,14.285714285714285
2025,H0150,"Daniel W. Marshall, III",R,Local Government,Derived from LIS bill description,8,0,0,0,INSUFFICIENT DATA,0.0,0.0
2025,H0373,Ian T. Lovejoy,R,Local Government,Derived from LIS bill summary,181,115,65,180,MIXED,63.888888888888886,36.11111111111111
2025,H0206,Barry D. Knight,R,Local Government,Derived from LIS bill summary,189,41,25,66,MIXED,62.121212121212125,37.878787878787875
2025,H0150,"Daniel W. Marshall, III",R,Local Government,Derived from LIS bill summary,183,30,19,49,MIXED,61.224489795918366,38.775510204081634
2025,H0315,Carrie E. Coyner,R,Local Government,Derived from LIS bill summary,193,102,65,167,MIXED,61.07784431137725,38.92215568862276
2025,H0345,Anne Ferrell Tata,R,Local Government,Derived from LIS bill summary,227,138,89,227,MIXED,60.792951541850215,39.20704845814978
2025,H0253,Terry L. Austin,R,Local Government,Derived from LIS bill summary,193,115,77,192,MIXED,59.895833333333336,40.10416666666667
2025,H0056,Terry G. Kilgore,R,Local Government,Derived from LIS bill summary,161,93,66,159,MIXED,58.490566037735846,41.509433962264154
2025,H0073,"Robert D. Orrock, Sr.",R,Local Government,Derived from LIS bill summary,154,87,62,149,MIXED,58.38926174496645,41.61073825503356
2025,H0337,A.C. Cordoza,R,Local Government,Derived from LIS bill summary,152,87,65,152,MIXED,57.23684210526315,42.76315789473684
2025,H0328,Scott A. Wyatt,R,Local Government,Derived from LIS bill summary,211,120,90,210,MIXED,57.14285714285714,42.857142857142854
2025,H0238,M. Keith Hodges,R,Local Government,Derived from LIS bill summary,219,124,95,219,MIXED,56.62100456621004,43.37899543378995
2025,H0259,"Hyland F. ""Buddy"" Fowler, Jr.",R,Local Government,Derived from LIS bill summary,178,96,74,170,MIXED,56.470588235294116,43.529411764705884
2025,H0378,Chris Obenshain,R,Local Government,Derived from LIS bill summary,144,81,63,144,MIXED,56.25,43.75
2025,H0363,W. Chad Green,R,Local Government,Derived from LIS bill summary,145,81,64,145,MIXED,55.86206896551724,44.13793103448276
2025,H0262,"James A. ""Jay"" Leftwich",R,Local Government,Derived from LIS bill summary,167,92,73,165,MIXED,55.757575757575765,44.24242424242424
2025,H0384,Eric Phillips,R,Local Government,Derived from LIS bill summary,135,74,59,133,MIXED,55.639097744360896,44.3609022556391
2025,H0350,Ellen H. Campbell,R,Local Government,Derived from LIS bill summary,226,121,97,218,MIXED,55.5045871559633,44.4954128440367
2025,H0367,Geary Higgins,R,Local Government,Derived from LIS bill summary,186,102,83,185,MIXED,55.13513513513514,44.86486486486487
2025,H0379,David Owen,R,Local Government,Derived from LIS bill summary,135,72,63,135,MIXED,53.333333333333336,46.666666666666664
2025,H0346,Kim A. Taylor,R,Local Government,Derived from LIS bill summary,137,68,62,130,MIXED,52.307692307692314,47.69230769230769
2025,H0329,Bill Wiley,R,Local Government,Derived from LIS bill summary,182,95,87,182,MIXED,52.197802197802204,47.8021978021978
2025,H0124,R. Lee Ware,R,Local Government,Derived from LIS bill summary,162,84,77,161,MIXED,52.17391304347826,47.82608695652174
2025,H0348,Wren M. Williams,R,Local Government,Derived from LIS bill summary,167,86,79,165,MIXED,52.121212121212125,47.878787878787875
2025,H0369,Hillary Pugh Kent,R,Local Government,Derived from LIS bill summary,149,77,71,148,MIXED,52.02702702702703,47.97297297297297
2025,H0231,Tony O. Wilt,R,Local Government,Derived from LIS bill summary,161,83,78,161,MIXED,51.5527950310559,48.4472049689441
2025,H0352,"Jonathan ""Jed"" Arnold",R,Local Government,Derived from LIS bill summary,167,82,78,160,MIXED,51.24999999999999,48.75
2025,H0358,"Mark L. Earley, Jr.",R,Local Government,Derived from LIS bill summary,145,74,71,145,MIXED,51.03448275862069,48.96551724137931
2025,H0347,"H. Otto Wachsmann, Jr.",R,Local Government,Derived from LIS bill summary,142,72,70,142,MIXED,50.70422535211267,49.29577464788733
2025,H0376,Paul V. Milde,R,Local Government,Derived from LIS bill summary,142,67,67,134,MIXED,50.0,50.0
2025,H0377,Delores Oates,R,Local Government,Derived from LIS bill summary,186,92,94,186,MIXED,49.46236559139785,50.53763440860215
2025,H0325,Wendell S. Walker,R,Local Government,Derived from LIS bill summary,144,71,73,144,MIXED,49.30555555555556,50.69444444444444
2025,H0321,Chris S. Runion,R,Local Government,Derived from LIS bill summary,170,81,89,170,MIXED,47.647058823529406,52.352941176470594
2025,H0335,Mike A. Cherry,R,Local Government,Derived from LIS bill summary,143,68,75,143,MIXED,47.55244755244755,52.44755244755245
2025,H0333,Jason S. Ballard,R,Local Government,Derived from LIS bill summary,163,77,85,162,MIXED,47.53086419753087,52.46913580246913
2025,H0242,Israel D. O'Quinn,R,Local Government,Derived from LIS bill summary,163,75,84,159,MIXED,47.16981132075472,52.83018867924528
2025,H0308,Joseph P. McNamara,R,Local Government,Derived from LIS bill summary,206,95,107,202,MIXED,47.02970297029702,52.97029702970298
2025,H0357,Will Davis,R,Local Government,Derived from LIS bill summary,158,74,84,158,MIXED,46.835443037974684,53.16455696202531
2025,H0313,Amanda E. Batten,R,Local Government,Derived from LIS bill summary,153,69,83,152,MIXED,45.39473684210527,54.60526315789473
2025,H0136,"Thomas C. Wright, Jr.",R,Local Government,Derived from LIS bill summary,149,60,77,137,MIXED,43.79562043795621,56.20437956204379
2025,H0247,Michael J. Webert,R,Local Government,Derived from LIS bill summary,169,70,94,164,MIXED,42.68292682926829,57.3170731707317
2025,H0362,"Thomas A. Garrett, Jr.",R,Local Government,Derived from LIS bill summary,143,49,81,130,MIXED,37.69230769230769,62.30769230769231
2025,H0364,Timothy P. Griffin,R,Local Government,Derived from LIS bill summary,148,54,93,147,MIXED,36.734693877551024,63.26530612244898
2025,H0383,Eric R. Zehr,R,Local Government,Derived from LIS bill summary,140,48,90,138,NO,34.78260869565217,65.21739130434783
2025,H0342,Phillip A. Scott,R,Local Government,Derived from LIS bill summary,138,43,91,134,NO,32.08955223880597,67.91044776119402
2025,H0181,C. Todd Gilbert,R,Local Government,Derived from LIS bill summary,155,48,105,153,NO,31.372549019607842,68.62745098039215
2025,H0279,Nicholas J. Freitas,R,Local Government,Derived from LIS bill summary,145,43,96,139,NO,30.935251798561154,69.06474820143885
2025,H0345,Anne Ferrell Tata,R,Local Government,Derived from LIS bill description,16,16,0,16,YES,100.0,0.0
2025,H0380,Atoosa R. Reaser,D,Local Government,Derived from LIS bill description,16,16,0,16,YES,100.0,0.0
2025,H0343,Briana D. Sewell,D,Local Government,Derived from LIS bill description,16,16,0,16,YES,100.0,0.0
2025,H0350,Ellen H. Campbell,R,Local Government,Derived from LIS bill description,16,16,0,16,YES,100.0,0.0
2025,H0373,Ian T. Lovejoy,R,Local Government,Derived from LIS bill description,24,24,0,24,YES,100.0,0.0
2025,H0354,Katrina Callsen,D,Local Government,Derived from LIS bill description,16,16,0,16,YES,100.0,0.0
2025,H0355,Laura Jane Cohen,D,Local Government,Derived from LIS bill description,16,16,0,16,YES,100.0,0.0
2025,H0238,M. Keith Hodges,R,Local Government,Derived from LIS bill description,16,16,0,16,YES,100.0,0.0
2025,H0368,Michael J. Jones,D,Local Government,Derived from LIS bill description,16,16,0,16,YES,100.0,0.0
2025,H0328,Scott A. Wyatt,R,Local Government,Derived from LIS bill description,24,23,0,23,YES,100.0,0.0
2025,H0323,Shelly A. Simonds,D,Local Government,Derived from LIS bill description,16,16,0,16,YES,100.0,0.0
2025,H0308,Joseph P. McNamara,R,Local Government,Derived from LIS bill description,24,23,1,24,YES,95.83333333333334,4.166666666666666
2025,H0323,Shelly A. Simonds,D,Local Government,Derived from LIS bill summary,234,217,13,230,YES,94.34782608695652,5.6521739130434785
2025,H0311,Alex Q. Askew,D,Local Government,Derived from LIS bill summary,227,207,13,220,YES,94.0909090909091,5.909090909090909
2025,H0380,Atoosa R. Reaser,D,Local Government,Derived from LIS bill summary,213,199,13,212,YES,93.86792452830188,6.132075471698113
2025,H0377,Delores Oates,R,Local Government,Derived from LIS bill description,16,15,1,16,YES,93.75,6.25
2025,H0367,Geary Higgins,R,Local Government,Derived from LIS bill description,16,15,1,16,YES,93.75,6.25
2025,H0224,James W. Morefield,R,Local Government,Derived from LIS bill description,16,15,1,16,YES,93.75,6.25
2025,H0355,Laura Jane Cohen,D,Local Government,Derived from LIS bill summary,200,187,13,200,YES,93.5,6.5
2025,H0368,Michael J. Jones,D,Local Government,Derived from LIS bill summary,182,156,11,167,YES,93.41317365269461,6.58682634730539
2025,H0361,Debra D. Gardner,D,Local Government,Derived from LIS bill summary,213,195,14,209,YES,93.30143540669856,6.698564593301436
2025,H0327,Rodney T. Willett,D,Local Government,Derived from LIS bill summary,181,166,12,178,YES,93.25842696629213,6.741573033707865
2025,H0349,Jackie H. Glass,D,Local Government,Derived from LIS bill summary,169,152,11,163,YES,93.25153374233128,6.748466257668712
2025,H0172,Mark D. Sickles,D,Local Government,Derived from LIS bill summary,177,164,12,176,YES,93.18181818181817,6.8181818181818175
2025,H0281,Paul E. Krizek,D,Local Government,Derived from LIS bill summary,205,191,14,205,YES,93.17073170731707,6.829268292682928
2025,H0317,Dan I. Helmer,D,Local Government,Derived from LIS bill summary,161,150,11,161,YES,93.16770186335404,6.832298136645963
2025,H0354,Katrina Callsen,D,Local Government,Derived from LIS bill summary,235,217,16,233,YES,93.13304721030042,6.866952789699571
2025,H0207,Delores L. McQuinn,D,Local Government,Derived from LIS bill summary,165,135,10,145,YES,93.10344827586206,6.896551724137931
2025,H0108,Vivian E. Watts,D,Local Government,Derived from LIS bill summary,181,162,12,174,YES,93.10344827586206,6.896551724137931
2025,H0294,Karrie K. Delaney,D,Local Government,Derived from LIS bill summary,185,161,12,173,YES,93.0635838150289,6.9364161849710975
2025,H0344,Irene Shin,D,Local Government,Derived from LIS bill summary,214,199,15,214,YES,92.99065420560748,7.009345794392523
2025,H0366,Phil M. Hernandez,D,Local Government,Derived from LIS bill summary,185,172,13,185,YES,92.97297297297298,7.027027027027027
2025,H0374,Marty Martinez,D,Local Government,Derived from LIS bill summary,181,168,13,181,YES,92.81767955801105,7.18232044198895
2025,H0301,David A. Reid,D,Local Government,Derived from LIS bill summary,166,154,12,166,YES,92.7710843373494,7.228915662650602
2025,H0372,Destiny LeVere Bolling,D,Local Government,Derived from LIS bill summary,154,140,11,151,YES,92.71523178807946,7.28476821192053
2025,H0269,"Richard C. ""Rip"" Sullivan, Jr.",D,Local Government,Derived from LIS bill summary,179,164,13,177,YES,92.65536723163842,7.344632768361582
2025,H0371,Amy J. Laufer,D,Local Government,Derived from LIS bill summary,162,149,12,161,YES,92.54658385093167,7.453416149068323
2025,H0208,Charniele L. Herring,D,Local Government,Derived from LIS bill summary,175,161,13,174,YES,92.52873563218391,7.471264367816093
2025,H0340,Michelle Lopes Maldonado,D,Local Government,Derived from LIS bill summary,160,147,12,159,YES,92.45283018867924,7.547169811320755
2025,H0227,Luke E. Torian,D,Local Government,Derived from LIS bill summary,190,159,13,172,YES,92.44186046511628,7.55813953488372
2025,H0351,Holly M. Seibold,D,Local Government,Derived from LIS bill summary,159,146,12,158,YES,92.40506329113924,7.59493670886076
2025,H0173,Jeion A. Ward,D,Local Government,Derived from LIS bill summary,168,146,12,158,YES,92.40506329113924,7.59493670886076
2025,H0330,Candi Mundon King,D,Local Government,Derived from LIS bill summary,249,182,15,197,YES,92.38578680203045,7.614213197969544
2025,H0295,Kelly K. Convirs-Fowler,D,Local Government,Derived from LIS bill summary,147,133,11,144,YES,92.36111111111111,7.638888888888889
2025,H0212,Betsy B. Carr,D,Local Government,Derived from LIS bill summary,210,192,16,208,YES,92.3076923076923,7.6923076923076925
2025,H0353,Bonita G. Anthony,D,Local Government,Derived from LIS bill summary,153,141,12,153,YES,92.15686274509804,7.8431372549019605
2025,H0266,Sam Rasoul,D,Local Government,Derived from LIS bill summary,165,139,12,151,YES,92.05298013245033,7.9470198675496695
2025,H0285,"C.E. Cliff Hayes, Jr.",D,Local Government,Derived from LIS bill summary,167,144,13,157,YES,91.71974522292994,8.280254777070063
2025,H0360,Michael B. Feggans,D,Local Government,Derived from LIS bill summary,156,142,13,155,YES,91.61290322580645,8.38709677419355
2025,H0336,Nadarius E. Clark,D,Local Government,Derived from LIS bill summary,155,140,13,153,YES,91.50326797385621,8.49673202614379
2025,H0365,"Rozia A. Henson, Jr.",D,Local Government,Derived from LIS bill summary,141,129,12,141,YES,91.48936170212765,8.51063829787234
2025,H0239,Alfonso H. Lopez,D,Local Government,Derived from LIS bill summary,177,149,14,163,YES,91.41104294478528,8.588957055214724
2025,H0370,Karen Keys-Gamarra,D,Local Government,Derived from LIS bill summary,163,149,14,163,YES,91.41104294478528,8.588957055214724
2025,H0314,Joshua G. Cole,D,Local Government,Derived from LIS bill summary,157,136,13,149,YES,91.2751677852349,8.724832214765101
2025,H0343,Briana D. Sewell,D,Local Government,Derived from LIS bill summary,229,209,20,229,YES,91.26637554585153,8.73362445414847
2025,H0322,Don Scott,D,Local Government,Derived from LIS bill summary,139,125,12,137,YES,91.24087591240875,8.75912408759124
2025,H0219,Patrick A. Hope,D,Local Government,Derived from LIS bill summary,154,133,13,146,YES,91.0958904109589,8.904109589041095
2025,H0361,Debra D. Gardner,D,Local Government,Derived from LIS bill description,24,20,2,22,YES,90.9090909090909,9.090909090909092
2025,H0334,Elizabeth B. Bennett-Parker,D,Local Government,Derived from LIS bill description,24,20,2,22,YES,90.9090909090909,9.090909090909092
2025,H0385,JJ Singh,D,Local Government,Derived from LIS bill summary,138,124,13,137,YES,90.51094890510949,9.48905109489051
2025,H0177,David L. Bulova,D,Local Government,Derived from LIS bill summary,211,181,19,200,YES,90.5,9.5
2025,H0284,"Marcia S. ""Cia"" Price",D,Local Government,Derived from LIS bill summary,162,142,15,157,YES,90.44585987261146,9.554140127388536
2025,H0356,Rae Cousins,D,Local Government,Derived from LIS bill summary,158,140,15,155,YES,90.32258064516128,9.67741935483871
2025,H0375,Adele Y. McClure,D,Local Government,Derived from LIS bill summary,166,149,16,165,YES,90.30303030303031,9.696969696969697
2025,H0382,Joshua E. Thomas,D,Local Government,Derived from LIS bill summary,172,154,17,171,YES,90.05847953216374,9.941520467836257
2025,H0334,Elizabeth B. Bennett-Parker,D,Local Government,Derived from LIS bill summary,214,172,19,191,YES,90.0523560209424,9.947643979057592
2025,H0264,Marcus B. Simon,D,Local Government,Derived from LIS bill summary,179,159,19,178,YES,89.32584269662921,10.674157303370785
2025,H0305,Kathy K.L. Tran,D,Local Government,Derived from LIS bill summary,168,148,19,167,YES,88.62275449101796,11.377245508982035
2025,H0330,Candi Mundon King,D,Local Government,Derived from LIS bill description,24,15,3,18,YES,83.33333333333334,16.666666666666664
2025,H0311,Alex Q. Askew,D,Local Government,Derived from LIS bill description,24,19,5,24,YES,79.16666666666666,20.833333333333336
2025,H0344,Irene Shin,D,Local Government,Derived from LIS bill description,24,19,5,24,YES,79.16666666666666,20.833333333333336
2025,H0374,Marty Martinez,D,Local Government,Derived from LIS bill description,24,19,5,24,YES,79.16666666666666,20.833333333333336
2025,H0267,"Robert S. Bloxom, Jr.",R,Local Government,Derived from LIS bill summary,203,135,68,203,YES,66.50246305418719,33.497536945812804
2025,H0224,James W. Morefield,R,Local Government,Derived from LIS bill summary,228,150,76,226,YES,66.3716814159292,33.6283185840708
2025,H0359,N. Baxter Ennis,R,Local Government,Derived from LIS bill summary,138,89,47,136,YES,65.44117647058823,34.55882352941176
2025,H0337,A.C. Cordoza,R,Marriage and Domestic Relations,Derived from LIS bill description,5,3,0,3,INSUFFICIENT DATA,100.0,0.0
2025,H0375,Adele Y. McClure,D,Marriage and Domestic Relations,Derived from LIS bill description,4,4,0,4,INSUFFICIENT DATA,100.0,0.0
2025,H0311,Alex Q. Askew,D,Marriage and Domestic Relations,Derived from LIS bill description,4,4,0,4,INSUFFICIENT DATA,100.0,0.0
2025,H0239,Alfonso H. Lopez,D,Marriage and Domestic Relations,Derived from LIS bill description,4,4,0,4,INSUFFICIENT DATA,100.0,0.0
2025,H0371,Amy J. Laufer,D,Marriage and Domestic Relations,Derived from LIS bill description,4,4,0,4,INSUFFICIENT DATA,100.0,0.0
2025,H0380,Atoosa R. Reaser,D,Marriage and Domestic Relations,Derived from LIS bill description,4,4,0,4,INSUFFICIENT DATA,100.0,0.0
2025,H0206,Barry D. Knight,R,Marriage and Domestic Relations,Derived from LIS bill description,4,1,0,1,INSUFFICIENT DATA,100.0,0.0
2025,H0212,Betsy B. Carr,D,Marriage and Domestic Relations,Derived from LIS bill description,4,4,0,4,INSUFFICIENT DATA,100.0,0.0
2025,H0353,Bonita G. Anthony,D,Marriage and Domestic Relations,Derived from LIS bill description,5,5,0,5,INSUFFICIENT DATA,100.0,0.0
2025,H0343,Briana D. Sewell,D,Marriage and Domestic Relations,Derived from LIS bill description,4,4,0,4,INSUFFICIENT DATA,100.0,0.0
2025,H0285,"C.E. Cliff Hayes, Jr.",D,Marriage and Domestic Relations,Derived from LIS bill description,4,4,0,4,INSUFFICIENT DATA,100.0,0.0
2025,H0330,Candi Mundon King,D,Marriage and Domestic Relations,Derived from LIS bill description,4,4,0,4,INSUFFICIENT DATA,100.0,0.0
2025,H0315,Carrie E. Coyner,R,Marriage and Domestic Relations,Derived from LIS bill description,4,4,0,4,INSUFFICIENT DATA,100.0,0.0
2025,H0208,Charniele L. Herring,D,Marriage and Domestic Relations,Derived from LIS bill description,4,3,0,3,INSUFFICIENT DATA,100.0,0.0
2025,H0378,Chris Obenshain,R,Marriage and Domestic Relations,Derived from LIS bill description,4,4,0,4,INSUFFICIENT DATA,100.0,0.0
2025,H0317,Dan I. Helmer,D,Marriage and Domestic Relations,Derived from LIS bill description,5,5,0,5,INSUFFICIENT DATA,100.0,0.0
2025,H0301,David A. Reid,D,Marriage and Domestic Relations,Derived from LIS bill description,5,5,0,5,INSUFFICIENT DATA,100.0,0.0
2025,H0177,David L. Bulova,D,Marriage and Domestic Relations,Derived from LIS bill description,4,4,0,4,INSUFFICIENT DATA,100.0,0.0
2025,H0379,David Owen,R,Marriage and Domestic Relations,Derived from LIS bill description,4,2,0,2,INSUFFICIENT DATA,100.0,0.0
2025,H0361,Debra D. Gardner,D,Marriage and Domestic Relations,Derived from LIS bill description,4,4,0,4,INSUFFICIENT DATA,100.0,0.0
2025,H0207,Delores L. McQuinn,D,Marriage and Domestic Relations,Derived from LIS bill description,4,4,0,4,INSUFFICIENT DATA,100.0,0.0
2025,H0372,Destiny LeVere Bolling,D,Marriage and Domestic Relations,Derived from LIS bill description,4,4,0,4,INSUFFICIENT DATA,100.0,0.0
2025,H0322,Don Scott,D,Marriage and Domestic Relations,Derived from LIS bill description,4,4,0,4,INSUFFICIENT DATA,100.0,0.0
2025,H0334,Elizabeth B. Bennett-Parker,D,Marriage and Domestic Relations,Derived from LIS bill description,4,4,0,4,INSUFFICIENT DATA,100.0,0.0
2025,H0350,Ellen H. Campbell,R,Marriage and Domestic Relations,Derived from LIS bill description,4,2,0,2,INSUFFICIENT DATA,100.0,0.0
2025,H0347,"H. Otto Wachsmann, Jr.",R,Marriage and Domestic Relations,Derived from LIS bill description,5,5,0,5,INSUFFICIENT DATA,100.0,0.0
2025,H0351,Holly M. Seibold,D,Marriage and Domestic Relations,Derived from LIS bill description,4,4,0,4,INSUFFICIENT DATA,100.0,0.0
2025,H0373,Ian T. Lovejoy,R,Marriage and Domestic Relations,Derived from LIS bill description,4,2,0,2,INSUFFICIENT DATA,100.0,0.0
2025,H0344,Irene Shin,D,Marriage and Domestic Relations,Derived from LIS bill description,4,4,0,4,INSUFFICIENT DATA,100.0,0.0
2025,H0385,JJ Singh,D,Marriage and Domestic Relations,Derived from LIS bill description,5,5,0,5,INSUFFICIENT DATA,100.0,0.0
2025,H0349,Jackie H. Glass,D,Marriage and Domestic Relations,Derived from LIS bill description,5,5,0,5,INSUFFICIENT DATA,100.0,0.0
2025,H0173,Jeion A. Ward,D,Marriage and Domestic Relations,Derived from LIS bill description,4,4,0,4,INSUFFICIENT DATA,100.0,0.0
2025,H0308,Joseph P. McNamara,R,Marriage and Domestic Relations,Derived from LIS bill description,4,4,0,4,INSUFFICIENT DATA,100.0,0.0
2025,H0382,Joshua E. Thomas,D,Marriage and Domestic Relations,Derived from LIS bill description,4,4,0,4,INSUFFICIENT DATA,100.0,0.0
2025,H0314,Joshua G. Cole,D,Marriage and Domestic Relations,Derived from LIS bill description,5,5,0,5,INSUFFICIENT DATA,100.0,0.0
2025,H0370,Karen Keys-Gamarra,D,Marriage and Domestic Relations,Derived from LIS bill description,4,4,0,4,INSUFFICIENT DATA,100.0,0.0
2025,H0294,Karrie K. Delaney,D,Marriage and Domestic Relations,Derived from LIS bill description,5,5,0,5,INSUFFICIENT DATA,100.0,0.0
2025,H0305,Kathy K.L. Tran,D,Marriage and Domestic Relations,Derived from LIS bill description,4,4,0,4,INSUFFICIENT DATA,100.0,0.0
2025,H0354,Katrina Callsen,D,Marriage and Domestic Relations,Derived from LIS bill description,5,5,0,5,INSUFFICIENT DATA,100.0,0.0
2025,H0295,Kelly K. Convirs-Fowler,D,Marriage and Domestic Relations,Derived from LIS bill description,5,5,0,5,INSUFFICIENT DATA,100.0,0.0
2025,H0355,Laura Jane Cohen,D,Marriage and Domestic Relations,Derived from LIS bill description,4,4,0,4,INSUFFICIENT DATA,100.0,0.0
2025,H0227,Luke E. Torian,D,Marriage and Domestic Relations,Derived from LIS bill description,4,3,0,3,INSUFFICIENT DATA,100.0,0.0
2025,H0284,"Marcia S. ""Cia"" Price",D,Marriage and Domestic Relations,Derived from LIS bill description,5,5,0,5,INSUFFICIENT DATA,100.0,0.0
2025,H0264,Marcus B. Simon,D,Marriage and Domestic Relations,Derived from LIS bill description,4,4,0,4,INSUFFICIENT DATA,100.0,0.0
2025,H0172,Mark D. Sickles,D,Marriage and Domestic Relations,Derived from LIS bill description,5,5,0,5,INSUFFICIENT DATA,100.0,0.0
2025,H0374,Marty Martinez,D,Marriage and Domestic Relations,Derived from LIS bill description,4,4,0,4,INSUFFICIENT DATA,100.0,0.0
2025,H0360,Michael B. Feggans,D,Marriage and Domestic Relations,Derived from LIS bill description,4,4,0,4,INSUFFICIENT DATA,100.0,0.0
2025,H0368,Michael J. Jones,D,Marriage and Domestic Relations,Derived from LIS bill description,4,4,0,4,INSUFFICIENT DATA,100.0,0.0
2025,H0340,Michelle Lopes Maldonado,D,Marriage and Domestic Relations,Derived from LIS bill description,5,5,0,5,INSUFFICIENT DATA,100.0,0.0
2025,H0335,Mike A. Cherry,R,Marriage and Domestic Relations,Derived from LIS bill description,5,2,0,2,INSUFFICIENT DATA,100.0,0.0
2025,H0336,Nadarius E. Clark,D,Marriage and Domestic Relations,Derived from LIS bill description,4,3,0,3,INSUFFICIENT DATA,100.0,0.0
2025,H0219,Patrick A. Hope,D,Marriage and Domestic Relations,Derived from LIS bill description,5,4,0,4,INSUFFICIENT DATA,100.0,0.0
2025,H0281,Paul E. Krizek,D,Marriage and Domestic Relations,Derived from LIS bill description,5,5,0,5,INSUFFICIENT DATA,100.0,0.0
2025,H0366,Phil M. Hernandez,D,Marriage and Domestic Relations,Derived from LIS bill description,5,5,0,5,INSUFFICIENT DATA,100.0,0.0
2025,H0356,Rae Cousins,D,Marriage and Domestic Relations,Derived from LIS bill description,5,5,0,5,INSUFFICIENT DATA,100.0,0.0
2025,H0269,"Richard C. ""Rip"" Sullivan, Jr.",D,Marriage and Domestic Relations,Derived from LIS bill description,4,4,0,4,INSUFFICIENT DATA,100.0,0.0
2025,H0267,"Robert S. Bloxom, Jr.",R,Marriage and Domestic Relations,Derived from LIS bill description,5,5,0,5,INSUFFICIENT DATA,100.0,0.0
2025,H0327,Rodney T. Willett,D,Marriage and Domestic Relations,Derived from LIS bill description,4,4,0,4,INSUFFICIENT DATA,100.0,0.0
2025,H0365,"Rozia A. Henson, Jr.",D,Marriage and Domestic Relations,Derived from LIS bill description,5,5,0,5,INSUFFICIENT DATA,100.0,0.0
2025,H0266,Sam Rasoul,D,Marriage and Domestic Relations,Derived from LIS bill description,4,4,0,4,INSUFFICIENT DATA,100.0,0.0
2025,H0323,Shelly A. Simonds,D,Marriage and Domestic Relations,Derived from LIS bill description,4,4,0,4,INSUFFICIENT DATA,100.0,0.0
2025,H0362,"Thomas A. Garrett, Jr.",R,Marriage and Domestic Relations,Derived from LIS bill description,4,4,0,4,INSUFFICIENT DATA,100.0,0.0
2025,H0108,Vivian E. Watts,D,Marriage and Domestic Relations,Derived from LIS bill description,5,5,0,5,INSUFFICIENT DATA,100.0,0.0
2025,H0363,W. Chad Green,R,Marriage and Domestic Relations,Derived from LIS bill description,5,5,0,5,INSUFFICIENT DATA,100.0,0.0
2025,H0345,Anne Ferrell Tata,R,Marriage and Domestic Relations,Derived from LIS bill description,4,2,1,3,INSUFFICIENT DATA,66.66666666666666,33.33333333333333
2025,H0150,"Daniel W. Marshall, III",R,Marriage and Domestic Relations,Derived from LIS bill summary,28,4,2,6,INSUFFICIENT DATA,66.66666666666666,33.33333333333333
2025,H0313,Amanda E. Batten,R,Marriage and Domestic Relations,Derived from LIS bill description,5,3,2,5,INSUFFICIENT DATA,60.0,40.0
2025,H0348,Wren M. Williams,R,Marriage and Domestic Relations,Derived from LIS bill description,5,3,2,5,INSUFFICIENT DATA,60.0,40.0
2025,H0206,Barry D. Knight,R,Marriage and Domestic Relations,Derived from LIS bill summary,23,4,4,8,INSUFFICIENT DATA,50.0,50.0
2025,H0329,Bill Wiley,R,Marriage and Domestic Relations,Derived from LIS bill description,4,2,2,4,INSUFFICIENT DATA,50.0,50.0
2025,H0321,Chris S. Runion,R,Marriage and Domestic Relations,Derived from LIS bill description,4,2,2,4,INSUFFICIENT DATA,50.0,50.0
2025,H0377,Delores Oates,R,Marriage and Domestic Relations,Derived from LIS bill description,4,2,2,4,INSUFFICIENT DATA,50.0,50.0
2025,H0383,Eric R. Zehr,R,Marriage and Domestic Relations,Derived from LIS bill description,4,2,2,4,INSUFFICIENT DATA,50.0,50.0
2025,H0367,Geary Higgins,R,Marriage and Domestic Relations,Derived from LIS bill description,4,2,2,4,INSUFFICIENT DATA,50.0,50.0
2025,H0369,Hillary Pugh Kent,R,Marriage and Domestic Relations,Derived from LIS bill description,4,2,2,4,INSUFFICIENT DATA,50.0,50.0
2025,H0259,"Hyland F. ""Buddy"" Fowler, Jr.",R,Marriage and Domestic Relations,Derived from LIS bill description,4,2,2,4,INSUFFICIENT DATA,50.0,50.0
2025,H0224,James W. Morefield,R,Marriage and Domestic Relations,Derived from LIS bill description,4,2,2,4,INSUFFICIENT DATA,50.0,50.0
2025,H0333,Jason S. Ballard,R,Marriage and Domestic Relations,Derived from LIS bill description,4,2,2,4,INSUFFICIENT DATA,50.0,50.0
2025,H0352,"Jonathan ""Jed"" Arnold",R,Marriage and Domestic Relations,Derived from LIS bill description,4,2,2,4,INSUFFICIENT DATA,50.0,50.0
2025,H0238,M. Keith Hodges,R,Marriage and Domestic Relations,Derived from LIS bill description,4,2,2,4,INSUFFICIENT DATA,50.0,50.0
2025,H0358,"Mark L. Earley, Jr.",R,Marriage and Domestic Relations,Derived from LIS bill description,4,2,2,4,INSUFFICIENT DATA,50.0,50.0
2025,H0247,Michael J. Webert,R,Marriage and Domestic Relations,Derived from LIS bill description,4,2,2,4,INSUFFICIENT DATA,50.0,50.0
2025,H0359,N. Baxter Ennis,R,Marriage and Domestic Relations,Derived from LIS bill description,4,2,2,4,INSUFFICIENT DATA,50.0,50.0
2025,H0279,Nicholas J. Freitas,R,Marriage and Domestic Relations,Derived from LIS bill description,4,2,2,4,INSUFFICIENT DATA,50.0,50.0
2025,H0124,R. Lee Ware,R,Marriage and Domestic Relations,Derived from LIS bill description,4,2,2,4,INSUFFICIENT DATA,50.0,50.0
2025,H0073,"Robert D. Orrock, Sr.",R,Marriage and Domestic Relations,Derived from LIS bill description,4,2,2,4,INSUFFICIENT DATA,50.0,50.0
2025,H0328,Scott A. Wyatt,R,Marriage and Domestic Relations,Derived from LIS bill description,4,2,2,4,INSUFFICIENT DATA,50.0,50.0
2025,H0056,Terry G. Kilgore,R,Marriage and Domestic Relations,Derived from LIS bill description,4,2,2,4,INSUFFICIENT DATA,50.0,50.0
2025,H0253,Terry L. Austin,R,Marriage and Domestic Relations,Derived from LIS bill description,4,2,2,4,INSUFFICIENT DATA,50.0,50.0
2025,H0136,"Thomas C. Wright, Jr.",R,Marriage and Domestic Relations,Derived from LIS bill description,4,2,2,4,INSUFFICIENT DATA,50.0,50.0
2025,H0364,Timothy P. Griffin,R,Marriage and Domestic Relations,Derived from LIS bill description,4,2,2,4,INSUFFICIENT DATA,50.0,50.0
2025,H0231,Tony O. Wilt,R,Marriage and Domestic Relations,Derived from LIS bill description,4,2,2,4,INSUFFICIENT DATA,50.0,50.0
2025,H0325,Wendell S. Walker,R,Marriage and Domestic Relations,Derived from LIS bill description,4,2,2,4,INSUFFICIENT DATA,50.0,50.0
2025,H0357,Will Davis,R,Marriage and Domestic Relations,Derived from LIS bill description,4,2,2,4,INSUFFICIENT DATA,50.0,50.0
2025,H0181,C. Todd Gilbert,R,Marriage and Domestic Relations,Derived from LIS bill description,5,2,3,5,INSUFFICIENT DATA,40.0,60.0
2025,H0384,Eric Phillips,R,Marriage and Domestic Relations,Derived from LIS bill description,5,2,3,5,INSUFFICIENT DATA,40.0,60.0
2025,H0242,Israel D. O'Quinn,R,Marriage and Domestic Relations,Derived from LIS bill description,5,2,3,5,INSUFFICIENT DATA,40.0,60.0
2025,H0262,"James A. ""Jay"" Leftwich",R,Marriage and Domestic Relations,Derived from LIS bill description,5,2,3,5,INSUFFICIENT DATA,40.0,60.0
2025,H0376,Paul V. Milde,R,Marriage and Domestic Relations,Derived from LIS bill description,5,2,3,5,INSUFFICIENT DATA,40.0,60.0
2025,H0342,Phillip A. Scott,R,Marriage and Domestic Relations,Derived from LIS bill description,5,2,3,5,INSUFFICIENT DATA,40.0,60.0
2025,H0346,Kim A. Taylor,R,Marriage and Domestic Relations,Derived from LIS bill description,4,1,2,3,INSUFFICIENT DATA,33.33333333333333,66.66666666666666
2025,H0150,"Daniel W. Marshall, III",R,Marriage and Domestic Relations,Derived from LIS bill description,4,0,0,0,INSUFFICIENT DATA,0.0,0.0
2025,H0357,Will Davis,R,Marriage and Domestic Relations,Derived from LIS bill summary,41,26,15,41,MIXED,63.41463414634146,36.58536585365854
2025,H0262,"James A. ""Jay"" Leftwich",R,Marriage and Domestic Relations,Derived from LIS bill summary,44,27,17,44,MIXED,61.36363636363637,38.63636363636363
2025,H0348,Wren M. Williams,R,Marriage and Domestic Relations,Derived from LIS bill summary,41,25,16,41,MIXED,60.97560975609756,39.02439024390244
2025,H0337,A.C. Cordoza,R,Marriage and Domestic Relations,Derived from LIS bill summary,46,28,18,46,MIXED,60.86956521739131,39.130434782608695
2025,H0378,Chris Obenshain,R,Marriage and Domestic Relations,Derived from LIS bill summary,40,24,16,40,MIXED,60.0,40.0
2025,H0352,"Jonathan ""Jed"" Arnold",R,Marriage and Domestic Relations,Derived from LIS bill summary,37,21,15,36,MIXED,58.333333333333336,41.66666666666667
2025,H0358,"Mark L. Earley, Jr.",R,Marriage and Domestic Relations,Derived from LIS bill summary,35,20,15,35,MIXED,57.14285714285714,42.857142857142854
2025,H0346,Kim A. Taylor,R,Marriage and Domestic Relations,Derived from LIS bill summary,30,15,12,27,MIXED,55.55555555555556,44.44444444444444
2025,H0359,N. Baxter Ennis,R,Marriage and Domestic Relations,Derived from LIS bill summary,29,16,13,29,MIXED,55.172413793103445,44.827586206896555
2025,H0350,Ellen H. Campbell,R,Marriage and Domestic Relations,Derived from LIS bill summary,31,17,14,31,MIXED,54.83870967741935,45.16129032258064
2025,H0238,M. Keith Hodges,R,Marriage and Domestic Relations,Derived from LIS bill summary,30,16,14,30,MIXED,53.333333333333336,46.666666666666664
2025,H0073,"Robert D. Orrock, Sr.",R,Marriage and Domestic Relations,Derived from LIS bill summary,32,16,14,30,MIXED,53.333333333333336,46.666666666666664
2025,H0313,Amanda E. Batten,R,Marriage and Domestic Relations,Derived from LIS bill summary,47,25,22,47,MIXED,53.191489361702125,46.808510638297875
2025,H0367,Geary Higgins,R,Marriage and Domestic Relations,Derived from LIS bill summary,25,13,12,25,MIXED,52.0,48.0
2025,H0335,Mike A. Cherry,R,Marriage and Domestic Relations,Derived from LIS bill summary,25,13,12,25,MIXED,52.0,48.0
2025,H0325,Wendell S. Walker,R,Marriage and Domestic Relations,Derived from LIS bill summary,30,15,14,29,MIXED,51.724137931034484,48.275862068965516
2025,H0345,Anne Ferrell Tata,R,Marriage and Domestic Relations,Derived from LIS bill summary,29,14,14,28,MIXED,50.0,50.0
2025,H0321,Chris S. Runion,R,Marriage and Domestic Relations,Derived from LIS bill summary,28,14,14,28,MIXED,50.0,50.0
2025,H0369,Hillary Pugh Kent,R,Marriage and Domestic Relations,Derived from LIS bill summary,26,13,13,26,MIXED,50.0,50.0
2025,H0373,Ian T. Lovejoy,R,Marriage and Domestic Relations,Derived from LIS bill summary,22,11,11,22,MIXED,50.0,50.0
2025,H0224,James W. Morefield,R,Marriage and Domestic Relations,Derived from LIS bill summary,28,14,14,28,MIXED,50.0,50.0
2025,H0267,"Robert S. Bloxom, Jr.",R,Marriage and Domestic Relations,Derived from LIS bill summary,31,15,16,31,MIXED,48.38709677419355,51.61290322580645
2025,H0329,Bill Wiley,R,Marriage and Domestic Relations,Derived from LIS bill summary,29,14,15,29,MIXED,48.275862068965516,51.724137931034484
2025,H0124,R. Lee Ware,R,Marriage and Domestic Relations,Derived from LIS bill summary,28,13,14,27,MIXED,48.148148148148145,51.85185185185185
2025,H0362,"Thomas A. Garrett, Jr.",R,Marriage and Domestic Relations,Derived from LIS bill summary,26,11,12,23,MIXED,47.82608695652174,52.17391304347826
2025,H0259,"Hyland F. ""Buddy"" Fowler, Jr.",R,Marriage and Domestic Relations,Derived from LIS bill summary,29,13,15,28,MIXED,46.42857142857143,53.57142857142857
2025,H0363,W. Chad Green,R,Marriage and Domestic Relations,Derived from LIS bill summary,24,11,13,24,MIXED,45.83333333333333,54.166666666666664
2025,H0379,David Owen,R,Marriage and Domestic Relations,Derived from LIS bill summary,29,13,16,29,MIXED,44.827586206896555,55.172413793103445
2025,H0308,Joseph P. McNamara,R,Marriage and Domestic Relations,Derived from LIS bill summary,29,13,16,29,MIXED,44.827586206896555,55.172413793103445
2025,H0253,Terry L. Austin,R,Marriage and Domestic Relations,Derived from LIS bill summary,30,13,16,29,MIXED,44.827586206896555,55.172413793103445
2025,H0347,"H. Otto Wachsmann, Jr.",R,Marriage and Domestic Relations,Derived from LIS bill summary,27,12,15,27,MIXED,44.44444444444444,55.55555555555556
2025,H0342,Phillip A. Scott,R,Marriage and Domestic Relations,Derived from LIS bill summary,25,11,14,25,MIXED,44.0,56.00000000000001
2025,H0242,Israel D. O'Quinn,R,Marriage and Domestic Relations,Derived from LIS bill summary,23,10,13,23,MIXED,43.47826086956522,56.52173913043478
2025,H0376,Paul V. Milde,R,Marriage and Domestic Relations,Derived from LIS bill summary,23,10,13,23,MIXED,43.47826086956522,56.52173913043478
2025,H0231,Tony O. Wilt,R,Marriage and Domestic Relations,Derived from LIS bill summary,28,12,16,28,MIXED,42.857142857142854,57.14285714285714
2025,H0247,Michael J. Webert,R,Marriage and Domestic Relations,Derived from LIS bill summary,26,11,15,26,MIXED,42.30769230769231,57.692307692307686
2025,H0279,Nicholas J. Freitas,R,Marriage and Domestic Relations,Derived from LIS bill summary,26,10,14,24,MIXED,41.66666666666667,58.333333333333336
2025,H0181,C. Todd Gilbert,R,Marriage and Domestic Relations,Derived from LIS bill summary,23,9,13,22,MIXED,40.909090909090914,59.09090909090909
2025,H0383,Eric R. Zehr,R,Marriage and Domestic Relations,Derived from LIS bill summary,22,9,13,22,MIXED,40.909090909090914,59.09090909090909
2025,H0364,Timothy P. Griffin,R,Marriage and Domestic Relations,Derived from LIS bill summary,22,9,13,22,MIXED,40.909090909090914,59.09090909090909
2025,H0377,Delores Oates,R,Marriage and Domestic Relations,Derived from LIS bill summary,27,11,16,27,MIXED,40.74074074074074,59.25925925925925
2025,H0384,Eric Phillips,R,Marriage and Domestic Relations,Derived from LIS bill summary,27,11,16,27,MIXED,40.74074074074074,59.25925925925925
2025,H0328,Scott A. Wyatt,R,Marriage and Domestic Relations,Derived from LIS bill summary,29,11,17,28,MIXED,39.285714285714285,60.71428571428571
2025,H0136,"Thomas C. Wright, Jr.",R,Marriage and Domestic Relations,Derived from LIS bill summary,22,8,13,21,MIXED,38.095238095238095,61.904761904761905
2025,H0108,Vivian E. Watts,D,Marriage and Domestic Relations,Derived from LIS bill summary,50,48,1,49,YES,97.95918367346938,2.0408163265306123
2025,H0382,Joshua E. Thomas,D,Marriage and Domestic Relations,Derived from LIS bill summary,48,47,1,48,YES,97.91666666666666,2.083333333333333
2025,H0294,Karrie K. Delaney,D,Marriage and Domestic Relations,Derived from LIS bill summary,44,42,1,43,YES,97.67441860465115,2.3255813953488373
2025,H0269,"Richard C. ""Rip"" Sullivan, Jr.",D,Marriage and Domestic Relations,Derived from LIS bill summary,50,42,1,43,YES,97.67441860465115,2.3255813953488373
2025,H0172,Mark D. Sickles,D,Marriage and Domestic Relations,Derived from LIS bill summary,34,32,1,33,YES,96.96969696969697,3.0303030303030303
2025,H0266,Sam Rasoul,D,Marriage and Domestic Relations,Derived from LIS bill summary,34,32,1,33,YES,96.96969696969697,3.0303030303030303
2025,H0343,Briana D. Sewell,D,Marriage and Domestic Relations,Derived from LIS bill summary,30,29,1,30,YES,96.66666666666667,3.3333333333333335
2025,H0327,Rodney T. Willett,D,Marriage and Domestic Relations,Derived from LIS bill summary,30,29,1,30,YES,96.66666666666667,3.3333333333333335
2025,H0212,Betsy B. Carr,D,Marriage and Domestic Relations,Derived from LIS bill summary,29,28,1,29,YES,96.55172413793103,3.4482758620689653
2025,H0353,Bonita G. Anthony,D,Marriage and Domestic Relations,Derived from LIS bill summary,29,28,1,29,YES,96.55172413793103,3.4482758620689653
2025,H0177,David L. Bulova,D,Marriage and Domestic Relations,Derived from LIS bill summary,31,28,1,29,YES,96.55172413793103,3.4482758620689653
2025,H0334,Elizabeth B. Bennett-Parker,D,Marriage and Domestic Relations,Derived from LIS bill summary,31,28,1,29,YES,96.55172413793103,3.4482758620689653
2025,H0227,Luke E. Torian,D,Marriage and Domestic Relations,Derived from LIS bill summary,31,27,1,28,YES,96.42857142857143,3.571428571428571
2025,H0323,Shelly A. Simonds,D,Marriage and Domestic Relations,Derived from LIS bill summary,29,27,1,28,YES,96.42857142857143,3.571428571428571
2025,H0239,Alfonso H. Lopez,D,Marriage and Domestic Relations,Derived from LIS bill summary,27,26,1,27,YES,96.29629629629629,3.7037037037037033
2025,H0285,"C.E. Cliff Hayes, Jr.",D,Marriage and Domestic Relations,Derived from LIS bill summary,29,26,1,27,YES,96.29629629629629,3.7037037037037033
2025,H0317,Dan I. Helmer,D,Marriage and Domestic Relations,Derived from LIS bill summary,27,26,1,27,YES,96.29629629629629,3.7037037037037033
2025,H0207,Delores L. McQuinn,D,Marriage and Domestic Relations,Derived from LIS bill summary,30,25,1,26,YES,96.15384615384616,3.8461538461538463
2025,H0208,Charniele L. Herring,D,Marriage and Domestic Relations,Derived from LIS bill summary,25,24,1,25,YES,96.0,4.0
2025,H0354,Katrina Callsen,D,Marriage and Domestic Relations,Derived from LIS bill summary,49,46,2,48,YES,95.83333333333334,4.166666666666666
2025,H0349,Jackie H. Glass,D,Marriage and Domestic Relations,Derived from LIS bill summary,24,22,1,23,YES,95.65217391304348,4.3478260869565215
2025,H0295,Kelly K. Convirs-Fowler,D,Marriage and Domestic Relations,Derived from LIS bill summary,23,22,1,23,YES,95.65217391304348,4.3478260869565215
2025,H0366,Phil M. Hernandez,D,Marriage and Domestic Relations,Derived from LIS bill summary,46,43,2,45,YES,95.55555555555556,4.444444444444445
2025,H0322,Don Scott,D,Marriage and Domestic Relations,Derived from LIS bill summary,22,21,1,22,YES,95.45454545454545,4.545454545454546
2025,H0380,Atoosa R. Reaser,D,Marriage and Domestic Relations,Derived from LIS bill summary,42,40,2,42,YES,95.23809523809523,4.761904761904762
2025,H0368,Michael J. Jones,D,Marriage and Domestic Relations,Derived from LIS bill summary,22,19,1,20,YES,95.0,5.0
2025,H0340,Michelle Lopes Maldonado,D,Marriage and Domestic Relations,Derived from LIS bill summary,38,35,2,37,YES,94.5945945945946,5.405405405405405
2025,H0330,Candi Mundon King,D,Marriage and Domestic Relations,Derived from LIS bill summary,34,31,2,33,YES,93.93939393939394,6.0606060606060606
2025,H0219,Patrick A. Hope,D,Marriage and Domestic Relations,Derived from LIS bill summary,55,45,3,48,YES,93.75,6.25
2025,H0281,Paul E. Krizek,D,Marriage and Domestic Relations,Derived from LIS bill summary,32,30,2,32,YES,93.75,6.25
2025,H0370,Karen Keys-Gamarra,D,Marriage and Domestic Relations,Derived from LIS bill summary,47,44,3,47,YES,93.61702127659575,6.382978723404255
2025,H0264,Marcus B. Simon,D,Marriage and Domestic Relations,Derived from LIS bill summary,50,44,3,47,YES,93.61702127659575,6.382978723404255
2025,H0311,Alex Q. Askew,D,Marriage and Domestic Relations,Derived from LIS bill summary,31,29,2,31,YES,93.54838709677419,6.451612903225806
2025,H0305,Kathy K.L. Tran,D,Marriage and Domestic Relations,Derived from LIS bill summary,31,29,2,31,YES,93.54838709677419,6.451612903225806
2025,H0375,Adele Y. McClure,D,Marriage and Domestic Relations,Derived from LIS bill summary,30,28,2,30,YES,93.33333333333333,6.666666666666667
2025,H0361,Debra D. Gardner,D,Marriage and Domestic Relations,Derived from LIS bill summary,30,28,2,30,YES,93.33333333333333,6.666666666666667
2025,H0351,Holly M. Seibold,D,Marriage and Domestic Relations,Derived from LIS bill summary,30,27,2,29,YES,93.10344827586206,6.896551724137931
2025,H0371,Amy J. Laufer,D,Marriage and Domestic Relations,Derived from LIS bill summary,28,26,2,28,YES,92.85714285714286,7.142857142857142
2025,H0301,David A. Reid,D,Marriage and Domestic Relations,Derived from LIS bill summary,28,26,2,28,YES,92.85714285714286,7.142857142857142
2025,H0314,Joshua G. Cole,D,Marriage and Domestic Relations,Derived from LIS bill summary,28,25,2,27,YES,92.5925925925926,7.4074074074074066
2025,H0284,"Marcia S. ""Cia"" Price",D,Marriage and Domestic Relations,Derived from LIS bill summary,28,25,2,27,YES,92.5925925925926,7.4074074074074066
2025,H0360,Michael B. Feggans,D,Marriage and Domestic Relations,Derived from LIS bill summary,27,25,2,27,YES,92.5925925925926,7.4074074074074066
2025,H0336,Nadarius E. Clark,D,Marriage and Domestic Relations,Derived from LIS bill summary,27,25,2,27,YES,92.5925925925926,7.4074074074074066
2025,H0344,Irene Shin,D,Marriage and Domestic Relations,Derived from LIS bill summary,26,24,2,26,YES,92.3076923076923,7.6923076923076925
2025,H0385,JJ Singh,D,Marriage and Domestic Relations,Derived from LIS bill summary,26,23,2,25,YES,92.0,8.0
2025,H0356,Rae Cousins,D,Marriage and Domestic Relations,Derived from LIS bill summary,46,41,4,45,YES,91.11111111111111,8.88888888888889
2025,H0372,Destiny LeVere Bolling,D,Marriage and Domestic Relations,Derived from LIS bill summary,23,20,2,22,YES,90.9090909090909,9.090909090909092
2025,H0173,Jeion A. Ward,D,Marriage and Domestic Relations,Derived from LIS bill summary,22,20,2,22,YES,90.9090909090909,9.090909090909092
2025,H0355,Laura Jane Cohen,D,Marriage and Domestic Relations,Derived from LIS bill summary,22,20,2,22,YES,90.9090909090909,9.090909090909092
2025,H0374,Marty Martinez,D,Marriage and Domestic Relations,Derived from LIS bill summary,22,20,2,22,YES,90.9090909090909,9.090909090909092
2025,H0365,"Rozia A. Henson, Jr.",D,Marriage and Domestic Relations,Derived from LIS bill summary,26,23,3,26,YES,88.46153846153845,11.538461538461538
2025,H0315,Carrie E. Coyner,R,Marriage and Domestic Relations,Derived from LIS bill summary,30,23,4,27,YES,85.18518518518519,14.814814814814813
2025,H0333,Jason S. Ballard,R,Marriage and Domestic Relations,Derived from LIS bill summary,41,28,13,41,YES,68.29268292682927,31.70731707317073
2025,H0056,Terry G. Kilgore,R,Marriage and Domestic Relations,Derived from LIS bill summary,41,25,13,38,YES,65.78947368421053,34.21052631578947
2025,H0337,A.C. Cordoza,R,"Pensions, Benefits, and Retirement",Derived from LIS bill description,1,1,0,1,INSUFFICIENT DATA,100.0,0.0
2025,H0375,Adele Y. McClure,D,"Pensions, Benefits, and Retirement",Derived from LIS bill description,1,1,0,1,INSUFFICIENT DATA,100.0,0.0
2025,H0375,Adele Y. McClure,D,"Pensions, Benefits, and Retirement",Derived from LIS bill summary,7,7,0,7,INSUFFICIENT DATA,100.0,0.0
2025,H0311,Alex Q. Askew,D,"Pensions, Benefits, and Retirement",Derived from LIS bill description,2,2,0,2,INSUFFICIENT DATA,100.0,0.0
2025,H0239,Alfonso H. Lopez,D,"Pensions, Benefits, and Retirement",Derived from LIS bill description,1,1,0,1,INSUFFICIENT DATA,100.0,0.0
2025,H0239,Alfonso H. Lopez,D,"Pensions, Benefits, and Retirement",Derived from LIS bill summary,8,8,0,8,INSUFFICIENT DATA,100.0,0.0
2025,H0313,Amanda E. Batten,R,"Pensions, Benefits, and Retirement",Derived from LIS bill description,1,1,0,1,INSUFFICIENT DATA,100.0,0.0
2025,H0371,Amy J. Laufer,D,"Pensions, Benefits, and Retirement",Derived from LIS bill description,1,1,0,1,INSUFFICIENT DATA,100.0,0.0
2025,H0371,Amy J. Laufer,D,"Pensions, Benefits, and Retirement",Derived from LIS bill summary,7,7,0,7,INSUFFICIENT DATA,100.0,0.0
2025,H0345,Anne Ferrell Tata,R,"Pensions, Benefits, and Retirement",Derived from LIS bill description,2,2,0,2,INSUFFICIENT DATA,100.0,0.0
2025,H0380,Atoosa R. Reaser,D,"Pensions, Benefits, and Retirement",Derived from LIS bill description,1,1,0,1,INSUFFICIENT DATA,100.0,0.0
2025,H0380,Atoosa R. Reaser,D,"Pensions, Benefits, and Retirement",Derived from LIS bill summary,8,8,0,8,INSUFFICIENT DATA,100.0,0.0
2025,H0212,Betsy B. Carr,D,"Pensions, Benefits, and Retirement",Derived from LIS bill description,2,2,0,2,INSUFFICIENT DATA,100.0,0.0
2025,H0329,Bill Wiley,R,"Pensions, Benefits, and Retirement",Derived from LIS bill description,2,2,0,2,INSUFFICIENT DATA,100.0,0.0
2025,H0353,Bonita G. Anthony,D,"Pensions, Benefits, and Retirement",Derived from LIS bill description,1,1,0,1,INSUFFICIENT DATA,100.0,0.0
2025,H0353,Bonita G. Anthony,D,"Pensions, Benefits, and Retirement",Derived from LIS bill summary,6,6,0,6,INSUFFICIENT DATA,100.0,0.0
2025,H0343,Briana D. Sewell,D,"Pensions, Benefits, and Retirement",Derived from LIS bill description,2,2,0,2,INSUFFICIENT DATA,100.0,0.0
2025,H0181,C. Todd Gilbert,R,"Pensions, Benefits, and Retirement",Derived from LIS bill description,1,1,0,1,INSUFFICIENT DATA,100.0,0.0
2025,H0285,"C.E. Cliff Hayes, Jr.",D,"Pensions, Benefits, and Retirement",Derived from LIS bill description,2,2,0,2,INSUFFICIENT DATA,100.0,0.0
2025,H0330,Candi Mundon King,D,"Pensions, Benefits, and Retirement",Derived from LIS bill description,1,1,0,1,INSUFFICIENT DATA,100.0,0.0
2025,H0330,Candi Mundon King,D,"Pensions, Benefits, and Retirement",Derived from LIS bill summary,8,8,0,8,INSUFFICIENT DATA,100.0,0.0
2025,H0315,Carrie E. Coyner,R,"Pensions, Benefits, and Retirement",Derived from LIS bill description,2,2,0,2,INSUFFICIENT DATA,100.0,0.0
2025,H0208,Charniele L. Herring,D,"Pensions, Benefits, and Retirement",Derived from LIS bill description,1,1,0,1,INSUFFICIENT DATA,100.0,0.0
2025,H0208,Charniele L. Herring,D,"Pensions, Benefits, and Retirement",Derived from LIS bill summary,7,7,0,7,INSUFFICIENT DATA,100.0,0.0
2025,H0378,Chris Obenshain,R,"Pensions, Benefits, and Retirement",Derived from LIS bill description,1,1,0,1,INSUFFICIENT DATA,100.0,0.0
2025,H0321,Chris S. Runion,R,"Pensions, Benefits, and Retirement",Derived from LIS bill description,1,1,0,1,INSUFFICIENT DATA,100.0,0.0
2025,H0317,Dan I. Helmer,D,"Pensions, Benefits, and Retirement",Derived from LIS bill description,1,1,0,1,INSUFFICIENT DATA,100.0,0.0
2025,H0317,Dan I. Helmer,D,"Pensions, Benefits, and Retirement",Derived from LIS bill summary,9,9,0,9,INSUFFICIENT DATA,100.0,0.0
2025,H0150,"Daniel W. Marshall, III",R,"Pensions, Benefits, and Retirement",Derived from LIS bill description,2,1,0,1,INSUFFICIENT DATA,100.0,0.0
2025,H0150,"Daniel W. Marshall, III",R,"Pensions, Benefits, and Retirement",Derived from LIS bill summary,11,4,0,4,INSUFFICIENT DATA,100.0,0.0
2025,H0301,David A. Reid,D,"Pensions, Benefits, and Retirement",Derived from LIS bill description,2,2,0,2,INSUFFICIENT DATA,100.0,0.0
2025,H0177,David L. Bulova,D,"Pensions, Benefits, and Retirement",Derived from LIS bill description,2,2,0,2,INSUFFICIENT DATA,100.0,0.0
2025,H0379,David Owen,R,"Pensions, Benefits, and Retirement",Derived from LIS bill description,1,1,0,1,INSUFFICIENT DATA,100.0,0.0
2025,H0361,Debra D. Gardner,D,"Pensions, Benefits, and Retirement",Derived from LIS bill description,1,1,0,1,INSUFFICIENT DATA,100.0,0.0
2025,H0361,Debra D. Gardner,D,"Pensions, Benefits, and Retirement",Derived from LIS bill summary,6,6,0,6,INSUFFICIENT DATA,100.0,0.0
2025,H0207,Delores L. McQuinn,D,"Pensions, Benefits, and Retirement",Derived from LIS bill description,2,2,0,2,INSUFFICIENT DATA,100.0,0.0
2025,H0377,Delores Oates,R,"Pensions, Benefits, and Retirement",Derived from LIS bill description,1,1,0,1,INSUFFICIENT DATA,100.0,0.0
2025,H0372,Destiny LeVere Bolling,D,"Pensions, Benefits, and Retirement",Derived from LIS bill description,1,1,0,1,INSUFFICIENT DATA,100.0,0.0
2025,H0372,Destiny LeVere Bolling,D,"Pensions, Benefits, and Retirement",Derived from LIS bill summary,9,9,0,9,INSUFFICIENT DATA,100.0,0.0
2025,H0322,Don Scott,D,"Pensions, Benefits, and Retirement",Derived from LIS bill description,1,1,0,1,INSUFFICIENT DATA,100.0,0.0
2025,H0322,Don Scott,D,"Pensions, Benefits, and Retirement",Derived from LIS bill summary,7,7,0,7,INSUFFICIENT DATA,100.0,0.0
2025,H0334,Elizabeth B. Bennett-Parker,D,"Pensions, Benefits, and Retirement",Derived from LIS bill description,1,1,0,1,INSUFFICIENT DATA,100.0,0.0
2025,H0334,Elizabeth B. Bennett-Parker,D,"Pensions, Benefits, and Retirement",Derived from LIS bill summary,6,6,0,6,INSUFFICIENT DATA,100.0,0.0
2025,H0350,Ellen H. Campbell,R,"Pensions, Benefits, and Retirement",Derived from LIS bill description,2,2,0,2,INSUFFICIENT DATA,100.0,0.0
2025,H0384,Eric Phillips,R,"Pensions, Benefits, and Retirement",Derived from LIS bill description,1,1,0,1,INSUFFICIENT DATA,100.0,0.0
2025,H0383,Eric R. Zehr,R,"Pensions, Benefits, and Retirement",Derived from LIS bill description,1,1,0,1,INSUFFICIENT DATA,100.0,0.0
2025,H0367,Geary Higgins,R,"Pensions, Benefits, and Retirement",Derived from LIS bill description,1,1,0,1,INSUFFICIENT DATA,100.0,0.0
2025,H0347,"H. Otto Wachsmann, Jr.",R,"Pensions, Benefits, and Retirement",Derived from LIS bill description,1,1,0,1,INSUFFICIENT DATA,100.0,0.0
2025,H0369,Hillary Pugh Kent,R,"Pensions, Benefits, and Retirement",Derived from LIS bill description,1,1,0,1,INSUFFICIENT DATA,100.0,0.0
2025,H0351,Holly M. Seibold,D,"Pensions, Benefits, and Retirement",Derived from LIS bill description,1,1,0,1,INSUFFICIENT DATA,100.0,0.0
2025,H0351,Holly M. Seibold,D,"Pensions, Benefits, and Retirement",Derived from LIS bill summary,8,8,0,8,INSUFFICIENT DATA,100.0,0.0
2025,H0259,"Hyland F. ""Buddy"" Fowler, Jr.",R,"Pensions, Benefits, and Retirement",Derived from LIS bill description,1,1,0,1,INSUFFICIENT DATA,100.0,0.0
2025,H0373,Ian T. Lovejoy,R,"Pensions, Benefits, and Retirement",Derived from LIS bill description,1,1,0,1,INSUFFICIENT DATA,100.0,0.0
2025,H0344,Irene Shin,D,"Pensions, Benefits, and Retirement",Derived from LIS bill description,1,1,0,1,INSUFFICIENT DATA,100.0,0.0
2025,H0344,Irene Shin,D,"Pensions, Benefits, and Retirement",Derived from LIS bill summary,6,6,0,6,INSUFFICIENT DATA,100.0,0.0
2025,H0242,Israel D. O'Quinn,R,"Pensions, Benefits, and Retirement",Derived from LIS bill description,1,1,0,1,INSUFFICIENT DATA,100.0,0.0
2025,H0385,JJ Singh,D,"Pensions, Benefits, and Retirement",Derived from LIS bill description,1,1,0,1,INSUFFICIENT DATA,100.0,0.0
2025,H0385,JJ Singh,D,"Pensions, Benefits, and Retirement",Derived from LIS bill summary,6,5,0,5,INSUFFICIENT DATA,100.0,0.0
2025,H0349,Jackie H. Glass,D,"Pensions, Benefits, and Retirement",Derived from LIS bill description,1,1,0,1,INSUFFICIENT DATA,100.0,0.0
2025,H0349,Jackie H. Glass,D,"Pensions, Benefits, and Retirement",Derived from LIS bill summary,6,6,0,6,INSUFFICIENT DATA,100.0,0.0
2025,H0262,"James A. ""Jay"" Leftwich",R,"Pensions, Benefits, and Retirement",Derived from LIS bill description,1,1,0,1,INSUFFICIENT DATA,100.0,0.0
2025,H0224,James W. Morefield,R,"Pensions, Benefits, and Retirement",Derived from LIS bill description,2,2,0,2,INSUFFICIENT DATA,100.0,0.0
2025,H0333,Jason S. Ballard,R,"Pensions, Benefits, and Retirement",Derived from LIS bill description,1,1,0,1,INSUFFICIENT DATA,100.0,0.0
2025,H0173,Jeion A. Ward,D,"Pensions, Benefits, and Retirement",Derived from LIS bill description,1,1,0,1,INSUFFICIENT DATA,100.0,0.0
2025,H0173,Jeion A. Ward,D,"Pensions, Benefits, and Retirement",Derived from LIS bill summary,8,7,0,7,INSUFFICIENT DATA,100.0,0.0
2025,H0352,"Jonathan ""Jed"" Arnold",R,"Pensions, Benefits, and Retirement",Derived from LIS bill description,1,1,0,1,INSUFFICIENT DATA,100.0,0.0
2025,H0308,Joseph P. McNamara,R,"Pensions, Benefits, and Retirement",Derived from LIS bill description,1,1,0,1,INSUFFICIENT DATA,100.0,0.0
2025,H0382,Joshua E. Thomas,D,"Pensions, Benefits, and Retirement",Derived from LIS bill description,1,1,0,1,INSUFFICIENT DATA,100.0,0.0
2025,H0382,Joshua E. Thomas,D,"Pensions, Benefits, and Retirement",Derived from LIS bill summary,8,8,0,8,INSUFFICIENT DATA,100.0,0.0
2025,H0314,Joshua G. Cole,D,"Pensions, Benefits, and Retirement",Derived from LIS bill description,1,1,0,1,INSUFFICIENT DATA,100.0,0.0
2025,H0314,Joshua G. Cole,D,"Pensions, Benefits, and Retirement",Derived from LIS bill summary,6,6,0,6,INSUFFICIENT DATA,100.0,0.0
2025,H0370,Karen Keys-Gamarra,D,"Pensions, Benefits, and Retirement",Derived from LIS bill description,1,1,0,1,INSUFFICIENT DATA,100.0,0.0
2025,H0370,Karen Keys-Gamarra,D,"Pensions, Benefits, and Retirement",Derived from LIS bill summary,6,6,0,6,INSUFFICIENT DATA,100.0,0.0
2025,H0294,Karrie K. Delaney,D,"Pensions, Benefits, and Retirement",Derived from LIS bill description,1,1,0,1,INSUFFICIENT DATA,100.0,0.0
2025,H0294,Karrie K. Delaney,D,"Pensions, Benefits, and Retirement",Derived from LIS bill summary,6,6,0,6,INSUFFICIENT DATA,100.0,0.0
2025,H0305,Kathy K.L. Tran,D,"Pensions, Benefits, and Retirement",Derived from LIS bill description,1,1,0,1,INSUFFICIENT DATA,100.0,0.0
2025,H0305,Kathy K.L. Tran,D,"Pensions, Benefits, and Retirement",Derived from LIS bill summary,7,7,0,7,INSUFFICIENT DATA,100.0,0.0
2025,H0354,Katrina Callsen,D,"Pensions, Benefits, and Retirement",Derived from LIS bill description,1,1,0,1,INSUFFICIENT DATA,100.0,0.0
2025,H0354,Katrina Callsen,D,"Pensions, Benefits, and Retirement",Derived from LIS bill summary,6,5,0,5,INSUFFICIENT DATA,100.0,0.0
2025,H0295,Kelly K. Convirs-Fowler,D,"Pensions, Benefits, and Retirement",Derived from LIS bill description,1,1,0,1,INSUFFICIENT DATA,100.0,0.0
2025,H0355,Laura Jane Cohen,D,"Pensions, Benefits, and Retirement",Derived from LIS bill description,1,1,0,1,INSUFFICIENT DATA,100.0,0.0
2025,H0355,Laura Jane Cohen,D,"Pensions, Benefits, and Retirement",Derived from LIS bill summary,7,7,0,7,INSUFFICIENT DATA,100.0,0.0
2025,H0227,Luke E. Torian,D,"Pensions, Benefits, and Retirement",Derived from LIS bill description,2,2,0,2,INSUFFICIENT DATA,100.0,0.0
2025,H0238,M. Keith Hodges,R,"Pensions, Benefits, and Retirement",Derived from LIS bill description,2,2,0,2,INSUFFICIENT DATA,100.0,0.0
2025,H0284,"Marcia S. ""Cia"" Price",D,"Pensions, Benefits, and Retirement",Derived from LIS bill description,1,1,0,1,INSUFFICIENT DATA,100.0,0.0
2025,H0284,"Marcia S. ""Cia"" Price",D,"Pensions, Benefits, and Retirement",Derived from LIS bill summary,6,6,0,6,INSUFFICIENT DATA,100.0,0.0
2025,H0264,Marcus B. Simon,D,"Pensions, Benefits, and Retirement",Derived from LIS bill description,1,1,0,1,INSUFFICIENT DATA,100.0,0.0
2025,H0264,Marcus B. Simon,D,"Pensions, Benefits, and Retirement",Derived from LIS bill summary,9,8,0,8,INSUFFICIENT DATA,100.0,0.0
2025,H0172,Mark D. Sickles,D,"Pensions, Benefits, and Retirement",Derived from LIS bill description,2,2,0,2,INSUFFICIENT DATA,100.0,0.0
2025,H0358,"Mark L. Earley, Jr.",R,"Pensions, Benefits, and Retirement",Derived from LIS bill description,1,1,0,1,INSUFFICIENT DATA,100.0,0.0
2025,H0374,Marty Martinez,D,"Pensions, Benefits, and Retirement",Derived from LIS bill description,1,1,0,1,INSUFFICIENT DATA,100.0,0.0
2025,H0374,Marty Martinez,D,"Pensions, Benefits, and Retirement",Derived from LIS bill summary,6,6,0,6,INSUFFICIENT DATA,100.0,0.0
2025,H0360,Michael B. Feggans,D,"Pensions, Benefits, and Retirement",Derived from LIS bill description,1,1,0,1,INSUFFICIENT DATA,100.0,0.0
2025,H0360,Michael B. Feggans,D,"Pensions, Benefits, and Retirement",Derived from LIS bill summary,8,8,0,8,INSUFFICIENT DATA,100.0,0.0
2025,H0368,Michael J. Jones,D,"Pensions, Benefits, and Retirement",Derived from LIS bill description,1,1,0,1,INSUFFICIENT DATA,100.0,0.0
2025,H0368,Michael J. Jones,D,"Pensions, Benefits, and Retirement",Derived from LIS bill summary,6,6,0,6,INSUFFICIENT DATA,100.0,0.0
2025,H0247,Michael J. Webert,R,"Pensions, Benefits, and Retirement",Derived from LIS bill description,1,1,0,1,INSUFFICIENT DATA,100.0,0.0
2025,H0340,Michelle Lopes Maldonado,D,"Pensions, Benefits, and Retirement",Derived from LIS bill description,1,1,0,1,INSUFFICIENT DATA,100.0,0.0
2025,H0340,Michelle Lopes Maldonado,D,"Pensions, Benefits, and Retirement",Derived from LIS bill summary,6,6,0,6,INSUFFICIENT DATA,100.0,0.0
2025,H0335,Mike A. Cherry,R,"Pensions, Benefits, and Retirement",Derived from LIS bill description,1,1,0,1,INSUFFICIENT DATA,100.0,0.0
2025,H0359,N. Baxter Ennis,R,"Pensions, Benefits, and Retirement",Derived from LIS bill description,1,1,0,1,INSUFFICIENT DATA,100.0,0.0
2025,H0336,Nadarius E. Clark,D,"Pensions, Benefits, and Retirement",Derived from LIS bill description,1,1,0,1,INSUFFICIENT DATA,100.0,0.0
2025,H0336,Nadarius E. Clark,D,"Pensions, Benefits, and Retirement",Derived from LIS bill summary,8,8,0,8,INSUFFICIENT DATA,100.0,0.0
2025,H0279,Nicholas J. Freitas,R,"Pensions, Benefits, and Retirement",Derived from LIS bill description,1,1,0,1,INSUFFICIENT DATA,100.0,0.0
2025,H0219,Patrick A. Hope,D,"Pensions, Benefits, and Retirement",Derived from LIS bill description,1,1,0,1,INSUFFICIENT DATA,100.0,0.0
2025,H0219,Patrick A. Hope,D,"Pensions, Benefits, and Retirement",Derived from LIS bill summary,7,7,0,7,INSUFFICIENT DATA,100.0,0.0
2025,H0281,Paul E. Krizek,D,"Pensions, Benefits, and Retirement",Derived from LIS bill description,2,2,0,2,INSUFFICIENT DATA,100.0,0.0
2025,H0376,Paul V. Milde,R,"Pensions, Benefits, and Retirement",Derived from LIS bill description,1,1,0,1,INSUFFICIENT DATA,100.0,0.0
2025,H0366,Phil M. Hernandez,D,"Pensions, Benefits, and Retirement",Derived from LIS bill description,1,1,0,1,INSUFFICIENT DATA,100.0,0.0
2025,H0366,Phil M. Hernandez,D,"Pensions, Benefits, and Retirement",Derived from LIS bill summary,6,6,0,6,INSUFFICIENT DATA,100.0,0.0
2025,H0342,Phillip A. Scott,R,"Pensions, Benefits, and Retirement",Derived from LIS bill description,1,1,0,1,INSUFFICIENT DATA,100.0,0.0
2025,H0124,R. Lee Ware,R,"Pensions, Benefits, and Retirement",Derived from LIS bill description,1,1,0,1,INSUFFICIENT DATA,100.0,0.0
2025,H0356,Rae Cousins,D,"Pensions, Benefits, and Retirement",Derived from LIS bill description,1,1,0,1,INSUFFICIENT DATA,100.0,0.0
2025,H0356,Rae Cousins,D,"Pensions, Benefits, and Retirement",Derived from LIS bill summary,9,9,0,9,INSUFFICIENT DATA,100.0,0.0
2025,H0269,"Richard C. ""Rip"" Sullivan, Jr.",D,"Pensions, Benefits, and Retirement",Derived from LIS bill description,1,1,0,1,INSUFFICIENT DATA,100.0,0.0
2025,H0269,"Richard C. ""Rip"" Sullivan, Jr.",D,"Pensions, Benefits, and Retirement",Derived from LIS bill summary,7,7,0,7,INSUFFICIENT DATA,100.0,0.0
2025,H0073,"Robert D. Orrock, Sr.",R,"Pensions, Benefits, and Retirement",Derived from LIS bill description,1,1,0,1,INSUFFICIENT DATA,100.0,0.0
2025,H0267,"Robert S. Bloxom, Jr.",R,"Pensions, Benefits, and Retirement",Derived from LIS bill description,2,2,0,2,INSUFFICIENT DATA,100.0,0.0
2025,H0327,Rodney T. Willett,D,"Pensions, Benefits, and Retirement",Derived from LIS bill description,2,2,0,2,INSUFFICIENT DATA,100.0,0.0
2025,H0365,"Rozia A. Henson, Jr.",D,"Pensions, Benefits, and Retirement",Derived from LIS bill description,1,1,0,1,INSUFFICIENT DATA,100.0,0.0
2025,H0365,"Rozia A. Henson, Jr.",D,"Pensions, Benefits, and Retirement",Derived from LIS bill summary,6,6,0,6,INSUFFICIENT DATA,100.0,0.0
2025,H0266,Sam Rasoul,D,"Pensions, Benefits, and Retirement",Derived from LIS bill description,2,1,0,1,INSUFFICIENT DATA,100.0,0.0
2025,H0328,Scott A. Wyatt,R,"Pensions, Benefits, and Retirement",Derived from LIS bill description,2,2,0,2,INSUFFICIENT DATA,100.0,0.0
2025,H0323,Shelly A. Simonds,D,"Pensions, Benefits, and Retirement",Derived from LIS bill description,1,1,0,1,INSUFFICIENT DATA,100.0,0.0
2025,H0323,Shelly A. Simonds,D,"Pensions, Benefits, and Retirement",Derived from LIS bill summary,8,8,0,8,INSUFFICIENT DATA,100.0,0.0
2025,H0056,Terry G. Kilgore,R,"Pensions, Benefits, and Retirement",Derived from LIS bill description,1,1,0,1,INSUFFICIENT DATA,100.0,0.0
2025,H0253,Terry L. Austin,R,"Pensions, Benefits, and Retirement",Derived from LIS bill description,2,2,0,2,INSUFFICIENT DATA,100.0,0.0
2025,H0362,"Thomas A. Garrett, Jr.",R,"Pensions, Benefits, and Retirement",Derived from LIS bill description,1,1,0,1,INSUFFICIENT DATA,100.0,0.0
2025,H0136,"Thomas C. Wright, Jr.",R,"Pensions, Benefits, and Retirement",Derived from LIS bill description,1,1,0,1,INSUFFICIENT DATA,100.0,0.0
2025,H0364,Timothy P. Griffin,R,"Pensions, Benefits, and Retirement",Derived from LIS bill description,1,1,0,1,INSUFFICIENT DATA,100.0,0.0
2025,H0231,Tony O. Wilt,R,"Pensions, Benefits, and Retirement",Derived from LIS bill description,1,1,0,1,INSUFFICIENT DATA,100.0,0.0
2025,H0108,Vivian E. Watts,D,"Pensions, Benefits, and Retirement",Derived from LIS bill description,1,1,0,1,INSUFFICIENT DATA,100.0,0.0
2025,H0108,Vivian E. Watts,D,"Pensions, Benefits, and Retirement",Derived from LIS bill summary,7,7,0,7,INSUFFICIENT DATA,100.0,0.0
2025,H0363,W. Chad Green,R,"Pensions, Benefits, and Retirement",Derived from LIS bill description,1,1,0,1,INSUFFICIENT DATA,100.0,0.0
2025,H0325,Wendell S. Walker,R,"Pensions, Benefits, and Retirement",Derived from LIS bill description,1,1,0,1,INSUFFICIENT DATA,100.0,0.0
2025,H0357,Will Davis,R,"Pensions, Benefits, and Retirement",Derived from LIS bill description,1,1,0,1,INSUFFICIENT DATA,100.0,0.0
2025,H0348,Wren M. Williams,R,"Pensions, Benefits, and Retirement",Derived from LIS bill description,1,1,0,1,INSUFFICIENT DATA,100.0,0.0
2025,H0350,Ellen H. Campbell,R,"Pensions, Benefits, and Retirement",Derived from LIS bill summary,10,8,1,9,INSUFFICIENT DATA,88.88888888888889,11.11111111111111
2025,H0295,Kelly K. Convirs-Fowler,D,"Pensions, Benefits, and Retirement",Derived from LIS bill summary,8,7,1,8,INSUFFICIENT DATA,87.5,12.5
2025,H0124,R. Lee Ware,R,"Pensions, Benefits, and Retirement",Derived from LIS bill summary,6,5,1,6,INSUFFICIENT DATA,83.33333333333334,16.666666666666664
2025,H0348,Wren M. Williams,R,"Pensions, Benefits, and Retirement",Derived from LIS bill summary,6,5,1,6,INSUFFICIENT DATA,83.33333333333334,16.666666666666664
2025,H0359,N. Baxter Ennis,R,"Pensions, Benefits, and Retirement",Derived from LIS bill summary,8,6,2,8,INSUFFICIENT DATA,75.0,25.0
2025,H0337,A.C. Cordoza,R,"Pensions, Benefits, and Retirement",Derived from LIS bill summary,7,5,2,7,INSUFFICIENT DATA,71.42857142857143,28.57142857142857
2025,H0056,Terry G. Kilgore,R,"Pensions, Benefits, and Retirement",Derived from LIS bill summary,7,5,2,7,INSUFFICIENT DATA,71.42857142857143,28.57142857142857
2025,H0362,"Thomas A. Garrett, Jr.",R,"Pensions, Benefits, and Retirement",Derived from LIS bill summary,7,5,2,7,INSUFFICIENT DATA,71.42857142857143,28.57142857142857
2025,H0206,Barry D. Knight,R,"Pensions, Benefits, and Retirement",Derived from LIS bill summary,6,2,1,3,INSUFFICIENT DATA,66.66666666666666,33.33333333333333
2025,H0376,Paul V. Milde,R,"Pensions, Benefits, and Retirement",Derived from LIS bill summary,6,4,2,6,INSUFFICIENT DATA,66.66666666666666,33.33333333333333
2025,H0357,Will Davis,R,"Pensions, Benefits, and Retirement",Derived from LIS bill summary,6,4,2,6,INSUFFICIENT DATA,66.66666666666666,33.33333333333333
2025,H0335,Mike A. Cherry,R,"Pensions, Benefits, and Retirement",Derived from LIS bill summary,8,5,3,8,INSUFFICIENT DATA,62.5,37.5
2025,H0231,Tony O. Wilt,R,"Pensions, Benefits, and Retirement",Derived from LIS bill summary,8,5,3,8,INSUFFICIENT DATA,62.5,37.5
2025,H0378,Chris Obenshain,R,"Pensions, Benefits, and Retirement",Derived from LIS bill summary,7,4,3,7,INSUFFICIENT DATA,57.14285714285714,42.857142857142854
2025,H0379,David Owen,R,"Pensions, Benefits, and Retirement",Derived from LIS bill summary,7,4,3,7,INSUFFICIENT DATA,57.14285714285714,42.857142857142854
2025,H0377,Delores Oates,R,"Pensions, Benefits, and Retirement",Derived from LIS bill summary,7,4,3,7,INSUFFICIENT DATA,57.14285714285714,42.857142857142854
2025,H0346,Kim A. Taylor,R,"Pensions, Benefits, and Retirement",Derived from LIS bill summary,7,4,3,7,INSUFFICIENT DATA,57.14285714285714,42.857142857142854
2025,H0313,Amanda E. Batten,R,"Pensions, Benefits, and Retirement",Derived from LIS bill summary,9,5,4,9,INSUFFICIENT DATA,55.55555555555556,44.44444444444444
2025,H0384,Eric Phillips,R,"Pensions, Benefits, and Retirement",Derived from LIS bill summary,7,3,3,6,INSUFFICIENT DATA,50.0,50.0
2025,H0367,Geary Higgins,R,"Pensions, Benefits, and Retirement",Derived from LIS bill summary,6,3,3,6,INSUFFICIENT DATA,50.0,50.0
2025,H0347,"H. Otto Wachsmann, Jr.",R,"Pensions, Benefits, and Retirement",Derived from LIS bill summary,6,3,3,6,INSUFFICIENT DATA,50.0,50.0
2025,H0369,Hillary Pugh Kent,R,"Pensions, Benefits, and Retirement",Derived from LIS bill summary,6,3,3,6,INSUFFICIENT DATA,50.0,50.0
2025,H0259,"Hyland F. ""Buddy"" Fowler, Jr.",R,"Pensions, Benefits, and Retirement",Derived from LIS bill summary,6,3,3,6,INSUFFICIENT DATA,50.0,50.0
2025,H0373,Ian T. Lovejoy,R,"Pensions, Benefits, and Retirement",Derived from LIS bill summary,6,3,3,6,INSUFFICIENT DATA,50.0,50.0
2025,H0262,"James A. ""Jay"" Leftwich",R,"Pensions, Benefits, and Retirement",Derived from LIS bill summary,6,3,3,6,INSUFFICIENT DATA,50.0,50.0
2025,H0352,"Jonathan ""Jed"" Arnold",R,"Pensions, Benefits, and Retirement",Derived from LIS bill summary,6,3,3,6,INSUFFICIENT DATA,50.0,50.0
2025,H0308,Joseph P. McNamara,R,"Pensions, Benefits, and Retirement",Derived from LIS bill summary,6,3,3,6,INSUFFICIENT DATA,50.0,50.0
2025,H0358,"Mark L. Earley, Jr.",R,"Pensions, Benefits, and Retirement",Derived from LIS bill summary,6,3,3,6,INSUFFICIENT DATA,50.0,50.0
2025,H0247,Michael J. Webert,R,"Pensions, Benefits, and Retirement",Derived from LIS bill summary,8,4,4,8,INSUFFICIENT DATA,50.0,50.0
2025,H0073,"Robert D. Orrock, Sr.",R,"Pensions, Benefits, and Retirement",Derived from LIS bill summary,6,3,3,6,INSUFFICIENT DATA,50.0,50.0
2025,H0136,"Thomas C. Wright, Jr.",R,"Pensions, Benefits, and Retirement",Derived from LIS bill summary,6,3,3,6,INSUFFICIENT DATA,50.0,50.0
2025,H0364,Timothy P. Griffin,R,"Pensions, Benefits, and Retirement",Derived from LIS bill summary,6,3,3,6,INSUFFICIENT DATA,50.0,50.0
2025,H0325,Wendell S. Walker,R,"Pensions, Benefits, and Retirement",Derived from LIS bill summary,6,3,3,6,INSUFFICIENT DATA,50.0,50.0
2025,H0181,C. Todd Gilbert,R,"Pensions, Benefits, and Retirement",Derived from LIS bill summary,7,3,4,7,INSUFFICIENT DATA,42.857142857142854,57.14285714285714
2025,H0321,Chris S. Runion,R,"Pensions, Benefits, and Retirement",Derived from LIS bill summary,7,3,4,7,INSUFFICIENT DATA,42.857142857142854,57.14285714285714
2025,H0383,Eric R. Zehr,R,"Pensions, Benefits, and Retirement",Derived from LIS bill summary,7,3,4,7,INSUFFICIENT DATA,42.857142857142854,57.14285714285714
2025,H0242,Israel D. O'Quinn,R,"Pensions, Benefits, and Retirement",Derived from LIS bill summary,7,3,4,7,INSUFFICIENT DATA,42.857142857142854,57.14285714285714
2025,H0333,Jason S. Ballard,R,"Pensions, Benefits, and Retirement",Derived from LIS bill summary,7,3,4,7,INSUFFICIENT DATA,42.857142857142854,57.14285714285714
2025,H0279,Nicholas J. Freitas,R,"Pensions, Benefits, and Retirement",Derived from LIS bill summary,7,3,4,7,INSUFFICIENT DATA,42.857142857142854,57.14285714285714
2025,H0342,Phillip A. Scott,R,"Pensions, Benefits, and Retirement",Derived from LIS bill summary,7,3,4,7,INSUFFICIENT DATA,42.857142857142854,57.14285714285714
2025,H0363,W. Chad Green,R,"Pensions, Benefits, and Retirement",Derived from LIS bill summary,8,3,5,8,INSUFFICIENT DATA,37.5,62.5
2025,H0206,Barry D. Knight,R,"Pensions, Benefits, and Retirement",Derived from LIS bill description,1,0,0,0,INSUFFICIENT DATA,0.0,0.0
2025,H0346,Kim A. Taylor,R,"Pensions, Benefits, and Retirement",Derived from LIS bill description,1,0,0,0,INSUFFICIENT DATA,0.0,0.0
2025,H0345,Anne Ferrell Tata,R,"Pensions, Benefits, and Retirement",Derived from LIS bill summary,11,7,4,11,MIXED,63.63636363636363,36.36363636363637
2025,H0329,Bill Wiley,R,"Pensions, Benefits, and Retirement",Derived from LIS bill summary,17,10,7,17,MIXED,58.82352941176471,41.17647058823529
2025,H0315,Carrie E. Coyner,R,"Pensions, Benefits, and Retirement",Derived from LIS bill summary,13,7,6,13,MIXED,53.84615384615385,46.15384615384615
2025,H0238,M. Keith Hodges,R,"Pensions, Benefits, and Retirement",Derived from LIS bill summary,17,9,8,17,MIXED,52.94117647058824,47.05882352941176
2025,H0328,Scott A. Wyatt,R,"Pensions, Benefits, and Retirement",Derived from LIS bill summary,17,8,8,16,MIXED,50.0,50.0
2025,H0311,Alex Q. Askew,D,"Pensions, Benefits, and Retirement",Derived from LIS bill summary,12,12,0,12,YES,100.0,0.0
2025,H0212,Betsy B. Carr,D,"Pensions, Benefits, and Retirement",Derived from LIS bill summary,18,18,0,18,YES,100.0,0.0
2025,H0343,Briana D. Sewell,D,"Pensions, Benefits, and Retirement",Derived from LIS bill summary,11,11,0,11,YES,100.0,0.0
2025,H0285,"C.E. Cliff Hayes, Jr.",D,"Pensions, Benefits, and Retirement",Derived from LIS bill summary,18,12,0,12,YES,100.0,0.0
2025,H0301,David A. Reid,D,"Pensions, Benefits, and Retirement",Derived from LIS bill summary,17,17,0,17,YES,100.0,0.0
2025,H0177,David L. Bulova,D,"Pensions, Benefits, and Retirement",Derived from LIS bill summary,17,17,0,17,YES,100.0,0.0
2025,H0207,Delores L. McQuinn,D,"Pensions, Benefits, and Retirement",Derived from LIS bill summary,11,11,0,11,YES,100.0,0.0
2025,H0227,Luke E. Torian,D,"Pensions, Benefits, and Retirement",Derived from LIS bill summary,18,11,0,11,YES,100.0,0.0
2025,H0172,Mark D. Sickles,D,"Pensions, Benefits, and Retirement",Derived from LIS bill summary,11,11,0,11,YES,100.0,0.0
2025,H0281,Paul E. Krizek,D,"Pensions, Benefits, and Retirement",Derived from LIS bill summary,10,10,0,10,YES,100.0,0.0
2025,H0327,Rodney T. Willett,D,"Pensions, Benefits, and Retirement",Derived from LIS bill summary,17,17,0,17,YES,100.0,0.0
2025,H0266,Sam Rasoul,D,"Pensions, Benefits, and Retirement",Derived from LIS bill summary,14,13,0,13,YES,100.0,0.0
2025,H0253,Terry L. Austin,R,"Pensions, Benefits, and Retirement",Derived from LIS bill summary,11,10,1,11,YES,90.9090909090909,9.090909090909092
2025,H0267,"Robert S. Bloxom, Jr.",R,"Pensions, Benefits, and Retirement",Derived from LIS bill summary,10,9,1,10,YES,90.0,10.0
2025,H0224,James W. Morefield,R,"Pensions, Benefits, and Retirement",Derived from LIS bill summary,10,7,3,10,YES,70.0,30.0
2025,H0311,Alex Q. Askew,D,Professions and Occupations,Derived from LIS bill summary,8,8,0,8,INSUFFICIENT DATA,100.0,0.0
2025,H0239,Alfonso H. Lopez,D,Professions and Occupations,Derived from LIS bill summary,8,8,0,8,INSUFFICIENT DATA,100.0,0.0
2025,H0371,Amy J. Laufer,D,Professions and Occupations,Derived from LIS bill summary,8,8,0,8,INSUFFICIENT DATA,100.0,0.0
2025,H0380,Atoosa R. Reaser,D,Professions and Occupations,Derived from LIS bill summary,8,8,0,8,INSUFFICIENT DATA,100.0,0.0
2025,H0353,Bonita G. Anthony,D,Professions and Occupations,Derived from LIS bill summary,8,8,0,8,INSUFFICIENT DATA,100.0,0.0
2025,H0343,Briana D. Sewell,D,Professions and Occupations,Derived from LIS bill summary,8,8,0,8,INSUFFICIENT DATA,100.0,0.0
2025,H0330,Candi Mundon King,D,Professions and Occupations,Derived from LIS bill summary,8,8,0,8,INSUFFICIENT DATA,100.0,0.0
2025,H0315,Carrie E. Coyner,R,Professions and Occupations,Derived from LIS bill summary,10,9,0,9,INSUFFICIENT DATA,100.0,0.0
2025,H0317,Dan I. Helmer,D,Professions and Occupations,Derived from LIS bill summary,8,8,0,8,INSUFFICIENT DATA,100.0,0.0
2025,H0301,David A. Reid,D,Professions and Occupations,Derived from LIS bill summary,8,8,0,8,INSUFFICIENT DATA,100.0,0.0
2025,H0207,Delores L. McQuinn,D,Professions and Occupations,Derived from LIS bill summary,8,7,0,7,INSUFFICIENT DATA,100.0,0.0
2025,H0372,Destiny LeVere Bolling,D,Professions and Occupations,Derived from LIS bill summary,8,8,0,8,INSUFFICIENT DATA,100.0,0.0
2025,H0322,Don Scott,D,Professions and Occupations,Derived from LIS bill summary,8,8,0,8,INSUFFICIENT DATA,100.0,0.0
2025,H0349,Jackie H. Glass,D,Professions and Occupations,Derived from LIS bill summary,8,8,0,8,INSUFFICIENT DATA,100.0,0.0
2025,H0173,Jeion A. Ward,D,Professions and Occupations,Derived from LIS bill summary,8,8,0,8,INSUFFICIENT DATA,100.0,0.0
2025,H0382,Joshua E. Thomas,D,Professions and Occupations,Derived from LIS bill summary,10,9,0,9,INSUFFICIENT DATA,100.0,0.0
2025,H0370,Karen Keys-Gamarra,D,Professions and Occupations,Derived from LIS bill summary,8,8,0,8,INSUFFICIENT DATA,100.0,0.0
2025,H0354,Katrina Callsen,D,Professions and Occupations,Derived from LIS bill summary,8,8,0,8,INSUFFICIENT DATA,100.0,0.0
2025,H0295,Kelly K. Convirs-Fowler,D,Professions and Occupations,Derived from LIS bill summary,8,8,0,8,INSUFFICIENT DATA,100.0,0.0
2025,H0355,Laura Jane Cohen,D,Professions and Occupations,Derived from LIS bill summary,8,8,0,8,INSUFFICIENT DATA,100.0,0.0
2025,H0374,Marty Martinez,D,Professions and Occupations,Derived from LIS bill summary,8,8,0,8,INSUFFICIENT DATA,100.0,0.0
2025,H0360,Michael B. Feggans,D,Professions and Occupations,Derived from LIS bill summary,8,7,0,7,INSUFFICIENT DATA,100.0,0.0
2025,H0368,Michael J. Jones,D,Professions and Occupations,Derived from LIS bill summary,8,7,0,7,INSUFFICIENT DATA,100.0,0.0
2025,H0340,Michelle Lopes Maldonado,D,Professions and Occupations,Derived from LIS bill summary,8,8,0,8,INSUFFICIENT DATA,100.0,0.0
2025,H0336,Nadarius E. Clark,D,Professions and Occupations,Derived from LIS bill summary,8,8,0,8,INSUFFICIENT DATA,100.0,0.0
2025,H0366,Phil M. Hernandez,D,Professions and Occupations,Derived from LIS bill summary,8,8,0,8,INSUFFICIENT DATA,100.0,0.0
2025,H0356,Rae Cousins,D,Professions and Occupations,Derived from LIS bill summary,8,8,0,8,INSUFFICIENT DATA,100.0,0.0
2025,H0269,"Richard C. ""Rip"" Sullivan, Jr.",D,Professions and Occupations,Derived from LIS bill summary,8,8,0,8,INSUFFICIENT DATA,100.0,0.0
2025,H0266,Sam Rasoul,D,Professions and Occupations,Derived from LIS bill summary,8,7,0,7,INSUFFICIENT DATA,100.0,0.0
2025,H0323,Shelly A. Simonds,D,Professions and Occupations,Derived from LIS bill summary,8,8,0,8,INSUFFICIENT DATA,100.0,0.0
2025,H0108,Vivian E. Watts,D,Professions and Occupations,Derived from LIS bill summary,8,8,0,8,INSUFFICIENT DATA,100.0,0.0
2025,H0206,Barry D. Knight,R,Professions and Occupations,Derived from LIS bill summary,10,4,2,6,INSUFFICIENT DATA,66.66666666666666,33.33333333333333
2025,H0352,"Jonathan ""Jed"" Arnold",R,Professions and Occupations,Derived from LIS bill summary,10,6,3,9,INSUFFICIENT DATA,66.66666666666666,33.33333333333333
2025,H0337,A.C. Cordoza,R,Professions and Occupations,Derived from LIS bill summary,8,5,3,8,INSUFFICIENT DATA,62.5,37.5
2025,H0313,Amanda E. Batten,R,Professions and Occupations,Derived from LIS bill summary,8,5,3,8,INSUFFICIENT DATA,62.5,37.5
2025,H0345,Anne Ferrell Tata,R,Professions and Occupations,Derived from LIS bill summary,8,5,3,8,INSUFFICIENT DATA,62.5,37.5
2025,H0378,Chris Obenshain,R,Professions and Occupations,Derived from LIS bill summary,8,5,3,8,INSUFFICIENT DATA,62.5,37.5
2025,H0321,Chris S. Runion,R,Professions and Occupations,Derived from LIS bill summary,8,5,3,8,INSUFFICIENT DATA,62.5,37.5
2025,H0377,Delores Oates,R,Professions and Occupations,Derived from LIS bill summary,8,5,3,8,INSUFFICIENT DATA,62.5,37.5
2025,H0384,Eric Phillips,R,Professions and Occupations,Derived from LIS bill summary,8,5,3,8,INSUFFICIENT DATA,62.5,37.5
2025,H0383,Eric R. Zehr,R,Professions and Occupations,Derived from LIS bill summary,8,5,3,8,INSUFFICIENT DATA,62.5,37.5
2025,H0369,Hillary Pugh Kent,R,Professions and Occupations,Derived from LIS bill summary,8,5,3,8,INSUFFICIENT DATA,62.5,37.5
2025,H0373,Ian T. Lovejoy,R,Professions and Occupations,Derived from LIS bill summary,8,5,3,8,INSUFFICIENT DATA,62.5,37.5
2025,H0242,Israel D. O'Quinn,R,Professions and Occupations,Derived from LIS bill summary,8,5,3,8,INSUFFICIENT DATA,62.5,37.5
2025,H0333,Jason S. Ballard,R,Professions and Occupations,Derived from LIS bill summary,8,5,3,8,INSUFFICIENT DATA,62.5,37.5
2025,H0308,Joseph P. McNamara,R,Professions and Occupations,Derived from LIS bill summary,8,5,3,8,INSUFFICIENT DATA,62.5,37.5
2025,H0358,"Mark L. Earley, Jr.",R,Professions and Occupations,Derived from LIS bill summary,8,5,3,8,INSUFFICIENT DATA,62.5,37.5
2025,H0247,Michael J. Webert,R,Professions and Occupations,Derived from LIS bill summary,8,5,3,8,INSUFFICIENT DATA,62.5,37.5
2025,H0279,Nicholas J. Freitas,R,Professions and Occupations,Derived from LIS bill summary,8,5,3,8,INSUFFICIENT DATA,62.5,37.5
2025,H0376,Paul V. Milde,R,Professions and Occupations,Derived from LIS bill summary,8,5,3,8,INSUFFICIENT DATA,62.5,37.5
2025,H0124,R. Lee Ware,R,Professions and Occupations,Derived from LIS bill summary,8,5,3,8,INSUFFICIENT DATA,62.5,37.5
2025,H0328,Scott A. Wyatt,R,Professions and Occupations,Derived from LIS bill summary,8,5,3,8,INSUFFICIENT DATA,62.5,37.5
2025,H0231,Tony O. Wilt,R,Professions and Occupations,Derived from LIS bill summary,8,5,3,8,INSUFFICIENT DATA,62.5,37.5
2025,H0363,W. Chad Green,R,Professions and Occupations,Derived from LIS bill summary,8,5,3,8,INSUFFICIENT DATA,62.5,37.5
2025,H0357,Will Davis,R,Professions and Occupations,Derived from LIS bill summary,8,5,3,8,INSUFFICIENT DATA,62.5,37.5
2025,H0056,Terry G. Kilgore,R,Professions and Occupations,Derived from LIS bill summary,8,4,3,7,INSUFFICIENT DATA,57.14285714285714,42.857142857142854
2025,H0181,C. Todd Gilbert,R,Professions and Occupations,Derived from LIS bill summary,8,3,5,8,INSUFFICIENT DATA,37.5,62.5
2025,H0362,"Thomas A. Garrett, Jr.",R,Professions and Occupations,Derived from LIS bill summary,8,3,5,8,INSUFFICIENT DATA,37.5,62.5
2025,H0136,"Thomas C. Wright, Jr.",R,Professions and Occupations,Derived from LIS bill summary,8,3,5,8,INSUFFICIENT DATA,37.5,62.5
2025,H0364,Timothy P. Griffin,R,Professions and Occupations,Derived from LIS bill summary,8,3,5,8,INSUFFICIENT DATA,37.5,62.5
2025,H0348,Wren M. Williams,R,Professions and Occupations,Derived from LIS bill summary,8,3,5,8,INSUFFICIENT DATA,37.5,62.5
2025,H0150,"Daniel W. Marshall, III",R,Professions and Occupations,Derived from LIS bill summary,8,0,0,0,INSUFFICIENT DATA,0.0,0.0
2025,H0253,Terry L. Austin,R,Professions and Occupations,Derived from LIS bill summary,10,6,4,10,MIXED,60.0,40.0
2025,H0367,Geary Higgins,R,Professions and Occupations,Derived from LIS bill summary,12,7,5,12,MIXED,58.333333333333336,41.66666666666667
2025,H0347,"H. Otto Wachsmann, Jr.",R,Professions and Occupations,Derived from LIS bill summary,12,7,5,12,MIXED,58.333333333333336,41.66666666666667
2025,H0342,Phillip A. Scott,R,Professions and Occupations,Derived from LIS bill summary,12,7,5,12,MIXED,58.333333333333336,41.66666666666667
2025,H0073,"Robert D. Orrock, Sr.",R,Professions and Occupations,Derived from LIS bill summary,12,7,5,12,MIXED,58.333333333333336,41.66666666666667
2025,H0325,Wendell S. Walker,R,Professions and Occupations,Derived from LIS bill summary,12,7,5,12,MIXED,58.333333333333336,41.66666666666667
2025,H0379,David Owen,R,Professions and Occupations,Derived from LIS bill summary,15,8,7,15,MIXED,53.333333333333336,46.666666666666664
2025,H0238,M. Keith Hodges,R,Professions and Occupations,Derived from LIS bill summary,15,8,7,15,MIXED,53.333333333333336,46.666666666666664
2025,H0335,Mike A. Cherry,R,Professions and Occupations,Derived from LIS bill summary,15,8,7,15,MIXED,53.333333333333336,46.666666666666664
2025,H0375,Adele Y. McClure,D,Professions and Occupations,Derived from LIS bill summary,11,10,0,10,YES,100.0,0.0
2025,H0212,Betsy B. Carr,D,Professions and Occupations,Derived from LIS bill summary,10,10,0,10,YES,100.0,0.0
2025,H0285,"C.E. Cliff Hayes, Jr.",D,Professions and Occupations,Derived from LIS bill summary,15,13,0,13,YES,100.0,0.0
2025,H0208,Charniele L. Herring,D,Professions and Occupations,Derived from LIS bill summary,12,12,0,12,YES,100.0,0.0
2025,H0177,David L. Bulova,D,Professions and Occupations,Derived from LIS bill summary,11,11,0,11,YES,100.0,0.0
2025,H0361,Debra D. Gardner,D,Professions and Occupations,Derived from LIS bill summary,12,12,0,12,YES,100.0,0.0
2025,H0334,Elizabeth B. Bennett-Parker,D,Professions and Occupations,Derived from LIS bill summary,10,10,0,10,YES,100.0,0.0
2025,H0351,Holly M. Seibold,D,Professions and Occupations,Derived from LIS bill summary,11,11,0,11,YES,100.0,0.0
2025,H0344,Irene Shin,D,Professions and Occupations,Derived from LIS bill summary,12,12,0,12,YES,100.0,0.0
2025,H0385,JJ Singh,D,Professions and Occupations,Derived from LIS bill summary,15,14,0,14,YES,100.0,0.0
2025,H0314,Joshua G. Cole,D,Professions and Occupations,Derived from LIS bill summary,18,17,0,17,YES,100.0,0.0
2025,H0294,Karrie K. Delaney,D,Professions and Occupations,Derived from LIS bill summary,11,11,0,11,YES,100.0,0.0
2025,H0305,Kathy K.L. Tran,D,Professions and Occupations,Derived from LIS bill summary,15,15,0,15,YES,100.0,0.0
2025,H0227,Luke E. Torian,D,Professions and Occupations,Derived from LIS bill summary,10,10,0,10,YES,100.0,0.0
2025,H0284,"Marcia S. ""Cia"" Price",D,Professions and Occupations,Derived from LIS bill summary,17,17,0,17,YES,100.0,0.0
2025,H0264,Marcus B. Simon,D,Professions and Occupations,Derived from LIS bill summary,10,10,0,10,YES,100.0,0.0
2025,H0172,Mark D. Sickles,D,Professions and Occupations,Derived from LIS bill summary,15,12,0,12,YES,100.0,0.0
2025,H0219,Patrick A. Hope,D,Professions and Occupations,Derived from LIS bill summary,12,12,0,12,YES,100.0,0.0
2025,H0281,Paul E. Krizek,D,Professions and Occupations,Derived from LIS bill summary,11,11,0,11,YES,100.0,0.0
2025,H0327,Rodney T. Willett,D,Professions and Occupations,Derived from LIS bill summary,12,12,0,12,YES,100.0,0.0
2025,H0365,"Rozia A. Henson, Jr.",D,Professions and Occupations,Derived from LIS bill summary,12,12,0,12,YES,100.0,0.0
2025,H0346,Kim A. Taylor,R,Professions and Occupations,Derived from LIS bill summary,12,9,1,10,YES,90.0,10.0
2025,H0359,N. Baxter Ennis,R,Professions and Occupations,Derived from LIS bill summary,12,8,2,10,YES,80.0,20.0
2025,H0350,Ellen H. Campbell,R,Professions and Occupations,Derived from LIS bill summary,11,8,3,11,YES,72.72727272727273,27.27272727272727
2025,H0262,"James A. ""Jay"" Leftwich",R,Professions and Occupations,Derived from LIS bill summary,11,8,3,11,YES,72.72727272727273,27.27272727272727
2025,H0329,Bill Wiley,R,Professions and Occupations,Derived from LIS bill summary,10,7,3,10,YES,70.0,30.0
2025,H0259,"Hyland F. ""Buddy"" Fowler, Jr.",R,Professions and Occupations,Derived from LIS bill summary,11,7,3,10,YES,70.0,30.0
2025,H0224,James W. Morefield,R,Professions and Occupations,Derived from LIS bill summary,10,7,3,10,YES,70.0,30.0
2025,H0267,"Robert S. Bloxom, Jr.",R,Professions and Occupations,Derived from LIS bill summary,10,7,3,10,YES,70.0,30.0
2025,H0337,A.C. Cordoza,R,Property and Conveyances,Derived from LIS bill description,3,3,0,3,INSUFFICIENT DATA,100.0,0.0
2025,H0337,A.C. Cordoza,R,Property and Conveyances,Derived from LIS bill summary,6,6,0,6,INSUFFICIENT DATA,100.0,0.0
2025,H0375,Adele Y. McClure,D,Property and Conveyances,Derived from LIS bill description,6,6,0,6,INSUFFICIENT DATA,100.0,0.0
2025,H0311,Alex Q. Askew,D,Property and Conveyances,Derived from LIS bill description,3,3,0,3,INSUFFICIENT DATA,100.0,0.0
2025,H0311,Alex Q. Askew,D,Property and Conveyances,Derived from LIS bill summary,6,6,0,6,INSUFFICIENT DATA,100.0,0.0
2025,H0239,Alfonso H. Lopez,D,Property and Conveyances,Derived from LIS bill description,3,3,0,3,INSUFFICIENT DATA,100.0,0.0
2025,H0239,Alfonso H. Lopez,D,Property and Conveyances,Derived from LIS bill summary,6,6,0,6,INSUFFICIENT DATA,100.0,0.0
2025,H0313,Amanda E. Batten,R,Property and Conveyances,Derived from LIS bill description,3,3,0,3,INSUFFICIENT DATA,100.0,0.0
2025,H0313,Amanda E. Batten,R,Property and Conveyances,Derived from LIS bill summary,6,6,0,6,INSUFFICIENT DATA,100.0,0.0
2025,H0371,Amy J. Laufer,D,Property and Conveyances,Derived from LIS bill description,3,3,0,3,INSUFFICIENT DATA,100.0,0.0
2025,H0371,Amy J. Laufer,D,Property and Conveyances,Derived from LIS bill summary,7,5,0,5,INSUFFICIENT DATA,100.0,0.0
2025,H0345,Anne Ferrell Tata,R,Property and Conveyances,Derived from LIS bill description,3,3,0,3,INSUFFICIENT DATA,100.0,0.0
2025,H0345,Anne Ferrell Tata,R,Property and Conveyances,Derived from LIS bill summary,6,6,0,6,INSUFFICIENT DATA,100.0,0.0
2025,H0380,Atoosa R. Reaser,D,Property and Conveyances,Derived from LIS bill description,3,3,0,3,INSUFFICIENT DATA,100.0,0.0
2025,H0380,Atoosa R. Reaser,D,Property and Conveyances,Derived from LIS bill summary,6,6,0,6,INSUFFICIENT DATA,100.0,0.0
2025,H0206,Barry D. Knight,R,Property and Conveyances,Derived from LIS bill summary,12,8,0,8,INSUFFICIENT DATA,100.0,0.0
2025,H0212,Betsy B. Carr,D,Property and Conveyances,Derived from LIS bill description,7,7,0,7,INSUFFICIENT DATA,100.0,0.0
2025,H0329,Bill Wiley,R,Property and Conveyances,Derived from LIS bill description,6,6,0,6,INSUFFICIENT DATA,100.0,0.0
2025,H0353,Bonita G. Anthony,D,Property and Conveyances,Derived from LIS bill description,3,3,0,3,INSUFFICIENT DATA,100.0,0.0
2025,H0353,Bonita G. Anthony,D,Property and Conveyances,Derived from LIS bill summary,7,7,0,7,INSUFFICIENT DATA,100.0,0.0
2025,H0343,Briana D. Sewell,D,Property and Conveyances,Derived from LIS bill description,3,3,0,3,INSUFFICIENT DATA,100.0,0.0
2025,H0343,Briana D. Sewell,D,Property and Conveyances,Derived from LIS bill summary,6,6,0,6,INSUFFICIENT DATA,100.0,0.0
2025,H0181,C. Todd Gilbert,R,Property and Conveyances,Derived from LIS bill description,3,3,0,3,INSUFFICIENT DATA,100.0,0.0
2025,H0181,C. Todd Gilbert,R,Property and Conveyances,Derived from LIS bill summary,6,6,0,6,INSUFFICIENT DATA,100.0,0.0
2025,H0285,"C.E. Cliff Hayes, Jr.",D,Property and Conveyances,Derived from LIS bill description,3,3,0,3,INSUFFICIENT DATA,100.0,0.0
2025,H0285,"C.E. Cliff Hayes, Jr.",D,Property and Conveyances,Derived from LIS bill summary,6,6,0,6,INSUFFICIENT DATA,100.0,0.0
2025,H0330,Candi Mundon King,D,Property and Conveyances,Derived from LIS bill description,3,3,0,3,INSUFFICIENT DATA,100.0,0.0
2025,H0330,Candi Mundon King,D,Property and Conveyances,Derived from LIS bill summary,6,6,0,6,INSUFFICIENT DATA,100.0,0.0
2025,H0315,Carrie E. Coyner,R,Property and Conveyances,Derived from LIS bill description,7,5,0,5,INSUFFICIENT DATA,100.0,0.0
2025,H0208,Charniele L. Herring,D,Property and Conveyances,Derived from LIS bill description,3,3,0,3,INSUFFICIENT DATA,100.0,0.0
2025,H0208,Charniele L. Herring,D,Property and Conveyances,Derived from LIS bill summary,6,6,0,6,INSUFFICIENT DATA,100.0,0.0
2025,H0378,Chris Obenshain,R,Property and Conveyances,Derived from LIS bill description,3,3,0,3,INSUFFICIENT DATA,100.0,0.0
2025,H0378,Chris Obenshain,R,Property and Conveyances,Derived from LIS bill summary,6,6,0,6,INSUFFICIENT DATA,100.0,0.0
2025,H0321,Chris S. Runion,R,Property and Conveyances,Derived from LIS bill description,3,3,0,3,INSUFFICIENT DATA,100.0,0.0
2025,H0321,Chris S. Runion,R,Property and Conveyances,Derived from LIS bill summary,6,6,0,6,INSUFFICIENT DATA,100.0,0.0
2025,H0317,Dan I. Helmer,D,Property and Conveyances,Derived from LIS bill description,3,3,0,3,INSUFFICIENT DATA,100.0,0.0
2025,H0317,Dan I. Helmer,D,Property and Conveyances,Derived from LIS bill summary,6,6,0,6,INSUFFICIENT DATA,100.0,0.0
2025,H0301,David A. Reid,D,Property and Conveyances,Derived from LIS bill description,3,3,0,3,INSUFFICIENT DATA,100.0,0.0
2025,H0301,David A. Reid,D,Property and Conveyances,Derived from LIS bill summary,6,6,0,6,INSUFFICIENT DATA,100.0,0.0
2025,H0177,David L. Bulova,D,Property and Conveyances,Derived from LIS bill description,7,6,0,6,INSUFFICIENT DATA,100.0,0.0
2025,H0379,David Owen,R,Property and Conveyances,Derived from LIS bill description,3,3,0,3,INSUFFICIENT DATA,100.0,0.0
2025,H0379,David Owen,R,Property and Conveyances,Derived from LIS bill summary,6,6,0,6,INSUFFICIENT DATA,100.0,0.0
2025,H0361,Debra D. Gardner,D,Property and Conveyances,Derived from LIS bill description,3,3,0,3,INSUFFICIENT DATA,100.0,0.0
2025,H0361,Debra D. Gardner,D,Property and Conveyances,Derived from LIS bill summary,6,6,0,6,INSUFFICIENT DATA,100.0,0.0
2025,H0207,Delores L. McQuinn,D,Property and Conveyances,Derived from LIS bill description,3,1,0,1,INSUFFICIENT DATA,100.0,0.0
2025,H0207,Delores L. McQuinn,D,Property and Conveyances,Derived from LIS bill summary,6,6,0,6,INSUFFICIENT DATA,100.0,0.0
2025,H0377,Delores Oates,R,Property and Conveyances,Derived from LIS bill description,3,3,0,3,INSUFFICIENT DATA,100.0,0.0
2025,H0377,Delores Oates,R,Property and Conveyances,Derived from LIS bill summary,6,6,0,6,INSUFFICIENT DATA,100.0,0.0
2025,H0372,Destiny LeVere Bolling,D,Property and Conveyances,Derived from LIS bill description,3,2,0,2,INSUFFICIENT DATA,100.0,0.0
2025,H0372,Destiny LeVere Bolling,D,Property and Conveyances,Derived from LIS bill summary,6,6,0,6,INSUFFICIENT DATA,100.0,0.0
2025,H0322,Don Scott,D,Property and Conveyances,Derived from LIS bill description,3,3,0,3,INSUFFICIENT DATA,100.0,0.0
2025,H0322,Don Scott,D,Property and Conveyances,Derived from LIS bill summary,6,6,0,6,INSUFFICIENT DATA,100.0,0.0
2025,H0334,Elizabeth B. Bennett-Parker,D,Property and Conveyances,Derived from LIS bill description,7,7,0,7,INSUFFICIENT DATA,100.0,0.0
2025,H0350,Ellen H. Campbell,R,Property and Conveyances,Derived from LIS bill description,6,6,0,6,INSUFFICIENT DATA,100.0,0.0
2025,H0384,Eric Phillips,R,Property and Conveyances,Derived from LIS bill description,3,3,0,3,INSUFFICIENT DATA,100.0,0.0
2025,H0384,Eric Phillips,R,Property and Conveyances,Derived from LIS bill summary,6,6,0,6,INSUFFICIENT DATA,100.0,0.0
2025,H0383,Eric R. Zehr,R,Property and Conveyances,Derived from LIS bill description,3,3,0,3,INSUFFICIENT DATA,100.0,0.0
2025,H0383,Eric R. Zehr,R,Property and Conveyances,Derived from LIS bill summary,6,5,0,5,INSUFFICIENT DATA,100.0,0.0
2025,H0367,Geary Higgins,R,Property and Conveyances,Derived from LIS bill description,3,3,0,3,INSUFFICIENT DATA,100.0,0.0
2025,H0367,Geary Higgins,R,Property and Conveyances,Derived from LIS bill summary,6,6,0,6,INSUFFICIENT DATA,100.0,0.0
2025,H0347,"H. Otto Wachsmann, Jr.",R,Property and Conveyances,Derived from LIS bill description,3,3,0,3,INSUFFICIENT DATA,100.0,0.0
2025,H0347,"H. Otto Wachsmann, Jr.",R,Property and Conveyances,Derived from LIS bill summary,6,6,0,6,INSUFFICIENT DATA,100.0,0.0
2025,H0369,Hillary Pugh Kent,R,Property and Conveyances,Derived from LIS bill description,3,3,0,3,INSUFFICIENT DATA,100.0,0.0
2025,H0369,Hillary Pugh Kent,R,Property and Conveyances,Derived from LIS bill summary,6,6,0,6,INSUFFICIENT DATA,100.0,0.0
2025,H0351,Holly M. Seibold,D,Property and Conveyances,Derived from LIS bill description,6,6,0,6,INSUFFICIENT DATA,100.0,0.0
2025,H0259,"Hyland F. ""Buddy"" Fowler, Jr.",R,Property and Conveyances,Derived from LIS bill description,6,4,0,4,INSUFFICIENT DATA,100.0,0.0
2025,H0373,Ian T. Lovejoy,R,Property and Conveyances,Derived from LIS bill description,3,3,0,3,INSUFFICIENT DATA,100.0,0.0
2025,H0373,Ian T. Lovejoy,R,Property and Conveyances,Derived from LIS bill summary,6,6,0,6,INSUFFICIENT DATA,100.0,0.0
2025,H0344,Irene Shin,D,Property and Conveyances,Derived from LIS bill description,3,3,0,3,INSUFFICIENT DATA,100.0,0.0
2025,H0344,Irene Shin,D,Property and Conveyances,Derived from LIS bill summary,6,6,0,6,INSUFFICIENT DATA,100.0,0.0
2025,H0242,Israel D. O'Quinn,R,Property and Conveyances,Derived from LIS bill description,3,3,0,3,INSUFFICIENT DATA,100.0,0.0
2025,H0242,Israel D. O'Quinn,R,Property and Conveyances,Derived from LIS bill summary,6,4,0,4,INSUFFICIENT DATA,100.0,0.0
2025,H0385,JJ Singh,D,Property and Conveyances,Derived from LIS bill description,3,3,0,3,INSUFFICIENT DATA,100.0,0.0
2025,H0385,JJ Singh,D,Property and Conveyances,Derived from LIS bill summary,6,5,0,5,INSUFFICIENT DATA,100.0,0.0
2025,H0349,Jackie H. Glass,D,Property and Conveyances,Derived from LIS bill description,3,3,0,3,INSUFFICIENT DATA,100.0,0.0
2025,H0349,Jackie H. Glass,D,Property and Conveyances,Derived from LIS bill summary,6,6,0,6,INSUFFICIENT DATA,100.0,0.0
2025,H0262,"James A. ""Jay"" Leftwich",R,Property and Conveyances,Derived from LIS bill description,6,6,0,6,INSUFFICIENT DATA,100.0,0.0
2025,H0224,James W. Morefield,R,Property and Conveyances,Derived from LIS bill description,6,6,0,6,INSUFFICIENT DATA,100.0,0.0
2025,H0333,Jason S. Ballard,R,Property and Conveyances,Derived from LIS bill description,3,3,0,3,INSUFFICIENT DATA,100.0,0.0
2025,H0333,Jason S. Ballard,R,Property and Conveyances,Derived from LIS bill summary,6,6,0,6,INSUFFICIENT DATA,100.0,0.0
2025,H0173,Jeion A. Ward,D,Property and Conveyances,Derived from LIS bill description,3,3,0,3,INSUFFICIENT DATA,100.0,0.0
2025,H0173,Jeion A. Ward,D,Property and Conveyances,Derived from LIS bill summary,6,5,0,5,INSUFFICIENT DATA,100.0,0.0
2025,H0352,"Jonathan ""Jed"" Arnold",R,Property and Conveyances,Derived from LIS bill description,7,6,0,6,INSUFFICIENT DATA,100.0,0.0
2025,H0308,Joseph P. McNamara,R,Property and Conveyances,Derived from LIS bill description,3,3,0,3,INSUFFICIENT DATA,100.0,0.0
2025,H0308,Joseph P. McNamara,R,Property and Conveyances,Derived from LIS bill summary,6,6,0,6,INSUFFICIENT DATA,100.0,0.0
2025,H0382,Joshua E. Thomas,D,Property and Conveyances,Derived from LIS bill description,7,7,0,7,INSUFFICIENT DATA,100.0,0.0
2025,H0314,Joshua G. Cole,D,Property and Conveyances,Derived from LIS bill description,6,6,0,6,INSUFFICIENT DATA,100.0,0.0
2025,H0370,Karen Keys-Gamarra,D,Property and Conveyances,Derived from LIS bill description,3,3,0,3,INSUFFICIENT DATA,100.0,0.0
2025,H0370,Karen Keys-Gamarra,D,Property and Conveyances,Derived from LIS bill summary,6,6,0,6,INSUFFICIENT DATA,100.0,0.0
2025,H0294,Karrie K. Delaney,D,Property and Conveyances,Derived from LIS bill description,6,6,0,6,INSUFFICIENT DATA,100.0,0.0
2025,H0305,Kathy K.L. Tran,D,Property and Conveyances,Derived from LIS bill description,3,3,0,3,INSUFFICIENT DATA,100.0,0.0
2025,H0305,Kathy K.L. Tran,D,Property and Conveyances,Derived from LIS bill summary,6,6,0,6,INSUFFICIENT DATA,100.0,0.0
2025,H0354,Katrina Callsen,D,Property and Conveyances,Derived from LIS bill description,3,3,0,3,INSUFFICIENT DATA,100.0,0.0
2025,H0354,Katrina Callsen,D,Property and Conveyances,Derived from LIS bill summary,7,7,0,7,INSUFFICIENT DATA,100.0,0.0
2025,H0295,Kelly K. Convirs-Fowler,D,Property and Conveyances,Derived from LIS bill description,3,3,0,3,INSUFFICIENT DATA,100.0,0.0
2025,H0295,Kelly K. Convirs-Fowler,D,Property and Conveyances,Derived from LIS bill summary,6,6,0,6,INSUFFICIENT DATA,100.0,0.0
2025,H0346,Kim A. Taylor,R,Property and Conveyances,Derived from LIS bill description,3,3,0,3,INSUFFICIENT DATA,100.0,0.0
2025,H0346,Kim A. Taylor,R,Property and Conveyances,Derived from LIS bill summary,6,6,0,6,INSUFFICIENT DATA,100.0,0.0
2025,H0355,Laura Jane Cohen,D,Property and Conveyances,Derived from LIS bill description,3,3,0,3,INSUFFICIENT DATA,100.0,0.0
2025,H0355,Laura Jane Cohen,D,Property and Conveyances,Derived from LIS bill summary,6,6,0,6,INSUFFICIENT DATA,100.0,0.0
2025,H0227,Luke E. Torian,D,Property and Conveyances,Derived from LIS bill description,6,6,0,6,INSUFFICIENT DATA,100.0,0.0
2025,H0238,M. Keith Hodges,R,Property and Conveyances,Derived from LIS bill description,3,3,0,3,INSUFFICIENT DATA,100.0,0.0
2025,H0238,M. Keith Hodges,R,Property and Conveyances,Derived from LIS bill summary,6,6,0,6,INSUFFICIENT DATA,100.0,0.0
2025,H0284,"Marcia S. ""Cia"" Price",D,Property and Conveyances,Derived from LIS bill description,7,7,0,7,INSUFFICIENT DATA,100.0,0.0
2025,H0264,Marcus B. Simon,D,Property and Conveyances,Derived from LIS bill description,7,7,0,7,INSUFFICIENT DATA,100.0,0.0
2025,H0172,Mark D. Sickles,D,Property and Conveyances,Derived from LIS bill description,3,3,0,3,INSUFFICIENT DATA,100.0,0.0
2025,H0172,Mark D. Sickles,D,Property and Conveyances,Derived from LIS bill summary,6,6,0,6,INSUFFICIENT DATA,100.0,0.0
2025,H0358,"Mark L. Earley, Jr.",R,Property and Conveyances,Derived from LIS bill description,3,3,0,3,INSUFFICIENT DATA,100.0,0.0
2025,H0358,"Mark L. Earley, Jr.",R,Property and Conveyances,Derived from LIS bill summary,6,6,0,6,INSUFFICIENT DATA,100.0,0.0
2025,H0374,Marty Martinez,D,Property and Conveyances,Derived from LIS bill description,3,3,0,3,INSUFFICIENT DATA,100.0,0.0
2025,H0374,Marty Martinez,D,Property and Conveyances,Derived from LIS bill summary,6,6,0,6,INSUFFICIENT DATA,100.0,0.0
2025,H0360,Michael B. Feggans,D,Property and Conveyances,Derived from LIS bill description,3,3,0,3,INSUFFICIENT DATA,100.0,0.0
2025,H0360,Michael B. Feggans,D,Property and Conveyances,Derived from LIS bill summary,6,6,0,6,INSUFFICIENT DATA,100.0,0.0
2025,H0368,Michael J. Jones,D,Property and Conveyances,Derived from LIS bill description,3,3,0,3,INSUFFICIENT DATA,100.0,0.0
2025,H0368,Michael J. Jones,D,Property and Conveyances,Derived from LIS bill summary,6,6,0,6,INSUFFICIENT DATA,100.0,0.0
2025,H0247,Michael J. Webert,R,Property and Conveyances,Derived from LIS bill description,3,3,0,3,INSUFFICIENT DATA,100.0,0.0
2025,H0247,Michael J. Webert,R,Property and Conveyances,Derived from LIS bill summary,6,6,0,6,INSUFFICIENT DATA,100.0,0.0
2025,H0340,Michelle Lopes Maldonado,D,Property and Conveyances,Derived from LIS bill description,3,3,0,3,INSUFFICIENT DATA,100.0,0.0
2025,H0340,Michelle Lopes Maldonado,D,Property and Conveyances,Derived from LIS bill summary,6,6,0,6,INSUFFICIENT DATA,100.0,0.0
2025,H0335,Mike A. Cherry,R,Property and Conveyances,Derived from LIS bill description,3,3,0,3,INSUFFICIENT DATA,100.0,0.0
2025,H0335,Mike A. Cherry,R,Property and Conveyances,Derived from LIS bill summary,6,6,0,6,INSUFFICIENT DATA,100.0,0.0
2025,H0359,N. Baxter Ennis,R,Property and Conveyances,Derived from LIS bill description,3,3,0,3,INSUFFICIENT DATA,100.0,0.0
2025,H0359,N. Baxter Ennis,R,Property and Conveyances,Derived from LIS bill summary,6,6,0,6,INSUFFICIENT DATA,100.0,0.0
2025,H0336,Nadarius E. Clark,D,Property and Conveyances,Derived from LIS bill description,3,3,0,3,INSUFFICIENT DATA,100.0,0.0
2025,H0336,Nadarius E. Clark,D,Property and Conveyances,Derived from LIS bill summary,6,6,0,6,INSUFFICIENT DATA,100.0,0.0
2025,H0279,Nicholas J. Freitas,R,Property and Conveyances,Derived from LIS bill description,3,3,0,3,INSUFFICIENT DATA,100.0,0.0
2025,H0279,Nicholas J. Freitas,R,Property and Conveyances,Derived from LIS bill summary,6,6,0,6,INSUFFICIENT DATA,100.0,0.0
2025,H0219,Patrick A. Hope,D,Property and Conveyances,Derived from LIS bill description,3,3,0,3,INSUFFICIENT DATA,100.0,0.0
2025,H0219,Patrick A. Hope,D,Property and Conveyances,Derived from LIS bill summary,6,6,0,6,INSUFFICIENT DATA,100.0,0.0
2025,H0281,Paul E. Krizek,D,Property and Conveyances,Derived from LIS bill description,6,6,0,6,INSUFFICIENT DATA,100.0,0.0
2025,H0376,Paul V. Milde,R,Property and Conveyances,Derived from LIS bill description,3,3,0,3,INSUFFICIENT DATA,100.0,0.0
2025,H0376,Paul V. Milde,R,Property and Conveyances,Derived from LIS bill summary,6,6,0,6,INSUFFICIENT DATA,100.0,0.0
2025,H0366,Phil M. Hernandez,D,Property and Conveyances,Derived from LIS bill description,3,3,0,3,INSUFFICIENT DATA,100.0,0.0
2025,H0366,Phil M. Hernandez,D,Property and Conveyances,Derived from LIS bill summary,6,6,0,6,INSUFFICIENT DATA,100.0,0.0
2025,H0342,Phillip A. Scott,R,Property and Conveyances,Derived from LIS bill description,3,3,0,3,INSUFFICIENT DATA,100.0,0.0
2025,H0342,Phillip A. Scott,R,Property and Conveyances,Derived from LIS bill summary,6,6,0,6,INSUFFICIENT DATA,100.0,0.0
2025,H0124,R. Lee Ware,R,Property and Conveyances,Derived from LIS bill description,3,3,0,3,INSUFFICIENT DATA,100.0,0.0
2025,H0124,R. Lee Ware,R,Property and Conveyances,Derived from LIS bill summary,7,7,0,7,INSUFFICIENT DATA,100.0,0.0
2025,H0356,Rae Cousins,D,Property and Conveyances,Derived from LIS bill description,3,3,0,3,INSUFFICIENT DATA,100.0,0.0
2025,H0356,Rae Cousins,D,Property and Conveyances,Derived from LIS bill summary,6,6,0,6,INSUFFICIENT DATA,100.0,0.0
2025,H0269,"Richard C. ""Rip"" Sullivan, Jr.",D,Property and Conveyances,Derived from LIS bill description,3,3,0,3,INSUFFICIENT DATA,100.0,0.0
2025,H0269,"Richard C. ""Rip"" Sullivan, Jr.",D,Property and Conveyances,Derived from LIS bill summary,7,6,0,6,INSUFFICIENT DATA,100.0,0.0
2025,H0073,"Robert D. Orrock, Sr.",R,Property and Conveyances,Derived from LIS bill description,3,3,0,3,INSUFFICIENT DATA,100.0,0.0
2025,H0073,"Robert D. Orrock, Sr.",R,Property and Conveyances,Derived from LIS bill summary,7,6,0,6,INSUFFICIENT DATA,100.0,0.0
2025,H0267,"Robert S. Bloxom, Jr.",R,Property and Conveyances,Derived from LIS bill description,6,6,0,6,INSUFFICIENT DATA,100.0,0.0
2025,H0327,Rodney T. Willett,D,Property and Conveyances,Derived from LIS bill description,3,3,0,3,INSUFFICIENT DATA,100.0,0.0
2025,H0327,Rodney T. Willett,D,Property and Conveyances,Derived from LIS bill summary,6,6,0,6,INSUFFICIENT DATA,100.0,0.0
2025,H0365,"Rozia A. Henson, Jr.",D,Property and Conveyances,Derived from LIS bill description,3,3,0,3,INSUFFICIENT DATA,100.0,0.0
2025,H0365,"Rozia A. Henson, Jr.",D,Property and Conveyances,Derived from LIS bill summary,6,6,0,6,INSUFFICIENT DATA,100.0,0.0
2025,H0266,Sam Rasoul,D,Property and Conveyances,Derived from LIS bill description,3,2,0,2,INSUFFICIENT DATA,100.0,0.0
2025,H0266,Sam Rasoul,D,Property and Conveyances,Derived from LIS bill summary,6,6,0,6,INSUFFICIENT DATA,100.0,0.0
2025,H0328,Scott A. Wyatt,R,Property and Conveyances,Derived from LIS bill description,3,3,0,3,INSUFFICIENT DATA,100.0,0.0
2025,H0328,Scott A. Wyatt,R,Property and Conveyances,Derived from LIS bill summary,6,5,0,5,INSUFFICIENT DATA,100.0,0.0
2025,H0323,Shelly A. Simonds,D,Property and Conveyances,Derived from LIS bill description,3,3,0,3,INSUFFICIENT DATA,100.0,0.0
2025,H0323,Shelly A. Simonds,D,Property and Conveyances,Derived from LIS bill summary,6,6,0,6,INSUFFICIENT DATA,100.0,0.0
2025,H0056,Terry G. Kilgore,R,Property and Conveyances,Derived from LIS bill description,3,3,0,3,INSUFFICIENT DATA,100.0,0.0
2025,H0056,Terry G. Kilgore,R,Property and Conveyances,Derived from LIS bill summary,6,5,0,5,INSUFFICIENT DATA,100.0,0.0
2025,H0253,Terry L. Austin,R,Property and Conveyances,Derived from LIS bill description,7,7,0,7,INSUFFICIENT DATA,100.0,0.0
2025,H0362,"Thomas A. Garrett, Jr.",R,Property and Conveyances,Derived from LIS bill description,3,3,0,3,INSUFFICIENT DATA,100.0,0.0
2025,H0362,"Thomas A. Garrett, Jr.",R,Property and Conveyances,Derived from LIS bill summary,6,6,0,6,INSUFFICIENT DATA,100.0,0.0
2025,H0136,"Thomas C. Wright, Jr.",R,Property and Conveyances,Derived from LIS bill description,3,3,0,3,INSUFFICIENT DATA,100.0,0.0
2025,H0136,"Thomas C. Wright, Jr.",R,Property and Conveyances,Derived from LIS bill summary,6,6,0,6,INSUFFICIENT DATA,100.0,0.0
2025,H0364,Timothy P. Griffin,R,Property and Conveyances,Derived from LIS bill description,3,3,0,3,INSUFFICIENT DATA,100.0,0.0
2025,H0231,Tony O. Wilt,R,Property and Conveyances,Derived from LIS bill description,3,3,0,3,INSUFFICIENT DATA,100.0,0.0
2025,H0231,Tony O. Wilt,R,Property and Conveyances,Derived from LIS bill summary,6,6,0,6,INSUFFICIENT DATA,100.0,0.0
2025,H0108,Vivian E. Watts,D,Property and Conveyances,Derived from LIS bill description,3,3,0,3,INSUFFICIENT DATA,100.0,0.0
2025,H0108,Vivian E. Watts,D,Property and Conveyances,Derived from LIS bill summary,7,7,0,7,INSUFFICIENT DATA,100.0,0.0
2025,H0363,W. Chad Green,R,Property and Conveyances,Derived from LIS bill description,3,3,0,3,INSUFFICIENT DATA,100.0,0.0
2025,H0363,W. Chad Green,R,Property and Conveyances,Derived from LIS bill summary,6,6,0,6,INSUFFICIENT DATA,100.0,0.0
2025,H0325,Wendell S. Walker,R,Property and Conveyances,Derived from LIS bill description,3,3,0,3,INSUFFICIENT DATA,100.0,0.0
2025,H0325,Wendell S. Walker,R,Property and Conveyances,Derived from LIS bill summary,7,7,0,7,INSUFFICIENT DATA,100.0,0.0
2025,H0357,Will Davis,R,Property and Conveyances,Derived from LIS bill description,3,3,0,3,INSUFFICIENT DATA,100.0,0.0
2025,H0357,Will Davis,R,Property and Conveyances,Derived from LIS bill summary,6,6,0,6,INSUFFICIENT DATA,100.0,0.0
2025,H0348,Wren M. Williams,R,Property and Conveyances,Derived from LIS bill description,3,3,0,3,INSUFFICIENT DATA,100.0,0.0
2025,H0364,Timothy P. Griffin,R,Property and Conveyances,Derived from LIS bill summary,6,5,1,6,INSUFFICIENT DATA,83.33333333333334,16.666666666666664
2025,H0348,Wren M. Williams,R,Property and Conveyances,Derived from LIS bill summary,6,5,1,6,INSUFFICIENT DATA,83.33333333333334,16.666666666666664
2025,H0206,Barry D. Knight,R,Property and Conveyances,Derived from LIS bill description,6,0,0,0,INSUFFICIENT DATA,0.0,0.0
2025,H0150,"Daniel W. Marshall, III",R,Property and Conveyances,Derived from LIS bill description,3,0,0,0,INSUFFICIENT DATA,0.0,0.0
2025,H0150,"Daniel W. Marshall, III",R,Property and Conveyances,Derived from LIS bill summary,6,0,0,0,INSUFFICIENT DATA,0.0,0.0
2025,H0375,Adele Y. McClure,D,Property and Conveyances,Derived from LIS bill summary,11,11,0,11,YES,100.0,0.0
2025,H0212,Betsy B. Carr,D,Property and Conveyances,Derived from LIS bill summary,17,17,0,17,YES,100.0,0.0
2025,H0315,Carrie E. Coyner,R,Property and Conveyances,Derived from LIS bill summary,17,16,0,16,YES,100.0,0.0
2025,H0177,David L. Bulova,D,Property and Conveyances,Derived from LIS bill summary,18,12,0,12,YES,100.0,0.0
2025,H0350,Ellen H. Campbell,R,Property and Conveyances,Derived from LIS bill summary,11,11,0,11,YES,100.0,0.0
2025,H0351,Holly M. Seibold,D,Property and Conveyances,Derived from LIS bill summary,12,12,0,12,YES,100.0,0.0
2025,H0259,"Hyland F. ""Buddy"" Fowler, Jr.",R,Property and Conveyances,Derived from LIS bill summary,11,11,0,11,YES,100.0,0.0
2025,H0262,"James A. ""Jay"" Leftwich",R,Property and Conveyances,Derived from LIS bill summary,12,12,0,12,YES,100.0,0.0
2025,H0224,James W. Morefield,R,Property and Conveyances,Derived from LIS bill summary,12,12,0,12,YES,100.0,0.0
2025,H0352,"Jonathan ""Jed"" Arnold",R,Property and Conveyances,Derived from LIS bill summary,17,17,0,17,YES,100.0,0.0
2025,H0314,Joshua G. Cole,D,Property and Conveyances,Derived from LIS bill summary,11,11,0,11,YES,100.0,0.0
2025,H0294,Karrie K. Delaney,D,Property and Conveyances,Derived from LIS bill summary,11,11,0,11,YES,100.0,0.0
2025,H0227,Luke E. Torian,D,Property and Conveyances,Derived from LIS bill summary,12,12,0,12,YES,100.0,0.0
2025,H0264,Marcus B. Simon,D,Property and Conveyances,Derived from LIS bill summary,17,17,0,17,YES,100.0,0.0
2025,H0281,Paul E. Krizek,D,Property and Conveyances,Derived from LIS bill summary,12,12,0,12,YES,100.0,0.0
2025,H0267,"Robert S. Bloxom, Jr.",R,Property and Conveyances,Derived from LIS bill summary,11,11,0,11,YES,100.0,0.0
2025,H0253,Terry L. Austin,R,Property and Conveyances,Derived from LIS bill summary,17,17,0,17,YES,100.0,0.0
2025,H0334,Elizabeth B. Bennett-Parker,D,Property and Conveyances,Derived from LIS bill summary,19,17,1,18,YES,94.44444444444444,5.555555555555555
2025,H0382,Joshua E. Thomas,D,Property and Conveyances,Derived from LIS bill summary,17,16,1,17,YES,94.11764705882352,5.88235294117647
2025,H0329,Bill Wiley,R,Property and Conveyances,Derived from LIS bill summary,11,10,1,11,YES,90.9090909090909,9.090909090909092
2025,H0284,"Marcia S. ""Cia"" Price",D,Property and Conveyances,Derived from LIS bill summary,18,16,2,18,YES,88.88888888888889,11.11111111111111
2025,H0337,A.C. Cordoza,R,Public Safety,Derived from LIS bill description,4,4,0,4,INSUFFICIENT DATA,100.0,0.0
2025,H0375,Adele Y. McClure,D,Public Safety,Derived from LIS bill description,6,6,0,6,INSUFFICIENT DATA,100.0,0.0
2025,H0311,Alex Q. Askew,D,Public Safety,Derived from LIS bill description,3,3,0,3,INSUFFICIENT DATA,100.0,0.0
2025,H0239,Alfonso H. Lopez,D,Public Safety,Derived from LIS bill description,3,3,0,3,INSUFFICIENT DATA,100.0,0.0
2025,H0313,Amanda E. Batten,R,Public Safety,Derived from LIS bill description,4,4,0,4,INSUFFICIENT DATA,100.0,0.0
2025,H0371,Amy J. Laufer,D,Public Safety,Derived from LIS bill description,3,3,0,3,INSUFFICIENT DATA,100.0,0.0
2025,H0345,Anne Ferrell Tata,R,Public Safety,Derived from LIS bill description,3,3,0,3,INSUFFICIENT DATA,100.0,0.0
2025,H0380,Atoosa R. Reaser,D,Public Safety,Derived from LIS bill description,4,4,0,4,INSUFFICIENT DATA,100.0,0.0
2025,H0343,Briana D. Sewell,D,Public Safety,Derived from LIS bill description,5,5,0,5,INSUFFICIENT DATA,100.0,0.0
2025,H0181,C. Todd Gilbert,R,Public Safety,Derived from LIS bill description,4,4,0,4,INSUFFICIENT DATA,100.0,0.0
2025,H0285,"C.E. Cliff Hayes, Jr.",D,Public Safety,Derived from LIS bill description,4,3,0,3,INSUFFICIENT DATA,100.0,0.0
2025,H0330,Candi Mundon King,D,Public Safety,Derived from LIS bill description,3,3,0,3,INSUFFICIENT DATA,100.0,0.0
2025,H0315,Carrie E. Coyner,R,Public Safety,Derived from LIS bill description,6,4,0,4,INSUFFICIENT DATA,100.0,0.0
2025,H0208,Charniele L. Herring,D,Public Safety,Derived from LIS bill description,4,4,0,4,INSUFFICIENT DATA,100.0,0.0
2025,H0378,Chris Obenshain,R,Public Safety,Derived from LIS bill description,4,4,0,4,INSUFFICIENT DATA,100.0,0.0
2025,H0321,Chris S. Runion,R,Public Safety,Derived from LIS bill description,3,3,0,3,INSUFFICIENT DATA,100.0,0.0
2025,H0317,Dan I. Helmer,D,Public Safety,Derived from LIS bill description,4,4,0,4,INSUFFICIENT DATA,100.0,0.0
2025,H0177,David L. Bulova,D,Public Safety,Derived from LIS bill description,5,4,0,4,INSUFFICIENT DATA,100.0,0.0
2025,H0379,David Owen,R,Public Safety,Derived from LIS bill description,3,3,0,3,INSUFFICIENT DATA,100.0,0.0
2025,H0361,Debra D. Gardner,D,Public Safety,Derived from LIS bill description,3,3,0,3,INSUFFICIENT DATA,100.0,0.0
2025,H0207,Delores L. McQuinn,D,Public Safety,Derived from LIS bill description,4,3,0,3,INSUFFICIENT DATA,100.0,0.0
2025,H0377,Delores Oates,R,Public Safety,Derived from LIS bill description,3,3,0,3,INSUFFICIENT DATA,100.0,0.0
2025,H0372,Destiny LeVere Bolling,D,Public Safety,Derived from LIS bill description,3,2,0,2,INSUFFICIENT DATA,100.0,0.0
2025,H0322,Don Scott,D,Public Safety,Derived from LIS bill description,4,4,0,4,INSUFFICIENT DATA,100.0,0.0
2025,H0334,Elizabeth B. Bennett-Parker,D,Public Safety,Derived from LIS bill description,5,5,0,5,INSUFFICIENT DATA,100.0,0.0
2025,H0350,Ellen H. Campbell,R,Public Safety,Derived from LIS bill description,4,4,0,4,INSUFFICIENT DATA,100.0,0.0
2025,H0384,Eric Phillips,R,Public Safety,Derived from LIS bill description,3,2,0,2,INSUFFICIENT DATA,100.0,0.0
2025,H0367,Geary Higgins,R,Public Safety,Derived from LIS bill description,3,3,0,3,INSUFFICIENT DATA,100.0,0.0
2025,H0347,"H. Otto Wachsmann, Jr.",R,Public Safety,Derived from LIS bill description,3,3,0,3,INSUFFICIENT DATA,100.0,0.0
2025,H0369,Hillary Pugh Kent,R,Public Safety,Derived from LIS bill description,3,3,0,3,INSUFFICIENT DATA,100.0,0.0
2025,H0351,Holly M. Seibold,D,Public Safety,Derived from LIS bill description,4,4,0,4,INSUFFICIENT DATA,100.0,0.0
2025,H0259,"Hyland F. ""Buddy"" Fowler, Jr.",R,Public Safety,Derived from LIS bill description,4,2,0,2,INSUFFICIENT DATA,100.0,0.0
2025,H0373,Ian T. Lovejoy,R,Public Safety,Derived from LIS bill description,3,3,0,3,INSUFFICIENT DATA,100.0,0.0
2025,H0344,Irene Shin,D,Public Safety,Derived from LIS bill description,3,3,0,3,INSUFFICIENT DATA,100.0,0.0
2025,H0385,JJ Singh,D,Public Safety,Derived from LIS bill description,3,3,0,3,INSUFFICIENT DATA,100.0,0.0
2025,H0262,"James A. ""Jay"" Leftwich",R,Public Safety,Derived from LIS bill description,5,5,0,5,INSUFFICIENT DATA,100.0,0.0
2025,H0224,James W. Morefield,R,Public Safety,Derived from LIS bill description,4,4,0,4,INSUFFICIENT DATA,100.0,0.0
2025,H0173,Jeion A. Ward,D,Public Safety,Derived from LIS bill description,5,5,0,5,INSUFFICIENT DATA,100.0,0.0
2025,H0352,"Jonathan ""Jed"" Arnold",R,Public Safety,Derived from LIS bill description,6,5,0,5,INSUFFICIENT DATA,100.0,0.0
2025,H0308,Joseph P. McNamara,R,Public Safety,Derived from LIS bill description,3,3,0,3,INSUFFICIENT DATA,100.0,0.0
2025,H0382,Joshua E. Thomas,D,Public Safety,Derived from LIS bill description,6,6,0,6,INSUFFICIENT DATA,100.0,0.0
2025,H0314,Joshua G. Cole,D,Public Safety,Derived from LIS bill description,4,4,0,4,INSUFFICIENT DATA,100.0,0.0
2025,H0370,Karen Keys-Gamarra,D,Public Safety,Derived from LIS bill description,4,4,0,4,INSUFFICIENT DATA,100.0,0.0
2025,H0305,Kathy K.L. Tran,D,Public Safety,Derived from LIS bill description,4,4,0,4,INSUFFICIENT DATA,100.0,0.0
2025,H0354,Katrina Callsen,D,Public Safety,Derived from LIS bill description,4,4,0,4,INSUFFICIENT DATA,100.0,0.0
2025,H0295,Kelly K. Convirs-Fowler,D,Public Safety,Derived from LIS bill description,3,3,0,3,INSUFFICIENT DATA,100.0,0.0
2025,H0346,Kim A. Taylor,R,Public Safety,Derived from LIS bill description,3,3,0,3,INSUFFICIENT DATA,100.0,0.0
2025,H0355,Laura Jane Cohen,D,Public Safety,Derived from LIS bill description,4,4,0,4,INSUFFICIENT DATA,100.0,0.0
2025,H0227,Luke E. Torian,D,Public Safety,Derived from LIS bill description,5,5,0,5,INSUFFICIENT DATA,100.0,0.0
2025,H0238,M. Keith Hodges,R,Public Safety,Derived from LIS bill description,3,3,0,3,INSUFFICIENT DATA,100.0,0.0
2025,H0284,"Marcia S. ""Cia"" Price",D,Public Safety,Derived from LIS bill description,5,5,0,5,INSUFFICIENT DATA,100.0,0.0
2025,H0264,Marcus B. Simon,D,Public Safety,Derived from LIS bill description,7,7,0,7,INSUFFICIENT DATA,100.0,0.0
2025,H0172,Mark D. Sickles,D,Public Safety,Derived from LIS bill description,4,3,0,3,INSUFFICIENT DATA,100.0,0.0
2025,H0358,"Mark L. Earley, Jr.",R,Public Safety,Derived from LIS bill description,4,4,0,4,INSUFFICIENT DATA,100.0,0.0
2025,H0374,Marty Martinez,D,Public Safety,Derived from LIS bill description,3,3,0,3,INSUFFICIENT DATA,100.0,0.0
2025,H0360,Michael B. Feggans,D,Public Safety,Derived from LIS bill description,5,5,0,5,INSUFFICIENT DATA,100.0,0.0
2025,H0368,Michael J. Jones,D,Public Safety,Derived from LIS bill description,3,2,0,2,INSUFFICIENT DATA,100.0,0.0
2025,H0247,Michael J. Webert,R,Public Safety,Derived from LIS bill description,4,4,0,4,INSUFFICIENT DATA,100.0,0.0
2025,H0340,Michelle Lopes Maldonado,D,Public Safety,Derived from LIS bill description,4,4,0,4,INSUFFICIENT DATA,100.0,0.0
2025,H0335,Mike A. Cherry,R,Public Safety,Derived from LIS bill description,3,3,0,3,INSUFFICIENT DATA,100.0,0.0
2025,H0359,N. Baxter Ennis,R,Public Safety,Derived from LIS bill description,3,3,0,3,INSUFFICIENT DATA,100.0,0.0
2025,H0336,Nadarius E. Clark,D,Public Safety,Derived from LIS bill description,3,3,0,3,INSUFFICIENT DATA,100.0,0.0
2025,H0279,Nicholas J. Freitas,R,Public Safety,Derived from LIS bill description,3,2,0,2,INSUFFICIENT DATA,100.0,0.0
2025,H0219,Patrick A. Hope,D,Public Safety,Derived from LIS bill description,4,4,0,4,INSUFFICIENT DATA,100.0,0.0
2025,H0281,Paul E. Krizek,D,Public Safety,Derived from LIS bill description,4,4,0,4,INSUFFICIENT DATA,100.0,0.0
2025,H0366,Phil M. Hernandez,D,Public Safety,Derived from LIS bill description,4,4,0,4,INSUFFICIENT DATA,100.0,0.0
2025,H0342,Phillip A. Scott,R,Public Safety,Derived from LIS bill description,3,3,0,3,INSUFFICIENT DATA,100.0,0.0
2025,H0124,R. Lee Ware,R,Public Safety,Derived from LIS bill description,3,3,0,3,INSUFFICIENT DATA,100.0,0.0
2025,H0356,Rae Cousins,D,Public Safety,Derived from LIS bill description,4,4,0,4,INSUFFICIENT DATA,100.0,0.0
2025,H0269,"Richard C. ""Rip"" Sullivan, Jr.",D,Public Safety,Derived from LIS bill description,5,5,0,5,INSUFFICIENT DATA,100.0,0.0
2025,H0073,"Robert D. Orrock, Sr.",R,Public Safety,Derived from LIS bill description,3,3,0,3,INSUFFICIENT DATA,100.0,0.0
2025,H0267,"Robert S. Bloxom, Jr.",R,Public Safety,Derived from LIS bill description,4,4,0,4,INSUFFICIENT DATA,100.0,0.0
2025,H0327,Rodney T. Willett,D,Public Safety,Derived from LIS bill description,3,3,0,3,INSUFFICIENT DATA,100.0,0.0
2025,H0365,"Rozia A. Henson, Jr.",D,Public Safety,Derived from LIS bill description,3,3,0,3,INSUFFICIENT DATA,100.0,0.0
2025,H0266,Sam Rasoul,D,Public Safety,Derived from LIS bill description,3,2,0,2,INSUFFICIENT DATA,100.0,0.0
2025,H0323,Shelly A. Simonds,D,Public Safety,Derived from LIS bill description,3,3,0,3,INSUFFICIENT DATA,100.0,0.0
2025,H0056,Terry G. Kilgore,R,Public Safety,Derived from LIS bill description,5,4,0,4,INSUFFICIENT DATA,100.0,0.0
2025,H0362,"Thomas A. Garrett, Jr.",R,Public Safety,Derived from LIS bill description,3,3,0,3,INSUFFICIENT DATA,100.0,0.0
2025,H0136,"Thomas C. Wright, Jr.",R,Public Safety,Derived from LIS bill description,3,3,0,3,INSUFFICIENT DATA,100.0,0.0
2025,H0231,Tony O. Wilt,R,Public Safety,Derived from LIS bill description,3,3,0,3,INSUFFICIENT DATA,100.0,0.0
2025,H0108,Vivian E. Watts,D,Public Safety,Derived from LIS bill description,6,6,0,6,INSUFFICIENT DATA,100.0,0.0
2025,H0363,W. Chad Green,R,Public Safety,Derived from LIS bill description,3,3,0,3,INSUFFICIENT DATA,100.0,0.0
2025,H0325,Wendell S. Walker,R,Public Safety,Derived from LIS bill description,3,3,0,3,INSUFFICIENT DATA,100.0,0.0
2025,H0357,Will Davis,R,Public Safety,Derived from LIS bill description,4,4,0,4,INSUFFICIENT DATA,100.0,0.0
2025,H0212,Betsy B. Carr,D,Public Safety,Derived from LIS bill description,8,7,1,8,INSUFFICIENT DATA,87.5,12.5
2025,H0253,Terry L. Austin,R,Public Safety,Derived from LIS bill description,7,6,1,7,INSUFFICIENT DATA,85.71428571428571,14.285714285714285
2025,H0294,Karrie K. Delaney,D,Public Safety,Derived from LIS bill description,7,5,1,6,INSUFFICIENT DATA,83.33333333333334,16.666666666666664
2025,H0333,Jason S. Ballard,R,Public Safety,Derived from LIS bill description,5,4,1,5,INSUFFICIENT DATA,80.0,20.0
2025,H0348,Wren M. Williams,R,Public Safety,Derived from LIS bill description,5,4,1,5,INSUFFICIENT DATA,80.0,20.0
2025,H0353,Bonita G. Anthony,D,Public Safety,Derived from LIS bill description,4,3,1,4,INSUFFICIENT DATA,75.0,25.0
2025,H0301,David A. Reid,D,Public Safety,Derived from LIS bill description,4,3,1,4,INSUFFICIENT DATA,75.0,25.0
2025,H0383,Eric R. Zehr,R,Public Safety,Derived from LIS bill description,4,3,1,4,INSUFFICIENT DATA,75.0,25.0
2025,H0349,Jackie H. Glass,D,Public Safety,Derived from LIS bill description,5,3,1,4,INSUFFICIENT DATA,75.0,25.0
2025,H0376,Paul V. Milde,R,Public Safety,Derived from LIS bill description,4,3,1,4,INSUFFICIENT DATA,75.0,25.0
2025,H0328,Scott A. Wyatt,R,Public Safety,Derived from LIS bill description,4,3,1,4,INSUFFICIENT DATA,75.0,25.0
2025,H0329,Bill Wiley,R,Public Safety,Derived from LIS bill description,6,4,2,6,INSUFFICIENT DATA,66.66666666666666,33.33333333333333
2025,H0242,Israel D. O'Quinn,R,Public Safety,Derived from LIS bill description,6,3,2,5,INSUFFICIENT DATA,60.0,40.0
2025,H0364,Timothy P. Griffin,R,Public Safety,Derived from LIS bill description,5,3,2,5,INSUFFICIENT DATA,60.0,40.0
2025,H0206,Barry D. Knight,R,Public Safety,Derived from LIS bill description,5,0,0,0,INSUFFICIENT DATA,0.0,0.0
2025,H0150,"Daniel W. Marshall, III",R,Public Safety,Derived from LIS bill description,3,0,0,0,INSUFFICIENT DATA,0.0,0.0
2025,H0333,Jason S. Ballard,R,Public Safety,Derived from LIS bill summary,90,57,31,88,MIXED,64.77272727272727,35.22727272727273
2025,H0329,Bill Wiley,R,Public Safety,Derived from LIS bill summary,85,55,30,85,MIXED,64.70588235294117,35.294117647058826
2025,H0253,Terry L. Austin,R,Public Safety,Derived from LIS bill summary,91,58,32,90,MIXED,64.44444444444444,35.55555555555556
2025,H0267,"Robert S. Bloxom, Jr.",R,Public Safety,Derived from LIS bill summary,79,50,28,78,MIXED,64.1025641025641,35.8974358974359
2025,H0378,Chris Obenshain,R,Public Safety,Derived from LIS bill summary,92,58,33,91,MIXED,63.73626373626373,36.26373626373626
2025,H0345,Anne Ferrell Tata,R,Public Safety,Derived from LIS bill summary,82,52,30,82,MIXED,63.41463414634146,36.58536585365854
2025,H0313,Amanda E. Batten,R,Public Safety,Derived from LIS bill summary,122,77,45,122,MIXED,63.114754098360656,36.885245901639344
2025,H0328,Scott A. Wyatt,R,Public Safety,Derived from LIS bill summary,85,53,31,84,MIXED,63.095238095238095,36.904761904761905
2025,H0373,Ian T. Lovejoy,R,Public Safety,Derived from LIS bill summary,62,39,23,62,MIXED,62.903225806451616,37.096774193548384
2025,H0224,James W. Morefield,R,Public Safety,Derived from LIS bill summary,76,47,29,76,MIXED,61.8421052631579,38.15789473684211
2025,H0352,"Jonathan ""Jed"" Arnold",R,Public Safety,Derived from LIS bill summary,82,49,31,80,MIXED,61.25000000000001,38.75
2025,H0206,Barry D. Knight,R,Public Safety,Derived from LIS bill summary,66,11,7,18,MIXED,61.111111111111114,38.88888888888889
2025,H0259,"Hyland F. ""Buddy"" Fowler, Jr.",R,Public Safety,Derived from LIS bill summary,66,38,25,63,MIXED,60.317460317460316,39.682539682539684
2025,H0347,"H. Otto Wachsmann, Jr.",R,Public Safety,Derived from LIS bill summary,65,39,26,65,MIXED,60.0,40.0
2025,H0367,Geary Higgins,R,Public Safety,Derived from LIS bill summary,63,37,26,63,MIXED,58.730158730158735,41.269841269841265
2025,H0321,Chris S. Runion,R,Public Safety,Derived from LIS bill summary,71,41,29,70,MIXED,58.57142857142858,41.42857142857143
2025,H0308,Joseph P. McNamara,R,Public Safety,Derived from LIS bill summary,67,38,27,65,MIXED,58.46153846153847,41.53846153846154
2025,H0325,Wendell S. Walker,R,Public Safety,Derived from LIS bill summary,65,38,27,65,MIXED,58.46153846153847,41.53846153846154
2025,H0124,R. Lee Ware,R,Public Safety,Derived from LIS bill summary,65,37,27,64,MIXED,57.8125,42.1875
2025,H0384,Eric Phillips,R,Public Safety,Derived from LIS bill summary,74,42,31,73,MIXED,57.534246575342465,42.465753424657535
2025,H0369,Hillary Pugh Kent,R,Public Safety,Derived from LIS bill summary,63,36,27,63,MIXED,57.14285714285714,42.857142857142854
2025,H0379,David Owen,R,Public Safety,Derived from LIS bill summary,78,44,34,78,MIXED,56.41025641025641,43.58974358974359
2025,H0181,C. Todd Gilbert,R,Public Safety,Derived from LIS bill summary,72,40,32,72,MIXED,55.55555555555556,44.44444444444444
2025,H0346,Kim A. Taylor,R,Public Safety,Derived from LIS bill summary,78,36,29,65,MIXED,55.38461538461539,44.61538461538462
2025,H0376,Paul V. Milde,R,Public Safety,Derived from LIS bill summary,63,33,27,60,MIXED,55.00000000000001,45.0
2025,H0247,Michael J. Webert,R,Public Safety,Derived from LIS bill summary,86,46,38,84,MIXED,54.761904761904766,45.23809523809524
2025,H0231,Tony O. Wilt,R,Public Safety,Derived from LIS bill summary,90,48,42,90,MIXED,53.333333333333336,46.666666666666664
2025,H0362,"Thomas A. Garrett, Jr.",R,Public Safety,Derived from LIS bill summary,65,28,27,55,MIXED,50.90909090909091,49.09090909090909
2025,H0364,Timothy P. Griffin,R,Public Safety,Derived from LIS bill summary,66,33,32,65,MIXED,50.76923076923077,49.23076923076923
2025,H0136,"Thomas C. Wright, Jr.",R,Public Safety,Derived from LIS bill summary,65,29,30,59,MIXED,49.152542372881356,50.847457627118644
2025,H0383,Eric R. Zehr,R,Public Safety,Derived from LIS bill summary,67,31,34,65,MIXED,47.69230769230769,52.307692307692314
2025,H0377,Delores Oates,R,Public Safety,Derived from LIS bill summary,74,35,39,74,MIXED,47.2972972972973,52.702702702702695
2025,H0342,Phillip A. Scott,R,Public Safety,Derived from LIS bill summary,68,31,36,67,MIXED,46.26865671641791,53.73134328358209
2025,H0279,Nicholas J. Freitas,R,Public Safety,Derived from LIS bill summary,66,27,34,61,MIXED,44.26229508196721,55.73770491803278
2025,H0108,Vivian E. Watts,D,Public Safety,Derived from LIS bill summary,105,97,5,102,YES,95.09803921568627,4.901960784313726
2025,H0207,Delores L. McQuinn,D,Public Safety,Derived from LIS bill summary,89,77,4,81,YES,95.06172839506173,4.938271604938271
2025,H0294,Karrie K. Delaney,D,Public Safety,Derived from LIS bill summary,104,94,5,99,YES,94.94949494949495,5.05050505050505
2025,H0219,Patrick A. Hope,D,Public Safety,Derived from LIS bill summary,111,90,5,95,YES,94.73684210526315,5.263157894736842
2025,H0172,Mark D. Sickles,D,Public Safety,Derived from LIS bill summary,90,81,6,87,YES,93.10344827586206,6.896551724137931
2025,H0227,Luke E. Torian,D,Public Safety,Derived from LIS bill summary,94,76,6,82,YES,92.6829268292683,7.317073170731707
2025,H0295,Kelly K. Convirs-Fowler,D,Public Safety,Derived from LIS bill summary,71,63,5,68,YES,92.64705882352942,7.352941176470589
2025,H0322,Don Scott,D,Public Safety,Derived from LIS bill summary,67,62,5,67,YES,92.53731343283582,7.462686567164178
2025,H0269,"Richard C. ""Rip"" Sullivan, Jr.",D,Public Safety,Derived from LIS bill summary,93,85,7,92,YES,92.3913043478261,7.608695652173914
2025,H0380,Atoosa R. Reaser,D,Public Safety,Derived from LIS bill summary,87,80,7,87,YES,91.95402298850574,8.045977011494253
2025,H0239,Alfonso H. Lopez,D,Public Safety,Derived from LIS bill summary,87,79,7,86,YES,91.86046511627907,8.13953488372093
2025,H0366,Phil M. Hernandez,D,Public Safety,Derived from LIS bill summary,98,90,8,98,YES,91.83673469387756,8.16326530612245
2025,H0177,David L. Bulova,D,Public Safety,Derived from LIS bill summary,87,77,7,84,YES,91.66666666666666,8.333333333333332
2025,H0327,Rodney T. Willett,D,Public Safety,Derived from LIS bill summary,84,76,7,83,YES,91.56626506024097,8.433734939759036
2025,H0382,Joshua E. Thomas,D,Public Safety,Derived from LIS bill summary,107,97,9,106,YES,91.50943396226415,8.49056603773585
2025,H0301,David A. Reid,D,Public Safety,Derived from LIS bill summary,81,74,7,81,YES,91.35802469135803,8.641975308641975
2025,H0264,Marcus B. Simon,D,Public Safety,Derived from LIS bill summary,115,95,9,104,YES,91.34615384615384,8.653846153846153
2025,H0212,Betsy B. Carr,D,Public Safety,Derived from LIS bill summary,91,82,8,90,YES,91.11111111111111,8.88888888888889
2025,H0351,Holly M. Seibold,D,Public Safety,Derived from LIS bill summary,90,82,8,90,YES,91.11111111111111,8.88888888888889
2025,H0208,Charniele L. Herring,D,Public Safety,Derived from LIS bill summary,78,71,7,78,YES,91.02564102564102,8.974358974358974
2025,H0317,Dan I. Helmer,D,Public Safety,Derived from LIS bill summary,89,81,8,89,YES,91.01123595505618,8.98876404494382
2025,H0311,Alex Q. Askew,D,Public Safety,Derived from LIS bill summary,89,80,8,88,YES,90.9090909090909,9.090909090909092
2025,H0285,"C.E. Cliff Hayes, Jr.",D,Public Safety,Derived from LIS bill summary,89,70,7,77,YES,90.9090909090909,9.090909090909092
2025,H0173,Jeion A. Ward,D,Public Safety,Derived from LIS bill summary,80,70,7,77,YES,90.9090909090909,9.090909090909092
2025,H0281,Paul E. Krizek,D,Public Safety,Derived from LIS bill summary,84,76,8,84,YES,90.47619047619048,9.523809523809524
2025,H0372,Destiny LeVere Bolling,D,Public Safety,Derived from LIS bill summary,75,66,7,73,YES,90.41095890410958,9.58904109589041
2025,H0330,Candi Mundon King,D,Public Safety,Derived from LIS bill summary,91,81,9,90,YES,90.0,10.0
2025,H0343,Briana D. Sewell,D,Public Safety,Derived from LIS bill summary,89,80,9,89,YES,89.8876404494382,10.112359550561797
2025,H0323,Shelly A. Simonds,D,Public Safety,Derived from LIS bill summary,70,62,7,69,YES,89.85507246376811,10.144927536231885
2025,H0356,Rae Cousins,D,Public Safety,Derived from LIS bill summary,116,104,12,116,YES,89.65517241379311,10.344827586206897
2025,H0340,Michelle Lopes Maldonado,D,Public Safety,Derived from LIS bill summary,85,76,9,85,YES,89.41176470588236,10.588235294117647
2025,H0371,Amy J. Laufer,D,Public Safety,Derived from LIS bill summary,67,59,7,66,YES,89.39393939393939,10.606060606060606
2025,H0361,Debra D. Gardner,D,Public Safety,Derived from LIS bill summary,66,59,7,66,YES,89.39393939393939,10.606060606060606
2025,H0368,Michael J. Jones,D,Public Safety,Derived from LIS bill summary,67,50,6,56,YES,89.28571428571429,10.714285714285714
2025,H0370,Karen Keys-Gamarra,D,Public Safety,Derived from LIS bill summary,82,73,9,82,YES,89.02439024390245,10.975609756097562
2025,H0385,JJ Singh,D,Public Safety,Derived from LIS bill summary,64,56,7,63,YES,88.88888888888889,11.11111111111111
2025,H0344,Irene Shin,D,Public Safety,Derived from LIS bill summary,70,61,8,69,YES,88.40579710144928,11.594202898550725
2025,H0336,Nadarius E. Clark,D,Public Safety,Derived from LIS bill summary,80,68,9,77,YES,88.31168831168831,11.688311688311687
2025,H0360,Michael B. Feggans,D,Public Safety,Derived from LIS bill summary,86,75,10,85,YES,88.23529411764706,11.76470588235294
2025,H0266,Sam Rasoul,D,Public Safety,Derived from LIS bill summary,108,90,12,102,YES,88.23529411764706,11.76470588235294
2025,H0353,Bonita G. Anthony,D,Public Safety,Derived from LIS bill summary,67,59,8,67,YES,88.05970149253731,11.940298507462686
2025,H0355,Laura Jane Cohen,D,Public Safety,Derived from LIS bill summary,67,58,8,66,YES,87.87878787878788,12.121212121212121
2025,H0375,Adele Y. McClure,D,Public Safety,Derived from LIS bill summary,83,72,10,82,YES,87.8048780487805,12.195121951219512
2025,H0354,Katrina Callsen,D,Public Safety,Derived from LIS bill summary,97,85,12,97,YES,87.62886597938144,12.371134020618557
2025,H0374,Marty Martinez,D,Public Safety,Derived from LIS bill summary,62,54,8,62,YES,87.09677419354838,12.903225806451612
2025,H0365,"Rozia A. Henson, Jr.",D,Public Safety,Derived from LIS bill summary,66,56,9,65,YES,86.15384615384616,13.846153846153847
2025,H0334,Elizabeth B. Bennett-Parker,D,Public Safety,Derived from LIS bill summary,66,55,9,64,YES,85.9375,14.0625
2025,H0284,"Marcia S. ""Cia"" Price",D,Public Safety,Derived from LIS bill summary,67,57,10,67,YES,85.07462686567165,14.925373134328357
2025,H0305,Kathy K.L. Tran,D,Public Safety,Derived from LIS bill summary,73,62,11,73,YES,84.93150684931507,15.068493150684931
2025,H0314,Joshua G. Cole,D,Public Safety,Derived from LIS bill summary,70,54,10,64,YES,84.375,15.625
2025,H0349,Jackie H. Glass,D,Public Safety,Derived from LIS bill summary,68,54,13,67,YES,80.59701492537313,19.402985074626866
2025,H0358,"Mark L. Earley, Jr.",R,Public Safety,Derived from LIS bill summary,80,62,18,80,YES,77.5,22.5
2025,H0262,"James A. ""Jay"" Leftwich",R,Public Safety,Derived from LIS bill summary,83,62,20,82,YES,75.60975609756098,24.390243902439025
2025,H0315,Carrie E. Coyner,R,Public Safety,Derived from LIS bill summary,94,60,20,80,YES,75.0,25.0
2025,H0150,"Daniel W. Marshall, III",R,Public Safety,Derived from LIS bill summary,85,17,6,23,YES,73.91304347826086,26.08695652173913
2025,H0337,A.C. Cordoza,R,Public Safety,Derived from LIS bill summary,110,79,31,110,YES,71.81818181818181,28.18181818181818
2025,H0348,Wren M. Williams,R,Public Safety,Derived from LIS bill summary,103,73,29,102,YES,71.56862745098039,28.431372549019606
2025,H0073,"Robert D. Orrock, Sr.",R,Public Safety,Derived from LIS bill summary,68,45,20,65,YES,69.23076923076923,30.76923076923077
2025,H0363,W. Chad Green,R,Public Safety,Derived from LIS bill summary,68,46,22,68,YES,67.64705882352942,32.35294117647059
2025,H0238,M. Keith Hodges,R,Public Safety,Derived from LIS bill summary,83,56,27,83,YES,67.46987951807229,32.53012048192771
2025,H0350,Ellen H. Campbell,R,Public Safety,Derived from LIS bill summary,80,52,26,78,YES,66.66666666666666,33.33333333333333
2025,H0335,Mike A. Cherry,R,Public Safety,Derived from LIS bill summary,71,46,23,69,YES,66.66666666666666,33.33333333333333
2025,H0359,N. Baxter Ennis,R,Public Safety,Derived from LIS bill summary,82,53,27,80,YES,66.25,33.75
2025,H0056,Terry G. Kilgore,R,Public Safety,Derived from LIS bill summary,90,58,30,88,YES,65.9090909090909,34.090909090909086
2025,H0242,Israel D. O'Quinn,R,Public Safety,Derived from LIS bill summary,75,47,25,72,YES,65.27777777777779,34.72222222222222
2025,H0357,Will Davis,R,Public Safety,Derived from LIS bill summary,80,52,28,80,YES,65.0,35.0
2025,H0337,A.C. Cordoza,R,Social Services,Derived from LIS bill description,1,1,0,1,INSUFFICIENT DATA,100.0,0.0
2025,H0375,Adele Y. McClure,D,Social Services,Derived from LIS bill description,1,1,0,1,INSUFFICIENT DATA,100.0,0.0
2025,H0311,Alex Q. Askew,D,Social Services,Derived from LIS bill description,1,1,0,1,INSUFFICIENT DATA,100.0,0.0
2025,H0239,Alfonso H. Lopez,D,Social Services,Derived from LIS bill description,1,1,0,1,INSUFFICIENT DATA,100.0,0.0
2025,H0371,Amy J. Laufer,D,Social Services,Derived from LIS bill description,1,1,0,1,INSUFFICIENT DATA,100.0,0.0
2025,H0345,Anne Ferrell Tata,R,Social Services,Derived from LIS bill description,1,1,0,1,INSUFFICIENT DATA,100.0,0.0
2025,H0380,Atoosa R. Reaser,D,Social Services,Derived from LIS bill description,1,1,0,1,INSUFFICIENT DATA,100.0,0.0
2025,H0212,Betsy B. Carr,D,Social Services,Derived from LIS bill description,2,1,0,1,INSUFFICIENT DATA,100.0,0.0
2025,H0353,Bonita G. Anthony,D,Social Services,Derived from LIS bill description,1,1,0,1,INSUFFICIENT DATA,100.0,0.0
2025,H0343,Briana D. Sewell,D,Social Services,Derived from LIS bill description,1,1,0,1,INSUFFICIENT DATA,100.0,0.0
2025,H0285,"C.E. Cliff Hayes, Jr.",D,Social Services,Derived from LIS bill description,2,1,0,1,INSUFFICIENT DATA,100.0,0.0
2025,H0330,Candi Mundon King,D,Social Services,Derived from LIS bill description,1,1,0,1,INSUFFICIENT DATA,100.0,0.0
2025,H0315,Carrie E. Coyner,R,Social Services,Derived from LIS bill description,2,1,0,1,INSUFFICIENT DATA,100.0,0.0
2025,H0208,Charniele L. Herring,D,Social Services,Derived from LIS bill description,2,2,0,2,INSUFFICIENT DATA,100.0,0.0
2025,H0378,Chris Obenshain,R,Social Services,Derived from LIS bill description,1,1,0,1,INSUFFICIENT DATA,100.0,0.0
2025,H0317,Dan I. Helmer,D,Social Services,Derived from LIS bill description,2,2,0,2,INSUFFICIENT DATA,100.0,0.0
2025,H0301,David A. Reid,D,Social Services,Derived from LIS bill description,1,1,0,1,INSUFFICIENT DATA,100.0,0.0
2025,H0177,David L. Bulova,D,Social Services,Derived from LIS bill description,1,1,0,1,INSUFFICIENT DATA,100.0,0.0
2025,H0379,David Owen,R,Social Services,Derived from LIS bill description,1,1,0,1,INSUFFICIENT DATA,100.0,0.0
2025,H0361,Debra D. Gardner,D,Social Services,Derived from LIS bill description,1,1,0,1,INSUFFICIENT DATA,100.0,0.0
2025,H0207,Delores L. McQuinn,D,Social Services,Derived from LIS bill description,1,1,0,1,INSUFFICIENT DATA,100.0,0.0
2025,H0372,Destiny LeVere Bolling,D,Social Services,Derived from LIS bill description,1,1,0,1,INSUFFICIENT DATA,100.0,0.0
2025,H0322,Don Scott,D,Social Services,Derived from LIS bill description,2,2,0,2,INSUFFICIENT DATA,100.0,0.0
2025,H0334,Elizabeth B. Bennett-Parker,D,Social Services,Derived from LIS bill description,1,1,0,1,INSUFFICIENT DATA,100.0,0.0
2025,H0350,Ellen H. Campbell,R,Social Services,Derived from LIS bill description,1,1,0,1,INSUFFICIENT DATA,100.0,0.0
2025,H0367,Geary Higgins,R,Social Services,Derived from LIS bill description,1,1,0,1,INSUFFICIENT DATA,100.0,0.0
2025,H0347,"H. Otto Wachsmann, Jr.",R,Social Services,Derived from LIS bill description,1,1,0,1,INSUFFICIENT DATA,100.0,0.0
2025,H0369,Hillary Pugh Kent,R,Social Services,Derived from LIS bill description,1,1,0,1,INSUFFICIENT DATA,100.0,0.0
2025,H0351,Holly M. Seibold,D,Social Services,Derived from LIS bill description,1,1,0,1,INSUFFICIENT DATA,100.0,0.0
2025,H0373,Ian T. Lovejoy,R,Social Services,Derived from LIS bill description,1,1,0,1,INSUFFICIENT DATA,100.0,0.0
2025,H0344,Irene Shin,D,Social Services,Derived from LIS bill description,1,1,0,1,INSUFFICIENT DATA,100.0,0.0
2025,H0385,JJ Singh,D,Social Services,Derived from LIS bill description,1,1,0,1,INSUFFICIENT DATA,100.0,0.0
2025,H0349,Jackie H. Glass,D,Social Services,Derived from LIS bill description,1,1,0,1,INSUFFICIENT DATA,100.0,0.0
2025,H0224,James W. Morefield,R,Social Services,Derived from LIS bill description,1,1,0,1,INSUFFICIENT DATA,100.0,0.0
2025,H0173,Jeion A. Ward,D,Social Services,Derived from LIS bill description,2,2,0,2,INSUFFICIENT DATA,100.0,0.0
2025,H0382,Joshua E. Thomas,D,Social Services,Derived from LIS bill description,1,1,0,1,INSUFFICIENT DATA,100.0,0.0
2025,H0314,Joshua G. Cole,D,Social Services,Derived from LIS bill description,1,1,0,1,INSUFFICIENT DATA,100.0,0.0
2025,H0370,Karen Keys-Gamarra,D,Social Services,Derived from LIS bill description,1,1,0,1,INSUFFICIENT DATA,100.0,0.0
2025,H0294,Karrie K. Delaney,D,Social Services,Derived from LIS bill description,1,1,0,1,INSUFFICIENT DATA,100.0,0.0
2025,H0305,Kathy K.L. Tran,D,Social Services,Derived from LIS bill description,2,2,0,2,INSUFFICIENT DATA,100.0,0.0
2025,H0354,Katrina Callsen,D,Social Services,Derived from LIS bill description,1,1,0,1,INSUFFICIENT DATA,100.0,0.0
2025,H0295,Kelly K. Convirs-Fowler,D,Social Services,Derived from LIS bill description,1,1,0,1,INSUFFICIENT DATA,100.0,0.0
2025,H0346,Kim A. Taylor,R,Social Services,Derived from LIS bill description,1,1,0,1,INSUFFICIENT DATA,100.0,0.0
2025,H0355,Laura Jane Cohen,D,Social Services,Derived from LIS bill description,1,1,0,1,INSUFFICIENT DATA,100.0,0.0
2025,H0227,Luke E. Torian,D,Social Services,Derived from LIS bill description,2,2,0,2,INSUFFICIENT DATA,100.0,0.0
2025,H0284,"Marcia S. ""Cia"" Price",D,Social Services,Derived from LIS bill description,1,1,0,1,INSUFFICIENT DATA,100.0,0.0
2025,H0264,Marcus B. Simon,D,Social Services,Derived from LIS bill description,2,1,0,1,INSUFFICIENT DATA,100.0,0.0
2025,H0172,Mark D. Sickles,D,Social Services,Derived from LIS bill description,2,2,0,2,INSUFFICIENT DATA,100.0,0.0
2025,H0374,Marty Martinez,D,Social Services,Derived from LIS bill description,1,1,0,1,INSUFFICIENT DATA,100.0,0.0
2025,H0360,Michael B. Feggans,D,Social Services,Derived from LIS bill description,1,1,0,1,INSUFFICIENT DATA,100.0,0.0
2025,H0368,Michael J. Jones,D,Social Services,Derived from LIS bill description,1,1,0,1,INSUFFICIENT DATA,100.0,0.0
2025,H0340,Michelle Lopes Maldonado,D,Social Services,Derived from LIS bill description,1,1,0,1,INSUFFICIENT DATA,100.0,0.0
2025,H0336,Nadarius E. Clark,D,Social Services,Derived from LIS bill description,1,1,0,1,INSUFFICIENT DATA,100.0,0.0
2025,H0219,Patrick A. Hope,D,Social Services,Derived from LIS bill description,1,1,0,1,INSUFFICIENT DATA,100.0,0.0
2025,H0281,Paul E. Krizek,D,Social Services,Derived from LIS bill description,1,1,0,1,INSUFFICIENT DATA,100.0,0.0
2025,H0366,Phil M. Hernandez,D,Social Services,Derived from LIS bill description,1,1,0,1,INSUFFICIENT DATA,100.0,0.0
2025,H0356,Rae Cousins,D,Social Services,Derived from LIS bill description,1,1,0,1,INSUFFICIENT DATA,100.0,0.0
2025,H0269,"Richard C. ""Rip"" Sullivan, Jr.",D,Social Services,Derived from LIS bill description,2,2,0,2,INSUFFICIENT DATA,100.0,0.0
2025,H0267,"Robert S. Bloxom, Jr.",R,Social Services,Derived from LIS bill description,1,1,0,1,INSUFFICIENT DATA,100.0,0.0
2025,H0327,Rodney T. Willett,D,Social Services,Derived from LIS bill description,1,1,0,1,INSUFFICIENT DATA,100.0,0.0
2025,H0365,"Rozia A. Henson, Jr.",D,Social Services,Derived from LIS bill description,1,1,0,1,INSUFFICIENT DATA,100.0,0.0
2025,H0266,Sam Rasoul,D,Social Services,Derived from LIS bill description,1,1,0,1,INSUFFICIENT DATA,100.0,0.0
2025,H0323,Shelly A. Simonds,D,Social Services,Derived from LIS bill description,1,1,0,1,INSUFFICIENT DATA,100.0,0.0
2025,H0056,Terry G. Kilgore,R,Social Services,Derived from LIS bill description,2,1,0,1,INSUFFICIENT DATA,100.0,0.0
2025,H0108,Vivian E. Watts,D,Social Services,Derived from LIS bill description,2,2,0,2,INSUFFICIENT DATA,100.0,0.0
2025,H0150,"Daniel W. Marshall, III",R,Social Services,Derived from LIS bill summary,42,5,4,9,INSUFFICIENT DATA,55.55555555555556,44.44444444444444
2025,H0247,Michael J. Webert,R,Social Services,Derived from LIS bill description,2,1,1,2,INSUFFICIENT DATA,50.0,50.0
2025,H0313,Amanda E. Batten,R,Social Services,Derived from LIS bill description,1,0,1,1,INSUFFICIENT DATA,0.0,100.0
2025,H0206,Barry D. Knight,R,Social Services,Derived from LIS bill description,1,0,0,0,INSUFFICIENT DATA,0.0,0.0
2025,H0329,Bill Wiley,R,Social Services,Derived from LIS bill description,1,0,1,1,INSUFFICIENT DATA,0.0,100.0
2025,H0181,C. Todd Gilbert,R,Social Services,Derived from LIS bill description,2,0,2,2,INSUFFICIENT DATA,0.0,100.0
2025,H0321,Chris S. Runion,R,Social Services,Derived from LIS bill description,1,0,1,1,INSUFFICIENT DATA,0.0,100.0
2025,H0150,"Daniel W. Marshall, III",R,Social Services,Derived from LIS bill description,1,0,0,0,INSUFFICIENT DATA,0.0,0.0
2025,H0377,Delores Oates,R,Social Services,Derived from LIS bill description,1,0,1,1,INSUFFICIENT DATA,0.0,100.0
2025,H0384,Eric Phillips,R,Social Services,Derived from LIS bill description,1,0,0,0,INSUFFICIENT DATA,0.0,0.0
2025,H0383,Eric R. Zehr,R,Social Services,Derived from LIS bill description,1,0,1,1,INSUFFICIENT DATA,0.0,100.0
2025,H0259,"Hyland F. ""Buddy"" Fowler, Jr.",R,Social Services,Derived from LIS bill description,1,0,1,1,INSUFFICIENT DATA,0.0,100.0
2025,H0242,Israel D. O'Quinn,R,Social Services,Derived from LIS bill description,2,0,1,1,INSUFFICIENT DATA,0.0,100.0
2025,H0262,"James A. ""Jay"" Leftwich",R,Social Services,Derived from LIS bill description,1,0,1,1,INSUFFICIENT DATA,0.0,100.0
2025,H0333,Jason S. Ballard,R,Social Services,Derived from LIS bill description,1,0,1,1,INSUFFICIENT DATA,0.0,100.0
2025,H0352,"Jonathan ""Jed"" Arnold",R,Social Services,Derived from LIS bill description,1,0,1,1,INSUFFICIENT DATA,0.0,100.0
2025,H0308,Joseph P. McNamara,R,Social Services,Derived from LIS bill description,1,0,1,1,INSUFFICIENT DATA,0.0,100.0
2025,H0238,M. Keith Hodges,R,Social Services,Derived from LIS bill description,1,0,1,1,INSUFFICIENT DATA,0.0,100.0
2025,H0358,"Mark L. Earley, Jr.",R,Social Services,Derived from LIS bill description,1,0,1,1,INSUFFICIENT DATA,0.0,100.0
2025,H0335,Mike A. Cherry,R,Social Services,Derived from LIS bill description,1,0,1,1,INSUFFICIENT DATA,0.0,100.0
2025,H0359,N. Baxter Ennis,R,Social Services,Derived from LIS bill description,1,0,1,1,INSUFFICIENT DATA,0.0,100.0
2025,H0279,Nicholas J. Freitas,R,Social Services,Derived from LIS bill description,1,0,1,1,INSUFFICIENT DATA,0.0,100.0
2025,H0376,Paul V. Milde,R,Social Services,Derived from LIS bill description,1,0,1,1,INSUFFICIENT DATA,0.0,100.0
2025,H0342,Phillip A. Scott,R,Social Services,Derived from LIS bill description,1,0,1,1,INSUFFICIENT DATA,0.0,100.0
2025,H0124,R. Lee Ware,R,Social Services,Derived from LIS bill description,1,0,0,0,INSUFFICIENT DATA,0.0,0.0
2025,H0073,"Robert D. Orrock, Sr.",R,Social Services,Derived from LIS bill description,1,0,1,1,INSUFFICIENT DATA,0.0,100.0
2025,H0328,Scott A. Wyatt,R,Social Services,Derived from LIS bill description,1,0,1,1,INSUFFICIENT DATA,0.0,100.0
2025,H0253,Terry L. Austin,R,Social Services,Derived from LIS bill description,2,0,2,2,INSUFFICIENT DATA,0.0,100.0
2025,H0362,"Thomas A. Garrett, Jr.",R,Social Services,Derived from LIS bill description,1,0,1,1,INSUFFICIENT DATA,0.0,100.0
2025,H0136,"Thomas C. Wright, Jr.",R,Social Services,Derived from LIS bill description,1,0,1,1,INSUFFICIENT DATA,0.0,100.0
2025,H0364,Timothy P. Griffin,R,Social Services,Derived from LIS bill description,1,0,1,1,INSUFFICIENT DATA,0.0,100.0
2025,H0231,Tony O. Wilt,R,Social Services,Derived from LIS bill description,1,0,1,1,INSUFFICIENT DATA,0.0,100.0
2025,H0363,W. Chad Green,R,Social Services,Derived from LIS bill description,1,0,1,1,INSUFFICIENT DATA,0.0,100.0
2025,H0325,Wendell S. Walker,R,Social Services,Derived from LIS bill description,1,0,1,1,INSUFFICIENT DATA,0.0,100.0
2025,H0357,Will Davis,R,Social Services,Derived from LIS bill description,1,0,1,1,INSUFFICIENT DATA,0.0,100.0
2025,H0348,Wren M. Williams,R,Social Services,Derived from LIS bill description,1,0,1,1,INSUFFICIENT DATA,0.0,100.0
2025,H0377,Delores Oates,R,Social Services,Derived from LIS bill summary,35,21,13,34,MIXED,61.76470588235294,38.23529411764706
2025,H0364,Timothy P. Griffin,R,Social Services,Derived from LIS bill summary,34,21,13,34,MIXED,61.76470588235294,38.23529411764706
2025,H0136,"Thomas C. Wright, Jr.",R,Social Services,Derived from LIS bill summary,33,18,12,30,MIXED,60.0,40.0
2025,H0348,Wren M. Williams,R,Social Services,Derived from LIS bill summary,42,25,17,42,MIXED,59.523809523809526,40.476190476190474
2025,H0342,Phillip A. Scott,R,Social Services,Derived from LIS bill summary,50,29,20,49,MIXED,59.183673469387756,40.816326530612244
2025,H0181,C. Todd Gilbert,R,Social Services,Derived from LIS bill summary,36,20,15,35,MIXED,57.14285714285714,42.857142857142854
2025,H0383,Eric R. Zehr,R,Social Services,Derived from LIS bill summary,42,24,18,42,MIXED,57.14285714285714,42.857142857142854
2025,H0362,"Thomas A. Garrett, Jr.",R,Social Services,Derived from LIS bill summary,41,21,17,38,MIXED,55.26315789473685,44.73684210526316
2025,H0279,Nicholas J. Freitas,R,Social Services,Derived from LIS bill summary,42,22,18,40,MIXED,55.00000000000001,45.0
2025,H0368,Michael J. Jones,D,Social Services,Derived from LIS bill summary,35,30,0,30,YES,100.0,0.0
2025,H0305,Kathy K.L. Tran,D,Social Services,Derived from LIS bill summary,56,55,1,56,YES,98.21428571428571,1.7857142857142856
2025,H0365,"Rozia A. Henson, Jr.",D,Social Services,Derived from LIS bill summary,54,53,1,54,YES,98.14814814814815,1.8518518518518516
2025,H0311,Alex Q. Askew,D,Social Services,Derived from LIS bill summary,53,52,1,53,YES,98.11320754716981,1.8867924528301887
2025,H0172,Mark D. Sickles,D,Social Services,Derived from LIS bill summary,65,52,1,53,YES,98.11320754716981,1.8867924528301887
2025,H0266,Sam Rasoul,D,Social Services,Derived from LIS bill summary,60,52,1,53,YES,98.11320754716981,1.8867924528301887
2025,H0380,Atoosa R. Reaser,D,Social Services,Derived from LIS bill summary,52,51,1,52,YES,98.07692307692307,1.9230769230769231
2025,H0343,Briana D. Sewell,D,Social Services,Derived from LIS bill summary,52,51,1,52,YES,98.07692307692307,1.9230769230769231
2025,H0361,Debra D. Gardner,D,Social Services,Derived from LIS bill summary,54,51,1,52,YES,98.07692307692307,1.9230769230769231
2025,H0356,Rae Cousins,D,Social Services,Derived from LIS bill summary,52,51,1,52,YES,98.07692307692307,1.9230769230769231
2025,H0219,Patrick A. Hope,D,Social Services,Derived from LIS bill summary,53,50,1,51,YES,98.0392156862745,1.9607843137254901
2025,H0315,Carrie E. Coyner,R,Social Services,Derived from LIS bill summary,55,49,1,50,YES,98.0,2.0
2025,H0385,JJ Singh,D,Social Services,Derived from LIS bill summary,54,47,1,48,YES,97.91666666666666,2.083333333333333
2025,H0327,Rodney T. Willett,D,Social Services,Derived from LIS bill summary,48,47,1,48,YES,97.91666666666666,2.083333333333333
2025,H0382,Joshua E. Thomas,D,Social Services,Derived from LIS bill summary,47,46,1,47,YES,97.87234042553192,2.127659574468085
2025,H0264,Marcus B. Simon,D,Social Services,Derived from LIS bill summary,48,45,1,46,YES,97.82608695652173,2.1739130434782608
2025,H0212,Betsy B. Carr,D,Social Services,Derived from LIS bill summary,45,44,1,45,YES,97.77777777777777,2.2222222222222223
2025,H0285,"C.E. Cliff Hayes, Jr.",D,Social Services,Derived from LIS bill summary,51,44,1,45,YES,97.77777777777777,2.2222222222222223
2025,H0208,Charniele L. Herring,D,Social Services,Derived from LIS bill summary,45,44,1,45,YES,97.77777777777777,2.2222222222222223
2025,H0372,Destiny LeVere Bolling,D,Social Services,Derived from LIS bill summary,45,43,1,44,YES,97.72727272727273,2.272727272727273
2025,H0355,Laura Jane Cohen,D,Social Services,Derived from LIS bill summary,45,43,1,44,YES,97.72727272727273,2.272727272727273
2025,H0281,Paul E. Krizek,D,Social Services,Derived from LIS bill summary,44,43,1,44,YES,97.72727272727273,2.272727272727273
2025,H0269,"Richard C. ""Rip"" Sullivan, Jr.",D,Social Services,Derived from LIS bill summary,46,43,1,44,YES,97.72727272727273,2.272727272727273
2025,H0323,Shelly A. Simonds,D,Social Services,Derived from LIS bill summary,44,43,1,44,YES,97.72727272727273,2.272727272727273
2025,H0207,Delores L. McQuinn,D,Social Services,Derived from LIS bill summary,51,42,1,43,YES,97.67441860465115,2.3255813953488373
2025,H0295,Kelly K. Convirs-Fowler,D,Social Services,Derived from LIS bill summary,43,42,1,43,YES,97.67441860465115,2.3255813953488373
2025,H0284,"Marcia S. ""Cia"" Price",D,Social Services,Derived from LIS bill summary,43,42,1,43,YES,97.67441860465115,2.3255813953488373
2025,H0177,David L. Bulova,D,Social Services,Derived from LIS bill summary,42,41,1,42,YES,97.61904761904762,2.380952380952381
2025,H0336,Nadarius E. Clark,D,Social Services,Derived from LIS bill summary,43,41,1,42,YES,97.61904761904762,2.380952380952381
2025,H0371,Amy J. Laufer,D,Social Services,Derived from LIS bill summary,41,40,1,41,YES,97.5609756097561,2.4390243902439024
2025,H0314,Joshua G. Cole,D,Social Services,Derived from LIS bill summary,43,40,1,41,YES,97.5609756097561,2.4390243902439024
2025,H0294,Karrie K. Delaney,D,Social Services,Derived from LIS bill summary,41,40,1,41,YES,97.5609756097561,2.4390243902439024
2025,H0108,Vivian E. Watts,D,Social Services,Derived from LIS bill summary,41,40,1,41,YES,97.5609756097561,2.4390243902439024
2025,H0301,David A. Reid,D,Social Services,Derived from LIS bill summary,40,39,1,40,YES,97.5,2.5
2025,H0227,Luke E. Torian,D,Social Services,Derived from LIS bill summary,47,39,1,40,YES,97.5,2.5
2025,H0330,Candi Mundon King,D,Social Services,Derived from LIS bill summary,39,38,1,39,YES,97.43589743589743,2.564102564102564
2025,H0351,Holly M. Seibold,D,Social Services,Derived from LIS bill summary,38,37,1,38,YES,97.36842105263158,2.631578947368421
2025,H0354,Katrina Callsen,D,Social Services,Derived from LIS bill summary,38,37,1,38,YES,97.36842105263158,2.631578947368421
2025,H0340,Michelle Lopes Maldonado,D,Social Services,Derived from LIS bill summary,39,37,1,38,YES,97.36842105263158,2.631578947368421
2025,H0366,Phil M. Hernandez,D,Social Services,Derived from LIS bill summary,38,37,1,38,YES,97.36842105263158,2.631578947368421
2025,H0375,Adele Y. McClure,D,Social Services,Derived from LIS bill summary,37,36,1,37,YES,97.2972972972973,2.7027027027027026
2025,H0239,Alfonso H. Lopez,D,Social Services,Derived from LIS bill summary,37,36,1,37,YES,97.2972972972973,2.7027027027027026
2025,H0317,Dan I. Helmer,D,Social Services,Derived from LIS bill summary,37,36,1,37,YES,97.2972972972973,2.7027027027027026
2025,H0173,Jeion A. Ward,D,Social Services,Derived from LIS bill summary,38,36,1,37,YES,97.2972972972973,2.7027027027027026
2025,H0360,Michael B. Feggans,D,Social Services,Derived from LIS bill summary,37,36,1,37,YES,97.2972972972973,2.7027027027027026
2025,H0353,Bonita G. Anthony,D,Social Services,Derived from LIS bill summary,35,34,1,35,YES,97.14285714285714,2.857142857142857
2025,H0334,Elizabeth B. Bennett-Parker,D,Social Services,Derived from LIS bill summary,35,34,1,35,YES,97.14285714285714,2.857142857142857
2025,H0322,Don Scott,D,Social Services,Derived from LIS bill summary,34,33,1,34,YES,97.05882352941177,2.941176470588235
2025,H0349,Jackie H. Glass,D,Social Services,Derived from LIS bill summary,34,33,1,34,YES,97.05882352941177,2.941176470588235
2025,H0374,Marty Martinez,D,Social Services,Derived from LIS bill summary,33,31,1,32,YES,96.875,3.125
2025,H0344,Irene Shin,D,Social Services,Derived from LIS bill summary,56,54,2,56,YES,96.42857142857143,3.571428571428571
2025,H0358,"Mark L. Earley, Jr.",R,Social Services,Derived from LIS bill summary,38,35,2,37,YES,94.5945945945946,5.405405405405405
2025,H0359,N. Baxter Ennis,R,Social Services,Derived from LIS bill summary,53,50,3,53,YES,94.33962264150944,5.660377358490567
2025,H0370,Karen Keys-Gamarra,D,Social Services,Derived from LIS bill summary,42,39,3,42,YES,92.85714285714286,7.142857142857142
2025,H0367,Geary Higgins,R,Social Services,Derived from LIS bill summary,54,50,4,54,YES,92.5925925925926,7.4074074074074066
2025,H0267,"Robert S. Bloxom, Jr.",R,Social Services,Derived from LIS bill summary,40,37,3,40,YES,92.5,7.5
2025,H0384,Eric Phillips,R,Social Services,Derived from LIS bill summary,35,31,4,35,YES,88.57142857142857,11.428571428571429
2025,H0347,"H. Otto Wachsmann, Jr.",R,Social Services,Derived from LIS bill summary,42,37,5,42,YES,88.09523809523809,11.904761904761903
2025,H0337,A.C. Cordoza,R,Social Services,Derived from LIS bill summary,40,35,5,40,YES,87.5,12.5
2025,H0224,James W. Morefield,R,Social Services,Derived from LIS bill summary,39,32,5,37,YES,86.48648648648648,13.513513513513514
2025,H0379,David Owen,R,Social Services,Derived from LIS bill summary,44,38,6,44,YES,86.36363636363636,13.636363636363635
2025,H0350,Ellen H. Campbell,R,Social Services,Derived from LIS bill summary,44,36,6,42,YES,85.71428571428571,14.285714285714285
2025,H0056,Terry G. Kilgore,R,Social Services,Derived from LIS bill summary,44,36,6,42,YES,85.71428571428571,14.285714285714285
2025,H0346,Kim A. Taylor,R,Social Services,Derived from LIS bill summary,44,35,6,41,YES,85.36585365853658,14.634146341463413
2025,H0378,Chris Obenshain,R,Social Services,Derived from LIS bill summary,40,34,6,40,YES,85.0,15.0
2025,H0335,Mike A. Cherry,R,Social Services,Derived from LIS bill summary,52,43,8,51,YES,84.31372549019608,15.686274509803921
2025,H0345,Anne Ferrell Tata,R,Social Services,Derived from LIS bill summary,48,40,8,48,YES,83.33333333333334,16.666666666666664
2025,H0073,"Robert D. Orrock, Sr.",R,Social Services,Derived from LIS bill summary,55,45,9,54,YES,83.33333333333334,16.666666666666664
2025,H0363,W. Chad Green,R,Social Services,Derived from LIS bill summary,43,35,8,43,YES,81.3953488372093,18.6046511627907
2025,H0253,Terry L. Austin,R,Social Services,Derived from LIS bill summary,42,34,8,42,YES,80.95238095238095,19.047619047619047
2025,H0242,Israel D. O'Quinn,R,Social Services,Derived from LIS bill summary,37,29,7,36,YES,80.55555555555556,19.444444444444446
2025,H0238,M. Keith Hodges,R,Social Services,Derived from LIS bill summary,50,40,10,50,YES,80.0,20.0
2025,H0325,Wendell S. Walker,R,Social Services,Derived from LIS bill summary,54,43,11,54,YES,79.62962962962963,20.37037037037037
2025,H0369,Hillary Pugh Kent,R,Social Services,Derived from LIS bill summary,33,26,7,33,YES,78.78787878787878,21.21212121212121
2025,H0308,Joseph P. McNamara,R,Social Services,Derived from LIS bill summary,35,27,8,35,YES,77.14285714285715,22.857142857142858
2025,H0333,Jason S. Ballard,R,Social Services,Derived from LIS bill summary,45,34,11,45,YES,75.55555555555556,24.444444444444443
2025,H0206,Barry D. Knight,R,Social Services,Derived from LIS bill summary,36,12,4,16,YES,75.0,25.0
2025,H0357,Will Davis,R,Social Services,Derived from LIS bill summary,38,28,10,38,YES,73.68421052631578,26.31578947368421
2025,H0373,Ian T. Lovejoy,R,Social Services,Derived from LIS bill summary,33,24,9,33,YES,72.72727272727273,27.27272727272727
2025,H0313,Amanda E. Batten,R,Social Services,Derived from LIS bill summary,51,37,14,51,YES,72.54901960784314,27.450980392156865
2025,H0352,"Jonathan ""Jed"" Arnold",R,Social Services,Derived from LIS bill summary,39,27,11,38,YES,71.05263157894737,28.947368421052634
2025,H0329,Bill Wiley,R,Social Services,Derived from LIS bill summary,40,28,12,40,YES,70.0,30.0
2025,H0262,"James A. ""Jay"" Leftwich",R,Social Services,Derived from LIS bill summary,43,30,13,43,YES,69.76744186046511,30.23255813953488
2025,H0376,Paul V. Milde,R,Social Services,Derived from LIS bill summary,34,23,10,33,YES,69.6969696969697,30.303030303030305
2025,H0247,Michael J. Webert,R,Social Services,Derived from LIS bill summary,38,25,11,36,YES,69.44444444444444,30.555555555555557
2025,H0328,Scott A. Wyatt,R,Social Services,Derived from LIS bill summary,40,27,12,39,YES,69.23076923076923,30.76923076923077
2025,H0259,"Hyland F. ""Buddy"" Fowler, Jr.",R,Social Services,Derived from LIS bill summary,34,22,10,32,YES,68.75,31.25
2025,H0321,Chris S. Runion,R,Social Services,Derived from LIS bill summary,35,23,11,34,YES,67.64705882352942,32.35294117647059
2025,H0124,R. Lee Ware,R,Social Services,Derived from LIS bill summary,33,22,11,33,YES,66.66666666666666,33.33333333333333
2025,H0231,Tony O. Wilt,R,Social Services,Derived from LIS bill summary,38,25,13,38,YES,65.78947368421053,34.21052631578947
2025,H0337,A.C. Cordoza,R,State Government,Derived from LIS bill description,7,7,0,7,INSUFFICIENT DATA,100.0,0.0
2025,H0313,Amanda E. Batten,R,State Government,Derived from LIS bill description,7,7,0,7,INSUFFICIENT DATA,100.0,0.0
2025,H0345,Anne Ferrell Tata,R,State Government,Derived from LIS bill description,7,7,0,7,INSUFFICIENT DATA,100.0,0.0
2025,H0329,Bill Wiley,R,State Government,Derived from LIS bill description,7,7,0,7,INSUFFICIENT DATA,100.0,0.0
2025,H0181,C. Todd Gilbert,R,State Government,Derived from LIS bill description,11,7,0,7,INSUFFICIENT DATA,100.0,0.0
2025,H0378,Chris Obenshain,R,State Government,Derived from LIS bill description,7,7,0,7,INSUFFICIENT DATA,100.0,0.0
2025,H0321,Chris S. Runion,R,State Government,Derived from LIS bill description,7,7,0,7,INSUFFICIENT DATA,100.0,0.0
2025,H0379,David Owen,R,State Government,Derived from LIS bill description,7,7,0,7,INSUFFICIENT DATA,100.0,0.0
2025,H0377,Delores Oates,R,State Government,Derived from LIS bill description,7,7,0,7,INSUFFICIENT DATA,100.0,0.0
2025,H0372,Destiny LeVere Bolling,D,State Government,Derived from LIS bill description,11,4,0,4,INSUFFICIENT DATA,100.0,0.0
2025,H0350,Ellen H. Campbell,R,State Government,Derived from LIS bill description,7,7,0,7,INSUFFICIENT DATA,100.0,0.0
2025,H0383,Eric R. Zehr,R,State Government,Derived from LIS bill description,7,7,0,7,INSUFFICIENT DATA,100.0,0.0
2025,H0367,Geary Higgins,R,State Government,Derived from LIS bill description,7,7,0,7,INSUFFICIENT DATA,100.0,0.0
2025,H0369,Hillary Pugh Kent,R,State Government,Derived from LIS bill description,7,5,0,5,INSUFFICIENT DATA,100.0,0.0
2025,H0259,"Hyland F. ""Buddy"" Fowler, Jr.",R,State Government,Derived from LIS bill description,7,7,0,7,INSUFFICIENT DATA,100.0,0.0
2025,H0373,Ian T. Lovejoy,R,State Government,Derived from LIS bill description,7,7,0,7,INSUFFICIENT DATA,100.0,0.0
2025,H0224,James W. Morefield,R,State Government,Derived from LIS bill description,7,7,0,7,INSUFFICIENT DATA,100.0,0.0
2025,H0333,Jason S. Ballard,R,State Government,Derived from LIS bill description,7,7,0,7,INSUFFICIENT DATA,100.0,0.0
2025,H0352,"Jonathan ""Jed"" Arnold",R,State Government,Derived from LIS bill description,7,7,0,7,INSUFFICIENT DATA,100.0,0.0
2025,H0308,Joseph P. McNamara,R,State Government,Derived from LIS bill description,7,7,0,7,INSUFFICIENT DATA,100.0,0.0
2025,H0346,Kim A. Taylor,R,State Government,Derived from LIS bill description,7,7,0,7,INSUFFICIENT DATA,100.0,0.0
2025,H0238,M. Keith Hodges,R,State Government,Derived from LIS bill description,7,7,0,7,INSUFFICIENT DATA,100.0,0.0
2025,H0358,"Mark L. Earley, Jr.",R,State Government,Derived from LIS bill description,7,7,0,7,INSUFFICIENT DATA,100.0,0.0
2025,H0247,Michael J. Webert,R,State Government,Derived from LIS bill description,7,7,0,7,INSUFFICIENT DATA,100.0,0.0
2025,H0359,N. Baxter Ennis,R,State Government,Derived from LIS bill description,7,6,0,6,INSUFFICIENT DATA,100.0,0.0
2025,H0279,Nicholas J. Freitas,R,State Government,Derived from LIS bill description,7,7,0,7,INSUFFICIENT DATA,100.0,0.0
2025,H0124,R. Lee Ware,R,State Government,Derived from LIS bill description,7,7,0,7,INSUFFICIENT DATA,100.0,0.0
2025,H0073,"Robert D. Orrock, Sr.",R,State Government,Derived from LIS bill description,7,7,0,7,INSUFFICIENT DATA,100.0,0.0
2025,H0328,Scott A. Wyatt,R,State Government,Derived from LIS bill description,7,7,0,7,INSUFFICIENT DATA,100.0,0.0
2025,H0056,Terry G. Kilgore,R,State Government,Derived from LIS bill description,7,7,0,7,INSUFFICIENT DATA,100.0,0.0
2025,H0253,Terry L. Austin,R,State Government,Derived from LIS bill description,7,7,0,7,INSUFFICIENT DATA,100.0,0.0
2025,H0362,"Thomas A. Garrett, Jr.",R,State Government,Derived from LIS bill description,7,7,0,7,INSUFFICIENT DATA,100.0,0.0
2025,H0136,"Thomas C. Wright, Jr.",R,State Government,Derived from LIS bill description,7,7,0,7,INSUFFICIENT DATA,100.0,0.0
2025,H0364,Timothy P. Griffin,R,State Government,Derived from LIS bill description,7,7,0,7,INSUFFICIENT DATA,100.0,0.0
2025,H0231,Tony O. Wilt,R,State Government,Derived from LIS bill description,7,7,0,7,INSUFFICIENT DATA,100.0,0.0
2025,H0325,Wendell S. Walker,R,State Government,Derived from LIS bill description,7,7,0,7,INSUFFICIENT DATA,100.0,0.0
2025,H0357,Will Davis,R,State Government,Derived from LIS bill description,7,7,0,7,INSUFFICIENT DATA,100.0,0.0
2025,H0348,Wren M. Williams,R,State Government,Derived from LIS bill description,7,7,0,7,INSUFFICIENT DATA,100.0,0.0
2025,H0311,Alex Q. Askew,D,State Government,Derived from LIS bill description,7,4,3,7,INSUFFICIENT DATA,57.14285714285714,42.857142857142854
2025,H0239,Alfonso H. Lopez,D,State Government,Derived from LIS bill description,7,4,3,7,INSUFFICIENT DATA,57.14285714285714,42.857142857142854
2025,H0371,Amy J. Laufer,D,State Government,Derived from LIS bill description,7,4,3,7,INSUFFICIENT DATA,57.14285714285714,42.857142857142854
2025,H0380,Atoosa R. Reaser,D,State Government,Derived from LIS bill description,7,4,3,7,INSUFFICIENT DATA,57.14285714285714,42.857142857142854
2025,H0212,Betsy B. Carr,D,State Government,Derived from LIS bill description,7,4,3,7,INSUFFICIENT DATA,57.14285714285714,42.857142857142854
2025,H0343,Briana D. Sewell,D,State Government,Derived from LIS bill description,7,4,3,7,INSUFFICIENT DATA,57.14285714285714,42.857142857142854
2025,H0285,"C.E. Cliff Hayes, Jr.",D,State Government,Derived from LIS bill description,7,4,3,7,INSUFFICIENT DATA,57.14285714285714,42.857142857142854
2025,H0330,Candi Mundon King,D,State Government,Derived from LIS bill description,7,4,3,7,INSUFFICIENT DATA,57.14285714285714,42.857142857142854
2025,H0208,Charniele L. Herring,D,State Government,Derived from LIS bill description,7,4,3,7,INSUFFICIENT DATA,57.14285714285714,42.857142857142854
2025,H0317,Dan I. Helmer,D,State Government,Derived from LIS bill description,7,4,3,7,INSUFFICIENT DATA,57.14285714285714,42.857142857142854
2025,H0177,David L. Bulova,D,State Government,Derived from LIS bill description,7,4,3,7,INSUFFICIENT DATA,57.14285714285714,42.857142857142854
2025,H0361,Debra D. Gardner,D,State Government,Derived from LIS bill description,7,4,3,7,INSUFFICIENT DATA,57.14285714285714,42.857142857142854
2025,H0207,Delores L. McQuinn,D,State Government,Derived from LIS bill description,7,4,3,7,INSUFFICIENT DATA,57.14285714285714,42.857142857142854
2025,H0322,Don Scott,D,State Government,Derived from LIS bill description,7,4,3,7,INSUFFICIENT DATA,57.14285714285714,42.857142857142854
2025,H0334,Elizabeth B. Bennett-Parker,D,State Government,Derived from LIS bill description,7,4,3,7,INSUFFICIENT DATA,57.14285714285714,42.857142857142854
2025,H0351,Holly M. Seibold,D,State Government,Derived from LIS bill description,7,4,3,7,INSUFFICIENT DATA,57.14285714285714,42.857142857142854
2025,H0344,Irene Shin,D,State Government,Derived from LIS bill description,7,4,3,7,INSUFFICIENT DATA,57.14285714285714,42.857142857142854
2025,H0173,Jeion A. Ward,D,State Government,Derived from LIS bill description,7,4,3,7,INSUFFICIENT DATA,57.14285714285714,42.857142857142854
2025,H0382,Joshua E. Thomas,D,State Government,Derived from LIS bill description,7,4,3,7,INSUFFICIENT DATA,57.14285714285714,42.857142857142854
2025,H0370,Karen Keys-Gamarra,D,State Government,Derived from LIS bill description,7,4,3,7,INSUFFICIENT DATA,57.14285714285714,42.857142857142854
2025,H0305,Kathy K.L. Tran,D,State Government,Derived from LIS bill description,7,4,3,7,INSUFFICIENT DATA,57.14285714285714,42.857142857142854
2025,H0354,Katrina Callsen,D,State Government,Derived from LIS bill description,7,4,3,7,INSUFFICIENT DATA,57.14285714285714,42.857142857142854
2025,H0355,Laura Jane Cohen,D,State Government,Derived from LIS bill description,7,4,3,7,INSUFFICIENT DATA,57.14285714285714,42.857142857142854
2025,H0227,Luke E. Torian,D,State Government,Derived from LIS bill description,7,4,3,7,INSUFFICIENT DATA,57.14285714285714,42.857142857142854
2025,H0264,Marcus B. Simon,D,State Government,Derived from LIS bill description,7,4,3,7,INSUFFICIENT DATA,57.14285714285714,42.857142857142854
2025,H0374,Marty Martinez,D,State Government,Derived from LIS bill description,7,4,3,7,INSUFFICIENT DATA,57.14285714285714,42.857142857142854
2025,H0360,Michael B. Feggans,D,State Government,Derived from LIS bill description,7,4,3,7,INSUFFICIENT DATA,57.14285714285714,42.857142857142854
2025,H0368,Michael J. Jones,D,State Government,Derived from LIS bill description,7,4,3,7,INSUFFICIENT DATA,57.14285714285714,42.857142857142854
2025,H0336,Nadarius E. Clark,D,State Government,Derived from LIS bill description,7,4,3,7,INSUFFICIENT DATA,57.14285714285714,42.857142857142854
2025,H0219,Patrick A. Hope,D,State Government,Derived from LIS bill description,7,4,3,7,INSUFFICIENT DATA,57.14285714285714,42.857142857142854
2025,H0366,Phil M. Hernandez,D,State Government,Derived from LIS bill description,7,4,3,7,INSUFFICIENT DATA,57.14285714285714,42.857142857142854
2025,H0356,Rae Cousins,D,State Government,Derived from LIS bill description,7,4,3,7,INSUFFICIENT DATA,57.14285714285714,42.857142857142854
2025,H0269,"Richard C. ""Rip"" Sullivan, Jr.",D,State Government,Derived from LIS bill description,7,4,3,7,INSUFFICIENT DATA,57.14285714285714,42.857142857142854
2025,H0327,Rodney T. Willett,D,State Government,Derived from LIS bill description,7,4,3,7,INSUFFICIENT DATA,57.14285714285714,42.857142857142854
2025,H0266,Sam Rasoul,D,State Government,Derived from LIS bill description,7,4,3,7,INSUFFICIENT DATA,57.14285714285714,42.857142857142854
2025,H0323,Shelly A. Simonds,D,State Government,Derived from LIS bill description,7,4,3,7,INSUFFICIENT DATA,57.14285714285714,42.857142857142854
2025,H0108,Vivian E. Watts,D,State Government,Derived from LIS bill description,7,4,3,7,INSUFFICIENT DATA,57.14285714285714,42.857142857142854
2025,H0375,Adele Y. McClure,D,State Government,Derived from LIS bill description,7,0,0,0,INSUFFICIENT DATA,0.0,0.0
2025,H0206,Barry D. Knight,R,State Government,Derived from LIS bill description,7,0,0,0,INSUFFICIENT DATA,0.0,0.0
2025,H0315,Carrie E. Coyner,R,State Government,Derived from LIS bill description,7,0,0,0,INSUFFICIENT DATA,0.0,0.0
2025,H0150,"Daniel W. Marshall, III",R,State Government,Derived from LIS bill description,7,0,0,0,INSUFFICIENT DATA,0.0,0.0
2025,H0294,Karrie K. Delaney,D,State Government,Derived from LIS bill description,7,0,0,0,INSUFFICIENT DATA,0.0,0.0
2025,H0253,Terry L. Austin,R,State Government,Derived from LIS bill summary,53,34,19,53,MIXED,64.15094339622641,35.84905660377358
2025,H0224,James W. Morefield,R,State Government,Derived from LIS bill summary,48,30,18,48,MIXED,62.5,37.5
2025,H0379,David Owen,R,State Government,Derived from LIS bill summary,44,27,17,44,MIXED,61.36363636363637,38.63636363636363
2025,H0367,Geary Higgins,R,State Government,Derived from LIS bill summary,46,28,18,46,MIXED,60.86956521739131,39.130434782608695
2025,H0329,Bill Wiley,R,State Government,Derived from LIS bill summary,48,29,19,48,MIXED,60.416666666666664,39.58333333333333
2025,H0347,"H. Otto Wachsmann, Jr.",R,State Government,Derived from LIS bill summary,60,36,24,60,MIXED,60.0,40.0
2025,H0325,Wendell S. Walker,R,State Government,Derived from LIS bill summary,44,26,18,44,MIXED,59.09090909090909,40.909090909090914
2025,H0350,Ellen H. Campbell,R,State Government,Derived from LIS bill summary,52,29,21,50,MIXED,57.99999999999999,42.0
2025,H0376,Paul V. Milde,R,State Government,Derived from LIS bill summary,44,23,17,40,MIXED,57.49999999999999,42.5
2025,H0056,Terry G. Kilgore,R,State Government,Derived from LIS bill summary,44,21,17,38,MIXED,55.26315789473685,44.73684210526316
2025,H0345,Anne Ferrell Tata,R,State Government,Derived from LIS bill summary,49,27,22,49,MIXED,55.10204081632652,44.89795918367347
2025,H0328,Scott A. Wyatt,R,State Government,Derived from LIS bill summary,45,24,20,44,MIXED,54.54545454545454,45.45454545454545
2025,H0242,Israel D. O'Quinn,R,State Government,Derived from LIS bill summary,53,26,22,48,MIXED,54.166666666666664,45.83333333333333
2025,H0267,"Robert S. Bloxom, Jr.",R,State Government,Derived from LIS bill summary,63,34,29,63,MIXED,53.96825396825397,46.03174603174603
2025,H0335,Mike A. Cherry,R,State Government,Derived from LIS bill summary,55,29,25,54,MIXED,53.70370370370371,46.2962962962963
2025,H0384,Eric Phillips,R,State Government,Derived from LIS bill summary,46,23,21,44,MIXED,52.27272727272727,47.72727272727273
2025,H0373,Ian T. Lovejoy,R,State Government,Derived from LIS bill summary,33,17,16,33,MIXED,51.515151515151516,48.484848484848484
2025,H0358,"Mark L. Earley, Jr.",R,State Government,Derived from LIS bill summary,33,17,16,33,MIXED,51.515151515151516,48.484848484848484
2025,H0357,Will Davis,R,State Government,Derived from LIS bill summary,33,17,16,33,MIXED,51.515151515151516,48.484848484848484
2025,H0308,Joseph P. McNamara,R,State Government,Derived from LIS bill summary,39,20,19,39,MIXED,51.28205128205128,48.717948717948715
2025,H0181,C. Todd Gilbert,R,State Government,Derived from LIS bill summary,51,23,22,45,MIXED,51.11111111111111,48.888888888888886
2025,H0247,Michael J. Webert,R,State Government,Derived from LIS bill summary,45,23,22,45,MIXED,51.11111111111111,48.888888888888886
2025,H0259,"Hyland F. ""Buddy"" Fowler, Jr.",R,State Government,Derived from LIS bill summary,38,18,18,36,MIXED,50.0,50.0
2025,H0333,Jason S. Ballard,R,State Government,Derived from LIS bill summary,38,19,19,38,MIXED,50.0,50.0
2025,H0352,"Jonathan ""Jed"" Arnold",R,State Government,Derived from LIS bill summary,36,17,17,34,MIXED,50.0,50.0
2025,H0231,Tony O. Wilt,R,State Government,Derived from LIS bill summary,44,21,22,43,MIXED,48.837209302325576,51.162790697674424
2025,H0337,A.C. Cordoza,R,State Government,Derived from LIS bill summary,35,17,18,35,MIXED,48.57142857142857,51.42857142857142
2025,H0378,Chris Obenshain,R,State Government,Derived from LIS bill summary,35,17,18,35,MIXED,48.57142857142857,51.42857142857142
2025,H0262,"James A. ""Jay"" Leftwich",R,State Government,Derived from LIS bill summary,46,22,24,46,MIXED,47.82608695652174,52.17391304347826
2025,H0342,Phillip A. Scott,R,State Government,Derived from LIS bill summary,55,25,28,53,MIXED,47.16981132075472,52.83018867924528
2025,H0369,Hillary Pugh Kent,R,State Government,Derived from LIS bill summary,34,16,18,34,MIXED,47.05882352941176,52.94117647058824
2025,H0363,W. Chad Green,R,State Government,Derived from LIS bill summary,51,24,27,51,MIXED,47.05882352941176,52.94117647058824
2025,H0348,Wren M. Williams,R,State Government,Derived from LIS bill summary,37,17,20,37,MIXED,45.94594594594595,54.054054054054056
2025,H0321,Chris S. Runion,R,State Government,Derived from LIS bill summary,41,18,22,40,MIXED,45.0,55.00000000000001
2025,H0377,Delores Oates,R,State Government,Derived from LIS bill summary,37,15,22,37,MIXED,40.54054054054054,59.45945945945946
2025,H0124,R. Lee Ware,R,State Government,Derived from LIS bill summary,35,14,21,35,MIXED,40.0,60.0
2025,H0364,Timothy P. Griffin,R,State Government,Derived from LIS bill summary,33,13,20,33,MIXED,39.39393939393939,60.60606060606061
2025,H0136,"Thomas C. Wright, Jr.",R,State Government,Derived from LIS bill summary,35,12,19,31,MIXED,38.70967741935484,61.29032258064516
2025,H0313,Amanda E. Batten,R,State Government,Derived from LIS bill summary,40,15,24,39,MIXED,38.46153846153847,61.53846153846154
2025,H0279,Nicholas J. Freitas,R,State Government,Derived from LIS bill summary,36,13,21,34,MIXED,38.23529411764706,61.76470588235294
2025,H0383,Eric R. Zehr,R,State Government,Derived from LIS bill summary,37,14,23,37,MIXED,37.83783783783784,62.16216216216216
2025,H0362,"Thomas A. Garrett, Jr.",R,State Government,Derived from LIS bill summary,37,13,22,35,MIXED,37.142857142857146,62.857142857142854
2025,H0384,Eric Phillips,R,State Government,Derived from LIS bill description,11,11,0,11,YES,100.0,0.0
2025,H0347,"H. Otto Wachsmann, Jr.",R,State Government,Derived from LIS bill description,11,11,0,11,YES,100.0,0.0
2025,H0242,Israel D. O'Quinn,R,State Government,Derived from LIS bill description,11,11,0,11,YES,100.0,0.0
2025,H0262,"James A. ""Jay"" Leftwich",R,State Government,Derived from LIS bill description,11,11,0,11,YES,100.0,0.0
2025,H0335,Mike A. Cherry,R,State Government,Derived from LIS bill description,11,11,0,11,YES,100.0,0.0
2025,H0376,Paul V. Milde,R,State Government,Derived from LIS bill description,11,11,0,11,YES,100.0,0.0
2025,H0342,Phillip A. Scott,R,State Government,Derived from LIS bill description,11,11,0,11,YES,100.0,0.0
2025,H0267,"Robert S. Bloxom, Jr.",R,State Government,Derived from LIS bill description,11,11,0,11,YES,100.0,0.0
2025,H0363,W. Chad Green,R,State Government,Derived from LIS bill description,11,11,0,11,YES,100.0,0.0
2025,H0266,Sam Rasoul,D,State Government,Derived from LIS bill summary,56,48,2,50,YES,96.0,4.0
2025,H0172,Mark D. Sickles,D,State Government,Derived from LIS bill summary,81,68,3,71,YES,95.77464788732394,4.225352112676056
2025,H0284,"Marcia S. ""Cia"" Price",D,State Government,Derived from LIS bill summary,67,58,3,61,YES,95.08196721311475,4.918032786885246
2025,H0327,Rodney T. Willett,D,State Government,Derived from LIS bill summary,61,58,3,61,YES,95.08196721311475,4.918032786885246
2025,H0208,Charniele L. Herring,D,State Government,Derived from LIS bill summary,60,57,3,60,YES,95.0,5.0
2025,H0344,Irene Shin,D,State Government,Derived from LIS bill summary,57,54,3,57,YES,94.73684210526315,5.263157894736842
2025,H0294,Karrie K. Delaney,D,State Government,Derived from LIS bill summary,38,35,2,37,YES,94.5945945945946,5.405405405405405
2025,H0212,Betsy B. Carr,D,State Government,Derived from LIS bill summary,54,51,3,54,YES,94.44444444444444,5.555555555555555
2025,H0385,JJ Singh,D,State Government,Derived from LIS bill summary,57,51,3,54,YES,94.44444444444444,5.555555555555555
2025,H0227,Luke E. Torian,D,State Government,Derived from LIS bill summary,56,50,3,53,YES,94.33962264150944,5.660377358490567
2025,H0285,"C.E. Cliff Hayes, Jr.",D,State Government,Derived from LIS bill summary,59,49,3,52,YES,94.23076923076923,5.769230769230769
2025,H0301,David A. Reid,D,State Government,Derived from LIS bill summary,52,49,3,52,YES,94.23076923076923,5.769230769230769
2025,H0340,Michelle Lopes Maldonado,D,State Government,Derived from LIS bill summary,52,49,3,52,YES,94.23076923076923,5.769230769230769
2025,H0314,Joshua G. Cole,D,State Government,Derived from LIS bill summary,56,48,3,51,YES,94.11764705882352,5.88235294117647
2025,H0305,Kathy K.L. Tran,D,State Government,Derived from LIS bill summary,51,48,3,51,YES,94.11764705882352,5.88235294117647
2025,H0311,Alex Q. Askew,D,State Government,Derived from LIS bill summary,53,47,3,50,YES,94.0,6.0
2025,H0343,Briana D. Sewell,D,State Government,Derived from LIS bill summary,50,47,3,50,YES,94.0,6.0
2025,H0177,David L. Bulova,D,State Government,Derived from LIS bill summary,52,47,3,50,YES,94.0,6.0
2025,H0219,Patrick A. Hope,D,State Government,Derived from LIS bill summary,49,46,3,49,YES,93.87755102040816,6.122448979591836
2025,H0281,Paul E. Krizek,D,State Government,Derived from LIS bill summary,64,60,4,64,YES,93.75,6.25
2025,H0361,Debra D. Gardner,D,State Government,Derived from LIS bill summary,47,44,3,47,YES,93.61702127659575,6.382978723404255
2025,H0207,Delores L. McQuinn,D,State Government,Derived from LIS bill summary,50,44,3,47,YES,93.61702127659575,6.382978723404255
2025,H0349,Jackie H. Glass,D,State Government,Derived from LIS bill summary,48,44,3,47,YES,93.61702127659575,6.382978723404255
2025,H0317,Dan I. Helmer,D,State Government,Derived from LIS bill summary,46,43,3,46,YES,93.47826086956522,6.521739130434782
2025,H0264,Marcus B. Simon,D,State Government,Derived from LIS bill summary,46,41,3,44,YES,93.18181818181817,6.8181818181818175
2025,H0239,Alfonso H. Lopez,D,State Government,Derived from LIS bill summary,43,39,3,42,YES,92.85714285714286,7.142857142857142
2025,H0351,Holly M. Seibold,D,State Government,Derived from LIS bill summary,42,39,3,42,YES,92.85714285714286,7.142857142857142
2025,H0173,Jeion A. Ward,D,State Government,Derived from LIS bill summary,46,39,3,42,YES,92.85714285714286,7.142857142857142
2025,H0323,Shelly A. Simonds,D,State Government,Derived from LIS bill summary,41,38,3,41,YES,92.6829268292683,7.317073170731707
2025,H0372,Destiny LeVere Bolling,D,State Government,Derived from LIS bill summary,57,50,4,54,YES,92.5925925925926,7.4074074074074066
2025,H0375,Adele Y. McClure,D,State Government,Derived from LIS bill summary,40,37,3,40,YES,92.5,7.5
2025,H0330,Candi Mundon King,D,State Government,Derived from LIS bill summary,43,37,3,40,YES,92.5,7.5
2025,H0382,Joshua E. Thomas,D,State Government,Derived from LIS bill summary,40,37,3,40,YES,92.5,7.5
2025,H0360,Michael B. Feggans,D,State Government,Derived from LIS bill summary,40,37,3,40,YES,92.5,7.5
2025,H0336,Nadarius E. Clark,D,State Government,Derived from LIS bill summary,40,37,3,40,YES,92.5,7.5
2025,H0356,Rae Cousins,D,State Government,Derived from LIS bill summary,40,37,3,40,YES,92.5,7.5
2025,H0295,Kelly K. Convirs-Fowler,D,State Government,Derived from LIS bill summary,52,47,4,51,YES,92.15686274509804,7.8431372549019605
2025,H0371,Amy J. Laufer,D,State Government,Derived from LIS bill summary,38,35,3,38,YES,92.10526315789474,7.894736842105263
2025,H0380,Atoosa R. Reaser,D,State Government,Derived from LIS bill summary,38,35,3,38,YES,92.10526315789474,7.894736842105263
2025,H0108,Vivian E. Watts,D,State Government,Derived from LIS bill summary,38,35,3,38,YES,92.10526315789474,7.894736842105263
2025,H0334,Elizabeth B. Bennett-Parker,D,State Government,Derived from LIS bill summary,37,34,3,37,YES,91.8918918918919,8.108108108108109
2025,H0355,Laura Jane Cohen,D,State Government,Derived from LIS bill summary,37,34,3,37,YES,91.8918918918919,8.108108108108109
2025,H0368,Michael J. Jones,D,State Government,Derived from LIS bill summary,37,32,3,35,YES,91.42857142857143,8.571428571428571
2025,H0366,Phil M. Hernandez,D,State Government,Derived from LIS bill summary,35,32,3,35,YES,91.42857142857143,8.571428571428571
2025,H0354,Katrina Callsen,D,State Government,Derived from LIS bill summary,35,31,3,34,YES,91.17647058823529,8.823529411764707
2025,H0269,"Richard C. ""Rip"" Sullivan, Jr.",D,State Government,Derived from LIS bill summary,45,41,4,45,YES,91.11111111111111,8.88888888888889
2025,H0353,Bonita G. Anthony,D,State Government,Derived from LIS bill summary,44,40,4,44,YES,90.9090909090909,9.090909090909092
2025,H0374,Marty Martinez,D,State Government,Derived from LIS bill summary,33,30,3,33,YES,90.9090909090909,9.090909090909092
2025,H0370,Karen Keys-Gamarra,D,State Government,Derived from LIS bill summary,33,29,3,32,YES,90.625,9.375
2025,H0322,Don Scott,D,State Government,Derived from LIS bill summary,38,34,4,38,YES,89.47368421052632,10.526315789473683
2025,H0365,"Rozia A. Henson, Jr.",D,State Government,Derived from LIS bill summary,61,54,7,61,YES,88.52459016393442,11.475409836065573
2025,H0353,Bonita G. Anthony,D,State Government,Derived from LIS bill description,11,8,3,11,YES,72.72727272727273,27.27272727272727
2025,H0301,David A. Reid,D,State Government,Derived from LIS bill description,11,8,3,11,YES,72.72727272727273,27.27272727272727
2025,H0385,JJ Singh,D,State Government,Derived from LIS bill description,11,8,3,11,YES,72.72727272727273,27.27272727272727
2025,H0349,Jackie H. Glass,D,State Government,Derived from LIS bill description,11,8,3,11,YES,72.72727272727273,27.27272727272727
2025,H0314,Joshua G. Cole,D,State Government,Derived from LIS bill description,11,8,3,11,YES,72.72727272727273,27.27272727272727
2025,H0295,Kelly K. Convirs-Fowler,D,State Government,Derived from LIS bill description,11,8,3,11,YES,72.72727272727273,27.27272727272727
2025,H0284,"Marcia S. ""Cia"" Price",D,State Government,Derived from LIS bill description,11,8,3,11,YES,72.72727272727273,27.27272727272727
2025,H0172,Mark D. Sickles,D,State Government,Derived from LIS bill description,11,8,3,11,YES,72.72727272727273,27.27272727272727
2025,H0340,Michelle Lopes Maldonado,D,State Government,Derived from LIS bill description,11,8,3,11,YES,72.72727272727273,27.27272727272727
2025,H0281,Paul E. Krizek,D,State Government,Derived from LIS bill description,11,8,3,11,YES,72.72727272727273,27.27272727272727
2025,H0365,"Rozia A. Henson, Jr.",D,State Government,Derived from LIS bill description,11,8,3,11,YES,72.72727272727273,27.27272727272727
2025,H0150,"Daniel W. Marshall, III",R,State Government,Derived from LIS bill summary,51,13,5,18,YES,72.22222222222221,27.77777777777778
2025,H0359,N. Baxter Ennis,R,State Government,Derived from LIS bill summary,48,33,13,46,YES,71.73913043478261,28.26086956521739
2025,H0238,M. Keith Hodges,R,State Government,Derived from LIS bill summary,59,41,18,59,YES,69.49152542372882,30.508474576271187
2025,H0315,Carrie E. Coyner,R,State Government,Derived from LIS bill summary,60,36,16,52,YES,69.23076923076923,30.76923076923077
2025,H0206,Barry D. Knight,R,State Government,Derived from LIS bill summary,37,12,6,18,YES,66.66666666666666,33.33333333333333
2025,H0346,Kim A. Taylor,R,State Government,Derived from LIS bill summary,49,30,15,45,YES,66.66666666666666,33.33333333333333
2025,H0073,"Robert D. Orrock, Sr.",R,State Government,Derived from LIS bill summary,46,29,15,44,YES,65.9090909090909,34.090909090909086
2025,H0375,Adele Y. McClure,D,"Study Commissions, Committees, and Reports",Derived from LIS bill description,5,5,0,5,INSUFFICIENT DATA,100.0,0.0
2025,H0311,Alex Q. Askew,D,"Study Commissions, Committees, and Reports",Derived from LIS bill description,4,4,0,4,INSUFFICIENT DATA,100.0,0.0
2025,H0239,Alfonso H. Lopez,D,"Study Commissions, Committees, and Reports",Derived from LIS bill description,6,6,0,6,INSUFFICIENT DATA,100.0,0.0
2025,H0371,Amy J. Laufer,D,"Study Commissions, Committees, and Reports",Derived from LIS bill description,4,4,0,4,INSUFFICIENT DATA,100.0,0.0
2025,H0380,Atoosa R. Reaser,D,"Study Commissions, Committees, and Reports",Derived from LIS bill description,4,4,0,4,INSUFFICIENT DATA,100.0,0.0
2025,H0212,Betsy B. Carr,D,"Study Commissions, Committees, and Reports",Derived from LIS bill description,5,5,0,5,INSUFFICIENT DATA,100.0,0.0
2025,H0353,Bonita G. Anthony,D,"Study Commissions, Committees, and Reports",Derived from LIS bill description,4,4,0,4,INSUFFICIENT DATA,100.0,0.0
2025,H0343,Briana D. Sewell,D,"Study Commissions, Committees, and Reports",Derived from LIS bill description,4,4,0,4,INSUFFICIENT DATA,100.0,0.0
2025,H0285,"C.E. Cliff Hayes, Jr.",D,"Study Commissions, Committees, and Reports",Derived from LIS bill description,5,5,0,5,INSUFFICIENT DATA,100.0,0.0
2025,H0330,Candi Mundon King,D,"Study Commissions, Committees, and Reports",Derived from LIS bill description,6,6,0,6,INSUFFICIENT DATA,100.0,0.0
2025,H0208,Charniele L. Herring,D,"Study Commissions, Committees, and Reports",Derived from LIS bill description,8,8,0,8,INSUFFICIENT DATA,100.0,0.0
2025,H0317,Dan I. Helmer,D,"Study Commissions, Committees, and Reports",Derived from LIS bill description,6,6,0,6,INSUFFICIENT DATA,100.0,0.0
2025,H0150,"Daniel W. Marshall, III",R,"Study Commissions, Committees, and Reports",Derived from LIS bill description,6,2,0,2,INSUFFICIENT DATA,100.0,0.0
2025,H0301,David A. Reid,D,"Study Commissions, Committees, and Reports",Derived from LIS bill description,4,4,0,4,INSUFFICIENT DATA,100.0,0.0
2025,H0177,David L. Bulova,D,"Study Commissions, Committees, and Reports",Derived from LIS bill description,5,5,0,5,INSUFFICIENT DATA,100.0,0.0
2025,H0361,Debra D. Gardner,D,"Study Commissions, Committees, and Reports",Derived from LIS bill description,5,5,0,5,INSUFFICIENT DATA,100.0,0.0
2025,H0372,Destiny LeVere Bolling,D,"Study Commissions, Committees, and Reports",Derived from LIS bill description,7,5,0,5,INSUFFICIENT DATA,100.0,0.0
2025,H0322,Don Scott,D,"Study Commissions, Committees, and Reports",Derived from LIS bill description,4,4,0,4,INSUFFICIENT DATA,100.0,0.0
2025,H0334,Elizabeth B. Bennett-Parker,D,"Study Commissions, Committees, and Reports",Derived from LIS bill description,5,5,0,5,INSUFFICIENT DATA,100.0,0.0
2025,H0351,Holly M. Seibold,D,"Study Commissions, Committees, and Reports",Derived from LIS bill description,5,5,0,5,INSUFFICIENT DATA,100.0,0.0
2025,H0344,Irene Shin,D,"Study Commissions, Committees, and Reports",Derived from LIS bill description,9,9,0,9,INSUFFICIENT DATA,100.0,0.0
2025,H0385,JJ Singh,D,"Study Commissions, Committees, and Reports",Derived from LIS bill description,5,5,0,5,INSUFFICIENT DATA,100.0,0.0
2025,H0349,Jackie H. Glass,D,"Study Commissions, Committees, and Reports",Derived from LIS bill description,4,4,0,4,INSUFFICIENT DATA,100.0,0.0
2025,H0173,Jeion A. Ward,D,"Study Commissions, Committees, and Reports",Derived from LIS bill description,7,6,0,6,INSUFFICIENT DATA,100.0,0.0
2025,H0382,Joshua E. Thomas,D,"Study Commissions, Committees, and Reports",Derived from LIS bill description,5,5,0,5,INSUFFICIENT DATA,100.0,0.0
2025,H0314,Joshua G. Cole,D,"Study Commissions, Committees, and Reports",Derived from LIS bill description,6,6,0,6,INSUFFICIENT DATA,100.0,0.0
2025,H0370,Karen Keys-Gamarra,D,"Study Commissions, Committees, and Reports",Derived from LIS bill description,4,4,0,4,INSUFFICIENT DATA,100.0,0.0
2025,H0294,Karrie K. Delaney,D,"Study Commissions, Committees, and Reports",Derived from LIS bill description,5,5,0,5,INSUFFICIENT DATA,100.0,0.0
2025,H0305,Kathy K.L. Tran,D,"Study Commissions, Committees, and Reports",Derived from LIS bill description,5,5,0,5,INSUFFICIENT DATA,100.0,0.0
2025,H0354,Katrina Callsen,D,"Study Commissions, Committees, and Reports",Derived from LIS bill description,4,4,0,4,INSUFFICIENT DATA,100.0,0.0
2025,H0295,Kelly K. Convirs-Fowler,D,"Study Commissions, Committees, and Reports",Derived from LIS bill description,6,6,0,6,INSUFFICIENT DATA,100.0,0.0
2025,H0355,Laura Jane Cohen,D,"Study Commissions, Committees, and Reports",Derived from LIS bill description,4,4,0,4,INSUFFICIENT DATA,100.0,0.0
2025,H0227,Luke E. Torian,D,"Study Commissions, Committees, and Reports",Derived from LIS bill description,5,5,0,5,INSUFFICIENT DATA,100.0,0.0
2025,H0284,"Marcia S. ""Cia"" Price",D,"Study Commissions, Committees, and Reports",Derived from LIS bill description,7,7,0,7,INSUFFICIENT DATA,100.0,0.0
2025,H0264,Marcus B. Simon,D,"Study Commissions, Committees, and Reports",Derived from LIS bill description,5,5,0,5,INSUFFICIENT DATA,100.0,0.0
2025,H0172,Mark D. Sickles,D,"Study Commissions, Committees, and Reports",Derived from LIS bill description,6,5,0,5,INSUFFICIENT DATA,100.0,0.0
2025,H0374,Marty Martinez,D,"Study Commissions, Committees, and Reports",Derived from LIS bill description,4,4,0,4,INSUFFICIENT DATA,100.0,0.0
2025,H0360,Michael B. Feggans,D,"Study Commissions, Committees, and Reports",Derived from LIS bill description,6,6,0,6,INSUFFICIENT DATA,100.0,0.0
2025,H0368,Michael J. Jones,D,"Study Commissions, Committees, and Reports",Derived from LIS bill description,6,6,0,6,INSUFFICIENT DATA,100.0,0.0
2025,H0340,Michelle Lopes Maldonado,D,"Study Commissions, Committees, and Reports",Derived from LIS bill description,7,7,0,7,INSUFFICIENT DATA,100.0,0.0
2025,H0336,Nadarius E. Clark,D,"Study Commissions, Committees, and Reports",Derived from LIS bill description,4,4,0,4,INSUFFICIENT DATA,100.0,0.0
2025,H0219,Patrick A. Hope,D,"Study Commissions, Committees, and Reports",Derived from LIS bill description,6,6,0,6,INSUFFICIENT DATA,100.0,0.0
2025,H0281,Paul E. Krizek,D,"Study Commissions, Committees, and Reports",Derived from LIS bill description,5,5,0,5,INSUFFICIENT DATA,100.0,0.0
2025,H0366,Phil M. Hernandez,D,"Study Commissions, Committees, and Reports",Derived from LIS bill description,4,4,0,4,INSUFFICIENT DATA,100.0,0.0
2025,H0356,Rae Cousins,D,"Study Commissions, Committees, and Reports",Derived from LIS bill description,4,4,0,4,INSUFFICIENT DATA,100.0,0.0
2025,H0269,"Richard C. ""Rip"" Sullivan, Jr.",D,"Study Commissions, Committees, and Reports",Derived from LIS bill description,7,7,0,7,INSUFFICIENT DATA,100.0,0.0
2025,H0327,Rodney T. Willett,D,"Study Commissions, Committees, and Reports",Derived from LIS bill description,6,6,0,6,INSUFFICIENT DATA,100.0,0.0
2025,H0365,"Rozia A. Henson, Jr.",D,"Study Commissions, Committees, and Reports",Derived from LIS bill description,5,5,0,5,INSUFFICIENT DATA,100.0,0.0
2025,H0266,Sam Rasoul,D,"Study Commissions, Committees, and Reports",Derived from LIS bill description,4,4,0,4,INSUFFICIENT DATA,100.0,0.0
2025,H0323,Shelly A. Simonds,D,"Study Commissions, Committees, and Reports",Derived from LIS bill description,4,4,0,4,INSUFFICIENT DATA,100.0,0.0
2025,H0108,Vivian E. Watts,D,"Study Commissions, Committees, and Reports",Derived from LIS bill description,4,4,0,4,INSUFFICIENT DATA,100.0,0.0
2025,H0359,N. Baxter Ennis,R,"Study Commissions, Committees, and Reports",Derived from LIS bill description,5,4,1,5,INSUFFICIENT DATA,80.0,20.0
2025,H0267,"Robert S. Bloxom, Jr.",R,"Study Commissions, Committees, and Reports",Derived from LIS bill description,5,4,1,5,INSUFFICIENT DATA,80.0,20.0
2025,H0337,A.C. Cordoza,R,"Study Commissions, Committees, and Reports",Derived from LIS bill description,4,3,1,4,INSUFFICIENT DATA,75.0,25.0
2025,H0315,Carrie E. Coyner,R,"Study Commissions, Committees, and Reports",Derived from LIS bill description,5,3,1,4,INSUFFICIENT DATA,75.0,25.0
2025,H0056,Terry G. Kilgore,R,"Study Commissions, Committees, and Reports",Derived from LIS bill description,7,5,2,7,INSUFFICIENT DATA,71.42857142857143,28.57142857142857
2025,H0231,Tony O. Wilt,R,"Study Commissions, Committees, and Reports",Derived from LIS bill description,7,5,2,7,INSUFFICIENT DATA,71.42857142857143,28.57142857142857
2025,H0242,Israel D. O'Quinn,R,"Study Commissions, Committees, and Reports",Derived from LIS bill description,6,4,2,6,INSUFFICIENT DATA,66.66666666666666,33.33333333333333
2025,H0333,Jason S. Ballard,R,"Study Commissions, Committees, and Reports",Derived from LIS bill description,6,4,2,6,INSUFFICIENT DATA,66.66666666666666,33.33333333333333
2025,H0247,Michael J. Webert,R,"Study Commissions, Committees, and Reports",Derived from LIS bill description,6,4,2,6,INSUFFICIENT DATA,66.66666666666666,33.33333333333333
2025,H0350,Ellen H. Campbell,R,"Study Commissions, Committees, and Reports",Derived from LIS bill description,5,3,2,5,INSUFFICIENT DATA,60.0,40.0
2025,H0253,Terry L. Austin,R,"Study Commissions, Committees, and Reports",Derived from LIS bill description,5,3,2,5,INSUFFICIENT DATA,60.0,40.0
2025,H0325,Wendell S. Walker,R,"Study Commissions, Committees, and Reports",Derived from LIS bill description,5,3,2,5,INSUFFICIENT DATA,60.0,40.0
2025,H0345,Anne Ferrell Tata,R,"Study Commissions, Committees, and Reports",Derived from LIS bill description,4,2,2,4,INSUFFICIENT DATA,50.0,50.0
2025,H0384,Eric Phillips,R,"Study Commissions, Committees, and Reports",Derived from LIS bill description,4,2,2,4,INSUFFICIENT DATA,50.0,50.0
2025,H0373,Ian T. Lovejoy,R,"Study Commissions, Committees, and Reports",Derived from LIS bill description,4,2,2,4,INSUFFICIENT DATA,50.0,50.0
2025,H0238,M. Keith Hodges,R,"Study Commissions, Committees, and Reports",Derived from LIS bill description,6,3,3,6,INSUFFICIENT DATA,50.0,50.0
2025,H0358,"Mark L. Earley, Jr.",R,"Study Commissions, Committees, and Reports",Derived from LIS bill description,4,2,2,4,INSUFFICIENT DATA,50.0,50.0
2025,H0328,Scott A. Wyatt,R,"Study Commissions, Committees, and Reports",Derived from LIS bill description,4,2,2,4,INSUFFICIENT DATA,50.0,50.0
2025,H0357,Will Davis,R,"Study Commissions, Committees, and Reports",Derived from LIS bill description,4,2,2,4,INSUFFICIENT DATA,50.0,50.0
2025,H0308,Joseph P. McNamara,R,"Study Commissions, Committees, and Reports",Derived from LIS bill description,7,3,4,7,INSUFFICIENT DATA,42.857142857142854,57.14285714285714
2025,H0379,David Owen,R,"Study Commissions, Committees, and Reports",Derived from LIS bill description,5,2,3,5,INSUFFICIENT DATA,40.0,60.0
2025,H0367,Geary Higgins,R,"Study Commissions, Committees, and Reports",Derived from LIS bill description,5,2,3,5,INSUFFICIENT DATA,40.0,60.0
2025,H0224,James W. Morefield,R,"Study Commissions, Committees, and Reports",Derived from LIS bill description,5,2,3,5,INSUFFICIENT DATA,40.0,60.0
2025,H0352,"Jonathan ""Jed"" Arnold",R,"Study Commissions, Committees, and Reports",Derived from LIS bill description,5,2,3,5,INSUFFICIENT DATA,40.0,60.0
2025,H0335,Mike A. Cherry,R,"Study Commissions, Committees, and Reports",Derived from LIS bill description,5,2,3,5,INSUFFICIENT DATA,40.0,60.0
2025,H0073,"Robert D. Orrock, Sr.",R,"Study Commissions, Committees, and Reports",Derived from LIS bill description,5,2,3,5,INSUFFICIENT DATA,40.0,60.0
2025,H0181,C. Todd Gilbert,R,"Study Commissions, Committees, and Reports",Derived from LIS bill description,6,2,4,6,INSUFFICIENT DATA,33.33333333333333,66.66666666666666
2025,H0321,Chris S. Runion,R,"Study Commissions, Committees, and Reports",Derived from LIS bill description,6,2,4,6,INSUFFICIENT DATA,33.33333333333333,66.66666666666666
2025,H0346,Kim A. Taylor,R,"Study Commissions, Committees, and Reports",Derived from LIS bill description,6,2,4,6,INSUFFICIENT DATA,33.33333333333333,66.66666666666666
2025,H0348,Wren M. Williams,R,"Study Commissions, Committees, and Reports",Derived from LIS bill description,6,2,4,6,INSUFFICIENT DATA,33.33333333333333,66.66666666666666
2025,H0313,Amanda E. Batten,R,"Study Commissions, Committees, and Reports",Derived from LIS bill description,4,1,3,4,INSUFFICIENT DATA,25.0,75.0
2025,H0378,Chris Obenshain,R,"Study Commissions, Committees, and Reports",Derived from LIS bill description,4,1,3,4,INSUFFICIENT DATA,25.0,75.0
2025,H0377,Delores Oates,R,"Study Commissions, Committees, and Reports",Derived from LIS bill description,4,1,3,4,INSUFFICIENT DATA,25.0,75.0
2025,H0383,Eric R. Zehr,R,"Study Commissions, Committees, and Reports",Derived from LIS bill description,4,1,3,4,INSUFFICIENT DATA,25.0,75.0
2025,H0369,Hillary Pugh Kent,R,"Study Commissions, Committees, and Reports",Derived from LIS bill description,4,1,3,4,INSUFFICIENT DATA,25.0,75.0
2025,H0259,"Hyland F. ""Buddy"" Fowler, Jr.",R,"Study Commissions, Committees, and Reports",Derived from LIS bill description,5,1,3,4,INSUFFICIENT DATA,25.0,75.0
2025,H0279,Nicholas J. Freitas,R,"Study Commissions, Committees, and Reports",Derived from LIS bill description,4,1,3,4,INSUFFICIENT DATA,25.0,75.0
2025,H0376,Paul V. Milde,R,"Study Commissions, Committees, and Reports",Derived from LIS bill description,4,1,3,4,INSUFFICIENT DATA,25.0,75.0
2025,H0124,R. Lee Ware,R,"Study Commissions, Committees, and Reports",Derived from LIS bill description,4,1,3,4,INSUFFICIENT DATA,25.0,75.0
2025,H0362,"Thomas A. Garrett, Jr.",R,"Study Commissions, Committees, and Reports",Derived from LIS bill description,4,1,3,4,INSUFFICIENT DATA,25.0,75.0
2025,H0136,"Thomas C. Wright, Jr.",R,"Study Commissions, Committees, and Reports",Derived from LIS bill description,4,1,3,4,INSUFFICIENT DATA,25.0,75.0
2025,H0364,Timothy P. Griffin,R,"Study Commissions, Committees, and Reports",Derived from LIS bill description,4,1,3,4,INSUFFICIENT DATA,25.0,75.0
2025,H0363,W. Chad Green,R,"Study Commissions, Committees, and Reports",Derived from LIS bill description,4,1,3,4,INSUFFICIENT DATA,25.0,75.0
2025,H0329,Bill Wiley,R,"Study Commissions, Committees, and Reports",Derived from LIS bill description,5,1,4,5,INSUFFICIENT DATA,20.0,80.0
2025,H0262,"James A. ""Jay"" Leftwich",R,"Study Commissions, Committees, and Reports",Derived from LIS bill description,5,1,4,5,INSUFFICIENT DATA,20.0,80.0
2025,H0342,Phillip A. Scott,R,"Study Commissions, Committees, and Reports",Derived from LIS bill description,5,1,4,5,INSUFFICIENT DATA,20.0,80.0
2025,H0347,"H. Otto Wachsmann, Jr.",R,"Study Commissions, Committees, and Reports",Derived from LIS bill description,6,1,5,6,INSUFFICIENT DATA,16.666666666666664,83.33333333333334
2025,H0206,Barry D. Knight,R,"Study Commissions, Committees, and Reports",Derived from LIS bill description,5,0,0,0,INSUFFICIENT DATA,0.0,0.0
2025,H0207,Delores L. McQuinn,D,"Study Commissions, Committees, and Reports",Derived from LIS bill description,4,0,0,0,INSUFFICIENT DATA,0.0,0.0
2025,H0267,"Robert S. Bloxom, Jr.",R,"Study Commissions, Committees, and Reports",Derived from LIS bill summary,77,50,27,77,MIXED,64.93506493506493,35.064935064935064
2025,H0384,Eric Phillips,R,"Study Commissions, Committees, and Reports",Derived from LIS bill summary,57,37,20,57,MIXED,64.91228070175438,35.08771929824561
2025,H0378,Chris Obenshain,R,"Study Commissions, Committees, and Reports",Derived from LIS bill summary,59,38,21,59,MIXED,64.40677966101694,35.59322033898305
2025,H0347,"H. Otto Wachsmann, Jr.",R,"Study Commissions, Committees, and Reports",Derived from LIS bill summary,78,50,28,78,MIXED,64.1025641025641,35.8974358974359
2025,H0357,Will Davis,R,"Study Commissions, Committees, and Reports",Derived from LIS bill summary,61,39,22,61,MIXED,63.934426229508205,36.0655737704918
2025,H0325,Wendell S. Walker,R,"Study Commissions, Committees, and Reports",Derived from LIS bill summary,77,49,28,77,MIXED,63.63636363636363,36.36363636363637
2025,H0253,Terry L. Austin,R,"Study Commissions, Committees, and Reports",Derived from LIS bill summary,82,52,30,82,MIXED,63.41463414634146,36.58536585365854
2025,H0352,"Jonathan ""Jed"" Arnold",R,"Study Commissions, Committees, and Reports",Derived from LIS bill summary,65,38,23,61,MIXED,62.295081967213115,37.704918032786885
2025,H0259,"Hyland F. ""Buddy"" Fowler, Jr.",R,"Study Commissions, Committees, and Reports",Derived from LIS bill summary,65,39,24,63,MIXED,61.904761904761905,38.095238095238095
2025,H0247,Michael J. Webert,R,"Study Commissions, Committees, and Reports",Derived from LIS bill summary,85,50,31,81,MIXED,61.72839506172839,38.2716049382716
2025,H0350,Ellen H. Campbell,R,"Study Commissions, Committees, and Reports",Derived from LIS bill summary,76,45,28,73,MIXED,61.64383561643836,38.35616438356164
2025,H0367,Geary Higgins,R,"Study Commissions, Committees, and Reports",Derived from LIS bill summary,75,46,29,75,MIXED,61.33333333333333,38.666666666666664
2025,H0328,Scott A. Wyatt,R,"Study Commissions, Committees, and Reports",Derived from LIS bill summary,68,41,26,67,MIXED,61.19402985074627,38.80597014925373
2025,H0333,Jason S. Ballard,R,"Study Commissions, Committees, and Reports",Derived from LIS bill summary,73,44,28,72,MIXED,61.111111111111114,38.88888888888889
2025,H0345,Anne Ferrell Tata,R,"Study Commissions, Committees, and Reports",Derived from LIS bill summary,75,45,29,74,MIXED,60.810810810810814,39.189189189189186
2025,H0224,James W. Morefield,R,"Study Commissions, Committees, and Reports",Derived from LIS bill summary,71,43,28,71,MIXED,60.56338028169014,39.436619718309856
2025,H0242,Israel D. O'Quinn,R,"Study Commissions, Committees, and Reports",Derived from LIS bill summary,83,47,31,78,MIXED,60.256410256410255,39.743589743589745
2025,H0329,Bill Wiley,R,"Study Commissions, Committees, and Reports",Derived from LIS bill summary,70,42,28,70,MIXED,60.0,40.0
2025,H0369,Hillary Pugh Kent,R,"Study Commissions, Committees, and Reports",Derived from LIS bill summary,61,36,24,60,MIXED,60.0,40.0
2025,H0376,Paul V. Milde,R,"Study Commissions, Committees, and Reports",Derived from LIS bill summary,58,32,22,54,MIXED,59.25925925925925,40.74074074074074
2025,H0346,Kim A. Taylor,R,"Study Commissions, Committees, and Reports",Derived from LIS bill summary,75,40,28,68,MIXED,58.82352941176471,41.17647058823529
2025,H0124,R. Lee Ware,R,"Study Commissions, Committees, and Reports",Derived from LIS bill summary,65,38,27,65,MIXED,58.46153846153847,41.53846153846154
2025,H0262,"James A. ""Jay"" Leftwich",R,"Study Commissions, Committees, and Reports",Derived from LIS bill summary,64,37,27,64,MIXED,57.8125,42.1875
2025,H0150,"Daniel W. Marshall, III",R,"Study Commissions, Committees, and Reports",Derived from LIS bill summary,82,15,11,26,MIXED,57.692307692307686,42.30769230769231
2025,H0308,Joseph P. McNamara,R,"Study Commissions, Committees, and Reports",Derived from LIS bill summary,75,40,33,73,MIXED,54.794520547945204,45.20547945205479
2025,H0231,Tony O. Wilt,R,"Study Commissions, Committees, and Reports",Derived from LIS bill summary,73,40,33,73,MIXED,54.794520547945204,45.20547945205479
2025,H0348,Wren M. Williams,R,"Study Commissions, Committees, and Reports",Derived from LIS bill summary,78,41,36,77,MIXED,53.246753246753244,46.75324675324675
2025,H0313,Amanda E. Batten,R,"Study Commissions, Committees, and Reports",Derived from LIS bill summary,63,32,31,63,MIXED,50.79365079365079,49.2063492063492
2025,H0321,Chris S. Runion,R,"Study Commissions, Committees, and Reports",Derived from LIS bill summary,75,37,38,75,MIXED,49.333333333333336,50.66666666666667
2025,H0377,Delores Oates,R,"Study Commissions, Committees, and Reports",Derived from LIS bill summary,58,28,30,58,MIXED,48.275862068965516,51.724137931034484
2025,H0362,"Thomas A. Garrett, Jr.",R,"Study Commissions, Committees, and Reports",Derived from LIS bill summary,61,25,31,56,MIXED,44.642857142857146,55.35714285714286
2025,H0342,Phillip A. Scott,R,"Study Commissions, Committees, and Reports",Derived from LIS bill summary,78,33,42,75,MIXED,44.0,56.00000000000001
2025,H0181,C. Todd Gilbert,R,"Study Commissions, Committees, and Reports",Derived from LIS bill summary,82,36,46,82,MIXED,43.90243902439025,56.09756097560976
2025,H0383,Eric R. Zehr,R,"Study Commissions, Committees, and Reports",Derived from LIS bill summary,60,26,34,60,MIXED,43.333333333333336,56.666666666666664
2025,H0136,"Thomas C. Wright, Jr.",R,"Study Commissions, Committees, and Reports",Derived from LIS bill summary,65,23,33,56,MIXED,41.07142857142857,58.92857142857143
2025,H0364,Timothy P. Griffin,R,"Study Commissions, Committees, and Reports",Derived from LIS bill summary,63,25,38,63,MIXED,39.682539682539684,60.317460317460316
2025,H0279,Nicholas J. Freitas,R,"Study Commissions, Committees, and Reports",Derived from LIS bill summary,64,22,37,59,MIXED,37.28813559322034,62.71186440677966
2025,H0368,Michael J. Jones,D,"Study Commissions, Committees, and Reports",Derived from LIS bill summary,76,65,3,68,YES,95.58823529411765,4.411764705882353
2025,H0172,Mark D. Sickles,D,"Study Commissions, Committees, and Reports",Derived from LIS bill summary,112,95,5,100,YES,95.0,5.0
2025,H0208,Charniele L. Herring,D,"Study Commissions, Committees, and Reports",Derived from LIS bill summary,106,100,6,106,YES,94.33962264150944,5.660377358490567
2025,H0266,Sam Rasoul,D,"Study Commissions, Committees, and Reports",Derived from LIS bill summary,75,66,4,70,YES,94.28571428571428,5.714285714285714
2025,H0344,Irene Shin,D,"Study Commissions, Committees, and Reports",Derived from LIS bill summary,99,93,6,99,YES,93.93939393939394,6.0606060606060606
2025,H0239,Alfonso H. Lopez,D,"Study Commissions, Committees, and Reports",Derived from LIS bill summary,84,76,5,81,YES,93.82716049382715,6.172839506172839
2025,H0327,Rodney T. Willett,D,"Study Commissions, Committees, and Reports",Derived from LIS bill summary,93,87,6,93,YES,93.54838709677419,6.451612903225806
2025,H0305,Kathy K.L. Tran,D,"Study Commissions, Committees, and Reports",Derived from LIS bill summary,92,86,6,92,YES,93.47826086956522,6.521739130434782
2025,H0212,Betsy B. Carr,D,"Study Commissions, Committees, and Reports",Derived from LIS bill summary,91,84,6,90,YES,93.33333333333333,6.666666666666667
2025,H0285,"C.E. Cliff Hayes, Jr.",D,"Study Commissions, Committees, and Reports",Derived from LIS bill summary,104,84,6,90,YES,93.33333333333333,6.666666666666667
2025,H0264,Marcus B. Simon,D,"Study Commissions, Committees, and Reports",Derived from LIS bill summary,75,70,5,75,YES,93.33333333333333,6.666666666666667
2025,H0281,Paul E. Krizek,D,"Study Commissions, Committees, and Reports",Derived from LIS bill summary,84,78,6,84,YES,92.85714285714286,7.142857142857142
2025,H0284,"Marcia S. ""Cia"" Price",D,"Study Commissions, Committees, and Reports",Derived from LIS bill summary,83,77,6,83,YES,92.7710843373494,7.228915662650602
2025,H0173,Jeion A. Ward,D,"Study Commissions, Committees, and Reports",Derived from LIS bill summary,91,76,6,82,YES,92.6829268292683,7.317073170731707
2025,H0365,"Rozia A. Henson, Jr.",D,"Study Commissions, Committees, and Reports",Derived from LIS bill summary,82,76,6,82,YES,92.6829268292683,7.317073170731707
2025,H0354,Katrina Callsen,D,"Study Commissions, Committees, and Reports",Derived from LIS bill summary,69,63,5,68,YES,92.64705882352942,7.352941176470589
2025,H0361,Debra D. Gardner,D,"Study Commissions, Committees, and Reports",Derived from LIS bill summary,81,75,6,81,YES,92.5925925925926,7.4074074074074066
2025,H0317,Dan I. Helmer,D,"Study Commissions, Committees, and Reports",Derived from LIS bill summary,80,74,6,80,YES,92.5,7.5
2025,H0269,"Richard C. ""Rip"" Sullivan, Jr.",D,"Study Commissions, Committees, and Reports",Derived from LIS bill summary,91,83,7,90,YES,92.22222222222223,7.777777777777778
2025,H0385,JJ Singh,D,"Study Commissions, Committees, and Reports",Derived from LIS bill summary,78,71,6,77,YES,92.20779220779221,7.792207792207792
2025,H0340,Michelle Lopes Maldonado,D,"Study Commissions, Committees, and Reports",Derived from LIS bill summary,77,71,6,77,YES,92.20779220779221,7.792207792207792
2025,H0177,David L. Bulova,D,"Study Commissions, Committees, and Reports",Derived from LIS bill summary,78,70,6,76,YES,92.10526315789474,7.894736842105263
2025,H0219,Patrick A. Hope,D,"Study Commissions, Committees, and Reports",Derived from LIS bill summary,78,70,6,76,YES,92.10526315789474,7.894736842105263
2025,H0314,Joshua G. Cole,D,"Study Commissions, Committees, and Reports",Derived from LIS bill summary,82,69,6,75,YES,92.0,8.0
2025,H0343,Briana D. Sewell,D,"Study Commissions, Committees, and Reports",Derived from LIS bill summary,74,68,6,74,YES,91.8918918918919,8.108108108108109
2025,H0330,Candi Mundon King,D,"Study Commissions, Committees, and Reports",Derived from LIS bill summary,77,68,6,74,YES,91.8918918918919,8.108108108108109
2025,H0108,Vivian E. Watts,D,"Study Commissions, Committees, and Reports",Derived from LIS bill summary,75,68,6,74,YES,91.8918918918919,8.108108108108109
2025,H0372,Destiny LeVere Bolling,D,"Study Commissions, Committees, and Reports",Derived from LIS bill summary,74,64,6,70,YES,91.42857142857143,8.571428571428571
2025,H0295,Kelly K. Convirs-Fowler,D,"Study Commissions, Committees, and Reports",Derived from LIS bill summary,70,64,6,70,YES,91.42857142857143,8.571428571428571
2025,H0311,Alex Q. Askew,D,"Study Commissions, Committees, and Reports",Derived from LIS bill summary,71,63,6,69,YES,91.30434782608695,8.695652173913043
2025,H0301,David A. Reid,D,"Study Commissions, Committees, and Reports",Derived from LIS bill summary,68,62,6,68,YES,91.17647058823529,8.823529411764707
2025,H0349,Jackie H. Glass,D,"Study Commissions, Committees, and Reports",Derived from LIS bill summary,69,62,6,68,YES,91.17647058823529,8.823529411764707
2025,H0360,Michael B. Feggans,D,"Study Commissions, Committees, and Reports",Derived from LIS bill summary,69,62,6,68,YES,91.17647058823529,8.823529411764707
2025,H0366,Phil M. Hernandez,D,"Study Commissions, Committees, and Reports",Derived from LIS bill summary,69,62,6,68,YES,91.17647058823529,8.823529411764707
2025,H0323,Shelly A. Simonds,D,"Study Commissions, Committees, and Reports",Derived from LIS bill summary,68,62,6,68,YES,91.17647058823529,8.823529411764707
2025,H0371,Amy J. Laufer,D,"Study Commissions, Committees, and Reports",Derived from LIS bill summary,68,61,6,67,YES,91.04477611940298,8.955223880597014
2025,H0380,Atoosa R. Reaser,D,"Study Commissions, Committees, and Reports",Derived from LIS bill summary,66,60,6,66,YES,90.9090909090909,9.090909090909092
2025,H0334,Elizabeth B. Bennett-Parker,D,"Study Commissions, Committees, and Reports",Derived from LIS bill summary,67,60,6,66,YES,90.9090909090909,9.090909090909092
2025,H0370,Karen Keys-Gamarra,D,"Study Commissions, Committees, and Reports",Derived from LIS bill summary,66,60,6,66,YES,90.9090909090909,9.090909090909092
2025,H0227,Luke E. Torian,D,"Study Commissions, Committees, and Reports",Derived from LIS bill summary,87,70,7,77,YES,90.9090909090909,9.090909090909092
2025,H0336,Nadarius E. Clark,D,"Study Commissions, Committees, and Reports",Derived from LIS bill summary,68,60,6,66,YES,90.9090909090909,9.090909090909092
2025,H0322,Don Scott,D,"Study Commissions, Committees, and Reports",Derived from LIS bill summary,65,59,6,65,YES,90.76923076923077,9.230769230769232
2025,H0351,Holly M. Seibold,D,"Study Commissions, Committees, and Reports",Derived from LIS bill summary,65,59,6,65,YES,90.76923076923077,9.230769230769232
2025,H0382,Joshua E. Thomas,D,"Study Commissions, Committees, and Reports",Derived from LIS bill summary,66,59,6,65,YES,90.76923076923077,9.230769230769232
2025,H0294,Karrie K. Delaney,D,"Study Commissions, Committees, and Reports",Derived from LIS bill summary,67,59,6,65,YES,90.76923076923077,9.230769230769232
2025,H0207,Delores L. McQuinn,D,"Study Commissions, Committees, and Reports",Derived from LIS bill summary,71,58,6,64,YES,90.625,9.375
2025,H0356,Rae Cousins,D,"Study Commissions, Committees, and Reports",Derived from LIS bill summary,64,58,6,64,YES,90.625,9.375
2025,H0353,Bonita G. Anthony,D,"Study Commissions, Committees, and Reports",Derived from LIS bill summary,63,57,6,63,YES,90.47619047619048,9.523809523809524
2025,H0355,Laura Jane Cohen,D,"Study Commissions, Committees, and Reports",Derived from LIS bill summary,64,57,6,63,YES,90.47619047619048,9.523809523809524
2025,H0375,Adele Y. McClure,D,"Study Commissions, Committees, and Reports",Derived from LIS bill summary,61,55,6,61,YES,90.1639344262295,9.836065573770492
2025,H0374,Marty Martinez,D,"Study Commissions, Committees, and Reports",Derived from LIS bill summary,61,55,6,61,YES,90.1639344262295,9.836065573770492
2025,H0206,Barry D. Knight,R,"Study Commissions, Committees, and Reports",Derived from LIS bill summary,62,17,5,22,YES,77.27272727272727,22.727272727272727
2025,H0359,N. Baxter Ennis,R,"Study Commissions, Committees, and Reports",Derived from LIS bill summary,76,57,17,74,YES,77.02702702702703,22.972972972972975
2025,H0337,A.C. Cordoza,R,"Study Commissions, Committees, and Reports",Derived from LIS bill summary,64,48,16,64,YES,75.0,25.0
2025,H0073,"Robert D. Orrock, Sr.",R,"Study Commissions, Committees, and Reports",Derived from LIS bill summary,84,56,21,77,YES,72.72727272727273,27.27272727272727
2025,H0056,Terry G. Kilgore,R,"Study Commissions, Committees, and Reports",Derived from LIS bill summary,81,55,23,78,YES,70.51282051282051,29.48717948717949
2025,H0379,David Owen,R,"Study Commissions, Committees, and Reports",Derived from LIS bill summary,74,52,22,74,YES,70.27027027027027,29.72972972972973
2025,H0315,Carrie E. Coyner,R,"Study Commissions, Committees, and Reports",Derived from LIS bill summary,89,53,25,78,YES,67.94871794871796,32.05128205128205
2025,H0335,Mike A. Cherry,R,"Study Commissions, Committees, and Reports",Derived from LIS bill summary,78,52,25,77,YES,67.53246753246754,32.467532467532465
2025,H0363,W. Chad Green,R,"Study Commissions, Committees, and Reports",Derived from LIS bill summary,60,40,20,60,YES,66.66666666666666,33.33333333333333
2025,H0358,"Mark L. Earley, Jr.",R,"Study Commissions, Committees, and Reports",Derived from LIS bill summary,63,41,21,62,YES,66.12903225806451,33.87096774193548
2025,H0238,M. Keith Hodges,R,"Study Commissions, Committees, and Reports",Derived from LIS bill summary,99,65,34,99,YES,65.65656565656566,34.34343434343434
2025,H0373,Ian T. Lovejoy,R,"Study Commissions, Committees, and Reports",Derived from LIS bill summary,61,40,21,61,YES,65.57377049180327,34.42622950819672
2025,H0337,A.C. Cordoza,R,Taxes and Revenue,Derived from LIS bill description,6,6,0,6,INSUFFICIENT DATA,100.0,0.0
2025,H0375,Adele Y. McClure,D,Taxes and Revenue,Derived from LIS bill description,6,6,0,6,INSUFFICIENT DATA,100.0,0.0
2025,H0311,Alex Q. Askew,D,Taxes and Revenue,Derived from LIS bill description,6,5,0,5,INSUFFICIENT DATA,100.0,0.0
2025,H0239,Alfonso H. Lopez,D,Taxes and Revenue,Derived from LIS bill description,6,6,0,6,INSUFFICIENT DATA,100.0,0.0
2025,H0313,Amanda E. Batten,R,Taxes and Revenue,Derived from LIS bill description,6,6,0,6,INSUFFICIENT DATA,100.0,0.0
2025,H0371,Amy J. Laufer,D,Taxes and Revenue,Derived from LIS bill description,9,9,0,9,INSUFFICIENT DATA,100.0,0.0
2025,H0345,Anne Ferrell Tata,R,Taxes and Revenue,Derived from LIS bill description,6,6,0,6,INSUFFICIENT DATA,100.0,0.0
2025,H0380,Atoosa R. Reaser,D,Taxes and Revenue,Derived from LIS bill description,6,6,0,6,INSUFFICIENT DATA,100.0,0.0
2025,H0206,Barry D. Knight,R,Taxes and Revenue,Derived from LIS bill description,6,1,0,1,INSUFFICIENT DATA,100.0,0.0
2025,H0212,Betsy B. Carr,D,Taxes and Revenue,Derived from LIS bill description,6,6,0,6,INSUFFICIENT DATA,100.0,0.0
2025,H0329,Bill Wiley,R,Taxes and Revenue,Derived from LIS bill description,6,6,0,6,INSUFFICIENT DATA,100.0,0.0
2025,H0353,Bonita G. Anthony,D,Taxes and Revenue,Derived from LIS bill description,9,9,0,9,INSUFFICIENT DATA,100.0,0.0
2025,H0343,Briana D. Sewell,D,Taxes and Revenue,Derived from LIS bill description,6,6,0,6,INSUFFICIENT DATA,100.0,0.0
2025,H0181,C. Todd Gilbert,R,Taxes and Revenue,Derived from LIS bill description,6,6,0,6,INSUFFICIENT DATA,100.0,0.0
2025,H0285,"C.E. Cliff Hayes, Jr.",D,Taxes and Revenue,Derived from LIS bill description,6,6,0,6,INSUFFICIENT DATA,100.0,0.0
2025,H0330,Candi Mundon King,D,Taxes and Revenue,Derived from LIS bill description,9,9,0,9,INSUFFICIENT DATA,100.0,0.0
2025,H0315,Carrie E. Coyner,R,Taxes and Revenue,Derived from LIS bill description,6,6,0,6,INSUFFICIENT DATA,100.0,0.0
2025,H0208,Charniele L. Herring,D,Taxes and Revenue,Derived from LIS bill description,6,6,0,6,INSUFFICIENT DATA,100.0,0.0
2025,H0378,Chris Obenshain,R,Taxes and Revenue,Derived from LIS bill description,6,6,0,6,INSUFFICIENT DATA,100.0,0.0
2025,H0321,Chris S. Runion,R,Taxes and Revenue,Derived from LIS bill description,9,9,0,9,INSUFFICIENT DATA,100.0,0.0
2025,H0301,David A. Reid,D,Taxes and Revenue,Derived from LIS bill description,6,6,0,6,INSUFFICIENT DATA,100.0,0.0
2025,H0177,David L. Bulova,D,Taxes and Revenue,Derived from LIS bill description,6,6,0,6,INSUFFICIENT DATA,100.0,0.0
2025,H0379,David Owen,R,Taxes and Revenue,Derived from LIS bill description,6,6,0,6,INSUFFICIENT DATA,100.0,0.0
2025,H0361,Debra D. Gardner,D,Taxes and Revenue,Derived from LIS bill description,9,6,0,6,INSUFFICIENT DATA,100.0,0.0
2025,H0207,Delores L. McQuinn,D,Taxes and Revenue,Derived from LIS bill description,6,6,0,6,INSUFFICIENT DATA,100.0,0.0
2025,H0377,Delores Oates,R,Taxes and Revenue,Derived from LIS bill description,6,6,0,6,INSUFFICIENT DATA,100.0,0.0
2025,H0372,Destiny LeVere Bolling,D,Taxes and Revenue,Derived from LIS bill description,6,6,0,6,INSUFFICIENT DATA,100.0,0.0
2025,H0322,Don Scott,D,Taxes and Revenue,Derived from LIS bill description,6,6,0,6,INSUFFICIENT DATA,100.0,0.0
2025,H0334,Elizabeth B. Bennett-Parker,D,Taxes and Revenue,Derived from LIS bill description,9,9,0,9,INSUFFICIENT DATA,100.0,0.0
2025,H0350,Ellen H. Campbell,R,Taxes and Revenue,Derived from LIS bill description,6,5,0,5,INSUFFICIENT DATA,100.0,0.0
2025,H0384,Eric Phillips,R,Taxes and Revenue,Derived from LIS bill description,6,5,0,5,INSUFFICIENT DATA,100.0,0.0
2025,H0383,Eric R. Zehr,R,Taxes and Revenue,Derived from LIS bill description,6,6,0,6,INSUFFICIENT DATA,100.0,0.0
2025,H0367,Geary Higgins,R,Taxes and Revenue,Derived from LIS bill description,6,6,0,6,INSUFFICIENT DATA,100.0,0.0
2025,H0347,"H. Otto Wachsmann, Jr.",R,Taxes and Revenue,Derived from LIS bill description,6,6,0,6,INSUFFICIENT DATA,100.0,0.0
2025,H0369,Hillary Pugh Kent,R,Taxes and Revenue,Derived from LIS bill description,9,9,0,9,INSUFFICIENT DATA,100.0,0.0
2025,H0351,Holly M. Seibold,D,Taxes and Revenue,Derived from LIS bill description,6,6,0,6,INSUFFICIENT DATA,100.0,0.0
2025,H0259,"Hyland F. ""Buddy"" Fowler, Jr.",R,Taxes and Revenue,Derived from LIS bill description,9,8,0,8,INSUFFICIENT DATA,100.0,0.0
2025,H0373,Ian T. Lovejoy,R,Taxes and Revenue,Derived from LIS bill description,6,6,0,6,INSUFFICIENT DATA,100.0,0.0
2025,H0344,Irene Shin,D,Taxes and Revenue,Derived from LIS bill description,6,6,0,6,INSUFFICIENT DATA,100.0,0.0
2025,H0242,Israel D. O'Quinn,R,Taxes and Revenue,Derived from LIS bill description,6,6,0,6,INSUFFICIENT DATA,100.0,0.0
2025,H0385,JJ Singh,D,Taxes and Revenue,Derived from LIS bill description,6,6,0,6,INSUFFICIENT DATA,100.0,0.0
2025,H0349,Jackie H. Glass,D,Taxes and Revenue,Derived from LIS bill description,6,6,0,6,INSUFFICIENT DATA,100.0,0.0
2025,H0262,"James A. ""Jay"" Leftwich",R,Taxes and Revenue,Derived from LIS bill description,6,6,0,6,INSUFFICIENT DATA,100.0,0.0
2025,H0224,James W. Morefield,R,Taxes and Revenue,Derived from LIS bill description,6,3,0,3,INSUFFICIENT DATA,100.0,0.0
2025,H0333,Jason S. Ballard,R,Taxes and Revenue,Derived from LIS bill description,6,6,0,6,INSUFFICIENT DATA,100.0,0.0
2025,H0173,Jeion A. Ward,D,Taxes and Revenue,Derived from LIS bill description,6,6,0,6,INSUFFICIENT DATA,100.0,0.0
2025,H0352,"Jonathan ""Jed"" Arnold",R,Taxes and Revenue,Derived from LIS bill description,6,6,0,6,INSUFFICIENT DATA,100.0,0.0
2025,H0308,Joseph P. McNamara,R,Taxes and Revenue,Derived from LIS bill description,9,9,0,9,INSUFFICIENT DATA,100.0,0.0
2025,H0382,Joshua E. Thomas,D,Taxes and Revenue,Derived from LIS bill description,6,6,0,6,INSUFFICIENT DATA,100.0,0.0
2025,H0314,Joshua G. Cole,D,Taxes and Revenue,Derived from LIS bill description,6,6,0,6,INSUFFICIENT DATA,100.0,0.0
2025,H0370,Karen Keys-Gamarra,D,Taxes and Revenue,Derived from LIS bill description,9,9,0,9,INSUFFICIENT DATA,100.0,0.0
2025,H0294,Karrie K. Delaney,D,Taxes and Revenue,Derived from LIS bill description,6,6,0,6,INSUFFICIENT DATA,100.0,0.0
2025,H0305,Kathy K.L. Tran,D,Taxes and Revenue,Derived from LIS bill description,9,9,0,9,INSUFFICIENT DATA,100.0,0.0
2025,H0354,Katrina Callsen,D,Taxes and Revenue,Derived from LIS bill description,9,9,0,9,INSUFFICIENT DATA,100.0,0.0
2025,H0295,Kelly K. Convirs-Fowler,D,Taxes and Revenue,Derived from LIS bill description,6,6,0,6,INSUFFICIENT DATA,100.0,0.0
2025,H0346,Kim A. Taylor,R,Taxes and Revenue,Derived from LIS bill description,6,6,0,6,INSUFFICIENT DATA,100.0,0.0
2025,H0355,Laura Jane Cohen,D,Taxes and Revenue,Derived from LIS bill description,6,6,0,6,INSUFFICIENT DATA,100.0,0.0
2025,H0227,Luke E. Torian,D,Taxes and Revenue,Derived from LIS bill description,6,6,0,6,INSUFFICIENT DATA,100.0,0.0
2025,H0284,"Marcia S. ""Cia"" Price",D,Taxes and Revenue,Derived from LIS bill description,6,6,0,6,INSUFFICIENT DATA,100.0,0.0
2025,H0264,Marcus B. Simon,D,Taxes and Revenue,Derived from LIS bill description,6,6,0,6,INSUFFICIENT DATA,100.0,0.0
2025,H0172,Mark D. Sickles,D,Taxes and Revenue,Derived from LIS bill description,6,6,0,6,INSUFFICIENT DATA,100.0,0.0
2025,H0358,"Mark L. Earley, Jr.",R,Taxes and Revenue,Derived from LIS bill description,6,6,0,6,INSUFFICIENT DATA,100.0,0.0
2025,H0374,Marty Martinez,D,Taxes and Revenue,Derived from LIS bill description,6,6,0,6,INSUFFICIENT DATA,100.0,0.0
2025,H0360,Michael B. Feggans,D,Taxes and Revenue,Derived from LIS bill description,6,6,0,6,INSUFFICIENT DATA,100.0,0.0
2025,H0368,Michael J. Jones,D,Taxes and Revenue,Derived from LIS bill description,6,6,0,6,INSUFFICIENT DATA,100.0,0.0
2025,H0340,Michelle Lopes Maldonado,D,Taxes and Revenue,Derived from LIS bill description,6,6,0,6,INSUFFICIENT DATA,100.0,0.0
2025,H0335,Mike A. Cherry,R,Taxes and Revenue,Derived from LIS bill description,6,6,0,6,INSUFFICIENT DATA,100.0,0.0
2025,H0359,N. Baxter Ennis,R,Taxes and Revenue,Derived from LIS bill description,6,6,0,6,INSUFFICIENT DATA,100.0,0.0
2025,H0336,Nadarius E. Clark,D,Taxes and Revenue,Derived from LIS bill description,6,5,0,5,INSUFFICIENT DATA,100.0,0.0
2025,H0219,Patrick A. Hope,D,Taxes and Revenue,Derived from LIS bill description,6,6,0,6,INSUFFICIENT DATA,100.0,0.0
2025,H0281,Paul E. Krizek,D,Taxes and Revenue,Derived from LIS bill description,6,6,0,6,INSUFFICIENT DATA,100.0,0.0
2025,H0376,Paul V. Milde,R,Taxes and Revenue,Derived from LIS bill description,6,4,0,4,INSUFFICIENT DATA,100.0,0.0
2025,H0366,Phil M. Hernandez,D,Taxes and Revenue,Derived from LIS bill description,9,9,0,9,INSUFFICIENT DATA,100.0,0.0
2025,H0124,R. Lee Ware,R,Taxes and Revenue,Derived from LIS bill description,9,9,0,9,INSUFFICIENT DATA,100.0,0.0
2025,H0356,Rae Cousins,D,Taxes and Revenue,Derived from LIS bill description,6,6,0,6,INSUFFICIENT DATA,100.0,0.0
2025,H0269,"Richard C. ""Rip"" Sullivan, Jr.",D,Taxes and Revenue,Derived from LIS bill description,9,9,0,9,INSUFFICIENT DATA,100.0,0.0
2025,H0073,"Robert D. Orrock, Sr.",R,Taxes and Revenue,Derived from LIS bill description,9,9,0,9,INSUFFICIENT DATA,100.0,0.0
2025,H0267,"Robert S. Bloxom, Jr.",R,Taxes and Revenue,Derived from LIS bill description,6,6,0,6,INSUFFICIENT DATA,100.0,0.0
2025,H0327,Rodney T. Willett,D,Taxes and Revenue,Derived from LIS bill description,6,6,0,6,INSUFFICIENT DATA,100.0,0.0
2025,H0365,"Rozia A. Henson, Jr.",D,Taxes and Revenue,Derived from LIS bill description,6,6,0,6,INSUFFICIENT DATA,100.0,0.0
2025,H0266,Sam Rasoul,D,Taxes and Revenue,Derived from LIS bill description,6,6,0,6,INSUFFICIENT DATA,100.0,0.0
2025,H0328,Scott A. Wyatt,R,Taxes and Revenue,Derived from LIS bill description,6,6,0,6,INSUFFICIENT DATA,100.0,0.0
2025,H0323,Shelly A. Simonds,D,Taxes and Revenue,Derived from LIS bill description,9,9,0,9,INSUFFICIENT DATA,100.0,0.0
2025,H0056,Terry G. Kilgore,R,Taxes and Revenue,Derived from LIS bill description,6,6,0,6,INSUFFICIENT DATA,100.0,0.0
2025,H0253,Terry L. Austin,R,Taxes and Revenue,Derived from LIS bill description,6,6,0,6,INSUFFICIENT DATA,100.0,0.0
2025,H0362,"Thomas A. Garrett, Jr.",R,Taxes and Revenue,Derived from LIS bill description,9,7,0,7,INSUFFICIENT DATA,100.0,0.0
2025,H0136,"Thomas C. Wright, Jr.",R,Taxes and Revenue,Derived from LIS bill description,6,6,0,6,INSUFFICIENT DATA,100.0,0.0
2025,H0231,Tony O. Wilt,R,Taxes and Revenue,Derived from LIS bill description,6,6,0,6,INSUFFICIENT DATA,100.0,0.0
2025,H0108,Vivian E. Watts,D,Taxes and Revenue,Derived from LIS bill description,9,9,0,9,INSUFFICIENT DATA,100.0,0.0
2025,H0363,W. Chad Green,R,Taxes and Revenue,Derived from LIS bill description,6,6,0,6,INSUFFICIENT DATA,100.0,0.0
2025,H0325,Wendell S. Walker,R,Taxes and Revenue,Derived from LIS bill description,9,9,0,9,INSUFFICIENT DATA,100.0,0.0
2025,H0357,Will Davis,R,Taxes and Revenue,Derived from LIS bill description,9,9,0,9,INSUFFICIENT DATA,100.0,0.0
2025,H0348,Wren M. Williams,R,Taxes and Revenue,Derived from LIS bill description,6,6,0,6,INSUFFICIENT DATA,100.0,0.0
2025,H0317,Dan I. Helmer,D,Taxes and Revenue,Derived from LIS bill description,6,5,1,6,INSUFFICIENT DATA,83.33333333333334,16.666666666666664
2025,H0238,M. Keith Hodges,R,Taxes and Revenue,Derived from LIS bill description,6,5,1,6,INSUFFICIENT DATA,83.33333333333334,16.666666666666664
2025,H0247,Michael J. Webert,R,Taxes and Revenue,Derived from LIS bill description,6,5,1,6,INSUFFICIENT DATA,83.33333333333334,16.666666666666664
2025,H0342,Phillip A. Scott,R,Taxes and Revenue,Derived from LIS bill description,6,4,2,6,INSUFFICIENT DATA,66.66666666666666,33.33333333333333
2025,H0364,Timothy P. Griffin,R,Taxes and Revenue,Derived from LIS bill description,6,4,2,6,INSUFFICIENT DATA,66.66666666666666,33.33333333333333
2025,H0279,Nicholas J. Freitas,R,Taxes and Revenue,Derived from LIS bill description,9,5,3,8,INSUFFICIENT DATA,62.5,37.5
2025,H0150,"Daniel W. Marshall, III",R,Taxes and Revenue,Derived from LIS bill description,6,0,0,0,INSUFFICIENT DATA,0.0,0.0
2025,H0136,"Thomas C. Wright, Jr.",R,Taxes and Revenue,Derived from LIS bill summary,72,42,23,65,MIXED,64.61538461538461,35.38461538461539
2025,H0377,Delores Oates,R,Taxes and Revenue,Derived from LIS bill summary,77,49,28,77,MIXED,63.63636363636363,36.36363636363637
2025,H0247,Michael J. Webert,R,Taxes and Revenue,Derived from LIS bill summary,79,46,28,74,MIXED,62.16216216216216,37.83783783783784
2025,H0362,"Thomas A. Garrett, Jr.",R,Taxes and Revenue,Derived from LIS bill summary,114,64,41,105,MIXED,60.952380952380956,39.04761904761905
2025,H0308,Joseph P. McNamara,R,Taxes and Revenue,Derived from LIS bill summary,149,86,59,145,MIXED,59.310344827586206,40.689655172413794
2025,H0181,C. Todd Gilbert,R,Taxes and Revenue,Derived from LIS bill summary,77,44,32,76,MIXED,57.89473684210527,42.10526315789473
2025,H0364,Timothy P. Griffin,R,Taxes and Revenue,Derived from LIS bill summary,71,40,31,71,MIXED,56.33802816901409,43.66197183098591
2025,H0383,Eric R. Zehr,R,Taxes and Revenue,Derived from LIS bill summary,73,38,33,71,MIXED,53.52112676056338,46.478873239436616
2025,H0279,Nicholas J. Freitas,R,Taxes and Revenue,Derived from LIS bill summary,113,54,48,102,MIXED,52.94117647058824,47.05882352941176
2025,H0342,Phillip A. Scott,R,Taxes and Revenue,Derived from LIS bill summary,72,37,33,70,MIXED,52.85714285714286,47.14285714285714
2025,H0371,Amy J. Laufer,D,Taxes and Revenue,Derived from LIS bill summary,149,141,5,146,YES,96.57534246575342,3.4246575342465753
2025,H0354,Katrina Callsen,D,Taxes and Revenue,Derived from LIS bill summary,156,148,6,154,YES,96.1038961038961,3.896103896103896
2025,H0266,Sam Rasoul,D,Taxes and Revenue,Derived from LIS bill summary,83,71,3,74,YES,95.94594594594594,4.054054054054054
2025,H0361,Debra D. Gardner,D,Taxes and Revenue,Derived from LIS bill summary,145,133,6,139,YES,95.68345323741008,4.316546762589928
2025,H0368,Michael J. Jones,D,Taxes and Revenue,Derived from LIS bill summary,78,65,3,68,YES,95.58823529411765,4.411764705882353
2025,H0269,"Richard C. ""Rip"" Sullivan, Jr.",D,Taxes and Revenue,Derived from LIS bill summary,162,128,6,134,YES,95.52238805970148,4.477611940298507
2025,H0323,Shelly A. Simonds,D,Taxes and Revenue,Derived from LIS bill summary,127,119,6,125,YES,95.19999999999999,4.8
2025,H0239,Alfonso H. Lopez,D,Taxes and Revenue,Derived from LIS bill summary,79,72,4,76,YES,94.73684210526315,5.263157894736842
2025,H0207,Delores L. McQuinn,D,Taxes and Revenue,Derived from LIS bill summary,83,71,4,75,YES,94.66666666666667,5.333333333333334
2025,H0173,Jeion A. Ward,D,Taxes and Revenue,Derived from LIS bill summary,79,71,4,75,YES,94.66666666666667,5.333333333333334
2025,H0353,Bonita G. Anthony,D,Taxes and Revenue,Derived from LIS bill summary,147,139,8,147,YES,94.5578231292517,5.442176870748299
2025,H0372,Destiny LeVere Bolling,D,Taxes and Revenue,Derived from LIS bill summary,77,69,4,73,YES,94.52054794520548,5.47945205479452
2025,H0370,Karen Keys-Gamarra,D,Taxes and Revenue,Derived from LIS bill summary,140,132,8,140,YES,94.28571428571428,5.714285714285714
2025,H0311,Alex Q. Askew,D,Taxes and Revenue,Derived from LIS bill summary,89,82,5,87,YES,94.25287356321839,5.747126436781609
2025,H0212,Betsy B. Carr,D,Taxes and Revenue,Derived from LIS bill summary,86,81,5,86,YES,94.18604651162791,5.813953488372093
2025,H0344,Irene Shin,D,Taxes and Revenue,Derived from LIS bill summary,85,80,5,85,YES,94.11764705882352,5.88235294117647
2025,H0281,Paul E. Krizek,D,Taxes and Revenue,Derived from LIS bill summary,85,80,5,85,YES,94.11764705882352,5.88235294117647
2025,H0227,Luke E. Torian,D,Taxes and Revenue,Derived from LIS bill summary,87,78,5,83,YES,93.97590361445783,6.024096385542169
2025,H0380,Atoosa R. Reaser,D,Taxes and Revenue,Derived from LIS bill summary,81,76,5,81,YES,93.82716049382715,6.172839506172839
2025,H0327,Rodney T. Willett,D,Taxes and Revenue,Derived from LIS bill summary,81,76,5,81,YES,93.82716049382715,6.172839506172839
2025,H0285,"C.E. Cliff Hayes, Jr.",D,Taxes and Revenue,Derived from LIS bill summary,82,75,5,80,YES,93.75,6.25
2025,H0301,David A. Reid,D,Taxes and Revenue,Derived from LIS bill summary,80,75,5,80,YES,93.75,6.25
2025,H0172,Mark D. Sickles,D,Taxes and Revenue,Derived from LIS bill summary,80,75,5,80,YES,93.75,6.25
2025,H0366,Phil M. Hernandez,D,Taxes and Revenue,Derived from LIS bill summary,143,134,9,143,YES,93.7062937062937,6.293706293706294
2025,H0208,Charniele L. Herring,D,Taxes and Revenue,Derived from LIS bill summary,81,73,5,78,YES,93.58974358974359,6.41025641025641
2025,H0294,Karrie K. Delaney,D,Taxes and Revenue,Derived from LIS bill summary,80,73,5,78,YES,93.58974358974359,6.41025641025641
2025,H0340,Michelle Lopes Maldonado,D,Taxes and Revenue,Derived from LIS bill summary,77,72,5,77,YES,93.5064935064935,6.493506493506493
2025,H0375,Adele Y. McClure,D,Taxes and Revenue,Derived from LIS bill summary,76,71,5,76,YES,93.42105263157895,6.578947368421052
2025,H0356,Rae Cousins,D,Taxes and Revenue,Derived from LIS bill summary,76,71,5,76,YES,93.42105263157895,6.578947368421052
2025,H0351,Holly M. Seibold,D,Taxes and Revenue,Derived from LIS bill summary,75,70,5,75,YES,93.33333333333333,6.666666666666667
2025,H0374,Marty Martinez,D,Taxes and Revenue,Derived from LIS bill summary,76,70,5,75,YES,93.33333333333333,6.666666666666667
2025,H0219,Patrick A. Hope,D,Taxes and Revenue,Derived from LIS bill summary,77,68,5,73,YES,93.15068493150685,6.8493150684931505
2025,H0330,Candi Mundon King,D,Taxes and Revenue,Derived from LIS bill summary,148,134,10,144,YES,93.05555555555556,6.944444444444445
2025,H0314,Joshua G. Cole,D,Taxes and Revenue,Derived from LIS bill summary,75,67,5,72,YES,93.05555555555556,6.944444444444445
2025,H0295,Kelly K. Convirs-Fowler,D,Taxes and Revenue,Derived from LIS bill summary,73,67,5,72,YES,93.05555555555556,6.944444444444445
2025,H0322,Don Scott,D,Taxes and Revenue,Derived from LIS bill summary,72,66,5,71,YES,92.95774647887323,7.042253521126761
2025,H0365,"Rozia A. Henson, Jr.",D,Taxes and Revenue,Derived from LIS bill summary,71,66,5,71,YES,92.95774647887323,7.042253521126761
2025,H0385,JJ Singh,D,Taxes and Revenue,Derived from LIS bill summary,71,65,5,70,YES,92.85714285714286,7.142857142857142
2025,H0108,Vivian E. Watts,D,Taxes and Revenue,Derived from LIS bill summary,178,140,11,151,YES,92.71523178807946,7.28476821192053
2025,H0382,Joshua E. Thomas,D,Taxes and Revenue,Derived from LIS bill summary,80,73,6,79,YES,92.40506329113924,7.59493670886076
2025,H0284,"Marcia S. ""Cia"" Price",D,Taxes and Revenue,Derived from LIS bill summary,78,72,6,78,YES,92.3076923076923,7.6923076923076925
2025,H0355,Laura Jane Cohen,D,Taxes and Revenue,Derived from LIS bill summary,76,70,6,76,YES,92.10526315789474,7.894736842105263
2025,H0343,Briana D. Sewell,D,Taxes and Revenue,Derived from LIS bill summary,87,80,7,87,YES,91.95402298850574,8.045977011494253
2025,H0349,Jackie H. Glass,D,Taxes and Revenue,Derived from LIS bill summary,74,68,6,74,YES,91.8918918918919,8.108108108108109
2025,H0360,Michael B. Feggans,D,Taxes and Revenue,Derived from LIS bill summary,75,68,6,74,YES,91.8918918918919,8.108108108108109
2025,H0177,David L. Bulova,D,Taxes and Revenue,Derived from LIS bill summary,88,76,7,83,YES,91.56626506024097,8.433734939759036
2025,H0264,Marcus B. Simon,D,Taxes and Revenue,Derived from LIS bill summary,83,76,7,83,YES,91.56626506024097,8.433734939759036
2025,H0336,Nadarius E. Clark,D,Taxes and Revenue,Derived from LIS bill summary,74,65,6,71,YES,91.54929577464789,8.450704225352112
2025,H0334,Elizabeth B. Bennett-Parker,D,Taxes and Revenue,Derived from LIS bill summary,162,144,14,158,YES,91.13924050632912,8.860759493670885
2025,H0317,Dan I. Helmer,D,Taxes and Revenue,Derived from LIS bill summary,77,70,7,77,YES,90.9090909090909,9.090909090909092
2025,H0305,Kathy K.L. Tran,D,Taxes and Revenue,Derived from LIS bill summary,144,123,21,144,YES,85.41666666666666,14.583333333333334
2025,H0150,"Daniel W. Marshall, III",R,Taxes and Revenue,Derived from LIS bill summary,82,10,2,12,YES,83.33333333333334,16.666666666666664
2025,H0267,"Robert S. Bloxom, Jr.",R,Taxes and Revenue,Derived from LIS bill summary,86,71,15,86,YES,82.55813953488372,17.441860465116278
2025,H0315,Carrie E. Coyner,R,Taxes and Revenue,Derived from LIS bill summary,88,60,15,75,YES,80.0,20.0
2025,H0359,N. Baxter Ennis,R,Taxes and Revenue,Derived from LIS bill summary,71,52,14,66,YES,78.78787878787878,21.21212121212121
2025,H0224,James W. Morefield,R,Taxes and Revenue,Derived from LIS bill summary,88,66,19,85,YES,77.64705882352942,22.35294117647059
2025,H0345,Anne Ferrell Tata,R,Taxes and Revenue,Derived from LIS bill summary,84,65,19,84,YES,77.38095238095238,22.61904761904762
2025,H0337,A.C. Cordoza,R,Taxes and Revenue,Derived from LIS bill summary,74,57,17,74,YES,77.02702702702703,22.972972972972975
2025,H0253,Terry L. Austin,R,Taxes and Revenue,Derived from LIS bill summary,86,65,20,85,YES,76.47058823529412,23.52941176470588
2025,H0056,Terry G. Kilgore,R,Taxes and Revenue,Derived from LIS bill summary,81,61,20,81,YES,75.30864197530865,24.691358024691358
2025,H0379,David Owen,R,Taxes and Revenue,Derived from LIS bill summary,71,52,18,70,YES,74.28571428571429,25.71428571428571
2025,H0373,Ian T. Lovejoy,R,Taxes and Revenue,Derived from LIS bill summary,76,56,20,76,YES,73.68421052631578,26.31578947368421
2025,H0328,Scott A. Wyatt,R,Taxes and Revenue,Derived from LIS bill summary,84,61,22,83,YES,73.49397590361446,26.506024096385545
2025,H0259,"Hyland F. ""Buddy"" Fowler, Jr.",R,Taxes and Revenue,Derived from LIS bill summary,140,97,36,133,YES,72.93233082706767,27.06766917293233
2025,H0350,Ellen H. Campbell,R,Taxes and Revenue,Derived from LIS bill summary,88,61,24,85,YES,71.76470588235294,28.235294117647058
2025,H0238,M. Keith Hodges,R,Taxes and Revenue,Derived from LIS bill summary,82,58,23,81,YES,71.60493827160494,28.39506172839506
2025,H0231,Tony O. Wilt,R,Taxes and Revenue,Derived from LIS bill summary,77,55,22,77,YES,71.42857142857143,28.57142857142857
2025,H0352,"Jonathan ""Jed"" Arnold",R,Taxes and Revenue,Derived from LIS bill summary,78,52,21,73,YES,71.23287671232876,28.767123287671232
2025,H0335,Mike A. Cherry,R,Taxes and Revenue,Derived from LIS bill summary,73,52,21,73,YES,71.23287671232876,28.767123287671232
2025,H0346,Kim A. Taylor,R,Taxes and Revenue,Derived from LIS bill summary,71,47,19,66,YES,71.21212121212122,28.78787878787879
2025,H0329,Bill Wiley,R,Taxes and Revenue,Derived from LIS bill summary,83,56,23,79,YES,70.88607594936708,29.11392405063291
2025,H0363,W. Chad Green,R,Taxes and Revenue,Derived from LIS bill summary,72,51,21,72,YES,70.83333333333334,29.166666666666668
2025,H0321,Chris S. Runion,R,Taxes and Revenue,Derived from LIS bill summary,124,87,36,123,YES,70.73170731707317,29.268292682926827
2025,H0206,Barry D. Knight,R,Taxes and Revenue,Derived from LIS bill summary,80,24,10,34,YES,70.58823529411765,29.411764705882355
2025,H0367,Geary Higgins,R,Taxes and Revenue,Derived from LIS bill summary,78,55,23,78,YES,70.51282051282051,29.48717948717949
2025,H0347,"H. Otto Wachsmann, Jr.",R,Taxes and Revenue,Derived from LIS bill summary,71,50,21,71,YES,70.4225352112676,29.577464788732392
2025,H0358,"Mark L. Earley, Jr.",R,Taxes and Revenue,Derived from LIS bill summary,73,50,21,71,YES,70.4225352112676,29.577464788732392
2025,H0073,"Robert D. Orrock, Sr.",R,Taxes and Revenue,Derived from LIS bill summary,151,92,40,132,YES,69.6969696969697,30.303030303030305
2025,H0357,Will Davis,R,Taxes and Revenue,Derived from LIS bill summary,138,96,42,138,YES,69.56521739130434,30.434782608695656
2025,H0333,Jason S. Ballard,R,Taxes and Revenue,Derived from LIS bill summary,79,54,24,78,YES,69.23076923076923,30.76923076923077
2025,H0384,Eric Phillips,R,Taxes and Revenue,Derived from LIS bill summary,70,47,21,68,YES,69.11764705882352,30.88235294117647
2025,H0378,Chris Obenshain,R,Taxes and Revenue,Derived from LIS bill summary,73,50,23,73,YES,68.4931506849315,31.506849315068493
2025,H0376,Paul V. Milde,R,Taxes and Revenue,Derived from LIS bill summary,71,45,21,66,YES,68.18181818181817,31.818181818181817
2025,H0242,Israel D. O'Quinn,R,Taxes and Revenue,Derived from LIS bill summary,77,51,24,75,YES,68.0,32.0
2025,H0369,Hillary Pugh Kent,R,Taxes and Revenue,Derived from LIS bill summary,114,76,37,113,YES,67.2566371681416,32.743362831858406
2025,H0262,"James A. ""Jay"" Leftwich",R,Taxes and Revenue,Derived from LIS bill summary,80,53,27,80,YES,66.25,33.75
2025,H0313,Amanda E. Batten,R,Taxes and Revenue,Derived from LIS bill summary,74,49,25,74,YES,66.21621621621621,33.78378378378378
2025,H0348,Wren M. Williams,R,Taxes and Revenue,Derived from LIS bill summary,79,52,27,79,YES,65.82278481012658,34.177215189873415
2025,H0124,R. Lee Ware,R,Taxes and Revenue,Derived from LIS bill summary,148,96,50,146,YES,65.75342465753424,34.24657534246575
2025,H0325,Wendell S. Walker,R,Taxes and Revenue,Derived from LIS bill summary,146,95,50,145,YES,65.51724137931035,34.48275862068966
2025,H0337,A.C. Cordoza,R,Technology and Data,Derived from LIS bill description,1,1,0,1,INSUFFICIENT DATA,100.0,0.0
2025,H0375,Adele Y. McClure,D,Technology and Data,Derived from LIS bill description,1,1,0,1,INSUFFICIENT DATA,100.0,0.0
2025,H0311,Alex Q. Askew,D,Technology and Data,Derived from LIS bill description,3,3,0,3,INSUFFICIENT DATA,100.0,0.0
2025,H0239,Alfonso H. Lopez,D,Technology and Data,Derived from LIS bill description,1,1,0,1,INSUFFICIENT DATA,100.0,0.0
2025,H0371,Amy J. Laufer,D,Technology and Data,Derived from LIS bill description,2,2,0,2,INSUFFICIENT DATA,100.0,0.0
2025,H0380,Atoosa R. Reaser,D,Technology and Data,Derived from LIS bill description,3,3,0,3,INSUFFICIENT DATA,100.0,0.0
2025,H0212,Betsy B. Carr,D,Technology and Data,Derived from LIS bill description,1,1,0,1,INSUFFICIENT DATA,100.0,0.0
2025,H0329,Bill Wiley,R,Technology and Data,Derived from LIS bill description,1,1,0,1,INSUFFICIENT DATA,100.0,0.0
2025,H0353,Bonita G. Anthony,D,Technology and Data,Derived from LIS bill description,1,1,0,1,INSUFFICIENT DATA,100.0,0.0
2025,H0343,Briana D. Sewell,D,Technology and Data,Derived from LIS bill description,2,2,0,2,INSUFFICIENT DATA,100.0,0.0
2025,H0285,"C.E. Cliff Hayes, Jr.",D,Technology and Data,Derived from LIS bill description,1,1,0,1,INSUFFICIENT DATA,100.0,0.0
2025,H0330,Candi Mundon King,D,Technology and Data,Derived from LIS bill description,1,1,0,1,INSUFFICIENT DATA,100.0,0.0
2025,H0315,Carrie E. Coyner,R,Technology and Data,Derived from LIS bill description,3,2,0,2,INSUFFICIENT DATA,100.0,0.0
2025,H0208,Charniele L. Herring,D,Technology and Data,Derived from LIS bill description,1,1,0,1,INSUFFICIENT DATA,100.0,0.0
2025,H0378,Chris Obenshain,R,Technology and Data,Derived from LIS bill description,1,1,0,1,INSUFFICIENT DATA,100.0,0.0
2025,H0321,Chris S. Runion,R,Technology and Data,Derived from LIS bill description,1,1,0,1,INSUFFICIENT DATA,100.0,0.0
2025,H0317,Dan I. Helmer,D,Technology and Data,Derived from LIS bill description,1,1,0,1,INSUFFICIENT DATA,100.0,0.0
2025,H0301,David A. Reid,D,Technology and Data,Derived from LIS bill description,1,1,0,1,INSUFFICIENT DATA,100.0,0.0
2025,H0177,David L. Bulova,D,Technology and Data,Derived from LIS bill description,1,1,0,1,INSUFFICIENT DATA,100.0,0.0
2025,H0379,David Owen,R,Technology and Data,Derived from LIS bill description,1,1,0,1,INSUFFICIENT DATA,100.0,0.0
2025,H0361,Debra D. Gardner,D,Technology and Data,Derived from LIS bill description,1,1,0,1,INSUFFICIENT DATA,100.0,0.0
2025,H0207,Delores L. McQuinn,D,Technology and Data,Derived from LIS bill description,2,2,0,2,INSUFFICIENT DATA,100.0,0.0
2025,H0377,Delores Oates,R,Technology and Data,Derived from LIS bill description,1,1,0,1,INSUFFICIENT DATA,100.0,0.0
2025,H0372,Destiny LeVere Bolling,D,Technology and Data,Derived from LIS bill description,3,2,0,2,INSUFFICIENT DATA,100.0,0.0
2025,H0322,Don Scott,D,Technology and Data,Derived from LIS bill description,1,1,0,1,INSUFFICIENT DATA,100.0,0.0
2025,H0334,Elizabeth B. Bennett-Parker,D,Technology and Data,Derived from LIS bill description,1,1,0,1,INSUFFICIENT DATA,100.0,0.0
2025,H0350,Ellen H. Campbell,R,Technology and Data,Derived from LIS bill description,1,1,0,1,INSUFFICIENT DATA,100.0,0.0
2025,H0384,Eric Phillips,R,Technology and Data,Derived from LIS bill description,1,1,0,1,INSUFFICIENT DATA,100.0,0.0
2025,H0367,Geary Higgins,R,Technology and Data,Derived from LIS bill description,1,1,0,1,INSUFFICIENT DATA,100.0,0.0
2025,H0369,Hillary Pugh Kent,R,Technology and Data,Derived from LIS bill description,1,1,0,1,INSUFFICIENT DATA,100.0,0.0
2025,H0351,Holly M. Seibold,D,Technology and Data,Derived from LIS bill description,1,1,0,1,INSUFFICIENT DATA,100.0,0.0
2025,H0373,Ian T. Lovejoy,R,Technology and Data,Derived from LIS bill description,1,1,0,1,INSUFFICIENT DATA,100.0,0.0
2025,H0344,Irene Shin,D,Technology and Data,Derived from LIS bill description,1,1,0,1,INSUFFICIENT DATA,100.0,0.0
2025,H0385,JJ Singh,D,Technology and Data,Derived from LIS bill description,1,1,0,1,INSUFFICIENT DATA,100.0,0.0
2025,H0349,Jackie H. Glass,D,Technology and Data,Derived from LIS bill description,1,1,0,1,INSUFFICIENT DATA,100.0,0.0
2025,H0262,"James A. ""Jay"" Leftwich",R,Technology and Data,Derived from LIS bill description,1,1,0,1,INSUFFICIENT DATA,100.0,0.0
2025,H0224,James W. Morefield,R,Technology and Data,Derived from LIS bill description,1,1,0,1,INSUFFICIENT DATA,100.0,0.0
2025,H0333,Jason S. Ballard,R,Technology and Data,Derived from LIS bill description,1,1,0,1,INSUFFICIENT DATA,100.0,0.0
2025,H0173,Jeion A. Ward,D,Technology and Data,Derived from LIS bill description,1,1,0,1,INSUFFICIENT DATA,100.0,0.0
2025,H0382,Joshua E. Thomas,D,Technology and Data,Derived from LIS bill description,1,1,0,1,INSUFFICIENT DATA,100.0,0.0
2025,H0314,Joshua G. Cole,D,Technology and Data,Derived from LIS bill description,1,1,0,1,INSUFFICIENT DATA,100.0,0.0
2025,H0370,Karen Keys-Gamarra,D,Technology and Data,Derived from LIS bill description,1,1,0,1,INSUFFICIENT DATA,100.0,0.0
2025,H0294,Karrie K. Delaney,D,Technology and Data,Derived from LIS bill description,1,1,0,1,INSUFFICIENT DATA,100.0,0.0
2025,H0305,Kathy K.L. Tran,D,Technology and Data,Derived from LIS bill description,1,1,0,1,INSUFFICIENT DATA,100.0,0.0
2025,H0354,Katrina Callsen,D,Technology and Data,Derived from LIS bill description,1,1,0,1,INSUFFICIENT DATA,100.0,0.0
2025,H0295,Kelly K. Convirs-Fowler,D,Technology and Data,Derived from LIS bill description,2,2,0,2,INSUFFICIENT DATA,100.0,0.0
2025,H0346,Kim A. Taylor,R,Technology and Data,Derived from LIS bill description,1,1,0,1,INSUFFICIENT DATA,100.0,0.0
2025,H0355,Laura Jane Cohen,D,Technology and Data,Derived from LIS bill description,2,2,0,2,INSUFFICIENT DATA,100.0,0.0
2025,H0227,Luke E. Torian,D,Technology and Data,Derived from LIS bill description,1,1,0,1,INSUFFICIENT DATA,100.0,0.0
2025,H0284,"Marcia S. ""Cia"" Price",D,Technology and Data,Derived from LIS bill description,1,1,0,1,INSUFFICIENT DATA,100.0,0.0
2025,H0264,Marcus B. Simon,D,Technology and Data,Derived from LIS bill description,1,1,0,1,INSUFFICIENT DATA,100.0,0.0
2025,H0172,Mark D. Sickles,D,Technology and Data,Derived from LIS bill description,1,1,0,1,INSUFFICIENT DATA,100.0,0.0
2025,H0358,"Mark L. Earley, Jr.",R,Technology and Data,Derived from LIS bill description,1,1,0,1,INSUFFICIENT DATA,100.0,0.0
2025,H0374,Marty Martinez,D,Technology and Data,Derived from LIS bill description,1,1,0,1,INSUFFICIENT DATA,100.0,0.0
2025,H0360,Michael B. Feggans,D,Technology and Data,Derived from LIS bill description,1,1,0,1,INSUFFICIENT DATA,100.0,0.0
2025,H0340,Michelle Lopes Maldonado,D,Technology and Data,Derived from LIS bill description,1,1,0,1,INSUFFICIENT DATA,100.0,0.0
2025,H0336,Nadarius E. Clark,D,Technology and Data,Derived from LIS bill description,2,2,0,2,INSUFFICIENT DATA,100.0,0.0
2025,H0219,Patrick A. Hope,D,Technology and Data,Derived from LIS bill description,1,1,0,1,INSUFFICIENT DATA,100.0,0.0
2025,H0281,Paul E. Krizek,D,Technology and Data,Derived from LIS bill description,1,1,0,1,INSUFFICIENT DATA,100.0,0.0
2025,H0366,Phil M. Hernandez,D,Technology and Data,Derived from LIS bill description,1,1,0,1,INSUFFICIENT DATA,100.0,0.0
2025,H0356,Rae Cousins,D,Technology and Data,Derived from LIS bill description,3,3,0,3,INSUFFICIENT DATA,100.0,0.0
2025,H0269,"Richard C. ""Rip"" Sullivan, Jr.",D,Technology and Data,Derived from LIS bill description,1,1,0,1,INSUFFICIENT DATA,100.0,0.0
2025,H0073,"Robert D. Orrock, Sr.",R,Technology and Data,Derived from LIS bill description,1,1,0,1,INSUFFICIENT DATA,100.0,0.0
2025,H0267,"Robert S. Bloxom, Jr.",R,Technology and Data,Derived from LIS bill description,1,1,0,1,INSUFFICIENT DATA,100.0,0.0
2025,H0327,Rodney T. Willett,D,Technology and Data,Derived from LIS bill description,1,1,0,1,INSUFFICIENT DATA,100.0,0.0
2025,H0365,"Rozia A. Henson, Jr.",D,Technology and Data,Derived from LIS bill description,1,1,0,1,INSUFFICIENT DATA,100.0,0.0
2025,H0266,Sam Rasoul,D,Technology and Data,Derived from LIS bill description,3,3,0,3,INSUFFICIENT DATA,100.0,0.0
2025,H0323,Shelly A. Simonds,D,Technology and Data,Derived from LIS bill description,3,3,0,3,INSUFFICIENT DATA,100.0,0.0
2025,H0056,Terry G. Kilgore,R,Technology and Data,Derived from LIS bill description,1,1,0,1,INSUFFICIENT DATA,100.0,0.0
2025,H0253,Terry L. Austin,R,Technology and Data,Derived from LIS bill description,1,1,0,1,INSUFFICIENT DATA,100.0,0.0
2025,H0231,Tony O. Wilt,R,Technology and Data,Derived from LIS bill description,1,1,0,1,INSUFFICIENT DATA,100.0,0.0
2025,H0108,Vivian E. Watts,D,Technology and Data,Derived from LIS bill description,1,1,0,1,INSUFFICIENT DATA,100.0,0.0
2025,H0363,W. Chad Green,R,Technology and Data,Derived from LIS bill description,3,3,0,3,INSUFFICIENT DATA,100.0,0.0
2025,H0325,Wendell S. Walker,R,Technology and Data,Derived from LIS bill description,1,1,0,1,INSUFFICIENT DATA,100.0,0.0
2025,H0357,Will Davis,R,Technology and Data,Derived from LIS bill description,1,1,0,1,INSUFFICIENT DATA,100.0,0.0
2025,H0348,Wren M. Williams,R,Technology and Data,Derived from LIS bill description,1,1,0,1,INSUFFICIENT DATA,100.0,0.0
2025,H0313,Amanda E. Batten,R,Technology and Data,Derived from LIS bill description,2,1,1,2,INSUFFICIENT DATA,50.0,50.0
2025,H0345,Anne Ferrell Tata,R,Technology and Data,Derived from LIS bill description,2,1,1,2,INSUFFICIENT DATA,50.0,50.0
2025,H0335,Mike A. Cherry,R,Technology and Data,Derived from LIS bill description,3,1,2,3,INSUFFICIENT DATA,33.33333333333333,66.66666666666666
2025,H0206,Barry D. Knight,R,Technology and Data,Derived from LIS bill summary,23,1,3,4,INSUFFICIENT DATA,25.0,75.0
2025,H0150,"Daniel W. Marshall, III",R,Technology and Data,Derived from LIS bill summary,25,1,3,4,INSUFFICIENT DATA,25.0,75.0
2025,H0206,Barry D. Knight,R,Technology and Data,Derived from LIS bill description,1,0,0,0,INSUFFICIENT DATA,0.0,0.0
2025,H0181,C. Todd Gilbert,R,Technology and Data,Derived from LIS bill description,1,0,1,1,INSUFFICIENT DATA,0.0,100.0
2025,H0150,"Daniel W. Marshall, III",R,Technology and Data,Derived from LIS bill description,1,0,0,0,INSUFFICIENT DATA,0.0,0.0
2025,H0383,Eric R. Zehr,R,Technology and Data,Derived from LIS bill description,2,0,2,2,INSUFFICIENT DATA,0.0,100.0
2025,H0347,"H. Otto Wachsmann, Jr.",R,Technology and Data,Derived from LIS bill description,1,0,1,1,INSUFFICIENT DATA,0.0,100.0
2025,H0259,"Hyland F. ""Buddy"" Fowler, Jr.",R,Technology and Data,Derived from LIS bill description,1,0,1,1,INSUFFICIENT DATA,0.0,100.0
2025,H0242,Israel D. O'Quinn,R,Technology and Data,Derived from LIS bill description,1,0,1,1,INSUFFICIENT DATA,0.0,100.0
2025,H0352,"Jonathan ""Jed"" Arnold",R,Technology and Data,Derived from LIS bill description,1,0,1,1,INSUFFICIENT DATA,0.0,100.0
2025,H0308,Joseph P. McNamara,R,Technology and Data,Derived from LIS bill description,1,0,0,0,INSUFFICIENT DATA,0.0,0.0
2025,H0238,M. Keith Hodges,R,Technology and Data,Derived from LIS bill description,1,0,1,1,INSUFFICIENT DATA,0.0,100.0
2025,H0368,Michael J. Jones,D,Technology and Data,Derived from LIS bill description,1,0,0,0,INSUFFICIENT DATA,0.0,0.0
2025,H0247,Michael J. Webert,R,Technology and Data,Derived from LIS bill description,1,0,1,1,INSUFFICIENT DATA,0.0,100.0
2025,H0359,N. Baxter Ennis,R,Technology and Data,Derived from LIS bill description,2,0,2,2,INSUFFICIENT DATA,0.0,100.0
2025,H0279,Nicholas J. Freitas,R,Technology and Data,Derived from LIS bill description,2,0,2,2,INSUFFICIENT DATA,0.0,100.0
2025,H0376,Paul V. Milde,R,Technology and Data,Derived from LIS bill description,1,0,1,1,INSUFFICIENT DATA,0.0,100.0
2025,H0342,Phillip A. Scott,R,Technology and Data,Derived from LIS bill description,2,0,2,2,INSUFFICIENT DATA,0.0,100.0
2025,H0124,R. Lee Ware,R,Technology and Data,Derived from LIS bill description,1,0,1,1,INSUFFICIENT DATA,0.0,100.0
2025,H0328,Scott A. Wyatt,R,Technology and Data,Derived from LIS bill description,1,0,1,1,INSUFFICIENT DATA,0.0,100.0
2025,H0362,"Thomas A. Garrett, Jr.",R,Technology and Data,Derived from LIS bill description,2,0,2,2,INSUFFICIENT DATA,0.0,100.0
2025,H0136,"Thomas C. Wright, Jr.",R,Technology and Data,Derived from LIS bill description,1,0,1,1,INSUFFICIENT DATA,0.0,100.0
2025,H0364,Timothy P. Griffin,R,Technology and Data,Derived from LIS bill description,1,0,1,1,INSUFFICIENT DATA,0.0,100.0
2025,H0348,Wren M. Williams,R,Technology and Data,Derived from LIS bill summary,35,22,12,34,MIXED,64.70588235294117,35.294117647058826
2025,H0357,Will Davis,R,Technology and Data,Derived from LIS bill summary,28,18,10,28,MIXED,64.28571428571429,35.714285714285715
2025,H0262,"James A. ""Jay"" Leftwich",R,Technology and Data,Derived from LIS bill summary,30,19,11,30,MIXED,63.33333333333333,36.666666666666664
2025,H0315,Carrie E. Coyner,R,Technology and Data,Derived from LIS bill summary,29,17,10,27,MIXED,62.96296296296296,37.03703703703704
2025,H0313,Amanda E. Batten,R,Technology and Data,Derived from LIS bill summary,35,22,13,35,MIXED,62.857142857142854,37.142857142857146
2025,H0363,W. Chad Green,R,Technology and Data,Derived from LIS bill summary,26,16,10,26,MIXED,61.53846153846154,38.46153846153847
2025,H0056,Terry G. Kilgore,R,Technology and Data,Derived from LIS bill summary,31,19,12,31,MIXED,61.29032258064516,38.70967741935484
2025,H0378,Chris Obenshain,R,Technology and Data,Derived from LIS bill summary,28,17,11,28,MIXED,60.71428571428571,39.285714285714285
2025,H0352,"Jonathan ""Jed"" Arnold",R,Technology and Data,Derived from LIS bill summary,28,17,11,28,MIXED,60.71428571428571,39.285714285714285
2025,H0335,Mike A. Cherry,R,Technology and Data,Derived from LIS bill summary,25,15,10,25,MIXED,60.0,40.0
2025,H0073,"Robert D. Orrock, Sr.",R,Technology and Data,Derived from LIS bill summary,22,12,8,20,MIXED,60.0,40.0
2025,H0358,"Mark L. Earley, Jr.",R,Technology and Data,Derived from LIS bill summary,36,21,15,36,MIXED,58.333333333333336,41.66666666666667
2025,H0337,A.C. Cordoza,R,Technology and Data,Derived from LIS bill summary,38,22,16,38,MIXED,57.89473684210527,42.10526315789473
2025,H0379,David Owen,R,Technology and Data,Derived from LIS bill summary,21,12,9,21,MIXED,57.14285714285714,42.857142857142854
2025,H0384,Eric Phillips,R,Technology and Data,Derived from LIS bill summary,22,12,9,21,MIXED,57.14285714285714,42.857142857142854
2025,H0367,Geary Higgins,R,Technology and Data,Derived from LIS bill summary,21,12,9,21,MIXED,57.14285714285714,42.857142857142854
2025,H0325,Wendell S. Walker,R,Technology and Data,Derived from LIS bill summary,21,12,9,21,MIXED,57.14285714285714,42.857142857142854
2025,H0267,"Robert S. Bloxom, Jr.",R,Technology and Data,Derived from LIS bill summary,26,14,11,25,MIXED,56.00000000000001,44.0
2025,H0259,"Hyland F. ""Buddy"" Fowler, Jr.",R,Technology and Data,Derived from LIS bill summary,21,11,9,20,MIXED,55.00000000000001,45.0
2025,H0342,Phillip A. Scott,R,Technology and Data,Derived from LIS bill summary,23,12,10,22,MIXED,54.54545454545454,45.45454545454545
2025,H0345,Anne Ferrell Tata,R,Technology and Data,Derived from LIS bill summary,24,13,11,24,MIXED,54.166666666666664,45.83333333333333
2025,H0181,C. Todd Gilbert,R,Technology and Data,Derived from LIS bill summary,24,13,11,24,MIXED,54.166666666666664,45.83333333333333
2025,H0224,James W. Morefield,R,Technology and Data,Derived from LIS bill summary,24,13,11,24,MIXED,54.166666666666664,45.83333333333333
2025,H0242,Israel D. O'Quinn,R,Technology and Data,Derived from LIS bill summary,26,14,12,26,MIXED,53.84615384615385,46.15384615384615
2025,H0333,Jason S. Ballard,R,Technology and Data,Derived from LIS bill summary,30,16,14,30,MIXED,53.333333333333336,46.666666666666664
2025,H0377,Delores Oates,R,Technology and Data,Derived from LIS bill summary,21,11,10,21,MIXED,52.38095238095239,47.61904761904761
2025,H0369,Hillary Pugh Kent,R,Technology and Data,Derived from LIS bill summary,21,11,10,21,MIXED,52.38095238095239,47.61904761904761
2025,H0124,R. Lee Ware,R,Technology and Data,Derived from LIS bill summary,21,11,10,21,MIXED,52.38095238095239,47.61904761904761
2025,H0321,Chris S. Runion,R,Technology and Data,Derived from LIS bill summary,23,12,11,23,MIXED,52.17391304347826,47.82608695652174
2025,H0350,Ellen H. Campbell,R,Technology and Data,Derived from LIS bill summary,24,12,11,23,MIXED,52.17391304347826,47.82608695652174
2025,H0383,Eric R. Zehr,R,Technology and Data,Derived from LIS bill summary,23,12,11,23,MIXED,52.17391304347826,47.82608695652174
2025,H0247,Michael J. Webert,R,Technology and Data,Derived from LIS bill summary,23,12,11,23,MIXED,52.17391304347826,47.82608695652174
2025,H0329,Bill Wiley,R,Technology and Data,Derived from LIS bill summary,26,13,13,26,MIXED,50.0,50.0
2025,H0347,"H. Otto Wachsmann, Jr.",R,Technology and Data,Derived from LIS bill summary,34,17,17,34,MIXED,50.0,50.0
2025,H0346,Kim A. Taylor,R,Technology and Data,Derived from LIS bill summary,27,13,13,26,MIXED,50.0,50.0
2025,H0362,"Thomas A. Garrett, Jr.",R,Technology and Data,Derived from LIS bill summary,22,10,10,20,MIXED,50.0,50.0
2025,H0231,Tony O. Wilt,R,Technology and Data,Derived from LIS bill summary,24,12,12,24,MIXED,50.0,50.0
2025,H0373,Ian T. Lovejoy,R,Technology and Data,Derived from LIS bill summary,29,13,14,27,MIXED,48.148148148148145,51.85185185185185
2025,H0253,Terry L. Austin,R,Technology and Data,Derived from LIS bill summary,25,12,13,25,MIXED,48.0,52.0
2025,H0279,Nicholas J. Freitas,R,Technology and Data,Derived from LIS bill summary,30,13,15,28,MIXED,46.42857142857143,53.57142857142857
2025,H0328,Scott A. Wyatt,R,Technology and Data,Derived from LIS bill summary,24,11,13,24,MIXED,45.83333333333333,54.166666666666664
2025,H0308,Joseph P. McNamara,R,Technology and Data,Derived from LIS bill summary,32,14,18,32,MIXED,43.75,56.25
2025,H0376,Paul V. Milde,R,Technology and Data,Derived from LIS bill summary,23,10,13,23,MIXED,43.47826086956522,56.52173913043478
2025,H0136,"Thomas C. Wright, Jr.",R,Technology and Data,Derived from LIS bill summary,31,10,18,28,MIXED,35.714285714285715,64.28571428571429
2025,H0238,M. Keith Hodges,R,Technology and Data,Derived from LIS bill summary,34,12,22,34,MIXED,35.294117647058826,64.70588235294117
2025,H0364,Timothy P. Griffin,R,Technology and Data,Derived from LIS bill summary,33,11,22,33,NO,33.33333333333333,66.66666666666666
2025,H0108,Vivian E. Watts,D,Technology and Data,Derived from LIS bill summary,36,35,1,36,YES,97.22222222222221,2.7777777777777777
2025,H0294,Karrie K. Delaney,D,Technology and Data,Derived from LIS bill summary,36,34,1,35,YES,97.14285714285714,2.857142857142857
2025,H0219,Patrick A. Hope,D,Technology and Data,Derived from LIS bill summary,34,29,1,30,YES,96.66666666666667,3.3333333333333335
2025,H0295,Kelly K. Convirs-Fowler,D,Technology and Data,Derived from LIS bill summary,24,22,1,23,YES,95.65217391304348,4.3478260869565215
2025,H0322,Don Scott,D,Technology and Data,Derived from LIS bill summary,22,21,1,22,YES,95.45454545454545,4.545454545454546
2025,H0285,"C.E. Cliff Hayes, Jr.",D,Technology and Data,Derived from LIS bill summary,37,30,2,32,YES,93.75,6.25
2025,H0227,Luke E. Torian,D,Technology and Data,Derived from LIS bill summary,26,23,2,25,YES,92.0,8.0
2025,H0351,Holly M. Seibold,D,Technology and Data,Derived from LIS bill summary,36,33,3,36,YES,91.66666666666666,8.333333333333332
2025,H0207,Delores L. McQuinn,D,Technology and Data,Derived from LIS bill summary,26,21,2,23,YES,91.30434782608695,8.695652173913043
2025,H0173,Jeion A. Ward,D,Technology and Data,Derived from LIS bill summary,35,31,3,34,YES,91.17647058823529,8.823529411764707
2025,H0344,Irene Shin,D,Technology and Data,Derived from LIS bill summary,34,30,3,33,YES,90.9090909090909,9.090909090909092
2025,H0239,Alfonso H. Lopez,D,Technology and Data,Derived from LIS bill summary,32,29,3,32,YES,90.625,9.375
2025,H0269,"Richard C. ""Rip"" Sullivan, Jr.",D,Technology and Data,Derived from LIS bill summary,32,29,3,32,YES,90.625,9.375
2025,H0380,Atoosa R. Reaser,D,Technology and Data,Derived from LIS bill summary,31,28,3,31,YES,90.32258064516128,9.67741935483871
2025,H0382,Joshua E. Thomas,D,Technology and Data,Derived from LIS bill summary,29,26,3,29,YES,89.65517241379311,10.344827586206897
2025,H0336,Nadarius E. Clark,D,Technology and Data,Derived from LIS bill summary,30,26,3,29,YES,89.65517241379311,10.344827586206897
2025,H0372,Destiny LeVere Bolling,D,Technology and Data,Derived from LIS bill summary,27,23,3,26,YES,88.46153846153845,11.538461538461538
2025,H0172,Mark D. Sickles,D,Technology and Data,Derived from LIS bill summary,27,23,3,26,YES,88.46153846153845,11.538461538461538
2025,H0301,David A. Reid,D,Technology and Data,Derived from LIS bill summary,25,22,3,25,YES,88.0,12.0
2025,H0368,Michael J. Jones,D,Technology and Data,Derived from LIS bill summary,30,22,3,25,YES,88.0,12.0
2025,H0323,Shelly A. Simonds,D,Technology and Data,Derived from LIS bill summary,25,22,3,25,YES,88.0,12.0
2025,H0354,Katrina Callsen,D,Technology and Data,Derived from LIS bill summary,33,29,4,33,YES,87.87878787878788,12.121212121212121
2025,H0208,Charniele L. Herring,D,Technology and Data,Derived from LIS bill summary,24,21,3,24,YES,87.5,12.5
2025,H0177,David L. Bulova,D,Technology and Data,Derived from LIS bill summary,26,21,3,24,YES,87.5,12.5
2025,H0366,Phil M. Hernandez,D,Technology and Data,Derived from LIS bill summary,33,28,4,32,YES,87.5,12.5
2025,H0330,Candi Mundon King,D,Technology and Data,Derived from LIS bill summary,23,20,3,23,YES,86.95652173913044,13.043478260869565
2025,H0327,Rodney T. Willett,D,Technology and Data,Derived from LIS bill summary,24,20,3,23,YES,86.95652173913044,13.043478260869565
2025,H0264,Marcus B. Simon,D,Technology and Data,Derived from LIS bill summary,31,26,4,30,YES,86.66666666666667,13.333333333333334
2025,H0371,Amy J. Laufer,D,Technology and Data,Derived from LIS bill summary,22,19,3,22,YES,86.36363636363636,13.636363636363635
2025,H0374,Marty Martinez,D,Technology and Data,Derived from LIS bill summary,29,25,4,29,YES,86.20689655172413,13.793103448275861
2025,H0370,Karen Keys-Gamarra,D,Technology and Data,Derived from LIS bill summary,36,31,5,36,YES,86.11111111111111,13.88888888888889
2025,H0356,Rae Cousins,D,Technology and Data,Derived from LIS bill summary,36,31,5,36,YES,86.11111111111111,13.88888888888889
2025,H0340,Michelle Lopes Maldonado,D,Technology and Data,Derived from LIS bill summary,42,36,6,42,YES,85.71428571428571,14.285714285714285
2025,H0349,Jackie H. Glass,D,Technology and Data,Derived from LIS bill summary,35,29,5,34,YES,85.29411764705883,14.705882352941178
2025,H0311,Alex Q. Askew,D,Technology and Data,Derived from LIS bill summary,27,23,4,27,YES,85.18518518518519,14.814814814814813
2025,H0212,Betsy B. Carr,D,Technology and Data,Derived from LIS bill summary,27,23,4,27,YES,85.18518518518519,14.814814814814813
2025,H0343,Briana D. Sewell,D,Technology and Data,Derived from LIS bill summary,27,23,4,27,YES,85.18518518518519,14.814814814814813
2025,H0266,Sam Rasoul,D,Technology and Data,Derived from LIS bill summary,28,22,4,26,YES,84.61538461538461,15.384615384615385
2025,H0281,Paul E. Krizek,D,Technology and Data,Derived from LIS bill summary,25,21,4,25,YES,84.0,16.0
2025,H0375,Adele Y. McClure,D,Technology and Data,Derived from LIS bill summary,24,20,4,24,YES,83.33333333333334,16.666666666666664
2025,H0284,"Marcia S. ""Cia"" Price",D,Technology and Data,Derived from LIS bill summary,25,20,4,24,YES,83.33333333333334,16.666666666666664
2025,H0360,Michael B. Feggans,D,Technology and Data,Derived from LIS bill summary,24,20,4,24,YES,83.33333333333334,16.666666666666664
2025,H0353,Bonita G. Anthony,D,Technology and Data,Derived from LIS bill summary,23,19,4,23,YES,82.6086956521739,17.391304347826086
2025,H0317,Dan I. Helmer,D,Technology and Data,Derived from LIS bill summary,23,19,4,23,YES,82.6086956521739,17.391304347826086
2025,H0305,Kathy K.L. Tran,D,Technology and Data,Derived from LIS bill summary,23,19,4,23,YES,82.6086956521739,17.391304347826086
2025,H0355,Laura Jane Cohen,D,Technology and Data,Derived from LIS bill summary,23,19,4,23,YES,82.6086956521739,17.391304347826086
2025,H0334,Elizabeth B. Bennett-Parker,D,Technology and Data,Derived from LIS bill summary,23,18,4,22,YES,81.81818181818183,18.181818181818183
2025,H0314,Joshua G. Cole,D,Technology and Data,Derived from LIS bill summary,23,18,4,22,YES,81.81818181818183,18.181818181818183
2025,H0361,Debra D. Gardner,D,Technology and Data,Derived from LIS bill summary,21,17,4,21,YES,80.95238095238095,19.047619047619047
2025,H0365,"Rozia A. Henson, Jr.",D,Technology and Data,Derived from LIS bill summary,31,25,6,31,YES,80.64516129032258,19.35483870967742
2025,H0385,JJ Singh,D,Technology and Data,Derived from LIS bill summary,23,18,5,23,YES,78.26086956521739,21.73913043478261
2025,H0359,N. Baxter Ennis,R,Technology and Data,Derived from LIS bill summary,22,16,6,22,YES,72.72727272727273,27.27272727272727
2025,H0375,Adele Y. McClure,D,Transportation,Derived from LIS bill description,6,6,0,6,INSUFFICIENT DATA,100.0,0.0
2025,H0311,Alex Q. Askew,D,Transportation,Derived from LIS bill description,3,2,0,2,INSUFFICIENT DATA,100.0,0.0
2025,H0239,Alfonso H. Lopez,D,Transportation,Derived from LIS bill description,4,4,0,4,INSUFFICIENT DATA,100.0,0.0
2025,H0371,Amy J. Laufer,D,Transportation,Derived from LIS bill description,3,3,0,3,INSUFFICIENT DATA,100.0,0.0
2025,H0380,Atoosa R. Reaser,D,Transportation,Derived from LIS bill description,5,5,0,5,INSUFFICIENT DATA,100.0,0.0
2025,H0206,Barry D. Knight,R,Transportation,Derived from LIS bill description,5,1,0,1,INSUFFICIENT DATA,100.0,0.0
2025,H0343,Briana D. Sewell,D,Transportation,Derived from LIS bill description,6,6,0,6,INSUFFICIENT DATA,100.0,0.0
2025,H0285,"C.E. Cliff Hayes, Jr.",D,Transportation,Derived from LIS bill description,4,4,0,4,INSUFFICIENT DATA,100.0,0.0
2025,H0330,Candi Mundon King,D,Transportation,Derived from LIS bill description,4,4,0,4,INSUFFICIENT DATA,100.0,0.0
2025,H0208,Charniele L. Herring,D,Transportation,Derived from LIS bill description,5,5,0,5,INSUFFICIENT DATA,100.0,0.0
2025,H0317,Dan I. Helmer,D,Transportation,Derived from LIS bill description,5,5,0,5,INSUFFICIENT DATA,100.0,0.0
2025,H0177,David L. Bulova,D,Transportation,Derived from LIS bill description,3,3,0,3,INSUFFICIENT DATA,100.0,0.0
2025,H0361,Debra D. Gardner,D,Transportation,Derived from LIS bill description,3,3,0,3,INSUFFICIENT DATA,100.0,0.0
2025,H0207,Delores L. McQuinn,D,Transportation,Derived from LIS bill description,5,2,0,2,INSUFFICIENT DATA,100.0,0.0
2025,H0372,Destiny LeVere Bolling,D,Transportation,Derived from LIS bill description,4,4,0,4,INSUFFICIENT DATA,100.0,0.0
2025,H0322,Don Scott,D,Transportation,Derived from LIS bill description,4,4,0,4,INSUFFICIENT DATA,100.0,0.0
2025,H0334,Elizabeth B. Bennett-Parker,D,Transportation,Derived from LIS bill description,3,3,0,3,INSUFFICIENT DATA,100.0,0.0
2025,H0351,Holly M. Seibold,D,Transportation,Derived from LIS bill description,3,3,0,3,INSUFFICIENT DATA,100.0,0.0
2025,H0344,Irene Shin,D,Transportation,Derived from LIS bill description,4,4,0,4,INSUFFICIENT DATA,100.0,0.0
2025,H0385,JJ Singh,D,Transportation,Derived from LIS bill description,3,3,0,3,INSUFFICIENT DATA,100.0,0.0
2025,H0173,Jeion A. Ward,D,Transportation,Derived from LIS bill description,7,7,0,7,INSUFFICIENT DATA,100.0,0.0
2025,H0382,Joshua E. Thomas,D,Transportation,Derived from LIS bill description,5,5,0,5,INSUFFICIENT DATA,100.0,0.0
2025,H0314,Joshua G. Cole,D,Transportation,Derived from LIS bill description,3,3,0,3,INSUFFICIENT DATA,100.0,0.0
2025,H0370,Karen Keys-Gamarra,D,Transportation,Derived from LIS bill description,5,5,0,5,INSUFFICIENT DATA,100.0,0.0
2025,H0305,Kathy K.L. Tran,D,Transportation,Derived from LIS bill description,4,4,0,4,INSUFFICIENT DATA,100.0,0.0
2025,H0354,Katrina Callsen,D,Transportation,Derived from LIS bill description,8,8,0,8,INSUFFICIENT DATA,100.0,0.0
2025,H0295,Kelly K. Convirs-Fowler,D,Transportation,Derived from LIS bill description,4,4,0,4,INSUFFICIENT DATA,100.0,0.0
2025,H0355,Laura Jane Cohen,D,Transportation,Derived from LIS bill description,5,5,0,5,INSUFFICIENT DATA,100.0,0.0
2025,H0227,Luke E. Torian,D,Transportation,Derived from LIS bill description,4,4,0,4,INSUFFICIENT DATA,100.0,0.0
2025,H0284,"Marcia S. ""Cia"" Price",D,Transportation,Derived from LIS bill description,3,3,0,3,INSUFFICIENT DATA,100.0,0.0
2025,H0264,Marcus B. Simon,D,Transportation,Derived from LIS bill description,6,6,0,6,INSUFFICIENT DATA,100.0,0.0
2025,H0172,Mark D. Sickles,D,Transportation,Derived from LIS bill description,4,4,0,4,INSUFFICIENT DATA,100.0,0.0
2025,H0374,Marty Martinez,D,Transportation,Derived from LIS bill description,3,3,0,3,INSUFFICIENT DATA,100.0,0.0
2025,H0360,Michael B. Feggans,D,Transportation,Derived from LIS bill description,7,7,0,7,INSUFFICIENT DATA,100.0,0.0
2025,H0368,Michael J. Jones,D,Transportation,Derived from LIS bill description,4,4,0,4,INSUFFICIENT DATA,100.0,0.0
2025,H0340,Michelle Lopes Maldonado,D,Transportation,Derived from LIS bill description,6,6,0,6,INSUFFICIENT DATA,100.0,0.0
2025,H0336,Nadarius E. Clark,D,Transportation,Derived from LIS bill description,3,3,0,3,INSUFFICIENT DATA,100.0,0.0
2025,H0219,Patrick A. Hope,D,Transportation,Derived from LIS bill description,8,5,0,5,INSUFFICIENT DATA,100.0,0.0
2025,H0281,Paul E. Krizek,D,Transportation,Derived from LIS bill description,3,3,0,3,INSUFFICIENT DATA,100.0,0.0
2025,H0366,Phil M. Hernandez,D,Transportation,Derived from LIS bill description,8,8,0,8,INSUFFICIENT DATA,100.0,0.0
2025,H0356,Rae Cousins,D,Transportation,Derived from LIS bill description,8,8,0,8,INSUFFICIENT DATA,100.0,0.0
2025,H0269,"Richard C. ""Rip"" Sullivan, Jr.",D,Transportation,Derived from LIS bill description,7,7,0,7,INSUFFICIENT DATA,100.0,0.0
2025,H0327,Rodney T. Willett,D,Transportation,Derived from LIS bill description,3,3,0,3,INSUFFICIENT DATA,100.0,0.0
2025,H0365,"Rozia A. Henson, Jr.",D,Transportation,Derived from LIS bill description,3,3,0,3,INSUFFICIENT DATA,100.0,0.0
2025,H0266,Sam Rasoul,D,Transportation,Derived from LIS bill description,3,3,0,3,INSUFFICIENT DATA,100.0,0.0
2025,H0323,Shelly A. Simonds,D,Transportation,Derived from LIS bill description,3,3,0,3,INSUFFICIENT DATA,100.0,0.0
2025,H0337,A.C. Cordoza,R,Transportation,Derived from LIS bill description,8,7,1,8,INSUFFICIENT DATA,87.5,12.5
2025,H0313,Amanda E. Batten,R,Transportation,Derived from LIS bill description,8,7,1,8,INSUFFICIENT DATA,87.5,12.5
2025,H0212,Betsy B. Carr,D,Transportation,Derived from LIS bill description,7,6,1,7,INSUFFICIENT DATA,85.71428571428571,14.285714285714285
2025,H0353,Bonita G. Anthony,D,Transportation,Derived from LIS bill description,5,4,1,5,INSUFFICIENT DATA,80.0,20.0
2025,H0378,Chris Obenshain,R,Transportation,Derived from LIS bill description,5,4,1,5,INSUFFICIENT DATA,80.0,20.0
2025,H0301,David A. Reid,D,Transportation,Derived from LIS bill description,5,4,1,5,INSUFFICIENT DATA,80.0,20.0
2025,H0349,Jackie H. Glass,D,Transportation,Derived from LIS bill description,6,4,1,5,INSUFFICIENT DATA,80.0,20.0
2025,H0262,"James A. ""Jay"" Leftwich",R,Transportation,Derived from LIS bill description,5,4,1,5,INSUFFICIENT DATA,80.0,20.0
2025,H0358,"Mark L. Earley, Jr.",R,Transportation,Derived from LIS bill description,5,4,1,5,INSUFFICIENT DATA,80.0,20.0
2025,H0357,Will Davis,R,Transportation,Derived from LIS bill description,5,4,1,5,INSUFFICIENT DATA,80.0,20.0
2025,H0315,Carrie E. Coyner,R,Transportation,Derived from LIS bill description,4,3,1,4,INSUFFICIENT DATA,75.0,25.0
2025,H0056,Terry G. Kilgore,R,Transportation,Derived from LIS bill description,7,5,2,7,INSUFFICIENT DATA,71.42857142857143,28.57142857142857
2025,H0345,Anne Ferrell Tata,R,Transportation,Derived from LIS bill description,3,2,1,3,INSUFFICIENT DATA,66.66666666666666,33.33333333333333
2025,H0379,David Owen,R,Transportation,Derived from LIS bill description,3,2,1,3,INSUFFICIENT DATA,66.66666666666666,33.33333333333333
2025,H0377,Delores Oates,R,Transportation,Derived from LIS bill description,3,2,1,3,INSUFFICIENT DATA,66.66666666666666,33.33333333333333
2025,H0350,Ellen H. Campbell,R,Transportation,Derived from LIS bill description,3,2,1,3,INSUFFICIENT DATA,66.66666666666666,33.33333333333333
2025,H0384,Eric Phillips,R,Transportation,Derived from LIS bill description,3,2,1,3,INSUFFICIENT DATA,66.66666666666666,33.33333333333333
2025,H0367,Geary Higgins,R,Transportation,Derived from LIS bill description,3,2,1,3,INSUFFICIENT DATA,66.66666666666666,33.33333333333333
2025,H0347,"H. Otto Wachsmann, Jr.",R,Transportation,Derived from LIS bill description,3,2,1,3,INSUFFICIENT DATA,66.66666666666666,33.33333333333333
2025,H0369,Hillary Pugh Kent,R,Transportation,Derived from LIS bill description,3,2,1,3,INSUFFICIENT DATA,66.66666666666666,33.33333333333333
2025,H0259,"Hyland F. ""Buddy"" Fowler, Jr.",R,Transportation,Derived from LIS bill description,3,2,1,3,INSUFFICIENT DATA,66.66666666666666,33.33333333333333
2025,H0373,Ian T. Lovejoy,R,Transportation,Derived from LIS bill description,3,2,1,3,INSUFFICIENT DATA,66.66666666666666,33.33333333333333
2025,H0352,"Jonathan ""Jed"" Arnold",R,Transportation,Derived from LIS bill description,5,2,1,3,INSUFFICIENT DATA,66.66666666666666,33.33333333333333
2025,H0238,M. Keith Hodges,R,Transportation,Derived from LIS bill description,3,2,1,3,INSUFFICIENT DATA,66.66666666666666,33.33333333333333
2025,H0335,Mike A. Cherry,R,Transportation,Derived from LIS bill description,3,2,1,3,INSUFFICIENT DATA,66.66666666666666,33.33333333333333
2025,H0359,N. Baxter Ennis,R,Transportation,Derived from LIS bill description,3,2,1,3,INSUFFICIENT DATA,66.66666666666666,33.33333333333333
2025,H0124,R. Lee Ware,R,Transportation,Derived from LIS bill description,3,2,1,3,INSUFFICIENT DATA,66.66666666666666,33.33333333333333
2025,H0073,"Robert D. Orrock, Sr.",R,Transportation,Derived from LIS bill description,3,2,1,3,INSUFFICIENT DATA,66.66666666666666,33.33333333333333
2025,H0267,"Robert S. Bloxom, Jr.",R,Transportation,Derived from LIS bill description,3,2,1,3,INSUFFICIENT DATA,66.66666666666666,33.33333333333333
2025,H0253,Terry L. Austin,R,Transportation,Derived from LIS bill description,6,4,2,6,INSUFFICIENT DATA,66.66666666666666,33.33333333333333
2025,H0362,"Thomas A. Garrett, Jr.",R,Transportation,Derived from LIS bill description,3,2,1,3,INSUFFICIENT DATA,66.66666666666666,33.33333333333333
2025,H0136,"Thomas C. Wright, Jr.",R,Transportation,Derived from LIS bill description,3,2,1,3,INSUFFICIENT DATA,66.66666666666666,33.33333333333333
2025,H0363,W. Chad Green,R,Transportation,Derived from LIS bill description,3,2,1,3,INSUFFICIENT DATA,66.66666666666666,33.33333333333333
2025,H0325,Wendell S. Walker,R,Transportation,Derived from LIS bill description,3,2,1,3,INSUFFICIENT DATA,66.66666666666666,33.33333333333333
2025,H0333,Jason S. Ballard,R,Transportation,Derived from LIS bill description,8,5,3,8,INSUFFICIENT DATA,62.5,37.5
2025,H0181,C. Todd Gilbert,R,Transportation,Derived from LIS bill description,5,3,2,5,INSUFFICIENT DATA,60.0,40.0
2025,H0328,Scott A. Wyatt,R,Transportation,Derived from LIS bill description,5,3,2,5,INSUFFICIENT DATA,60.0,40.0
2025,H0329,Bill Wiley,R,Transportation,Derived from LIS bill description,6,3,3,6,INSUFFICIENT DATA,50.0,50.0
2025,H0321,Chris S. Runion,R,Transportation,Derived from LIS bill description,4,2,2,4,INSUFFICIENT DATA,50.0,50.0
2025,H0242,Israel D. O'Quinn,R,Transportation,Derived from LIS bill description,8,4,4,8,INSUFFICIENT DATA,50.0,50.0
2025,H0308,Joseph P. McNamara,R,Transportation,Derived from LIS bill description,4,2,2,4,INSUFFICIENT DATA,50.0,50.0
2025,H0346,Kim A. Taylor,R,Transportation,Derived from LIS bill description,3,1,1,2,INSUFFICIENT DATA,50.0,50.0
2025,H0376,Paul V. Milde,R,Transportation,Derived from LIS bill description,5,2,2,4,INSUFFICIENT DATA,50.0,50.0
2025,H0342,Phillip A. Scott,R,Transportation,Derived from LIS bill description,3,1,1,2,INSUFFICIENT DATA,50.0,50.0
2025,H0231,Tony O. Wilt,R,Transportation,Derived from LIS bill description,4,2,2,4,INSUFFICIENT DATA,50.0,50.0
2025,H0383,Eric R. Zehr,R,Transportation,Derived from LIS bill description,5,2,3,5,INSUFFICIENT DATA,40.0,60.0
2025,H0247,Michael J. Webert,R,Transportation,Derived from LIS bill description,5,2,3,5,INSUFFICIENT DATA,40.0,60.0
2025,H0224,James W. Morefield,R,Transportation,Derived from LIS bill description,3,1,2,3,INSUFFICIENT DATA,33.33333333333333,66.66666666666666
2025,H0279,Nicholas J. Freitas,R,Transportation,Derived from LIS bill description,3,1,2,3,INSUFFICIENT DATA,33.33333333333333,66.66666666666666
2025,H0364,Timothy P. Griffin,R,Transportation,Derived from LIS bill description,6,2,4,6,INSUFFICIENT DATA,33.33333333333333,66.66666666666666
2025,H0150,"Daniel W. Marshall, III",R,Transportation,Derived from LIS bill description,4,0,1,1,INSUFFICIENT DATA,0.0,100.0
2025,H0259,"Hyland F. ""Buddy"" Fowler, Jr.",R,Transportation,Derived from LIS bill summary,109,70,38,108,MIXED,64.81481481481481,35.18518518518518
2025,H0384,Eric Phillips,R,Transportation,Derived from LIS bill summary,104,66,36,102,MIXED,64.70588235294117,35.294117647058826
2025,H0373,Ian T. Lovejoy,R,Transportation,Derived from LIS bill summary,97,62,34,96,MIXED,64.58333333333334,35.41666666666667
2025,H0379,David Owen,R,Transportation,Derived from LIS bill summary,111,71,39,110,MIXED,64.54545454545455,35.45454545454545
2025,H0124,R. Lee Ware,R,Transportation,Derived from LIS bill summary,111,71,39,110,MIXED,64.54545454545455,35.45454545454545
2025,H0367,Geary Higgins,R,Transportation,Derived from LIS bill summary,102,65,36,101,MIXED,64.35643564356435,35.64356435643564
2025,H0352,"Jonathan ""Jed"" Arnold",R,Transportation,Derived from LIS bill summary,119,72,40,112,MIXED,64.28571428571429,35.714285714285715
2025,H0056,Terry G. Kilgore,R,Transportation,Derived from LIS bill summary,125,77,43,120,MIXED,64.16666666666667,35.833333333333336
2025,H0350,Ellen H. Campbell,R,Transportation,Derived from LIS bill summary,113,71,40,111,MIXED,63.96396396396396,36.03603603603604
2025,H0224,James W. Morefield,R,Transportation,Derived from LIS bill summary,112,71,40,111,MIXED,63.96396396396396,36.03603603603604
2025,H0313,Amanda E. Batten,R,Transportation,Derived from LIS bill summary,140,89,51,140,MIXED,63.57142857142857,36.42857142857142
2025,H0346,Kim A. Taylor,R,Transportation,Derived from LIS bill summary,113,60,35,95,MIXED,63.1578947368421,36.84210526315789
2025,H0335,Mike A. Cherry,R,Transportation,Derived from LIS bill summary,107,66,39,105,MIXED,62.857142857142854,37.142857142857146
2025,H0231,Tony O. Wilt,R,Transportation,Derived from LIS bill summary,117,71,46,117,MIXED,60.68376068376068,39.31623931623932
2025,H0308,Joseph P. McNamara,R,Transportation,Derived from LIS bill summary,109,65,43,108,MIXED,60.18518518518518,39.81481481481482
2025,H0383,Eric R. Zehr,R,Transportation,Derived from LIS bill summary,148,84,58,142,MIXED,59.154929577464785,40.845070422535215
2025,H0321,Chris S. Runion,R,Transportation,Derived from LIS bill summary,115,67,47,114,MIXED,58.77192982456141,41.228070175438596
2025,H0364,Timothy P. Griffin,R,Transportation,Derived from LIS bill summary,141,77,63,140,MIXED,55.00000000000001,45.0
2025,H0136,"Thomas C. Wright, Jr.",R,Transportation,Derived from LIS bill summary,103,50,41,91,MIXED,54.94505494505495,45.05494505494506
2025,H0362,"Thomas A. Garrett, Jr.",R,Transportation,Derived from LIS bill summary,104,52,46,98,MIXED,53.06122448979592,46.93877551020408
2025,H0342,Phillip A. Scott,R,Transportation,Derived from LIS bill summary,105,54,48,102,MIXED,52.94117647058824,47.05882352941176
2025,H0377,Delores Oates,R,Transportation,Derived from LIS bill summary,104,55,49,104,MIXED,52.88461538461539,47.11538461538461
2025,H0279,Nicholas J. Freitas,R,Transportation,Derived from LIS bill summary,104,51,47,98,MIXED,52.04081632653062,47.95918367346938
2025,H0181,C. Todd Gilbert,R,Transportation,Derived from LIS bill summary,107,54,51,105,MIXED,51.42857142857142,48.57142857142857
2025,H0247,Michael J. Webert,R,Transportation,Derived from LIS bill summary,114,55,54,109,MIXED,50.45871559633027,49.54128440366973
2025,H0108,Vivian E. Watts,D,Transportation,Derived from LIS bill description,11,11,0,11,YES,100.0,0.0
2025,H0108,Vivian E. Watts,D,Transportation,Derived from LIS bill summary,186,175,7,182,YES,96.15384615384616,3.8461538461538463
2025,H0207,Delores L. McQuinn,D,Transportation,Derived from LIS bill summary,173,137,6,143,YES,95.8041958041958,4.195804195804196
2025,H0353,Bonita G. Anthony,D,Transportation,Derived from LIS bill summary,179,171,8,179,YES,95.53072625698324,4.4692737430167595
2025,H0173,Jeion A. Ward,D,Transportation,Derived from LIS bill summary,156,146,7,153,YES,95.42483660130719,4.57516339869281
2025,H0368,Michael J. Jones,D,Transportation,Derived from LIS bill summary,104,83,4,87,YES,95.40229885057471,4.597701149425287
2025,H0294,Karrie K. Delaney,D,Transportation,Derived from LIS bill summary,213,162,8,170,YES,95.29411764705881,4.705882352941177
2025,H0301,David A. Reid,D,Transportation,Derived from LIS bill summary,169,161,8,169,YES,95.26627218934911,4.733727810650888
2025,H0212,Betsy B. Carr,D,Transportation,Derived from LIS bill summary,171,159,8,167,YES,95.20958083832335,4.790419161676647
2025,H0172,Mark D. Sickles,D,Transportation,Derived from LIS bill summary,121,111,6,117,YES,94.87179487179486,5.128205128205128
2025,H0360,Michael B. Feggans,D,Transportation,Derived from LIS bill summary,171,160,9,169,YES,94.67455621301775,5.325443786982249
2025,H0219,Patrick A. Hope,D,Transportation,Derived from LIS bill summary,140,120,7,127,YES,94.48818897637796,5.511811023622047
2025,H0380,Atoosa R. Reaser,D,Transportation,Derived from LIS bill summary,124,116,7,123,YES,94.3089430894309,5.691056910569105
2025,H0366,Phil M. Hernandez,D,Transportation,Derived from LIS bill summary,138,130,8,138,YES,94.20289855072464,5.797101449275362
2025,H0239,Alfonso H. Lopez,D,Transportation,Derived from LIS bill summary,123,112,7,119,YES,94.11764705882352,5.88235294117647
2025,H0343,Briana D. Sewell,D,Transportation,Derived from LIS bill summary,170,160,10,170,YES,94.11764705882352,5.88235294117647
2025,H0327,Rodney T. Willett,D,Transportation,Derived from LIS bill summary,119,112,7,119,YES,94.11764705882352,5.88235294117647
2025,H0375,Adele Y. McClure,D,Transportation,Derived from LIS bill summary,170,159,10,169,YES,94.0828402366864,5.9171597633136095
2025,H0330,Candi Mundon King,D,Transportation,Derived from LIS bill summary,121,111,7,118,YES,94.0677966101695,5.932203389830509
2025,H0208,Charniele L. Herring,D,Transportation,Derived from LIS bill summary,118,111,7,118,YES,94.0677966101695,5.932203389830509
2025,H0269,"Richard C. ""Rip"" Sullivan, Jr.",D,Transportation,Derived from LIS bill summary,135,126,8,134,YES,94.02985074626866,5.970149253731343
2025,H0177,David L. Bulova,D,Transportation,Derived from LIS bill summary,117,106,7,113,YES,93.80530973451327,6.1946902654867255
2025,H0227,Luke E. Torian,D,Transportation,Derived from LIS bill summary,115,104,7,111,YES,93.69369369369369,6.306306306306306
2025,H0323,Shelly A. Simonds,D,Transportation,Derived from LIS bill summary,112,104,7,111,YES,93.69369369369369,6.306306306306306
2025,H0372,Destiny LeVere Bolling,D,Transportation,Derived from LIS bill summary,112,101,7,108,YES,93.51851851851852,6.481481481481481
2025,H0281,Paul E. Krizek,D,Transportation,Derived from LIS bill summary,123,115,8,123,YES,93.4959349593496,6.504065040650407
2025,H0285,"C.E. Cliff Hayes, Jr.",D,Transportation,Derived from LIS bill summary,112,100,7,107,YES,93.45794392523365,6.5420560747663545
2025,H0361,Debra D. Gardner,D,Transportation,Derived from LIS bill summary,108,100,7,107,YES,93.45794392523365,6.5420560747663545
2025,H0385,JJ Singh,D,Transportation,Derived from LIS bill summary,103,95,7,102,YES,93.13725490196079,6.862745098039216
2025,H0349,Jackie H. Glass,D,Transportation,Derived from LIS bill summary,162,147,11,158,YES,93.0379746835443,6.962025316455696
2025,H0311,Alex Q. Askew,D,Transportation,Derived from LIS bill summary,117,105,8,113,YES,92.92035398230088,7.079646017699115
2025,H0351,Holly M. Seibold,D,Transportation,Derived from LIS bill summary,111,103,8,111,YES,92.7927927927928,7.207207207207207
2025,H0340,Michelle Lopes Maldonado,D,Transportation,Derived from LIS bill summary,124,115,9,124,YES,92.74193548387096,7.258064516129033
2025,H0374,Marty Martinez,D,Transportation,Derived from LIS bill summary,97,89,7,96,YES,92.70833333333334,7.291666666666667
2025,H0370,Karen Keys-Gamarra,D,Transportation,Derived from LIS bill summary,122,113,9,122,YES,92.62295081967213,7.377049180327869
2025,H0355,Laura Jane Cohen,D,Transportation,Derived from LIS bill summary,149,138,11,149,YES,92.61744966442953,7.38255033557047
2025,H0295,Kelly K. Convirs-Fowler,D,Transportation,Derived from LIS bill summary,108,99,8,107,YES,92.5233644859813,7.476635514018691
2025,H0317,Dan I. Helmer,D,Transportation,Derived from LIS bill summary,119,110,9,119,YES,92.43697478991596,7.563025210084033
2025,H0382,Joshua E. Thomas,D,Transportation,Derived from LIS bill summary,131,120,10,130,YES,92.3076923076923,7.6923076923076925
2025,H0264,Marcus B. Simon,D,Transportation,Derived from LIS bill summary,139,119,10,129,YES,92.24806201550388,7.751937984496124
2025,H0356,Rae Cousins,D,Transportation,Derived from LIS bill summary,144,129,11,140,YES,92.14285714285714,7.857142857142857
2025,H0336,Nadarius E. Clark,D,Transportation,Derived from LIS bill summary,114,103,9,112,YES,91.96428571428571,8.035714285714286
2025,H0322,Don Scott,D,Transportation,Derived from LIS bill summary,98,90,8,98,YES,91.83673469387756,8.16326530612245
2025,H0371,Amy J. Laufer,D,Transportation,Derived from LIS bill summary,111,101,9,110,YES,91.81818181818183,8.181818181818182
2025,H0344,Irene Shin,D,Transportation,Derived from LIS bill summary,112,100,9,109,YES,91.74311926605505,8.256880733944955
2025,H0334,Elizabeth B. Bennett-Parker,D,Transportation,Derived from LIS bill summary,109,97,9,106,YES,91.50943396226415,8.49056603773585
2025,H0354,Katrina Callsen,D,Transportation,Derived from LIS bill summary,137,124,13,137,YES,90.51094890510949,9.48905109489051
2025,H0365,"Rozia A. Henson, Jr.",D,Transportation,Derived from LIS bill summary,104,94,10,104,YES,90.38461538461539,9.615384615384617
2025,H0314,Joshua G. Cole,D,Transportation,Derived from LIS bill summary,108,93,10,103,YES,90.29126213592234,9.70873786407767
2025,H0305,Kathy K.L. Tran,D,Transportation,Derived from LIS bill summary,113,102,11,113,YES,90.2654867256637,9.734513274336283
2025,H0294,Karrie K. Delaney,D,Transportation,Derived from LIS bill description,11,9,1,10,YES,90.0,10.0
2025,H0266,Sam Rasoul,D,Transportation,Derived from LIS bill summary,124,104,13,117,YES,88.88888888888889,11.11111111111111
2025,H0284,"Marcia S. ""Cia"" Price",D,Transportation,Derived from LIS bill summary,108,95,12,107,YES,88.78504672897196,11.214953271028037
2025,H0315,Carrie E. Coyner,R,Transportation,Derived from LIS bill summary,121,78,26,104,YES,75.0,25.0
2025,H0348,Wren M. Williams,R,Transportation,Derived from LIS bill summary,182,130,45,175,YES,74.28571428571429,25.71428571428571
2025,H0206,Barry D. Knight,R,Transportation,Derived from LIS bill summary,148,46,16,62,YES,74.19354838709677,25.806451612903224
2025,H0348,Wren M. Williams,R,Transportation,Derived from LIS bill description,11,8,3,11,YES,72.72727272727273,27.27272727272727
2025,H0337,A.C. Cordoza,R,Transportation,Derived from LIS bill summary,138,100,38,138,YES,72.46376811594203,27.536231884057973
2025,H0253,Terry L. Austin,R,Transportation,Derived from LIS bill summary,176,127,49,176,YES,72.1590909090909,27.84090909090909
2025,H0238,M. Keith Hodges,R,Transportation,Derived from LIS bill summary,114,80,33,113,YES,70.79646017699115,29.20353982300885
2025,H0363,W. Chad Green,R,Transportation,Derived from LIS bill summary,105,74,31,105,YES,70.47619047619048,29.523809523809526
2025,H0358,"Mark L. Earley, Jr.",R,Transportation,Derived from LIS bill summary,115,81,34,115,YES,70.43478260869566,29.565217391304348
2025,H0328,Scott A. Wyatt,R,Transportation,Derived from LIS bill summary,159,111,47,158,YES,70.25316455696202,29.746835443037973
2025,H0329,Bill Wiley,R,Transportation,Derived from LIS bill summary,167,117,50,167,YES,70.05988023952095,29.94011976047904
2025,H0359,N. Baxter Ennis,R,Transportation,Derived from LIS bill summary,115,78,34,112,YES,69.64285714285714,30.357142857142854
2025,H0267,"Robert S. Bloxom, Jr.",R,Transportation,Derived from LIS bill summary,119,82,36,118,YES,69.49152542372882,30.508474576271187
2025,H0262,"James A. ""Jay"" Leftwich",R,Transportation,Derived from LIS bill summary,122,81,36,117,YES,69.23076923076923,30.76923076923077
2025,H0073,"Robert D. Orrock, Sr.",R,Transportation,Derived from LIS bill summary,113,73,33,106,YES,68.86792452830188,31.132075471698112
2025,H0150,"Daniel W. Marshall, III",R,Transportation,Derived from LIS bill summary,117,13,6,19,YES,68.42105263157895,31.57894736842105
2025,H0357,Will Davis,R,Transportation,Derived from LIS bill summary,120,82,38,120,YES,68.33333333333333,31.666666666666664
2025,H0345,Anne Ferrell Tata,R,Transportation,Derived from LIS bill summary,114,76,37,113,YES,67.2566371681416,32.743362831858406
2025,H0325,Wendell S. Walker,R,Transportation,Derived from LIS bill summary,109,73,36,109,YES,66.97247706422019,33.02752293577982
2025,H0376,Paul V. Milde,R,Transportation,Derived from LIS bill summary,147,94,47,141,YES,66.66666666666666,33.33333333333333
2025,H0378,Chris Obenshain,R,Transportation,Derived from LIS bill summary,121,80,41,121,YES,66.11570247933885,33.88429752066116
2025,H0333,Jason S. Ballard,R,Transportation,Derived from LIS bill summary,172,109,56,165,YES,66.06060606060606,33.939393939393945
2025,H0347,"H. Otto Wachsmann, Jr.",R,Transportation,Derived from LIS bill summary,104,68,35,103,YES,66.01941747572816,33.980582524271846
2025,H0242,Israel D. O'Quinn,R,Transportation,Derived from LIS bill summary,150,97,51,148,YES,65.54054054054053,34.45945945945946
2025,H0369,Hillary Pugh Kent,R,Transportation,Derived from LIS bill summary,104,68,36,104,YES,65.38461538461539,34.61538461538461
2025,H0337,A.C. Cordoza,R,"Wills, Trusts, and Fiduciaries",Derived from LIS bill summary,8,8,0,8,INSUFFICIENT DATA,100.0,0.0
2025,H0375,Adele Y. McClure,D,"Wills, Trusts, and Fiduciaries",Derived from LIS bill summary,3,3,0,3,INSUFFICIENT DATA,100.0,0.0
2025,H0311,Alex Q. Askew,D,"Wills, Trusts, and Fiduciaries",Derived from LIS bill summary,3,3,0,3,INSUFFICIENT DATA,100.0,0.0
2025,H0239,Alfonso H. Lopez,D,"Wills, Trusts, and Fiduciaries",Derived from LIS bill summary,3,3,0,3,INSUFFICIENT DATA,100.0,0.0
2025,H0313,Amanda E. Batten,R,"Wills, Trusts, and Fiduciaries",Derived from LIS bill summary,8,8,0,8,INSUFFICIENT DATA,100.0,0.0
2025,H0371,Amy J. Laufer,D,"Wills, Trusts, and Fiduciaries",Derived from LIS bill summary,3,3,0,3,INSUFFICIENT DATA,100.0,0.0
2025,H0345,Anne Ferrell Tata,R,"Wills, Trusts, and Fiduciaries",Derived from LIS bill summary,3,3,0,3,INSUFFICIENT DATA,100.0,0.0
2025,H0206,Barry D. Knight,R,"Wills, Trusts, and Fiduciaries",Derived from LIS bill summary,3,1,0,1,INSUFFICIENT DATA,100.0,0.0
2025,H0212,Betsy B. Carr,D,"Wills, Trusts, and Fiduciaries",Derived from LIS bill summary,3,3,0,3,INSUFFICIENT DATA,100.0,0.0
2025,H0329,Bill Wiley,R,"Wills, Trusts, and Fiduciaries",Derived from LIS bill summary,3,3,0,3,INSUFFICIENT DATA,100.0,0.0
2025,H0353,Bonita G. Anthony,D,"Wills, Trusts, and Fiduciaries",Derived from LIS bill summary,3,3,0,3,INSUFFICIENT DATA,100.0,0.0
2025,H0343,Briana D. Sewell,D,"Wills, Trusts, and Fiduciaries",Derived from LIS bill summary,3,3,0,3,INSUFFICIENT DATA,100.0,0.0
2025,H0181,C. Todd Gilbert,R,"Wills, Trusts, and Fiduciaries",Derived from LIS bill summary,3,3,0,3,INSUFFICIENT DATA,100.0,0.0
2025,H0285,"C.E. Cliff Hayes, Jr.",D,"Wills, Trusts, and Fiduciaries",Derived from LIS bill summary,3,3,0,3,INSUFFICIENT DATA,100.0,0.0
2025,H0330,Candi Mundon King,D,"Wills, Trusts, and Fiduciaries",Derived from LIS bill summary,3,3,0,3,INSUFFICIENT DATA,100.0,0.0
2025,H0315,Carrie E. Coyner,R,"Wills, Trusts, and Fiduciaries",Derived from LIS bill summary,3,3,0,3,INSUFFICIENT DATA,100.0,0.0
2025,H0208,Charniele L. Herring,D,"Wills, Trusts, and Fiduciaries",Derived from LIS bill summary,3,3,0,3,INSUFFICIENT DATA,100.0,0.0
2025,H0378,Chris Obenshain,R,"Wills, Trusts, and Fiduciaries",Derived from LIS bill summary,8,8,0,8,INSUFFICIENT DATA,100.0,0.0
2025,H0321,Chris S. Runion,R,"Wills, Trusts, and Fiduciaries",Derived from LIS bill summary,3,3,0,3,INSUFFICIENT DATA,100.0,0.0
2025,H0317,Dan I. Helmer,D,"Wills, Trusts, and Fiduciaries",Derived from LIS bill summary,3,3,0,3,INSUFFICIENT DATA,100.0,0.0
2025,H0301,David A. Reid,D,"Wills, Trusts, and Fiduciaries",Derived from LIS bill summary,3,3,0,3,INSUFFICIENT DATA,100.0,0.0
2025,H0177,David L. Bulova,D,"Wills, Trusts, and Fiduciaries",Derived from LIS bill summary,3,3,0,3,INSUFFICIENT DATA,100.0,0.0
2025,H0379,David Owen,R,"Wills, Trusts, and Fiduciaries",Derived from LIS bill summary,3,3,0,3,INSUFFICIENT DATA,100.0,0.0
2025,H0361,Debra D. Gardner,D,"Wills, Trusts, and Fiduciaries",Derived from LIS bill summary,3,3,0,3,INSUFFICIENT DATA,100.0,0.0
2025,H0207,Delores L. McQuinn,D,"Wills, Trusts, and Fiduciaries",Derived from LIS bill summary,3,3,0,3,INSUFFICIENT DATA,100.0,0.0
2025,H0377,Delores Oates,R,"Wills, Trusts, and Fiduciaries",Derived from LIS bill summary,3,3,0,3,INSUFFICIENT DATA,100.0,0.0
2025,H0372,Destiny LeVere Bolling,D,"Wills, Trusts, and Fiduciaries",Derived from LIS bill summary,3,2,0,2,INSUFFICIENT DATA,100.0,0.0
2025,H0322,Don Scott,D,"Wills, Trusts, and Fiduciaries",Derived from LIS bill summary,3,3,0,3,INSUFFICIENT DATA,100.0,0.0
2025,H0334,Elizabeth B. Bennett-Parker,D,"Wills, Trusts, and Fiduciaries",Derived from LIS bill summary,3,2,0,2,INSUFFICIENT DATA,100.0,0.0
2025,H0350,Ellen H. Campbell,R,"Wills, Trusts, and Fiduciaries",Derived from LIS bill summary,3,3,0,3,INSUFFICIENT DATA,100.0,0.0
2025,H0384,Eric Phillips,R,"Wills, Trusts, and Fiduciaries",Derived from LIS bill summary,3,3,0,3,INSUFFICIENT DATA,100.0,0.0
2025,H0383,Eric R. Zehr,R,"Wills, Trusts, and Fiduciaries",Derived from LIS bill summary,3,3,0,3,INSUFFICIENT DATA,100.0,0.0
2025,H0367,Geary Higgins,R,"Wills, Trusts, and Fiduciaries",Derived from LIS bill summary,3,3,0,3,INSUFFICIENT DATA,100.0,0.0
2025,H0347,"H. Otto Wachsmann, Jr.",R,"Wills, Trusts, and Fiduciaries",Derived from LIS bill summary,3,3,0,3,INSUFFICIENT DATA,100.0,0.0
2025,H0369,Hillary Pugh Kent,R,"Wills, Trusts, and Fiduciaries",Derived from LIS bill summary,3,3,0,3,INSUFFICIENT DATA,100.0,0.0
2025,H0351,Holly M. Seibold,D,"Wills, Trusts, and Fiduciaries",Derived from LIS bill summary,3,3,0,3,INSUFFICIENT DATA,100.0,0.0
2025,H0259,"Hyland F. ""Buddy"" Fowler, Jr.",R,"Wills, Trusts, and Fiduciaries",Derived from LIS bill summary,3,2,0,2,INSUFFICIENT DATA,100.0,0.0
2025,H0373,Ian T. Lovejoy,R,"Wills, Trusts, and Fiduciaries",Derived from LIS bill summary,3,3,0,3,INSUFFICIENT DATA,100.0,0.0
2025,H0344,Irene Shin,D,"Wills, Trusts, and Fiduciaries",Derived from LIS bill summary,3,3,0,3,INSUFFICIENT DATA,100.0,0.0
2025,H0242,Israel D. O'Quinn,R,"Wills, Trusts, and Fiduciaries",Derived from LIS bill summary,3,3,0,3,INSUFFICIENT DATA,100.0,0.0
2025,H0385,JJ Singh,D,"Wills, Trusts, and Fiduciaries",Derived from LIS bill summary,3,3,0,3,INSUFFICIENT DATA,100.0,0.0
2025,H0349,Jackie H. Glass,D,"Wills, Trusts, and Fiduciaries",Derived from LIS bill summary,3,3,0,3,INSUFFICIENT DATA,100.0,0.0
2025,H0224,James W. Morefield,R,"Wills, Trusts, and Fiduciaries",Derived from LIS bill summary,3,3,0,3,INSUFFICIENT DATA,100.0,0.0
2025,H0173,Jeion A. Ward,D,"Wills, Trusts, and Fiduciaries",Derived from LIS bill summary,3,3,0,3,INSUFFICIENT DATA,100.0,0.0
2025,H0352,"Jonathan ""Jed"" Arnold",R,"Wills, Trusts, and Fiduciaries",Derived from LIS bill summary,8,8,0,8,INSUFFICIENT DATA,100.0,0.0
2025,H0308,Joseph P. McNamara,R,"Wills, Trusts, and Fiduciaries",Derived from LIS bill summary,3,3,0,3,INSUFFICIENT DATA,100.0,0.0
2025,H0314,Joshua G. Cole,D,"Wills, Trusts, and Fiduciaries",Derived from LIS bill summary,3,2,0,2,INSUFFICIENT DATA,100.0,0.0
2025,H0294,Karrie K. Delaney,D,"Wills, Trusts, and Fiduciaries",Derived from LIS bill summary,8,8,0,8,INSUFFICIENT DATA,100.0,0.0
2025,H0305,Kathy K.L. Tran,D,"Wills, Trusts, and Fiduciaries",Derived from LIS bill summary,3,3,0,3,INSUFFICIENT DATA,100.0,0.0
2025,H0354,Katrina Callsen,D,"Wills, Trusts, and Fiduciaries",Derived from LIS bill summary,8,8,0,8,INSUFFICIENT DATA,100.0,0.0
2025,H0295,Kelly K. Convirs-Fowler,D,"Wills, Trusts, and Fiduciaries",Derived from LIS bill summary,3,3,0,3,INSUFFICIENT DATA,100.0,0.0
2025,H0346,Kim A. Taylor,R,"Wills, Trusts, and Fiduciaries",Derived from LIS bill summary,3,3,0,3,INSUFFICIENT DATA,100.0,0.0
2025,H0355,Laura Jane Cohen,D,"Wills, Trusts, and Fiduciaries",Derived from LIS bill summary,3,3,0,3,INSUFFICIENT DATA,100.0,0.0
2025,H0227,Luke E. Torian,D,"Wills, Trusts, and Fiduciaries",Derived from LIS bill summary,3,3,0,3,INSUFFICIENT DATA,100.0,0.0
2025,H0238,M. Keith Hodges,R,"Wills, Trusts, and Fiduciaries",Derived from LIS bill summary,3,3,0,3,INSUFFICIENT DATA,100.0,0.0
2025,H0284,"Marcia S. ""Cia"" Price",D,"Wills, Trusts, and Fiduciaries",Derived from LIS bill summary,3,3,0,3,INSUFFICIENT DATA,100.0,0.0
2025,H0172,Mark D. Sickles,D,"Wills, Trusts, and Fiduciaries",Derived from LIS bill summary,3,3,0,3,INSUFFICIENT DATA,100.0,0.0
2025,H0358,"Mark L. Earley, Jr.",R,"Wills, Trusts, and Fiduciaries",Derived from LIS bill summary,8,8,0,8,INSUFFICIENT DATA,100.0,0.0
2025,H0374,Marty Martinez,D,"Wills, Trusts, and Fiduciaries",Derived from LIS bill summary,3,3,0,3,INSUFFICIENT DATA,100.0,0.0
2025,H0360,Michael B. Feggans,D,"Wills, Trusts, and Fiduciaries",Derived from LIS bill summary,3,3,0,3,INSUFFICIENT DATA,100.0,0.0
2025,H0368,Michael J. Jones,D,"Wills, Trusts, and Fiduciaries",Derived from LIS bill summary,3,3,0,3,INSUFFICIENT DATA,100.0,0.0
2025,H0247,Michael J. Webert,R,"Wills, Trusts, and Fiduciaries",Derived from LIS bill summary,3,3,0,3,INSUFFICIENT DATA,100.0,0.0
2025,H0340,Michelle Lopes Maldonado,D,"Wills, Trusts, and Fiduciaries",Derived from LIS bill summary,8,8,0,8,INSUFFICIENT DATA,100.0,0.0
2025,H0335,Mike A. Cherry,R,"Wills, Trusts, and Fiduciaries",Derived from LIS bill summary,3,3,0,3,INSUFFICIENT DATA,100.0,0.0
2025,H0359,N. Baxter Ennis,R,"Wills, Trusts, and Fiduciaries",Derived from LIS bill summary,3,3,0,3,INSUFFICIENT DATA,100.0,0.0
2025,H0336,Nadarius E. Clark,D,"Wills, Trusts, and Fiduciaries",Derived from LIS bill summary,3,3,0,3,INSUFFICIENT DATA,100.0,0.0
2025,H0279,Nicholas J. Freitas,R,"Wills, Trusts, and Fiduciaries",Derived from LIS bill summary,3,2,0,2,INSUFFICIENT DATA,100.0,0.0
2025,H0219,Patrick A. Hope,D,"Wills, Trusts, and Fiduciaries",Derived from LIS bill summary,12,8,0,8,INSUFFICIENT DATA,100.0,0.0
2025,H0281,Paul E. Krizek,D,"Wills, Trusts, and Fiduciaries",Derived from LIS bill summary,3,3,0,3,INSUFFICIENT DATA,100.0,0.0
2025,H0376,Paul V. Milde,R,"Wills, Trusts, and Fiduciaries",Derived from LIS bill summary,3,3,0,3,INSUFFICIENT DATA,100.0,0.0
2025,H0366,Phil M. Hernandez,D,"Wills, Trusts, and Fiduciaries",Derived from LIS bill summary,8,8,0,8,INSUFFICIENT DATA,100.0,0.0
2025,H0342,Phillip A. Scott,R,"Wills, Trusts, and Fiduciaries",Derived from LIS bill summary,3,3,0,3,INSUFFICIENT DATA,100.0,0.0
2025,H0124,R. Lee Ware,R,"Wills, Trusts, and Fiduciaries",Derived from LIS bill summary,3,3,0,3,INSUFFICIENT DATA,100.0,0.0
2025,H0356,Rae Cousins,D,"Wills, Trusts, and Fiduciaries",Derived from LIS bill summary,8,8,0,8,INSUFFICIENT DATA,100.0,0.0
2025,H0073,"Robert D. Orrock, Sr.",R,"Wills, Trusts, and Fiduciaries",Derived from LIS bill summary,3,3,0,3,INSUFFICIENT DATA,100.0,0.0
2025,H0267,"Robert S. Bloxom, Jr.",R,"Wills, Trusts, and Fiduciaries",Derived from LIS bill summary,3,3,0,3,INSUFFICIENT DATA,100.0,0.0
2025,H0327,Rodney T. Willett,D,"Wills, Trusts, and Fiduciaries",Derived from LIS bill summary,3,3,0,3,INSUFFICIENT DATA,100.0,0.0
2025,H0365,"Rozia A. Henson, Jr.",D,"Wills, Trusts, and Fiduciaries",Derived from LIS bill summary,3,3,0,3,INSUFFICIENT DATA,100.0,0.0
2025,H0266,Sam Rasoul,D,"Wills, Trusts, and Fiduciaries",Derived from LIS bill summary,3,3,0,3,INSUFFICIENT DATA,100.0,0.0
2025,H0328,Scott A. Wyatt,R,"Wills, Trusts, and Fiduciaries",Derived from LIS bill summary,3,3,0,3,INSUFFICIENT DATA,100.0,0.0
2025,H0323,Shelly A. Simonds,D,"Wills, Trusts, and Fiduciaries",Derived from LIS bill summary,3,3,0,3,INSUFFICIENT DATA,100.0,0.0
2025,H0253,Terry L. Austin,R,"Wills, Trusts, and Fiduciaries",Derived from LIS bill summary,3,3,0,3,INSUFFICIENT DATA,100.0,0.0
2025,H0362,"Thomas A. Garrett, Jr.",R,"Wills, Trusts, and Fiduciaries",Derived from LIS bill summary,3,2,0,2,INSUFFICIENT DATA,100.0,0.0
2025,H0136,"Thomas C. Wright, Jr.",R,"Wills, Trusts, and Fiduciaries",Derived from LIS bill summary,3,2,0,2,INSUFFICIENT DATA,100.0,0.0
2025,H0364,Timothy P. Griffin,R,"Wills, Trusts, and Fiduciaries",Derived from LIS bill summary,3,3,0,3,INSUFFICIENT DATA,100.0,0.0
2025,H0231,Tony O. Wilt,R,"Wills, Trusts, and Fiduciaries",Derived from LIS bill summary,3,3,0,3,INSUFFICIENT DATA,100.0,0.0
2025,H0108,Vivian E. Watts,D,"Wills, Trusts, and Fiduciaries",Derived from LIS bill summary,8,8,0,8,INSUFFICIENT DATA,100.0,0.0
2025,H0363,W. Chad Green,R,"Wills, Trusts, and Fiduciaries",Derived from LIS bill summary,3,3,0,3,INSUFFICIENT DATA,100.0,0.0
2025,H0325,Wendell S. Walker,R,"Wills, Trusts, and Fiduciaries",Derived from LIS bill summary,3,3,0,3,INSUFFICIENT DATA,100.0,0.0
2025,H0357,Will Davis,R,"Wills, Trusts, and Fiduciaries",Derived from LIS bill summary,8,8,0,8,INSUFFICIENT DATA,100.0,0.0
2025,H0348,Wren M. Williams,R,"Wills, Trusts, and Fiduciaries",Derived from LIS bill summary,8,8,0,8,INSUFFICIENT DATA,100.0,0.0
2025,H0150,"Daniel W. Marshall, III",R,"Wills, Trusts, and Fiduciaries",Derived from LIS bill summary,3,0,0,0,INSUFFICIENT DATA,0.0,0.0
2025,H0380,Atoosa R. Reaser,D,"Wills, Trusts, and Fiduciaries",Derived from LIS bill summary,12,12,0,12,YES,100.0,0.0
2025,H0262,"James A. ""Jay"" Leftwich",R,"Wills, Trusts, and Fiduciaries",Derived from LIS bill summary,12,12,0,12,YES,100.0,0.0
2025,H0333,Jason S. Ballard,R,"Wills, Trusts, and Fiduciaries",Derived from LIS bill summary,12,12,0,12,YES,100.0,0.0
2025,H0382,Joshua E. Thomas,D,"Wills, Trusts, and Fiduciaries",Derived from LIS bill summary,12,12,0,12,YES,100.0,0.0
2025,H0370,Karen Keys-Gamarra,D,"Wills, Trusts, and Fiduciaries",Derived from LIS bill summary,12,12,0,12,YES,100.0,0.0
2025,H0264,Marcus B. Simon,D,"Wills, Trusts, and Fiduciaries",Derived from LIS bill summary,12,12,0,12,YES,100.0,0.0
2025,H0269,"Richard C. ""Rip"" Sullivan, Jr.",D,"Wills, Trusts, and Fiduciaries",Derived from LIS bill summary,12,12,0,12,YES,100.0,0.0
2025,H0056,Terry G. Kilgore,R,"Wills, Trusts, and Fiduciaries",Derived from LIS bill summary,12,12,0,12,YES,100.0,0.0
