member_id,MBR_NAME,party,topic_name,topic_vote_events,eligible_topic_events,party_break_events,cross_party_events,cross_party_pct
H0267,"Robert S. Bloxom, Jr.",R,Unclassified,589,573,62,55,9.598603839441536
H0224,James W. Morefield,R,Unclassified,527,517,49,44,8.51063829787234
H0267,"Robert S. Bloxom, Jr.",R,Housing,164,161,38,36,22.36024844720497
H0348,Wren M. Williams,R,Unclassified,555,498,47,33,6.626506024096386
H0267,"Robert S. Bloxom, Jr.",R,Education,240,238,35,32,13.445378151260504
H0345,Anne Ferrell Tata,R,Education,409,403,36,32,7.94044665012407
H0350,Ellen H. McLaughlin,R,Unclassified,580,540,37,32,5.9259259259259265
H0224,James W. Morefield,R,Housing,144,140,31,31,22.142857142857142
H0329,Bill Wiley,R,Unclassified,571,563,38,28,4.9733570159857905
H0224,James W. Morefield,R,Local Government,180,172,27,27,15.69767441860465
H0056,Terry G. Kilgore,R,Energy and Utilities,294,277,28,26,9.386281588447654
H0395,John Chilton McAuliff,D,Firearms,71,67,25,25,37.3134328358209
H0267,"Robert S. Bloxom, Jr.",R,Local Government,136,136,25,25,18.38235294117647
H0308,Joseph P. McNamara,R,Energy and Utilities,159,149,30,25,16.778523489932887
H0348,Wren M. Williams,R,Education,220,211,32,25,11.848341232227488
H0348,Wren M. Williams,R,Energy and Utilities,278,254,40,25,9.84251968503937
H0253,Terry L. Austin,R,Unclassified,594,577,33,25,4.332755632582322
H0056,Terry G. Kilgore,R,Unclassified,634,603,37,25,4.1459369817578775
H0253,Terry L. Austin,R,Energy and Utilities,173,172,24,24,13.953488372093023
H0267,"Robert S. Bloxom, Jr.",R,Energy and Utilities,182,178,26,24,13.48314606741573
H0345,Anne Ferrell Tata,R,Unclassified,452,448,29,23,5.133928571428571
H0347,"H. Otto Wachsmann, Jr.",R,Unclassified,458,454,25,23,5.066079295154185
H0401,Madison Whittle,R,Unclassified,512,501,38,23,4.590818363273453
H0347,"H. Otto Wachsmann, Jr.",R,Housing,90,90,23,22,24.444444444444443
H0267,"Robert S. Bloxom, Jr.",R,Elections and Voting,170,169,22,22,13.017751479289942
H0335,Mike A. Cherry,R,Elections and Voting,161,160,25,21,13.125
H0401,Madison Whittle,R,Education,321,315,35,21,6.666666666666667
H0384,Eric Phillips,R,Unclassified,424,404,26,21,5.198019801980198
H0335,Mike A. Cherry,R,Unclassified,506,493,29,21,4.259634888438134
H0348,Wren M. Williams,R,Criminal Justice,238,219,25,20,9.1324200913242
H0259,"Hyland F. ""Buddy"" Fowler, Jr.",R,Unclassified,481,468,28,20,4.273504273504273
H0242,Israel D. O'Quinn,R,Unclassified,523,514,27,20,3.8910505836575875
H0238,M. Keith Hodges,R,Unclassified,550,545,28,20,3.669724770642202
H0350,Ellen H. McLaughlin,R,Housing,140,130,19,19,14.615384615384617
H0224,James W. Morefield,R,Energy and Utilities,178,175,20,19,10.857142857142858
H0267,"Robert S. Bloxom, Jr.",R,Environment and Conservation,92,91,20,18,19.78021978021978
H0224,James W. Morefield,R,Elections and Voting,111,111,18,18,16.216216216216218
H0267,"Robert S. Bloxom, Jr.",R,Taxes and Revenue,63,63,17,17,26.984126984126984
H0335,Mike A. Cherry,R,Education,413,405,31,17,4.197530864197531
H0231,Tony O. Wilt,R,Unclassified,468,460,28,17,3.6956521739130435
H0262,"James A. ""Jay"" Leftwich",R,Unclassified,495,486,37,17,3.4979423868312756
H0345,Anne Ferrell Tata,R,Local Government,160,158,22,16,10.126582278481013
H0345,Anne Ferrell Tata,R,Environment and Conservation,57,57,15,15,26.31578947368421
H0231,Tony O. Wilt,R,Criminal Justice,178,177,15,15,8.47457627118644
H0350,Ellen H. McLaughlin,R,Energy and Utilities,185,181,15,15,8.287292817679557
H0384,Eric Phillips,R,Taxes and Revenue,50,48,15,14,29.166666666666668
H0259,"Hyland F. ""Buddy"" Fowler, Jr.",R,Environment and Conservation,86,86,16,14,16.27906976744186
H0259,"Hyland F. ""Buddy"" Fowler, Jr.",R,Housing,125,124,17,14,11.29032258064516
H0253,Terry L. Austin,R,Local Government,137,137,14,14,10.218978102189782
H0335,Mike A. Cherry,R,Criminal Justice,148,145,14,14,9.655172413793103
H0253,Terry L. Austin,R,Housing,158,157,14,14,8.9171974522293
H0350,Ellen H. McLaughlin,R,Criminal Justice,165,161,15,14,8.695652173913043
H0350,Ellen H. McLaughlin,R,Local Government,186,180,15,14,7.777777777777778
H0247,Michael J. Webert,R,Energy and Utilities,230,218,28,14,6.422018348623854
H0308,Joseph P. McNamara,R,Unclassified,393,383,34,14,3.6553524804177546
H0369,Hillary Pugh Kent,R,Education,397,393,20,14,3.5623409669211195
H0266,Sam Rasoul,D,Unclassified,522,507,21,14,2.7613412228796843
H0224,James W. Morefield,R,Taxes and Revenue,64,62,18,13,20.967741935483872
H0259,"Hyland F. ""Buddy"" Fowler, Jr.",R,Taxes and Revenue,111,98,17,13,13.26530612244898
H0384,Eric Phillips,R,Local Government,107,105,13,13,12.380952380952381
H0259,"Hyland F. ""Buddy"" Fowler, Jr.",R,Local Government,115,112,14,13,11.607142857142858
H0384,Eric Phillips,R,Criminal Justice,172,170,15,13,7.647058823529412
H0348,Wren M. Williams,R,Taxes and Revenue,54,52,13,12,23.076923076923077
H0238,M. Keith Hodges,R,Taxes and Revenue,57,55,13,12,21.818181818181817
H0253,Terry L. Austin,R,Taxes and Revenue,70,70,13,12,17.142857142857142
H0267,"Robert S. Bloxom, Jr.",R,"Study Commissions, Committees, and Reports",83,83,12,12,14.457831325301203
H0259,"Hyland F. ""Buddy"" Fowler, Jr.",R,Elections and Voting,93,91,14,12,13.186813186813188
H0056,Terry G. Kilgore,R,Housing,99,98,12,12,12.244897959183673
H0335,Mike A. Cherry,R,Energy and Utilities,147,147,15,12,8.16326530612245
H0329,Bill Wiley,R,Housing,164,162,13,12,7.4074074074074066
H0382,Joshua E. Thomas,D,Criminal Justice,205,204,12,12,5.88235294117647
H0242,Israel D. O'Quinn,R,Labor and Employment,216,215,14,12,5.5813953488372094
H0267,"Robert S. Bloxom, Jr.",R,Labor and Employment,225,221,14,12,5.429864253393665
H0325,Wendell S. Walker,R,Unclassified,453,433,14,12,2.771362586605081
H0369,Hillary Pugh Kent,R,Unclassified,462,458,25,12,2.6200873362445414
H0333,Jason S. Ballard,R,Unclassified,571,553,18,12,2.1699819168173597
H0284,"Marcia S. ""Cia"" Price",D,Unclassified,621,607,32,12,1.9769357495881383
H0347,"H. Otto Wachsmann, Jr.",R,Taxes and Revenue,50,50,11,11,22.0
H0056,Terry G. Kilgore,R,Taxes and Revenue,57,57,12,11,19.298245614035086
H0395,John Chilton McAuliff,D,Transportation,97,85,11,11,12.941176470588237
H0308,Joseph P. McNamara,R,Housing,99,96,14,11,11.458333333333332
H0335,Mike A. Cherry,R,Labor and Employment,190,189,12,11,5.82010582010582
H0259,"Hyland F. ""Buddy"" Fowler, Jr.",R,Education,208,198,16,11,5.555555555555555
H0224,James W. Morefield,R,Labor and Employment,222,216,15,11,5.092592592592593
H0350,Ellen H. McLaughlin,R,Education,274,265,14,11,4.150943396226415
H0395,John Chilton McAuliff,D,Taxes and Revenue,48,40,10,10,25.0
H0266,Sam Rasoul,D,Taxes and Revenue,53,52,10,10,19.230769230769234
H0350,Ellen H. McLaughlin,R,Taxes and Revenue,63,55,11,10,18.181818181818183
H0267,"Robert S. Bloxom, Jr.",R,Insurance,68,68,10,10,14.705882352941178
H0395,John Chilton McAuliff,D,Housing,88,81,11,10,12.345679012345679
H0369,Hillary Pugh Kent,R,Environment and Conservation,90,90,14,10,11.11111111111111
H0308,Joseph P. McNamara,R,Elections and Voting,102,102,12,10,9.803921568627452
H0384,Eric Phillips,R,Elections and Voting,138,137,11,10,7.2992700729927
H0347,"H. Otto Wachsmann, Jr.",R,Criminal Justice,146,145,13,10,6.896551724137931
H0347,"H. Otto Wachsmann, Jr.",R,Energy and Utilities,147,147,12,10,6.802721088435375
H0259,"Hyland F. ""Buddy"" Fowler, Jr.",R,Energy and Utilities,158,154,17,10,6.493506493506493
H0347,"H. Otto Wachsmann, Jr.",R,Labor and Employment,167,167,14,10,5.9880239520958085
H0224,James W. Morefield,R,Criminal Justice,173,168,14,10,5.952380952380952
H0267,"Robert S. Bloxom, Jr.",R,Criminal Justice,178,173,10,10,5.780346820809249
H0259,"Hyland F. ""Buddy"" Fowler, Jr.",R,Labor and Employment,192,181,14,10,5.524861878453039
H0262,"James A. ""Jay"" Leftwich",R,Education,202,199,19,10,5.025125628140704
H0329,Bill Wiley,R,Transportation,202,201,10,10,4.975124378109453
H0253,Terry L. Austin,R,Education,260,258,18,10,3.875968992248062
H0385,JJ Singh,D,Unclassified,438,433,15,10,2.3094688221709005
H0124,R. Lee Ware,R,Unclassified,463,455,24,10,2.197802197802198
H0314,Joshua G. Cole,D,Unclassified,534,524,15,10,1.9083969465648856
H0253,Terry L. Austin,R,Environment and Conservation,58,57,9,9,15.789473684210526
H0382,Joshua E. Thomas,D,Taxes and Revenue,59,58,9,9,15.517241379310345
H0335,Mike A. Cherry,R,Housing,89,89,10,9,10.112359550561797
H0231,Tony O. Wilt,R,Housing,93,93,13,9,9.67741935483871
H0347,"H. Otto Wachsmann, Jr.",R,Local Government,105,105,10,9,8.571428571428571
H0348,Wren M. Williams,R,Local Government,117,109,16,9,8.256880733944955
H0382,Joshua E. Thomas,D,Firearms,113,113,9,9,7.964601769911504
H0399,Kimberly Pope Adams,D,Firearms,122,115,9,9,7.82608695652174
H0395,John Chilton McAuliff,D,Criminal Justice,140,119,9,9,7.563025210084033
H0382,Joshua E. Thomas,D,Transportation,205,204,10,9,4.411764705882353
H0350,Ellen H. McLaughlin,R,Labor and Employment,228,216,10,9,4.166666666666666
H0056,Terry G. Kilgore,R,Education,226,224,14,9,4.017857142857143
H0231,Tony O. Wilt,R,Energy and Utilities,282,277,22,9,3.2490974729241873
H0328,Scott A. Wyatt,R,Taxes and Revenue,59,59,11,8,13.559322033898304
H0308,Joseph P. McNamara,R,Business and Commerce,65,63,9,8,12.698412698412698
H0284,"Marcia S. ""Cia"" Price",D,Taxes and Revenue,64,64,13,8,12.5
H0253,Terry L. Austin,R,"Study Commissions, Committees, and Reports",84,84,9,8,9.523809523809524
H0259,"Hyland F. ""Buddy"" Fowler, Jr.",R,Business and Commerce,90,87,8,8,9.195402298850574
H0395,John Chilton McAuliff,D,Local Government,104,94,8,8,8.51063829787234
H0345,Anne Ferrell Tata,R,Housing,98,97,9,8,8.24742268041237
H0267,"Robert S. Bloxom, Jr.",R,Business and Commerce,108,107,9,8,7.476635514018691
H0267,"Robert S. Bloxom, Jr.",R,Transportation,108,108,9,8,7.4074074074074066
H0335,Mike A. Cherry,R,Local Government,108,108,11,8,7.4074074074074066
H0056,Terry G. Kilgore,R,Courts and Civil Law,115,113,10,8,7.079646017699115
H0347,"H. Otto Wachsmann, Jr.",R,Elections and Voting,149,147,12,8,5.442176870748299
H0348,Wren M. Williams,R,Transportation,166,147,16,8,5.442176870748299
H0056,Terry G. Kilgore,R,Criminal Justice,202,200,12,8,4.0
H0384,Eric Phillips,R,Education,206,201,15,8,3.9800995024875623
H0247,Michael J. Webert,R,Labor and Employment,223,212,15,8,3.7735849056603774
H0242,Israel D. O'Quinn,R,Education,216,214,9,8,3.7383177570093453
H0224,James W. Morefield,R,Education,250,245,9,8,3.2653061224489797
H0238,M. Keith Hodges,R,Education,263,256,12,8,3.125
H0247,Michael J. Webert,R,Unclassified,522,495,36,8,1.6161616161616161
H0247,Michael J. Webert,R,Data Centers,19,19,7,7,36.84210526315789
H0267,"Robert S. Bloxom, Jr.",R,Agriculture and Food,46,45,7,7,15.555555555555555
H0344,Irene Shin,D,Taxes and Revenue,52,48,7,7,14.583333333333334
H0405,Garrett McGuire,D,Taxes and Revenue,52,50,8,7,14.000000000000002
H0402,Charlie Schmidt,D,Taxes and Revenue,51,51,7,7,13.725490196078432
H0349,Jackie H. Glass,D,Taxes and Revenue,52,52,7,7,13.461538461538462
H0308,Joseph P. McNamara,R,Environment and Conservation,53,53,7,7,13.20754716981132
H0308,Joseph P. McNamara,R,Insurance,59,53,10,7,13.20754716981132
H0351,Holly M. Seibold,D,Taxes and Revenue,57,54,11,7,12.962962962962962
H0356,Rae Cousins,D,Taxes and Revenue,55,55,7,7,12.727272727272727
H0305,Kathy K.L. Tran,D,Taxes and Revenue,57,57,8,7,12.280701754385964
H0238,M. Keith Hodges,R,Environment and Conservation,59,59,7,7,11.864406779661017
H0267,"Robert S. Bloxom, Jr.",R,Public Safety,61,60,7,7,11.666666666666666
H0224,James W. Morefield,R,Insurance,68,68,8,7,10.294117647058822
H0348,Wren M. Williams,R,Behavioral Health,79,71,7,7,9.859154929577464
H0267,"Robert S. Bloxom, Jr.",R,Courts and Civil Law,77,77,7,7,9.090909090909092
H0056,Terry G. Kilgore,R,Business and Commerce,88,87,9,7,8.045977011494253
H0242,Israel D. O'Quinn,R,Housing,93,93,7,7,7.526881720430108
H0333,Jason S. Ballard,R,Housing,98,94,10,7,7.446808510638298
H0124,R. Lee Ware,R,Taxes and Revenue,102,98,9,7,7.142857142857142
H0253,Terry L. Austin,R,Elections and Voting,102,99,8,7,7.07070707070707
H0401,Madison Whittle,R,Local Government,106,103,13,7,6.796116504854369
H0314,Joshua G. Cole,D,Transportation,105,104,7,7,6.730769230769231
H0266,Sam Rasoul,D,Transportation,109,105,7,7,6.666666666666667
H0238,M. Keith Hodges,R,Housing,111,109,11,7,6.422018348623854
H0242,Israel D. O'Quinn,R,Local Government,114,113,9,7,6.1946902654867255
H0238,M. Keith Hodges,R,Energy and Utilities,177,175,9,7,4.0
H0253,Terry L. Austin,R,Criminal Justice,176,176,9,7,3.977272727272727
H0253,Terry L. Austin,R,Labor and Employment,211,209,10,7,3.349282296650718
H0348,Wren M. Williams,R,Labor and Employment,224,211,13,7,3.3175355450236967
H0347,"H. Otto Wachsmann, Jr.",R,Education,214,213,13,7,3.286384976525822
H0242,Israel D. O'Quinn,R,Energy and Utilities,225,221,16,7,3.167420814479638
H0056,Terry G. Kilgore,R,Labor and Employment,229,227,8,7,3.0837004405286343
H0402,Charlie Schmidt,D,Criminal Justice,234,230,7,7,3.0434782608695654
H0362,"Thomas A. Garrett, Jr.",R,Education,323,296,43,7,2.364864864864865
H0377,Delores Oates,R,Unclassified,386,380,25,7,1.8421052631578945
H0390,Mitchell Cornett,R,Unclassified,444,439,25,7,1.5945330296127564
H0357,Will Davis,R,Unclassified,480,476,13,7,1.4705882352941175
H0328,Scott A. Wyatt,R,Unclassified,511,506,19,7,1.383399209486166
H0267,"Robert S. Bloxom, Jr.",R,Marriage and Domestic Relations,18,18,6,6,33.33333333333333
H0238,M. Keith Hodges,R,Technology and Data,24,24,6,6,25.0
H0224,James W. Morefield,R,Technology and Data,32,29,6,6,20.689655172413794
H0253,Terry L. Austin,R,Technology and Data,32,31,7,6,19.35483870967742
H0267,"Robert S. Bloxom, Jr.",R,Constitutional Amendments,31,31,6,6,19.35483870967742
H0395,John Chilton McAuliff,D,Family and Children,48,42,6,6,14.285714285714285
H0267,"Robert S. Bloxom, Jr.",R,Higher Education,43,43,6,6,13.953488372093023
H0231,Tony O. Wilt,R,Taxes and Revenue,50,50,6,6,12.0
H0386,Jessica L. Anderson,D,Taxes and Revenue,52,51,6,6,11.76470588235294
H0345,Anne Ferrell Tata,R,Behavioral Health,54,54,6,6,11.11111111111111
H0208,Charniele L. Herring,D,Taxes and Revenue,60,59,8,6,10.16949152542373
H0384,Eric Phillips,R,"Study Commissions, Committees, and Reports",66,63,6,6,9.523809523809524
H0259,"Hyland F. ""Buddy"" Fowler, Jr.",R,Courts and Civil Law,70,68,7,6,8.823529411764707
H0329,Bill Wiley,R,Taxes and Revenue,69,69,8,6,8.695652173913043
H0350,Ellen H. McLaughlin,R,Courts and Civil Law,73,69,7,6,8.695652173913043
H0231,Tony O. Wilt,R,Courts and Civil Law,71,71,7,6,8.450704225352112
H0224,James W. Morefield,R,Courts and Civil Law,74,73,6,6,8.21917808219178
H0348,Wren M. Williams,R,Business and Commerce,79,77,7,6,7.792207792207792
H0224,James W. Morefield,R,Business and Commerce,88,86,6,6,6.976744186046512
H0325,Wendell S. Walker,R,Housing,92,90,8,6,6.666666666666667
H0262,"James A. ""Jay"" Leftwich",R,Housing,92,92,11,6,6.521739130434782
H0253,Terry L. Austin,R,Business and Commerce,93,93,9,6,6.451612903225806
H0348,Wren M. Williams,R,Elections and Voting,96,96,11,6,6.25
H0056,Terry G. Kilgore,R,Elections and Voting,99,99,9,6,6.0606060606060606
H0347,"H. Otto Wachsmann, Jr.",R,Transportation,102,102,7,6,5.88235294117647
H0386,Jessica L. Anderson,D,Firearms,108,102,6,6,5.88235294117647
H0357,Will Davis,R,Local Government,106,106,11,6,5.660377358490567
H0357,Will Davis,R,Taxes and Revenue,108,106,8,6,5.660377358490567
H0321,Chris S. Runion,R,Local Government,109,107,10,6,5.607476635514018
H0343,Briana D. Sewell,D,Housing,109,107,7,6,5.607476635514018
H0124,R. Lee Ware,R,Local Government,110,108,10,6,5.555555555555555
H0325,Wendell S. Walker,R,Local Government,110,109,7,6,5.5045871559633035
H0056,Terry G. Kilgore,R,Local Government,113,112,7,6,5.357142857142857
H0354,Katrina Callsen,D,Taxes and Revenue,115,112,9,6,5.357142857142857
H0366,Phil M. Hernandez,D,Taxes and Revenue,116,114,9,6,5.263157894736842
H0308,Joseph P. McNamara,R,Criminal Justice,137,132,7,6,4.545454545454546
H0308,Joseph P. McNamara,R,Local Government,148,142,14,6,4.225352112676056
H0262,"James A. ""Jay"" Leftwich",R,Energy and Utilities,149,149,8,6,4.026845637583892
H0345,Anne Ferrell Tata,R,Energy and Utilities,157,155,9,6,3.870967741935484
H0384,Eric Phillips,R,Labor and Employment,164,161,9,6,3.7267080745341614
H0325,Wendell S. Walker,R,Labor and Employment,169,164,7,6,3.6585365853658534
H0238,M. Keith Hodges,R,Local Government,172,165,8,6,3.6363636363636362
H0401,Madison Whittle,R,Labor and Employment,178,175,13,6,3.428571428571429
H0284,"Marcia S. ""Cia"" Price",D,Criminal Justice,182,180,11,6,3.3333333333333335
H0386,Jessica L. Anderson,D,Criminal Justice,196,191,6,6,3.1413612565445024
H0308,Joseph P. McNamara,R,Education,203,194,10,6,3.0927835051546393
H0395,John Chilton McAuliff,D,Unclassified,427,386,10,6,1.5544041450777202
H0321,Chris S. Runion,R,Unclassified,412,405,24,6,1.4814814814814816
H0349,Jackie H. Glass,D,Unclassified,469,460,11,6,1.3043478260869565
H0343,Briana D. Sewell,D,Unclassified,562,557,14,6,1.0771992818671454
H0262,"James A. ""Jay"" Leftwich",R,Data Centers,15,15,5,5,33.33333333333333
H0124,R. Lee Ware,R,Data Centers,21,21,5,5,23.809523809523807
H0348,Wren M. Williams,R,Technology and Data,23,23,5,5,21.73913043478261
H0335,Mike A. Cherry,R,Constitutional Amendments,30,29,5,5,17.24137931034483
H0406,Kirk McPike,D,Taxes and Revenue,32,31,5,5,16.129032258064516
H0335,Mike A. Cherry,R,Taxes and Revenue,50,50,6,5,10.0
H0345,Anne Ferrell Tata,R,Taxes and Revenue,50,50,6,5,10.0
H0321,Chris S. Runion,R,Environment and Conservation,54,53,5,5,9.433962264150944
H0348,Wren M. Williams,R,Environment and Conservation,58,56,5,5,8.928571428571429
H0333,Jason S. Ballard,R,Taxes and Revenue,59,59,7,5,8.47457627118644
H0335,Mike A. Cherry,R,Business and Commerce,60,60,5,5,8.333333333333332
H0335,Mike A. Cherry,R,Insurance,60,60,5,5,8.333333333333332
H0380,Atoosa R. Reaser,D,Taxes and Revenue,60,60,6,5,8.333333333333332
H0267,"Robert S. Bloxom, Jr.",R,Family and Children,62,61,5,5,8.19672131147541
H0224,James W. Morefield,R,Family and Children,64,63,5,5,7.936507936507936
H0348,Wren M. Williams,R,Public Safety,70,64,6,5,7.8125
H0345,Anne Ferrell Tata,R,Courts and Civil Law,65,65,6,5,7.6923076923076925
H0350,Ellen H. McLaughlin,R,Insurance,70,66,5,5,7.575757575757576
H0321,Chris S. Runion,R,Courts and Civil Law,70,68,6,5,7.352941176470589
H0348,Wren M. Williams,R,"Study Commissions, Committees, and Reports",74,68,8,5,7.352941176470589
H0393,Lily V. Franklin,D,Firearms,71,68,5,5,7.352941176470589
H0308,Joseph P. McNamara,R,Courts and Civil Law,71,69,7,5,7.246376811594203
H0347,"H. Otto Wachsmann, Jr.",R,"Study Commissions, Committees, and Reports",69,69,6,5,7.246376811594203
H0329,Bill Wiley,R,Public Safety,70,70,5,5,7.142857142857142
H0401,Madison Whittle,R,Family and Children,80,76,6,5,6.578947368421052
H0253,Terry L. Austin,R,Courts and Civil Law,78,77,5,5,6.493506493506493
H0224,James W. Morefield,R,"Study Commissions, Committees, and Reports",79,79,5,5,6.329113924050633
H0350,Ellen H. McLaughlin,R,Business and Commerce,86,82,5,5,6.097560975609756
H0267,"Robert S. Bloxom, Jr.",R,Budget and Appropriations,86,85,5,5,5.88235294117647
H0224,James W. Morefield,R,Budget and Appropriations,86,86,5,5,5.813953488372093
H0384,Eric Phillips,R,Housing,88,88,6,5,5.681818181818182
H0124,R. Lee Ware,R,Housing,90,89,6,5,5.617977528089887
H0401,Madison Whittle,R,Housing,90,90,6,5,5.555555555555555
H0348,Wren M. Williams,R,Housing,96,93,14,5,5.376344086021505
H0404,Margaret A. Franklin,D,Taxes and Revenue,103,98,5,5,5.1020408163265305
H0405,Garrett McGuire,D,Housing,104,100,6,5,5.0
H0335,Mike A. Cherry,R,Transportation,103,103,5,5,4.854368932038835
H0403,Gretchen M. Bulova,D,Taxes and Revenue,106,103,5,5,4.854368932038835
H0247,Michael J. Webert,R,Local Government,113,105,16,5,4.761904761904762
H0350,Ellen H. McLaughlin,R,Elections and Voting,113,111,5,5,4.504504504504505
H0266,Sam Rasoul,D,Energy and Utilities,147,146,5,5,3.4246575342465753
H0384,Eric Phillips,R,Energy and Utilities,147,147,9,5,3.4013605442176873
H0124,R. Lee Ware,R,Energy and Utilities,161,159,8,5,3.1446540880503147
H0262,"James A. ""Jay"" Leftwich",R,Labor and Employment,165,164,9,5,3.048780487804878
H0238,M. Keith Hodges,R,Criminal Justice,166,166,9,5,3.0120481927710845
H0308,Joseph P. McNamara,R,Labor and Employment,169,166,8,5,3.0120481927710845
H0383,Eric R. Zehr,R,Criminal Justice,174,170,19,5,2.941176470588235
H0328,Scott A. Wyatt,R,Criminal Justice,171,171,5,5,2.923976608187134
H0328,Scott A. Wyatt,R,Local Government,183,178,8,5,2.8089887640449436
H0345,Anne Ferrell Tata,R,Labor and Employment,184,181,8,5,2.7624309392265194
H0247,Michael J. Webert,R,Criminal Justice,198,184,16,5,2.717391304347826
H0321,Chris S. Runion,R,Education,199,198,10,5,2.525252525252525
H0328,Scott A. Wyatt,R,Transportation,201,201,7,5,2.4875621890547266
H0238,M. Keith Hodges,R,Labor and Employment,216,213,6,5,2.3474178403755865
H0231,Tony O. Wilt,R,Labor and Employment,218,217,5,5,2.3041474654377883
H0253,Terry L. Austin,R,Transportation,219,218,8,5,2.293577981651376
H0401,Madison Whittle,R,Criminal Justice,234,227,13,5,2.2026431718061676
H0357,Will Davis,R,Criminal Justice,233,231,5,5,2.1645021645021645
H0354,Katrina Callsen,D,Criminal Justice,242,235,7,5,2.127659574468085
H0366,Phil M. Hernandez,D,Criminal Justice,240,236,7,5,2.11864406779661
H0362,"Thomas A. Garrett, Jr.",R,Unclassified,411,372,63,5,1.3440860215053763
H0336,Nadarius E. Clark,D,Unclassified,520,381,6,5,1.3123359580052494
H0382,Joshua E. Thomas,D,Unclassified,496,493,7,5,1.0141987829614605
H0340,Michelle Lopes Maldonado,D,Unclassified,538,531,8,5,0.9416195856873822
H0267,"Robert S. Bloxom, Jr.",R,Domestic Relations,4,4,4,4,100.0
H0267,"Robert S. Bloxom, Jr.",R,Uncodified Legislation,8,8,4,4,50.0
H0335,Mike A. Cherry,R,Elections,9,8,4,4,50.0
H0390,Mitchell Cornett,R,Data Centers,15,15,4,4,26.666666666666668
H0335,Mike A. Cherry,R,Data Centers,16,16,4,4,25.0
H0308,Joseph P. McNamara,R,Marriage and Domestic Relations,19,19,4,4,21.052631578947366
H0345,Anne Ferrell Tata,R,Data Centers,20,19,4,4,21.052631578947366
H0369,Hillary Pugh Kent,R,Data Centers,21,21,5,4,19.047619047619047
H0321,Chris S. Runion,R,Agriculture and Food,26,26,4,4,15.384615384615385
H0056,Terry G. Kilgore,R,Technology and Data,29,27,4,4,14.814814814814813
H0354,Katrina Callsen,D,Technology and Data,28,27,6,4,14.814814814814813
H0224,James W. Morefield,R,Agriculture and Food,31,31,4,4,12.903225806451612
H0267,"Robert S. Bloxom, Jr.",R,Economic Development,32,32,4,4,12.5
H0398,Justin Pence,R,Technology and Data,34,34,5,4,11.76470588235294
H0259,"Hyland F. ""Buddy"" Fowler, Jr.",R,Higher Education,36,35,5,4,11.428571428571429
H0393,Lily V. Franklin,D,Higher Education,36,36,4,4,11.11111111111111
H0355,Laura Jane Cohen,D,Taxes and Revenue,52,45,4,4,8.88888888888889
H0383,Eric R. Zehr,R,Taxes and Revenue,49,49,11,4,8.16326530612245
H0239,Alfonso H. Lopez,D,Taxes and Revenue,51,50,4,4,8.0
H0347,"H. Otto Wachsmann, Jr.",R,Environment and Conservation,50,50,4,4,8.0
H0308,Joseph P. McNamara,R,Family and Children,53,51,6,4,7.8431372549019605
H0384,Eric Phillips,R,Family and Children,52,51,5,4,7.8431372549019605
H0401,Madison Whittle,R,Taxes and Revenue,51,51,7,4,7.8431372549019605
H0262,"James A. ""Jay"" Leftwich",R,Taxes and Revenue,53,52,6,4,7.6923076923076925
H0335,Mike A. Cherry,R,Environment and Conservation,53,53,4,4,7.547169811320755
H0399,Kimberly Pope Adams,D,Family and Children,54,54,4,4,7.4074074074074066
H0219,Patrick A. Hope,D,Taxes and Revenue,55,55,4,4,7.2727272727272725
H0224,James W. Morefield,R,Behavioral Health,55,55,4,4,7.2727272727272725
H0227,Luke E. Torian,D,Taxes and Revenue,67,55,7,4,7.2727272727272725
H0395,John Chilton McAuliff,D,Courts and Civil Law,66,55,4,4,7.2727272727272725
H0393,Lily V. Franklin,D,Insurance,58,58,4,4,6.896551724137931
H0308,Joseph P. McNamara,R,"Study Commissions, Committees, and Reports",60,59,4,4,6.779661016949152
H0347,"H. Otto Wachsmann, Jr.",R,Public Safety,59,59,7,4,6.779661016949152
H0401,Madison Whittle,R,Behavioral Health,60,59,6,4,6.779661016949152
H0056,Terry G. Kilgore,R,Environment and Conservation,61,60,4,4,6.666666666666667
H0224,James W. Morefield,R,Environment and Conservation,61,60,5,4,6.666666666666667
H0345,Anne Ferrell Tata,R,Insurance,60,60,6,4,6.666666666666667
H0375,Adele Y. McClure,D,Taxes and Revenue,62,61,4,4,6.557377049180328
H0335,Mike A. Cherry,R,Public Safety,62,62,4,4,6.451612903225806
H0343,Briana D. Sewell,D,Taxes and Revenue,63,62,5,4,6.451612903225806
H0350,Ellen H. McLaughlin,R,Environment and Conservation,63,63,4,4,6.349206349206349
H0388,Stacey Annie Carroll,D,Firearms,75,64,5,4,6.25
H0262,"James A. ""Jay"" Leftwich",R,Business and Commerce,66,65,5,4,6.153846153846154
H0253,Terry L. Austin,R,Insurance,67,66,4,4,6.0606060606060606
H0345,Anne Ferrell Tata,R,Family and Children,66,66,4,4,6.0606060606060606
H0347,"H. Otto Wachsmann, Jr.",R,Courts and Civil Law,69,69,5,4,5.797101449275362
H0238,M. Keith Hodges,R,Courts and Civil Law,70,70,6,4,5.714285714285714
H0262,"James A. ""Jay"" Leftwich",R,Budget and Appropriations,72,72,7,4,5.555555555555555
H0056,Terry G. Kilgore,R,Budget and Appropriations,75,75,4,4,5.333333333333334
H0401,Madison Whittle,R,Budget and Appropriations,77,76,6,4,5.263157894736842
H0329,Bill Wiley,R,Courts and Civil Law,78,77,4,4,5.194805194805195
H0348,Wren M. Williams,R,Family and Children,85,77,10,4,5.194805194805195
H0335,Mike A. Cherry,R,Family and Children,78,78,6,4,5.128205128205128
H0056,Terry G. Kilgore,R,"Study Commissions, Committees, and Reports",85,84,4,4,4.761904761904762
H0247,Michael J. Webert,R,Insurance,95,84,8,4,4.761904761904762
H0348,Wren M. Williams,R,Insurance,97,86,8,4,4.651162790697675
H0403,Gretchen M. Bulova,D,Housing,90,90,4,4,4.444444444444445
H0247,Michael J. Webert,R,Elections and Voting,96,92,9,4,4.3478260869565215
H0357,Will Davis,R,Housing,92,92,5,4,4.3478260869565215
H0369,Hillary Pugh Kent,R,Health and Healthcare,92,92,4,4,4.3478260869565215
H0357,Will Davis,R,Elections and Voting,93,93,6,4,4.301075268817205
H0393,Lily V. Franklin,D,Business and Commerce,95,95,4,4,4.2105263157894735
H0259,"Hyland F. ""Buddy"" Fowler, Jr.",R,Transportation,101,98,5,4,4.081632653061225
H0308,Joseph P. McNamara,R,Taxes and Revenue,107,99,6,4,4.040404040404041
H0357,Will Davis,R,Courts and Civil Law,99,99,5,4,4.040404040404041
H0398,Justin Pence,R,Local Government,103,103,9,4,3.8834951456310676
H0262,"James A. ""Jay"" Leftwich",R,Courts and Civil Law,108,106,6,4,3.7735849056603774
H0350,Ellen H. McLaughlin,R,Transportation,111,107,5,4,3.7383177570093453
H0238,M. Keith Hodges,R,Transportation,112,111,6,4,3.6036036036036037
H0284,"Marcia S. ""Cia"" Price",D,Transportation,113,112,4,4,3.571428571428571
H0333,Jason S. Ballard,R,Courts and Civil Law,119,115,5,4,3.4782608695652173
H0393,Lily V. Franklin,D,Local Government,115,115,4,4,3.4782608695652173
H0356,Rae Cousins,D,Transportation,134,134,4,4,2.9850746268656714
H0325,Wendell S. Walker,R,Energy and Utilities,148,139,5,4,2.877697841726619
H0344,Irene Shin,D,Criminal Justice,146,144,4,4,2.7777777777777777
H0390,Mitchell Cornett,R,Energy and Utilities,147,147,9,4,2.7210884353741496
H0242,Israel D. O'Quinn,R,Elections and Voting,149,148,5,4,2.7027027027027026
H0284,"Marcia S. ""Cia"" Price",D,Housing,160,155,6,4,2.5806451612903225
H0323,Shelly A. Simonds,D,Criminal Justice,164,163,5,4,2.4539877300613497
H0329,Bill Wiley,R,Criminal Justice,164,164,5,4,2.4390243902439024
H0208,Charniele L. Herring,D,Criminal Justice,167,166,8,4,2.4096385542168677
H0393,Lily V. Franklin,D,Labor and Employment,177,175,4,4,2.2857142857142856
H0305,Kathy K.L. Tran,D,Criminal Justice,176,176,6,4,2.272727272727273
H0329,Bill Wiley,R,Energy and Utilities,177,176,6,4,2.272727272727273
H0351,Holly M. Seibold,D,Criminal Justice,199,189,6,4,2.1164021164021163
H0333,Jason S. Ballard,R,Criminal Justice,197,191,6,4,2.094240837696335
H0266,Sam Rasoul,D,Criminal Justice,200,193,6,4,2.072538860103627
H0340,Michelle Lopes Maldonado,D,Criminal Justice,196,194,4,4,2.0618556701030926
H0247,Michael J. Webert,R,Education,213,201,13,4,1.9900497512437811
H0393,Lily V. Franklin,D,Education,207,205,4,4,1.951219512195122
H0333,Jason S. Ballard,R,Transportation,217,215,6,4,1.8604651162790697
H0294,Karrie K. Delaney,D,Criminal Justice,240,232,4,4,1.7241379310344827
H0328,Scott A. Wyatt,R,Education,245,242,7,4,1.6528925619834711
H0356,Rae Cousins,D,Criminal Justice,295,290,5,4,1.3793103448275863
H0383,Eric R. Zehr,R,Unclassified,419,411,67,4,0.9732360097323601
H0398,Justin Pence,R,Unclassified,445,441,24,4,0.9070294784580499
H0370,Karen Keys-Gamarra,D,Unclassified,513,487,6,4,0.8213552361396305
H0387,"Karen R. ""Kacey"" Carnegie",D,Unclassified,501,489,7,4,0.81799591002045
H0344,Irene Shin,D,Unclassified,547,532,11,4,0.7518796992481203
H0348,Wren M. Williams,R,Courts Not of Record,3,3,3,3,100.0
H0348,Wren M. Williams,R,Children,5,4,3,3,75.0
H0056,Terry G. Kilgore,R,Administration of Government,7,7,3,3,42.857142857142854
H0224,James W. Morefield,R,Uncodified Legislation,8,8,3,3,37.5
H0056,Terry G. Kilgore,R,Uncodified Legislation,13,13,3,3,23.076923076923077
H0348,Wren M. Williams,R,Economic Development,14,14,3,3,21.428571428571427
H0384,Eric Phillips,R,Data Centers,15,15,4,3,20.0
H0394,Karen Hamilton,R,Data Centers,15,15,3,3,20.0
H0259,"Hyland F. ""Buddy"" Fowler, Jr.",R,Data Centers,18,17,7,3,17.647058823529413
H0308,Joseph P. McNamara,R,Constitutional Amendments,18,18,3,3,16.666666666666664
H0407,Andrew Rice,R,Labor and Employment,19,18,3,3,16.666666666666664
H0350,Ellen H. McLaughlin,R,Data Centers,19,19,3,3,15.789473684210526
H0348,Wren M. Williams,R,Marriage and Domestic Relations,25,24,4,3,12.5
H0335,Mike A. Cherry,R,Technology and Data,25,25,6,3,12.0
H0345,Anne Ferrell Tata,R,Technology and Data,25,25,3,3,12.0
H0348,Wren M. Williams,R,Agriculture and Food,28,25,3,3,12.0
H0401,Madison Whittle,R,Marriage and Domestic Relations,25,25,3,3,12.0
H0325,Wendell S. Walker,R,Agriculture and Food,26,26,3,3,11.538461538461538
H0347,"H. Otto Wachsmann, Jr.",R,Agriculture and Food,26,26,3,3,11.538461538461538
H0347,"H. Otto Wachsmann, Jr.",R,Technology and Data,32,32,3,3,9.375
H0350,Ellen H. McLaughlin,R,Agriculture and Food,32,32,3,3,9.375
H0347,"H. Otto Wachsmann, Jr.",R,State Government,35,35,3,3,8.571428571428571
H0388,Stacey Annie Carroll,D,State Government,40,35,3,3,8.571428571428571
H0348,Wren M. Williams,R,Higher Education,38,36,4,3,8.333333333333332
H0375,Adele Y. McClure,D,State Government,38,36,4,3,8.333333333333332
H0238,M. Keith Hodges,R,Higher Education,42,40,3,3,7.5
H0348,Wren M. Williams,R,Budget and Appropriations,79,40,7,3,7.5
H0369,Hillary Pugh Kent,R,Agriculture and Food,43,42,5,3,7.142857142857142
H0124,R. Lee Ware,R,Agriculture and Food,43,43,3,3,6.976744186046512
H0231,Tony O. Wilt,R,Agriculture and Food,46,45,3,3,6.666666666666667
H0247,Michael J. Webert,R,Taxes and Revenue,52,50,4,3,6.0
H0253,Terry L. Austin,R,Higher Education,50,50,4,3,6.0
H0242,Israel D. O'Quinn,R,Family and Children,51,51,3,3,5.88235294117647
H0259,"Hyland F. ""Buddy"" Fowler, Jr.",R,Family and Children,55,51,6,3,5.88235294117647
H0262,"James A. ""Jay"" Leftwich",R,Environment and Conservation,52,52,3,3,5.769230769230769
H0321,Chris S. Runion,R,Family and Children,53,53,5,3,5.660377358490567
H0345,Anne Ferrell Tata,R,Public Safety,53,53,5,3,5.660377358490567
H0362,"Thomas A. Garrett, Jr.",R,Higher Education,56,53,10,3,5.660377358490567
H0242,Israel D. O'Quinn,R,Taxes and Revenue,56,56,3,3,5.357142857142857
H0262,"James A. ""Jay"" Leftwich",R,Insurance,56,56,5,3,5.357142857142857
H0384,Eric Phillips,R,Behavioral Health,56,56,4,3,5.357142857142857
H0056,Terry G. Kilgore,R,Behavioral Health,62,61,3,3,4.918032786885246
H0357,Will Davis,R,"Study Commissions, Committees, and Reports",61,61,3,3,4.918032786885246
H0253,Terry L. Austin,R,Family and Children,62,62,4,3,4.838709677419355
H0334,Elizabeth B. Bennett-Parker,D,Taxes and Revenue,77,63,3,3,4.761904761904762
H0321,Chris S. Runion,R,"Study Commissions, Committees, and Reports",64,64,5,3,4.6875
H0329,Bill Wiley,R,Environment and Conservation,64,64,3,3,4.6875
H0347,"H. Otto Wachsmann, Jr.",R,Family and Children,64,64,4,3,4.6875
H0325,Wendell S. Walker,R,"Study Commissions, Committees, and Reports",69,65,3,3,4.615384615384616
H0369,Hillary Pugh Kent,R,"Study Commissions, Committees, and Reports",65,65,3,3,4.615384615384616
H0056,Terry G. Kilgore,R,Family and Children,67,66,5,3,4.545454545454546
H0124,R. Lee Ware,R,"Study Commissions, Committees, and Reports",66,66,3,3,4.545454545454546
H0369,Hillary Pugh Kent,R,Family and Children,67,66,3,3,4.545454545454546
H0124,R. Lee Ware,R,Courts and Civil Law,69,68,4,3,4.411764705882353
H0231,Tony O. Wilt,R,Public Safety,71,69,3,3,4.3478260869565215
H0325,Wendell S. Walker,R,Behavioral Health,72,69,3,3,4.3478260869565215
H0124,R. Lee Ware,R,Budget and Appropriations,71,70,3,3,4.285714285714286
H0308,Joseph P. McNamara,R,Budget and Appropriations,71,70,6,3,4.285714285714286
H0384,Eric Phillips,R,Budget and Appropriations,73,70,3,3,4.285714285714286
H0384,Eric Phillips,R,Public Safety,70,70,5,3,4.285714285714286
H0259,"Hyland F. ""Buddy"" Fowler, Jr.",R,Budget and Appropriations,73,71,3,3,4.225352112676056
H0321,Chris S. Runion,R,Budget and Appropriations,72,72,5,3,4.166666666666666
H0242,Israel D. O'Quinn,R,Budget and Appropriations,73,73,4,3,4.10958904109589
H0325,Wendell S. Walker,R,Family and Children,79,73,4,3,4.10958904109589
H0328,Scott A. Wyatt,R,Public Safety,73,73,4,3,4.10958904109589
H0347,"H. Otto Wachsmann, Jr.",R,Budget and Appropriations,75,75,4,3,4.0
H0345,Anne Ferrell Tata,R,Budget and Appropriations,77,77,3,3,3.896103896103896
H0369,Hillary Pugh Kent,R,Budget and Appropriations,78,78,3,3,3.8461538461538463
H0335,Mike A. Cherry,R,Budget and Appropriations,83,81,5,3,3.7037037037037033
H0238,M. Keith Hodges,R,"Study Commissions, Committees, and Reports",84,82,3,3,3.6585365853658534
H0242,Israel D. O'Quinn,R,Business and Commerce,83,83,3,3,3.614457831325301
H0308,Joseph P. McNamara,R,Health and Healthcare,88,87,4,3,3.4482758620689653
H0349,Jackie H. Glass,D,Housing,88,87,3,3,3.4482758620689653
H0401,Madison Whittle,R,Elections and Voting,94,87,6,3,3.4482758620689653
H0231,Tony O. Wilt,R,Environment and Conservation,89,88,7,3,3.4090909090909087
H0247,Michael J. Webert,R,Housing,92,88,8,3,3.4090909090909087
H0247,Michael J. Webert,R,Environment and Conservation,90,89,11,3,3.3707865168539324
H0390,Mitchell Cornett,R,Housing,89,89,6,3,3.3707865168539324
H0398,Justin Pence,R,Housing,90,90,4,3,3.3333333333333335
H0262,"James A. ""Jay"" Leftwich",R,Health and Healthcare,96,93,4,3,3.225806451612903
H0321,Chris S. Runion,R,Housing,94,93,8,3,3.225806451612903
H0124,R. Lee Ware,R,Elections and Voting,94,94,5,3,3.1914893617021276
H0377,Delores Oates,R,Elections and Voting,94,94,6,3,3.1914893617021276
H0398,Justin Pence,R,Elections and Voting,94,94,5,3,3.1914893617021276
H0247,Michael J. Webert,R,Health and Healthcare,101,97,4,3,3.0927835051546393
H0325,Wendell S. Walker,R,Taxes and Revenue,103,98,4,3,3.061224489795918
H0345,Anne Ferrell Tata,R,Transportation,100,99,3,3,3.0303030303030303
H0357,Will Davis,R,Health and Healthcare,99,99,4,3,3.0303030303030303
H0317,Dan I. Helmer,D,Housing,105,102,3,3,2.941176470588235
H0328,Scott A. Wyatt,R,Housing,105,103,6,3,2.912621359223301
H0377,Delores Oates,R,Local Government,103,103,8,3,2.912621359223301
H0401,Madison Whittle,R,Transportation,108,104,7,3,2.8846153846153846
H0262,"James A. ""Jay"" Leftwich",R,Local Government,108,106,7,3,2.8301886792452833
H0238,M. Keith Hodges,R,Elections and Voting,110,108,3,3,2.7777777777777777
H0328,Scott A. Wyatt,R,Health and Healthcare,109,109,4,3,2.7522935779816518
H0231,Tony O. Wilt,R,Local Government,112,111,9,3,2.7027027027027026
H0399,Kimberly Pope Adams,D,Local Government,112,111,3,3,2.7027027027027026
H0231,Tony O. Wilt,R,Transportation,125,124,4,3,2.4193548387096775
H0333,Jason S. Ballard,R,Health and Healthcare,129,127,4,3,2.3622047244094486
H0404,Margaret A. Franklin,D,Criminal Justice,136,131,3,3,2.2900763358778624
H0329,Bill Wiley,R,Local Government,135,135,6,3,2.2222222222222223
H0259,"Hyland F. ""Buddy"" Fowler, Jr.",R,Criminal Justice,142,137,7,3,2.18978102189781
H0362,"Thomas A. Garrett, Jr.",R,Energy and Utilities,148,138,23,3,2.1739130434782608
H0349,Jackie H. Glass,D,Criminal Justice,142,139,3,3,2.158273381294964
H0393,Lily V. Franklin,D,Criminal Justice,143,143,3,3,2.097902097902098
H0242,Israel D. O'Quinn,R,Criminal Justice,144,144,5,3,2.083333333333333
H0262,"James A. ""Jay"" Leftwich",R,Elections and Voting,146,144,6,3,2.083333333333333
H0401,Madison Whittle,R,Energy and Utilities,148,147,13,3,2.0408163265306123
H0357,Will Davis,R,Energy and Utilities,151,151,6,3,1.9867549668874174
H0405,Garrett McGuire,D,Local Government,159,154,4,3,1.948051948051948
H0400,Virgil Thornton,D,Local Government,164,159,3,3,1.8867924528301887
H0398,Justin Pence,R,Labor and Employment,164,164,8,3,1.8292682926829267
H0386,Jessica L. Anderson,D,Local Government,170,166,3,3,1.8072289156626504
H0343,Briana D. Sewell,D,Criminal Justice,170,168,3,3,1.7857142857142856
H0399,Kimberly Pope Adams,D,Criminal Justice,172,169,3,3,1.7751479289940828
H0383,Eric R. Zehr,R,Labor and Employment,176,171,18,3,1.7543859649122806
H0390,Mitchell Cornett,R,Labor and Employment,173,172,7,3,1.744186046511628
H0343,Briana D. Sewell,D,Local Government,179,173,4,3,1.7341040462427744
H0239,Alfonso H. Lopez,D,Criminal Justice,177,176,4,3,1.7045454545454544
H0212,Betsy B. Carr,D,Transportation,200,198,3,3,1.5151515151515151
H0231,Tony O. Wilt,R,Education,208,205,7,3,1.4634146341463417
H0385,JJ Singh,D,Labor and Employment,214,212,3,3,1.4150943396226416
H0325,Wendell S. Walker,R,Education,214,213,4,3,1.4084507042253522
H0238,M. Keith Hodges,R,Health and Healthcare,231,217,5,3,1.3824884792626728
H0333,Jason S. Ballard,R,Energy and Utilities,224,219,7,3,1.36986301369863
H0321,Chris S. Runion,R,Energy and Utilities,223,220,15,3,1.3636363636363635
H0329,Bill Wiley,R,Labor and Employment,223,221,5,3,1.3574660633484164
H0219,Patrick A. Hope,D,Criminal Justice,240,226,5,3,1.3274336283185841
H0321,Chris S. Runion,R,Labor and Employment,249,245,9,3,1.2244897959183674
H0329,Bill Wiley,R,Education,270,269,4,3,1.1152416356877324
H0364,Timothy P. Griffin,R,Unclassified,402,379,75,3,0.79155672823219
H0405,Garrett McGuire,D,Unclassified,470,460,6,3,0.6521739130434783
H0386,Jessica L. Anderson,D,Unclassified,482,476,3,3,0.6302521008403361
H0372,Destiny LeVere Bolling,D,Unclassified,484,480,4,3,0.625
H0267,"Robert S. Bloxom, Jr.",R,Public Service Companies,2,2,2,2,100.0
H0308,Joseph P. McNamara,R,Domestic Relations,2,2,2,2,100.0
H0395,John Chilton McAuliff,D,Trade and Commerce,2,2,2,2,100.0
H0267,"Robert S. Bloxom, Jr.",R,Contraceptives,3,3,2,2,66.66666666666666
H0267,"Robert S. Bloxom, Jr.",R,Health,3,3,2,2,66.66666666666666
H0348,Wren M. Williams,R,Public Service Companies,4,3,2,2,66.66666666666666
H0124,R. Lee Ware,R,Administration of Government,4,4,2,2,50.0
H0224,James W. Morefield,R,Administration of Government,4,4,2,2,50.0
H0329,Bill Wiley,R,Administration of Government,4,4,2,2,50.0
H0357,Will Davis,R,Administration of Government,4,4,2,2,50.0
H0407,Andrew Rice,R,Taxes and Revenue,4,4,2,2,50.0
H0124,R. Lee Ware,R,Uncodified Legislation,6,6,3,2,33.33333333333333
H0267,"Robert S. Bloxom, Jr.",R,Administration of Government,6,6,2,2,33.33333333333333
H0333,Jason S. Ballard,R,Administration of Government,6,6,2,2,33.33333333333333
H0347,"H. Otto Wachsmann, Jr.",R,Administration of Government,6,6,2,2,33.33333333333333
H0347,"H. Otto Wachsmann, Jr.",R,Uncodified Legislation,6,6,2,2,33.33333333333333
H0357,Will Davis,R,Uncodified Legislation,6,6,2,2,33.33333333333333
H0384,Eric Phillips,R,Administration of Government,6,6,2,2,33.33333333333333
H0384,Eric Phillips,R,Uncodified Legislation,6,6,2,2,33.33333333333333
H0407,Andrew Rice,R,Health and Healthcare,7,7,2,2,28.57142857142857
H0329,Bill Wiley,R,Uncodified Legislation,8,8,2,2,25.0
H0348,Wren M. Williams,R,Uncodified Legislation,13,8,2,2,25.0
H0136,"Thomas C. Wright, Jr.",R,"Gambling, Lotteries, Etc.",11,9,5,2,22.22222222222222
H0333,Jason S. Ballard,R,Uncodified Legislation,11,11,2,2,18.181818181818183
H0364,Timothy P. Griffin,R,"Gambling, Lotteries, Etc.",12,11,7,2,18.181818181818183
H0350,Ellen H. McLaughlin,R,Marriage and Domestic Relations,15,13,2,2,15.384615384615385
H0056,Terry G. Kilgore,R,Economic Development,14,14,2,2,14.285714285714285
H0238,M. Keith Hodges,R,Marriage and Domestic Relations,15,14,2,2,14.285714285714285
H0242,Israel D. O'Quinn,R,Economic Development,14,14,2,2,14.285714285714285
H0262,"James A. ""Jay"" Leftwich",R,Economic Development,14,14,2,2,14.285714285714285
H0347,"H. Otto Wachsmann, Jr.",R,Economic Development,14,14,2,2,14.285714285714285
H0224,James W. Morefield,R,Marriage and Domestic Relations,15,15,2,2,13.333333333333334
H0253,Terry L. Austin,R,Marriage and Domestic Relations,15,15,2,2,13.333333333333334
H0335,Mike A. Cherry,R,Economic Development,15,15,2,2,13.333333333333334
H0345,Anne Ferrell Tata,R,Economic Development,15,15,2,2,13.333333333333334
H0345,Anne Ferrell Tata,R,Marriage and Domestic Relations,15,15,2,2,13.333333333333334
H0377,Delores Oates,R,Data Centers,15,15,2,2,13.333333333333334
H0383,Eric R. Zehr,R,Data Centers,15,15,3,2,13.333333333333334
H0401,Madison Whittle,R,Data Centers,15,15,3,2,13.333333333333334
H0253,Terry L. Austin,R,Data Centers,16,16,2,2,12.5
H0321,Chris S. Runion,R,Economic Development,16,16,2,2,12.5
H0401,Madison Whittle,R,Economic Development,16,16,2,2,12.5
H0407,Andrew Rice,R,Energy and Utilities,17,16,2,2,12.5
H0335,Mike A. Cherry,R,Marriage and Domestic Relations,18,18,2,2,11.11111111111111
H0308,Joseph P. McNamara,R,Data Centers,19,19,4,2,10.526315789473683
H0328,Scott A. Wyatt,R,Data Centers,19,19,4,2,10.526315789473683
H0231,Tony O. Wilt,R,Technology and Data,23,23,3,2,8.695652173913043
H0262,"James A. ""Jay"" Leftwich",R,Agriculture and Food,23,23,2,2,8.695652173913043
H0384,Eric Phillips,R,Agriculture and Food,23,23,2,2,8.695652173913043
H0398,Justin Pence,R,Agriculture and Food,23,23,2,2,8.695652173913043
H0398,Justin Pence,R,Marriage and Domestic Relations,23,23,2,2,8.695652173913043
H0242,Israel D. O'Quinn,R,Technology and Data,24,24,2,2,8.333333333333332
H0231,Tony O. Wilt,R,State Government,26,26,2,2,7.6923076923076925
H0242,Israel D. O'Quinn,R,Agriculture and Food,26,26,2,2,7.6923076923076925
H0247,Michael J. Webert,R,Technology and Data,27,26,2,2,7.6923076923076925
H0401,Madison Whittle,R,Technology and Data,26,26,4,2,7.6923076923076925
H0335,Mike A. Cherry,R,Agriculture and Food,27,27,2,2,7.4074074074074066
H0345,Anne Ferrell Tata,R,Agriculture and Food,27,27,2,2,7.4074074074074066
H0384,Eric Phillips,R,State Government,28,28,2,2,7.142857142857142
H0405,Garrett McGuire,D,Technology and Data,32,29,2,2,6.896551724137931
H0253,Terry L. Austin,R,Agriculture and Food,30,30,2,2,6.666666666666667
H0284,"Marcia S. ""Cia"" Price",D,Technology and Data,32,30,3,2,6.666666666666667
H0393,Lily V. Franklin,D,State Government,31,30,2,2,6.666666666666667
H0347,"H. Otto Wachsmann, Jr.",R,Social Services,31,31,3,2,6.451612903225806
H0267,"Robert S. Bloxom, Jr.",R,Technology and Data,33,32,3,2,6.25
H0329,Bill Wiley,R,Agriculture and Food,32,32,2,2,6.25
H0262,"James A. ""Jay"" Leftwich",R,Higher Education,35,34,4,2,5.88235294117647
H0056,Terry G. Kilgore,R,Higher Education,38,38,3,2,5.263157894736842
H0329,Bill Wiley,R,State Government,39,38,2,2,5.263157894736842
H0350,Ellen H. McLaughlin,R,Higher Education,42,41,2,2,4.878048780487805
H0393,Lily V. Franklin,D,Agriculture and Food,43,43,2,2,4.651162790697675
H0395,John Chilton McAuliff,D,Agriculture and Food,49,43,2,2,4.651162790697675
H0398,Justin Pence,R,Taxes and Revenue,51,43,2,2,4.651162790697675
H0259,"Hyland F. ""Buddy"" Fowler, Jr.",R,Agriculture and Food,46,46,2,2,4.3478260869565215
H0259,"Hyland F. ""Buddy"" Fowler, Jr.",R,Behavioral Health,47,46,2,2,4.3478260869565215
H0362,"Thomas A. Garrett, Jr.",R,Behavioral Health,51,46,6,2,4.3478260869565215
H0325,Wendell S. Walker,R,Environment and Conservation,50,47,2,2,4.25531914893617
H0284,"Marcia S. ""Cia"" Price",D,State Government,50,48,4,2,4.166666666666666
H0394,Karen Hamilton,R,Environment and Conservation,50,49,5,2,4.081632653061225
H0259,"Hyland F. ""Buddy"" Fowler, Jr.",R,Public Safety,53,50,3,2,4.0
H0308,Joseph P. McNamara,R,Public Safety,52,50,2,2,4.0
H0384,Eric Phillips,R,Environment and Conservation,50,50,3,2,4.0
H0395,John Chilton McAuliff,D,Insurance,56,50,2,2,4.0
H0397,May Nivar,D,Taxes and Revenue,50,50,2,2,4.0
H0335,Mike A. Cherry,R,Higher Education,53,51,3,2,3.9215686274509802
H0317,Dan I. Helmer,D,Taxes and Revenue,56,52,2,2,3.8461538461538463
H0247,Michael J. Webert,R,Family and Children,55,53,5,2,3.7735849056603774
H0267,"Robert S. Bloxom, Jr.",R,Behavioral Health,55,54,2,2,3.7037037037037033
H0242,Israel D. O'Quinn,R,Behavioral Health,56,55,3,2,3.6363636363636362
H0253,Terry L. Austin,R,Behavioral Health,57,55,3,2,3.6363636363636362
H0369,Hillary Pugh Kent,R,Public Safety,55,55,4,2,3.6363636363636362
H0124,R. Lee Ware,R,Insurance,56,56,2,2,3.571428571428571
H0323,Shelly A. Simonds,D,Taxes and Revenue,57,56,3,2,3.571428571428571
H0262,"James A. ""Jay"" Leftwich",R,Public Safety,58,57,3,2,3.508771929824561
H0325,Wendell S. Walker,R,Public Safety,58,57,2,2,3.508771929824561
H0259,"Hyland F. ""Buddy"" Fowler, Jr.",R,Insurance,59,58,3,2,3.4482758620689653
H0259,"Hyland F. ""Buddy"" Fowler, Jr.",R,"Study Commissions, Committees, and Reports",63,58,2,2,3.4482758620689653
H0325,Wendell S. Walker,R,Business and Commerce,60,58,2,2,3.4482758620689653
H0369,Hillary Pugh Kent,R,Insurance,58,58,4,2,3.4482758620689653
H0314,Joshua G. Cole,D,Public Safety,59,59,2,2,3.389830508474576
H0328,Scott A. Wyatt,R,Family and Children,60,60,2,2,3.3333333333333335
H0345,Anne Ferrell Tata,R,Higher Education,60,60,2,2,3.3333333333333335
H0401,Madison Whittle,R,"Study Commissions, Committees, and Reports",63,60,4,2,3.3333333333333335
H0247,Michael J. Webert,R,Behavioral Health,64,61,2,2,3.278688524590164
H0262,"James A. ""Jay"" Leftwich",R,"Study Commissions, Committees, and Reports",61,61,2,2,3.278688524590164
H0262,"James A. ""Jay"" Leftwich",R,Family and Children,65,62,4,2,3.225806451612903
H0281,Paul E. Krizek,D,Taxes and Revenue,65,62,5,2,3.225806451612903
H0345,Anne Ferrell Tata,R,Business and Commerce,63,62,2,2,3.225806451612903
H0345,Anne Ferrell Tata,R,"Study Commissions, Committees, and Reports",63,63,2,2,3.1746031746031744
H0401,Madison Whittle,R,Business and Commerce,63,63,5,2,3.1746031746031744
H0284,"Marcia S. ""Cia"" Price",D,Public Safety,66,66,3,2,3.0303030303030303
H0325,Wendell S. Walker,R,Courts and Civil Law,67,67,3,2,2.9850746268656714
H0335,Mike A. Cherry,R,Courts and Civil Law,67,67,4,2,2.9850746268656714
H0343,Briana D. Sewell,D,Higher Education,67,67,2,2,2.9850746268656714
H0333,Jason S. Ballard,R,"Study Commissions, Committees, and Reports",69,68,2,2,2.941176470588235
H0384,Eric Phillips,R,Courts and Civil Law,68,68,2,2,2.941176470588235
H0212,Betsy B. Carr,D,Public Safety,69,69,2,2,2.898550724637681
H0247,Michael J. Webert,R,Public Safety,73,70,8,2,2.857142857142857
H0390,Mitchell Cornett,R,"Study Commissions, Committees, and Reports",71,70,2,2,2.857142857142857
H0231,Tony O. Wilt,R,"Study Commissions, Committees, and Reports",72,71,4,2,2.8169014084507045
H0335,Mike A. Cherry,R,"Study Commissions, Committees, and Reports",72,71,3,2,2.8169014084507045
H0357,Will Davis,R,Family and Children,71,71,3,2,2.8169014084507045
H0242,Israel D. O'Quinn,R,"Study Commissions, Committees, and Reports",72,72,2,2,2.7777777777777777
H0343,Briana D. Sewell,D,Courts and Civil Law,73,72,2,2,2.7777777777777777
H0389,Nicole Cole,D,Firearms,75,72,2,2,2.7777777777777777
H0350,Ellen H. McLaughlin,R,Family and Children,76,74,3,2,2.7027027027027026
H0321,Chris S. Runion,R,Business and Commerce,76,75,4,2,2.666666666666667
H0247,Michael J. Webert,R,Business and Commerce,78,76,5,2,2.631578947368421
H0350,Ellen H. McLaughlin,R,"Study Commissions, Committees, and Reports",79,76,2,2,2.631578947368421
H0231,Tony O. Wilt,R,Business and Commerce,79,79,3,2,2.5316455696202533
H0266,Sam Rasoul,D,Public Safety,79,79,2,2,2.5316455696202533
H0329,Bill Wiley,R,"Study Commissions, Committees, and Reports",80,80,2,2,2.5
H0284,"Marcia S. ""Cia"" Price",D,Family and Children,82,81,2,2,2.4691358024691357
H0238,M. Keith Hodges,R,Family and Children,84,82,4,2,2.4390243902439024
H0238,M. Keith Hodges,R,Behavioral Health,84,84,3,2,2.380952380952381
H0328,Scott A. Wyatt,R,Budget and Appropriations,87,87,4,2,2.2988505747126435
H0406,Kirk McPike,D,Criminal Justice,87,87,3,2,2.2988505747126435
H0369,Hillary Pugh Kent,R,Housing,88,88,5,2,2.272727272727273
H0393,Lily V. Franklin,D,Environment and Conservation,89,89,2,2,2.247191011235955
H0124,R. Lee Ware,R,Environment and Conservation,91,91,6,2,2.197802197802198
H0374,Marty Martinez,D,Housing,98,92,3,2,2.1739130434782608
H0383,Eric R. Zehr,R,Elections and Voting,94,93,11,2,2.1505376344086025
H0390,Mitchell Cornett,R,Elections and Voting,93,93,3,2,2.1505376344086025
H0334,Elizabeth B. Bennett-Parker,D,Criminal Justice,105,97,2,2,2.0618556701030926
H0388,Stacey Annie Carroll,D,Taxes and Revenue,108,98,3,2,2.0408163265306123
H0369,Hillary Pugh Kent,R,Transportation,99,99,6,2,2.0202020202020203
H0321,Chris S. Runion,R,Health and Healthcare,102,100,8,2,2.0
H0231,Tony O. Wilt,R,Health and Healthcare,102,101,6,2,1.9801980198019802
H0295,Kelly K. Convirs-Fowler,D,Transportation,115,101,2,2,1.9801980198019802
H0345,Anne Ferrell Tata,R,Elections and Voting,103,102,5,2,1.9607843137254901
H0348,Wren M. Williams,R,Courts and Civil Law,105,102,6,2,1.9607843137254901
H0262,"James A. ""Jay"" Leftwich",R,Transportation,105,104,5,2,1.9230769230769231
H0390,Mitchell Cornett,R,Local Government,105,104,4,2,1.9230769230769231
H0369,Hillary Pugh Kent,R,Local Government,106,106,6,2,1.8867924528301887
H0402,Charlie Schmidt,D,Transportation,107,107,2,2,1.8691588785046727
H0224,James W. Morefield,R,Transportation,109,108,4,2,1.8518518518518516
H0403,Gretchen M. Bulova,D,Local Government,108,108,5,2,1.8518518518518516
H0266,Sam Rasoul,D,Local Government,110,109,5,2,1.834862385321101
H0267,"Robert S. Bloxom, Jr.",R,Health and Healthcare,109,109,2,2,1.834862385321101
H0388,Stacey Annie Carroll,D,Local Government,121,109,3,2,1.834862385321101
H0301,David A. Reid,D,Health and Healthcare,112,110,2,2,1.8181818181818181
H0328,Scott A. Wyatt,R,Elections and Voting,112,110,4,2,1.8181818181818181
H0343,Briana D. Sewell,D,Elections and Voting,111,111,2,2,1.8018018018018018
H0264,Marcus B. Simon,D,Transportation,117,116,3,2,1.7241379310344827
H0372,Destiny LeVere Bolling,D,Transportation,116,116,2,2,1.7241379310344827
H0264,Marcus B. Simon,D,Local Government,123,122,7,2,1.639344262295082
H0056,Terry G. Kilgore,R,Health and Healthcare,126,126,5,2,1.5873015873015872
H0353,Bonita G. Anthony,D,Taxes and Revenue,138,129,2,2,1.550387596899225
H0056,Terry G. Kilgore,R,Insurance,137,130,2,2,1.5384615384615385
H0284,"Marcia S. ""Cia"" Price",D,Local Government,132,131,7,2,1.5267175572519083
H0317,Dan I. Helmer,D,Transportation,133,131,3,2,1.5267175572519083
H0355,Laura Jane Cohen,D,Criminal Justice,145,132,2,2,1.5151515151515151
H0056,Terry G. Kilgore,R,Transportation,138,134,7,2,1.4925373134328357
H0269,"Richard C. ""Rip"" Sullivan, Jr.",D,Insurance,137,135,3,2,1.4814814814814816
H0384,Eric Phillips,R,Transportation,135,135,4,2,1.4814814814814816
H0348,Wren M. Williams,R,Health and Healthcare,165,144,11,2,1.3888888888888888
H0394,Karen Hamilton,R,Energy and Utilities,147,144,24,2,1.3888888888888888
H0405,Garrett McGuire,D,Criminal Justice,144,144,2,2,1.3888888888888888
H0389,Nicole Cole,D,Criminal Justice,145,145,2,2,1.3793103448275863
H0284,"Marcia S. ""Cia"" Price",D,Elections and Voting,149,147,2,2,1.3605442176870748
H0398,Justin Pence,R,Energy and Utilities,148,148,5,2,1.3513513513513513
H0355,Laura Jane Cohen,D,Local Government,175,154,2,2,1.2987012987012987
H0227,Luke E. Torian,D,Criminal Justice,187,157,6,2,1.2738853503184715
H0317,Dan I. Helmer,D,Local Government,165,158,6,2,1.2658227848101267
H0370,Karen Keys-Gamarra,D,Local Government,168,161,9,2,1.2422360248447204
H0357,Will Davis,R,Labor and Employment,171,171,4,2,1.1695906432748537
H0328,Scott A. Wyatt,R,Energy and Utilities,175,174,10,2,1.1494252873563218
H0281,Paul E. Krizek,D,Criminal Justice,179,177,3,2,1.1299435028248588
H0335,Mike A. Cherry,R,Health and Healthcare,185,179,7,2,1.1173184357541899
H0369,Hillary Pugh Kent,R,Labor and Employment,180,179,6,2,1.1173184357541899
H0375,Adele Y. McClure,D,Criminal Justice,183,181,2,2,1.1049723756906076
H0398,Justin Pence,R,Criminal Justice,190,183,10,2,1.092896174863388
H0380,Atoosa R. Reaser,D,Criminal Justice,198,186,2,2,1.0752688172043012
H0392,Mark C. Downey,D,Health and Healthcare,191,190,2,2,1.0526315789473684
H0400,Virgil Thornton,D,Criminal Justice,194,193,2,2,1.0362694300518136
H0387,"Karen R. ""Kacey"" Carnegie",D,Criminal Justice,202,201,2,2,0.9950248756218906
H0357,Will Davis,R,Education,208,207,6,2,0.966183574879227
H0355,Laura Jane Cohen,D,Energy and Utilities,231,213,2,2,0.9389671361502347
H0343,Briana D. Sewell,D,Labor and Employment,224,221,2,2,0.904977375565611
H0396,Leslie Chambers Mehta,D,Criminal Justice,235,230,2,2,0.8695652173913043
H0108,Vivian E. Watts,D,Criminal Justice,237,231,3,2,0.8658008658008658
H0382,Joshua E. Thomas,D,Education,251,248,2,2,0.8064516129032258
H0333,Jason S. Ballard,R,Labor and Employment,259,254,4,2,0.7874015748031495
H0394,Karen Hamilton,R,Unclassified,398,379,58,2,0.5277044854881267
H0295,Kelly K. Convirs-Fowler,D,Unclassified,461,388,2,2,0.5154639175257731
H0343,Briana D. Sewell,D,Education,400,392,10,2,0.5102040816326531
H0374,Marty Martinez,D,Unclassified,435,423,5,2,0.4728132387706856
H0365,"Rozia A. Henson, Jr.",D,Unclassified,451,437,8,2,0.4576659038901602
H0342,Phillip A. Scott,R,Unclassified,478,448,74,2,0.4464285714285714
H0355,Laura Jane Cohen,D,Unclassified,517,473,7,2,0.42283298097251587
H0375,Adele Y. McClure,D,Unclassified,510,499,6,2,0.4008016032064128
H0371,Amy J. Laufer,D,Unclassified,534,526,4,2,0.38022813688212925
H0380,Atoosa R. Reaser,D,Unclassified,578,531,4,2,0.3766478342749529
H0305,Kathy K.L. Tran,D,Unclassified,643,633,12,2,0.315955766192733
H0056,Terry G. Kilgore,R,"Counties, Cities, and Towns",1,1,1,1,100.0
H0056,Terry G. Kilgore,R,Land Development and Use,1,1,1,1,100.0
H0056,Terry G. Kilgore,R,Solar Energy,1,1,1,1,100.0
H0124,R. Lee Ware,R,"Counties, Cities, and Towns",1,1,1,1,100.0
H0124,R. Lee Ware,R,Land Development and Use,1,1,1,1,100.0
H0124,R. Lee Ware,R,Solar Energy,1,1,1,1,100.0
H0224,James W. Morefield,R,"Counties, Cities, and Towns",2,1,1,1,100.0
H0224,James W. Morefield,R,Land Development and Use,2,1,1,1,100.0
H0224,James W. Morefield,R,Solar Energy,2,1,1,1,100.0
H0238,M. Keith Hodges,R,"Counties, Cities, and Towns",2,1,1,1,100.0
H0238,M. Keith Hodges,R,Land Development and Use,2,1,1,1,100.0
H0238,M. Keith Hodges,R,Solar Energy,2,1,1,1,100.0
H0247,Michael J. Webert,R,"Counties, Cities, and Towns",1,1,1,1,100.0
H0247,Michael J. Webert,R,Land Development and Use,1,1,1,1,100.0
H0247,Michael J. Webert,R,Solar Energy,1,1,1,1,100.0
H0259,"Hyland F. ""Buddy"" Fowler, Jr.",R,"Counties, Cities, and Towns",1,1,1,1,100.0
H0259,"Hyland F. ""Buddy"" Fowler, Jr.",R,Land Development and Use,1,1,1,1,100.0
H0259,"Hyland F. ""Buddy"" Fowler, Jr.",R,Solar Energy,1,1,1,1,100.0
H0267,"Robert S. Bloxom, Jr.",R,"Counties, Cities, and Towns",1,1,1,1,100.0
H0267,"Robert S. Bloxom, Jr.",R,Land Development and Use,1,1,1,1,100.0
H0267,"Robert S. Bloxom, Jr.",R,Solar Energy,1,1,1,1,100.0
H0321,Chris S. Runion,R,"Counties, Cities, and Towns",1,1,1,1,100.0
H0321,Chris S. Runion,R,Land Development and Use,1,1,1,1,100.0
H0321,Chris S. Runion,R,Solar Energy,1,1,1,1,100.0
H0328,Scott A. Wyatt,R,"Counties, Cities, and Towns",2,1,1,1,100.0
H0328,Scott A. Wyatt,R,Land Development and Use,2,1,1,1,100.0
H0328,Scott A. Wyatt,R,Solar Energy,2,1,1,1,100.0
H0335,Mike A. Cherry,R,"Counties, Cities, and Towns",1,1,1,1,100.0
H0335,Mike A. Cherry,R,Land Development and Use,1,1,1,1,100.0
H0335,Mike A. Cherry,R,Solar Energy,1,1,1,1,100.0
H0350,Ellen H. McLaughlin,R,"Counties, Cities, and Towns",2,1,1,1,100.0
H0350,Ellen H. McLaughlin,R,Land Development and Use,2,1,1,1,100.0
H0350,Ellen H. McLaughlin,R,Solar Energy,2,1,1,1,100.0
H0362,"Thomas A. Garrett, Jr.",R,"Counties, Cities, and Towns",1,1,1,1,100.0
H0362,"Thomas A. Garrett, Jr.",R,Domestic Relations,2,1,1,1,100.0
H0362,"Thomas A. Garrett, Jr.",R,Land Development and Use,1,1,1,1,100.0
H0362,"Thomas A. Garrett, Jr.",R,Solar Energy,1,1,1,1,100.0
H0224,James W. Morefield,R,Public Service Companies,2,2,1,1,50.0
H0325,Wendell S. Walker,R,"Commissions, Boards, and Institutions Generally",2,2,1,1,50.0
H0325,Wendell S. Walker,R,Educational Institutions,2,2,1,1,50.0
H0224,James W. Morefield,R,Property and Conveyances,4,3,1,1,33.33333333333333
H0253,Terry L. Austin,R,Administration of Government,4,3,1,1,33.33333333333333
H0259,"Hyland F. ""Buddy"" Fowler, Jr.",R,"Pensions, Benefits, and Retirement",3,3,1,1,33.33333333333333
H0238,M. Keith Hodges,R,Administration of Government,4,4,1,1,25.0
H0259,"Hyland F. ""Buddy"" Fowler, Jr.",R,Administration of Government,4,4,1,1,25.0
H0350,Ellen H. McLaughlin,R,Administration of Government,4,4,1,1,25.0
H0401,Madison Whittle,R,Administration of Government,4,4,1,1,25.0
H0407,Andrew Rice,R,Environment and Conservation,5,5,1,1,20.0
H0259,"Hyland F. ""Buddy"" Fowler, Jr.",R,Uncodified Legislation,6,6,2,1,16.666666666666664
H0335,Mike A. Cherry,R,Administration of Government,6,6,1,1,16.666666666666664
H0335,Mike A. Cherry,R,Uncodified Legislation,6,6,1,1,16.666666666666664
H0401,Madison Whittle,R,Uncodified Legislation,6,6,1,1,16.666666666666664
H0407,Andrew Rice,R,Business and Commerce,7,6,1,1,16.666666666666664
H0238,M. Keith Hodges,R,Uncodified Legislation,8,8,1,1,12.5
H0242,Israel D. O'Quinn,R,Administration of Government,8,8,1,1,12.5
H0253,Terry L. Austin,R,Uncodified Legislation,8,8,1,1,12.5
H0350,Ellen H. McLaughlin,R,Uncodified Legislation,8,8,1,1,12.5
H0349,Jackie H. Glass,D,"Gambling, Lotteries, Etc.",11,9,1,1,11.11111111111111
H0334,Elizabeth B. Bennett-Parker,D,Technology and Data,11,10,1,1,10.0
H0347,"H. Otto Wachsmann, Jr.",R,Financial Institutions and Services,10,10,1,1,10.0
H0242,Israel D. O'Quinn,R,Uncodified Legislation,11,11,1,1,9.090909090909092
H0269,"Richard C. ""Rip"" Sullivan, Jr.",D,"Gambling, Lotteries, Etc.",11,11,1,1,9.090909090909092
H0364,Timothy P. Griffin,R,Data Centers,15,11,1,1,9.090909090909092
H0301,David A. Reid,D,"Gambling, Lotteries, Etc.",12,12,1,1,8.333333333333332
H0323,Shelly A. Simonds,D,"Gambling, Lotteries, Etc.",12,12,1,1,8.333333333333332
H0334,Elizabeth B. Bennett-Parker,D,State Government,14,12,2,1,8.333333333333332
H0247,Michael J. Webert,R,Economic Development,15,14,1,1,7.142857142857142
H0384,Eric Phillips,R,Economic Development,14,14,1,1,7.142857142857142
H0398,Justin Pence,R,Economic Development,14,14,1,1,7.142857142857142
H0231,Tony O. Wilt,R,Social Services,15,15,1,1,6.666666666666667
H0247,Michael J. Webert,R,Social Services,16,15,2,1,6.666666666666667
H0308,Joseph P. McNamara,R,Economic Development,15,15,1,1,6.666666666666667
H0308,Joseph P. McNamara,R,Social Services,15,15,1,1,6.666666666666667
H0321,Chris S. Runion,R,Social Services,15,15,1,1,6.666666666666667
H0325,Wendell S. Walker,R,Economic Development,15,15,1,1,6.666666666666667
H0349,Jackie H. Glass,D,Armed Forces,16,15,1,1,6.666666666666667
H0357,Will Davis,R,Economic Development,15,15,1,1,6.666666666666667
H0365,"Rozia A. Henson, Jr.",D,Data Centers,15,15,1,1,6.666666666666667
H0377,Delores Oates,R,Social Services,15,15,1,1,6.666666666666667
H0398,Justin Pence,R,Data Centers,15,15,1,1,6.666666666666667
H0362,"Thomas A. Garrett, Jr.",R,Constitutional Amendments,18,16,1,1,6.25
H0362,"Thomas A. Garrett, Jr.",R,Data Centers,16,16,4,1,6.25
H0124,R. Lee Ware,R,Economic Development,17,17,1,1,5.88235294117647
H0124,R. Lee Ware,R,Marriage and Domestic Relations,17,17,1,1,5.88235294117647
H0242,Israel D. O'Quinn,R,Data Centers,17,17,1,1,5.88235294117647
H0325,Wendell S. Walker,R,Professions and Occupations,17,17,1,1,5.88235294117647
H0333,Jason S. Ballard,R,Data Centers,17,17,1,1,5.88235294117647
H0345,Anne Ferrell Tata,R,Social Services,17,17,1,1,5.88235294117647
H0259,"Hyland F. ""Buddy"" Fowler, Jr.",R,Marriage and Domestic Relations,19,18,1,1,5.555555555555555
H0347,"H. Otto Wachsmann, Jr.",R,Marriage and Domestic Relations,18,18,1,1,5.555555555555555
H0348,Wren M. Williams,R,Data Centers,19,18,5,1,5.555555555555555
H0369,Hillary Pugh Kent,R,Economic Development,18,18,1,1,5.555555555555555
H0212,Betsy B. Carr,D,"Gambling, Lotteries, Etc.",19,19,1,1,5.263157894736842
H0224,James W. Morefield,R,Social Services,19,19,1,1,5.263157894736842
H0267,"Robert S. Bloxom, Jr.",R,Social Services,19,19,1,1,5.263157894736842
H0281,Paul E. Krizek,D,"Gambling, Lotteries, Etc.",20,19,1,1,5.263157894736842
H0355,Laura Jane Cohen,D,Technology and Data,20,19,1,1,5.263157894736842
H0224,James W. Morefield,R,Data Centers,20,20,1,1,5.0
H0325,Wendell S. Walker,R,Technology and Data,20,20,1,1,5.0
H0392,Mark C. Downey,D,Technology and Data,20,20,1,1,5.0
H0384,Eric Phillips,R,Technology and Data,21,21,2,1,4.761904761904762
H0390,Mitchell Cornett,R,Technology and Data,21,21,1,1,4.761904761904762
H0394,Karen Hamilton,R,Agriculture and Food,23,22,1,1,4.545454545454546
H0399,Kimberly Pope Adams,D,Technology and Data,22,22,1,1,4.545454545454546
H0262,"James A. ""Jay"" Leftwich",R,Technology and Data,23,23,1,1,4.3478260869565215
H0308,Joseph P. McNamara,R,State Government,24,23,1,1,4.3478260869565215
H0333,Jason S. Ballard,R,Technology and Data,23,23,1,1,4.3478260869565215
H0357,Will Davis,R,Agriculture and Food,23,23,1,1,4.3478260869565215
H0357,Will Davis,R,Technology and Data,23,23,1,1,4.3478260869565215
H0377,Delores Oates,R,Agriculture and Food,23,23,1,1,4.3478260869565215
H0124,R. Lee Ware,R,Technology and Data,24,24,2,1,4.166666666666666
H0314,Joshua G. Cole,D,Technology and Data,25,24,1,1,4.166666666666666
H0396,Leslie Chambers Mehta,D,Technology and Data,24,24,1,1,4.166666666666666
H0401,Madison Whittle,R,Agriculture and Food,24,24,1,1,4.166666666666666
H0401,Madison Whittle,R,State Government,25,24,1,1,4.166666666666666
H0124,R. Lee Ware,R,State Government,25,25,1,1,4.0
H0266,Sam Rasoul,D,Technology and Data,25,25,1,1,4.0
H0308,Joseph P. McNamara,R,Agriculture and Food,25,25,2,1,4.0
H0377,Delores Oates,R,State Government,25,25,1,1,4.0
H0400,Virgil Thornton,D,Technology and Data,25,25,1,1,4.0
H0403,Gretchen M. Bulova,D,Technology and Data,25,25,1,1,4.0
H0056,Terry G. Kilgore,R,Marriage and Domestic Relations,29,26,2,1,3.8461538461538463
H0224,James W. Morefield,R,Economic Development,26,26,1,1,3.8461538461538463
H0247,Michael J. Webert,R,State Government,28,26,1,1,3.8461538461538463
H0321,Chris S. Runion,R,State Government,26,26,1,1,3.8461538461538463
H0334,Elizabeth B. Bennett-Parker,D,Business and Commerce,33,26,1,1,3.8461538461538463
H0345,Anne Ferrell Tata,R,State Government,26,26,1,1,3.8461538461538463
H0350,Ellen H. McLaughlin,R,Economic Development,26,26,1,1,3.8461538461538463
H0369,Hillary Pugh Kent,R,Technology and Data,26,26,1,1,3.8461538461538463
H0375,Adele Y. McClure,D,Technology and Data,26,26,2,1,3.8461538461538463
H0317,Dan I. Helmer,D,Technology and Data,27,27,1,1,3.7037037037037033
H0365,"Rozia A. Henson, Jr.",D,Technology and Data,29,27,2,1,3.7037037037037033
H0366,Phil M. Hernandez,D,Technology and Data,28,27,3,1,3.7037037037037033
H0386,Jessica L. Anderson,D,State Government,27,27,2,1,3.7037037037037033
H0386,Jessica L. Anderson,D,Technology and Data,27,27,1,1,3.7037037037037033
H0297,Elizabeth R. Guzman,D,Technology and Data,28,28,2,1,3.571428571428571
H0349,Jackie H. Glass,D,State Government,28,28,2,1,3.571428571428571
H0350,Ellen H. McLaughlin,R,Technology and Data,31,28,1,1,3.571428571428571
H0308,Joseph P. McNamara,R,Technology and Data,29,29,2,1,3.4482758620689653
H0329,Bill Wiley,R,Technology and Data,29,29,1,1,3.4482758620689653
H0350,Ellen H. McLaughlin,R,Social Services,29,29,1,1,3.4482758620689653
H0357,Will Davis,R,Marriage and Domestic Relations,29,29,2,1,3.4482758620689653
H0385,JJ Singh,D,Technology and Data,29,29,1,1,3.4482758620689653
H0264,Marcus B. Simon,D,Technology and Data,31,30,1,1,3.3333333333333335
H0314,Joshua G. Cole,D,Alcoholic Beverage and Cannabis Control,32,30,1,1,3.3333333333333335
H0336,Nadarius E. Clark,D,Taxes and Revenue,50,30,1,1,3.3333333333333335
H0356,Rae Cousins,D,Technology and Data,30,30,1,1,3.3333333333333335
H0371,Amy J. Laufer,D,Technology and Data,30,30,1,1,3.3333333333333335
H0377,Delores Oates,R,Technology and Data,30,30,1,1,3.3333333333333335
H0136,"Thomas C. Wright, Jr.",R,Higher Education,34,31,4,1,3.225806451612903
H0305,Kathy K.L. Tran,D,Technology and Data,31,31,1,1,3.225806451612903
H0328,Scott A. Wyatt,R,Agriculture and Food,31,31,2,1,3.225806451612903
H0335,Mike A. Cherry,R,Social Services,31,31,1,1,3.225806451612903
H0212,Betsy B. Carr,D,Technology and Data,32,32,1,1,3.125
H0266,Sam Rasoul,D,State Government,34,32,1,1,3.125
H0238,M. Keith Hodges,R,Agriculture and Food,33,33,1,1,3.0303030303030303
H0308,Joseph P. McNamara,R,Higher Education,34,33,1,1,3.0303030303030303
H0334,Elizabeth B. Bennett-Parker,D,Courts and Civil Law,40,33,1,1,3.0303030303030303
H0335,Mike A. Cherry,R,State Government,33,33,1,1,3.0303030303030303
H0391,Lindsey Dougherty,D,Technology and Data,34,33,1,1,3.0303030303030303
H0238,M. Keith Hodges,R,State Government,36,35,1,1,2.857142857142857
H0365,"Rozia A. Henson, Jr.",D,State Government,35,35,2,1,2.857142857142857
H0349,Jackie H. Glass,D,Higher Education,36,36,1,1,2.7777777777777777
H0314,Joshua G. Cole,D,Higher Education,38,37,1,1,2.7027027027027026
H0399,Kimberly Pope Adams,D,Agriculture and Food,38,38,1,1,2.631578947368421
H0224,James W. Morefield,R,State Government,41,39,1,1,2.564102564102564
H0351,Holly M. Seibold,D,Technology and Data,41,39,1,1,2.564102564102564
H0350,Ellen H. McLaughlin,R,State Government,44,40,1,1,2.5
H0364,Timothy P. Griffin,R,Family and Children,48,41,10,1,2.4390243902439024
H0136,"Thomas C. Wright, Jr.",R,Behavioral Health,47,42,5,1,2.380952380952381
H0136,"Thomas C. Wright, Jr.",R,Taxes and Revenue,48,42,7,1,2.380952380952381
H0238,M. Keith Hodges,R,Social Services,44,42,1,1,2.380952380952381
H0308,Joseph P. McNamara,R,Behavioral Health,48,43,1,1,2.3255813953488373
H0328,Scott A. Wyatt,R,Higher Education,43,43,1,1,2.3255813953488373
H0267,"Robert S. Bloxom, Jr.",R,State Government,47,45,1,1,2.2222222222222223
H0124,R. Lee Ware,R,Family and Children,49,47,2,1,2.127659574468085
H0349,Jackie H. Glass,D,Family and Children,49,47,1,1,2.127659574468085
H0374,Marty Martinez,D,Taxes and Revenue,49,47,1,1,2.127659574468085
H0247,Michael J. Webert,R,Agriculture and Food,48,48,4,1,2.083333333333333
H0364,Timothy P. Griffin,R,Taxes and Revenue,48,48,10,1,2.083333333333333
H0362,"Thomas A. Garrett, Jr.",R,Family and Children,57,49,10,1,2.0408163265306123
H0369,Hillary Pugh Kent,R,Taxes and Revenue,49,49,5,1,2.0408163265306123
H0392,Mark C. Downey,D,Taxes and Revenue,51,49,1,1,2.0408163265306123
H0262,"James A. ""Jay"" Leftwich",R,Behavioral Health,51,50,2,1,2.0
H0362,"Thomas A. Garrett, Jr.",R,Environment and Conservation,52,50,5,1,2.0
H0321,Chris S. Runion,R,Behavioral Health,51,51,3,1,1.9607843137254901
H0334,Elizabeth B. Bennett-Parker,D,Public Safety,52,51,1,1,1.9607843137254901
H0382,Joshua E. Thomas,D,Higher Education,51,51,1,1,1.9607843137254901
H0124,R. Lee Ware,R,Public Safety,53,52,1,1,1.9230769230769231
H0266,Sam Rasoul,D,Environment and Conservation,53,52,1,1,1.9230769230769231
H0295,Kelly K. Convirs-Fowler,D,Public Safety,58,52,1,1,1.9230769230769231
H0327,Rodney T. Willett,D,Agriculture and Food,53,52,1,1,1.9230769230769231
H0369,Hillary Pugh Kent,R,Higher Education,52,52,2,1,1.9230769230769231
H0387,"Karen R. ""Kacey"" Carnegie",D,Environment and Conservation,52,52,1,1,1.9230769230769231
H0405,Garrett McGuire,D,Environment and Conservation,53,53,1,1,1.8867924528301887
H0242,Israel D. O'Quinn,R,Environment and Conservation,54,54,2,1,1.8518518518518516
H0281,Paul E. Krizek,D,Agriculture and Food,54,54,1,1,1.8518518518518516
H0354,Katrina Callsen,D,Behavioral Health,56,54,1,1,1.8518518518518516
H0369,Hillary Pugh Kent,R,Behavioral Health,54,54,2,1,1.8518518518518516
H0371,Amy J. Laufer,D,Agriculture and Food,54,54,1,1,1.8518518518518516
H0342,Phillip A. Scott,R,Higher Education,57,55,11,1,1.8181818181818181
H0398,Justin Pence,R,Insurance,56,55,3,1,1.8181818181818181
H0294,Karrie K. Delaney,D,Behavioral Health,56,56,1,1,1.7857142857142856
H0350,Ellen H. McLaughlin,R,Behavioral Health,58,56,2,1,1.7857142857142856
H0357,Will Davis,R,Behavioral Health,56,56,1,1,1.7857142857142856
H0362,"Thomas A. Garrett, Jr.",R,Insurance,57,56,4,1,1.7857142857142856
H0362,"Thomas A. Garrett, Jr.",R,"Study Commissions, Committees, and Reports",61,56,5,1,1.7857142857142856
H0377,Delores Oates,R,Family and Children,56,56,2,1,1.7857142857142856
H0386,Jessica L. Anderson,D,Environment and Conservation,56,56,1,1,1.7857142857142856
H0207,Delores L. McQuinn,D,Taxes and Revenue,62,57,1,1,1.7543859649122806
H0347,"H. Otto Wachsmann, Jr.",R,Insurance,57,57,2,1,1.7543859649122806
H0360,Michael B. Feggans,D,Taxes and Revenue,57,57,1,1,1.7543859649122806
H0328,Scott A. Wyatt,R,Behavioral Health,58,58,1,1,1.7241379310344827
H0350,Ellen H. McLaughlin,R,Public Safety,58,58,1,1,1.7241379310344827
H0372,Destiny LeVere Bolling,D,Public Safety,58,58,1,1,1.7241379310344827
H0377,Delores Oates,R,Behavioral Health,58,58,1,1,1.7241379310344827
H0395,John Chilton McAuliff,D,Business and Commerce,66,58,1,1,1.7241379310344827
H0328,Scott A. Wyatt,R,Environment and Conservation,59,59,1,1,1.694915254237288
H0354,Katrina Callsen,D,Public Safety,62,59,1,1,1.694915254237288
H0266,Sam Rasoul,D,Business and Commerce,60,60,1,1,1.6666666666666667
H0314,Joshua G. Cole,D,Insurance,60,60,1,1,1.6666666666666667
H0333,Jason S. Ballard,R,Behavioral Health,60,60,1,1,1.6666666666666667
H0390,Mitchell Cornett,R,Business and Commerce,60,60,3,1,1.6666666666666667
H0401,Madison Whittle,R,Public Safety,61,60,3,1,1.6666666666666667
H0136,"Thomas C. Wright, Jr.",R,Business and Commerce,66,61,2,1,1.639344262295082
H0231,Tony O. Wilt,R,Behavioral Health,61,61,4,1,1.639344262295082
H0347,"H. Otto Wachsmann, Jr.",R,Business and Commerce,61,61,1,1,1.639344262295082
H0394,Karen Hamilton,R,"Study Commissions, Committees, and Reports",65,61,4,1,1.639344262295082
H0269,"Richard C. ""Rip"" Sullivan, Jr.",D,Behavioral Health,62,62,1,1,1.6129032258064515
H0349,Jackie H. Glass,D,Firearms,71,62,1,1,1.6129032258064515
H0377,Delores Oates,R,"Study Commissions, Committees, and Reports",63,63,1,1,1.5873015873015872
H0384,Eric Phillips,R,Business and Commerce,63,63,1,1,1.5873015873015872
H0295,Kelly K. Convirs-Fowler,D,Firearms,73,64,1,1,1.5625
H0369,Hillary Pugh Kent,R,Courts and Civil Law,66,65,4,1,1.5384615384615385
H0383,Eric R. Zehr,R,Public Safety,66,65,7,1,1.5384615384615385
H0404,Margaret A. Franklin,D,Courts and Civil Law,67,66,1,1,1.5151515151515151
H0124,R. Lee Ware,R,Business and Commerce,67,67,1,1,1.4925373134328357
H0242,Israel D. O'Quinn,R,Public Safety,67,67,3,1,1.4925373134328357
H0294,Karrie K. Delaney,D,Public Safety,67,67,1,1,1.4925373134328357
H0390,Mitchell Cornett,R,Courts and Civil Law,67,67,6,1,1.4925373134328357
H0355,Laura Jane Cohen,D,Courts and Civil Law,72,68,1,1,1.4705882352941175
H0364,Timothy P. Griffin,R,Firearms,71,68,3,1,1.4705882352941175
H0238,M. Keith Hodges,R,Public Safety,70,69,1,1,1.4492753623188406
H0247,Michael J. Webert,R,Courts and Civil Law,72,69,7,1,1.4492753623188406
H0238,M. Keith Hodges,R,Business and Commerce,72,71,2,1,1.4084507042253522
H0374,Marty Martinez,D,Courts and Civil Law,71,71,1,1,1.4084507042253522
H0328,Scott A. Wyatt,R,Insurance,73,72,4,1,1.3888888888888888
H0355,Laura Jane Cohen,D,"Study Commissions, Committees, and Reports",76,72,1,1,1.3888888888888888
H0398,Justin Pence,R,Budget and Appropriations,72,72,3,1,1.3888888888888888
H0242,Israel D. O'Quinn,R,Courts and Civil Law,74,73,3,1,1.36986301369863
H0297,Elizabeth R. Guzman,D,Courts and Civil Law,75,73,1,1,1.36986301369863
H0305,Kathy K.L. Tran,D,Courts and Civil Law,73,73,1,1,1.36986301369863
H0357,Will Davis,R,Budget and Appropriations,73,73,1,1,1.36986301369863
H0124,R. Lee Ware,R,Firearms,75,74,1,1,1.3513513513513513
H0348,Wren M. Williams,R,Firearms,76,74,1,1,1.3513513513513513
H0350,Ellen H. McLaughlin,R,Firearms,76,74,1,1,1.3513513513513513
H0231,Tony O. Wilt,R,Budget and Appropriations,75,75,4,1,1.3333333333333335
H0238,M. Keith Hodges,R,Insurance,76,75,1,1,1.3333333333333335
H0247,Michael J. Webert,R,Budget and Appropriations,76,75,2,1,1.3333333333333335
H0262,"James A. ""Jay"" Leftwich",R,Firearms,76,75,1,1,1.3333333333333335
H0284,"Marcia S. ""Cia"" Price",D,Courts and Civil Law,78,75,3,1,1.3333333333333335
H0305,Kathy K.L. Tran,D,Business and Commerce,75,75,1,1,1.3333333333333335
H0325,Wendell S. Walker,R,Budget and Appropriations,76,75,1,1,1.3333333333333335
H0335,Mike A. Cherry,R,Firearms,75,75,1,1,1.3333333333333335
H0056,Terry G. Kilgore,R,Firearms,76,76,1,1,1.3157894736842104
H0227,Luke E. Torian,D,"Study Commissions, Committees, and Reports",86,76,1,1,1.3157894736842104
H0238,M. Keith Hodges,R,Firearms,76,76,1,1,1.3157894736842104
H0267,"Robert S. Bloxom, Jr.",R,Firearms,77,76,1,1,1.3157894736842104
H0365,"Rozia A. Henson, Jr.",D,Behavioral Health,79,76,3,1,1.3157894736842104
H0395,John Chilton McAuliff,D,Health and Healthcare,86,76,1,1,1.3157894736842104
H0400,Virgil Thornton,D,Firearms,76,76,1,1,1.3157894736842104
H0344,Irene Shin,D,Behavioral Health,81,77,1,1,1.2987012987012987
H0390,Mitchell Cornett,R,Budget and Appropriations,78,77,2,1,1.2987012987012987
H0393,Lily V. Franklin,D,Courts and Civil Law,77,77,1,1,1.2987012987012987
H0399,Kimberly Pope Adams,D,Environment and Conservation,78,77,1,1,1.2987012987012987
H0173,Jeion A. Ward,D,Business and Commerce,84,78,1,1,1.282051282051282
H0362,"Thomas A. Garrett, Jr.",R,Health and Healthcare,89,78,9,1,1.282051282051282
H0321,Chris S. Runion,R,Taxes and Revenue,81,79,2,1,1.2658227848101267
H0328,Scott A. Wyatt,R,"Study Commissions, Committees, and Reports",80,80,3,1,1.25
H0284,"Marcia S. ""Cia"" Price",D,Behavioral Health,82,81,2,1,1.2345679012345678
H0297,Elizabeth R. Guzman,D,Business and Commerce,86,83,1,1,1.2048192771084338
H0395,John Chilton McAuliff,D,Environment and Conservation,95,83,1,1,1.2048192771084338
H0284,"Marcia S. ""Cia"" Price",D,"Study Commissions, Committees, and Reports",85,85,1,1,1.1764705882352942
H0314,Joshua G. Cole,D,Business and Commerce,85,85,1,1,1.1764705882352942
H0351,Holly M. Seibold,D,Health and Healthcare,89,85,1,1,1.1764705882352942
H0362,"Thomas A. Garrett, Jr.",R,Elections and Voting,95,85,12,1,1.1764705882352942
H0124,R. Lee Ware,R,Health and Healthcare,86,86,1,1,1.1627906976744187
H0253,Terry L. Austin,R,Budget and Appropriations,89,86,2,1,1.1627906976744187
H0259,"Hyland F. ""Buddy"" Fowler, Jr.",R,Health and Healthcare,89,86,2,1,1.1627906976744187
H0394,Karen Hamilton,R,Health and Healthcare,88,86,12,1,1.1627906976744187
H0377,Delores Oates,R,Housing,88,87,5,1,1.1494252873563218
H0284,"Marcia S. ""Cia"" Price",D,Business and Commerce,89,88,1,1,1.1363636363636365
H0364,Timothy P. Griffin,R,Elections and Voting,93,88,11,1,1.1363636363636365
H0384,Eric Phillips,R,Health and Healthcare,89,88,2,1,1.1363636363636365
H0325,Wendell S. Walker,R,Elections and Voting,93,89,3,1,1.1235955056179776
H0350,Ellen H. McLaughlin,R,Budget and Appropriations,89,89,1,1,1.1235955056179776
H0238,M. Keith Hodges,R,Budget and Appropriations,90,90,1,1,1.1111111111111112
H0266,Sam Rasoul,D,Housing,90,90,1,1,1.1111111111111112
H0321,Chris S. Runion,R,Insurance,96,91,1,1,1.098901098901099
H0336,Nadarius E. Clark,D,Transportation,126,92,3,1,1.0869565217391304
H0345,Anne Ferrell Tata,R,Health and Healthcare,92,92,2,1,1.0869565217391304
H0385,JJ Singh,D,Housing,93,92,1,1,1.0869565217391304
H0281,Paul E. Krizek,D,Business and Commerce,98,93,1,1,1.0752688172043012
H0394,Karen Hamilton,R,Elections and Voting,94,93,12,1,1.0752688172043012
H0398,Justin Pence,R,Health and Healthcare,93,93,9,1,1.0752688172043012
H0360,Michael B. Feggans,D,Housing,94,94,1,1,1.0638297872340425
H0369,Hillary Pugh Kent,R,Elections and Voting,94,94,3,1,1.0638297872340425
H0386,Jessica L. Anderson,D,Health and Healthcare,94,94,1,1,1.0638297872340425
H0391,Lindsey Dougherty,D,Taxes and Revenue,102,94,1,1,1.0638297872340425
H0231,Tony O. Wilt,R,Elections and Voting,96,96,4,1,1.0416666666666665
H0370,Karen Keys-Gamarra,D,Taxes and Revenue,107,96,1,1,1.0416666666666665
H0334,Elizabeth B. Bennett-Parker,D,Transportation,117,97,1,1,1.0309278350515463
H0362,"Thomas A. Garrett, Jr.",R,Local Government,107,98,15,1,1.0204081632653061
H0401,Madison Whittle,R,Courts and Civil Law,98,98,5,1,1.0204081632653061
H0401,Madison Whittle,R,Health and Healthcare,100,98,5,1,1.0204081632653061
H0391,Lindsey Dougherty,D,Transportation,101,99,1,1,1.0101010101010102
H0227,Luke E. Torian,D,Elections and Voting,107,100,1,1,1.0
H0325,Wendell S. Walker,R,Transportation,104,100,2,1,1.0
H0365,"Rozia A. Henson, Jr.",D,Transportation,101,100,1,1,1.0
H0124,R. Lee Ware,R,Transportation,102,101,2,1,0.9900990099009901
H0295,Kelly K. Convirs-Fowler,D,Local Government,112,103,5,1,0.9708737864077669
H0212,Betsy B. Carr,D,Business and Commerce,105,104,1,1,0.9615384615384616
H0370,Karen Keys-Gamarra,D,Transportation,108,104,1,1,0.9615384615384616
H0390,Mitchell Cornett,R,Transportation,105,105,8,1,0.9523809523809524
H0377,Delores Oates,R,Transportation,106,106,5,1,0.9433962264150944
H0227,Luke E. Torian,D,Transportation,119,107,1,1,0.9345794392523363
H0349,Jackie H. Glass,D,Local Government,111,107,5,1,0.9345794392523363
H0380,Atoosa R. Reaser,D,Transportation,110,107,1,1,0.9345794392523363
H0387,"Karen R. ""Kacey"" Carnegie",D,Transportation,107,107,1,1,0.9345794392523363
H0224,James W. Morefield,R,Health and Healthcare,109,108,1,1,0.9259259259259258
H0340,Michelle Lopes Maldonado,D,Taxes and Revenue,111,108,2,1,0.9259259259259258
H0357,Will Davis,R,Transportation,108,108,2,1,0.9259259259259258
H0387,"Karen R. ""Kacey"" Carnegie",D,Local Government,109,108,1,1,0.9259259259259258
H0253,Terry L. Austin,R,Health and Healthcare,111,110,1,1,0.9090909090909091
H0361,Debra D. Gardner,D,Transportation,111,110,1,1,0.9090909090909091
H0371,Amy J. Laufer,D,Health and Healthcare,111,110,1,1,0.9090909090909091
H0366,Phil M. Hernandez,D,Transportation,111,111,1,1,0.9009009009009009
H0370,Karen Keys-Gamarra,D,Courts and Civil Law,116,111,3,1,0.9009009009009009
H0385,JJ Singh,D,Health and Healthcare,112,112,1,1,0.8928571428571428
H0108,Vivian E. Watts,D,Local Government,116,113,4,1,0.8849557522123894
H0281,Paul E. Krizek,D,Transportation,114,113,1,1,0.8849557522123894
H0323,Shelly A. Simonds,D,Health and Healthcare,114,113,1,1,0.8849557522123894
H0329,Bill Wiley,R,Health and Healthcare,113,113,3,1,0.8849557522123894
H0340,Michelle Lopes Maldonado,D,Local Government,113,113,2,1,0.8849557522123894
H0311,Alex Q. Askew,D,Transportation,114,114,1,1,0.8771929824561403
H0321,Chris S. Runion,R,Transportation,115,114,5,1,0.8771929824561403
H0242,Israel D. O'Quinn,R,Health and Healthcare,115,115,2,1,0.8695652173913043
H0314,Joshua G. Cole,D,Local Government,116,116,1,1,0.8620689655172413
H0264,Marcus B. Simon,D,Courts and Civil Law,120,117,2,1,0.8547008547008548
H0354,Katrina Callsen,D,Local Government,119,117,1,1,0.8547008547008548
H0397,May Nivar,D,Transportation,117,117,1,1,0.8547008547008548
H0305,Kathy K.L. Tran,D,Transportation,118,118,1,1,0.847457627118644
H0227,Luke E. Torian,D,Local Government,134,119,1,1,0.8403361344537815
H0375,Adele Y. McClure,D,Local Government,121,120,4,1,0.8333333333333334
H0297,Elizabeth R. Guzman,D,Local Government,122,121,1,1,0.8264462809917356
H0375,Adele Y. McClure,D,Housing,123,121,1,1,0.8264462809917356
H0136,"Thomas C. Wright, Jr.",R,Criminal Justice,138,123,12,1,0.8130081300813009
H0362,"Thomas A. Garrett, Jr.",R,Criminal Justice,137,124,12,1,0.8064516129032258
H0269,"Richard C. ""Rip"" Sullivan, Jr.",D,Health and Healthcare,126,125,4,1,0.8
H0344,Irene Shin,D,Transportation,127,125,1,1,0.8
H0340,Michelle Lopes Maldonado,D,Transportation,126,126,1,1,0.7936507936507936
H0350,Ellen H. McLaughlin,R,Health and Healthcare,129,126,1,1,0.7936507936507936
H0382,Joshua E. Thomas,D,Local Government,126,126,1,1,0.7936507936507936
H0295,Kelly K. Convirs-Fowler,D,Criminal Justice,140,127,1,1,0.7874015748031495
H0281,Paul E. Krizek,D,Health and Healthcare,129,128,1,1,0.78125
H0388,Stacey Annie Carroll,D,Criminal Justice,145,129,1,1,0.7751937984496124
H0231,Tony O. Wilt,R,Firearms,131,130,1,1,0.7692307692307693
H0212,Betsy B. Carr,D,Health and Healthcare,132,131,1,1,0.7633587786259541
H0344,Irene Shin,D,Insurance,141,132,1,1,0.7575757575757576
H0356,Rae Cousins,D,Insurance,139,133,1,1,0.7518796992481203
H0364,Timothy P. Griffin,R,Criminal Justice,140,135,21,1,0.7407407407407408
H0333,Jason S. Ballard,R,Insurance,138,136,1,1,0.7352941176470588
H0124,R. Lee Ware,R,Criminal Justice,140,137,3,1,0.7299270072992701
H0397,May Nivar,D,Criminal Justice,137,137,1,1,0.7299270072992701
H0269,"Richard C. ""Rip"" Sullivan, Jr.",D,Transportation,139,139,1,1,0.7194244604316548
H0403,Gretchen M. Bulova,D,Criminal Justice,141,140,1,1,0.7142857142857143
H0325,Wendell S. Walker,R,Criminal Justice,143,142,2,1,0.7042253521126761
H0392,Mark C. Downey,D,Criminal Justice,143,142,1,1,0.7042253521126761
H0395,John Chilton McAuliff,D,Labor and Employment,157,143,1,1,0.6993006993006993
H0395,John Chilton McAuliff,D,Energy and Utilities,155,144,1,1,0.6944444444444444
H0297,Elizabeth R. Guzman,D,Housing,151,147,1,1,0.6802721088435374
H0377,Delores Oates,R,Energy and Utilities,147,147,8,1,0.6802721088435374
H0374,Marty Martinez,D,Local Government,164,148,1,1,0.6756756756756757
H0372,Destiny LeVere Bolling,D,Elections and Voting,152,150,2,1,0.6666666666666667
H0264,Marcus B. Simon,D,Housing,155,154,1,1,0.6493506493506493
H0405,Garrett McGuire,D,Energy and Utilities,158,156,1,1,0.641025641025641
H0374,Marty Martinez,D,Energy and Utilities,163,157,1,1,0.6369426751592357
H0389,Nicole Cole,D,Local Government,165,157,3,1,0.6369426751592357
H0124,R. Lee Ware,R,Labor and Employment,160,158,6,1,0.6329113924050633
H0349,Jackie H. Glass,D,Labor and Employment,161,159,1,1,0.628930817610063
H0212,Betsy B. Carr,D,Housing,164,160,1,1,0.625
H0374,Marty Martinez,D,Labor and Employment,163,160,1,1,0.625
H0362,"Thomas A. Garrett, Jr.",R,Labor and Employment,171,163,21,1,0.6134969325153374
H0212,Betsy B. Carr,D,Criminal Justice,168,165,3,1,0.6060606060606061
H0301,David A. Reid,D,Energy and Utilities,165,165,1,1,0.6060606060606061
H0347,"H. Otto Wachsmann, Jr.",R,Health and Healthcare,168,167,8,1,0.5988023952095809
H0394,Karen Hamilton,R,Labor and Employment,170,167,17,1,0.5988023952095809
H0395,John Chilton McAuliff,D,Education,200,168,2,1,0.5952380952380952
H0353,Bonita G. Anthony,D,Elections and Voting,171,169,2,1,0.591715976331361
H0207,Delores L. McQuinn,D,Criminal Justice,180,171,1,1,0.5847953216374269
H0377,Delores Oates,R,Criminal Justice,174,171,4,1,0.5847953216374269
H0360,Michael B. Feggans,D,Criminal Justice,175,172,1,1,0.5813953488372093
H0173,Jeion A. Ward,D,Transportation,191,179,1,1,0.5586592178770949
H0325,Wendell S. Walker,R,Health and Healthcare,184,179,2,1,0.5586592178770949
H0212,Betsy B. Carr,D,Energy and Utilities,185,180,1,1,0.5555555555555556
H0334,Elizabeth B. Bennett-Parker,D,Unclassified,210,180,1,1,0.5555555555555556
H0136,"Thomas C. Wright, Jr.",R,Education,200,183,25,1,0.546448087431694
H0262,"James A. ""Jay"" Leftwich",R,Criminal Justice,196,185,10,1,0.5405405405405406
H0266,Sam Rasoul,D,Labor and Employment,193,186,1,1,0.5376344086021506
H0405,Garrett McGuire,D,Health and Healthcare,189,186,1,1,0.5376344086021506
H0394,Karen Hamilton,R,Criminal Justice,194,191,12,1,0.5235602094240838
H0314,Joshua G. Cole,D,Labor and Employment,197,193,1,1,0.5181347150259068
H0327,Rodney T. Willett,D,Health and Healthcare,217,193,2,1,0.5181347150259068
H0124,R. Lee Ware,R,Education,206,201,10,1,0.4975124378109453
H0343,Briana D. Sewell,D,Transportation,202,201,1,1,0.4975124378109453
H0398,Justin Pence,R,Education,203,202,13,1,0.49504950495049505
H0328,Scott A. Wyatt,R,Labor and Employment,204,203,4,1,0.49261083743842365
H0333,Jason S. Ballard,R,Education,209,205,6,1,0.4878048780487805
H0349,Jackie H. Glass,D,Education,208,206,5,1,0.48543689320388345
H0396,Leslie Chambers Mehta,D,Transportation,209,207,1,1,0.4830917874396135
H0284,"Marcia S. ""Cia"" Price",D,Health and Healthcare,214,209,3,1,0.4784688995215311
H0242,Israel D. O'Quinn,R,Transportation,215,212,1,1,0.4716981132075472
H0173,Jeion A. Ward,D,Labor and Employment,231,213,2,1,0.4694835680751174
H0354,Katrina Callsen,D,Education,217,213,1,1,0.4694835680751174
H0390,Mitchell Cornett,R,Education,217,215,11,1,0.46511627906976744
H0281,Paul E. Krizek,D,Labor and Employment,225,216,1,1,0.4629629629629629
H0294,Karrie K. Delaney,D,Education,220,218,1,1,0.45871559633027525
H0372,Destiny LeVere Bolling,D,Energy and Utilities,222,219,1,1,0.45662100456621
H0340,Michelle Lopes Maldonado,D,Energy and Utilities,224,221,1,1,0.4524886877828055
H0314,Joshua G. Cole,D,Education,229,224,3,1,0.4464285714285714
H0336,Nadarius E. Clark,D,Energy and Utilities,284,232,2,1,0.43103448275862066
H0360,Michael B. Feggans,D,Labor and Employment,257,253,1,1,0.3952569169960474
H0372,Destiny LeVere Bolling,D,Labor and Employment,269,265,1,1,0.37735849056603776
H0269,"Richard C. ""Rip"" Sullivan, Jr.",D,Energy and Utilities,295,290,2,1,0.3448275862068966
H0342,Phillip A. Scott,R,Education,339,331,54,1,0.3021148036253776
H0404,Margaret A. Franklin,D,Unclassified,388,377,2,1,0.2652519893899204
H0403,Gretchen M. Bulova,D,Education,408,405,4,1,0.24691358024691357
H0391,Lindsey Dougherty,D,Unclassified,434,425,3,1,0.2352941176470588
H0397,May Nivar,D,Unclassified,437,430,2,1,0.23255813953488372
H0388,Stacey Annie Carroll,D,Unclassified,474,438,1,1,0.228310502283105
H0403,Gretchen M. Bulova,D,Unclassified,441,438,2,1,0.228310502283105
H0402,Charlie Schmidt,D,Unclassified,475,459,3,1,0.2178649237472767
H0389,Nicole Cole,D,Unclassified,468,462,2,1,0.21645021645021645
H0353,Bonita G. Anthony,D,Unclassified,477,469,1,1,0.21321961620469082
H0392,Mark C. Downey,D,Unclassified,479,473,1,1,0.21141649048625794
H0360,Michael B. Feggans,D,Unclassified,486,476,1,1,0.21008403361344538
H0207,Delores L. McQuinn,D,Unclassified,538,509,1,1,0.19646365422396855
H0297,Elizabeth R. Guzman,D,Unclassified,537,522,6,1,0.19157088122605362
H0311,Alex Q. Askew,D,Unclassified,530,528,3,1,0.1893939393939394
H0108,Vivian E. Watts,D,Unclassified,546,537,3,1,0.186219739292365
H0354,Katrina Callsen,D,Unclassified,570,546,1,1,0.18315018315018314
H0281,Paul E. Krizek,D,Unclassified,594,578,3,1,0.17301038062283738
H0212,Betsy B. Carr,D,Unclassified,609,598,1,1,0.16722408026755853
H0264,Marcus B. Simon,D,Unclassified,617,606,15,1,0.16501650165016502
H0269,"Richard C. ""Rip"" Sullivan, Jr.",D,Unclassified,637,626,6,0,0.0
H0356,Rae Cousins,D,Unclassified,617,610,2,0,0.0
H0208,Charniele L. Herring,D,Unclassified,619,606,5,0,0.0
H0285,"C.E. Cliff Hayes, Jr.",D,Unclassified,610,599,1,0,0.0
H0366,Phil M. Hernandez,D,Unclassified,610,595,2,0,0.0
H0219,Patrick A. Hope,D,Unclassified,592,573,1,0,0.0
H0294,Karrie K. Delaney,D,Unclassified,578,572,2,0,0.0
H0323,Shelly A. Simonds,D,Unclassified,569,561,0,0,0.0
H0327,Rodney T. Willett,D,Unclassified,557,536,1,0,0.0
H0317,Dan I. Helmer,D,Unclassified,551,534,2,0,0.0
H0400,Virgil Thornton,D,Unclassified,542,534,0,0,0.0
H0396,Leslie Chambers Mehta,D,Unclassified,522,514,0,0,0.0
H0227,Luke E. Torian,D,Unclassified,580,503,2,0,0.0
H0301,David A. Reid,D,Unclassified,502,497,1,0,0.0
H0393,Lily V. Franklin,D,Unclassified,482,478,0,0,0.0
H0173,Jeion A. Ward,D,Unclassified,494,467,1,0,0.0
H0239,Alfonso H. Lopez,D,Unclassified,472,459,0,0,0.0
H0399,Kimberly Pope Adams,D,Unclassified,451,445,2,0,0.0
H0351,Holly M. Seibold,D,Unclassified,474,441,3,0,0.0
H0311,Alex Q. Askew,D,Education,445,439,4,0,0.0
H0361,Debra D. Gardner,D,Unclassified,454,439,0,0,0.0
H0323,Shelly A. Simonds,D,Education,455,435,0,0,0.0
H0356,Rae Cousins,D,Education,415,411,1,0,0.0
H0372,Destiny LeVere Bolling,D,Education,408,403,6,0,0.0
H0322,Don Scott,D,Unclassified,410,401,0,0,0.0
H0386,Jessica L. Anderson,D,Education,407,401,1,0,0.0
H0391,Lindsey Dougherty,D,Education,407,387,1,0,0.0
H0207,Delores L. McQuinn,D,Education,390,368,0,0,0.0
H0371,Amy J. Laufer,D,Education,367,361,2,0,0.0
H0266,Sam Rasoul,D,Education,375,348,3,0,0.0
H0136,"Thomas C. Wright, Jr.",R,Unclassified,406,341,60,0,0.0
H0297,Elizabeth R. Guzman,D,Education,329,324,4,0,0.0
H0383,Eric R. Zehr,R,Education,319,315,43,0,0.0
H0380,Atoosa R. Reaser,D,Education,322,302,0,0,0.0
H0397,May Nivar,D,Energy and Utilities,287,280,0,0,0.0
H0344,Irene Shin,D,Energy and Utilities,289,279,2,0,0.0
H0305,Kathy K.L. Tran,D,Education,281,278,2,0,0.0
H0208,Charniele L. Herring,D,Education,281,276,0,0,0.0
H0284,"Marcia S. ""Cia"" Price",D,Education,281,276,5,0,0.0
H0285,"C.E. Cliff Hayes, Jr.",D,Education,279,274,0,0,0.0
H0360,Michael B. Feggans,D,Energy and Utilities,280,272,0,0,0.0
H0353,Bonita G. Anthony,D,Energy and Utilities,280,267,1,0,0.0
H0212,Betsy B. Carr,D,Education,261,255,0,0,0.0
H0356,Rae Cousins,D,Labor and Employment,256,254,0,0,0.0
H0317,Dan I. Helmer,D,Labor and Employment,264,251,1,0,0.0
H0327,Rodney T. Willett,D,Education,256,250,0,0,0.0
H0239,Alfonso H. Lopez,D,Labor and Employment,255,248,0,0,0.0
H0301,David A. Reid,D,Education,247,244,2,0,0.0
H0281,Paul E. Krizek,D,Education,243,242,0,0,0.0
H0317,Dan I. Helmer,D,Energy and Utilities,246,240,0,0,0.0
H0295,Kelly K. Convirs-Fowler,D,Education,314,236,0,0,0.0
H0336,Nadarius E. Clark,D,Education,336,234,5,0,0.0
H0264,Marcus B. Simon,D,Criminal Justice,246,233,0,0,0.0
H0353,Bonita G. Anthony,D,Transportation,234,233,2,0,0.0
H0269,"Richard C. ""Rip"" Sullivan, Jr.",D,Labor and Employment,231,231,0,0,0.0
H0173,Jeion A. Ward,D,Energy and Utilities,241,230,0,0,0.0
H0227,Luke E. Torian,D,Education,283,230,1,0,0.0
H0305,Kathy K.L. Tran,D,Health and Healthcare,233,230,0,0,0.0
H0340,Michelle Lopes Maldonado,D,Labor and Employment,229,229,1,0,0.0
H0295,Kelly K. Convirs-Fowler,D,Labor and Employment,260,228,0,0,0.0
H0344,Irene Shin,D,Labor and Employment,232,228,0,0,0.0
H0311,Alex Q. Askew,D,Labor and Employment,228,226,0,0,0.0
H0317,Dan I. Helmer,D,Education,232,226,0,0,0.0
H0269,"Richard C. ""Rip"" Sullivan, Jr.",D,Education,227,225,0,0,0.0
H0212,Betsy B. Carr,D,Labor and Employment,226,224,1,0,0.0
H0284,"Marcia S. ""Cia"" Price",D,Labor and Employment,227,223,0,0,0.0
H0323,Shelly A. Simonds,D,Labor and Employment,228,223,0,0,0.0
H0239,Alfonso H. Lopez,D,Energy and Utilities,227,222,0,0,0.0
H0285,"C.E. Cliff Hayes, Jr.",D,Labor and Employment,225,221,0,0,0.0
H0361,Debra D. Gardner,D,Education,224,221,1,0,0.0
H0375,Adele Y. McClure,D,Education,223,221,0,0,0.0
H0344,Irene Shin,D,Education,224,220,5,0,0.0
H0355,Laura Jane Cohen,D,Labor and Employment,230,220,1,0,0.0
H0360,Michael B. Feggans,D,Transportation,222,220,0,0,0.0
H0405,Garrett McGuire,D,Education,226,220,2,0,0.0
H0219,Patrick A. Hope,D,Education,230,218,2,0,0.0
H0353,Bonita G. Anthony,D,Labor and Employment,219,218,0,0,0.0
H0264,Marcus B. Simon,D,Education,222,217,0,0,0.0
H0285,"C.E. Cliff Hayes, Jr.",D,Health and Healthcare,218,217,2,0,0.0
H0356,Rae Cousins,D,Energy and Utilities,220,217,1,0,0.0
H0392,Mark C. Downey,D,Education,223,217,0,0,0.0
H0305,Kathy K.L. Tran,D,Labor and Employment,217,216,0,0,0.0
H0385,JJ Singh,D,Energy and Utilities,219,216,0,0,0.0
H0389,Nicole Cole,D,Education,225,216,3,0,0.0
H0397,May Nivar,D,Labor and Employment,217,216,0,0,0.0
H0108,Vivian E. Watts,D,Education,219,215,1,0,0.0
H0327,Rodney T. Willett,D,Labor and Employment,218,213,0,0,0.0
H0366,Phil M. Hernandez,D,Education,216,213,0,0,0.0
H0208,Charniele L. Herring,D,Labor and Employment,212,212,0,0,0.0
H0360,Michael B. Feggans,D,Education,217,212,1,0,0.0
H0371,Amy J. Laufer,D,Labor and Employment,214,212,0,0,0.0
H0353,Bonita G. Anthony,D,Education,211,210,0,0,0.0
H0396,Leslie Chambers Mehta,D,Education,212,209,0,0,0.0
H0207,Delores L. McQuinn,D,Labor and Employment,217,208,0,0,0.0
H0406,Kirk McPike,D,Unclassified,209,208,1,0,0.0
H0173,Jeion A. Ward,D,Education,212,207,2,0,0.0
H0239,Alfonso H. Lopez,D,Education,209,207,1,0,0.0
H0340,Michelle Lopes Maldonado,D,Education,208,207,0,0,0.0
H0355,Laura Jane Cohen,D,Education,223,206,4,0,0.0
H0365,"Rozia A. Henson, Jr.",D,Education,216,206,4,0,0.0
H0402,Charlie Schmidt,D,Education,207,206,0,0,0.0
H0399,Kimberly Pope Adams,D,Education,209,205,1,0,0.0
H0344,Irene Shin,D,Health and Healthcare,210,204,2,0,0.0
H0400,Virgil Thornton,D,Education,208,204,0,0,0.0
H0207,Delores L. McQuinn,D,Transportation,208,203,0,0,0.0
H0301,David A. Reid,D,Labor and Employment,204,203,0,0,0.0
H0377,Delores Oates,R,Education,205,203,5,0,0.0
H0375,Adele Y. McClure,D,Transportation,204,202,0,0,0.0
H0387,"Karen R. ""Kacey"" Carnegie",D,Education,203,202,2,0,0.0
H0322,Don Scott,D,Education,202,201,0,0,0.0
H0394,Karen Hamilton,R,Education,205,201,27,0,0.0
H0269,"Richard C. ""Rip"" Sullivan, Jr.",D,Criminal Justice,202,200,0,0,0.0
H0301,David A. Reid,D,Transportation,201,200,0,0,0.0
H0351,Holly M. Seibold,D,Education,214,200,1,0,0.0
H0385,JJ Singh,D,Education,201,200,3,0,0.0
H0397,May Nivar,D,Education,203,200,0,0,0.0
H0227,Luke E. Torian,D,Labor and Employment,239,199,0,0,0.0
H0374,Marty Martinez,D,Education,203,199,1,0,0.0
H0382,Joshua E. Thomas,D,Labor and Employment,202,197,0,0,0.0
H0386,Jessica L. Anderson,D,Labor and Employment,197,194,0,0,0.0
H0370,Karen Keys-Gamarra,D,Education,208,193,4,0,0.0
H0364,Timothy P. Griffin,R,Education,209,192,35,0,0.0
H0404,Margaret A. Franklin,D,Education,201,192,0,0,0.0
H0208,Charniele L. Herring,D,Health and Healthcare,197,190,0,0,0.0
H0294,Karrie K. Delaney,D,Labor and Employment,195,190,1,0,0.0
H0295,Kelly K. Convirs-Fowler,D,Energy and Utilities,222,190,0,0,0.0
H0297,Elizabeth R. Guzman,D,Transportation,195,190,0,0,0.0
H0355,Laura Jane Cohen,D,Health and Healthcare,198,190,0,0,0.0
H0108,Vivian E. Watts,D,Transportation,189,188,0,0,0.0
H0297,Elizabeth R. Guzman,D,Labor and Employment,197,188,1,0,0.0
H0305,Kathy K.L. Tran,D,Energy and Utilities,188,188,0,0,0.0
H0354,Katrina Callsen,D,Labor and Employment,196,188,0,0,0.0
H0375,Adele Y. McClure,D,Labor and Employment,194,188,1,0,0.0
H0380,Atoosa R. Reaser,D,Labor and Employment,196,188,0,0,0.0
H0264,Marcus B. Simon,D,Labor and Employment,192,187,2,0,0.0
H0388,Stacey Annie Carroll,D,Education,206,186,0,0,0.0
H0389,Nicole Cole,D,Health and Healthcare,189,186,1,0,0.0
H0208,Charniele L. Herring,D,Energy and Utilities,186,185,0,0,0.0
H0403,Gretchen M. Bulova,D,Labor and Employment,185,184,0,0,0.0
H0351,Holly M. Seibold,D,Labor and Employment,196,183,0,0,0.0
H0366,Phil M. Hernandez,D,Labor and Employment,185,182,0,0,0.0
H0285,"C.E. Cliff Hayes, Jr.",D,Criminal Justice,185,181,0,0,0.0
H0323,Shelly A. Simonds,D,Local Government,186,181,0,0,0.0
H0281,Paul E. Krizek,D,Energy and Utilities,182,180,0,0,0.0
H0285,"C.E. Cliff Hayes, Jr.",D,Energy and Utilities,182,180,0,0,0.0
H0317,Dan I. Helmer,D,Criminal Justice,184,180,0,0,0.0
H0349,Jackie H. Glass,D,Transportation,186,180,1,0,0.0
H0370,Karen Keys-Gamarra,D,Criminal Justice,194,180,2,0,0.0
H0301,David A. Reid,D,Criminal Justice,182,179,0,0,0.0
H0361,Debra D. Gardner,D,Criminal Justice,180,179,0,0,0.0
H0314,Joshua G. Cole,D,Health and Healthcare,181,178,1,0,0.0
H0327,Rodney T. Willett,D,Energy and Utilities,180,178,0,0,0.0
H0344,Irene Shin,D,Local Government,184,178,5,0,0.0
H0391,Lindsey Dougherty,D,Labor and Employment,182,178,0,0,0.0
H0323,Shelly A. Simonds,D,Energy and Utilities,180,177,0,0,0.0
H0361,Debra D. Gardner,D,Labor and Employment,179,177,0,0,0.0
H0219,Patrick A. Hope,D,Health and Healthcare,179,176,1,0,0.0
H0311,Alex Q. Askew,D,Local Government,177,175,0,0,0.0
H0371,Amy J. Laufer,D,Energy and Utilities,178,175,0,0,0.0
H0389,Nicole Cole,D,Labor and Employment,179,175,1,0,0.0
H0390,Mitchell Cornett,R,Criminal Justice,176,175,10,0,0.0
H0405,Garrett McGuire,D,Labor and Employment,177,175,0,0,0.0
H0342,Phillip A. Scott,R,Labor and Employment,177,174,18,0,0.0
H0343,Briana D. Sewell,D,Energy and Utilities,176,174,0,0,0.0
H0311,Alex Q. Askew,D,Energy and Utilities,174,173,0,0,0.0
H0311,Alex Q. Askew,D,Criminal Justice,172,172,0,0,0.0
H0392,Mark C. Downey,D,Labor and Employment,173,172,0,0,0.0
H0219,Patrick A. Hope,D,Labor and Employment,178,170,0,0,0.0
H0227,Luke E. Torian,D,Energy and Utilities,184,170,0,0,0.0
H0294,Karrie K. Delaney,D,Transportation,176,170,0,0,0.0
H0361,Debra D. Gardner,D,Health and Healthcare,177,169,0,0,0.0
H0400,Virgil Thornton,D,Labor and Employment,172,169,0,0,0.0
H0284,"Marcia S. ""Cia"" Price",D,Energy and Utilities,168,168,0,0,0.0
H0108,Vivian E. Watts,D,Labor and Employment,169,167,1,0,0.0
H0365,"Rozia A. Henson, Jr.",D,Health and Healthcare,172,167,5,0,0.0
H0370,Karen Keys-Gamarra,D,Labor and Employment,173,167,0,0,0.0
H0387,"Karen R. ""Kacey"" Carnegie",D,Elections and Voting,170,167,0,0,0.0
H0390,Mitchell Cornett,R,Health and Healthcare,168,167,3,0,0.0
H0396,Leslie Chambers Mehta,D,Labor and Employment,167,167,0,0,0.0
H0399,Kimberly Pope Adams,D,Labor and Employment,168,167,0,0,0.0
H0327,Rodney T. Willett,D,Criminal Justice,168,165,0,0,0.0
H0387,"Karen R. ""Kacey"" Carnegie",D,Labor and Employment,166,165,0,0,0.0
H0402,Charlie Schmidt,D,Labor and Employment,166,165,0,0,0.0
H0266,Sam Rasoul,D,Health and Healthcare,181,164,4,0,0.0
H0365,"Rozia A. Henson, Jr.",D,Elections and Voting,171,164,0,0,0.0
H0365,"Rozia A. Henson, Jr.",D,Labor and Employment,168,164,0,0,0.0
H0382,Joshua E. Thomas,D,Energy and Utilities,164,164,0,0,0.0
H0400,Virgil Thornton,D,Energy and Utilities,165,163,0,0,0.0
H0336,Nadarius E. Clark,D,Labor and Employment,230,162,0,0,0.0
H0392,Mark C. Downey,D,Local Government,165,162,1,0,0.0
H0207,Delores L. McQuinn,D,Energy and Utilities,165,161,0,0,0.0
H0366,Phil M. Hernandez,D,Energy and Utilities,161,161,1,0,0.0
H0371,Amy J. Laufer,D,Criminal Justice,161,161,0,0,0.0
H0388,Stacey Annie Carroll,D,Labor and Employment,184,161,0,0,0.0
H0397,May Nivar,D,Local Government,164,161,1,0,0.0
H0349,Jackie H. Glass,D,Elections and Voting,161,160,0,0,0.0
H0377,Delores Oates,R,Labor and Employment,164,160,3,0,0.0
H0403,Gretchen M. Bulova,D,Elections and Voting,161,160,0,0,0.0
H0404,Margaret A. Franklin,D,Labor and Employment,164,160,0,0,0.0
H0264,Marcus B. Simon,D,Energy and Utilities,159,158,0,0,0.0
H0322,Don Scott,D,Labor and Employment,159,158,1,0,0.0
H0364,Timothy P. Griffin,R,Labor and Employment,166,158,21,0,0.0
H0393,Lily V. Franklin,D,Energy and Utilities,158,158,0,0,0.0
H0386,Jessica L. Anderson,D,Energy and Utilities,158,157,0,0,0.0
H0385,JJ Singh,D,Elections and Voting,159,156,0,0,0.0
H0389,Nicole Cole,D,Energy and Utilities,159,156,0,0,0.0
H0392,Mark C. Downey,D,Energy and Utilities,158,156,0,0,0.0
H0370,Karen Keys-Gamarra,D,Energy and Utilities,160,155,1,0,0.0
H0281,Paul E. Krizek,D,Elections and Voting,155,154,0,0,0.0
H0369,Hillary Pugh Kent,R,Energy and Utilities,154,154,13,0,0.0
H0399,Kimberly Pope Adams,D,Energy and Utilities,154,154,0,0,0.0
H0108,Vivian E. Watts,D,Energy and Utilities,156,153,2,0,0.0
H0314,Joshua G. Cole,D,Elections and Voting,156,153,0,0,0.0
H0322,Don Scott,D,Energy and Utilities,155,153,0,0,0.0
H0349,Jackie H. Glass,D,Energy and Utilities,155,153,0,0,0.0
H0314,Joshua G. Cole,D,Criminal Justice,154,152,0,0,0.0
H0366,Phil M. Hernandez,D,Housing,155,152,0,0,0.0
H0404,Margaret A. Franklin,D,Energy and Utilities,157,152,2,0,0.0
H0294,Karrie K. Delaney,D,Energy and Utilities,151,151,0,0,0.0
H0380,Atoosa R. Reaser,D,Energy and Utilities,152,151,0,0,0.0
H0342,Phillip A. Scott,R,Health and Healthcare,159,150,34,0,0.0
H0361,Debra D. Gardner,D,Energy and Utilities,150,150,0,0,0.0
H0375,Adele Y. McClure,D,Energy and Utilities,150,150,0,0,0.0
H0393,Lily V. Franklin,D,Housing,151,150,0,0,0.0
H0403,Gretchen M. Bulova,D,Energy and Utilities,150,150,0,0,0.0
H0219,Patrick A. Hope,D,Energy and Utilities,154,149,1,0,0.0
H0314,Joshua G. Cole,D,Energy and Utilities,150,149,0,0,0.0
H0351,Holly M. Seibold,D,Energy and Utilities,149,149,0,0,0.0
H0387,"Karen R. ""Kacey"" Carnegie",D,Energy and Utilities,149,149,0,0,0.0
H0301,David A. Reid,D,Elections and Voting,148,148,0,0,0.0
H0391,Lindsey Dougherty,D,Energy and Utilities,148,148,0,0,0.0
H0354,Katrina Callsen,D,Energy and Utilities,153,147,0,0,0.0
H0396,Leslie Chambers Mehta,D,Energy and Utilities,148,147,0,0,0.0
H0342,Phillip A. Scott,R,Elections and Voting,149,146,18,0,0.0
H0354,Katrina Callsen,D,Elections and Voting,148,146,0,0,0.0
H0402,Charlie Schmidt,D,Energy and Utilities,148,146,0,0,0.0
H0383,Eric R. Zehr,R,Energy and Utilities,147,145,19,0,0.0
H0388,Stacey Annie Carroll,D,Housing,153,145,0,0,0.0
H0372,Destiny LeVere Bolling,D,Criminal Justice,144,144,0,0,0.0
H0385,JJ Singh,D,Criminal Justice,144,144,0,0,0.0
H0136,"Thomas C. Wright, Jr.",R,Labor and Employment,158,143,12,0,0.0
H0295,Kelly K. Convirs-Fowler,D,Elections and Voting,164,143,0,0,0.0
H0365,"Rozia A. Henson, Jr.",D,Criminal Justice,148,143,4,0,0.0
H0365,"Rozia A. Henson, Jr.",D,Energy and Utilities,147,143,1,0,0.0
H0297,Elizabeth R. Guzman,D,Criminal Justice,144,142,0,0,0.0
H0353,Bonita G. Anthony,D,Criminal Justice,142,142,0,0,0.0
H0136,"Thomas C. Wright, Jr.",R,Energy and Utilities,154,141,21,0,0.0
H0342,Phillip A. Scott,R,Energy and Utilities,147,141,23,0,0.0
H0297,Elizabeth R. Guzman,D,Energy and Utilities,150,140,0,0,0.0
H0342,Phillip A. Scott,R,Criminal Justice,146,140,16,0,0.0
H0364,Timothy P. Griffin,R,Energy and Utilities,147,140,20,0,0.0
H0369,Hillary Pugh Kent,R,Criminal Justice,140,140,2,0,0.0
H0173,Jeion A. Ward,D,Criminal Justice,142,139,1,0,0.0
H0345,Anne Ferrell Tata,R,Criminal Justice,139,139,3,0,0.0
H0404,Margaret A. Franklin,D,Local Government,154,139,1,0,0.0
H0321,Chris S. Runion,R,Criminal Justice,137,137,9,0,0.0
H0322,Don Scott,D,Criminal Justice,138,137,0,0,0.0
H0242,Israel D. O'Quinn,R,Insurance,138,136,0,0,0.0
H0388,Stacey Annie Carroll,D,Elections and Voting,146,136,0,0,0.0
H0281,Paul E. Krizek,D,Local Government,138,135,4,0,0.0
H0374,Marty Martinez,D,Criminal Justice,138,135,1,0,0.0
H0385,JJ Singh,D,Insurance,137,135,4,0,0.0
H0212,Betsy B. Carr,D,Local Government,136,134,1,0,0.0
H0281,Paul E. Krizek,D,Housing,139,134,0,0,0.0
H0340,Michelle Lopes Maldonado,D,Insurance,138,134,0,0,0.0
H0355,Laura Jane Cohen,D,Insurance,141,134,0,0,0.0
H0395,John Chilton McAuliff,D,Elections and Voting,146,134,2,0,0.0
H0391,Lindsey Dougherty,D,Criminal Justice,140,133,0,0,0.0
H0383,Eric R. Zehr,R,Firearms,132,132,3,0,0.0
H0388,Stacey Annie Carroll,D,Energy and Utilities,151,131,0,0,0.0
H0239,Alfonso H. Lopez,D,Firearms,130,130,0,0,0.0
H0317,Dan I. Helmer,D,Firearms,131,130,0,0,0.0
H0361,Debra D. Gardner,D,Firearms,131,130,0,0,0.0
H0377,Delores Oates,R,Firearms,130,130,1,0,0.0
H0356,Rae Cousins,D,Health and Healthcare,131,129,0,0,0.0
H0360,Michael B. Feggans,D,Firearms,130,129,0,0,0.0
H0227,Luke E. Torian,D,Housing,136,128,0,0,0.0
H0301,David A. Reid,D,Local Government,128,128,0,0,0.0
H0354,Katrina Callsen,D,Housing,127,126,0,0,0.0
H0375,Adele Y. McClure,D,Firearms,131,126,0,0,0.0
H0380,Atoosa R. Reaser,D,Housing,127,126,0,0,0.0
H0353,Bonita G. Anthony,D,Local Government,126,125,1,0,0.0
H0294,Karrie K. Delaney,D,Housing,125,124,0,0,0.0
H0340,Michelle Lopes Maldonado,D,Health and Healthcare,124,124,0,0,0.0
H0399,Kimberly Pope Adams,D,Transportation,124,124,0,0,0.0
H0239,Alfonso H. Lopez,D,Transportation,123,123,0,0,0.0
H0314,Joshua G. Cole,D,Housing,124,123,0,0,0.0
H0366,Phil M. Hernandez,D,Local Government,123,123,1,0,0.0
H0351,Holly M. Seibold,D,Housing,123,120,0,0,0.0
H0333,Jason S. Ballard,R,Local Government,121,119,4,0,0.0
H0208,Charniele L. Herring,D,Local Government,122,118,4,0,0.0
H0285,"C.E. Cliff Hayes, Jr.",D,Transportation,119,118,0,0,0.0
H0294,Karrie K. Delaney,D,Local Government,121,118,2,0,0.0
H0360,Michael B. Feggans,D,Local Government,119,118,1,0,0.0
H0371,Amy J. Laufer,D,Local Government,120,118,1,0,0.0
H0264,Marcus B. Simon,D,Firearms,122,117,2,0,0.0
H0305,Kathy K.L. Tran,D,Local Government,118,117,4,0,0.0
H0327,Rodney T. Willett,D,Local Government,121,117,1,0,0.0
H0340,Michelle Lopes Maldonado,D,Courts and Civil Law,118,117,0,0,0.0
H0355,Laura Jane Cohen,D,Transportation,122,117,0,0,0.0
H0356,Rae Cousins,D,Local Government,117,117,1,0,0.0
H0380,Atoosa R. Reaser,D,Local Government,119,117,2,0,0.0
H0385,JJ Singh,D,Transportation,117,117,4,0,0.0
H0247,Michael J. Webert,R,Transportation,120,116,8,0,0.0
H0285,"C.E. Cliff Hayes, Jr.",D,Local Government,117,116,0,0,0.0
H0207,Delores L. McQuinn,D,Health and Healthcare,117,115,0,0,0.0
H0364,Timothy P. Griffin,R,Health and Healthcare,121,115,27,0,0.0
H0219,Patrick A. Hope,D,Transportation,119,114,0,0,0.0
H0269,"Richard C. ""Rip"" Sullivan, Jr.",D,Courts and Civil Law,116,114,1,0,0.0
H0269,"Richard C. ""Rip"" Sullivan, Jr.",D,Local Government,115,114,5,0,0.0
H0311,Alex Q. Askew,D,Health and Healthcare,114,114,0,0,0.0
H0343,Briana D. Sewell,D,Health and Healthcare,114,114,0,0,0.0
H0356,Rae Cousins,D,Firearms,113,113,0,0,0.0
H0382,Joshua E. Thomas,D,Health and Healthcare,113,113,0,0,0.0
H0208,Charniele L. Herring,D,Transportation,113,112,0,0,0.0
H0311,Alex Q. Askew,D,Elections and Voting,112,112,0,0,0.0
H0372,Destiny LeVere Bolling,D,Local Government,112,112,0,0,0.0
H0173,Jeion A. Ward,D,Local Government,115,111,2,0,0.0
H0207,Delores L. McQuinn,D,Local Government,128,111,0,0,0.0
H0323,Shelly A. Simonds,D,Elections and Voting,111,111,0,0,0.0
H0396,Leslie Chambers Mehta,D,Local Government,112,111,0,0,0.0
H0239,Alfonso H. Lopez,D,Local Government,113,110,3,0,0.0
H0351,Holly M. Seibold,D,Local Government,115,110,3,0,0.0
H0327,Rodney T. Willett,D,Transportation,109,109,0,0,0.0
H0366,Phil M. Hernandez,D,Courts and Civil Law,109,109,0,0,0.0
H0108,Vivian E. Watts,D,Taxes and Revenue,112,108,0,0,0.0
H0323,Shelly A. Simonds,D,Housing,110,108,0,0,0.0
H0323,Shelly A. Simonds,D,Transportation,108,108,0,0,0.0
H0336,Nadarius E. Clark,D,Criminal Justice,177,108,1,0,0.0
H0344,Irene Shin,D,Elections and Voting,109,108,0,0,0.0
H0380,Atoosa R. Reaser,D,Courts and Civil Law,113,108,0,0,0.0
H0173,Jeion A. Ward,D,Health and Healthcare,118,107,1,0,0.0
H0317,Dan I. Helmer,D,Elections and Voting,109,107,1,0,0.0
H0360,Michael B. Feggans,D,Health and Healthcare,108,107,0,0,0.0
H0372,Destiny LeVere Bolling,D,Health and Healthcare,108,107,0,0,0.0
H0385,JJ Singh,D,Local Government,107,107,3,0,0.0
H0387,"Karen R. ""Kacey"" Carnegie",D,Courts and Civil Law,108,107,0,0,0.0
H0400,Virgil Thornton,D,Courts and Civil Law,110,107,0,0,0.0
H0219,Patrick A. Hope,D,Local Government,108,106,1,0,0.0
H0285,"C.E. Cliff Hayes, Jr.",D,Elections and Voting,108,106,0,0,0.0
H0317,Dan I. Helmer,D,Health and Healthcare,109,106,0,0,0.0
H0329,Bill Wiley,R,Business and Commerce,106,106,0,0,0.0
H0356,Rae Cousins,D,Courts and Civil Law,106,106,0,0,0.0
H0361,Debra D. Gardner,D,Local Government,108,106,0,0,0.0
H0400,Virgil Thornton,D,Transportation,106,106,0,0,0.0
H0219,Patrick A. Hope,D,Firearms,108,105,0,0,0.0
H0239,Alfonso H. Lopez,D,Health and Healthcare,105,105,0,0,0.0
H0344,Irene Shin,D,Housing,107,105,0,0,0.0
H0351,Holly M. Seibold,D,Transportation,105,105,0,0,0.0
H0353,Bonita G. Anthony,D,Health and Healthcare,106,105,0,0,0.0
H0371,Amy J. Laufer,D,Transportation,105,105,1,0,0.0
H0383,Eric R. Zehr,R,Local Government,105,105,14,0,0.0
H0383,Eric R. Zehr,R,Transportation,107,105,18,0,0.0
H0397,May Nivar,D,Elections and Voting,105,105,0,0,0.0
H0399,Kimberly Pope Adams,D,Taxes and Revenue,107,105,0,0,0.0
H0227,Luke E. Torian,D,Health and Healthcare,134,104,0,0,0.0
H0266,Sam Rasoul,D,Firearms,106,104,0,0,0.0
H0294,Karrie K. Delaney,D,Courts and Civil Law,104,104,0,0,0.0
H0305,Kathy K.L. Tran,D,Elections and Voting,105,104,1,0,0.0
H0311,Alex Q. Askew,D,Housing,105,104,0,0,0.0
H0354,Katrina Callsen,D,Transportation,111,104,0,0,0.0
H0386,Jessica L. Anderson,D,Elections and Voting,105,104,0,0,0.0
H0386,Jessica L. Anderson,D,Transportation,105,104,0,0,0.0
H0390,Mitchell Cornett,R,Firearms,104,104,2,0,0.0
H0394,Karen Hamilton,R,Firearms,104,104,3,0,0.0
H0400,Virgil Thornton,D,Housing,106,104,0,0,0.0
H0402,Charlie Schmidt,D,Local Government,104,104,1,0,0.0
H0406,Kirk McPike,D,Education,105,104,0,0,0.0
H0406,Kirk McPike,D,Energy and Utilities,104,104,0,0,0.0
H0208,Charniele L. Herring,D,Environment and Conservation,103,103,0,0,0.0
H0354,Katrina Callsen,D,Courts and Civil Law,104,103,0,0,0.0
H0361,Debra D. Gardner,D,Taxes and Revenue,107,103,0,0,0.0
H0371,Amy J. Laufer,D,Elections and Voting,103,103,0,0,0.0
H0384,Eric Phillips,R,Firearms,104,103,0,0,0.0
H0391,Lindsey Dougherty,D,Local Government,109,103,1,0,0.0
H0392,Mark C. Downey,D,Elections and Voting,104,103,1,0,0.0
H0392,Mark C. Downey,D,Transportation,103,103,0,0,0.0
H0394,Karen Hamilton,R,Local Government,104,103,15,0,0.0
H0396,Leslie Chambers Mehta,D,Courts and Civil Law,103,103,0,0,0.0
H0405,Garrett McGuire,D,Transportation,103,103,1,0,0.0
H0342,Phillip A. Scott,R,Local Government,105,102,17,0,0.0
H0370,Karen Keys-Gamarra,D,Housing,104,102,0,0,0.0
H0389,Nicole Cole,D,Housing,105,102,0,0,0.0
H0389,Nicole Cole,D,Transportation,103,102,1,0,0.0
H0397,May Nivar,D,Housing,103,102,0,0,0.0
H0398,Justin Pence,R,Transportation,103,102,2,0,0.0
H0405,Garrett McGuire,D,Elections and Voting,102,102,0,0,0.0
H0108,Vivian E. Watts,D,Courts and Civil Law,103,101,0,0,0.0
H0208,Charniele L. Herring,D,Housing,103,101,0,0,0.0
H0212,Betsy B. Carr,D,Elections and Voting,104,101,0,0,0.0
H0327,Rodney T. Willett,D,Elections and Voting,103,101,0,0,0.0
H0355,Laura Jane Cohen,D,Housing,109,101,0,0,0.0
H0365,"Rozia A. Henson, Jr.",D,Local Government,106,101,2,0,0.0
H0382,Joshua E. Thomas,D,Elections and Voting,101,101,0,0,0.0
H0389,Nicole Cole,D,Elections and Voting,101,101,0,0,0.0
H0396,Leslie Chambers Mehta,D,Health and Healthcare,101,101,0,0,0.0
H0108,Vivian E. Watts,D,Health and Healthcare,100,100,0,0,0.0
H0264,Marcus B. Simon,D,Health and Healthcare,100,100,0,0,0.0
H0269,"Richard C. ""Rip"" Sullivan, Jr.",D,Housing,100,100,1,0,0.0
H0281,Paul E. Krizek,D,Environment and Conservation,100,100,0,0,0.0
H0305,Kathy K.L. Tran,D,"Study Commissions, Committees, and Reports",101,100,0,0,0.0
H0322,Don Scott,D,Local Government,100,100,0,0,0.0
H0322,Don Scott,D,Transportation,100,100,0,0,0.0
H0329,Bill Wiley,R,Elections and Voting,101,100,3,0,0.0
H0366,Phil M. Hernandez,D,Health and Healthcare,100,100,0,0,0.0
H0393,Lily V. Franklin,D,Transportation,100,100,1,0,0.0
H0394,Karen Hamilton,R,Transportation,102,100,22,0,0.0
H0400,Virgil Thornton,D,Elections and Voting,101,100,0,0,0.0
H0402,Charlie Schmidt,D,Courts and Civil Law,103,100,0,0,0.0
H0403,Gretchen M. Bulova,D,Transportation,100,100,0,0,0.0
H0404,Margaret A. Franklin,D,Elections and Voting,101,100,0,0,0.0
H0294,Karrie K. Delaney,D,Health and Healthcare,101,99,0,0,0.0
H0340,Michelle Lopes Maldonado,D,Housing,99,99,0,0,0.0
H0380,Atoosa R. Reaser,D,Health and Healthcare,100,99,0,0,0.0
H0392,Mark C. Downey,D,Housing,100,99,0,0,0.0
H0397,May Nivar,D,Health and Healthcare,99,99,0,0,0.0
H0404,Margaret A. Franklin,D,Transportation,100,99,0,0,0.0
H0406,Kirk McPike,D,Labor and Employment,99,99,0,0,0.0
H0269,"Richard C. ""Rip"" Sullivan, Jr.",D,Elections and Voting,99,98,0,0,0.0
H0308,Joseph P. McNamara,R,Transportation,99,98,5,0,0.0
H0342,Phillip A. Scott,R,Transportation,102,98,22,0,0.0
H0354,Katrina Callsen,D,Health and Healthcare,100,98,0,0,0.0
H0364,Timothy P. Griffin,R,Local Government,100,98,17,0,0.0
H0371,Amy J. Laufer,D,Environment and Conservation,100,98,0,0,0.0
H0136,"Thomas C. Wright, Jr.",R,Local Government,102,97,10,0,0.0
H0173,Jeion A. Ward,D,Insurance,137,97,0,0,0.0
H0208,Charniele L. Herring,D,Elections and Voting,102,97,0,0,0.0
H0285,"C.E. Cliff Hayes, Jr.",D,"Study Commissions, Committees, and Reports",98,97,0,0,0.0
H0305,Kathy K.L. Tran,D,Housing,97,97,0,0,0.0
H0327,Rodney T. Willett,D,Housing,102,97,0,0,0.0
H0360,Michael B. Feggans,D,Elections and Voting,97,97,0,0,0.0
H0374,Marty Martinez,D,Transportation,98,97,0,0,0.0
H0386,Jessica L. Anderson,D,Housing,98,97,0,0,0.0
H0402,Charlie Schmidt,D,Health and Healthcare,97,97,0,0,0.0
H0207,Delores L. McQuinn,D,Elections and Voting,103,96,0,0,0.0
H0285,"C.E. Cliff Hayes, Jr.",D,Housing,97,96,0,0,0.0
H0321,Chris S. Runion,R,Elections and Voting,96,96,5,0,0.0
H0333,Jason S. Ballard,R,Elections and Voting,96,96,3,0,0.0
H0340,Michelle Lopes Maldonado,D,Elections and Voting,96,96,0,0,0.0
H0351,Holly M. Seibold,D,Firearms,104,96,0,0,0.0
H0353,Bonita G. Anthony,D,Housing,96,96,0,0,0.0
H0356,Rae Cousins,D,Elections and Voting,96,96,0,0,0.0
H0371,Amy J. Laufer,D,Housing,101,96,0,0,0.0
H0372,Destiny LeVere Bolling,D,Insurance,98,96,0,0,0.0
H0374,Marty Martinez,D,Elections and Voting,105,96,0,0,0.0
H0387,"Karen R. ""Kacey"" Carnegie",D,Health and Healthcare,96,96,0,0,0.0
H0400,Virgil Thornton,D,Health and Healthcare,96,96,0,0,0.0
H0173,Jeion A. Ward,D,Elections and Voting,99,95,0,0,0.0
H0219,Patrick A. Hope,D,Courts and Civil Law,98,95,0,0,0.0
H0301,David A. Reid,D,Housing,95,95,0,0,0.0
H0305,Kathy K.L. Tran,D,Environment and Conservation,95,95,1,0,0.0
H0336,Nadarius E. Clark,D,Firearms,132,95,0,0,0.0
H0349,Jackie H. Glass,D,Environment and Conservation,95,95,0,0,0.0
H0353,Bonita G. Anthony,D,Insurance,97,95,0,0,0.0
H0356,Rae Cousins,D,Family and Children,95,95,0,0,0.0
H0356,Rae Cousins,D,Housing,95,95,0,0,0.0
H0360,Michael B. Feggans,D,Insurance,97,95,0,0,0.0
H0370,Karen Keys-Gamarra,D,Health and Healthcare,96,95,0,0,0.0
H0397,May Nivar,D,Insurance,97,95,0,0,0.0
H0239,Alfonso H. Lopez,D,Insurance,96,94,0,0,0.0
H0264,Marcus B. Simon,D,Business and Commerce,95,94,0,0,0.0
H0264,Marcus B. Simon,D,Elections and Voting,94,94,1,0,0.0
H0266,Sam Rasoul,D,Elections and Voting,94,94,0,0,0.0
H0322,Don Scott,D,Elections and Voting,94,94,0,0,0.0
H0355,Laura Jane Cohen,D,Elections and Voting,104,94,0,0,0.0
H0364,Timothy P. Griffin,R,Transportation,97,94,20,0,0.0
H0366,Phil M. Hernandez,D,Environment and Conservation,94,94,0,0,0.0
H0375,Adele Y. McClure,D,Health and Healthcare,94,94,0,0,0.0
H0389,Nicole Cole,D,Taxes and Revenue,104,94,0,0,0.0
H0393,Lily V. Franklin,D,Elections and Voting,94,94,1,0,0.0
H0398,Justin Pence,R,Courts and Civil Law,94,94,0,0,0.0
H0402,Charlie Schmidt,D,Elections and Voting,94,94,0,0,0.0
H0403,Gretchen M. Bulova,D,Health and Healthcare,94,94,0,0,0.0
H0108,Vivian E. Watts,D,Elections and Voting,94,93,0,0,0.0
H0108,Vivian E. Watts,D,Housing,93,93,0,0,0.0
H0231,Tony O. Wilt,R,Insurance,95,93,0,0,0.0
H0239,Alfonso H. Lopez,D,Elections and Voting,97,93,0,0,0.0
H0297,Elizabeth R. Guzman,D,Elections and Voting,94,93,0,0,0.0
H0311,Alex Q. Askew,D,Budget and Appropriations,93,93,0,0,0.0
H0317,Dan I. Helmer,D,Insurance,98,93,1,0,0.0
H0327,Rodney T. Willett,D,Environment and Conservation,94,93,0,0,0.0
H0370,Karen Keys-Gamarra,D,Elections and Voting,103,93,1,0,0.0
H0372,Destiny LeVere Bolling,D,Housing,93,93,0,0,0.0
H0375,Adele Y. McClure,D,Elections and Voting,93,93,0,0,0.0
H0382,Joshua E. Thomas,D,Housing,95,93,0,0,0.0
H0396,Leslie Chambers Mehta,D,Elections and Voting,93,93,0,0,0.0
H0399,Kimberly Pope Adams,D,Elections and Voting,93,93,0,0,0.0
H0219,Patrick A. Hope,D,Elections and Voting,94,92,0,0,0.0
H0219,Patrick A. Hope,D,Housing,92,92,0,0,0.0
H0239,Alfonso H. Lopez,D,Housing,93,92,0,0,0.0
H0247,Michael J. Webert,R,Firearms,104,92,2,0,0.0
H0285,"C.E. Cliff Hayes, Jr.",D,Budget and Appropriations,92,92,0,0,0.0
H0294,Karrie K. Delaney,D,Business and Commerce,92,92,0,0,0.0
H0305,Kathy K.L. Tran,D,Budget and Appropriations,92,92,0,0,0.0
H0351,Holly M. Seibold,D,Elections and Voting,94,92,0,0,0.0
H0361,Debra D. Gardner,D,Elections and Voting,93,92,0,0,0.0
H0366,Phil M. Hernandez,D,Elections and Voting,93,92,0,0,0.0
H0380,Atoosa R. Reaser,D,Elections and Voting,94,92,0,0,0.0
H0387,"Karen R. ""Kacey"" Carnegie",D,Housing,92,92,0,0,0.0
H0399,Kimberly Pope Adams,D,Health and Healthcare,92,92,0,0,0.0
H0173,Jeion A. Ward,D,Housing,93,91,0,0,0.0
H0208,Charniele L. Herring,D,"Study Commissions, Committees, and Reports",93,91,0,0,0.0
H0284,"Marcia S. ""Cia"" Price",D,Budget and Appropriations,92,91,0,0,0.0
H0323,Shelly A. Simonds,D,Budget and Appropriations,91,91,0,0,0.0
H0323,Shelly A. Simonds,D,Environment and Conservation,91,91,0,0,0.0
H0333,Jason S. Ballard,R,Business and Commerce,93,91,0,0,0.0
H0343,Briana D. Sewell,D,Budget and Appropriations,91,91,0,0,0.0
H0361,Debra D. Gardner,D,Housing,91,91,0,0,0.0
H0375,Adele Y. McClure,D,Business and Commerce,91,91,0,0,0.0
H0383,Eric R. Zehr,R,Health and Healthcare,92,91,11,0,0.0
H0391,Lindsey Dougherty,D,Elections and Voting,95,91,1,0,0.0
H0208,Charniele L. Herring,D,Budget and Appropriations,91,90,0,0,0.0
H0212,Betsy B. Carr,D,Budget and Appropriations,90,90,0,0,0.0
H0295,Kelly K. Convirs-Fowler,D,Housing,93,90,0,0,0.0
H0305,Kathy K.L. Tran,D,Family and Children,94,90,0,0,0.0
H0327,Rodney T. Willett,D,Budget and Appropriations,91,90,0,0,0.0
H0334,Elizabeth B. Bennett-Parker,D,Education,106,90,0,0,0.0
H0362,"Thomas A. Garrett, Jr.",R,Transportation,100,90,17,0,0.0
H0391,Lindsey Dougherty,D,Health and Healthcare,92,90,0,0,0.0
H0399,Kimberly Pope Adams,D,Housing,90,90,0,0,0.0
H0402,Charlie Schmidt,D,Housing,90,90,0,0,0.0
H0404,Margaret A. Franklin,D,Housing,99,90,0,0,0.0
H0266,Sam Rasoul,D,Behavioral Health,95,89,2,0,0.0
H0281,Paul E. Krizek,D,Budget and Appropriations,90,89,0,0,0.0
H0294,Karrie K. Delaney,D,Elections and Voting,93,89,0,0,0.0
H0365,"Rozia A. Henson, Jr.",D,Housing,89,89,0,0,0.0
H0377,Delores Oates,R,Health and Healthcare,89,89,1,0,0.0
H0382,Joshua E. Thomas,D,Budget and Appropriations,90,89,0,0,0.0
H0388,Stacey Annie Carroll,D,Transportation,101,89,0,0,0.0
H0396,Leslie Chambers Mehta,D,Housing,90,89,0,0,0.0
H0207,Delores L. McQuinn,D,Budget and Appropriations,92,88,0,0,0.0
H0207,Delores L. McQuinn,D,Housing,95,88,0,0,0.0
H0301,David A. Reid,D,Budget and Appropriations,89,88,0,0,0.0
H0322,Don Scott,D,Housing,88,88,0,0,0.0
H0329,Bill Wiley,R,Budget and Appropriations,88,88,0,0,0.0
H0342,Phillip A. Scott,R,Housing,89,88,13,0,0.0
H0349,Jackie H. Glass,D,Health and Healthcare,88,88,1,0,0.0
H0362,"Thomas A. Garrett, Jr.",R,Taxes and Revenue,101,88,14,0,0.0
H0366,Phil M. Hernandez,D,Business and Commerce,89,88,0,0,0.0
H0371,Amy J. Laufer,D,Budget and Appropriations,88,88,0,0,0.0
H0380,Atoosa R. Reaser,D,Business and Commerce,90,88,0,0,0.0
H0394,Karen Hamilton,R,Housing,88,88,12,0,0.0
H0269,"Richard C. ""Rip"" Sullivan, Jr.",D,Business and Commerce,88,87,0,0,0.0
H0362,"Thomas A. Garrett, Jr.",R,Housing,90,87,13,0,0.0
H0269,"Richard C. ""Rip"" Sullivan, Jr.",D,Taxes and Revenue,88,86,0,0,0.0
H0295,Kelly K. Convirs-Fowler,D,Health and Healthcare,105,86,0,0,0.0
H0297,Elizabeth R. Guzman,D,Health and Healthcare,93,86,0,0,0.0
H0305,Kathy K.L. Tran,D,Behavioral Health,87,86,0,0,0.0
H0322,Don Scott,D,Health and Healthcare,86,86,0,0,0.0
H0364,Timothy P. Griffin,R,Housing,88,86,14,0,0.0
H0382,Joshua E. Thomas,D,Public Safety,86,86,0,0,0.0
H0383,Eric R. Zehr,R,Housing,88,86,10,0,0.0
H0391,Lindsey Dougherty,D,Housing,90,86,0,0,0.0
H0393,Lily V. Franklin,D,Health and Healthcare,87,86,0,0,0.0
H0400,Virgil Thornton,D,Environment and Conservation,87,86,0,0,0.0
H0136,"Thomas C. Wright, Jr.",R,Housing,88,85,9,0,0.0
H0136,"Thomas C. Wright, Jr.",R,Transportation,97,85,12,0,0.0
H0212,Betsy B. Carr,D,"Study Commissions, Committees, and Reports",85,85,0,0,0.0
H0269,"Richard C. ""Rip"" Sullivan, Jr.",D,"Study Commissions, Committees, and Reports",85,85,0,0,0.0
H0285,"C.E. Cliff Hayes, Jr.",D,Behavioral Health,85,85,1,0,0.0
H0327,Rodney T. Willett,D,"Study Commissions, Committees, and Reports",86,85,0,0,0.0
H0356,Rae Cousins,D,Budget and Appropriations,85,85,1,0,0.0
H0374,Marty Martinez,D,Environment and Conservation,85,85,0,0,0.0
H0382,Joshua E. Thomas,D,"Study Commissions, Committees, and Reports",85,85,0,0,0.0
H0219,Patrick A. Hope,D,Behavioral Health,85,84,1,0,0.0
H0227,Luke E. Torian,D,Budget and Appropriations,93,84,0,0,0.0
H0266,Sam Rasoul,D,Budget and Appropriations,87,84,0,0,0.0
H0317,Dan I. Helmer,D,"Study Commissions, Committees, and Reports",86,84,0,0,0.0
H0356,Rae Cousins,D,Public Safety,84,84,0,0,0.0
H0374,Marty Martinez,D,Health and Healthcare,86,84,0,0,0.0
H0404,Margaret A. Franklin,D,Health and Healthcare,86,84,0,0,0.0
H0136,"Thomas C. Wright, Jr.",R,Environment and Conservation,87,83,5,0,0.0
H0208,Charniele L. Herring,D,Behavioral Health,86,83,0,0,0.0
H0281,Paul E. Krizek,D,"Study Commissions, Committees, and Reports",85,83,0,0,0.0
H0311,Alex Q. Askew,D,Firearms,83,83,0,0,0.0
H0335,Mike A. Cherry,R,Behavioral Health,86,83,2,0,0.0
H0340,Michelle Lopes Maldonado,D,Business and Commerce,84,83,0,0,0.0
H0344,Irene Shin,D,Business and Commerce,84,83,0,0,0.0
H0356,Rae Cousins,D,Behavioral Health,85,83,0,0,0.0
H0360,Michael B. Feggans,D,Business and Commerce,85,83,0,0,0.0
H0371,Amy J. Laufer,D,"Study Commissions, Committees, and Reports",83,83,0,0,0.0
H0387,"Karen R. ""Kacey"" Carnegie",D,Firearms,83,83,0,0,0.0
H0301,David A. Reid,D,"Study Commissions, Committees, and Reports",83,82,0,0,0.0
H0311,Alex Q. Askew,D,"Study Commissions, Committees, and Reports",82,82,0,0,0.0
H0323,Shelly A. Simonds,D,"Study Commissions, Committees, and Reports",81,81,0,0,0.0
H0327,Rodney T. Willett,D,Family and Children,89,81,0,0,0.0
H0343,Briana D. Sewell,D,"Study Commissions, Committees, and Reports",81,81,0,0,0.0
H0360,Michael B. Feggans,D,Public Safety,81,81,0,0,0.0
H0386,Jessica L. Anderson,D,Budget and Appropriations,82,81,0,0,0.0
H0207,Delores L. McQuinn,D,Firearms,82,80,0,0,0.0
H0219,Patrick A. Hope,D,Family and Children,87,80,0,0,0.0
H0227,Luke E. Torian,D,Business and Commerce,88,80,0,0,0.0
H0239,Alfonso H. Lopez,D,Business and Commerce,82,80,0,0,0.0
H0266,Sam Rasoul,D,Family and Children,85,80,0,0,0.0
H0285,"C.E. Cliff Hayes, Jr.",D,Family and Children,80,80,0,0,0.0
H0295,Kelly K. Convirs-Fowler,D,Insurance,97,80,0,0,0.0
H0301,David A. Reid,D,Firearms,80,80,0,0,0.0
H0311,Alex Q. Askew,D,Family and Children,80,80,0,0,0.0
H0323,Shelly A. Simonds,D,Firearms,80,80,0,0,0.0
H0327,Rodney T. Willett,D,Behavioral Health,83,80,0,0,0.0
H0336,Nadarius E. Clark,D,Environment and Conservation,100,80,1,0,0.0
H0353,Bonita G. Anthony,D,Business and Commerce,80,80,0,0,0.0
H0355,Laura Jane Cohen,D,Behavioral Health,87,80,0,0,0.0
H0356,Rae Cousins,D,Business and Commerce,80,80,0,0,0.0
H0375,Adele Y. McClure,D,Public Safety,80,80,0,0,0.0
H0108,Vivian E. Watts,D,Firearms,80,79,1,0,0.0
H0136,"Thomas C. Wright, Jr.",R,Elections and Voting,94,79,8,0,0.0
H0207,Delores L. McQuinn,D,"Study Commissions, Committees, and Reports",82,79,0,0,0.0
H0281,Paul E. Krizek,D,Firearms,79,79,0,0,0.0
H0323,Shelly A. Simonds,D,Family and Children,82,79,0,0,0.0
H0328,Scott A. Wyatt,R,Firearms,79,79,1,0,0.0
H0343,Briana D. Sewell,D,Business and Commerce,80,79,0,0,0.0
H0361,Debra D. Gardner,D,Behavioral Health,88,79,0,0,0.0
H0385,JJ Singh,D,Business and Commerce,79,79,0,0,0.0
H0388,Stacey Annie Carroll,D,Health and Healthcare,87,79,0,0,0.0
H0390,Mitchell Cornett,R,Behavioral Health,80,79,1,0,0.0
H0208,Charniele L. Herring,D,Business and Commerce,78,78,0,0,0.0
H0208,Charniele L. Herring,D,Family and Children,79,78,0,0,0.0
H0212,Betsy B. Carr,D,Courts and Civil Law,79,78,0,0,0.0
H0219,Patrick A. Hope,D,Public Safety,79,78,0,0,0.0
H0239,Alfonso H. Lopez,D,Environment and Conservation,82,78,0,0,0.0
H0253,Terry L. Austin,R,Firearms,79,78,0,0,0.0
H0317,Dan I. Helmer,D,Business and Commerce,81,78,0,0,0.0
H0343,Briana D. Sewell,D,Firearms,79,78,0,0,0.0
H0354,Katrina Callsen,D,Business and Commerce,78,78,1,0,0.0
H0361,Debra D. Gardner,D,Budget and Appropriations,79,78,0,0,0.0
H0361,Debra D. Gardner,D,Family and Children,84,78,0,0,0.0
H0371,Amy J. Laufer,D,Business and Commerce,78,78,0,0,0.0
H0136,"Thomas C. Wright, Jr.",R,Health and Healthcare,86,77,10,0,0.0
H0173,Jeion A. Ward,D,Courts and Civil Law,78,77,0,0,0.0
H0207,Delores L. McQuinn,D,Business and Commerce,77,77,0,0,0.0
H0219,Patrick A. Hope,D,Budget and Appropriations,79,77,1,0,0.0
H0224,James W. Morefield,R,Firearms,77,77,1,0,0.0
H0239,Alfonso H. Lopez,D,Courts and Civil Law,77,77,0,0,0.0
H0269,"Richard C. ""Rip"" Sullivan, Jr.",D,Firearms,77,77,0,0,0.0
H0284,"Marcia S. ""Cia"" Price",D,Firearms,77,77,0,0,0.0
H0285,"C.E. Cliff Hayes, Jr.",D,Firearms,77,77,0,0,0.0
H0297,Elizabeth R. Guzman,D,Budget and Appropriations,78,77,0,0,0.0
H0314,Joshua G. Cole,D,Behavioral Health,79,77,1,0,0.0
H0314,Joshua G. Cole,D,Budget and Appropriations,79,77,0,0,0.0
H0323,Shelly A. Simonds,D,Business and Commerce,78,77,0,0,0.0
H0340,Michelle Lopes Maldonado,D,Firearms,77,77,1,0,0.0
H0342,Phillip A. Scott,R,Behavioral Health,80,77,11,0,0.0
H0342,Phillip A. Scott,R,Budget and Appropriations,79,77,11,0,0.0
H0344,Irene Shin,D,Budget and Appropriations,78,77,2,0,0.0
H0344,Irene Shin,D,Family and Children,82,77,0,0,0.0
H0344,Irene Shin,D,"Study Commissions, Committees, and Reports",78,77,0,0,0.0
H0354,Katrina Callsen,D,Firearms,77,77,0,0,0.0
H0357,Will Davis,R,Firearms,77,77,0,0,0.0
H0366,Phil M. Hernandez,D,Firearms,77,77,0,0,0.0
H0371,Amy J. Laufer,D,Firearms,78,77,0,0,0.0
H0372,Destiny LeVere Bolling,D,Budget and Appropriations,78,77,0,0,0.0
H0380,Atoosa R. Reaser,D,Budget and Appropriations,77,77,0,0,0.0
H0389,Nicole Cole,D,Budget and Appropriations,77,77,1,0,0.0
H0403,Gretchen M. Bulova,D,Budget and Appropriations,77,77,0,0,0.0
H0208,Charniele L. Herring,D,Firearms,76,76,0,0,0.0
H0219,Patrick A. Hope,D,"Study Commissions, Committees, and Reports",77,76,1,0,0.0
H0285,"C.E. Cliff Hayes, Jr.",D,Courts and Civil Law,76,76,0,0,0.0
H0305,Kathy K.L. Tran,D,Firearms,76,76,0,0,0.0
H0327,Rodney T. Willett,D,Business and Commerce,76,76,0,0,0.0
H0327,Rodney T. Willett,D,Firearms,76,76,0,0,0.0
H0328,Scott A. Wyatt,R,Business and Commerce,77,76,0,0,0.0
H0329,Bill Wiley,R,Firearms,76,76,1,0,0.0
H0336,Nadarius E. Clark,D,Housing,93,76,0,0,0.0
H0336,Nadarius E. Clark,D,Local Government,115,76,2,0,0.0
H0343,Briana D. Sewell,D,Family and Children,77,76,1,0,0.0
H0351,Holly M. Seibold,D,Courts and Civil Law,78,76,0,0,0.0
H0355,Laura Jane Cohen,D,Business and Commerce,81,76,0,0,0.0
H0356,Rae Cousins,D,"Study Commissions, Committees, and Reports",76,76,1,0,0.0
H0360,Michael B. Feggans,D,Budget and Appropriations,76,76,0,0,0.0
H0365,"Rozia A. Henson, Jr.",D,Budget and Appropriations,77,76,0,0,0.0
H0375,Adele Y. McClure,D,Budget and Appropriations,76,76,0,0,0.0
H0390,Mitchell Cornett,R,Family and Children,80,76,3,0,0.0
H0392,Mark C. Downey,D,Budget and Appropriations,76,76,0,0,0.0
H0397,May Nivar,D,Business and Commerce,77,76,0,0,0.0
H0403,Gretchen M. Bulova,D,Firearms,76,76,0,0,0.0
H0108,Vivian E. Watts,D,Budget and Appropriations,75,75,0,0,0.0
H0212,Betsy B. Carr,D,Firearms,76,75,0,0,0.0
H0227,Luke E. Torian,D,Firearms,80,75,0,0,0.0
H0264,Marcus B. Simon,D,Budget and Appropriations,76,75,0,0,0.0
H0266,Sam Rasoul,D,"Study Commissions, Committees, and Reports",77,75,0,0,0.0
H0269,"Richard C. ""Rip"" Sullivan, Jr.",D,Budget and Appropriations,75,75,0,0,0.0
H0301,David A. Reid,D,Business and Commerce,76,75,0,0,0.0
H0317,Dan I. Helmer,D,Budget and Appropriations,75,75,0,0,0.0
H0333,Jason S. Ballard,R,Budget and Appropriations,75,75,0,0,0.0
H0344,Irene Shin,D,Courts and Civil Law,75,75,0,0,0.0
H0345,Anne Ferrell Tata,R,Firearms,75,75,1,0,0.0
H0351,Holly M. Seibold,D,Business and Commerce,77,75,0,0,0.0
H0353,Bonita G. Anthony,D,Budget and Appropriations,75,75,0,0,0.0
H0355,Laura Jane Cohen,D,Budget and Appropriations,78,75,0,0,0.0
H0360,Michael B. Feggans,D,Courts and Civil Law,76,75,0,0,0.0
H0369,Hillary Pugh Kent,R,Firearms,75,75,1,0,0.0
H0370,Karen Keys-Gamarra,D,Firearms,80,75,0,0,0.0
H0372,Destiny LeVere Bolling,D,Business and Commerce,76,75,0,0,0.0
H0372,Destiny LeVere Bolling,D,Firearms,75,75,0,0,0.0
H0380,Atoosa R. Reaser,D,Firearms,78,75,0,0,0.0
H0383,Eric R. Zehr,R,Budget and Appropriations,77,75,9,0,0.0
H0388,Stacey Annie Carroll,D,Business and Commerce,80,75,0,0,0.0
H0391,Lindsey Dougherty,D,Firearms,79,75,0,0,0.0
H0396,Leslie Chambers Mehta,D,Budget and Appropriations,75,75,0,0,0.0
H0396,Leslie Chambers Mehta,D,Firearms,76,75,0,0,0.0
H0398,Justin Pence,R,Firearms,75,75,1,0,0.0
H0402,Charlie Schmidt,D,Firearms,76,75,0,0,0.0
H0405,Garrett McGuire,D,Budget and Appropriations,76,75,0,0,0.0
H0247,Michael J. Webert,R,"Study Commissions, Committees, and Reports",76,74,1,0,0.0
H0294,Karrie K. Delaney,D,Family and Children,74,74,0,0,0.0
H0305,Kathy K.L. Tran,D,Insurance,75,74,0,0,0.0
H0311,Alex Q. Askew,D,Insurance,75,74,0,0,0.0
H0327,Rodney T. Willett,D,Insurance,75,74,0,0,0.0
H0353,Bonita G. Anthony,D,Firearms,75,74,0,0,0.0
H0354,Katrina Callsen,D,Budget and Appropriations,75,74,0,0,0.0
H0366,Phil M. Hernandez,D,Budget and Appropriations,74,74,0,0,0.0
H0366,Phil M. Hernandez,D,Family and Children,74,74,0,0,0.0
H0375,Adele Y. McClure,D,Courts and Civil Law,75,74,0,0,0.0
H0380,Atoosa R. Reaser,D,Family and Children,80,74,0,0,0.0
H0382,Joshua E. Thomas,D,Business and Commerce,74,74,0,0,0.0
H0389,Nicole Cole,D,Family and Children,79,74,0,0,0.0
H0391,Lindsey Dougherty,D,Budget and Appropriations,77,74,0,0,0.0
H0396,Leslie Chambers Mehta,D,Public Safety,74,74,0,0,0.0
H0401,Madison Whittle,R,Firearms,78,74,0,0,0.0
H0207,Delores L. McQuinn,D,Public Safety,73,73,0,0,0.0
H0264,Marcus B. Simon,D,Public Safety,73,73,0,0,0.0
H0281,Paul E. Krizek,D,Courts and Civil Law,73,73,0,0,0.0
H0285,"C.E. Cliff Hayes, Jr.",D,Insurance,74,73,0,0,0.0
H0323,Shelly A. Simonds,D,Insurance,76,73,0,0,0.0
H0333,Jason S. Ballard,R,Public Safety,73,73,1,0,0.0
H0349,Jackie H. Glass,D,Budget and Appropriations,73,73,0,0,0.0
H0349,Jackie H. Glass,D,Courts and Civil Law,73,73,0,0,0.0
H0351,Holly M. Seibold,D,Budget and Appropriations,77,73,0,0,0.0
H0353,Bonita G. Anthony,D,Courts and Civil Law,74,73,0,0,0.0
H0355,Laura Jane Cohen,D,Family and Children,81,73,0,0,0.0
H0360,Michael B. Feggans,D,"Study Commissions, Committees, and Reports",73,73,0,0,0.0
H0365,"Rozia A. Henson, Jr.",D,Family and Children,78,73,0,0,0.0
H0377,Delores Oates,R,Budget and Appropriations,73,73,3,0,0.0
H0385,JJ Singh,D,Courts and Civil Law,74,73,0,0,0.0
H0386,Jessica L. Anderson,D,Family and Children,73,73,0,0,0.0
H0389,Nicole Cole,D,Behavioral Health,75,73,0,0,0.0
H0392,Mark C. Downey,D,Behavioral Health,73,73,0,0,0.0
H0394,Karen Hamilton,R,Budget and Appropriations,75,73,10,0,0.0
H0397,May Nivar,D,Budget and Appropriations,73,73,0,0,0.0
H0399,Kimberly Pope Adams,D,Budget and Appropriations,73,73,0,0,0.0
H0400,Virgil Thornton,D,Business and Commerce,75,73,0,0,0.0
H0402,Charlie Schmidt,D,Budget and Appropriations,73,73,0,0,0.0
H0405,Garrett McGuire,D,Behavioral Health,73,73,0,0,0.0
H0173,Jeion A. Ward,D,Budget and Appropriations,73,72,1,0,0.0
H0208,Charniele L. Herring,D,Courts and Civil Law,72,72,0,0,0.0
H0212,Betsy B. Carr,D,Family and Children,72,72,0,0,0.0
H0264,Marcus B. Simon,D,Family and Children,73,72,1,0,0.0
H0308,Joseph P. McNamara,R,Firearms,72,72,0,0,0.0
H0314,Joshua G. Cole,D,Courts and Civil Law,72,72,0,0,0.0
H0317,Dan I. Helmer,D,Courts and Civil Law,75,72,0,0,0.0
H0317,Dan I. Helmer,D,Public Safety,72,72,0,0,0.0
H0321,Chris S. Runion,R,Firearms,72,72,1,0,0.0
H0325,Wendell S. Walker,R,Firearms,75,72,0,0,0.0
H0336,Nadarius E. Clark,D,Health and Healthcare,105,72,1,0,0.0
H0340,Michelle Lopes Maldonado,D,Budget and Appropriations,73,72,0,0,0.0
H0349,Jackie H. Glass,D,Business and Commerce,72,72,0,0,0.0
H0354,Katrina Callsen,D,Family and Children,75,72,0,0,0.0
H0361,Debra D. Gardner,D,Public Safety,72,72,0,0,0.0
H0377,Delores Oates,R,Courts and Civil Law,72,72,4,0,0.0
H0382,Joshua E. Thomas,D,Courts and Civil Law,72,72,0,0,0.0
H0385,JJ Singh,D,Budget and Appropriations,72,72,0,0,0.0
H0386,Jessica L. Anderson,D,Public Safety,72,72,0,0,0.0
H0387,"Karen R. ""Kacey"" Carnegie",D,Budget and Appropriations,72,72,0,0,0.0
H0400,Virgil Thornton,D,Budget and Appropriations,72,72,0,0,0.0
H0173,Jeion A. Ward,D,Firearms,71,71,0,0,0.0
H0242,Israel D. O'Quinn,R,Firearms,71,71,0,0,0.0
H0285,"C.E. Cliff Hayes, Jr.",D,Business and Commerce,73,71,0,0,0.0
H0294,Karrie K. Delaney,D,Budget and Appropriations,77,71,0,0,0.0
H0295,Kelly K. Convirs-Fowler,D,Budget and Appropriations,76,71,0,0,0.0
H0297,Elizabeth R. Guzman,D,Firearms,73,71,0,0,0.0
H0301,David A. Reid,D,Courts and Civil Law,72,71,0,0,0.0
H0301,David A. Reid,D,Public Safety,71,71,0,0,0.0
H0311,Alex Q. Askew,D,Business and Commerce,72,71,0,0,0.0
H0322,Don Scott,D,Budget and Appropriations,71,71,0,0,0.0
H0322,Don Scott,D,Firearms,71,71,0,0,0.0
H0333,Jason S. Ballard,R,Firearms,76,71,0,0,0.0
H0342,Phillip A. Scott,R,Firearms,73,71,1,0,0.0
H0347,"H. Otto Wachsmann, Jr.",R,Firearms,71,71,1,0,0.0
H0353,Bonita G. Anthony,D,"Study Commissions, Committees, and Reports",71,71,0,0,0.0
H0385,JJ Singh,D,Firearms,71,71,0,0,0.0
H0392,Mark C. Downey,D,Firearms,71,71,0,0,0.0
H0393,Lily V. Franklin,D,Budget and Appropriations,72,71,0,0,0.0
H0397,May Nivar,D,Firearms,71,71,0,0,0.0
H0402,Charlie Schmidt,D,Family and Children,71,71,0,0,0.0
H0405,Garrett McGuire,D,Courts and Civil Law,71,71,0,0,0.0
H0173,Jeion A. Ward,D,"Study Commissions, Committees, and Reports",71,70,1,0,0.0
H0207,Delores L. McQuinn,D,Courts and Civil Law,73,70,0,0,0.0
H0207,Delores L. McQuinn,D,Family and Children,71,70,0,0,0.0
H0239,Alfonso H. Lopez,D,Budget and Appropriations,74,70,0,0,0.0
H0239,Alfonso H. Lopez,D,Public Safety,70,70,0,0,0.0
H0305,Kathy K.L. Tran,D,Public Safety,70,70,0,0,0.0
H0314,Joshua G. Cole,D,Firearms,71,70,0,0,0.0
H0328,Scott A. Wyatt,R,Courts and Civil Law,70,70,2,0,0.0
H0329,Bill Wiley,R,Insurance,70,70,0,0,0.0
H0342,Phillip A. Scott,R,Family and Children,70,70,14,0,0.0
H0343,Briana D. Sewell,D,Public Safety,70,70,0,0,0.0
H0347,"H. Otto Wachsmann, Jr.",R,Behavioral Health,70,70,2,0,0.0
H0365,"Rozia A. Henson, Jr.",D,Courts and Civil Law,71,70,1,0,0.0
H0370,Karen Keys-Gamarra,D,Budget and Appropriations,72,70,0,0,0.0
H0374,Marty Martinez,D,Firearms,71,70,0,0,0.0
H0391,Lindsey Dougherty,D,Courts and Civil Law,71,70,0,0,0.0
H0394,Karen Hamilton,R,Public Safety,70,70,8,0,0.0
H0404,Margaret A. Franklin,D,Budget and Appropriations,71,70,0,0,0.0
H0405,Garrett McGuire,D,Firearms,71,70,0,0,0.0
H0405,Garrett McGuire,D,"Study Commissions, Committees, and Reports",70,70,0,0,0.0
H0108,Vivian E. Watts,D,Family and Children,70,69,0,0,0.0
H0212,Betsy B. Carr,D,Insurance,69,69,1,0,0.0
H0227,Luke E. Torian,D,Courts and Civil Law,76,69,0,0,0.0
H0239,Alfonso H. Lopez,D,"Study Commissions, Committees, and Reports",70,69,0,0,0.0
H0259,"Hyland F. ""Buddy"" Fowler, Jr.",R,Firearms,72,69,0,0,0.0
H0281,Paul E. Krizek,D,Family and Children,69,69,0,0,0.0
H0294,Karrie K. Delaney,D,Firearms,76,69,0,0,0.0
H0314,Joshua G. Cole,D,"Study Commissions, Committees, and Reports",70,69,0,0,0.0
H0327,Rodney T. Willett,D,Courts and Civil Law,70,69,0,0,0.0
H0327,Rodney T. Willett,D,Public Safety,70,69,0,0,0.0
H0336,Nadarius E. Clark,D,Insurance,96,69,2,0,0.0
H0344,Irene Shin,D,Firearms,71,69,0,0,0.0
H0361,Debra D. Gardner,D,Courts and Civil Law,70,69,0,0,0.0
H0364,Timothy P. Griffin,R,Budget and Appropriations,73,69,8,0,0.0
H0365,"Rozia A. Henson, Jr.",D,Firearms,71,69,0,0,0.0
H0372,Destiny LeVere Bolling,D,Courts and Civil Law,69,69,0,0,0.0
H0386,Jessica L. Anderson,D,"Study Commissions, Committees, and Reports",69,69,0,0,0.0
H0390,Mitchell Cornett,R,Public Safety,69,69,0,0,0.0
H0392,Mark C. Downey,D,"Study Commissions, Committees, and Reports",69,69,0,0,0.0
H0394,Karen Hamilton,R,Courts and Civil Law,72,69,8,0,0.0
H0396,Leslie Chambers Mehta,D,Business and Commerce,69,69,0,0,0.0
H0399,Kimberly Pope Adams,D,Public Safety,69,69,0,0,0.0
H0253,Terry L. Austin,R,Public Safety,68,68,1,0,0.0
H0264,Marcus B. Simon,D,"Study Commissions, Committees, and Reports",69,68,0,0,0.0
H0266,Sam Rasoul,D,Courts and Civil Law,69,68,0,0,0.0
H0281,Paul E. Krizek,D,Insurance,68,68,0,0,0.0
H0284,"Marcia S. ""Cia"" Price",D,Insurance,69,68,0,0,0.0
H0285,"C.E. Cliff Hayes, Jr.",D,Public Safety,68,68,0,0,0.0
H0329,Bill Wiley,R,Family and Children,68,68,0,0,0.0
H0333,Jason S. Ballard,R,Family and Children,69,68,2,0,0.0
H0336,Nadarius E. Clark,D,Elections and Voting,97,68,0,0,0.0
H0340,Michelle Lopes Maldonado,D,Family and Children,69,68,1,0,0.0
H0353,Bonita G. Anthony,D,Public Safety,69,68,0,0,0.0
H0365,"Rozia A. Henson, Jr.",D,"Study Commissions, Committees, and Reports",70,68,0,0,0.0
H0371,Amy J. Laufer,D,Courts and Civil Law,68,68,0,0,0.0
H0372,Destiny LeVere Bolling,D,Family and Children,68,68,0,0,0.0
H0372,Destiny LeVere Bolling,D,"Study Commissions, Committees, and Reports",68,68,0,0,0.0
H0374,Marty Martinez,D,Budget and Appropriations,71,68,0,0,0.0
H0374,Marty Martinez,D,Business and Commerce,70,68,0,0,0.0
H0375,Adele Y. McClure,D,"Study Commissions, Committees, and Reports",68,68,0,0,0.0
H0386,Jessica L. Anderson,D,Courts and Civil Law,68,68,0,0,0.0
H0388,Stacey Annie Carroll,D,Budget and Appropriations,73,68,0,0,0.0
H0389,Nicole Cole,D,Courts and Civil Law,69,68,0,0,0.0
H0396,Leslie Chambers Mehta,D,Family and Children,70,68,0,0,0.0
H0397,May Nivar,D,Courts and Civil Law,68,68,0,0,0.0
H0399,Kimberly Pope Adams,D,Courts and Civil Law,69,68,0,0,0.0
H0108,Vivian E. Watts,D,Public Safety,68,67,0,0,0.0
H0208,Charniele L. Herring,D,Insurance,68,67,0,0,0.0
H0208,Charniele L. Herring,D,Public Safety,68,67,0,0,0.0
H0212,Betsy B. Carr,D,Taxes and Revenue,68,67,1,0,0.0
H0269,"Richard C. ""Rip"" Sullivan, Jr.",D,Family and Children,68,67,0,0,0.0
H0311,Alex Q. Askew,D,Courts and Civil Law,67,67,0,0,0.0
H0314,Joshua G. Cole,D,Family and Children,67,67,0,0,0.0
H0323,Shelly A. Simonds,D,Courts and Civil Law,68,67,0,0,0.0
H0342,Phillip A. Scott,R,"Study Commissions, Committees, and Reports",70,67,5,0,0.0
H0343,Briana D. Sewell,D,Insurance,70,67,0,0,0.0
H0349,Jackie H. Glass,D,"Study Commissions, Committees, and Reports",67,67,0,0,0.0
H0351,Holly M. Seibold,D,Public Safety,70,67,0,0,0.0
H0362,"Thomas A. Garrett, Jr.",R,Firearms,77,67,2,0,0.0
H0370,Karen Keys-Gamarra,D,Business and Commerce,71,67,0,0,0.0
H0371,Amy J. Laufer,D,Family and Children,67,67,0,0,0.0
H0371,Amy J. Laufer,D,Insurance,67,67,0,0,0.0
H0383,Eric R. Zehr,R,Courts and Civil Law,67,67,9,0,0.0
H0386,Jessica L. Anderson,D,Behavioral Health,67,67,0,0,0.0
H0389,Nicole Cole,D,"Study Commissions, Committees, and Reports",69,67,0,0,0.0
H0392,Mark C. Downey,D,Courts and Civil Law,67,67,0,0,0.0
H0397,May Nivar,D,"Study Commissions, Committees, and Reports",67,67,0,0,0.0
H0108,Vivian E. Watts,D,Business and Commerce,67,66,0,0,0.0
H0108,Vivian E. Watts,D,"Study Commissions, Committees, and Reports",66,66,1,0,0.0
H0136,"Thomas C. Wright, Jr.",R,Courts and Civil Law,69,66,5,0,0.0
H0295,Kelly K. Convirs-Fowler,D,Business and Commerce,76,66,1,0,0.0
H0340,Michelle Lopes Maldonado,D,"Study Commissions, Committees, and Reports",66,66,0,0,0.0
H0351,Holly M. Seibold,D,"Study Commissions, Committees, and Reports",67,66,0,0,0.0
H0355,Laura Jane Cohen,D,Firearms,71,66,0,0,0.0
H0361,Debra D. Gardner,D,"Study Commissions, Committees, and Reports",72,66,0,0,0.0
H0382,Joshua E. Thomas,D,Behavioral Health,66,66,0,0,0.0
H0387,"Karen R. ""Kacey"" Carnegie",D,Family and Children,67,66,0,0,0.0
H0395,John Chilton McAuliff,D,Budget and Appropriations,71,66,0,0,0.0
H0403,Gretchen M. Bulova,D,Family and Children,66,66,0,0,0.0
H0294,Karrie K. Delaney,D,"Study Commissions, Committees, and Reports",65,65,0,0,0.0
H0301,David A. Reid,D,Insurance,65,65,0,0,0.0
H0311,Alex Q. Askew,D,Behavioral Health,65,65,0,0,0.0
H0311,Alex Q. Askew,D,Public Safety,65,65,0,0,0.0
H0322,Don Scott,D,Courts and Civil Law,65,65,0,0,0.0
H0349,Jackie H. Glass,D,Public Safety,65,65,0,0,0.0
H0366,Phil M. Hernandez,D,"Study Commissions, Committees, and Reports",66,65,0,0,0.0
H0370,Karen Keys-Gamarra,D,Family and Children,69,65,0,0,0.0
H0371,Amy J. Laufer,D,Higher Education,66,65,0,0,0.0
H0382,Joshua E. Thomas,D,Insurance,65,65,0,0,0.0
H0383,Eric R. Zehr,R,"Study Commissions, Committees, and Reports",65,65,7,0,0.0
H0385,JJ Singh,D,"Study Commissions, Committees, and Reports",66,65,0,0,0.0
H0387,"Karen R. ""Kacey"" Carnegie",D,Business and Commerce,66,65,0,0,0.0
H0392,Mark C. Downey,D,Family and Children,65,65,0,0,0.0
H0396,Leslie Chambers Mehta,D,"Study Commissions, Committees, and Reports",65,65,0,0,0.0
H0399,Kimberly Pope Adams,D,Business and Commerce,66,65,0,0,0.0
H0399,Kimberly Pope Adams,D,"Study Commissions, Committees, and Reports",65,65,0,0,0.0
H0400,Virgil Thornton,D,Family and Children,67,65,1,0,0.0
H0402,Charlie Schmidt,D,Business and Commerce,65,65,0,0,0.0
H0403,Gretchen M. Bulova,D,Courts and Civil Law,65,65,0,0,0.0
H0404,Margaret A. Franklin,D,Firearms,75,65,0,0,0.0
H0405,Garrett McGuire,D,Family and Children,66,65,0,0,0.0
H0207,Delores L. McQuinn,D,Insurance,68,64,0,0,0.0
H0212,Betsy B. Carr,D,Environment and Conservation,64,64,0,0,0.0
H0297,Elizabeth R. Guzman,D,"Study Commissions, Committees, and Reports",66,64,0,0,0.0
H0323,Shelly A. Simonds,D,Behavioral Health,64,64,0,0,0.0
H0362,"Thomas A. Garrett, Jr.",R,Courts and Civil Law,69,64,5,0,0.0
H0369,Hillary Pugh Kent,R,Business and Commerce,65,64,2,0,0.0
H0398,Justin Pence,R,Business and Commerce,64,64,0,0,0.0
H0400,Virgil Thornton,D,"Study Commissions, Committees, and Reports",64,64,0,0,0.0
H0403,Gretchen M. Bulova,D,"Study Commissions, Committees, and Reports",64,64,0,0,0.0
H0405,Garrett McGuire,D,Business and Commerce,65,64,0,0,0.0
H0406,Kirk McPike,D,Transportation,64,64,0,0,0.0
H0136,"Thomas C. Wright, Jr.",R,Budget and Appropriations,71,63,4,0,0.0
H0207,Delores L. McQuinn,D,Higher Education,67,63,0,0,0.0
H0227,Luke E. Torian,D,Insurance,75,63,0,0,0.0
H0281,Paul E. Krizek,D,Public Safety,63,63,0,0,0.0
H0297,Elizabeth R. Guzman,D,Public Safety,64,63,0,0,0.0
H0311,Alex Q. Askew,D,Environment and Conservation,63,63,0,0,0.0
H0311,Alex Q. Askew,D,Higher Education,63,63,0,0,0.0
H0323,Shelly A. Simonds,D,Public Safety,64,63,0,0,0.0
H0342,Phillip A. Scott,R,Courts and Civil Law,66,63,9,0,0.0
H0354,Katrina Callsen,D,"Study Commissions, Committees, and Reports",64,63,0,0,0.0
H0357,Will Davis,R,Business and Commerce,63,63,0,0,0.0
H0366,Phil M. Hernandez,D,Public Safety,63,63,0,0,0.0
H0377,Delores Oates,R,Public Safety,65,63,1,0,0.0
H0382,Joshua E. Thomas,D,Family and Children,63,63,0,0,0.0
H0383,Eric R. Zehr,R,Family and Children,65,63,10,0,0.0
H0387,"Karen R. ""Kacey"" Carnegie",D,"Study Commissions, Committees, and Reports",63,63,0,0,0.0
H0388,Stacey Annie Carroll,D,Courts and Civil Law,73,63,0,0,0.0
H0393,Lily V. Franklin,D,"Study Commissions, Committees, and Reports",63,63,0,0,0.0
H0173,Jeion A. Ward,D,Public Safety,66,62,0,0,0.0
H0295,Kelly K. Convirs-Fowler,D,"Study Commissions, Committees, and Reports",68,62,0,0,0.0
H0297,Elizabeth R. Guzman,D,Family and Children,64,62,0,0,0.0
H0317,Dan I. Helmer,D,Behavioral Health,63,62,0,0,0.0
H0334,Elizabeth B. Bennett-Parker,D,Labor and Employment,73,62,0,0,0.0
H0334,Elizabeth B. Bennett-Parker,D,Local Government,66,62,0,0,0.0
H0377,Delores Oates,R,Business and Commerce,62,62,1,0,0.0
H0386,Jessica L. Anderson,D,Business and Commerce,63,62,0,0,0.0
H0389,Nicole Cole,D,Business and Commerce,64,62,0,0,0.0
H0391,Lindsey Dougherty,D,Business and Commerce,62,62,0,0,0.0
H0391,Lindsey Dougherty,D,Family and Children,67,62,0,0,0.0
H0391,Lindsey Dougherty,D,"Study Commissions, Committees, and Reports",62,62,0,0,0.0
H0392,Mark C. Downey,D,Business and Commerce,63,62,0,0,0.0
H0219,Patrick A. Hope,D,Business and Commerce,63,61,0,0,0.0
H0239,Alfonso H. Lopez,D,Behavioral Health,61,61,0,0,0.0
H0264,Marcus B. Simon,D,Taxes and Revenue,63,61,0,0,0.0
H0269,"Richard C. ""Rip"" Sullivan, Jr.",D,Environment and Conservation,61,61,0,0,0.0
H0295,Kelly K. Convirs-Fowler,D,Courts and Civil Law,69,61,0,0,0.0
H0322,Don Scott,D,"Study Commissions, Committees, and Reports",63,61,0,0,0.0
H0336,Nadarius E. Clark,D,Budget and Appropriations,78,61,0,0,0.0
H0343,Briana D. Sewell,D,Environment and Conservation,61,61,0,0,0.0
H0344,Irene Shin,D,Public Safety,61,61,1,0,0.0
H0357,Will Davis,R,Public Safety,61,61,0,0,0.0
H0360,Michael B. Feggans,D,Behavioral Health,61,61,0,0,0.0
H0374,Marty Martinez,D,"Study Commissions, Committees, and Reports",62,61,0,0,0.0
H0380,Atoosa R. Reaser,D,"Study Commissions, Committees, and Reports",63,61,0,0,0.0
H0397,May Nivar,D,Environment and Conservation,61,61,0,0,0.0
H0402,Charlie Schmidt,D,"Study Commissions, Committees, and Reports",61,61,0,0,0.0
H0404,Margaret A. Franklin,D,Business and Commerce,63,61,0,0,0.0
H0136,"Thomas C. Wright, Jr.",R,Firearms,71,60,1,0,0.0
H0207,Delores L. McQuinn,D,Behavioral Health,62,60,0,0,0.0
H0227,Luke E. Torian,D,Family and Children,75,60,0,0,0.0
H0264,Marcus B. Simon,D,Behavioral Health,61,60,0,0,0.0
H0269,"Richard C. ""Rip"" Sullivan, Jr.",D,Public Safety,60,60,0,0,0.0
H0297,Elizabeth R. Guzman,D,Taxes and Revenue,60,60,0,0,0.0
H0322,Don Scott,D,Business and Commerce,60,60,0,0,0.0
H0340,Michelle Lopes Maldonado,D,Public Safety,61,60,0,0,0.0
H0342,Phillip A. Scott,R,Business and Commerce,60,60,7,0,0.0
H0343,Briana D. Sewell,D,Behavioral Health,60,60,0,0,0.0
H0344,Irene Shin,D,Environment and Conservation,61,60,0,0,0.0
H0365,"Rozia A. Henson, Jr.",D,Business and Commerce,62,60,0,0,0.0
H0370,Karen Keys-Gamarra,D,"Study Commissions, Committees, and Reports",61,60,0,0,0.0
H0371,Amy J. Laufer,D,Public Safety,60,60,0,0,0.0
H0372,Destiny LeVere Bolling,D,Higher Education,60,60,0,0,0.0
H0383,Eric R. Zehr,R,Behavioral Health,61,60,7,0,0.0
H0386,Jessica L. Anderson,D,Insurance,60,60,0,0,0.0
H0387,"Karen R. ""Kacey"" Carnegie",D,Public Safety,60,60,0,0,0.0
H0389,Nicole Cole,D,Insurance,61,60,0,0,0.0
H0392,Mark C. Downey,D,Insurance,60,60,0,0,0.0
H0398,Justin Pence,R,Family and Children,60,60,4,0,0.0
H0398,Justin Pence,R,"Study Commissions, Committees, and Reports",60,60,0,0,0.0
H0402,Charlie Schmidt,D,Public Safety,60,60,0,0,0.0
H0403,Gretchen M. Bulova,D,Business and Commerce,60,60,0,0,0.0
H0403,Gretchen M. Bulova,D,Higher Education,60,60,0,0,0.0
H0405,Garrett McGuire,D,Insurance,60,60,0,0,0.0
H0056,Terry G. Kilgore,R,Public Safety,60,59,1,0,0.0
H0281,Paul E. Krizek,D,Behavioral Health,59,59,0,0,0.0
H0301,David A. Reid,D,Taxes and Revenue,59,59,0,0,0.0
H0340,Michelle Lopes Maldonado,D,Behavioral Health,60,59,0,0,0.0
H0355,Laura Jane Cohen,D,Public Safety,60,59,0,0,0.0
H0356,Rae Cousins,D,Higher Education,59,59,1,0,0.0
H0361,Debra D. Gardner,D,Business and Commerce,60,59,0,0,0.0
H0361,Debra D. Gardner,D,Insurance,59,59,0,0,0.0
H0364,Timothy P. Griffin,R,Courts and Civil Law,65,59,8,0,0.0
H0365,"Rozia A. Henson, Jr.",D,Public Safety,59,59,0,0,0.0
H0371,Amy J. Laufer,D,Behavioral Health,59,59,0,0,0.0
H0375,Adele Y. McClure,D,Family and Children,60,59,0,0,0.0
H0375,Adele Y. McClure,D,Insurance,59,59,0,0,0.0
H0383,Eric R. Zehr,R,Business and Commerce,60,59,4,0,0.0
H0392,Mark C. Downey,D,Public Safety,59,59,0,0,0.0
H0394,Karen Hamilton,R,Behavioral Health,61,59,7,0,0.0
H0403,Gretchen M. Bulova,D,Insurance,59,59,0,0,0.0
H0239,Alfonso H. Lopez,D,Family and Children,58,58,0,0,0.0
H0264,Marcus B. Simon,D,Insurance,58,58,0,0,0.0
H0266,Sam Rasoul,D,Insurance,59,58,0,0,0.0
H0284,"Marcia S. ""Cia"" Price",D,Environment and Conservation,58,58,0,0,0.0
H0285,"C.E. Cliff Hayes, Jr.",D,Environment and Conservation,58,58,0,0,0.0
H0294,Karrie K. Delaney,D,Insurance,58,58,0,0,0.0
H0297,Elizabeth R. Guzman,D,Insurance,59,58,0,0,0.0
H0301,David A. Reid,D,Family and Children,59,58,0,0,0.0
H0317,Dan I. Helmer,D,Environment and Conservation,60,58,0,0,0.0
H0317,Dan I. Helmer,D,Family and Children,59,58,0,0,0.0
H0342,Phillip A. Scott,R,Public Safety,59,58,9,0,0.0
H0356,Rae Cousins,D,Environment and Conservation,58,58,0,0,0.0
H0362,"Thomas A. Garrett, Jr.",R,Business and Commerce,61,58,1,0,0.0
H0365,"Rozia A. Henson, Jr.",D,Insurance,58,58,1,0,0.0
H0366,Phil M. Hernandez,D,Insurance,58,58,0,0,0.0
H0372,Destiny LeVere Bolling,D,Behavioral Health,58,58,0,0,0.0
H0374,Marty Martinez,D,Insurance,58,58,0,0,0.0
H0380,Atoosa R. Reaser,D,Insurance,59,58,0,0,0.0
H0390,Mitchell Cornett,R,Insurance,58,58,0,0,0.0
H0391,Lindsey Dougherty,D,Higher Education,60,58,0,0,0.0
H0394,Karen Hamilton,R,Business and Commerce,62,58,2,0,0.0
H0400,Virgil Thornton,D,Insurance,58,58,0,0,0.0
H0400,Virgil Thornton,D,Public Safety,58,58,0,0,0.0
H0404,Margaret A. Franklin,D,Insurance,58,58,0,0,0.0
H0405,Garrett McGuire,D,Public Safety,59,58,1,0,0.0
H0212,Betsy B. Carr,D,Behavioral Health,57,57,0,0,0.0
H0219,Patrick A. Hope,D,Insurance,57,57,0,0,0.0
H0224,James W. Morefield,R,Public Safety,57,57,1,0,0.0
H0266,Sam Rasoul,D,Higher Education,58,57,2,0,0.0
H0285,"C.E. Cliff Hayes, Jr.",D,Taxes and Revenue,58,57,0,0,0.0
H0294,Karrie K. Delaney,D,Taxes and Revenue,60,57,0,0,0.0
H0351,Holly M. Seibold,D,Behavioral Health,61,57,0,0,0.0
H0351,Holly M. Seibold,D,Family and Children,59,57,0,0,0.0
H0357,Will Davis,R,Insurance,57,57,0,0,0.0
H0360,Michael B. Feggans,D,Environment and Conservation,57,57,0,0,0.0
H0360,Michael B. Feggans,D,Family and Children,59,57,0,0,0.0
H0364,Timothy P. Griffin,R,Business and Commerce,60,57,5,0,0.0
H0370,Karen Keys-Gamarra,D,Insurance,58,57,1,0,0.0
H0372,Destiny LeVere Bolling,D,Environment and Conservation,57,57,0,0,0.0
H0375,Adele Y. McClure,D,Behavioral Health,57,57,0,0,0.0
H0385,JJ Singh,D,Behavioral Health,57,57,0,0,0.0
H0386,Jessica L. Anderson,D,Higher Education,57,57,0,0,0.0
H0391,Lindsey Dougherty,D,Insurance,58,57,0,0,0.0
H0399,Kimberly Pope Adams,D,Insurance,57,57,0,0,0.0
H0401,Madison Whittle,R,Insurance,57,57,0,0,0.0
H0402,Charlie Schmidt,D,Behavioral Health,57,57,0,0,0.0
H0404,Margaret A. Franklin,D,"Study Commissions, Committees, and Reports",60,57,0,0,0.0
H0108,Vivian E. Watts,D,Insurance,57,56,1,0,0.0
H0207,Delores L. McQuinn,D,Environment and Conservation,58,56,0,0,0.0
H0227,Luke E. Torian,D,Environment and Conservation,64,56,0,0,0.0
H0301,David A. Reid,D,Behavioral Health,57,56,0,0,0.0
H0301,David A. Reid,D,Environment and Conservation,56,56,0,0,0.0
H0314,Joshua G. Cole,D,Taxes and Revenue,57,56,0,0,0.0
H0322,Don Scott,D,Insurance,56,56,0,0,0.0
H0323,Shelly A. Simonds,D,Higher Education,57,56,0,0,0.0
H0327,Rodney T. Willett,D,Taxes and Revenue,57,56,0,0,0.0
H0329,Bill Wiley,R,Behavioral Health,56,56,0,0,0.0
H0336,Nadarius E. Clark,D,Business and Commerce,81,56,0,0,0.0
H0340,Michelle Lopes Maldonado,D,Environment and Conservation,56,56,0,0,0.0
H0342,Phillip A. Scott,R,Insurance,58,56,6,0,0.0
H0349,Jackie H. Glass,D,Insurance,56,56,0,0,0.0
H0351,Holly M. Seibold,D,Insurance,57,56,0,0,0.0
H0353,Bonita G. Anthony,D,Environment and Conservation,57,56,0,0,0.0
H0366,Phil M. Hernandez,D,Behavioral Health,56,56,0,0,0.0
H0371,Amy J. Laufer,D,Taxes and Revenue,56,56,0,0,0.0
H0377,Delores Oates,R,Insurance,56,56,4,0,0.0
H0380,Atoosa R. Reaser,D,Environment and Conservation,56,56,0,0,0.0
H0380,Atoosa R. Reaser,D,Public Safety,58,56,0,0,0.0
H0382,Joshua E. Thomas,D,Environment and Conservation,56,56,0,0,0.0
H0383,Eric R. Zehr,R,Insurance,57,56,7,0,0.0
H0384,Eric Phillips,R,Insurance,56,56,0,0,0.0
H0389,Nicole Cole,D,Public Safety,57,56,1,0,0.0
H0394,Karen Hamilton,R,Insurance,56,56,6,0,0.0
H0395,John Chilton McAuliff,D,"Study Commissions, Committees, and Reports",63,56,0,0,0.0
H0396,Leslie Chambers Mehta,D,Behavioral Health,56,56,0,0,0.0
H0396,Leslie Chambers Mehta,D,Insurance,56,56,0,0,0.0
H0398,Justin Pence,R,Public Safety,56,56,2,0,0.0
H0402,Charlie Schmidt,D,Insurance,56,56,0,0,0.0
H0403,Gretchen M. Bulova,D,Public Safety,56,56,0,0,0.0
H0108,Vivian E. Watts,D,Behavioral Health,56,55,0,0,0.0
H0227,Luke E. Torian,D,Public Safety,65,55,0,0,0.0
H0231,Tony O. Wilt,R,Family and Children,56,55,0,0,0.0
H0294,Karrie K. Delaney,D,Environment and Conservation,55,55,0,0,0.0
H0297,Elizabeth R. Guzman,D,Environment and Conservation,56,55,0,0,0.0
H0311,Alex Q. Askew,D,Taxes and Revenue,56,55,0,0,0.0
H0325,Wendell S. Walker,R,Insurance,58,55,0,0,0.0
H0333,Jason S. Ballard,R,Environment and Conservation,56,55,0,0,0.0
H0334,Elizabeth B. Bennett-Parker,D,Firearms,58,55,0,0,0.0
H0354,Katrina Callsen,D,Insurance,58,55,0,0,0.0
H0364,Timothy P. Griffin,R,Public Safety,55,55,10,0,0.0
H0370,Karen Keys-Gamarra,D,Public Safety,57,55,0,0,0.0
H0385,JJ Singh,D,Public Safety,55,55,0,0,0.0
H0387,"Karen R. ""Kacey"" Carnegie",D,Insurance,56,55,0,0,0.0
H0388,Stacey Annie Carroll,D,Insurance,57,55,0,0,0.0
H0394,Karen Hamilton,R,Family and Children,55,55,4,0,0.0
H0396,Leslie Chambers Mehta,D,Taxes and Revenue,55,55,0,0,0.0
H0399,Kimberly Pope Adams,D,Behavioral Health,55,55,0,0,0.0
H0173,Jeion A. Ward,D,Environment and Conservation,55,54,0,0,0.0
H0264,Marcus B. Simon,D,Environment and Conservation,54,54,0,0,0.0
H0305,Kathy K.L. Tran,D,Social Services,58,54,0,0,0.0
H0314,Joshua G. Cole,D,Environment and Conservation,54,54,0,0,0.0
H0321,Chris S. Runion,R,Public Safety,55,54,3,0,0.0
H0351,Holly M. Seibold,D,Environment and Conservation,54,54,0,0,0.0
H0354,Katrina Callsen,D,Environment and Conservation,55,54,0,0,0.0
H0355,Laura Jane Cohen,D,Environment and Conservation,58,54,0,0,0.0
H0364,Timothy P. Griffin,R,"Study Commissions, Committees, and Reports",61,54,2,0,0.0
H0375,Adele Y. McClure,D,Environment and Conservation,54,54,0,0,0.0
H0380,Atoosa R. Reaser,D,Behavioral Health,55,54,0,0,0.0
H0383,Eric R. Zehr,R,Higher Education,54,54,7,0,0.0
H0385,JJ Singh,D,Environment and Conservation,54,54,0,0,0.0
H0391,Lindsey Dougherty,D,Behavioral Health,55,54,0,0,0.0
H0393,Lily V. Franklin,D,Taxes and Revenue,54,54,0,0,0.0
H0400,Virgil Thornton,D,Taxes and Revenue,55,54,0,0,0.0
H0403,Gretchen M. Bulova,D,Behavioral Health,54,54,0,0,0.0
H0406,Kirk McPike,D,Health and Healthcare,54,54,0,0,0.0
H0173,Jeion A. Ward,D,Behavioral Health,56,53,0,0,0.0
H0208,Charniele L. Herring,D,Agriculture and Food,53,53,0,0,0.0
H0227,Luke E. Torian,D,Behavioral Health,61,53,0,0,0.0
H0336,Nadarius E. Clark,D,"Study Commissions, Committees, and Reports",76,53,0,0,0.0
H0364,Timothy P. Griffin,R,Insurance,56,53,5,0,0.0
H0387,"Karen R. ""Kacey"" Carnegie",D,Behavioral Health,53,53,0,0,0.0
H0387,"Karen R. ""Kacey"" Carnegie",D,Taxes and Revenue,53,53,0,0,0.0
H0388,Stacey Annie Carroll,D,"Study Commissions, Committees, and Reports",62,53,0,0,0.0
H0389,Nicole Cole,D,Environment and Conservation,53,53,0,0,0.0
H0391,Lindsey Dougherty,D,Environment and Conservation,53,53,0,0,0.0
H0392,Mark C. Downey,D,Environment and Conservation,53,53,0,0,0.0
H0393,Lily V. Franklin,D,Public Safety,53,53,1,0,0.0
H0397,May Nivar,D,Public Safety,53,53,0,0,0.0
H0401,Madison Whittle,R,Environment and Conservation,53,53,4,0,0.0
H0403,Gretchen M. Bulova,D,Environment and Conservation,53,53,0,0,0.0
H0404,Margaret A. Franklin,D,Environment and Conservation,53,53,0,0,0.0
H0295,Kelly K. Convirs-Fowler,D,Environment and Conservation,56,52,0,0,0.0
H0353,Bonita G. Anthony,D,Family and Children,52,52,0,0,0.0
H0383,Eric R. Zehr,R,Environment and Conservation,52,52,2,0,0.0
H0385,JJ Singh,D,Family and Children,52,52,0,0,0.0
H0393,Lily V. Franklin,D,Family and Children,52,52,0,0,0.0
H0397,May Nivar,D,Family and Children,52,52,0,0,0.0
H0406,Kirk McPike,D,Firearms,52,52,0,0,0.0
H0406,Kirk McPike,D,Housing,52,52,0,0,0.0
H0108,Vivian E. Watts,D,Environment and Conservation,51,51,0,0,0.0
H0136,"Thomas C. Wright, Jr.",R,Insurance,56,51,1,0,0.0
H0136,"Thomas C. Wright, Jr.",R,"Study Commissions, Committees, and Reports",62,51,2,0,0.0
H0219,Patrick A. Hope,D,Environment and Conservation,51,51,0,0,0.0
H0295,Kelly K. Convirs-Fowler,D,Family and Children,63,51,0,0,0.0
H0297,Elizabeth R. Guzman,D,Higher Education,52,51,0,0,0.0
H0322,Don Scott,D,Public Safety,51,51,0,0,0.0
H0353,Bonita G. Anthony,D,Behavioral Health,51,51,0,0,0.0
H0357,Will Davis,R,Environment and Conservation,51,51,0,0,0.0
H0372,Destiny LeVere Bolling,D,Taxes and Revenue,51,51,0,0,0.0
H0374,Marty Martinez,D,Family and Children,51,51,0,0,0.0
H0374,Marty Martinez,D,Public Safety,52,51,0,0,0.0
H0391,Lindsey Dougherty,D,Public Safety,53,51,0,0,0.0
H0396,Leslie Chambers Mehta,D,Environment and Conservation,51,51,0,0,0.0
H0397,May Nivar,D,Behavioral Health,51,51,0,0,0.0
H0398,Justin Pence,R,Environment and Conservation,51,51,1,0,0.0
H0400,Virgil Thornton,D,Behavioral Health,51,51,0,0,0.0
H0402,Charlie Schmidt,D,Environment and Conservation,51,51,0,0,0.0
H0173,Jeion A. Ward,D,Family and Children,50,50,0,0,0.0
H0322,Don Scott,D,Environment and Conservation,50,50,0,0,0.0
H0342,Phillip A. Scott,R,Environment and Conservation,52,50,5,0,0.0
H0349,Jackie H. Glass,D,Agriculture and Food,50,50,0,0,0.0
H0361,Debra D. Gardner,D,Environment and Conservation,50,50,0,0,0.0
H0364,Timothy P. Griffin,R,Environment and Conservation,50,50,4,0,0.0
H0365,"Rozia A. Henson, Jr.",D,Environment and Conservation,50,50,0,0,0.0
H0370,Karen Keys-Gamarra,D,Environment and Conservation,55,50,0,0,0.0
H0377,Delores Oates,R,Environment and Conservation,50,50,0,0,0.0
H0388,Stacey Annie Carroll,D,Environment and Conservation,54,50,0,0,0.0
H0390,Mitchell Cornett,R,Environment and Conservation,50,50,0,0,0.0
H0390,Mitchell Cornett,R,Taxes and Revenue,50,50,1,0,0.0
H0398,Justin Pence,R,Behavioral Health,51,50,0,0,0.0
H0404,Margaret A. Franklin,D,Family and Children,51,50,0,0,0.0
H0404,Margaret A. Franklin,D,Public Safety,51,50,0,0,0.0
H0406,Kirk McPike,D,Budget and Appropriations,51,50,0,0,0.0
H0406,Kirk McPike,D,Local Government,50,50,0,0,0.0
H0173,Jeion A. Ward,D,Taxes and Revenue,53,49,0,0,0.0
H0297,Elizabeth R. Guzman,D,Behavioral Health,51,49,0,0,0.0
H0305,Kathy K.L. Tran,D,Agriculture and Food,50,49,4,0,0.0
H0322,Don Scott,D,Taxes and Revenue,49,49,0,0,0.0
H0362,"Thomas A. Garrett, Jr.",R,Public Safety,52,49,7,0,0.0
H0365,"Rozia A. Henson, Jr.",D,Taxes and Revenue,49,49,0,0,0.0
H0370,Karen Keys-Gamarra,D,Behavioral Health,52,49,0,0,0.0
H0377,Delores Oates,R,Taxes and Revenue,49,49,4,0,0.0
H0385,JJ Singh,D,Taxes and Revenue,49,49,0,0,0.0
H0394,Karen Hamilton,R,Taxes and Revenue,50,49,9,0,0.0
H0401,Madison Whittle,R,Higher Education,50,49,1,0,0.0
H0212,Betsy B. Carr,D,Higher Education,49,48,0,0,0.0
H0301,David A. Reid,D,Higher Education,48,48,0,0,0.0
H0322,Don Scott,D,Family and Children,48,48,0,0,0.0
H0380,Atoosa R. Reaser,D,Higher Education,51,48,0,0,0.0
H0388,Stacey Annie Carroll,D,Family and Children,53,48,0,0,0.0
H0395,John Chilton McAuliff,D,Public Safety,54,48,0,0,0.0
H0124,R. Lee Ware,R,Behavioral Health,47,47,0,0,0.0
H0322,Don Scott,D,Behavioral Health,47,47,0,0,0.0
H0336,Nadarius E. Clark,D,Public Safety,70,47,0,0,0.0
H0349,Jackie H. Glass,D,Behavioral Health,47,47,0,0,0.0
H0374,Marty Martinez,D,Behavioral Health,48,47,0,0,0.0
H0393,Lily V. Franklin,D,Behavioral Health,47,47,0,0,0.0
H0406,Kirk McPike,D,Elections and Voting,47,47,0,0,0.0
H0136,"Thomas C. Wright, Jr.",R,Public Safety,53,46,4,0,0.0
H0224,James W. Morefield,R,Higher Education,46,46,0,0,0.0
H0285,"C.E. Cliff Hayes, Jr.",D,Social Services,46,46,0,0,0.0
H0295,Kelly K. Convirs-Fowler,D,Behavioral Health,55,46,0,0,0.0
H0295,Kelly K. Convirs-Fowler,D,Taxes and Revenue,50,46,0,0,0.0
H0323,Shelly A. Simonds,D,Agriculture and Food,46,46,0,0,0.0
H0334,Elizabeth B. Bennett-Parker,D,Elections and Voting,46,46,0,0,0.0
H0342,Phillip A. Scott,R,Taxes and Revenue,49,46,9,0,0.0
H0364,Timothy P. Griffin,R,Behavioral Health,53,46,12,0,0.0
H0374,Marty Martinez,D,Agriculture and Food,47,46,0,0,0.0
H0388,Stacey Annie Carroll,D,Behavioral Health,47,46,0,0,0.0
H0400,Virgil Thornton,D,Agriculture and Food,46,46,0,0,0.0
H0285,"C.E. Cliff Hayes, Jr.",D,Higher Education,46,45,0,0,0.0
H0329,Bill Wiley,R,Higher Education,45,45,0,0,0.0
H0375,Adele Y. McClure,D,Higher Education,45,45,0,0,0.0
H0388,Stacey Annie Carroll,D,Public Safety,52,45,0,0,0.0
H0404,Margaret A. Franklin,D,Behavioral Health,47,45,0,0,0.0
H0305,Kathy K.L. Tran,D,Higher Education,45,44,0,0,0.0
H0314,Joshua G. Cole,D,State Government,46,44,0,0,0.0
H0366,Phil M. Hernandez,D,Agriculture and Food,44,44,0,0,0.0
H0136,"Thomas C. Wright, Jr.",R,Family and Children,48,43,4,0,0.0
H0284,"Marcia S. ""Cia"" Price",D,Higher Education,44,43,1,0,0.0
H0317,Dan I. Helmer,D,Higher Education,43,43,0,0,0.0
H0336,Nadarius E. Clark,D,Courts and Civil Law,72,43,0,0,0.0
H0336,Nadarius E. Clark,D,Family and Children,64,43,1,0,0.0
H0360,Michael B. Feggans,D,Higher Education,43,43,0,0,0.0
H0208,Charniele L. Herring,D,Higher Education,42,42,0,0,0.0
H0227,Luke E. Torian,D,Higher Education,48,42,0,0,0.0
H0264,Marcus B. Simon,D,Higher Education,44,42,0,0,0.0
H0281,Paul E. Krizek,D,Higher Education,42,42,0,0,0.0
H0285,"C.E. Cliff Hayes, Jr.",D,State Government,42,42,1,0,0.0
H0336,Nadarius E. Clark,D,Higher Education,62,42,0,0,0.0
H0395,John Chilton McAuliff,D,Behavioral Health,47,42,0,0,0.0
H0136,"Thomas C. Wright, Jr.",R,Agriculture and Food,41,41,2,0,0.0
H0281,Paul E. Krizek,D,State Government,45,41,0,0,0.0
H0285,"C.E. Cliff Hayes, Jr.",D,Technology and Data,44,41,0,0,0.0
H0327,Rodney T. Willett,D,Higher Education,41,41,0,0,0.0
H0327,Rodney T. Willett,D,Social Services,49,41,1,0,0.0
H0336,Nadarius E. Clark,D,Behavioral Health,65,41,0,0,0.0
H0361,Debra D. Gardner,D,Higher Education,41,41,0,0,0.0
H0219,Patrick A. Hope,D,Higher Education,41,40,1,0,0.0
H0231,Tony O. Wilt,R,Higher Education,40,40,0,0,0.0
H0239,Alfonso H. Lopez,D,Higher Education,40,40,0,0,0.0
H0294,Karrie K. Delaney,D,Higher Education,40,40,0,0,0.0
H0325,Wendell S. Walker,R,Social Services,43,40,1,0,0.0
H0334,Elizabeth B. Bennett-Parker,D,Energy and Utilities,44,40,0,0,0.0
H0344,Irene Shin,D,Social Services,43,40,0,0,0.0
H0377,Delores Oates,R,Higher Education,40,40,0,0,0.0
H0399,Kimberly Pope Adams,D,Higher Education,41,40,0,0,0.0
H0108,Vivian E. Watts,D,Higher Education,39,39,0,0,0.0
H0212,Betsy B. Carr,D,State Government,40,39,0,0,0.0
H0305,Kathy K.L. Tran,D,State Government,39,39,2,0,0.0
H0336,Nadarius E. Clark,D,Agriculture and Food,46,39,0,0,0.0
H0354,Katrina Callsen,D,State Government,42,39,0,0,0.0
H0389,Nicole Cole,D,Social Services,42,39,0,0,0.0
H0390,Mitchell Cornett,R,Higher Education,39,39,1,0,0.0
H0394,Karen Hamilton,R,Higher Education,39,39,5,0,0.0
H0406,Kirk McPike,D,"Study Commissions, Committees, and Reports",39,39,0,0,0.0
H0208,Charniele L. Herring,D,State Government,39,38,0,0,0.0
H0239,Alfonso H. Lopez,D,Agriculture and Food,40,38,0,0,0.0
H0242,Israel D. O'Quinn,R,Higher Education,38,38,0,0,0.0
H0269,"Richard C. ""Rip"" Sullivan, Jr.",D,Higher Education,38,38,0,0,0.0
H0351,Holly M. Seibold,D,Higher Education,40,38,0,0,0.0
H0355,Laura Jane Cohen,D,Social Services,41,38,0,0,0.0
H0361,Debra D. Gardner,D,Social Services,41,38,0,0,0.0
H0365,"Rozia A. Henson, Jr.",D,Social Services,41,38,1,0,0.0
H0390,Mitchell Cornett,R,Social Services,41,38,0,0,0.0
H0173,Jeion A. Ward,D,Higher Education,37,37,1,0,0.0
H0208,Charniele L. Herring,D,Social Services,37,37,0,0,0.0
H0253,Terry L. Austin,R,State Government,38,37,0,0,0.0
H0284,"Marcia S. ""Cia"" Price",D,Social Services,37,37,0,0,0.0
H0301,David A. Reid,D,State Government,37,37,0,0,0.0
H0353,Bonita G. Anthony,D,Higher Education,37,37,0,0,0.0
H0354,Katrina Callsen,D,Higher Education,37,37,0,0,0.0
H0366,Phil M. Hernandez,D,Higher Education,37,37,0,0,0.0
H0384,Eric Phillips,R,Higher Education,39,37,0,0,0.0
H0396,Leslie Chambers Mehta,D,Higher Education,38,37,0,0,0.0
H0406,Kirk McPike,D,Insurance,37,37,0,0,0.0
H0327,Rodney T. Willett,D,State Government,36,36,0,0,0.0
H0357,Will Davis,R,Higher Education,36,36,0,0,0.0
H0362,"Thomas A. Garrett, Jr.",R,Budget and Appropriations,74,36,5,0,0.0
H0393,Lily V. Franklin,D,Technology and Data,36,36,0,0,0.0
H0402,Charlie Schmidt,D,Higher Education,36,36,0,0,0.0
H0124,R. Lee Ware,R,Higher Education,35,35,1,0,0.0
H0207,Delores L. McQuinn,D,State Government,36,35,0,0,0.0
H0227,Luke E. Torian,D,State Government,44,35,0,0,0.0
H0247,Michael J. Webert,R,Higher Education,40,35,0,0,0.0
H0259,"Hyland F. ""Buddy"" Fowler, Jr.",R,State Government,37,35,1,0,0.0
H0294,Karrie K. Delaney,D,State Government,37,35,0,0,0.0
H0297,Elizabeth R. Guzman,D,State Government,38,35,0,0,0.0
H0322,Don Scott,D,Higher Education,35,35,0,0,0.0
H0325,Wendell S. Walker,R,Higher Education,35,35,0,0,0.0
H0333,Jason S. Ballard,R,Higher Education,37,35,0,0,0.0
H0340,Michelle Lopes Maldonado,D,Higher Education,35,35,0,0,0.0
H0340,Michelle Lopes Maldonado,D,Technology and Data,35,35,0,0,0.0
H0342,Phillip A. Scott,R,State Government,35,35,7,0,0.0
H0343,Briana D. Sewell,D,State Government,36,35,1,0,0.0
H0344,Irene Shin,D,Higher Education,35,35,0,0,0.0
H0347,"H. Otto Wachsmann, Jr.",R,Higher Education,35,35,0,0,0.0
H0349,Jackie H. Glass,D,Technology and Data,35,35,0,0,0.0
H0351,Holly M. Seibold,D,State Government,39,35,0,0,0.0
H0387,"Karen R. ""Kacey"" Carnegie",D,Higher Education,35,35,1,0,0.0
H0398,Justin Pence,R,Higher Education,35,35,1,0,0.0
H0400,Virgil Thornton,D,Higher Education,35,35,0,0,0.0
H0405,Garrett McGuire,D,Higher Education,36,35,0,0,0.0
H0212,Betsy B. Carr,D,Agriculture and Food,34,34,0,0,0.0
H0239,Alfonso H. Lopez,D,Technology and Data,34,34,0,0,0.0
H0253,Terry L. Austin,R,Alcoholic Beverage and Cannabis Control,36,34,0,0,0.0
H0321,Chris S. Runion,R,Higher Education,34,34,0,0,0.0
H0365,"Rozia A. Henson, Jr.",D,Higher Education,35,34,0,0,0.0
H0371,Amy J. Laufer,D,State Government,34,34,1,0,0.0
H0374,Marty Martinez,D,Higher Education,34,34,0,0,0.0
H0385,JJ Singh,D,Higher Education,34,34,0,0,0.0
H0392,Mark C. Downey,D,Higher Education,36,34,0,0,0.0
H0397,May Nivar,D,Higher Education,34,34,0,0,0.0
H0406,Kirk McPike,D,Courts and Civil Law,34,34,0,0,0.0
H0208,Charniele L. Herring,D,Economic Development,33,33,0,0,0.0
H0355,Laura Jane Cohen,D,Higher Education,35,33,0,0,0.0
H0364,Timothy P. Griffin,R,Higher Education,35,33,6,0,0.0
H0406,Kirk McPike,D,Business and Commerce,33,33,0,0,0.0
H0219,Patrick A. Hope,D,Social Services,32,32,0,0,0.0
H0219,Patrick A. Hope,D,State Government,32,32,0,0,0.0
H0224,James W. Morefield,R,Alcoholic Beverage and Cannabis Control,34,32,2,0,0.0
H0227,Luke E. Torian,D,Alcoholic Beverage and Cannabis Control,36,32,3,0,0.0
H0262,"James A. ""Jay"" Leftwich",R,Marriage and Domestic Relations,33,32,3,0,0.0
H0264,Marcus B. Simon,D,State Government,33,32,0,0,0.0
H0281,Paul E. Krizek,D,Economic Development,32,32,0,0,0.0
H0285,"C.E. Cliff Hayes, Jr.",D,Agriculture and Food,32,32,0,0,0.0
H0295,Kelly K. Convirs-Fowler,D,Higher Education,48,32,0,0,0.0
H0311,Alex Q. Askew,D,Agriculture and Food,32,32,0,0,0.0
H0334,Elizabeth B. Bennett-Parker,D,Behavioral Health,33,32,0,0,0.0
H0334,Elizabeth B. Bennett-Parker,D,Health and Healthcare,38,32,0,0,0.0
H0340,Michelle Lopes Maldonado,D,Marriage and Domestic Relations,33,32,0,0,0.0
H0343,Briana D. Sewell,D,Technology and Data,32,32,0,0,0.0
H0370,Karen Keys-Gamarra,D,Higher Education,35,32,0,0,0.0
H0370,Karen Keys-Gamarra,D,Technology and Data,32,32,0,0,0.0
H0372,Destiny LeVere Bolling,D,State Government,33,32,0,0,0.0
H0388,Stacey Annie Carroll,D,Higher Education,35,32,0,0,0.0
H0389,Nicole Cole,D,Higher Education,36,32,0,0,0.0
H0392,Mark C. Downey,D,Social Services,32,32,0,0,0.0
H0402,Charlie Schmidt,D,Technology and Data,32,32,0,0,0.0
H0405,Garrett McGuire,D,Social Services,32,32,0,0,0.0
H0212,Betsy B. Carr,D,Economic Development,31,31,0,0,0.0
H0266,Sam Rasoul,D,Social Services,33,31,0,0,0.0
H0281,Paul E. Krizek,D,Constitutional Amendments,31,31,0,0,0.0
H0281,Paul E. Krizek,D,Technology and Data,33,31,0,0,0.0
H0284,"Marcia S. ""Cia"" Price",D,Agriculture and Food,31,31,0,0,0.0
H0284,"Marcia S. ""Cia"" Price",D,Alcoholic Beverage and Cannabis Control,34,31,13,0,0.0
H0301,David A. Reid,D,Constitutional Amendments,31,31,0,0,0.0
H0311,Alex Q. Askew,D,State Government,31,31,0,0,0.0
H0323,Shelly A. Simonds,D,State Government,31,31,0,0,0.0
H0325,Wendell S. Walker,R,State Government,31,31,0,0,0.0
H0329,Bill Wiley,R,Economic Development,31,31,0,0,0.0
H0342,Phillip A. Scott,R,Social Services,31,31,12,0,0.0
H0343,Briana D. Sewell,D,Agriculture and Food,31,31,0,0,0.0
H0344,Irene Shin,D,State Government,32,31,2,0,0.0
H0344,Irene Shin,D,Technology and Data,32,31,0,0,0.0
H0354,Katrina Callsen,D,Alcoholic Beverage and Cannabis Control,33,31,0,0,0.0
H0354,Katrina Callsen,D,Marriage and Domestic Relations,32,31,0,0,0.0
H0366,Phil M. Hernandez,D,Alcoholic Beverage and Cannabis Control,33,31,0,0,0.0
H0380,Atoosa R. Reaser,D,State Government,32,31,0,0,0.0
H0382,Joshua E. Thomas,D,State Government,31,31,0,0,0.0
H0387,"Karen R. ""Kacey"" Carnegie",D,Marriage and Domestic Relations,32,31,0,0,0.0
H0394,Karen Hamilton,R,Technology and Data,31,31,4,0,0.0
H0395,John Chilton McAuliff,D,Higher Education,34,31,0,0,0.0
H0207,Delores L. McQuinn,D,Agriculture and Food,30,30,0,0,0.0
H0227,Luke E. Torian,D,Technology and Data,37,30,0,0,0.0
H0242,Israel D. O'Quinn,R,Constitutional Amendments,30,30,0,0,0.0
H0262,"James A. ""Jay"" Leftwich",R,Constitutional Amendments,30,30,0,0,0.0
H0295,Kelly K. Convirs-Fowler,D,Constitutional Amendments,30,30,0,0,0.0
H0301,David A. Reid,D,Agriculture and Food,30,30,0,0,0.0
H0311,Alex Q. Askew,D,Technology and Data,30,30,0,0,0.0
H0314,Joshua G. Cole,D,Social Services,30,30,2,0,0.0
H0317,Dan I. Helmer,D,Agriculture and Food,31,30,1,0,0.0
H0317,Dan I. Helmer,D,State Government,31,30,0,0,0.0
H0328,Scott A. Wyatt,R,State Government,30,30,0,0,0.0
H0342,Phillip A. Scott,R,Constitutional Amendments,30,30,0,0,0.0
H0344,Irene Shin,D,Agriculture and Food,31,30,0,0,0.0
H0347,"H. Otto Wachsmann, Jr.",R,Constitutional Amendments,30,30,0,0,0.0
H0349,Jackie H. Glass,D,Constitutional Amendments,30,30,0,0,0.0
H0351,Holly M. Seibold,D,Alcoholic Beverage and Cannabis Control,32,30,0,0,0.0
H0353,Bonita G. Anthony,D,Constitutional Amendments,30,30,0,0,0.0
H0365,"Rozia A. Henson, Jr.",D,Constitutional Amendments,30,30,0,0,0.0
H0372,Destiny LeVere Bolling,D,Constitutional Amendments,30,30,0,0,0.0
H0374,Marty Martinez,D,Technology and Data,31,30,0,0,0.0
H0382,Joshua E. Thomas,D,Agriculture and Food,30,30,0,0,0.0
H0384,Eric Phillips,R,Constitutional Amendments,30,30,0,0,0.0
H0385,JJ Singh,D,Constitutional Amendments,30,30,0,0,0.0
H0385,JJ Singh,D,State Government,30,30,1,0,0.0
H0387,"Karen R. ""Kacey"" Carnegie",D,Constitutional Amendments,30,30,0,0,0.0
H0387,"Karen R. ""Kacey"" Carnegie",D,State Government,30,30,0,0,0.0
H0388,Stacey Annie Carroll,D,Constitutional Amendments,30,30,0,0,0.0
H0390,Mitchell Cornett,R,State Government,30,30,0,0,0.0
H0392,Mark C. Downey,D,State Government,30,30,0,0,0.0
H0395,John Chilton McAuliff,D,Constitutional Amendments,30,30,0,0,0.0
H0403,Gretchen M. Bulova,D,State Government,30,30,0,0,0.0
H0404,Margaret A. Franklin,D,Higher Education,34,30,0,0,0.0
H0406,Kirk McPike,D,Family and Children,30,30,0,0,0.0
H0056,Terry G. Kilgore,R,State Government,29,29,1,0,0.0
H0173,Jeion A. Ward,D,Technology and Data,30,29,0,0,0.0
H0207,Delores L. McQuinn,D,Technology and Data,32,29,0,0,0.0
H0208,Charniele L. Herring,D,Technology and Data,29,29,0,0,0.0
H0242,Israel D. O'Quinn,R,State Government,29,29,0,0,0.0
H0269,"Richard C. ""Rip"" Sullivan, Jr.",D,Marriage and Domestic Relations,31,29,0,0,0.0
H0269,"Richard C. ""Rip"" Sullivan, Jr.",D,State Government,29,29,0,0,0.0
H0269,"Richard C. ""Rip"" Sullivan, Jr.",D,Technology and Data,29,29,0,0,0.0
H0301,David A. Reid,D,Technology and Data,29,29,0,0,0.0
H0323,Shelly A. Simonds,D,Technology and Data,30,29,0,0,0.0
H0353,Bonita G. Anthony,D,State Government,29,29,0,0,0.0
H0355,Laura Jane Cohen,D,Agriculture and Food,29,29,0,0,0.0
H0366,Phil M. Hernandez,D,Marriage and Domestic Relations,29,29,0,0,0.0
H0366,Phil M. Hernandez,D,State Government,31,29,0,0,0.0
H0371,Amy J. Laufer,D,Economic Development,33,29,0,0,0.0
H0380,Atoosa R. Reaser,D,Alcoholic Beverage and Cannabis Control,32,29,0,0,0.0
H0389,Nicole Cole,D,State Government,29,29,0,0,0.0
H0392,Mark C. Downey,D,Agriculture and Food,29,29,0,0,0.0
H0405,Garrett McGuire,D,State Government,30,29,0,0,0.0
H0056,Terry G. Kilgore,R,Agriculture and Food,28,28,0,0,0.0
H0264,Marcus B. Simon,D,Marriage and Domestic Relations,29,28,1,0,0.0
H0266,Sam Rasoul,D,Agriculture and Food,28,28,0,0,0.0
H0269,"Richard C. ""Rip"" Sullivan, Jr.",D,Agriculture and Food,28,28,0,0,0.0
H0284,"Marcia S. ""Cia"" Price",D,Constitutional Amendments,31,28,0,0,0.0
H0295,Kelly K. Convirs-Fowler,D,State Government,31,28,0,0,0.0
H0305,Kathy K.L. Tran,D,Economic Development,28,28,0,0,0.0
H0311,Alex Q. Askew,D,Economic Development,28,28,0,0,0.0
H0323,Shelly A. Simonds,D,Economic Development,28,28,0,0,0.0
H0327,Rodney T. Willett,D,Economic Development,32,28,0,0,0.0
H0333,Jason S. Ballard,R,Agriculture and Food,28,28,0,0,0.0
H0343,Briana D. Sewell,D,Economic Development,28,28,0,0,0.0
H0355,Laura Jane Cohen,D,State Government,30,28,2,0,0.0
H0356,Rae Cousins,D,State Government,28,28,0,0,0.0
H0361,Debra D. Gardner,D,State Government,30,28,0,0,0.0
H0364,Timothy P. Griffin,R,Technology and Data,30,28,3,0,0.0
H0370,Karen Keys-Gamarra,D,Marriage and Domestic Relations,31,28,0,0,0.0
H0372,Destiny LeVere Bolling,D,Agriculture and Food,28,28,0,0,0.0
H0380,Atoosa R. Reaser,D,Technology and Data,30,28,2,0,0.0
H0386,Jessica L. Anderson,D,Agriculture and Food,28,28,0,0,0.0
H0405,Garrett McGuire,D,Agriculture and Food,28,28,0,0,0.0
H0406,Kirk McPike,D,Public Safety,28,28,0,0,0.0
H0108,Vivian E. Watts,D,Marriage and Domestic Relations,27,27,0,0,0.0
H0212,Betsy B. Carr,D,Social Services,28,27,0,0,0.0
H0227,Luke E. Torian,D,Agriculture and Food,32,27,0,0,0.0
H0239,Alfonso H. Lopez,D,State Government,27,27,0,0,0.0
H0262,"James A. ""Jay"" Leftwich",R,State Government,27,27,0,0,0.0
H0281,Paul E. Krizek,D,Social Services,27,27,0,0,0.0
H0294,Karrie K. Delaney,D,Agriculture and Food,27,27,0,0,0.0
H0294,Karrie K. Delaney,D,Technology and Data,27,27,0,0,0.0
H0314,Joshua G. Cole,D,Agriculture and Food,27,27,0,0,0.0
H0314,Joshua G. Cole,D,Constitutional Amendments,30,27,0,0,0.0
H0327,Rodney T. Willett,D,Technology and Data,27,27,0,0,0.0
H0333,Jason S. Ballard,R,Marriage and Domestic Relations,29,27,0,0,0.0
H0348,Wren M. Williams,R,State Government,29,27,1,0,0.0
H0353,Bonita G. Anthony,D,Agriculture and Food,27,27,0,0,0.0
H0356,Rae Cousins,D,Agriculture and Food,27,27,0,0,0.0
H0360,Michael B. Feggans,D,Agriculture and Food,27,27,0,0,0.0
H0360,Michael B. Feggans,D,State Government,27,27,0,0,0.0
H0397,May Nivar,D,Agriculture and Food,27,27,0,0,0.0
H0400,Virgil Thornton,D,Marriage and Domestic Relations,29,27,0,0,0.0
H0406,Kirk McPike,D,Behavioral Health,27,27,0,0,0.0
H0108,Vivian E. Watts,D,Technology and Data,26,26,0,0,0.0
H0173,Jeion A. Ward,D,Agriculture and Food,27,26,0,0,0.0
H0219,Patrick A. Hope,D,Agriculture and Food,26,26,0,0,0.0
H0227,Luke E. Torian,D,Economic Development,31,26,0,0,0.0
H0238,M. Keith Hodges,R,Economic Development,26,26,0,0,0.0
H0253,Terry L. Austin,R,Economic Development,26,26,0,0,0.0
H0281,Paul E. Krizek,D,Alcoholic Beverage and Cannabis Control,26,26,0,0,0.0
H0284,"Marcia S. ""Cia"" Price",D,Economic Development,26,26,0,0,0.0
H0285,"C.E. Cliff Hayes, Jr.",D,Economic Development,26,26,0,0,0.0
H0297,Elizabeth R. Guzman,D,Agriculture and Food,26,26,0,0,0.0
H0301,David A. Reid,D,Economic Development,26,26,0,0,0.0
H0328,Scott A. Wyatt,R,Technology and Data,26,26,1,0,0.0
H0334,Elizabeth B. Bennett-Parker,D,Housing,38,26,0,0,0.0
H0334,Elizabeth B. Bennett-Parker,D,"Study Commissions, Committees, and Reports",29,26,0,0,0.0
H0354,Katrina Callsen,D,Constitutional Amendments,26,26,0,0,0.0
H0375,Adele Y. McClure,D,Agriculture and Food,26,26,0,0,0.0
H0380,Atoosa R. Reaser,D,Marriage and Domestic Relations,29,26,0,0,0.0
H0382,Joshua E. Thomas,D,Economic Development,26,26,0,0,0.0
H0382,Joshua E. Thomas,D,Technology and Data,26,26,0,0,0.0
H0383,Eric R. Zehr,R,State Government,26,26,3,0,0.0
H0391,Lindsey Dougherty,D,State Government,26,26,0,0,0.0
H0108,Vivian E. Watts,D,State Government,25,25,0,0,0.0
H0173,Jeion A. Ward,D,State Government,27,25,0,0,0.0
H0219,Patrick A. Hope,D,Marriage and Domestic Relations,26,25,0,0,0.0
H0264,Marcus B. Simon,D,Agriculture and Food,25,25,1,0,0.0
H0294,Karrie K. Delaney,D,Marriage and Domestic Relations,25,25,0,0,0.0
H0322,Don Scott,D,State Government,25,25,0,0,0.0
H0328,Scott A. Wyatt,R,Economic Development,26,25,0,0,0.0
H0333,Jason S. Ballard,R,State Government,26,25,0,0,0.0
H0340,Michelle Lopes Maldonado,D,Agriculture and Food,25,25,0,0,0.0
H0340,Michelle Lopes Maldonado,D,State Government,25,25,1,0,0.0
H0356,Rae Cousins,D,Marriage and Domestic Relations,25,25,0,0,0.0
H0361,Debra D. Gardner,D,Agriculture and Food,25,25,0,0,0.0
H0365,"Rozia A. Henson, Jr.",D,Agriculture and Food,25,25,0,0,0.0
H0369,Hillary Pugh Kent,R,State Government,25,25,1,0,0.0
H0372,Destiny LeVere Bolling,D,Technology and Data,25,25,0,0,0.0
H0385,JJ Singh,D,Agriculture and Food,25,25,0,0,0.0
H0389,Nicole Cole,D,Agriculture and Food,26,25,0,0,0.0
H0391,Lindsey Dougherty,D,Agriculture and Food,25,25,0,0,0.0
H0394,Karen Hamilton,R,State Government,26,25,3,0,0.0
H0396,Leslie Chambers Mehta,D,Agriculture and Food,25,25,0,0,0.0
H0396,Leslie Chambers Mehta,D,Marriage and Domestic Relations,25,25,0,0,0.0
H0397,May Nivar,D,State Government,25,25,0,0,0.0
H0399,Kimberly Pope Adams,D,State Government,25,25,0,0,0.0
H0403,Gretchen M. Bulova,D,Agriculture and Food,25,25,0,0,0.0
H0404,Margaret A. Franklin,D,Agriculture and Food,25,25,0,0,0.0
H0108,Vivian E. Watts,D,Agriculture and Food,24,24,0,0,0.0
H0136,"Thomas C. Wright, Jr.",R,Technology and Data,28,24,3,0,0.0
H0212,Betsy B. Carr,D,Alcoholic Beverage and Cannabis Control,24,24,0,0,0.0
H0219,Patrick A. Hope,D,Technology and Data,27,24,0,0,0.0
H0259,"Hyland F. ""Buddy"" Fowler, Jr.",R,Technology and Data,26,24,0,0,0.0
H0267,"Robert S. Bloxom, Jr.",R,Alcoholic Beverage and Cannabis Control,24,24,0,0,0.0
H0295,Kelly K. Convirs-Fowler,D,Agriculture and Food,27,24,0,0,0.0
H0314,Joshua G. Cole,D,"Gambling, Lotteries, Etc.",24,24,0,0,0.0
H0323,Shelly A. Simonds,D,Data Centers,24,24,0,0,0.0
H0329,Bill Wiley,R,Alcoholic Beverage and Cannabis Control,24,24,0,0,0.0
H0334,Elizabeth B. Bennett-Parker,D,Higher Education,26,24,0,0,0.0
H0342,Phillip A. Scott,R,Agriculture and Food,26,24,0,0,0.0
H0351,Holly M. Seibold,D,Agriculture and Food,24,24,0,0,0.0
H0357,Will Davis,R,State Government,24,24,0,0,0.0
H0362,"Thomas A. Garrett, Jr.",R,Technology and Data,25,24,2,0,0.0
H0374,Marty Martinez,D,State Government,24,24,0,0,0.0
H0380,Atoosa R. Reaser,D,Agriculture and Food,26,24,0,0,0.0
H0383,Eric R. Zehr,R,Agriculture and Food,24,24,3,0,0.0
H0383,Eric R. Zehr,R,Technology and Data,24,24,1,0,0.0
H0388,Stacey Annie Carroll,D,Agriculture and Food,24,24,0,0,0.0
H0388,Stacey Annie Carroll,D,Alcoholic Beverage and Cannabis Control,24,24,0,0,0.0
H0390,Mitchell Cornett,R,Agriculture and Food,24,24,0,0,0.0
H0398,Justin Pence,R,State Government,24,24,0,0,0.0
H0400,Virgil Thornton,D,State Government,24,24,0,0,0.0
H0404,Margaret A. Franklin,D,State Government,24,24,0,0,0.0
H0406,Kirk McPike,D,Environment and Conservation,24,24,0,0,0.0
H0207,Delores L. McQuinn,D,Economic Development,27,23,0,0,0.0
H0224,James W. Morefield,R,"Gambling, Lotteries, Etc.",23,23,0,0,0.0
H0253,Terry L. Austin,R,"Gambling, Lotteries, Etc.",23,23,0,0,0.0
H0259,"Hyland F. ""Buddy"" Fowler, Jr.",R,Alcoholic Beverage and Cannabis Control,23,23,0,0,0.0
H0284,"Marcia S. ""Cia"" Price",D,"Gambling, Lotteries, Etc.",24,23,8,0,0.0
H0314,Joshua G. Cole,D,Professions and Occupations,24,23,0,0,0.0
H0322,Don Scott,D,Technology and Data,23,23,0,0,0.0
H0335,Mike A. Cherry,R,Professions and Occupations,24,23,0,0,0.0
H0342,Phillip A. Scott,R,Technology and Data,23,23,2,0,0.0
H0344,Irene Shin,D,Data Centers,23,23,1,0,0.0
H0353,Bonita G. Anthony,D,Marriage and Domestic Relations,23,23,0,0,0.0
H0354,Katrina Callsen,D,Agriculture and Food,24,23,0,0,0.0
H0362,"Thomas A. Garrett, Jr.",R,Agriculture and Food,24,23,1,0,0.0
H0364,Timothy P. Griffin,R,State Government,24,23,3,0,0.0
H0387,"Karen R. ""Kacey"" Carnegie",D,Agriculture and Food,23,23,0,0,0.0
H0387,"Karen R. ""Kacey"" Carnegie",D,Technology and Data,23,23,0,0,0.0
H0396,Leslie Chambers Mehta,D,State Government,24,23,0,0,0.0
H0402,Charlie Schmidt,D,Agriculture and Food,23,23,0,0,0.0
H0402,Charlie Schmidt,D,State Government,24,23,0,0,0.0
H0136,"Thomas C. Wright, Jr.",R,State Government,24,22,2,0,0.0
H0208,Charniele L. Herring,D,Data Centers,22,22,0,0,0.0
H0227,Luke E. Torian,D,"Gambling, Lotteries, Etc.",24,22,0,0,0.0
H0264,Marcus B. Simon,D,Alcoholic Beverage and Cannabis Control,22,22,0,0,0.0
H0284,"Marcia S. ""Cia"" Price",D,Professions and Occupations,23,22,0,0,0.0
H0294,Karrie K. Delaney,D,Alcoholic Beverage and Cannabis Control,22,22,0,0,0.0
H0317,Dan I. Helmer,D,Data Centers,22,22,0,0,0.0
H0322,Don Scott,D,Agriculture and Food,23,22,0,0,0.0
H0334,Elizabeth B. Bennett-Parker,D,Environment and Conservation,26,22,0,0,0.0
H0334,Elizabeth B. Bennett-Parker,D,Family and Children,24,22,0,0,0.0
H0343,Briana D. Sewell,D,Social Services,22,22,0,0,0.0
H0351,Holly M. Seibold,D,"Gambling, Lotteries, Etc.",22,22,1,0,0.0
H0354,Katrina Callsen,D,"Gambling, Lotteries, Etc.",22,22,0,0,0.0
H0360,Michael B. Feggans,D,Technology and Data,22,22,0,0,0.0
H0364,Timothy P. Griffin,R,Agriculture and Food,23,22,0,0,0.0
H0366,Phil M. Hernandez,D,"Gambling, Lotteries, Etc.",22,22,0,0,0.0
H0370,Karen Keys-Gamarra,D,Agriculture and Food,25,22,0,0,0.0
H0370,Karen Keys-Gamarra,D,State Government,24,22,0,0,0.0
H0375,Adele Y. McClure,D,Alcoholic Beverage and Cannabis Control,22,22,0,0,0.0
H0389,Nicole Cole,D,Constitutional Amendments,22,22,0,0,0.0
H0393,Lily V. Franklin,D,Alcoholic Beverage and Cannabis Control,22,22,0,0,0.0
H0395,John Chilton McAuliff,D,State Government,27,22,0,0,0.0
H0397,May Nivar,D,Data Centers,23,22,0,0,0.0
H0402,Charlie Schmidt,D,Marriage and Domestic Relations,25,22,0,0,0.0
H0403,Gretchen M. Bulova,D,Constitutional Amendments,22,22,0,0,0.0
H0403,Gretchen M. Bulova,D,Marriage and Domestic Relations,22,22,0,0,0.0
H0207,Delores L. McQuinn,D,Social Services,22,21,0,0,0.0
H0231,Tony O. Wilt,R,Data Centers,21,21,2,0,0.0
H0238,M. Keith Hodges,R,Professions and Occupations,22,21,0,0,0.0
H0269,"Richard C. ""Rip"" Sullivan, Jr.",D,Data Centers,21,21,0,0,0.0
H0285,"C.E. Cliff Hayes, Jr.",D,Professions and Occupations,22,21,0,0,0.0
H0297,Elizabeth R. Guzman,D,Alcoholic Beverage and Cannabis Control,22,21,0,0,0.0
H0305,Kathy K.L. Tran,D,Data Centers,22,21,0,0,0.0
H0305,Kathy K.L. Tran,D,Professions and Occupations,22,21,0,0,0.0
H0311,Alex Q. Askew,D,Data Centers,21,21,0,0,0.0
H0340,Michelle Lopes Maldonado,D,Financial Institutions and Services,21,21,0,0,0.0
H0350,Ellen H. McLaughlin,R,Alcoholic Beverage and Cannabis Control,24,21,0,0,0.0
H0355,Laura Jane Cohen,D,Data Centers,22,21,1,0,0.0
H0356,Rae Cousins,D,Armed Forces,21,21,0,0,0.0
H0361,Debra D. Gardner,D,Technology and Data,21,21,0,0,0.0
H0366,Phil M. Hernandez,D,Data Centers,21,21,0,0,0.0
H0371,Amy J. Laufer,D,Social Services,21,21,0,0,0.0
H0380,Atoosa R. Reaser,D,"Gambling, Lotteries, Etc.",22,21,1,0,0.0
H0385,JJ Singh,D,Financial Institutions and Services,21,21,0,0,0.0
H0388,Stacey Annie Carroll,D,Technology and Data,24,21,0,0,0.0
H0389,Nicole Cole,D,Professions and Occupations,22,21,0,0,0.0
H0392,Mark C. Downey,D,Professions and Occupations,22,21,0,0,0.0
H0400,Virgil Thornton,D,Data Centers,21,21,0,0,0.0
H0405,Garrett McGuire,D,Professions and Occupations,22,21,0,0,0.0
H0407,Andrew Rice,R,Unclassified,21,21,2,0,0.0
H0136,"Thomas C. Wright, Jr.",R,Data Centers,20,20,4,0,0.0
H0238,M. Keith Hodges,R,Data Centers,20,20,0,0,0.0
H0253,Terry L. Austin,R,Social Services,20,20,0,0,0.0
H0264,Marcus B. Simon,D,Armed Forces,20,20,1,0,0.0
H0285,"C.E. Cliff Hayes, Jr.",D,Constitutional Amendments,20,20,0,0,0.0
H0295,Kelly K. Convirs-Fowler,D,Technology and Data,23,20,0,0,0.0
H0305,Kathy K.L. Tran,D,Constitutional Amendments,20,20,0,0,0.0
H0311,Alex Q. Askew,D,Social Services,20,20,0,0,0.0
H0321,Chris S. Runion,R,Technology and Data,20,20,1,0,0.0
H0323,Shelly A. Simonds,D,Social Services,21,20,0,0,0.0
H0329,Bill Wiley,R,Social Services,20,20,0,0,0.0
H0334,Elizabeth B. Bennett-Parker,D,Budget and Appropriations,25,20,0,0,0.0
H0334,Elizabeth B. Bennett-Parker,D,Insurance,20,20,0,0,0.0
H0343,Briana D. Sewell,D,Data Centers,20,20,0,0,0.0
H0348,Wren M. Williams,R,Social Services,27,20,2,0,0.0
H0349,Jackie H. Glass,D,Data Centers,20,20,0,0,0.0
H0353,Bonita G. Anthony,D,Technology and Data,20,20,0,0,0.0
H0360,Michael B. Feggans,D,Armed Forces,20,20,0,0,0.0
H0362,"Thomas A. Garrett, Jr.",R,State Government,26,20,3,0,0.0
H0375,Adele Y. McClure,D,Armed Forces,20,20,0,0,0.0
H0382,Joshua E. Thomas,D,Armed Forces,20,20,0,0,0.0
H0386,Jessica L. Anderson,D,Armed Forces,20,20,0,0,0.0
H0389,Nicole Cole,D,Data Centers,20,20,0,0,0.0
H0389,Nicole Cole,D,Technology and Data,20,20,0,0,0.0
H0393,Lily V. Franklin,D,Data Centers,20,20,0,0,0.0
H0394,Karen Hamilton,R,Armed Forces,20,20,0,0,0.0
H0397,May Nivar,D,Technology and Data,20,20,0,0,0.0
H0404,Margaret A. Franklin,D,Technology and Data,20,20,0,0,0.0
H0056,Terry G. Kilgore,R,Constitutional Amendments,19,19,0,0,0.0
H0056,Terry G. Kilgore,R,Data Centers,20,19,1,0,0.0
H0056,Terry G. Kilgore,R,Financial Institutions and Services,19,19,0,0,0.0
H0056,Terry G. Kilgore,R,Social Services,19,19,0,0,0.0
H0207,Delores L. McQuinn,D,Constitutional Amendments,19,19,0,0,0.0
H0212,Betsy B. Carr,D,Constitutional Amendments,19,19,0,0,0.0
H0219,Patrick A. Hope,D,Armed Forces,19,19,0,0,0.0
H0224,James W. Morefield,R,Constitutional Amendments,19,19,0,0,0.0
H0227,Luke E. Torian,D,Constitutional Amendments,19,19,0,0,0.0
H0227,Luke E. Torian,D,Social Services,29,19,0,0,0.0
H0238,M. Keith Hodges,R,Constitutional Amendments,19,19,0,0,0.0
H0239,Alfonso H. Lopez,D,Data Centers,19,19,0,0,0.0
H0242,Israel D. O'Quinn,R,Financial Institutions and Services,19,19,0,0,0.0
H0242,Israel D. O'Quinn,R,Marriage and Domestic Relations,19,19,0,0,0.0
H0266,Sam Rasoul,D,Armed Forces,20,19,0,0,0.0
H0267,"Robert S. Bloxom, Jr.",R,Data Centers,19,19,3,0,0.0
H0269,"Richard C. ""Rip"" Sullivan, Jr.",D,Financial Institutions and Services,19,19,0,0,0.0
H0269,"Richard C. ""Rip"" Sullivan, Jr.",D,Social Services,19,19,0,0,0.0
H0281,Paul E. Krizek,D,Data Centers,19,19,0,0,0.0
H0281,Paul E. Krizek,D,Marriage and Domestic Relations,19,19,0,0,0.0
H0311,Alex Q. Askew,D,Constitutional Amendments,19,19,0,0,0.0
H0314,Joshua G. Cole,D,Marriage and Domestic Relations,19,19,0,0,0.0
H0317,Dan I. Helmer,D,Constitutional Amendments,19,19,0,0,0.0
H0317,Dan I. Helmer,D,Social Services,19,19,0,0,0.0
H0323,Shelly A. Simonds,D,Constitutional Amendments,19,19,0,0,0.0
H0327,Rodney T. Willett,D,Constitutional Amendments,19,19,0,0,0.0
H0327,Rodney T. Willett,D,Data Centers,19,19,0,0,0.0
H0328,Scott A. Wyatt,R,Constitutional Amendments,19,19,0,0,0.0
H0328,Scott A. Wyatt,R,Social Services,19,19,0,0,0.0
H0329,Bill Wiley,R,Constitutional Amendments,19,19,0,0,0.0
H0329,Bill Wiley,R,"Gambling, Lotteries, Etc.",19,19,0,0,0.0
H0333,Jason S. Ballard,R,Financial Institutions and Services,19,19,3,0,0.0
H0343,Briana D. Sewell,D,Constitutional Amendments,19,19,0,0,0.0
H0344,Irene Shin,D,Financial Institutions and Services,21,19,0,0,0.0
H0350,Ellen H. McLaughlin,R,Constitutional Amendments,19,19,0,0,0.0
H0353,Bonita G. Anthony,D,Armed Forces,19,19,0,0,0.0
H0353,Bonita G. Anthony,D,Data Centers,20,19,0,0,0.0
H0360,Michael B. Feggans,D,Data Centers,19,19,0,0,0.0
H0361,Debra D. Gardner,D,Armed Forces,19,19,0,0,0.0
H0361,Debra D. Gardner,D,Marriage and Domestic Relations,19,19,0,0,0.0
H0370,Karen Keys-Gamarra,D,Data Centers,19,19,0,0,0.0
H0371,Amy J. Laufer,D,Constitutional Amendments,19,19,0,0,0.0
H0371,Amy J. Laufer,D,Data Centers,19,19,0,0,0.0
H0374,Marty Martinez,D,Data Centers,20,19,0,0,0.0
H0382,Joshua E. Thomas,D,Constitutional Amendments,19,19,0,0,0.0
H0382,Joshua E. Thomas,D,Social Services,19,19,0,0,0.0
H0385,JJ Singh,D,Marriage and Domestic Relations,19,19,0,0,0.0
H0386,Jessica L. Anderson,D,Data Centers,19,19,0,0,0.0
H0399,Kimberly Pope Adams,D,Marriage and Domestic Relations,19,19,0,0,0.0
H0405,Garrett McGuire,D,Data Centers,19,19,0,0,0.0
H0108,Vivian E. Watts,D,Constitutional Amendments,18,18,0,0,0.0
H0124,R. Lee Ware,R,Constitutional Amendments,18,18,0,0,0.0
H0136,"Thomas C. Wright, Jr.",R,Constitutional Amendments,18,18,0,0,0.0
H0208,Charniele L. Herring,D,Constitutional Amendments,19,18,0,0,0.0
H0231,Tony O. Wilt,R,Armed Forces,18,18,0,0,0.0
H0231,Tony O. Wilt,R,Constitutional Amendments,18,18,0,0,0.0
H0239,Alfonso H. Lopez,D,Armed Forces,18,18,0,0,0.0
H0247,Michael J. Webert,R,Armed Forces,20,18,0,0,0.0
H0247,Michael J. Webert,R,Constitutional Amendments,18,18,0,0,0.0
H0259,"Hyland F. ""Buddy"" Fowler, Jr.",R,Constitutional Amendments,18,18,0,0,0.0
H0264,Marcus B. Simon,D,Constitutional Amendments,18,18,0,0,0.0
H0266,Sam Rasoul,D,Professions and Occupations,18,18,0,0,0.0
H0267,"Robert S. Bloxom, Jr.",R,"Gambling, Lotteries, Etc.",19,18,0,0,0.0
H0269,"Richard C. ""Rip"" Sullivan, Jr.",D,Constitutional Amendments,19,18,0,0,0.0
H0284,"Marcia S. ""Cia"" Price",D,Marriage and Domestic Relations,18,18,0,0,0.0
H0297,Elizabeth R. Guzman,D,Constitutional Amendments,18,18,0,0,0.0
H0301,David A. Reid,D,Marriage and Domestic Relations,18,18,0,0,0.0
H0301,David A. Reid,D,Social Services,19,18,0,0,0.0
H0317,Dan I. Helmer,D,Armed Forces,18,18,0,0,0.0
H0321,Chris S. Runion,R,Data Centers,18,18,0,0,0.0
H0322,Don Scott,D,Constitutional Amendments,18,18,0,0,0.0
H0325,Wendell S. Walker,R,Constitutional Amendments,18,18,0,0,0.0
H0333,Jason S. Ballard,R,Armed Forces,18,18,0,0,0.0
H0333,Jason S. Ballard,R,Constitutional Amendments,18,18,0,0,0.0
H0334,Elizabeth B. Bennett-Parker,D,Constitutional Amendments,18,18,0,0,0.0
H0336,Nadarius E. Clark,D,Constitutional Amendments,18,18,0,0,0.0
H0340,Michelle Lopes Maldonado,D,Constitutional Amendments,18,18,0,0,0.0
H0340,Michelle Lopes Maldonado,D,Data Centers,18,18,0,0,0.0
H0342,Phillip A. Scott,R,Marriage and Domestic Relations,18,18,2,0,0.0
H0342,Phillip A. Scott,R,Professions and Occupations,18,18,1,0,0.0
H0345,Anne Ferrell Tata,R,Constitutional Amendments,18,18,0,0,0.0
H0348,Wren M. Williams,R,Constitutional Amendments,18,18,0,0,0.0
H0349,Jackie H. Glass,D,Marriage and Domestic Relations,18,18,0,0,0.0
H0351,Holly M. Seibold,D,Armed Forces,20,18,0,0,0.0
H0351,Holly M. Seibold,D,Constitutional Amendments,18,18,0,0,0.0
H0355,Laura Jane Cohen,D,Constitutional Amendments,18,18,0,0,0.0
H0356,Rae Cousins,D,Constitutional Amendments,18,18,0,0,0.0
H0356,Rae Cousins,D,Data Centers,18,18,0,0,0.0
H0356,Rae Cousins,D,Financial Institutions and Services,19,18,0,0,0.0
H0356,Rae Cousins,D,Social Services,18,18,0,0,0.0
H0357,Will Davis,R,Constitutional Amendments,18,18,0,0,0.0
H0360,Michael B. Feggans,D,Constitutional Amendments,18,18,0,0,0.0
H0361,Debra D. Gardner,D,Constitutional Amendments,18,18,0,0,0.0
H0364,Timothy P. Griffin,R,Constitutional Amendments,18,18,0,0,0.0
H0364,Timothy P. Griffin,R,Social Services,20,18,9,0,0.0
H0365,"Rozia A. Henson, Jr.",D,Marriage and Domestic Relations,18,18,0,0,0.0
H0366,Phil M. Hernandez,D,Constitutional Amendments,18,18,0,0,0.0
H0369,Hillary Pugh Kent,R,Constitutional Amendments,18,18,0,0,0.0
H0370,Karen Keys-Gamarra,D,Armed Forces,18,18,0,0,0.0
H0370,Karen Keys-Gamarra,D,Constitutional Amendments,18,18,0,0,0.0
H0372,Destiny LeVere Bolling,D,Data Centers,18,18,0,0,0.0
H0372,Destiny LeVere Bolling,D,Marriage and Domestic Relations,18,18,0,0,0.0
H0375,Adele Y. McClure,D,Constitutional Amendments,18,18,0,0,0.0
H0377,Delores Oates,R,Armed Forces,18,18,0,0,0.0
H0377,Delores Oates,R,Constitutional Amendments,18,18,0,0,0.0
H0380,Atoosa R. Reaser,D,Constitutional Amendments,18,18,0,0,0.0
H0383,Eric R. Zehr,R,Armed Forces,18,18,1,0,0.0
H0383,Eric R. Zehr,R,Constitutional Amendments,18,18,0,0,0.0
H0384,Eric Phillips,R,Armed Forces,18,18,0,0,0.0
H0384,Eric Phillips,R,Marriage and Domestic Relations,18,18,0,0,0.0
H0386,Jessica L. Anderson,D,Constitutional Amendments,18,18,0,0,0.0
H0387,"Karen R. ""Kacey"" Carnegie",D,Armed Forces,18,18,0,0,0.0
H0390,Mitchell Cornett,R,Armed Forces,18,18,0,0,0.0
H0390,Mitchell Cornett,R,Constitutional Amendments,18,18,0,0,0.0
H0391,Lindsey Dougherty,D,Constitutional Amendments,18,18,0,0,0.0
H0392,Mark C. Downey,D,Constitutional Amendments,18,18,0,0,0.0
H0392,Mark C. Downey,D,Data Centers,18,18,0,0,0.0
H0393,Lily V. Franklin,D,Constitutional Amendments,18,18,0,0,0.0
H0394,Karen Hamilton,R,Constitutional Amendments,18,18,0,0,0.0
H0395,John Chilton McAuliff,D,Marriage and Domestic Relations,19,18,0,0,0.0
H0395,John Chilton McAuliff,D,Technology and Data,22,18,0,0,0.0
H0396,Leslie Chambers Mehta,D,Constitutional Amendments,18,18,0,0,0.0
H0397,May Nivar,D,Constitutional Amendments,18,18,0,0,0.0
H0398,Justin Pence,R,Constitutional Amendments,18,18,0,0,0.0
H0399,Kimberly Pope Adams,D,Armed Forces,18,18,0,0,0.0
H0399,Kimberly Pope Adams,D,Constitutional Amendments,18,18,0,0,0.0
H0399,Kimberly Pope Adams,D,Data Centers,18,18,0,0,0.0
H0400,Virgil Thornton,D,Constitutional Amendments,18,18,0,0,0.0
H0401,Madison Whittle,R,Social Services,18,18,2,0,0.0
H0404,Margaret A. Franklin,D,Data Centers,19,18,0,0,0.0
H0108,Vivian E. Watts,D,Armed Forces,18,17,0,0,0.0
H0108,Vivian E. Watts,D,Social Services,18,17,0,0,0.0
H0173,Jeion A. Ward,D,Constitutional Amendments,18,17,0,0,0.0
H0173,Jeion A. Ward,D,Financial Institutions and Services,21,17,0,0,0.0
H0207,Delores L. McQuinn,D,Alcoholic Beverage and Cannabis Control,17,17,0,0,0.0
H0208,Charniele L. Herring,D,Professions and Occupations,17,17,0,0,0.0
H0212,Betsy B. Carr,D,Data Centers,17,17,0,0,0.0
H0219,Patrick A. Hope,D,Professions and Occupations,17,17,0,0,0.0
H0253,Terry L. Austin,R,Armed Forces,17,17,0,0,0.0
H0259,"Hyland F. ""Buddy"" Fowler, Jr.",R,"Gambling, Lotteries, Etc.",17,17,0,0,0.0
H0264,Marcus B. Simon,D,"Gambling, Lotteries, Etc.",17,17,0,0,0.0
H0269,"Richard C. ""Rip"" Sullivan, Jr.",D,Armed Forces,17,17,0,0,0.0
H0285,"C.E. Cliff Hayes, Jr.",D,Data Centers,17,17,0,0,0.0
H0294,Karrie K. Delaney,D,Social Services,17,17,0,0,0.0
H0295,Kelly K. Convirs-Fowler,D,Marriage and Domestic Relations,18,17,0,0,0.0
H0297,Elizabeth R. Guzman,D,"Gambling, Lotteries, Etc.",17,17,0,0,0.0
H0301,David A. Reid,D,Alcoholic Beverage and Cannabis Control,17,17,0,0,0.0
H0311,Alex Q. Askew,D,Alcoholic Beverage and Cannabis Control,17,17,0,0,0.0
H0321,Chris S. Runion,R,Constitutional Amendments,18,17,0,0,0.0
H0321,Chris S. Runion,R,Marriage and Domestic Relations,17,17,0,0,0.0
H0325,Wendell S. Walker,R,Marriage and Domestic Relations,17,17,0,0,0.0
H0327,Rodney T. Willett,D,Professions and Occupations,17,17,0,0,0.0
H0328,Scott A. Wyatt,R,Alcoholic Beverage and Cannabis Control,17,17,0,0,0.0
H0329,Bill Wiley,R,Data Centers,17,17,1,0,0.0
H0340,Michelle Lopes Maldonado,D,Armed Forces,17,17,0,0,0.0
H0344,Irene Shin,D,Professions and Occupations,17,17,0,0,0.0
H0347,"H. Otto Wachsmann, Jr.",R,Professions and Occupations,17,17,0,0,0.0
H0350,Ellen H. McLaughlin,R,"Gambling, Lotteries, Etc.",18,17,0,0,0.0
H0355,Laura Jane Cohen,D,Financial Institutions and Services,19,17,0,0,0.0
H0355,Laura Jane Cohen,D,Professions and Occupations,17,17,0,0,0.0
H0365,"Rozia A. Henson, Jr.",D,Professions and Occupations,17,17,0,0,0.0
H0366,Phil M. Hernandez,D,Economic Development,17,17,0,0,0.0
H0366,Phil M. Hernandez,D,Social Services,17,17,0,0,0.0
H0372,Destiny LeVere Bolling,D,Social Services,17,17,0,0,0.0
H0375,Adele Y. McClure,D,"Gambling, Lotteries, Etc.",17,17,0,0,0.0
H0382,Joshua E. Thomas,D,Alcoholic Beverage and Cannabis Control,17,17,0,0,0.0
H0385,JJ Singh,D,Data Centers,17,17,0,0,0.0
H0388,Stacey Annie Carroll,D,Marriage and Domestic Relations,21,17,0,0,0.0
H0389,Nicole Cole,D,Marriage and Domestic Relations,17,17,0,0,0.0
H0390,Mitchell Cornett,R,Professions and Occupations,17,17,0,0,0.0
H0391,Lindsey Dougherty,D,Marriage and Domestic Relations,17,17,0,0,0.0
H0391,Lindsey Dougherty,D,Social Services,17,17,0,0,0.0
H0393,Lily V. Franklin,D,"Gambling, Lotteries, Etc.",17,17,0,0,0.0
H0396,Leslie Chambers Mehta,D,Armed Forces,17,17,0,0,0.0
H0396,Leslie Chambers Mehta,D,Social Services,17,17,0,0,0.0
H0401,Madison Whittle,R,Constitutional Amendments,18,17,0,0,0.0
H0402,Charlie Schmidt,D,Social Services,17,17,0,0,0.0
H0403,Gretchen M. Bulova,D,Data Centers,17,17,0,0,0.0
H0403,Gretchen M. Bulova,D,Social Services,17,17,0,0,0.0
H0404,Margaret A. Franklin,D,Marriage and Domestic Relations,17,17,0,0,0.0
H0056,Terry G. Kilgore,R,Armed Forces,16,16,0,0,0.0
H0124,R. Lee Ware,R,Armed Forces,16,16,0,0,0.0
H0124,R. Lee Ware,R,Social Services,16,16,0,0,0.0
H0173,Jeion A. Ward,D,Data Centers,17,16,0,0,0.0
H0173,Jeion A. Ward,D,Social Services,16,16,0,0,0.0
H0207,Delores L. McQuinn,D,Armed Forces,16,16,0,0,0.0
H0212,Betsy B. Carr,D,Armed Forces,16,16,0,0,0.0
H0239,Alfonso H. Lopez,D,Economic Development,16,16,0,0,0.0
H0239,Alfonso H. Lopez,D,Financial Institutions and Services,16,16,0,0,0.0
H0242,Israel D. O'Quinn,R,Armed Forces,16,16,0,0,0.0
H0242,Israel D. O'Quinn,R,Social Services,16,16,0,0,0.0
H0262,"James A. ""Jay"" Leftwich",R,Armed Forces,16,16,0,0,0.0
H0264,Marcus B. Simon,D,Social Services,16,16,0,0,0.0
H0266,Sam Rasoul,D,Data Centers,16,16,0,0,0.0
H0266,Sam Rasoul,D,Economic Development,16,16,0,0,0.0
H0284,"Marcia S. ""Cia"" Price",D,Data Centers,16,16,0,0,0.0
H0294,Karrie K. Delaney,D,Armed Forces,17,16,0,0,0.0
H0294,Karrie K. Delaney,D,"Gambling, Lotteries, Etc.",17,16,0,0,0.0
H0297,Elizabeth R. Guzman,D,Armed Forces,16,16,0,0,0.0
H0297,Elizabeth R. Guzman,D,Economic Development,16,16,0,0,0.0
H0297,Elizabeth R. Guzman,D,Social Services,16,16,0,0,0.0
H0301,David A. Reid,D,Armed Forces,16,16,0,0,0.0
H0301,David A. Reid,D,Data Centers,16,16,0,0,0.0
H0322,Don Scott,D,Social Services,16,16,0,0,0.0
H0325,Wendell S. Walker,R,Data Centers,16,16,1,0,0.0
H0328,Scott A. Wyatt,R,Armed Forces,16,16,0,0,0.0
H0329,Bill Wiley,R,Armed Forces,16,16,0,0,0.0
H0336,Nadarius E. Clark,D,Technology and Data,25,16,0,0,0.0
H0343,Briana D. Sewell,D,Armed Forces,16,16,0,0,0.0
H0348,Wren M. Williams,R,Armed Forces,16,16,0,0,0.0
H0349,Jackie H. Glass,D,Economic Development,16,16,0,0,0.0
H0354,Katrina Callsen,D,Armed Forces,16,16,0,0,0.0
H0354,Katrina Callsen,D,Data Centers,16,16,0,0,0.0
H0354,Katrina Callsen,D,Social Services,17,16,0,0,0.0
H0356,Rae Cousins,D,Economic Development,16,16,0,0,0.0
H0357,Will Davis,R,Armed Forces,16,16,0,0,0.0
H0357,Will Davis,R,Data Centers,16,16,1,0,0.0
H0357,Will Davis,R,Social Services,17,16,1,0,0.0
H0361,Debra D. Gardner,D,Data Centers,16,16,0,0,0.0
H0362,"Thomas A. Garrett, Jr.",R,Armed Forces,16,16,0,0,0.0
H0362,"Thomas A. Garrett, Jr.",R,Social Services,17,16,6,0,0.0
H0366,Phil M. Hernandez,D,Armed Forces,16,16,0,0,0.0
H0372,Destiny LeVere Bolling,D,Economic Development,16,16,0,0,0.0
H0380,Atoosa R. Reaser,D,Armed Forces,16,16,0,0,0.0
H0380,Atoosa R. Reaser,D,Economic Development,16,16,0,0,0.0
H0380,Atoosa R. Reaser,D,Social Services,16,16,0,0,0.0
H0382,Joshua E. Thomas,D,Data Centers,16,16,0,0,0.0
H0383,Eric R. Zehr,R,Economic Development,16,16,7,0,0.0
H0383,Eric R. Zehr,R,Social Services,16,16,3,0,0.0
H0386,Jessica L. Anderson,D,Social Services,16,16,0,0,0.0
H0388,Stacey Annie Carroll,D,"Gambling, Lotteries, Etc.",17,16,0,0,0.0
H0389,Nicole Cole,D,Armed Forces,16,16,0,0,0.0
H0391,Lindsey Dougherty,D,Armed Forces,16,16,0,0,0.0
H0391,Lindsey Dougherty,D,Data Centers,17,16,0,0,0.0
H0391,Lindsey Dougherty,D,Economic Development,16,16,0,0,0.0
H0393,Lily V. Franklin,D,Economic Development,16,16,0,0,0.0
H0395,John Chilton McAuliff,D,Data Centers,20,16,0,0,0.0
H0399,Kimberly Pope Adams,D,Economic Development,16,16,0,0,0.0
H0400,Virgil Thornton,D,Armed Forces,16,16,0,0,0.0
H0403,Gretchen M. Bulova,D,Economic Development,16,16,0,0,0.0
H0108,Vivian E. Watts,D,Alcoholic Beverage and Cannabis Control,15,15,0,0,0.0
H0108,Vivian E. Watts,D,Data Centers,16,15,0,0,0.0
H0108,Vivian E. Watts,D,Economic Development,15,15,0,0,0.0
H0124,R. Lee Ware,R,Alcoholic Beverage and Cannabis Control,15,15,0,0,0.0
H0136,"Thomas C. Wright, Jr.",R,Economic Development,16,15,2,0,0.0
H0136,"Thomas C. Wright, Jr.",R,Marriage and Domestic Relations,15,15,1,0,0.0
H0173,Jeion A. Ward,D,Armed Forces,15,15,0,0,0.0
H0173,Jeion A. Ward,D,Marriage and Domestic Relations,15,15,0,0,0.0
H0207,Delores L. McQuinn,D,Data Centers,16,15,0,0,0.0
H0207,Delores L. McQuinn,D,Marriage and Domestic Relations,15,15,0,0,0.0
H0208,Charniele L. Herring,D,Alcoholic Beverage and Cannabis Control,15,15,0,0,0.0
H0208,Charniele L. Herring,D,"Gambling, Lotteries, Etc.",15,15,0,0,0.0
H0208,Charniele L. Herring,D,Marriage and Domestic Relations,15,15,0,0,0.0
H0212,Betsy B. Carr,D,Marriage and Domestic Relations,15,15,0,0,0.0
H0219,Patrick A. Hope,D,Constitutional Amendments,18,15,0,0,0.0
H0219,Patrick A. Hope,D,Data Centers,15,15,0,0,0.0
H0231,Tony O. Wilt,R,Marriage and Domestic Relations,15,15,0,0,0.0
H0238,M. Keith Hodges,R,Alcoholic Beverage and Cannabis Control,15,15,1,0,0.0
H0239,Alfonso H. Lopez,D,Marriage and Domestic Relations,15,15,0,0,0.0
H0239,Alfonso H. Lopez,D,Social Services,15,15,0,0,0.0
H0247,Michael J. Webert,R,Marriage and Domestic Relations,15,15,0,0,0.0
H0259,"Hyland F. ""Buddy"" Fowler, Jr.",R,Economic Development,16,15,0,0,0.0
H0262,"James A. ""Jay"" Leftwich",R,Social Services,15,15,1,0,0.0
H0264,Marcus B. Simon,D,Data Centers,15,15,0,0,0.0
H0266,Sam Rasoul,D,Constitutional Amendments,18,15,0,0,0.0
H0266,Sam Rasoul,D,Marriage and Domestic Relations,15,15,0,0,0.0
H0269,"Richard C. ""Rip"" Sullivan, Jr.",D,Economic Development,15,15,0,0,0.0
H0285,"C.E. Cliff Hayes, Jr.",D,Alcoholic Beverage and Cannabis Control,15,15,0,0,0.0
H0285,"C.E. Cliff Hayes, Jr.",D,Marriage and Domestic Relations,15,15,0,0,0.0
H0294,Karrie K. Delaney,D,Data Centers,15,15,0,0,0.0
H0295,Kelly K. Convirs-Fowler,D,Economic Development,17,15,0,0,0.0
H0295,Kelly K. Convirs-Fowler,D,Social Services,16,15,0,0,0.0
H0297,Elizabeth R. Guzman,D,Data Centers,15,15,0,0,0.0
H0297,Elizabeth R. Guzman,D,Marriage and Domestic Relations,15,15,0,0,0.0
H0305,Kathy K.L. Tran,D,Alcoholic Beverage and Cannabis Control,15,15,0,0,0.0
H0305,Kathy K.L. Tran,D,Marriage and Domestic Relations,15,15,0,0,0.0
H0308,Joseph P. McNamara,R,Armed Forces,15,15,0,0,0.0
H0311,Alex Q. Askew,D,Marriage and Domestic Relations,15,15,0,0,0.0
H0314,Joshua G. Cole,D,Data Centers,15,15,0,0,0.0
H0317,Dan I. Helmer,D,Economic Development,15,15,0,0,0.0
H0317,Dan I. Helmer,D,Marriage and Domestic Relations,15,15,0,0,0.0
H0321,Chris S. Runion,R,Armed Forces,15,15,0,0,0.0
H0322,Don Scott,D,Data Centers,15,15,0,0,0.0
H0322,Don Scott,D,Marriage and Domestic Relations,15,15,0,0,0.0
H0323,Shelly A. Simonds,D,Alcoholic Beverage and Cannabis Control,15,15,0,0,0.0
H0323,Shelly A. Simonds,D,Marriage and Domestic Relations,15,15,0,0,0.0
H0325,Wendell S. Walker,R,Armed Forces,16,15,0,0,0.0
H0327,Rodney T. Willett,D,Alcoholic Beverage and Cannabis Control,15,15,0,0,0.0
H0327,Rodney T. Willett,D,Marriage and Domestic Relations,15,15,0,0,0.0
H0328,Scott A. Wyatt,R,Marriage and Domestic Relations,15,15,1,0,0.0
H0329,Bill Wiley,R,Marriage and Domestic Relations,15,15,0,0,0.0
H0333,Jason S. Ballard,R,Economic Development,15,15,0,0,0.0
H0333,Jason S. Ballard,R,Social Services,15,15,1,0,0.0
H0340,Michelle Lopes Maldonado,D,Economic Development,15,15,1,0,0.0
H0340,Michelle Lopes Maldonado,D,Social Services,15,15,0,0,0.0
H0342,Phillip A. Scott,R,Economic Development,15,15,9,0,0.0
H0343,Briana D. Sewell,D,Alcoholic Beverage and Cannabis Control,15,15,0,0,0.0
H0343,Briana D. Sewell,D,Marriage and Domestic Relations,15,15,0,0,0.0
H0344,Irene Shin,D,Constitutional Amendments,18,15,0,0,0.0
H0344,Irene Shin,D,Marriage and Domestic Relations,15,15,0,0,0.0
H0347,"H. Otto Wachsmann, Jr.",R,Data Centers,15,15,2,0,0.0
H0349,Jackie H. Glass,D,Social Services,15,15,0,0,0.0
H0351,Holly M. Seibold,D,Data Centers,15,15,0,0,0.0
H0351,Holly M. Seibold,D,Marriage and Domestic Relations,15,15,0,0,0.0
H0351,Holly M. Seibold,D,Social Services,15,15,0,0,0.0
H0353,Bonita G. Anthony,D,Alcoholic Beverage and Cannabis Control,15,15,0,0,0.0
H0353,Bonita G. Anthony,D,Economic Development,15,15,0,0,0.0
H0353,Bonita G. Anthony,D,Social Services,15,15,0,0,0.0
H0355,Laura Jane Cohen,D,Marriage and Domestic Relations,15,15,1,0,0.0
H0360,Michael B. Feggans,D,Economic Development,15,15,0,0,0.0
H0360,Michael B. Feggans,D,Marriage and Domestic Relations,15,15,0,0,0.0
H0360,Michael B. Feggans,D,Social Services,15,15,0,0,0.0
H0361,Debra D. Gardner,D,Economic Development,15,15,0,0,0.0
H0361,Debra D. Gardner,D,Professions and Occupations,17,15,0,0,0.0
H0362,"Thomas A. Garrett, Jr.",R,Marriage and Domestic Relations,17,15,2,0,0.0
H0369,Hillary Pugh Kent,R,Marriage and Domestic Relations,15,15,1,0,0.0
H0369,Hillary Pugh Kent,R,Social Services,16,15,0,0,0.0
H0370,Karen Keys-Gamarra,D,Alcoholic Beverage and Cannabis Control,15,15,0,0,0.0
H0370,Karen Keys-Gamarra,D,Economic Development,15,15,0,0,0.0
H0370,Karen Keys-Gamarra,D,Social Services,15,15,0,0,0.0
H0371,Amy J. Laufer,D,Alcoholic Beverage and Cannabis Control,15,15,0,0,0.0
H0371,Amy J. Laufer,D,Marriage and Domestic Relations,15,15,0,0,0.0
H0374,Marty Martinez,D,Constitutional Amendments,18,15,0,0,0.0
H0374,Marty Martinez,D,Economic Development,15,15,0,0,0.0
H0374,Marty Martinez,D,Marriage and Domestic Relations,15,15,0,0,0.0
H0374,Marty Martinez,D,Social Services,15,15,0,0,0.0
H0375,Adele Y. McClure,D,Marriage and Domestic Relations,15,15,0,0,0.0
H0375,Adele Y. McClure,D,Social Services,15,15,0,0,0.0
H0377,Delores Oates,R,Marriage and Domestic Relations,15,15,0,0,0.0
H0380,Atoosa R. Reaser,D,Data Centers,15,15,0,0,0.0
H0382,Joshua E. Thomas,D,Marriage and Domestic Relations,15,15,0,0,0.0
H0383,Eric R. Zehr,R,Marriage and Domestic Relations,15,15,2,0,0.0
H0384,Eric Phillips,R,Social Services,15,15,1,0,0.0
H0385,JJ Singh,D,Social Services,15,15,0,0,0.0
H0386,Jessica L. Anderson,D,Economic Development,16,15,0,0,0.0
H0387,"Karen R. ""Kacey"" Carnegie",D,Data Centers,15,15,0,0,0.0
H0387,"Karen R. ""Kacey"" Carnegie",D,Social Services,15,15,0,0,0.0
H0390,Mitchell Cornett,R,Marriage and Domestic Relations,15,15,1,0,0.0
H0391,Lindsey Dougherty,D,Alcoholic Beverage and Cannabis Control,15,15,0,0,0.0
H0392,Mark C. Downey,D,Marriage and Domestic Relations,15,15,0,0,0.0
H0393,Lily V. Franklin,D,Marriage and Domestic Relations,15,15,0,0,0.0
H0393,Lily V. Franklin,D,Social Services,15,15,0,0,0.0
H0394,Karen Hamilton,R,Marriage and Domestic Relations,15,15,2,0,0.0
H0394,Karen Hamilton,R,Social Services,15,15,4,0,0.0
H0395,John Chilton McAuliff,D,Economic Development,16,15,0,0,0.0
H0397,May Nivar,D,Marriage and Domestic Relations,15,15,0,0,0.0
H0397,May Nivar,D,Social Services,15,15,0,0,0.0
H0398,Justin Pence,R,Armed Forces,15,15,0,0,0.0
H0398,Justin Pence,R,Social Services,15,15,0,0,0.0
H0399,Kimberly Pope Adams,D,Social Services,15,15,0,0,0.0
H0400,Virgil Thornton,D,Economic Development,15,15,0,0,0.0
H0400,Virgil Thornton,D,Social Services,15,15,0,0,0.0
H0401,Madison Whittle,R,Armed Forces,15,15,0,0,0.0
H0402,Charlie Schmidt,D,Armed Forces,15,15,0,0,0.0
H0402,Charlie Schmidt,D,Data Centers,15,15,0,0,0.0
H0403,Gretchen M. Bulova,D,Armed Forces,15,15,0,0,0.0
H0404,Margaret A. Franklin,D,Alcoholic Beverage and Cannabis Control,15,15,0,0,0.0
H0404,Margaret A. Franklin,D,Armed Forces,16,15,0,0,0.0
H0404,Margaret A. Franklin,D,Social Services,15,15,0,0,0.0
H0405,Garrett McGuire,D,Marriage and Domestic Relations,15,15,0,0,0.0
H0406,Kirk McPike,D,Higher Education,15,15,0,0,0.0
H0208,Charniele L. Herring,D,Armed Forces,14,14,0,0,0.0
H0219,Patrick A. Hope,D,Economic Development,14,14,0,0,0.0
H0224,James W. Morefield,R,Armed Forces,14,14,0,0,0.0
H0227,Luke E. Torian,D,Armed Forces,14,14,0,0,0.0
H0227,Luke E. Torian,D,Data Centers,17,14,0,0,0.0
H0231,Tony O. Wilt,R,Economic Development,15,14,0,0,0.0
H0231,Tony O. Wilt,R,Financial Institutions and Services,14,14,0,0,0.0
H0238,M. Keith Hodges,R,Armed Forces,14,14,0,0,0.0
H0247,Michael J. Webert,R,Financial Institutions and Services,14,14,3,0,0.0
H0259,"Hyland F. ""Buddy"" Fowler, Jr.",R,Armed Forces,15,14,0,0,0.0
H0264,Marcus B. Simon,D,Economic Development,14,14,0,0,0.0
H0267,"Robert S. Bloxom, Jr.",R,Armed Forces,14,14,0,0,0.0
H0269,"Richard C. ""Rip"" Sullivan, Jr.",D,Alcoholic Beverage and Cannabis Control,14,14,0,0,0.0
H0281,Paul E. Krizek,D,Armed Forces,14,14,0,0,0.0
H0284,"Marcia S. ""Cia"" Price",D,Armed Forces,14,14,0,0,0.0
H0285,"C.E. Cliff Hayes, Jr.",D,Armed Forces,14,14,0,0,0.0
H0294,Karrie K. Delaney,D,Economic Development,14,14,0,0,0.0
H0305,Kathy K.L. Tran,D,Armed Forces,14,14,0,0,0.0
H0308,Joseph P. McNamara,R,Alcoholic Beverage and Cannabis Control,14,14,0,0,0.0
H0311,Alex Q. Askew,D,Armed Forces,14,14,0,0,0.0
H0314,Joshua G. Cole,D,Armed Forces,14,14,0,0,0.0
H0314,Joshua G. Cole,D,Economic Development,14,14,0,0,0.0
H0321,Chris S. Runion,R,Alcoholic Beverage and Cannabis Control,14,14,1,0,0.0
H0321,Chris S. Runion,R,Financial Institutions and Services,14,14,0,0,0.0
H0322,Don Scott,D,Armed Forces,14,14,0,0,0.0
H0322,Don Scott,D,Economic Development,14,14,0,0,0.0
H0323,Shelly A. Simonds,D,Armed Forces,14,14,0,0,0.0
H0325,Wendell S. Walker,R,Alcoholic Beverage and Cannabis Control,15,14,0,0,0.0
H0327,Rodney T. Willett,D,Armed Forces,14,14,0,0,0.0
H0327,Rodney T. Willett,D,"Gambling, Lotteries, Etc.",14,14,0,0,0.0
H0334,Elizabeth B. Bennett-Parker,D,Armed Forces,14,14,0,0,0.0
H0335,Mike A. Cherry,R,Armed Forces,14,14,0,0,0.0
H0336,Nadarius E. Clark,D,Data Centers,24,14,0,0,0.0
H0336,Nadarius E. Clark,D,State Government,28,14,0,0,0.0
H0340,Michelle Lopes Maldonado,D,Alcoholic Beverage and Cannabis Control,14,14,0,0,0.0
H0342,Phillip A. Scott,R,Armed Forces,14,14,0,0,0.0
H0344,Irene Shin,D,Armed Forces,14,14,0,0,0.0
H0344,Irene Shin,D,Economic Development,14,14,0,0,0.0
H0345,Anne Ferrell Tata,R,Armed Forces,14,14,0,0,0.0
H0347,"H. Otto Wachsmann, Jr.",R,Armed Forces,14,14,0,0,0.0
H0348,Wren M. Williams,R,Professions and Occupations,14,14,0,0,0.0
H0350,Ellen H. McLaughlin,R,Armed Forces,14,14,0,0,0.0
H0353,Bonita G. Anthony,D,Financial Institutions and Services,14,14,0,0,0.0
H0354,Katrina Callsen,D,Economic Development,15,14,0,0,0.0
H0355,Laura Jane Cohen,D,Armed Forces,14,14,1,0,0.0
H0357,Will Davis,R,Alcoholic Beverage and Cannabis Control,14,14,0,0,0.0
H0360,Michael B. Feggans,D,Financial Institutions and Services,14,14,0,0,0.0
H0361,Debra D. Gardner,D,Alcoholic Beverage and Cannabis Control,14,14,0,0,0.0
H0364,Timothy P. Griffin,R,Armed Forces,14,14,0,0,0.0
H0364,Timothy P. Griffin,R,Marriage and Domestic Relations,15,14,2,0,0.0
H0364,Timothy P. Griffin,R,Professions and Occupations,18,14,2,0,0.0
H0365,"Rozia A. Henson, Jr.",D,Armed Forces,14,14,0,0,0.0
H0365,"Rozia A. Henson, Jr.",D,Economic Development,14,14,0,0,0.0
H0369,Hillary Pugh Kent,R,Armed Forces,14,14,0,0,0.0
H0371,Amy J. Laufer,D,Armed Forces,14,14,0,0,0.0
H0372,Destiny LeVere Bolling,D,Armed Forces,14,14,0,0,0.0
H0372,Destiny LeVere Bolling,D,Financial Institutions and Services,14,14,0,0,0.0
H0374,Marty Martinez,D,Armed Forces,14,14,0,0,0.0
H0375,Adele Y. McClure,D,Data Centers,15,14,0,0,0.0
H0375,Adele Y. McClure,D,Economic Development,14,14,0,0,0.0
H0377,Delores Oates,R,Economic Development,14,14,0,0,0.0
H0385,JJ Singh,D,Armed Forces,14,14,0,0,0.0
H0385,JJ Singh,D,Economic Development,14,14,0,0,0.0
H0386,Jessica L. Anderson,D,Marriage and Domestic Relations,15,14,0,0,0.0
H0387,"Karen R. ""Kacey"" Carnegie",D,Economic Development,14,14,0,0,0.0
H0388,Stacey Annie Carroll,D,Armed Forces,16,14,0,0,0.0
H0388,Stacey Annie Carroll,D,Economic Development,15,14,0,0,0.0
H0389,Nicole Cole,D,Alcoholic Beverage and Cannabis Control,15,14,0,0,0.0
H0389,Nicole Cole,D,Economic Development,15,14,0,0,0.0
H0390,Mitchell Cornett,R,Economic Development,14,14,0,0,0.0
H0392,Mark C. Downey,D,Armed Forces,14,14,0,0,0.0
H0392,Mark C. Downey,D,Economic Development,14,14,0,0,0.0
H0393,Lily V. Franklin,D,Armed Forces,14,14,0,0,0.0
H0394,Karen Hamilton,R,Economic Development,14,14,8,0,0.0
H0396,Leslie Chambers Mehta,D,Data Centers,15,14,0,0,0.0
H0396,Leslie Chambers Mehta,D,Economic Development,14,14,0,0,0.0
H0397,May Nivar,D,Armed Forces,14,14,0,0,0.0
H0397,May Nivar,D,Economic Development,14,14,0,0,0.0
H0397,May Nivar,D,Financial Institutions and Services,14,14,0,0,0.0
H0399,Kimberly Pope Adams,D,Alcoholic Beverage and Cannabis Control,14,14,0,0,0.0
H0402,Charlie Schmidt,D,Constitutional Amendments,14,14,0,0,0.0
H0402,Charlie Schmidt,D,Economic Development,14,14,0,0,0.0
H0404,Margaret A. Franklin,D,Constitutional Amendments,14,14,0,0,0.0
H0405,Garrett McGuire,D,Armed Forces,14,14,0,0,0.0
H0405,Garrett McGuire,D,Constitutional Amendments,14,14,0,0,0.0
H0405,Garrett McGuire,D,Economic Development,14,14,0,0,0.0
H0056,Terry G. Kilgore,R,Alcoholic Beverage and Cannabis Control,13,13,0,0,0.0
H0136,"Thomas C. Wright, Jr.",R,Armed Forces,14,13,0,0,0.0
H0136,"Thomas C. Wright, Jr.",R,Social Services,15,13,1,0,0.0
H0173,Jeion A. Ward,D,Alcoholic Beverage and Cannabis Control,13,13,0,0,0.0
H0173,Jeion A. Ward,D,Economic Development,14,13,0,0,0.0
H0219,Patrick A. Hope,D,Alcoholic Beverage and Cannabis Control,13,13,0,0,0.0
H0231,Tony O. Wilt,R,Alcoholic Beverage and Cannabis Control,13,13,1,0,0.0
H0231,Tony O. Wilt,R,Uncodified Legislation,13,13,2,0,0.0
H0239,Alfonso H. Lopez,D,Alcoholic Beverage and Cannabis Control,13,13,0,0,0.0
H0239,Alfonso H. Lopez,D,Constitutional Amendments,18,13,0,0,0.0
H0247,Michael J. Webert,R,Alcoholic Beverage and Cannabis Control,13,13,0,0,0.0
H0259,"Hyland F. ""Buddy"" Fowler, Jr.",R,Social Services,15,13,1,0,0.0
H0262,"James A. ""Jay"" Leftwich",R,Alcoholic Beverage and Cannabis Control,13,13,0,0,0.0
H0266,Sam Rasoul,D,"Gambling, Lotteries, Etc.",13,13,2,0,0.0
H0269,"Richard C. ""Rip"" Sullivan, Jr.",D,Uncodified Legislation,13,13,0,0,0.0
H0285,"C.E. Cliff Hayes, Jr.",D,"Gambling, Lotteries, Etc.",13,13,0,0,0.0
H0294,Karrie K. Delaney,D,Constitutional Amendments,18,13,0,0,0.0
H0295,Kelly K. Convirs-Fowler,D,Data Centers,17,13,0,0,0.0
H0297,Elizabeth R. Guzman,D,Professions and Occupations,13,13,0,0,0.0
H0305,Kathy K.L. Tran,D,"Gambling, Lotteries, Etc.",13,13,0,0,0.0
H0317,Dan I. Helmer,D,Alcoholic Beverage and Cannabis Control,13,13,1,0,0.0
H0322,Don Scott,D,Alcoholic Beverage and Cannabis Control,13,13,0,0,0.0
H0333,Jason S. Ballard,R,Alcoholic Beverage and Cannabis Control,13,13,0,0,0.0
H0334,Elizabeth B. Bennett-Parker,D,Agriculture and Food,16,13,0,0,0.0
H0335,Mike A. Cherry,R,Alcoholic Beverage and Cannabis Control,13,13,0,0,0.0
H0335,Mike A. Cherry,R,"Gambling, Lotteries, Etc.",13,13,0,0,0.0
H0336,Nadarius E. Clark,D,Uncodified Legislation,13,13,0,0,0.0
H0342,Phillip A. Scott,R,Alcoholic Beverage and Cannabis Control,13,13,1,0,0.0
H0344,Irene Shin,D,Alcoholic Beverage and Cannabis Control,13,13,0,0,0.0
H0344,Irene Shin,D,Uncodified Legislation,13,13,0,0,0.0
H0345,Anne Ferrell Tata,R,Alcoholic Beverage and Cannabis Control,13,13,0,0,0.0
H0347,"H. Otto Wachsmann, Jr.",R,Alcoholic Beverage and Cannabis Control,13,13,0,0,0.0
H0348,Wren M. Williams,R,Financial Institutions and Services,14,13,0,0,0.0
H0349,Jackie H. Glass,D,Alcoholic Beverage and Cannabis Control,13,13,0,0,0.0
H0351,Holly M. Seibold,D,Economic Development,14,13,0,0,0.0
H0353,Bonita G. Anthony,D,Uncodified Legislation,13,13,0,0,0.0
H0355,Laura Jane Cohen,D,Alcoholic Beverage and Cannabis Control,13,13,0,0,0.0
H0355,Laura Jane Cohen,D,"Gambling, Lotteries, Etc.",13,13,0,0,0.0
H0356,Rae Cousins,D,Alcoholic Beverage and Cannabis Control,13,13,0,0,0.0
H0360,Michael B. Feggans,D,Alcoholic Beverage and Cannabis Control,13,13,0,0,0.0
H0360,Michael B. Feggans,D,Uncodified Legislation,13,13,0,0,0.0
H0361,Debra D. Gardner,D,"Gambling, Lotteries, Etc.",13,13,0,0,0.0
H0364,Timothy P. Griffin,R,Alcoholic Beverage and Cannabis Control,13,13,5,0,0.0
H0365,"Rozia A. Henson, Jr.",D,Alcoholic Beverage and Cannabis Control,13,13,0,0,0.0
H0365,"Rozia A. Henson, Jr.",D,"Gambling, Lotteries, Etc.",13,13,0,0,0.0
H0371,Amy J. Laufer,D,"Gambling, Lotteries, Etc.",13,13,0,0,0.0
H0374,Marty Martinez,D,Alcoholic Beverage and Cannabis Control,13,13,1,0,0.0
H0377,Delores Oates,R,Alcoholic Beverage and Cannabis Control,13,13,0,0,0.0
H0383,Eric R. Zehr,R,Alcoholic Beverage and Cannabis Control,13,13,2,0,0.0
H0384,Eric Phillips,R,Alcoholic Beverage and Cannabis Control,13,13,0,0,0.0
H0385,JJ Singh,D,Alcoholic Beverage and Cannabis Control,13,13,0,0,0.0
H0386,Jessica L. Anderson,D,Alcoholic Beverage and Cannabis Control,13,13,0,0,0.0
H0387,"Karen R. ""Kacey"" Carnegie",D,Alcoholic Beverage and Cannabis Control,13,13,0,0,0.0
H0388,Stacey Annie Carroll,D,Social Services,15,13,0,0,0.0
H0390,Mitchell Cornett,R,Alcoholic Beverage and Cannabis Control,13,13,1,0,0.0
H0392,Mark C. Downey,D,Alcoholic Beverage and Cannabis Control,13,13,0,0,0.0
H0394,Karen Hamilton,R,Alcoholic Beverage and Cannabis Control,13,13,2,0,0.0
H0395,John Chilton McAuliff,D,Armed Forces,14,13,0,0,0.0
H0396,Leslie Chambers Mehta,D,Alcoholic Beverage and Cannabis Control,13,13,0,0,0.0
H0397,May Nivar,D,Alcoholic Beverage and Cannabis Control,13,13,0,0,0.0
H0397,May Nivar,D,Uncodified Legislation,13,13,0,0,0.0
H0398,Justin Pence,R,Alcoholic Beverage and Cannabis Control,13,13,0,0,0.0
H0400,Virgil Thornton,D,Alcoholic Beverage and Cannabis Control,13,13,0,0,0.0
H0401,Madison Whittle,R,Alcoholic Beverage and Cannabis Control,13,13,1,0,0.0
H0402,Charlie Schmidt,D,Alcoholic Beverage and Cannabis Control,13,13,0,0,0.0
H0403,Gretchen M. Bulova,D,Alcoholic Beverage and Cannabis Control,14,13,0,0,0.0
H0405,Garrett McGuire,D,Alcoholic Beverage and Cannabis Control,13,13,0,0,0.0
H0407,Andrew Rice,R,Elections and Voting,13,13,0,0,0.0
H0136,"Thomas C. Wright, Jr.",R,Alcoholic Beverage and Cannabis Control,13,12,6,0,0.0
H0207,Delores L. McQuinn,D,"Gambling, Lotteries, Etc.",12,12,0,0,0.0
H0219,Patrick A. Hope,D,"Gambling, Lotteries, Etc.",12,12,0,0,0.0
H0227,Luke E. Torian,D,Marriage and Domestic Relations,15,12,0,0,0.0
H0238,M. Keith Hodges,R,"Gambling, Lotteries, Etc.",13,12,0,0,0.0
H0253,Terry L. Austin,R,Constitutional Amendments,19,12,0,0,0.0
H0259,"Hyland F. ""Buddy"" Fowler, Jr.",R,Professions and Occupations,12,12,0,0,0.0
H0266,Sam Rasoul,D,Alcoholic Beverage and Cannabis Control,13,12,5,0,0.0
H0294,Karrie K. Delaney,D,Professions and Occupations,12,12,0,0,0.0
H0295,Kelly K. Convirs-Fowler,D,Armed Forces,14,12,0,0,0.0
H0311,Alex Q. Askew,D,"Gambling, Lotteries, Etc.",12,12,0,0,0.0
H0311,Alex Q. Askew,D,Professions and Occupations,12,12,0,0,0.0
H0317,Dan I. Helmer,D,Financial Institutions and Services,14,12,0,0,0.0
H0323,Shelly A. Simonds,D,Professions and Occupations,12,12,0,0,0.0
H0325,Wendell S. Walker,R,"Gambling, Lotteries, Etc.",12,12,0,0,0.0
H0328,Scott A. Wyatt,R,"Gambling, Lotteries, Etc.",12,12,0,0,0.0
H0343,Briana D. Sewell,D,"Gambling, Lotteries, Etc.",12,12,0,0,0.0
H0344,Irene Shin,D,"Gambling, Lotteries, Etc.",12,12,0,0,0.0
H0345,Anne Ferrell Tata,R,Professions and Occupations,12,12,0,0,0.0
H0347,"H. Otto Wachsmann, Jr.",R,"Gambling, Lotteries, Etc.",12,12,0,0,0.0
H0351,Holly M. Seibold,D,Professions and Occupations,12,12,0,0,0.0
H0354,Katrina Callsen,D,Professions and Occupations,12,12,0,0,0.0
H0355,Laura Jane Cohen,D,Economic Development,14,12,0,0,0.0
H0356,Rae Cousins,D,Professions and Occupations,12,12,0,0,0.0
H0362,"Thomas A. Garrett, Jr.",R,Alcoholic Beverage and Cannabis Control,15,12,1,0,0.0
H0366,Phil M. Hernandez,D,Indian Tribes,12,12,0,0,0.0
H0369,Hillary Pugh Kent,R,Alcoholic Beverage and Cannabis Control,13,12,0,0,0.0
H0369,Hillary Pugh Kent,R,Professions and Occupations,12,12,0,0,0.0
H0372,Destiny LeVere Bolling,D,Alcoholic Beverage and Cannabis Control,13,12,0,0,0.0
H0372,Destiny LeVere Bolling,D,Professions and Occupations,12,12,0,0,0.0
H0375,Adele Y. McClure,D,Professions and Occupations,12,12,0,0,0.0
H0380,Atoosa R. Reaser,D,Professions and Occupations,12,12,0,0,0.0
H0382,Joshua E. Thomas,D,"Gambling, Lotteries, Etc.",12,12,0,0,0.0
H0386,Jessica L. Anderson,D,Professions and Occupations,12,12,0,0,0.0
H0388,Stacey Annie Carroll,D,Data Centers,16,12,0,0,0.0
H0388,Stacey Annie Carroll,D,Professions and Occupations,12,12,0,0,0.0
H0390,Mitchell Cornett,R,"Gambling, Lotteries, Etc.",12,12,0,0,0.0
H0391,Lindsey Dougherty,D,Professions and Occupations,12,12,0,0,0.0
H0392,Mark C. Downey,D,"Gambling, Lotteries, Etc.",12,12,0,0,0.0
H0395,John Chilton McAuliff,D,Alcoholic Beverage and Cannabis Control,13,12,0,0,0.0
H0395,John Chilton McAuliff,D,Social Services,15,12,0,0,0.0
H0403,Gretchen M. Bulova,D,Professions and Occupations,12,12,0,0,0.0
H0405,Garrett McGuire,D,"Gambling, Lotteries, Etc.",12,12,0,0,0.0
H0406,Kirk McPike,D,State Government,12,12,0,0,0.0
H0407,Andrew Rice,R,Housing,12,12,0,0,0.0
H0407,Andrew Rice,R,Transportation,14,12,0,0,0.0
H0056,Terry G. Kilgore,R,"Gambling, Lotteries, Etc.",11,11,0,0,0.0
H0108,Vivian E. Watts,D,"Gambling, Lotteries, Etc.",11,11,0,0,0.0
H0124,R. Lee Ware,R,"Gambling, Lotteries, Etc.",11,11,0,0,0.0
H0173,Jeion A. Ward,D,"Gambling, Lotteries, Etc.",11,11,0,0,0.0
H0173,Jeion A. Ward,D,Uncodified Legislation,11,11,0,0,0.0
H0207,Delores L. McQuinn,D,Professions and Occupations,11,11,0,0,0.0
H0212,Betsy B. Carr,D,Professions and Occupations,11,11,0,0,0.0
H0224,James W. Morefield,R,Professions and Occupations,11,11,0,0,0.0
H0227,Luke E. Torian,D,Indian Tribes,11,11,0,0,0.0
H0227,Luke E. Torian,D,Professions and Occupations,11,11,0,0,0.0
H0231,Tony O. Wilt,R,"Gambling, Lotteries, Etc.",11,11,0,0,0.0
H0238,M. Keith Hodges,R,"Pensions, Benefits, and Retirement",11,11,0,0,0.0
H0239,Alfonso H. Lopez,D,"Gambling, Lotteries, Etc.",11,11,1,0,0.0
H0239,Alfonso H. Lopez,D,Uncodified Legislation,11,11,0,0,0.0
H0247,Michael J. Webert,R,Uncodified Legislation,11,11,3,0,0.0
H0253,Terry L. Austin,R,Indian Tribes,11,11,0,0,0.0
H0253,Terry L. Austin,R,Professions and Occupations,11,11,0,0,0.0
H0262,"James A. ""Jay"" Leftwich",R,"Gambling, Lotteries, Etc.",11,11,0,0,0.0
H0264,Marcus B. Simon,D,Professions and Occupations,11,11,0,0,0.0
H0267,"Robert S. Bloxom, Jr.",R,Professions and Occupations,11,11,0,0,0.0
H0281,Paul E. Krizek,D,Professions and Occupations,11,11,0,0,0.0
H0285,"C.E. Cliff Hayes, Jr.",D,"Pensions, Benefits, and Retirement",11,11,0,0,0.0
H0305,Kathy K.L. Tran,D,"Pensions, Benefits, and Retirement",11,11,0,0,0.0
H0308,Joseph P. McNamara,R,"Gambling, Lotteries, Etc.",11,11,0,0,0.0
H0311,Alex Q. Askew,D,"Pensions, Benefits, and Retirement",11,11,0,0,0.0
H0317,Dan I. Helmer,D,"Gambling, Lotteries, Etc.",11,11,0,0,0.0
H0321,Chris S. Runion,R,"Gambling, Lotteries, Etc.",11,11,0,0,0.0
H0321,Chris S. Runion,R,Uncodified Legislation,11,11,3,0,0.0
H0322,Don Scott,D,"Gambling, Lotteries, Etc.",11,11,0,0,0.0
H0323,Shelly A. Simonds,D,"Pensions, Benefits, and Retirement",11,11,0,0,0.0
H0327,Rodney T. Willett,D,"Pensions, Benefits, and Retirement",11,11,0,0,0.0
H0328,Scott A. Wyatt,R,"Pensions, Benefits, and Retirement",11,11,0,0,0.0
H0329,Bill Wiley,R,Professions and Occupations,11,11,0,0,0.0
H0336,Nadarius E. Clark,D,Alcoholic Beverage and Cannabis Control,13,11,1,0,0.0
H0336,Nadarius E. Clark,D,Economic Development,17,11,0,0,0.0
H0336,Nadarius E. Clark,D,Financial Institutions and Services,14,11,0,0,0.0
H0336,Nadarius E. Clark,D,Marriage and Domestic Relations,15,11,0,0,0.0
H0340,Michelle Lopes Maldonado,D,"Gambling, Lotteries, Etc.",11,11,0,0,0.0
H0340,Michelle Lopes Maldonado,D,Uncodified Legislation,11,11,0,0,0.0
H0342,Phillip A. Scott,R,Data Centers,15,11,0,0,0.0
H0342,Phillip A. Scott,R,"Gambling, Lotteries, Etc.",13,11,3,0,0.0
H0343,Briana D. Sewell,D,Professions and Occupations,11,11,0,0,0.0
H0345,Anne Ferrell Tata,R,"Gambling, Lotteries, Etc.",11,11,0,0,0.0
H0348,Wren M. Williams,R,Alcoholic Beverage and Cannabis Control,13,11,0,0,0.0
H0353,Bonita G. Anthony,D,"Gambling, Lotteries, Etc.",11,11,0,0,0.0
H0355,Laura Jane Cohen,D,Uncodified Legislation,11,11,0,0,0.0
H0356,Rae Cousins,D,"Gambling, Lotteries, Etc.",11,11,0,0,0.0
H0356,Rae Cousins,D,Uncodified Legislation,11,11,0,0,0.0
H0357,Will Davis,R,"Gambling, Lotteries, Etc.",11,11,0,0,0.0
H0360,Michael B. Feggans,D,"Gambling, Lotteries, Etc.",11,11,0,0,0.0
H0362,"Thomas A. Garrett, Jr.",R,Economic Development,16,11,5,0,0.0
H0364,Timothy P. Griffin,R,Economic Development,14,11,2,0,0.0
H0366,Phil M. Hernandez,D,Professions and Occupations,11,11,0,0,0.0
H0369,Hillary Pugh Kent,R,"Gambling, Lotteries, Etc.",11,11,0,0,0.0
H0371,Amy J. Laufer,D,Professions and Occupations,11,11,0,0,0.0
H0372,Destiny LeVere Bolling,D,"Gambling, Lotteries, Etc.",11,11,0,0,0.0
H0372,Destiny LeVere Bolling,D,Uncodified Legislation,11,11,0,0,0.0
H0374,Marty Martinez,D,"Gambling, Lotteries, Etc.",11,11,1,0,0.0
H0377,Delores Oates,R,"Gambling, Lotteries, Etc.",11,11,1,0,0.0
H0383,Eric R. Zehr,R,"Gambling, Lotteries, Etc.",11,11,3,0,0.0
H0383,Eric R. Zehr,R,Professions and Occupations,11,11,0,0,0.0
H0384,Eric Phillips,R,"Gambling, Lotteries, Etc.",11,11,0,0,0.0
H0385,JJ Singh,D,"Gambling, Lotteries, Etc.",11,11,0,0,0.0
H0385,JJ Singh,D,Uncodified Legislation,11,11,0,0,0.0
H0386,Jessica L. Anderson,D,"Gambling, Lotteries, Etc.",11,11,0,0,0.0
H0387,"Karen R. ""Kacey"" Carnegie",D,"Gambling, Lotteries, Etc.",11,11,0,0,0.0
H0389,Nicole Cole,D,"Gambling, Lotteries, Etc.",13,11,0,0,0.0
H0391,Lindsey Dougherty,D,"Gambling, Lotteries, Etc.",11,11,0,0,0.0
H0393,Lily V. Franklin,D,Professions and Occupations,11,11,0,0,0.0
H0394,Karen Hamilton,R,"Gambling, Lotteries, Etc.",11,11,3,0,0.0
H0395,John Chilton McAuliff,D,"Gambling, Lotteries, Etc.",11,11,0,0,0.0
H0396,Leslie Chambers Mehta,D,"Gambling, Lotteries, Etc.",11,11,0,0,0.0
H0397,May Nivar,D,"Gambling, Lotteries, Etc.",11,11,0,0,0.0
H0398,Justin Pence,R,"Gambling, Lotteries, Etc.",11,11,1,0,0.0
H0399,Kimberly Pope Adams,D,"Gambling, Lotteries, Etc.",11,11,0,0,0.0
H0400,Virgil Thornton,D,"Gambling, Lotteries, Etc.",11,11,0,0,0.0
H0401,Madison Whittle,R,"Gambling, Lotteries, Etc.",11,11,0,0,0.0
H0401,Madison Whittle,R,Professions and Occupations,11,11,0,0,0.0
H0402,Charlie Schmidt,D,"Gambling, Lotteries, Etc.",11,11,0,0,0.0
H0403,Gretchen M. Bulova,D,"Gambling, Lotteries, Etc.",11,11,0,0,0.0
H0404,Margaret A. Franklin,D,Economic Development,15,11,0,0,0.0
H0406,Kirk McPike,D,Technology and Data,11,11,0,0,0.0
H0056,Terry G. Kilgore,R,Professions and Occupations,10,10,0,0,0.0
H0108,Vivian E. Watts,D,Professions and Occupations,10,10,0,0,0.0
H0124,R. Lee Ware,R,Professions and Occupations,10,10,0,0,0.0
H0136,"Thomas C. Wright, Jr.",R,Professions and Occupations,10,10,0,0,0.0
H0224,James W. Morefield,R,Indian Tribes,10,10,0,0,0.0
H0231,Tony O. Wilt,R,Professions and Occupations,10,10,0,0,0.0
H0239,Alfonso H. Lopez,D,Professions and Occupations,10,10,0,0,0.0
H0242,Israel D. O'Quinn,R,"Gambling, Lotteries, Etc.",11,10,0,0,0.0
H0242,Israel D. O'Quinn,R,Professions and Occupations,10,10,0,0,0.0
H0247,Michael J. Webert,R,"Gambling, Lotteries, Etc.",11,10,2,0,0.0
H0247,Michael J. Webert,R,Professions and Occupations,10,10,0,0,0.0
H0262,"James A. ""Jay"" Leftwich",R,Professions and Occupations,10,10,1,0,0.0
H0264,Marcus B. Simon,D,Indian Tribes,10,10,0,0,0.0
H0269,"Richard C. ""Rip"" Sullivan, Jr.",D,Professions and Occupations,10,10,0,0,0.0
H0284,"Marcia S. ""Cia"" Price",D,Indian Tribes,10,10,0,0,0.0
H0285,"C.E. Cliff Hayes, Jr.",D,Financial Institutions and Services,10,10,0,0,0.0
H0295,Kelly K. Convirs-Fowler,D,Professions and Occupations,11,10,0,0,0.0
H0295,Kelly K. Convirs-Fowler,D,Uncodified Legislation,11,10,0,0,0.0
H0305,Kathy K.L. Tran,D,Indian Tribes,10,10,0,0,0.0
H0308,Joseph P. McNamara,R,Financial Institutions and Services,10,10,1,0,0.0
H0308,Joseph P. McNamara,R,Professions and Occupations,10,10,0,0,0.0
H0314,Joshua G. Cole,D,Indian Tribes,10,10,0,0,0.0
H0317,Dan I. Helmer,D,Professions and Occupations,10,10,0,0,0.0
H0317,Dan I. Helmer,D,Uncodified Legislation,11,10,0,0,0.0
H0321,Chris S. Runion,R,Professions and Occupations,10,10,0,0,0.0
H0322,Don Scott,D,Professions and Occupations,10,10,0,0,0.0
H0328,Scott A. Wyatt,R,Professions and Occupations,10,10,0,0,0.0
H0333,Jason S. Ballard,R,"Gambling, Lotteries, Etc.",11,10,0,0,0.0
H0333,Jason S. Ballard,R,Professions and Occupations,10,10,0,0,0.0
H0336,Nadarius E. Clark,D,Armed Forces,18,10,0,0,0.0
H0340,Michelle Lopes Maldonado,D,Professions and Occupations,10,10,0,0,0.0
H0349,Jackie H. Glass,D,Financial Institutions and Services,10,10,0,0,0.0
H0349,Jackie H. Glass,D,Professions and Occupations,10,10,0,0,0.0
H0350,Ellen H. McLaughlin,R,Professions and Occupations,12,10,0,0,0.0
H0351,Holly M. Seibold,D,Financial Institutions and Services,10,10,0,0,0.0
H0351,Holly M. Seibold,D,Indian Tribes,11,10,0,0,0.0
H0353,Bonita G. Anthony,D,Professions and Occupations,10,10,0,0,0.0
H0354,Katrina Callsen,D,Indian Tribes,10,10,0,0,0.0
H0357,Will Davis,R,Professions and Occupations,10,10,0,0,0.0
H0360,Michael B. Feggans,D,Professions and Occupations,10,10,0,0,0.0
H0362,"Thomas A. Garrett, Jr.",R,"Gambling, Lotteries, Etc.",11,10,2,0,0.0
H0362,"Thomas A. Garrett, Jr.",R,Professions and Occupations,11,10,0,0,0.0
H0365,"Rozia A. Henson, Jr.",D,Financial Institutions and Services,10,10,0,0,0.0
H0370,Karen Keys-Gamarra,D,"Gambling, Lotteries, Etc.",11,10,0,0,0.0
H0370,Karen Keys-Gamarra,D,Professions and Occupations,10,10,0,0,0.0
H0374,Marty Martinez,D,Financial Institutions and Services,10,10,0,0,0.0
H0374,Marty Martinez,D,Professions and Occupations,10,10,0,0,0.0
H0377,Delores Oates,R,Financial Institutions and Services,10,10,0,0,0.0
H0377,Delores Oates,R,Professions and Occupations,10,10,0,0,0.0
H0380,Atoosa R. Reaser,D,Indian Tribes,10,10,0,0,0.0
H0382,Joshua E. Thomas,D,Professions and Occupations,10,10,0,0,0.0
H0384,Eric Phillips,R,Professions and Occupations,10,10,0,0,0.0
H0385,JJ Singh,D,Professions and Occupations,10,10,0,0,0.0
H0387,"Karen R. ""Kacey"" Carnegie",D,Professions and Occupations,10,10,0,0,0.0
H0393,Lily V. Franklin,D,Financial Institutions and Services,10,10,0,0,0.0
H0393,Lily V. Franklin,D,Indian Tribes,10,10,0,0,0.0
H0394,Karen Hamilton,R,Financial Institutions and Services,10,10,5,0,0.0
H0394,Karen Hamilton,R,Professions and Occupations,10,10,0,0,0.0
H0396,Leslie Chambers Mehta,D,Professions and Occupations,10,10,0,0,0.0
H0397,May Nivar,D,Professions and Occupations,10,10,0,0,0.0
H0398,Justin Pence,R,Financial Institutions and Services,10,10,4,0,0.0
H0398,Justin Pence,R,Professions and Occupations,10,10,0,0,0.0
H0399,Kimberly Pope Adams,D,Professions and Occupations,10,10,0,0,0.0
H0400,Virgil Thornton,D,Professions and Occupations,10,10,0,0,0.0
H0402,Charlie Schmidt,D,Financial Institutions and Services,10,10,0,0,0.0
H0402,Charlie Schmidt,D,Professions and Occupations,10,10,0,0,0.0
H0404,Margaret A. Franklin,D,"Gambling, Lotteries, Etc.",11,10,0,0,0.0
H0404,Margaret A. Franklin,D,Professions and Occupations,10,10,0,0,0.0
H0405,Garrett McGuire,D,Financial Institutions and Services,10,10,0,0,0.0
H0124,R. Lee Ware,R,Indian Tribes,9,9,0,0,0.0
H0136,"Thomas C. Wright, Jr.",R,Financial Institutions and Services,10,9,3,0,0.0
H0173,Jeion A. Ward,D,Professions and Occupations,10,9,0,0,0.0
H0208,Charniele L. Herring,D,Indian Tribes,9,9,0,0,0.0
H0212,Betsy B. Carr,D,Indian Tribes,9,9,0,0,0.0
H0242,Israel D. O'Quinn,R,Elections,9,9,0,0,0.0
H0247,Michael J. Webert,R,Indian Tribes,9,9,0,0,0.0
H0259,"Hyland F. ""Buddy"" Fowler, Jr.",R,Indian Tribes,9,9,0,0,0.0
H0262,"James A. ""Jay"" Leftwich",R,Elections,9,9,0,0,0.0
H0267,"Robert S. Bloxom, Jr.",R,Elections,9,9,0,0,0.0
H0267,"Robert S. Bloxom, Jr.",R,Indian Tribes,9,9,0,0,0.0
H0281,Paul E. Krizek,D,Elections,9,9,0,0,0.0
H0281,Paul E. Krizek,D,Indian Tribes,9,9,0,0,0.0
H0295,Kelly K. Convirs-Fowler,D,Elections,9,9,0,0,0.0
H0301,David A. Reid,D,Elections,9,9,0,0,0.0
H0301,David A. Reid,D,Professions and Occupations,10,9,0,0,0.0
H0317,Dan I. Helmer,D,Indian Tribes,9,9,0,0,0.0
H0334,Elizabeth B. Bennett-Parker,D,Social Services,10,9,0,0,0.0
H0336,Nadarius E. Clark,D,"Gambling, Lotteries, Etc.",11,9,3,0,0.0
H0336,Nadarius E. Clark,D,Social Services,17,9,0,0,0.0
H0342,Phillip A. Scott,R,Elections,9,9,0,0,0.0
H0347,"H. Otto Wachsmann, Jr.",R,Elections,9,9,0,0,0.0
H0348,Wren M. Williams,R,"Gambling, Lotteries, Etc.",11,9,0,0,0.0
H0349,Jackie H. Glass,D,Elections,9,9,0,0,0.0
H0353,Bonita G. Anthony,D,Administration of Government,9,9,0,0,0.0
H0353,Bonita G. Anthony,D,Elections,9,9,0,0,0.0
H0364,Timothy P. Griffin,R,Financial Institutions and Services,9,9,4,0,0.0
H0365,"Rozia A. Henson, Jr.",D,Elections,9,9,0,0,0.0
H0370,Karen Keys-Gamarra,D,Financial Institutions and Services,10,9,0,0,0.0
H0372,Destiny LeVere Bolling,D,Elections,9,9,0,0,0.0
H0375,Adele Y. McClure,D,Indian Tribes,9,9,0,0,0.0
H0384,Eric Phillips,R,Elections,9,9,0,0,0.0
H0385,JJ Singh,D,Elections,9,9,0,0,0.0
H0387,"Karen R. ""Kacey"" Carnegie",D,Elections,9,9,0,0,0.0
H0388,Stacey Annie Carroll,D,Elections,9,9,0,0,0.0
H0391,Lindsey Dougherty,D,Financial Institutions and Services,10,9,0,0,0.0
H0395,John Chilton McAuliff,D,Elections,9,9,0,0,0.0
H0395,John Chilton McAuliff,D,Professions and Occupations,10,9,0,0,0.0
H0406,Kirk McPike,D,Agriculture and Food,9,9,0,0,0.0
H0406,Kirk McPike,D,Armed Forces,9,9,0,0,0.0
H0407,Andrew Rice,R,Criminal Justice,9,9,0,0,0.0
H0407,Andrew Rice,R,Firearms,9,9,0,0,0.0
H0108,Vivian E. Watts,D,Financial Institutions and Services,8,8,0,0,0.0
H0124,R. Lee Ware,R,Financial Institutions and Services,8,8,0,0,0.0
H0177,David L. Bulova,D,Constitutional Amendments,8,8,0,0,0.0
H0207,Delores L. McQuinn,D,Financial Institutions and Services,8,8,0,0,0.0
H0207,Delores L. McQuinn,D,Uncodified Legislation,8,8,0,0,0.0
H0208,Charniele L. Herring,D,Financial Institutions and Services,8,8,0,0,0.0
H0208,Charniele L. Herring,D,Uncodified Legislation,8,8,0,0,0.0
H0212,Betsy B. Carr,D,Financial Institutions and Services,8,8,0,0,0.0
H0212,Betsy B. Carr,D,Uncodified Legislation,8,8,0,0,0.0
H0219,Patrick A. Hope,D,Financial Institutions and Services,8,8,0,0,0.0
H0219,Patrick A. Hope,D,Indian Tribes,8,8,0,0,0.0
H0224,James W. Morefield,R,Financial Institutions and Services,8,8,0,0,0.0
H0227,Luke E. Torian,D,Financial Institutions and Services,8,8,0,0,0.0
H0227,Luke E. Torian,D,Uncodified Legislation,8,8,0,0,0.0
H0231,Tony O. Wilt,R,Indian Tribes,8,8,1,0,0.0
H0238,M. Keith Hodges,R,Financial Institutions and Services,8,8,0,0,0.0
H0239,Alfonso H. Lopez,D,Indian Tribes,8,8,0,0,0.0
H0253,Terry L. Austin,R,Financial Institutions and Services,8,8,0,0,0.0
H0259,"Hyland F. ""Buddy"" Fowler, Jr.",R,Financial Institutions and Services,8,8,0,0,0.0
H0264,Marcus B. Simon,D,Financial Institutions and Services,8,8,0,0,0.0
H0266,Sam Rasoul,D,Financial Institutions and Services,8,8,0,0,0.0
H0267,"Robert S. Bloxom, Jr.",R,Financial Institutions and Services,8,8,0,0,0.0
H0269,"Richard C. ""Rip"" Sullivan, Jr.",D,Indian Tribes,8,8,0,0,0.0
H0281,Paul E. Krizek,D,Financial Institutions and Services,8,8,0,0,0.0
H0281,Paul E. Krizek,D,Uncodified Legislation,8,8,0,0,0.0
H0284,"Marcia S. ""Cia"" Price",D,Elections,9,8,0,0,0.0
H0284,"Marcia S. ""Cia"" Price",D,Financial Institutions and Services,8,8,0,0,0.0
H0285,"C.E. Cliff Hayes, Jr.",D,Indian Tribes,8,8,0,0,0.0
H0285,"C.E. Cliff Hayes, Jr.",D,Uncodified Legislation,8,8,0,0,0.0
H0294,Karrie K. Delaney,D,Financial Institutions and Services,8,8,0,0,0.0
H0294,Karrie K. Delaney,D,Indian Tribes,8,8,0,0,0.0
H0295,Kelly K. Convirs-Fowler,D,Alcoholic Beverage and Cannabis Control,13,8,0,0,0.0
H0295,Kelly K. Convirs-Fowler,D,Financial Institutions and Services,14,8,0,0,0.0
H0295,Kelly K. Convirs-Fowler,D,"Gambling, Lotteries, Etc.",11,8,0,0,0.0
H0297,Elizabeth R. Guzman,D,Financial Institutions and Services,8,8,0,0,0.0
H0297,Elizabeth R. Guzman,D,Indian Tribes,8,8,0,0,0.0
H0301,David A. Reid,D,Financial Institutions and Services,8,8,0,0,0.0
H0301,David A. Reid,D,Uncodified Legislation,8,8,0,0,0.0
H0305,Kathy K.L. Tran,D,Financial Institutions and Services,8,8,0,0,0.0
H0305,Kathy K.L. Tran,D,Uncodified Legislation,8,8,0,0,0.0
H0311,Alex Q. Askew,D,Financial Institutions and Services,8,8,0,0,0.0
H0311,Alex Q. Askew,D,Uncodified Legislation,8,8,0,0,0.0
H0314,Joshua G. Cole,D,Elections,9,8,0,0,0.0
H0314,Joshua G. Cole,D,Financial Institutions and Services,8,8,0,0,0.0
H0322,Don Scott,D,Financial Institutions and Services,8,8,0,0,0.0
H0323,Shelly A. Simonds,D,Financial Institutions and Services,8,8,0,0,0.0
H0323,Shelly A. Simonds,D,Uncodified Legislation,8,8,0,0,0.0
H0325,Wendell S. Walker,R,Financial Institutions and Services,8,8,0,0,0.0
H0327,Rodney T. Willett,D,Financial Institutions and Services,8,8,0,0,0.0
H0327,Rodney T. Willett,D,Uncodified Legislation,8,8,0,0,0.0
H0328,Scott A. Wyatt,R,Financial Institutions and Services,8,8,2,0,0.0
H0328,Scott A. Wyatt,R,Uncodified Legislation,8,8,0,0,0.0
H0329,Bill Wiley,R,Financial Institutions and Services,8,8,1,0,0.0
H0329,Bill Wiley,R,Indian Tribes,8,8,0,0,0.0
H0334,Elizabeth B. Bennett-Parker,D,Data Centers,8,8,0,0,0.0
H0334,Elizabeth B. Bennett-Parker,D,"Gambling, Lotteries, Etc.",8,8,0,0,0.0
H0335,Mike A. Cherry,R,Financial Institutions and Services,8,8,3,0,0.0
H0336,Nadarius E. Clark,D,Professions and Occupations,11,8,0,0,0.0
H0342,Phillip A. Scott,R,Financial Institutions and Services,8,8,4,0,0.0
H0343,Briana D. Sewell,D,Financial Institutions and Services,8,8,0,0,0.0
H0343,Briana D. Sewell,D,Uncodified Legislation,8,8,0,0,0.0
H0345,Anne Ferrell Tata,R,Financial Institutions and Services,8,8,0,0,0.0
H0349,Jackie H. Glass,D,Indian Tribes,8,8,0,0,0.0
H0350,Ellen H. McLaughlin,R,Financial Institutions and Services,8,8,0,0,0.0
H0350,Ellen H. McLaughlin,R,Indian Tribes,9,8,0,0,0.0
H0354,Katrina Callsen,D,Financial Institutions and Services,8,8,0,0,0.0
H0357,Will Davis,R,Financial Institutions and Services,8,8,0,0,0.0
H0361,Debra D. Gardner,D,Financial Institutions and Services,8,8,0,0,0.0
H0366,Phil M. Hernandez,D,Financial Institutions and Services,8,8,0,0,0.0
H0369,Hillary Pugh Kent,R,Financial Institutions and Services,8,8,3,0,0.0
H0369,Hillary Pugh Kent,R,Indian Tribes,8,8,0,0,0.0
H0371,Amy J. Laufer,D,Financial Institutions and Services,8,8,0,0,0.0
H0371,Amy J. Laufer,D,Uncodified Legislation,8,8,0,0,0.0
H0372,Destiny LeVere Bolling,D,Administration of Government,8,8,0,0,0.0
H0375,Adele Y. McClure,D,Financial Institutions and Services,8,8,0,0,0.0
H0382,Joshua E. Thomas,D,Financial Institutions and Services,8,8,0,0,0.0
H0382,Joshua E. Thomas,D,Uncodified Legislation,8,8,0,0,0.0
H0383,Eric R. Zehr,R,Financial Institutions and Services,8,8,2,0,0.0
H0384,Eric Phillips,R,Financial Institutions and Services,8,8,0,0,0.0
H0385,JJ Singh,D,Administration of Government,8,8,0,0,0.0
H0386,Jessica L. Anderson,D,Financial Institutions and Services,8,8,0,0,0.0
H0387,"Karen R. ""Kacey"" Carnegie",D,Financial Institutions and Services,8,8,0,0,0.0
H0388,Stacey Annie Carroll,D,Financial Institutions and Services,8,8,0,0,0.0
H0390,Mitchell Cornett,R,Financial Institutions and Services,8,8,1,0,0.0
H0392,Mark C. Downey,D,Financial Institutions and Services,8,8,0,0,0.0
H0395,John Chilton McAuliff,D,Indian Tribes,8,8,0,0,0.0
H0396,Leslie Chambers Mehta,D,Financial Institutions and Services,8,8,0,0,0.0
H0399,Kimberly Pope Adams,D,Financial Institutions and Services,8,8,0,0,0.0
H0399,Kimberly Pope Adams,D,Indian Tribes,8,8,0,0,0.0
H0400,Virgil Thornton,D,Financial Institutions and Services,8,8,0,0,0.0
H0401,Madison Whittle,R,Financial Institutions and Services,8,8,1,0,0.0
H0403,Gretchen M. Bulova,D,Financial Institutions and Services,8,8,0,0,0.0
H0404,Margaret A. Franklin,D,Financial Institutions and Services,8,8,0,0,0.0
H0406,Kirk McPike,D,Data Centers,8,8,0,0,0.0
H0406,Kirk McPike,D,Economic Development,8,8,0,0,0.0
H0056,Terry G. Kilgore,R,Indian Tribes,8,7,0,0,0.0
H0108,Vivian E. Watts,D,Indian Tribes,7,7,0,0,0.0
H0136,"Thomas C. Wright, Jr.",R,Indian Tribes,8,7,0,0,0.0
H0173,Jeion A. Ward,D,Indian Tribes,7,7,0,0,0.0
H0219,Patrick A. Hope,D,Criminal Procedure,7,7,0,0,0.0
H0231,Tony O. Wilt,R,Administration of Government,7,7,2,0,0.0
H0242,Israel D. O'Quinn,R,Indian Tribes,7,7,0,0,0.0
H0262,"James A. ""Jay"" Leftwich",R,Financial Institutions and Services,8,7,1,0,0.0
H0266,Sam Rasoul,D,Indian Tribes,7,7,0,0,0.0
H0269,"Richard C. ""Rip"" Sullivan, Jr.",D,Administration of Government,7,7,0,0,0.0
H0284,"Marcia S. ""Cia"" Price",D,Uncodified Legislation,8,7,0,0,0.0
H0294,Karrie K. Delaney,D,Criminal Procedure,7,7,0,0,0.0
H0295,Kelly K. Convirs-Fowler,D,Administration of Government,8,7,0,0,0.0
H0322,Don Scott,D,Indian Tribes,7,7,0,0,0.0
H0323,Shelly A. Simonds,D,Indian Tribes,7,7,0,0,0.0
H0327,Rodney T. Willett,D,Indian Tribes,7,7,0,0,0.0
H0334,Elizabeth B. Bennett-Parker,D,Alcoholic Beverage and Cannabis Control,7,7,0,0,0.0
H0334,Elizabeth B. Bennett-Parker,D,Economic Development,7,7,0,0,0.0
H0334,Elizabeth B. Bennett-Parker,D,Marriage and Domestic Relations,10,7,0,0,0.0
H0336,Nadarius E. Clark,D,Administration of Government,7,7,0,0,0.0
H0336,Nadarius E. Clark,D,Indian Tribes,9,7,0,0,0.0
H0348,Wren M. Williams,R,Criminal Procedure,7,7,1,0,0.0
H0354,Katrina Callsen,D,Elections,7,7,0,0,0.0
H0356,Rae Cousins,D,Criminal Procedure,7,7,0,0,0.0
H0356,Rae Cousins,D,Indian Tribes,7,7,0,0,0.0
H0357,Will Davis,R,Criminal Procedure,7,7,0,0,0.0
H0360,Michael B. Feggans,D,Administration of Government,7,7,0,0,0.0
H0360,Michael B. Feggans,D,Indian Tribes,7,7,0,0,0.0
H0361,Debra D. Gardner,D,Indian Tribes,7,7,0,0,0.0
H0362,"Thomas A. Garrett, Jr.",R,Financial Institutions and Services,9,7,2,0,0.0
H0366,Phil M. Hernandez,D,Criminal Procedure,7,7,0,0,0.0
H0370,Karen Keys-Gamarra,D,Property and Conveyances,7,7,0,0,0.0
H0371,Amy J. Laufer,D,Indian Tribes,7,7,0,0,0.0
H0374,Marty Martinez,D,Indian Tribes,7,7,0,0,0.0
H0377,Delores Oates,R,Indian Tribes,7,7,0,0,0.0
H0380,Atoosa R. Reaser,D,Financial Institutions and Services,8,7,0,0,0.0
H0382,Joshua E. Thomas,D,Indian Tribes,7,7,0,0,0.0
H0383,Eric R. Zehr,R,Indian Tribes,7,7,2,0,0.0
H0384,Eric Phillips,R,Indian Tribes,7,7,0,0,0.0
H0386,Jessica L. Anderson,D,Indian Tribes,7,7,0,0,0.0
H0388,Stacey Annie Carroll,D,Indian Tribes,8,7,0,0,0.0
H0389,Nicole Cole,D,Elections,7,7,0,0,0.0
H0389,Nicole Cole,D,Financial Institutions and Services,8,7,0,0,0.0
H0390,Mitchell Cornett,R,Indian Tribes,7,7,0,0,0.0
H0394,Karen Hamilton,R,Indian Tribes,7,7,0,0,0.0
H0395,John Chilton McAuliff,D,Financial Institutions and Services,8,7,0,0,0.0
H0396,Leslie Chambers Mehta,D,Criminal Procedure,7,7,0,0,0.0
H0397,May Nivar,D,Administration of Government,7,7,0,0,0.0
H0400,Virgil Thornton,D,Indian Tribes,7,7,0,0,0.0
H0401,Madison Whittle,R,Criminal Procedure,7,7,0,0,0.0
H0402,Charlie Schmidt,D,Criminal Procedure,7,7,0,0,0.0
H0406,Kirk McPike,D,Alcoholic Beverage and Cannabis Control,8,7,0,0,0.0
H0406,Kirk McPike,D,Marriage and Domestic Relations,7,7,0,0,0.0
H0407,Andrew Rice,R,Insurance,7,7,0,0,0.0
H0056,Terry G. Kilgore,R,Criminal Procedure,6,6,0,0,0.0
H0056,Terry G. Kilgore,R,Unemployment Compensation,6,6,0,0,0.0
H0108,Vivian E. Watts,D,Criminal Procedure,7,6,0,0,0.0
H0108,Vivian E. Watts,D,Uncodified Legislation,6,6,0,0,0.0
H0173,Jeion A. Ward,D,Administration of Government,6,6,0,0,0.0
H0173,Jeion A. Ward,D,Unemployment Compensation,6,6,0,0,0.0
H0207,Delores L. McQuinn,D,Indian Tribes,6,6,1,0,0.0
H0207,Delores L. McQuinn,D,Unemployment Compensation,6,6,0,0,0.0
H0208,Charniele L. Herring,D,Unemployment Compensation,6,6,0,0,0.0
H0212,Betsy B. Carr,D,Unemployment Compensation,6,6,0,0,0.0
H0219,Patrick A. Hope,D,Uncodified Legislation,6,6,0,0,0.0
H0224,James W. Morefield,R,Unemployment Compensation,6,6,0,0,0.0
H0231,Tony O. Wilt,R,Unemployment Compensation,6,6,0,0,0.0
H0238,M. Keith Hodges,R,Indian Tribes,6,6,0,0,0.0
H0238,M. Keith Hodges,R,Unemployment Compensation,6,6,0,0,0.0
H0239,Alfonso H. Lopez,D,Administration of Government,6,6,0,0,0.0
H0239,Alfonso H. Lopez,D,Unemployment Compensation,6,6,0,0,0.0
H0242,Israel D. O'Quinn,R,Alcoholic Beverage and Cannabis Control,13,6,0,0,0.0
H0242,Israel D. O'Quinn,R,Unemployment Compensation,6,6,0,0,0.0
H0247,Michael J. Webert,R,Administration of Government,6,6,1,0,0.0
H0247,Michael J. Webert,R,Unemployment Compensation,6,6,0,0,0.0
H0253,Terry L. Austin,R,Unemployment Compensation,6,6,0,0,0.0
H0262,"James A. ""Jay"" Leftwich",R,Administration of Government,6,6,0,0,0.0
H0262,"James A. ""Jay"" Leftwich",R,Criminal Procedure,6,6,0,0,0.0
H0262,"James A. ""Jay"" Leftwich",R,Indian Tribes,6,6,0,0,0.0
H0262,"James A. ""Jay"" Leftwich",R,Uncodified Legislation,6,6,0,0,0.0
H0264,Marcus B. Simon,D,Criminal Procedure,6,6,0,0,0.0
H0264,Marcus B. Simon,D,Uncodified Legislation,6,6,0,0,0.0
H0266,Sam Rasoul,D,Uncodified Legislation,6,6,0,0,0.0
H0267,"Robert S. Bloxom, Jr.",R,Unemployment Compensation,6,6,0,0,0.0
H0269,"Richard C. ""Rip"" Sullivan, Jr.",D,Criminal Procedure,6,6,0,0,0.0
H0269,"Richard C. ""Rip"" Sullivan, Jr.",D,Unemployment Compensation,6,6,0,0,0.0
H0281,Paul E. Krizek,D,Administration of Government,6,6,0,0,0.0
H0281,Paul E. Krizek,D,Unemployment Compensation,6,6,0,0,0.0
H0284,"Marcia S. ""Cia"" Price",D,Unemployment Compensation,6,6,0,0,0.0
H0285,"C.E. Cliff Hayes, Jr.",D,Unemployment Compensation,6,6,0,0,0.0
H0294,Karrie K. Delaney,D,Uncodified Legislation,6,6,0,0,0.0
H0295,Kelly K. Convirs-Fowler,D,Indian Tribes,6,6,0,0,0.0
H0295,Kelly K. Convirs-Fowler,D,Unemployment Compensation,6,6,0,0,0.0
H0301,David A. Reid,D,Administration of Government,6,6,0,0,0.0
H0301,David A. Reid,D,Indian Tribes,6,6,0,0,0.0
H0301,David A. Reid,D,Unemployment Compensation,6,6,0,0,0.0
H0305,Kathy K.L. Tran,D,Unemployment Compensation,6,6,0,0,0.0
H0308,Joseph P. McNamara,R,Indian Tribes,6,6,0,0,0.0
H0308,Joseph P. McNamara,R,Uncodified Legislation,6,6,1,0,0.0
H0311,Alex Q. Askew,D,Indian Tribes,6,6,0,0,0.0
H0311,Alex Q. Askew,D,Unemployment Compensation,6,6,0,0,0.0
H0314,Joshua G. Cole,D,Uncodified Legislation,6,6,0,0,0.0
H0317,Dan I. Helmer,D,Administration of Government,6,6,0,0,0.0
H0317,Dan I. Helmer,D,Unemployment Compensation,6,6,0,0,0.0
H0321,Chris S. Runion,R,Administration of Government,6,6,1,0,0.0
H0321,Chris S. Runion,R,Indian Tribes,6,6,0,0,0.0
H0321,Chris S. Runion,R,Unemployment Compensation,6,6,0,0,0.0
H0322,Don Scott,D,Uncodified Legislation,6,6,0,0,0.0
H0323,Shelly A. Simonds,D,Unemployment Compensation,6,6,0,0,0.0
H0325,Wendell S. Walker,R,Indian Tribes,6,6,0,0,0.0
H0325,Wendell S. Walker,R,Uncodified Legislation,6,6,0,0,0.0
H0327,Rodney T. Willett,D,Unemployment Compensation,6,6,0,0,0.0
H0328,Scott A. Wyatt,R,Indian Tribes,6,6,0,0,0.0
H0328,Scott A. Wyatt,R,Unemployment Compensation,6,6,0,0,0.0
H0329,Bill Wiley,R,Unemployment Compensation,6,6,0,0,0.0
H0333,Jason S. Ballard,R,Criminal Procedure,6,6,0,0,0.0
H0333,Jason S. Ballard,R,Indian Tribes,6,6,0,0,0.0
H0333,Jason S. Ballard,R,Unemployment Compensation,6,6,0,0,0.0
H0335,Mike A. Cherry,R,Indian Tribes,6,6,0,0,0.0
H0340,Michelle Lopes Maldonado,D,Administration of Government,6,6,0,0,0.0
H0340,Michelle Lopes Maldonado,D,Criminal Procedure,6,6,0,0,0.0
H0340,Michelle Lopes Maldonado,D,Indian Tribes,6,6,0,0,0.0
H0340,Michelle Lopes Maldonado,D,Unemployment Compensation,6,6,0,0,0.0
H0342,Phillip A. Scott,R,Administration of Government,6,6,0,0,0.0
H0342,Phillip A. Scott,R,Indian Tribes,6,6,1,0,0.0
H0342,Phillip A. Scott,R,Uncodified Legislation,6,6,2,0,0.0
H0343,Briana D. Sewell,D,Indian Tribes,6,6,0,0,0.0
H0343,Briana D. Sewell,D,Unemployment Compensation,6,6,0,0,0.0
H0344,Irene Shin,D,Administration of Government,7,6,0,0,0.0
H0344,Irene Shin,D,Indian Tribes,6,6,0,0,0.0
H0344,Irene Shin,D,Unemployment Compensation,6,6,0,0,0.0
H0345,Anne Ferrell Tata,R,Indian Tribes,6,6,0,0,0.0
H0345,Anne Ferrell Tata,R,Uncodified Legislation,6,6,0,0,0.0
H0347,"H. Otto Wachsmann, Jr.",R,Indian Tribes,6,6,0,0,0.0
H0348,Wren M. Williams,R,Unemployment Compensation,6,6,0,0,0.0
H0349,Jackie H. Glass,D,Administration of Government,6,6,0,0,0.0
H0349,Jackie H. Glass,D,Uncodified Legislation,6,6,0,0,0.0
H0350,Ellen H. McLaughlin,R,Unemployment Compensation,6,6,0,0,0.0
H0351,Holly M. Seibold,D,Uncodified Legislation,6,6,0,0,0.0
H0353,Bonita G. Anthony,D,Indian Tribes,6,6,0,0,0.0
H0353,Bonita G. Anthony,D,Unemployment Compensation,6,6,0,0,0.0
H0354,Katrina Callsen,D,Criminal Procedure,7,6,0,0,0.0
H0354,Katrina Callsen,D,Uncodified Legislation,6,6,0,0,0.0
H0355,Laura Jane Cohen,D,Administration of Government,6,6,0,0,0.0
H0355,Laura Jane Cohen,D,Indian Tribes,6,6,0,0,0.0
H0355,Laura Jane Cohen,D,Unemployment Compensation,6,6,0,0,0.0
H0356,Rae Cousins,D,Administration of Government,6,6,0,0,0.0
H0356,Rae Cousins,D,Unemployment Compensation,6,6,0,0,0.0
H0357,Will Davis,R,Indian Tribes,6,6,0,0,0.0
H0360,Michael B. Feggans,D,Unemployment Compensation,6,6,0,0,0.0
H0361,Debra D. Gardner,D,Uncodified Legislation,6,6,0,0,0.0
H0362,"Thomas A. Garrett, Jr.",R,Indian Tribes,6,6,1,0,0.0
H0364,Timothy P. Griffin,R,Indian Tribes,6,6,0,0,0.0
H0365,"Rozia A. Henson, Jr.",D,Administration of Government,6,6,0,0,0.0
H0365,"Rozia A. Henson, Jr.",D,Indian Tribes,6,6,0,0,0.0
H0365,"Rozia A. Henson, Jr.",D,Uncodified Legislation,6,6,0,0,0.0
H0369,Hillary Pugh Kent,R,Uncodified Legislation,6,6,1,0,0.0
H0370,Karen Keys-Gamarra,D,Criminal Procedure,6,6,0,0,0.0
H0370,Karen Keys-Gamarra,D,Uncodified Legislation,6,6,0,0,0.0
H0371,Amy J. Laufer,D,Unemployment Compensation,6,6,0,0,0.0
H0372,Destiny LeVere Bolling,D,Indian Tribes,6,6,0,0,0.0
H0372,Destiny LeVere Bolling,D,Unemployment Compensation,6,6,0,0,0.0
H0374,Marty Martinez,D,Uncodified Legislation,6,6,0,0,0.0
H0375,Adele Y. McClure,D,Uncodified Legislation,6,6,0,0,0.0
H0377,Delores Oates,R,Uncodified Legislation,6,6,0,0,0.0
H0380,Atoosa R. Reaser,D,Criminal Procedure,6,6,0,0,0.0
H0380,Atoosa R. Reaser,D,Uncodified Legislation,6,6,0,0,0.0
H0382,Joshua E. Thomas,D,Unemployment Compensation,6,6,0,0,0.0
H0383,Eric R. Zehr,R,Uncodified Legislation,6,6,2,0,0.0
H0385,JJ Singh,D,Indian Tribes,6,6,0,0,0.0
H0385,JJ Singh,D,Unemployment Compensation,6,6,0,0,0.0
H0386,Jessica L. Anderson,D,Uncodified Legislation,6,6,0,0,0.0
H0387,"Karen R. ""Kacey"" Carnegie",D,Administration of Government,6,6,0,0,0.0
H0387,"Karen R. ""Kacey"" Carnegie",D,Criminal Procedure,6,6,0,0,0.0
H0387,"Karen R. ""Kacey"" Carnegie",D,Indian Tribes,6,6,0,0,0.0
H0387,"Karen R. ""Kacey"" Carnegie",D,Uncodified Legislation,6,6,0,0,0.0
H0388,Stacey Annie Carroll,D,Administration of Government,6,6,0,0,0.0
H0388,Stacey Annie Carroll,D,Uncodified Legislation,6,6,0,0,0.0
H0389,Nicole Cole,D,Indian Tribes,6,6,0,0,0.0
H0389,Nicole Cole,D,Property and Conveyances,6,6,0,0,0.0
H0389,Nicole Cole,D,Uncodified Legislation,6,6,0,0,0.0
H0390,Mitchell Cornett,R,Uncodified Legislation,6,6,0,0,0.0
H0391,Lindsey Dougherty,D,Indian Tribes,6,6,0,0,0.0
H0391,Lindsey Dougherty,D,Property and Conveyances,6,6,0,0,0.0
H0391,Lindsey Dougherty,D,Uncodified Legislation,6,6,0,0,0.0
H0392,Mark C. Downey,D,Indian Tribes,6,6,0,0,0.0
H0392,Mark C. Downey,D,Uncodified Legislation,6,6,0,0,0.0
H0393,Lily V. Franklin,D,Uncodified Legislation,6,6,0,0,0.0
H0394,Karen Hamilton,R,Uncodified Legislation,6,6,2,0,0.0
H0395,John Chilton McAuliff,D,Administration of Government,6,6,0,0,0.0
H0395,John Chilton McAuliff,D,Uncodified Legislation,6,6,0,0,0.0
H0396,Leslie Chambers Mehta,D,Indian Tribes,6,6,0,0,0.0
H0396,Leslie Chambers Mehta,D,Uncodified Legislation,6,6,0,0,0.0
H0397,May Nivar,D,Indian Tribes,6,6,0,0,0.0
H0397,May Nivar,D,Unemployment Compensation,6,6,0,0,0.0
H0398,Justin Pence,R,Criminal Procedure,6,6,0,0,0.0
H0398,Justin Pence,R,Indian Tribes,6,6,1,0,0.0
H0398,Justin Pence,R,Uncodified Legislation,6,6,1,0,0.0
H0399,Kimberly Pope Adams,D,Uncodified Legislation,6,6,0,0,0.0
H0400,Virgil Thornton,D,Criminal Procedure,6,6,0,0,0.0
H0400,Virgil Thornton,D,Uncodified Legislation,6,6,0,0,0.0
H0401,Madison Whittle,R,Indian Tribes,6,6,1,0,0.0
H0402,Charlie Schmidt,D,Indian Tribes,6,6,0,0,0.0
H0402,Charlie Schmidt,D,Uncodified Legislation,6,6,0,0,0.0
H0403,Gretchen M. Bulova,D,Indian Tribes,6,6,0,0,0.0
H0403,Gretchen M. Bulova,D,Uncodified Legislation,6,6,0,0,0.0
H0404,Margaret A. Franklin,D,Indian Tribes,6,6,0,0,0.0
H0404,Margaret A. Franklin,D,Property and Conveyances,6,6,0,0,0.0
H0405,Garrett McGuire,D,Indian Tribes,6,6,0,0,0.0
H0405,Garrett McGuire,D,Uncodified Legislation,6,6,0,0,0.0
H0407,Andrew Rice,R,"Study Commissions, Committees, and Reports",6,6,0,0,0.0
H0056,Terry G. Kilgore,R,Elections,5,5,0,0,0.0
H0108,Vivian E. Watts,D,Elections,5,5,0,0,0.0
H0108,Vivian E. Watts,D,Unemployment Compensation,5,5,0,0,0.0
H0124,R. Lee Ware,R,Elections,5,5,0,0,0.0
H0124,R. Lee Ware,R,Property and Conveyances,5,5,0,0,0.0
H0124,R. Lee Ware,R,Unemployment Compensation,5,5,0,0,0.0
H0136,"Thomas C. Wright, Jr.",R,Elections,5,5,0,0,0.0
H0173,Jeion A. Ward,D,Elections,5,5,0,0,0.0
H0207,Delores L. McQuinn,D,Elections,5,5,0,0,0.0
H0207,Delores L. McQuinn,D,"Pensions, Benefits, and Retirement",5,5,0,0,0.0
H0208,Charniele L. Herring,D,Contraceptives,5,5,0,0,0.0
H0208,Charniele L. Herring,D,Health,5,5,0,0,0.0
H0208,Charniele L. Herring,D,Local Government and Officials,5,5,0,0,0.0
H0208,Charniele L. Herring,D,"Pensions, Benefits, and Retirement",5,5,0,0,0.0
H0212,Betsy B. Carr,D,Elections,5,5,0,0,0.0
H0212,Betsy B. Carr,D,Local Government and Officials,5,5,1,0,0.0
H0212,Betsy B. Carr,D,"Pensions, Benefits, and Retirement",5,5,0,0,0.0
H0219,Patrick A. Hope,D,Contraceptives,5,5,0,0,0.0
H0219,Patrick A. Hope,D,Health,5,5,0,0,0.0
H0219,Patrick A. Hope,D,Unemployment Compensation,5,5,0,0,0.0
H0224,James W. Morefield,R,Elections,5,5,0,0,0.0
H0224,James W. Morefield,R,"Pensions, Benefits, and Retirement",5,5,0,0,0.0
H0227,Luke E. Torian,D,Elections,5,5,0,0,0.0
H0227,Luke E. Torian,D,"Pensions, Benefits, and Retirement",11,5,0,0,0.0
H0227,Luke E. Torian,D,Unemployment Compensation,6,5,0,0,0.0
H0231,Tony O. Wilt,R,Elections,5,5,0,0,0.0
H0238,M. Keith Hodges,R,Contraceptives,5,5,0,0,0.0
H0238,M. Keith Hodges,R,Elections,5,5,0,0,0.0
H0238,M. Keith Hodges,R,Health,5,5,0,0,0.0
H0239,Alfonso H. Lopez,D,Local Government and Officials,5,5,0,0,0.0
H0247,Michael J. Webert,R,Elections,5,5,0,0,0.0
H0253,Terry L. Austin,R,"Pensions, Benefits, and Retirement",5,5,0,0,0.0
H0259,"Hyland F. ""Buddy"" Fowler, Jr.",R,Elections,5,5,0,0,0.0
H0262,"James A. ""Jay"" Leftwich",R,Unemployment Compensation,5,5,0,0,0.0
H0264,Marcus B. Simon,D,Elections,5,5,0,0,0.0
H0264,Marcus B. Simon,D,Unemployment Compensation,5,5,0,0,0.0
H0266,Sam Rasoul,D,Contraceptives,5,5,0,0,0.0
H0266,Sam Rasoul,D,Health,5,5,0,0,0.0
H0266,Sam Rasoul,D,Unemployment Compensation,5,5,0,0,0.0
H0267,"Robert S. Bloxom, Jr.",R,"Pensions, Benefits, and Retirement",5,5,0,0,0.0
H0269,"Richard C. ""Rip"" Sullivan, Jr.",D,Elections,5,5,0,0,0.0
H0281,Paul E. Krizek,D,Local Government and Officials,5,5,0,0,0.0
H0281,Paul E. Krizek,D,"Pensions, Benefits, and Retirement",5,5,0,0,0.0
H0284,"Marcia S. ""Cia"" Price",D,Administration of Government,6,5,0,0,0.0
H0284,"Marcia S. ""Cia"" Price",D,Contraceptives,5,5,0,0,0.0
H0284,"Marcia S. ""Cia"" Price",D,Health,5,5,0,0,0.0
H0284,"Marcia S. ""Cia"" Price",D,"Pensions, Benefits, and Retirement",5,5,0,0,0.0
H0285,"C.E. Cliff Hayes, Jr.",D,Elections,5,5,0,0,0.0
H0294,Karrie K. Delaney,D,Unemployment Compensation,5,5,0,0,0.0
H0295,Kelly K. Convirs-Fowler,D,Local Government and Officials,5,5,0,0,0.0
H0297,Elizabeth R. Guzman,D,Elections,5,5,0,0,0.0
H0297,Elizabeth R. Guzman,D,Uncodified Legislation,6,5,0,0,0.0
H0297,Elizabeth R. Guzman,D,Unemployment Compensation,5,5,0,0,0.0
H0301,David A. Reid,D,"Pensions, Benefits, and Retirement",5,5,0,0,0.0
H0305,Kathy K.L. Tran,D,Elections,5,5,0,0,0.0
H0308,Joseph P. McNamara,R,Elections,5,5,0,0,0.0
H0308,Joseph P. McNamara,R,Property and Conveyances,5,5,0,0,0.0
H0308,Joseph P. McNamara,R,Unemployment Compensation,5,5,0,0,0.0
H0311,Alex Q. Askew,D,Elections,5,5,0,0,0.0
H0314,Joshua G. Cole,D,Administration of Government,6,5,0,0,0.0
H0314,Joshua G. Cole,D,Unemployment Compensation,5,5,0,0,0.0
H0317,Dan I. Helmer,D,Elections,5,5,0,0,0.0
H0317,Dan I. Helmer,D,Local Government and Officials,5,5,1,0,0.0
H0321,Chris S. Runion,R,Local Government and Officials,5,5,0,0,0.0
H0322,Don Scott,D,Elections,5,5,0,0,0.0
H0322,Don Scott,D,Unemployment Compensation,5,5,0,0,0.0
H0323,Shelly A. Simonds,D,Elections,5,5,0,0,0.0
H0325,Wendell S. Walker,R,Contraceptives,5,5,0,0,0.0
H0325,Wendell S. Walker,R,Elections,5,5,0,0,0.0
H0325,Wendell S. Walker,R,Health,5,5,0,0,0.0
H0325,Wendell S. Walker,R,Property and Conveyances,5,5,0,0,0.0
H0327,Rodney T. Willett,D,Elections,5,5,0,0,0.0
H0327,Rodney T. Willett,D,Local Government and Officials,5,5,0,0,0.0
H0328,Scott A. Wyatt,R,Elections,5,5,0,0,0.0
H0329,Bill Wiley,R,Elections,5,5,0,0,0.0
H0329,Bill Wiley,R,Local Government and Officials,5,5,0,0,0.0
H0329,Bill Wiley,R,"Pensions, Benefits, and Retirement",5,5,0,0,0.0
H0333,Jason S. Ballard,R,Elections,5,5,0,0,0.0
H0333,Jason S. Ballard,R,Local Government and Officials,5,5,0,0,0.0
H0334,Elizabeth B. Bennett-Parker,D,Elections,5,5,0,0,0.0
H0334,Elizabeth B. Bennett-Parker,D,Financial Institutions and Services,5,5,0,0,0.0
H0334,Elizabeth B. Bennett-Parker,D,Indian Tribes,5,5,0,0,0.0
H0334,Elizabeth B. Bennett-Parker,D,Property and Conveyances,5,5,0,0,0.0
H0335,Mike A. Cherry,R,Unemployment Compensation,5,5,0,0,0.0
H0336,Nadarius E. Clark,D,Elections,5,5,0,0,0.0
H0336,Nadarius E. Clark,D,Unemployment Compensation,6,5,0,0,0.0
H0340,Michelle Lopes Maldonado,D,Elections,5,5,0,0,0.0
H0342,Phillip A. Scott,R,Unemployment Compensation,5,5,0,0,0.0
H0343,Briana D. Sewell,D,Elections,5,5,0,0,0.0
H0343,Briana D. Sewell,D,"Pensions, Benefits, and Retirement",5,5,0,0,0.0
H0344,Irene Shin,D,Contraceptives,5,5,0,0,0.0
H0344,Irene Shin,D,Health,5,5,0,0,0.0
H0345,Anne Ferrell Tata,R,Elections,5,5,0,0,0.0
H0345,Anne Ferrell Tata,R,Unemployment Compensation,5,5,0,0,0.0
H0347,"H. Otto Wachsmann, Jr.",R,Contraceptives,5,5,0,0,0.0
H0347,"H. Otto Wachsmann, Jr.",R,Health,5,5,0,0,0.0
H0347,"H. Otto Wachsmann, Jr.",R,Unemployment Compensation,5,5,0,0,0.0
H0348,Wren M. Williams,R,Administration of Government,7,5,0,0,0.0
H0348,Wren M. Williams,R,Elections,5,5,0,0,0.0
H0348,Wren M. Williams,R,Indian Tribes,6,5,0,0,0.0
H0349,Jackie H. Glass,D,Unemployment Compensation,5,5,0,0,0.0
H0350,Ellen H. McLaughlin,R,Elections,5,5,0,0,0.0
H0350,Ellen H. McLaughlin,R,"Pensions, Benefits, and Retirement",5,5,0,0,0.0
H0351,Holly M. Seibold,D,Elections,5,5,0,0,0.0
H0351,Holly M. Seibold,D,Unemployment Compensation,5,5,0,0,0.0
H0353,Bonita G. Anthony,D,Property and Conveyances,5,5,0,0,0.0
H0354,Katrina Callsen,D,Administration of Government,5,5,0,0,0.0
H0354,Katrina Callsen,D,Unemployment Compensation,5,5,0,0,0.0
H0355,Laura Jane Cohen,D,Elections,5,5,0,0,0.0
H0356,Rae Cousins,D,Children,5,5,0,0,0.0
H0356,Rae Cousins,D,Elections,5,5,0,0,0.0
H0357,Will Davis,R,Elections,5,5,0,0,0.0
H0357,Will Davis,R,Unemployment Compensation,5,5,0,0,0.0
H0360,Michael B. Feggans,D,Elections,5,5,0,0,0.0
H0360,Michael B. Feggans,D,Local Government and Officials,5,5,0,0,0.0
H0361,Debra D. Gardner,D,Elections,5,5,0,0,0.0
H0361,Debra D. Gardner,D,Unemployment Compensation,5,5,0,0,0.0
H0362,"Thomas A. Garrett, Jr.",R,Elections,5,5,0,0,0.0
H0362,"Thomas A. Garrett, Jr.",R,Property and Conveyances,5,5,1,0,0.0
H0362,"Thomas A. Garrett, Jr.",R,Unemployment Compensation,5,5,0,0,0.0
H0364,Timothy P. Griffin,R,Elections,5,5,0,0,0.0
H0364,Timothy P. Griffin,R,Uncodified Legislation,6,5,1,0,0.0
H0364,Timothy P. Griffin,R,Unemployment Compensation,5,5,0,0,0.0
H0365,"Rozia A. Henson, Jr.",D,Unemployment Compensation,5,5,0,0,0.0
H0366,Phil M. Hernandez,D,Elections,5,5,0,0,0.0
H0366,Phil M. Hernandez,D,Uncodified Legislation,6,5,0,0,0.0
H0366,Phil M. Hernandez,D,Unemployment Compensation,5,5,0,0,0.0
H0369,Hillary Pugh Kent,R,Elections,5,5,0,0,0.0
H0369,Hillary Pugh Kent,R,Unemployment Compensation,5,5,0,0,0.0
H0370,Karen Keys-Gamarra,D,Elections,5,5,0,0,0.0
H0370,Karen Keys-Gamarra,D,Indian Tribes,6,5,0,0,0.0
H0370,Karen Keys-Gamarra,D,Unemployment Compensation,5,5,0,0,0.0
H0371,Amy J. Laufer,D,Elections,5,5,0,0,0.0
H0371,Amy J. Laufer,D,Local Government and Officials,5,5,0,0,0.0
H0371,Amy J. Laufer,D,"Pensions, Benefits, and Retirement",5,5,0,0,0.0
H0372,Destiny LeVere Bolling,D,Local Government and Officials,5,5,0,0,0.0
H0374,Marty Martinez,D,Elections,5,5,0,0,0.0
H0374,Marty Martinez,D,Unemployment Compensation,5,5,0,0,0.0
H0375,Adele Y. McClure,D,Elections,5,5,0,0,0.0
H0375,Adele Y. McClure,D,Unemployment Compensation,5,5,0,0,0.0
H0377,Delores Oates,R,Elections,5,5,0,0,0.0
H0377,Delores Oates,R,Unemployment Compensation,5,5,0,0,0.0
H0380,Atoosa R. Reaser,D,Elections,5,5,0,0,0.0
H0380,Atoosa R. Reaser,D,Unemployment Compensation,5,5,0,0,0.0
H0382,Joshua E. Thomas,D,Elections,5,5,0,0,0.0
H0382,Joshua E. Thomas,D,"Pensions, Benefits, and Retirement",5,5,0,0,0.0
H0383,Eric R. Zehr,R,Elections,5,5,0,0,0.0
H0383,Eric R. Zehr,R,Unemployment Compensation,5,5,0,0,0.0
H0384,Eric Phillips,R,Unemployment Compensation,5,5,0,0,0.0
H0386,Jessica L. Anderson,D,Elections,5,5,0,0,0.0
H0386,Jessica L. Anderson,D,Unemployment Compensation,5,5,0,0,0.0
H0387,"Karen R. ""Kacey"" Carnegie",D,Unemployment Compensation,5,5,0,0,0.0
H0388,Stacey Annie Carroll,D,Property and Conveyances,5,5,0,0,0.0
H0389,Nicole Cole,D,Administration of Government,5,5,0,0,0.0
H0389,Nicole Cole,D,Unemployment Compensation,5,5,0,0,0.0
H0390,Mitchell Cornett,R,Elections,5,5,0,0,0.0
H0390,Mitchell Cornett,R,Unemployment Compensation,5,5,0,0,0.0
H0391,Lindsey Dougherty,D,Elections,5,5,0,0,0.0
H0391,Lindsey Dougherty,D,Unemployment Compensation,5,5,0,0,0.0
H0392,Mark C. Downey,D,Contraceptives,5,5,0,0,0.0
H0392,Mark C. Downey,D,Elections,5,5,0,0,0.0
H0392,Mark C. Downey,D,Health,5,5,0,0,0.0
H0392,Mark C. Downey,D,Unemployment Compensation,5,5,0,0,0.0
H0393,Lily V. Franklin,D,Elections,5,5,0,0,0.0
H0393,Lily V. Franklin,D,Unemployment Compensation,5,5,0,0,0.0
H0394,Karen Hamilton,R,Elections,5,5,0,0,0.0
H0394,Karen Hamilton,R,Unemployment Compensation,5,5,0,0,0.0
H0395,John Chilton McAuliff,D,Unemployment Compensation,5,5,0,0,0.0
H0396,Leslie Chambers Mehta,D,Elections,5,5,0,0,0.0
H0396,Leslie Chambers Mehta,D,Unemployment Compensation,5,5,0,0,0.0
H0397,May Nivar,D,Elections,5,5,0,0,0.0
H0398,Justin Pence,R,Elections,5,5,0,0,0.0
H0398,Justin Pence,R,Unemployment Compensation,5,5,0,0,0.0
H0399,Kimberly Pope Adams,D,Elections,5,5,0,0,0.0
H0399,Kimberly Pope Adams,D,Unemployment Compensation,5,5,0,0,0.0
H0400,Virgil Thornton,D,Elections,5,5,0,0,0.0
H0400,Virgil Thornton,D,Unemployment Compensation,5,5,0,0,0.0
H0401,Madison Whittle,R,Elections,5,5,0,0,0.0
H0401,Madison Whittle,R,Unemployment Compensation,5,5,0,0,0.0
H0402,Charlie Schmidt,D,Unemployment Compensation,5,5,0,0,0.0
H0403,Gretchen M. Bulova,D,Elections,5,5,0,0,0.0
H0403,Gretchen M. Bulova,D,Unemployment Compensation,5,5,0,0,0.0
H0404,Margaret A. Franklin,D,Uncodified Legislation,6,5,0,0,0.0
H0404,Margaret A. Franklin,D,Unemployment Compensation,5,5,0,0,0.0
H0405,Garrett McGuire,D,Unemployment Compensation,5,5,0,0,0.0
H0406,Kirk McPike,D,Social Services,5,5,0,0,0.0
H0406,Kirk McPike,D,Unemployment Compensation,5,5,0,0,0.0
H0056,Terry G. Kilgore,R,Children,4,4,0,0,0.0
H0056,Terry G. Kilgore,R,Civil Remedies and Procedure,4,4,0,0,0.0
H0056,Terry G. Kilgore,R,Electronic Processes,4,4,0,0,0.0
H0056,Terry G. Kilgore,R,Local Government and Officials,4,4,0,0,0.0
H0056,Terry G. Kilgore,R,Public Service Companies,4,4,0,0,0.0
H0108,Vivian E. Watts,D,Administration of Government,4,4,0,0,0.0
H0108,Vivian E. Watts,D,Children,4,4,0,0,0.0
H0124,R. Lee Ware,R,Criminal Procedure,4,4,0,0,0.0
H0136,"Thomas C. Wright, Jr.",R,Uncodified Legislation,6,4,1,0,0.0
H0172,Mark D. Sickles,D,Constitutional Amendments,4,4,0,0,0.0
H0172,Mark D. Sickles,D,Unclassified,4,4,0,0,0.0
H0173,Jeion A. Ward,D,Local Government and Officials,5,4,0,0,0.0
H0177,David L. Bulova,D,Elections,4,4,0,0,0.0
H0177,David L. Bulova,D,Unclassified,4,4,0,0,0.0
H0207,Delores L. McQuinn,D,Administration of Government,4,4,0,0,0.0
H0207,Delores L. McQuinn,D,Criminal Procedure,4,4,0,0,0.0
H0207,Delores L. McQuinn,D,Local Government and Officials,4,4,0,0,0.0
H0208,Charniele L. Herring,D,Administration of Government,4,4,0,0,0.0
H0208,Charniele L. Herring,D,Criminal Procedure,4,4,0,0,0.0
H0208,Charniele L. Herring,D,Elections,5,4,0,0,0.0
H0212,Betsy B. Carr,D,Administration of Government,4,4,0,0,0.0
H0212,Betsy B. Carr,D,Criminal Procedure,4,4,0,0,0.0
H0219,Patrick A. Hope,D,Children,4,4,0,0,0.0
H0219,Patrick A. Hope,D,Civil Remedies and Procedure,4,4,0,0,0.0
H0219,Patrick A. Hope,D,Elections,5,4,0,0,0.0
H0219,Patrick A. Hope,D,Electronic Processes,4,4,0,0,0.0
H0224,James W. Morefield,R,Criminal Procedure,4,4,0,0,0.0
H0224,James W. Morefield,R,Local Government and Officials,4,4,0,0,0.0
H0227,Luke E. Torian,D,Administration of Government,4,4,0,0,0.0
H0231,Tony O. Wilt,R,Criminal Procedure,4,4,0,0,0.0
H0231,Tony O. Wilt,R,Local Government and Officials,4,4,0,0,0.0
H0231,Tony O. Wilt,R,Public Service Companies,4,4,0,0,0.0
H0238,M. Keith Hodges,R,Criminal Procedure,4,4,1,0,0.0
H0238,M. Keith Hodges,R,Local Government and Officials,4,4,0,0,0.0
H0238,M. Keith Hodges,R,Property and Conveyances,4,4,0,0,0.0
H0239,Alfonso H. Lopez,D,Criminal Procedure,4,4,0,0,0.0
H0239,Alfonso H. Lopez,D,Elections,5,4,0,0,0.0
H0242,Israel D. O'Quinn,R,Criminal Procedure,4,4,1,0,0.0
H0242,Israel D. O'Quinn,R,Domestic Relations,4,4,0,0,0.0
H0242,Israel D. O'Quinn,R,Local Government and Officials,4,4,0,0,0.0
H0247,Michael J. Webert,R,Criminal Procedure,4,4,0,0,0.0
H0247,Michael J. Webert,R,Local Government and Officials,4,4,0,0,0.0
H0253,Terry L. Austin,R,Criminal Procedure,4,4,0,0,0.0
H0253,Terry L. Austin,R,Local Government and Officials,4,4,0,0,0.0
H0259,"Hyland F. ""Buddy"" Fowler, Jr.",R,Unemployment Compensation,5,4,0,0,0.0
H0262,"James A. ""Jay"" Leftwich",R,Civil Remedies and Procedure,4,4,0,0,0.0
H0262,"James A. ""Jay"" Leftwich",R,Domestic Relations,4,4,0,0,0.0
H0262,"James A. ""Jay"" Leftwich",R,Electronic Processes,4,4,0,0,0.0
H0264,Marcus B. Simon,D,Administration of Government,4,4,0,0,0.0
H0264,Marcus B. Simon,D,Civil Remedies and Procedure,4,4,0,0,0.0
H0264,Marcus B. Simon,D,Electronic Processes,4,4,0,0,0.0
H0266,Sam Rasoul,D,Criminal Procedure,4,4,0,0,0.0
H0266,Sam Rasoul,D,Elections,5,4,0,0,0.0
H0267,"Robert S. Bloxom, Jr.",R,Criminal Procedure,4,4,0,0,0.0
H0267,"Robert S. Bloxom, Jr.",R,Local Government and Officials,5,4,0,0,0.0
H0269,"Richard C. ""Rip"" Sullivan, Jr.",D,Children,4,4,0,0,0.0
H0269,"Richard C. ""Rip"" Sullivan, Jr.",D,Civil Remedies and Procedure,4,4,0,0,0.0
H0269,"Richard C. ""Rip"" Sullivan, Jr.",D,Electronic Processes,4,4,0,0,0.0
H0269,"Richard C. ""Rip"" Sullivan, Jr.",D,Local Government and Officials,4,4,0,0,0.0
H0269,"Richard C. ""Rip"" Sullivan, Jr.",D,Public Service Companies,4,4,0,0,0.0
H0281,Paul E. Krizek,D,Criminal Procedure,4,4,0,0,0.0
H0281,Paul E. Krizek,D,Domestic Relations,4,4,0,0,0.0
H0284,"Marcia S. ""Cia"" Price",D,Criminal Procedure,4,4,0,0,0.0
H0284,"Marcia S. ""Cia"" Price",D,Local Government and Officials,4,4,0,0,0.0
H0285,"C.E. Cliff Hayes, Jr.",D,Administration of Government,4,4,0,0,0.0
H0285,"C.E. Cliff Hayes, Jr.",D,Contraceptives,4,4,0,0,0.0
H0285,"C.E. Cliff Hayes, Jr.",D,Criminal Procedure,4,4,0,0,0.0
H0285,"C.E. Cliff Hayes, Jr.",D,Health,4,4,0,0,0.0
H0285,"C.E. Cliff Hayes, Jr.",D,Local Government and Officials,4,4,0,0,0.0
H0285,"C.E. Cliff Hayes, Jr.",D,Property and Conveyances,4,4,0,0,0.0
H0294,Karrie K. Delaney,D,Administration of Government,4,4,0,0,0.0
H0294,Karrie K. Delaney,D,Children,4,4,0,0,0.0
H0294,Karrie K. Delaney,D,Civil Remedies and Procedure,4,4,0,0,0.0
H0294,Karrie K. Delaney,D,Elections,5,4,0,0,0.0
H0294,Karrie K. Delaney,D,Electronic Processes,4,4,0,0,0.0
H0295,Kelly K. Convirs-Fowler,D,Criminal Procedure,4,4,0,0,0.0
H0295,Kelly K. Convirs-Fowler,D,Domestic Relations,4,4,0,0,0.0
H0297,Elizabeth R. Guzman,D,Criminal Procedure,4,4,0,0,0.0
H0301,David A. Reid,D,Criminal Procedure,4,4,0,0,0.0
H0301,David A. Reid,D,Domestic Relations,4,4,0,0,0.0
H0301,David A. Reid,D,Local Government and Officials,4,4,0,0,0.0
H0305,Kathy K.L. Tran,D,Administration of Government,4,4,0,0,0.0
H0305,Kathy K.L. Tran,D,Contraceptives,4,4,0,0,0.0
H0305,Kathy K.L. Tran,D,Criminal Procedure,4,4,0,0,0.0
H0305,Kathy K.L. Tran,D,Health,4,4,0,0,0.0
H0305,Kathy K.L. Tran,D,Local Government and Officials,4,4,0,0,0.0
H0308,Joseph P. McNamara,R,Administration of Government,4,4,0,0,0.0
H0308,Joseph P. McNamara,R,Criminal Procedure,4,4,0,0,0.0
H0311,Alex Q. Askew,D,Administration of Government,4,4,0,0,0.0
H0311,Alex Q. Askew,D,Criminal Procedure,4,4,0,0,0.0
H0311,Alex Q. Askew,D,Local Government and Officials,4,4,0,0,0.0
H0311,Alex Q. Askew,D,Property and Conveyances,4,4,0,0,0.0
H0314,Joshua G. Cole,D,Contraceptives,4,4,0,0,0.0
H0314,Joshua G. Cole,D,Criminal Procedure,4,4,0,0,0.0
H0314,Joshua G. Cole,D,Health,4,4,0,0,0.0
H0317,Dan I. Helmer,D,Criminal Procedure,4,4,0,0,0.0
H0321,Chris S. Runion,R,Criminal Procedure,4,4,1,0,0.0
H0321,Chris S. Runion,R,Elections,5,4,0,0,0.0
H0322,Don Scott,D,Administration of Government,4,4,0,0,0.0
H0322,Don Scott,D,Criminal Procedure,4,4,0,0,0.0
H0323,Shelly A. Simonds,D,Administration of Government,4,4,0,0,0.0
H0323,Shelly A. Simonds,D,Criminal Procedure,4,4,0,0,0.0
H0323,Shelly A. Simonds,D,Local Government and Officials,4,4,0,0,0.0
H0323,Shelly A. Simonds,D,Property and Conveyances,4,4,0,0,0.0
H0325,Wendell S. Walker,R,Administration of Government,4,4,0,0,0.0
H0325,Wendell S. Walker,R,Unemployment Compensation,5,4,0,0,0.0
H0327,Rodney T. Willett,D,Administration of Government,4,4,0,0,0.0
H0327,Rodney T. Willett,D,Contraceptives,4,4,0,0,0.0
H0327,Rodney T. Willett,D,Criminal Procedure,4,4,0,0,0.0
H0327,Rodney T. Willett,D,Health,4,4,0,0,0.0
H0328,Scott A. Wyatt,R,Administration of Government,4,4,0,0,0.0
H0328,Scott A. Wyatt,R,Criminal Procedure,4,4,0,0,0.0
H0328,Scott A. Wyatt,R,Local Government and Officials,4,4,0,0,0.0
H0328,Scott A. Wyatt,R,Property and Conveyances,4,4,0,0,0.0
H0329,Bill Wiley,R,Criminal Procedure,4,4,0,0,0.0
H0330,Candi Mundon King,D,Constitutional Amendments,4,4,0,0,0.0
H0330,Candi Mundon King,D,Unclassified,4,4,0,0,0.0
H0333,Jason S. Ballard,R,Children,4,4,0,0,0.0
H0333,Jason S. Ballard,R,Civil Remedies and Procedure,4,4,0,0,0.0
H0333,Jason S. Ballard,R,Electronic Processes,4,4,0,0,0.0
H0334,Elizabeth B. Bennett-Parker,D,Professions and Occupations,7,4,0,0,0.0
H0335,Mike A. Cherry,R,Contraceptives,4,4,0,0,0.0
H0335,Mike A. Cherry,R,Criminal Procedure,4,4,0,0,0.0
H0335,Mike A. Cherry,R,Domestic Relations,4,4,0,0,0.0
H0335,Mike A. Cherry,R,Health,4,4,0,0,0.0
H0336,Nadarius E. Clark,D,Criminal Procedure,4,4,0,0,0.0
H0336,Nadarius E. Clark,D,Public Service Companies,4,4,0,0,0.0
H0340,Michelle Lopes Maldonado,D,Children,4,4,0,0,0.0
H0340,Michelle Lopes Maldonado,D,Civil Remedies and Procedure,4,4,0,0,0.0
H0340,Michelle Lopes Maldonado,D,Electronic Processes,4,4,0,0,0.0
H0340,Michelle Lopes Maldonado,D,Local Government and Officials,4,4,0,0,0.0
H0340,Michelle Lopes Maldonado,D,Property and Conveyances,4,4,0,0,0.0
H0342,Phillip A. Scott,R,Contraceptives,4,4,0,0,0.0
H0342,Phillip A. Scott,R,Criminal Procedure,4,4,1,0,0.0
H0342,Phillip A. Scott,R,Domestic Relations,4,4,0,0,0.0
H0342,Phillip A. Scott,R,Health,4,4,0,0,0.0
H0343,Briana D. Sewell,D,Administration of Government,4,4,0,0,0.0
H0343,Briana D. Sewell,D,Criminal Procedure,4,4,0,0,0.0
H0343,Briana D. Sewell,D,Local Government and Officials,4,4,0,0,0.0
H0343,Briana D. Sewell,D,Property and Conveyances,4,4,0,0,0.0
H0344,Irene Shin,D,Criminal Procedure,4,4,0,0,0.0
H0344,Irene Shin,D,Elections,5,4,0,0,0.0
H0344,Irene Shin,D,Local Government and Officials,4,4,0,0,0.0
H0344,Irene Shin,D,Property and Conveyances,4,4,0,0,0.0
H0344,Irene Shin,D,Public Service Companies,4,4,0,0,0.0
H0345,Anne Ferrell Tata,R,Administration of Government,4,4,0,0,0.0
H0345,Anne Ferrell Tata,R,Criminal Procedure,4,4,0,0,0.0
H0347,"H. Otto Wachsmann, Jr.",R,Criminal Procedure,4,4,0,0,0.0
H0347,"H. Otto Wachsmann, Jr.",R,Domestic Relations,4,4,0,0,0.0
H0348,Wren M. Williams,R,Civil Remedies and Procedure,4,4,1,0,0.0
H0348,Wren M. Williams,R,Electronic Processes,4,4,1,0,0.0
H0348,Wren M. Williams,R,Local Government and Officials,4,4,0,0,0.0
H0349,Jackie H. Glass,D,Criminal Procedure,4,4,0,0,0.0
H0349,Jackie H. Glass,D,Domestic Relations,4,4,0,0,0.0
H0350,Ellen H. McLaughlin,R,Criminal Procedure,4,4,0,0,0.0
H0350,Ellen H. McLaughlin,R,Local Government and Officials,4,4,0,0,0.0
H0350,Ellen H. McLaughlin,R,Property and Conveyances,4,4,0,0,0.0
H0351,Holly M. Seibold,D,Administration of Government,4,4,0,0,0.0
H0351,Holly M. Seibold,D,Criminal Procedure,4,4,0,0,0.0
H0353,Bonita G. Anthony,D,Criminal Procedure,4,4,0,0,0.0
H0353,Bonita G. Anthony,D,Domestic Relations,4,4,0,0,0.0
H0353,Bonita G. Anthony,D,Local Government and Officials,4,4,0,0,0.0
H0353,Bonita G. Anthony,D,Public Service Companies,4,4,0,0,0.0
H0354,Katrina Callsen,D,Children,4,4,0,0,0.0
H0354,Katrina Callsen,D,Civil Remedies and Procedure,4,4,0,0,0.0
H0354,Katrina Callsen,D,Electronic Processes,4,4,0,0,0.0
H0355,Laura Jane Cohen,D,Contraceptives,4,4,0,0,0.0
H0355,Laura Jane Cohen,D,Criminal Procedure,4,4,0,0,0.0
H0355,Laura Jane Cohen,D,Health,4,4,0,0,0.0
H0356,Rae Cousins,D,Civil Remedies and Procedure,4,4,0,0,0.0
H0356,Rae Cousins,D,Electronic Processes,4,4,0,0,0.0
H0356,Rae Cousins,D,Local Government and Officials,4,4,0,0,0.0
H0357,Will Davis,R,Children,4,4,0,0,0.0
H0357,Will Davis,R,Civil Remedies and Procedure,4,4,0,0,0.0
H0357,Will Davis,R,Electronic Processes,4,4,0,0,0.0
H0360,Michael B. Feggans,D,Criminal Procedure,4,4,0,0,0.0
H0360,Michael B. Feggans,D,Public Service Companies,4,4,0,0,0.0
H0361,Debra D. Gardner,D,Administration of Government,4,4,0,0,0.0
H0361,Debra D. Gardner,D,Contraceptives,4,4,0,0,0.0
H0361,Debra D. Gardner,D,Criminal Procedure,4,4,0,0,0.0
H0361,Debra D. Gardner,D,Health,4,4,0,0,0.0
H0362,"Thomas A. Garrett, Jr.",R,Uncodified Legislation,6,4,2,0,0.0
H0364,Timothy P. Griffin,R,Administration of Government,4,4,0,0,0.0
H0364,Timothy P. Griffin,R,Criminal Procedure,4,4,1,0,0.0
H0365,"Rozia A. Henson, Jr.",D,Contraceptives,4,4,0,0,0.0
H0365,"Rozia A. Henson, Jr.",D,Criminal Procedure,4,4,0,0,0.0
H0365,"Rozia A. Henson, Jr.",D,Domestic Relations,4,4,0,0,0.0
H0365,"Rozia A. Henson, Jr.",D,Health,4,4,0,0,0.0
H0366,Phil M. Hernandez,D,Children,4,4,0,0,0.0
H0366,Phil M. Hernandez,D,Civil Remedies and Procedure,4,4,0,0,0.0
H0366,Phil M. Hernandez,D,Electronic Processes,4,4,0,0,0.0
H0369,Hillary Pugh Kent,R,Administration of Government,4,4,0,0,0.0
H0369,Hillary Pugh Kent,R,Criminal Procedure,4,4,0,0,0.0
H0370,Karen Keys-Gamarra,D,Administration of Government,4,4,0,0,0.0
H0370,Karen Keys-Gamarra,D,Civil Remedies and Procedure,4,4,0,0,0.0
H0370,Karen Keys-Gamarra,D,Electronic Processes,4,4,0,0,0.0
H0371,Amy J. Laufer,D,Administration of Government,4,4,0,0,0.0
H0371,Amy J. Laufer,D,Criminal Procedure,4,4,0,0,0.0
H0372,Destiny LeVere Bolling,D,Criminal Procedure,4,4,0,0,0.0
H0372,Destiny LeVere Bolling,D,Domestic Relations,4,4,0,0,0.0
H0374,Marty Martinez,D,Administration of Government,4,4,0,0,0.0
H0374,Marty Martinez,D,Criminal Procedure,4,4,0,0,0.0
H0374,Marty Martinez,D,Property and Conveyances,4,4,0,0,0.0
H0375,Adele Y. McClure,D,Administration of Government,4,4,0,0,0.0
H0375,Adele Y. McClure,D,Criminal Procedure,4,4,0,0,0.0
H0377,Delores Oates,R,Administration of Government,4,4,0,0,0.0
H0377,Delores Oates,R,Criminal Procedure,4,4,0,0,0.0
H0380,Atoosa R. Reaser,D,Administration of Government,4,4,0,0,0.0
H0380,Atoosa R. Reaser,D,Civil Remedies and Procedure,4,4,0,0,0.0
H0380,Atoosa R. Reaser,D,Electronic Processes,4,4,0,0,0.0
H0382,Joshua E. Thomas,D,Administration of Government,4,4,0,0,0.0
H0382,Joshua E. Thomas,D,Criminal Procedure,4,4,0,0,0.0
H0382,Joshua E. Thomas,D,Local Government and Officials,4,4,0,0,0.0
H0383,Eric R. Zehr,R,Administration of Government,4,4,0,0,0.0
H0383,Eric R. Zehr,R,Criminal Procedure,4,4,1,0,0.0
H0384,Eric Phillips,R,Criminal Procedure,4,4,0,0,0.0
H0384,Eric Phillips,R,Domestic Relations,4,4,0,0,0.0
H0385,JJ Singh,D,Criminal Procedure,4,4,0,0,0.0
H0385,JJ Singh,D,Domestic Relations,4,4,0,0,0.0
H0385,JJ Singh,D,Local Government and Officials,4,4,0,0,0.0
H0386,Jessica L. Anderson,D,Administration of Government,4,4,0,0,0.0
H0386,Jessica L. Anderson,D,Criminal Procedure,4,4,0,0,0.0
H0387,"Karen R. ""Kacey"" Carnegie",D,Civil Remedies and Procedure,4,4,0,0,0.0
H0387,"Karen R. ""Kacey"" Carnegie",D,Domestic Relations,4,4,0,0,0.0
H0387,"Karen R. ""Kacey"" Carnegie",D,Electronic Processes,4,4,0,0,0.0
H0388,Stacey Annie Carroll,D,Criminal Procedure,4,4,0,0,0.0
H0388,Stacey Annie Carroll,D,Domestic Relations,4,4,0,0,0.0
H0388,Stacey Annie Carroll,D,Unemployment Compensation,5,4,0,0,0.0
H0389,Nicole Cole,D,Contraceptives,4,4,0,0,0.0
H0389,Nicole Cole,D,Criminal Procedure,4,4,0,0,0.0
H0389,Nicole Cole,D,Health,4,4,0,0,0.0
H0390,Mitchell Cornett,R,Administration of Government,4,4,0,0,0.0
H0390,Mitchell Cornett,R,Contraceptives,4,4,0,0,0.0
H0390,Mitchell Cornett,R,Criminal Procedure,4,4,0,0,0.0
H0390,Mitchell Cornett,R,Health,4,4,0,0,0.0
H0391,Lindsey Dougherty,D,Administration of Government,4,4,0,0,0.0
H0391,Lindsey Dougherty,D,Criminal Procedure,4,4,0,0,0.0
H0392,Mark C. Downey,D,Administration of Government,4,4,0,0,0.0
H0392,Mark C. Downey,D,Criminal Procedure,4,4,0,0,0.0
H0393,Lily V. Franklin,D,Administration of Government,4,4,0,0,0.0
H0393,Lily V. Franklin,D,Criminal Procedure,4,4,0,0,0.0
H0394,Karen Hamilton,R,Administration of Government,4,4,0,0,0.0
H0395,John Chilton McAuliff,D,Criminal Procedure,4,4,0,0,0.0
H0395,John Chilton McAuliff,D,Domestic Relations,4,4,0,0,0.0
H0396,Leslie Chambers Mehta,D,Administration of Government,4,4,0,0,0.0
H0396,Leslie Chambers Mehta,D,Children,4,4,0,0,0.0
H0396,Leslie Chambers Mehta,D,Civil Remedies and Procedure,4,4,0,0,0.0
H0396,Leslie Chambers Mehta,D,Electronic Processes,4,4,0,0,0.0
H0397,May Nivar,D,Criminal Procedure,4,4,0,0,0.0
H0397,May Nivar,D,Local Government and Officials,4,4,0,0,0.0
H0397,May Nivar,D,Public Service Companies,4,4,0,0,0.0
H0398,Justin Pence,R,Administration of Government,4,4,0,0,0.0
H0398,Justin Pence,R,Civil Remedies and Procedure,4,4,0,0,0.0
H0398,Justin Pence,R,Electronic Processes,4,4,0,0,0.0
H0399,Kimberly Pope Adams,D,Administration of Government,4,4,0,0,0.0
H0399,Kimberly Pope Adams,D,Criminal Procedure,4,4,0,0,0.0
H0400,Virgil Thornton,D,Administration of Government,4,4,0,0,0.0
H0400,Virgil Thornton,D,Civil Remedies and Procedure,4,4,0,0,0.0
H0400,Virgil Thornton,D,Electronic Processes,4,4,0,0,0.0
H0401,Madison Whittle,R,Children,4,4,0,0,0.0
H0401,Madison Whittle,R,Civil Remedies and Procedure,4,4,0,0,0.0
H0401,Madison Whittle,R,Electronic Processes,4,4,0,0,0.0
H0402,Charlie Schmidt,D,Civil Remedies and Procedure,4,4,0,0,0.0
H0402,Charlie Schmidt,D,Electronic Processes,4,4,0,0,0.0
H0403,Gretchen M. Bulova,D,Administration of Government,4,4,0,0,0.0
H0403,Gretchen M. Bulova,D,Criminal Procedure,4,4,0,0,0.0
H0404,Margaret A. Franklin,D,Criminal Procedure,4,4,0,0,0.0
H0405,Garrett McGuire,D,Contraceptives,4,4,0,0,0.0
H0405,Garrett McGuire,D,Criminal Procedure,4,4,0,0,0.0
H0405,Garrett McGuire,D,Health,4,4,0,0,0.0
H0405,Garrett McGuire,D,Property and Conveyances,4,4,0,0,0.0
H0406,Kirk McPike,D,Criminal Procedure,4,4,0,0,0.0
H0406,Kirk McPike,D,Uncodified Legislation,4,4,0,0,0.0
H0407,Andrew Rice,R,Education,5,4,0,0,0.0
H0407,Andrew Rice,R,Family and Children,4,4,0,0,0.0
H0056,Terry G. Kilgore,R,Contraceptives,3,3,0,0,0.0
H0056,Terry G. Kilgore,R,Health,3,3,0,0,0.0
H0056,Terry G. Kilgore,R,"Wills, Trusts, and Fiduciaries",3,3,0,0,0.0
H0056,Terry G. Kilgore,R,Wind Energy,3,3,0,0,0.0
H0108,Vivian E. Watts,D,Civil Remedies and Procedure,4,3,0,0,0.0
H0108,Vivian E. Watts,D,Contraceptives,3,3,0,0,0.0
H0108,Vivian E. Watts,D,Courts Not of Record,3,3,0,0,0.0
H0108,Vivian E. Watts,D,Electronic Processes,4,3,0,0,0.0
H0108,Vivian E. Watts,D,Health,3,3,0,0,0.0
H0108,Vivian E. Watts,D,Local Government and Officials,3,3,1,0,0.0
H0108,Vivian E. Watts,D,Property and Conveyances,4,3,0,0,0.0
H0124,R. Lee Ware,R,Civil Remedies and Procedure,3,3,0,0,0.0
H0124,R. Lee Ware,R,Contraceptives,3,3,0,0,0.0
H0124,R. Lee Ware,R,Electronic Processes,3,3,0,0,0.0
H0124,R. Lee Ware,R,Health,3,3,0,0,0.0
H0124,R. Lee Ware,R,Local Government and Officials,3,3,0,0,0.0
H0136,"Thomas C. Wright, Jr.",R,Administration of Government,4,3,0,0,0.0
H0136,"Thomas C. Wright, Jr.",R,Criminal Procedure,4,3,0,0,0.0
H0136,"Thomas C. Wright, Jr.",R,Local Government and Officials,3,3,0,0,0.0
H0136,"Thomas C. Wright, Jr.",R,Property and Conveyances,3,3,0,0,0.0
H0136,"Thomas C. Wright, Jr.",R,Unemployment Compensation,5,3,0,0,0.0
H0173,Jeion A. Ward,D,Children,3,3,0,0,0.0
H0173,Jeion A. Ward,D,Contraceptives,3,3,0,0,0.0
H0173,Jeion A. Ward,D,Criminal Procedure,4,3,0,0,0.0
H0173,Jeion A. Ward,D,Health,3,3,0,0,0.0
H0173,Jeion A. Ward,D,Property and Conveyances,3,3,0,0,0.0
H0173,Jeion A. Ward,D,Public Service Companies,3,3,0,0,0.0
H0173,Jeion A. Ward,D,Wind Energy,3,3,0,0,0.0
H0207,Delores L. McQuinn,D,Child Care,3,3,0,0,0.0
H0207,Delores L. McQuinn,D,Civil Remedies and Procedure,3,3,0,0,0.0
H0207,Delores L. McQuinn,D,Contraceptives,3,3,0,0,0.0
H0207,Delores L. McQuinn,D,Electronic Processes,3,3,0,0,0.0
H0207,Delores L. McQuinn,D,Health,3,3,0,0,0.0
H0207,Delores L. McQuinn,D,Property and Conveyances,3,3,0,0,0.0
H0208,Charniele L. Herring,D,Civil Remedies and Procedure,3,3,0,0,0.0
H0208,Charniele L. Herring,D,Electronic Processes,3,3,0,0,0.0
H0208,Charniele L. Herring,D,Property and Conveyances,3,3,0,0,0.0
H0212,Betsy B. Carr,D,Civil Remedies and Procedure,3,3,0,0,0.0
H0212,Betsy B. Carr,D,Contraceptives,3,3,0,0,0.0
H0212,Betsy B. Carr,D,Electronic Processes,3,3,0,0,0.0
H0212,Betsy B. Carr,D,Health,3,3,0,0,0.0
H0212,Betsy B. Carr,D,Property and Conveyances,3,3,0,0,0.0
H0219,Patrick A. Hope,D,Administration of Government,4,3,0,0,0.0
H0219,Patrick A. Hope,D,Courts Not of Record,3,3,0,0,0.0
H0219,Patrick A. Hope,D,Local Government and Officials,3,3,0,0,0.0
H0219,Patrick A. Hope,D,Trade and Commerce,3,3,0,0,0.0
H0224,James W. Morefield,R,Civil Remedies and Procedure,3,3,0,0,0.0
H0224,James W. Morefield,R,Contraceptives,3,3,0,0,0.0
H0224,James W. Morefield,R,Electronic Processes,3,3,0,0,0.0
H0224,James W. Morefield,R,Health,3,3,0,0,0.0
H0227,Luke E. Torian,D,Contraceptives,3,3,0,0,0.0
H0227,Luke E. Torian,D,Criminal Procedure,4,3,0,0,0.0
H0227,Luke E. Torian,D,Health,3,3,0,0,0.0
H0227,Luke E. Torian,D,Local Government and Officials,5,3,0,0,0.0
H0227,Luke E. Torian,D,Property and Conveyances,3,3,0,0,0.0
H0231,Tony O. Wilt,R,Children,3,3,0,0,0.0
H0231,Tony O. Wilt,R,Civil Remedies and Procedure,3,3,0,0,0.0
H0231,Tony O. Wilt,R,Contraceptives,3,3,0,0,0.0
H0231,Tony O. Wilt,R,Electronic Processes,3,3,0,0,0.0
H0231,Tony O. Wilt,R,Health,3,3,0,0,0.0
H0231,Tony O. Wilt,R,Trade and Commerce,3,3,0,0,0.0
H0231,Tony O. Wilt,R,Wind Energy,3,3,0,0,0.0
H0238,M. Keith Hodges,R,Civil Remedies and Procedure,3,3,1,0,0.0
H0238,M. Keith Hodges,R,Electronic Processes,3,3,1,0,0.0
H0239,Alfonso H. Lopez,D,Children,3,3,0,0,0.0
H0239,Alfonso H. Lopez,D,Civil Remedies and Procedure,3,3,0,0,0.0
H0239,Alfonso H. Lopez,D,Contraceptives,3,3,0,0,0.0
H0239,Alfonso H. Lopez,D,Electronic Processes,3,3,0,0,0.0
H0239,Alfonso H. Lopez,D,Health,3,3,0,0,0.0
H0239,Alfonso H. Lopez,D,Property and Conveyances,3,3,0,0,0.0
H0239,Alfonso H. Lopez,D,Public Service Companies,3,3,0,0,0.0
H0239,Alfonso H. Lopez,D,Trade and Commerce,3,3,0,0,0.0
H0239,Alfonso H. Lopez,D,Wind Energy,3,3,0,0,0.0
H0242,Israel D. O'Quinn,R,Children,3,3,0,0,0.0
H0242,Israel D. O'Quinn,R,Civil Remedies and Procedure,3,3,1,0,0.0
H0242,Israel D. O'Quinn,R,Contraceptives,3,3,0,0,0.0
H0242,Israel D. O'Quinn,R,Electronic Processes,3,3,1,0,0.0
H0242,Israel D. O'Quinn,R,Health,3,3,0,0,0.0
H0242,Israel D. O'Quinn,R,Public Service Companies,3,3,0,0,0.0
H0242,Israel D. O'Quinn,R,Wind Energy,3,3,0,0,0.0
H0247,Michael J. Webert,R,Civil Remedies and Procedure,3,3,0,0,0.0
H0247,Michael J. Webert,R,Contraceptives,3,3,0,0,0.0
H0247,Michael J. Webert,R,Electronic Processes,3,3,0,0,0.0
H0247,Michael J. Webert,R,Health,3,3,0,0,0.0
H0247,Michael J. Webert,R,Public Service Companies,3,3,0,0,0.0
H0247,Michael J. Webert,R,Trade and Commerce,3,3,0,0,0.0
H0247,Michael J. Webert,R,Wind Energy,3,3,2,0,0.0
H0253,Terry L. Austin,R,Civil Remedies and Procedure,3,3,0,0,0.0
H0253,Terry L. Austin,R,Contraceptives,3,3,0,0,0.0
H0253,Terry L. Austin,R,Elections,5,3,0,0,0.0
H0253,Terry L. Austin,R,Electronic Processes,3,3,0,0,0.0
H0253,Terry L. Austin,R,Health,3,3,0,0,0.0
H0253,Terry L. Austin,R,Property and Conveyances,3,3,0,0,0.0
H0259,"Hyland F. ""Buddy"" Fowler, Jr.",R,Contraceptives,3,3,0,0,0.0
H0259,"Hyland F. ""Buddy"" Fowler, Jr.",R,Criminal Procedure,4,3,0,0,0.0
H0259,"Hyland F. ""Buddy"" Fowler, Jr.",R,Health,3,3,0,0,0.0
H0259,"Hyland F. ""Buddy"" Fowler, Jr.",R,Local Government and Officials,3,3,0,0,0.0
H0259,"Hyland F. ""Buddy"" Fowler, Jr.",R,Property and Conveyances,3,3,0,0,0.0
H0262,"James A. ""Jay"" Leftwich",R,Children,3,3,0,0,0.0
H0262,"James A. ""Jay"" Leftwich",R,Contraceptives,3,3,0,0,0.0
H0262,"James A. ""Jay"" Leftwich",R,Health,3,3,0,0,0.0
H0262,"James A. ""Jay"" Leftwich",R,Local Government and Officials,3,3,0,0,0.0
H0262,"James A. ""Jay"" Leftwich",R,"Wills, Trusts, and Fiduciaries",3,3,0,0,0.0
H0264,Marcus B. Simon,D,Children,3,3,0,0,0.0
H0264,Marcus B. Simon,D,Contraceptives,3,3,0,0,0.0
H0264,Marcus B. Simon,D,Health,3,3,0,0,0.0
H0264,Marcus B. Simon,D,Local Government and Officials,3,3,0,0,0.0
H0264,Marcus B. Simon,D,Trade and Commerce,3,3,0,0,0.0
H0264,Marcus B. Simon,D,"Wills, Trusts, and Fiduciaries",3,3,0,0,0.0
H0266,Sam Rasoul,D,Administration of Government,4,3,0,0,0.0
H0266,Sam Rasoul,D,Civil Remedies and Procedure,3,3,0,0,0.0
H0266,Sam Rasoul,D,Electronic Processes,3,3,0,0,0.0
H0266,Sam Rasoul,D,Local Government and Officials,3,3,0,0,0.0
H0266,Sam Rasoul,D,Trade and Commerce,3,3,0,0,0.0
H0267,"Robert S. Bloxom, Jr.",R,Civil Remedies and Procedure,3,3,0,0,0.0
H0267,"Robert S. Bloxom, Jr.",R,Electronic Processes,3,3,0,0,0.0
H0267,"Robert S. Bloxom, Jr.",R,Property and Conveyances,3,3,0,0,0.0
H0269,"Richard C. ""Rip"" Sullivan, Jr.",D,Contraceptives,3,3,0,0,0.0
H0269,"Richard C. ""Rip"" Sullivan, Jr.",D,Health,3,3,0,0,0.0
H0269,"Richard C. ""Rip"" Sullivan, Jr.",D,Property and Conveyances,3,3,0,0,0.0
H0269,"Richard C. ""Rip"" Sullivan, Jr.",D,"Wills, Trusts, and Fiduciaries",3,3,0,0,0.0
H0269,"Richard C. ""Rip"" Sullivan, Jr.",D,Wind Energy,3,3,0,0,0.0
H0281,Paul E. Krizek,D,Civil Remedies and Procedure,3,3,0,0,0.0
H0281,Paul E. Krizek,D,Contraceptives,3,3,0,0,0.0
H0281,Paul E. Krizek,D,Electronic Processes,3,3,0,0,0.0
H0281,Paul E. Krizek,D,Health,3,3,0,0,0.0
H0281,Paul E. Krizek,D,Property and Conveyances,3,3,0,0,0.0
H0284,"Marcia S. ""Cia"" Price",D,Civil Remedies and Procedure,3,3,0,0,0.0
H0284,"Marcia S. ""Cia"" Price",D,Domestic Relations,4,3,0,0,0.0
H0284,"Marcia S. ""Cia"" Price",D,Electronic Processes,3,3,0,0,0.0
H0284,"Marcia S. ""Cia"" Price",D,Property and Conveyances,3,3,0,0,0.0
H0285,"C.E. Cliff Hayes, Jr.",D,Civil Remedies and Procedure,3,3,0,0,0.0
H0285,"C.E. Cliff Hayes, Jr.",D,Electronic Processes,3,3,0,0,0.0
H0294,Karrie K. Delaney,D,Contraceptives,3,3,0,0,0.0
H0294,Karrie K. Delaney,D,Courts Not of Record,3,3,0,0,0.0
H0294,Karrie K. Delaney,D,Health,3,3,0,0,0.0
H0294,Karrie K. Delaney,D,Local Government and Officials,3,3,0,0,0.0
H0295,Kelly K. Convirs-Fowler,D,Children,3,3,0,0,0.0
H0295,Kelly K. Convirs-Fowler,D,Civil Remedies and Procedure,3,3,0,0,0.0
H0295,Kelly K. Convirs-Fowler,D,Contraceptives,3,3,0,0,0.0
H0295,Kelly K. Convirs-Fowler,D,Electronic Processes,3,3,0,0,0.0
H0295,Kelly K. Convirs-Fowler,D,Health,3,3,0,0,0.0
H0295,Kelly K. Convirs-Fowler,D,Public Service Companies,3,3,0,0,0.0
H0295,Kelly K. Convirs-Fowler,D,Wind Energy,3,3,0,0,0.0
H0297,Elizabeth R. Guzman,D,Administration of Government,4,3,0,0,0.0
H0297,Elizabeth R. Guzman,D,Civil Remedies and Procedure,3,3,0,0,0.0
H0297,Elizabeth R. Guzman,D,Contraceptives,3,3,1,0,0.0
H0297,Elizabeth R. Guzman,D,Electronic Processes,3,3,0,0,0.0
H0297,Elizabeth R. Guzman,D,Health,3,3,1,0,0.0
H0297,Elizabeth R. Guzman,D,Local Government and Officials,3,3,0,0,0.0
H0301,David A. Reid,D,Civil Remedies and Procedure,3,3,0,0,0.0
H0301,David A. Reid,D,Contraceptives,3,3,0,0,0.0
H0301,David A. Reid,D,Electronic Processes,3,3,0,0,0.0
H0301,David A. Reid,D,Health,3,3,0,0,0.0
H0301,David A. Reid,D,Property and Conveyances,3,3,0,0,0.0
H0305,Kathy K.L. Tran,D,Civil Remedies and Procedure,3,3,0,0,0.0
H0305,Kathy K.L. Tran,D,Electronic Processes,3,3,0,0,0.0
H0305,Kathy K.L. Tran,D,Property and Conveyances,3,3,0,0,0.0
H0308,Joseph P. McNamara,R,Civil Remedies and Procedure,3,3,0,0,0.0
H0308,Joseph P. McNamara,R,Contraceptives,3,3,0,0,0.0
H0308,Joseph P. McNamara,R,Electronic Processes,3,3,0,0,0.0
H0308,Joseph P. McNamara,R,Health,3,3,0,0,0.0
H0308,Joseph P. McNamara,R,Local Government and Officials,3,3,0,0,0.0
H0308,Joseph P. McNamara,R,"Pensions, Benefits, and Retirement",3,3,0,0,0.0
H0311,Alex Q. Askew,D,Child Care,3,3,0,0,0.0
H0311,Alex Q. Askew,D,Civil Remedies and Procedure,3,3,0,0,0.0
H0311,Alex Q. Askew,D,Contraceptives,3,3,0,0,0.0
H0311,Alex Q. Askew,D,Electronic Processes,3,3,0,0,0.0
H0311,Alex Q. Askew,D,Health,3,3,0,0,0.0
H0314,Joshua G. Cole,D,Civil Remedies and Procedure,3,3,0,0,0.0
H0314,Joshua G. Cole,D,Domestic Relations,4,3,0,0,0.0
H0314,Joshua G. Cole,D,Electronic Processes,3,3,0,0,0.0
H0314,Joshua G. Cole,D,Local Government and Officials,3,3,0,0,0.0
H0317,Dan I. Helmer,D,Children,3,3,0,0,0.0
H0317,Dan I. Helmer,D,Civil Remedies and Procedure,3,3,0,0,0.0
H0317,Dan I. Helmer,D,Contraceptives,3,3,0,0,0.0
H0317,Dan I. Helmer,D,Electronic Processes,3,3,0,0,0.0
H0317,Dan I. Helmer,D,Health,3,3,0,0,0.0
H0317,Dan I. Helmer,D,Property and Conveyances,3,3,0,0,0.0
H0317,Dan I. Helmer,D,Trade and Commerce,3,3,0,0,0.0
H0317,Dan I. Helmer,D,Wind Energy,3,3,0,0,0.0
H0321,Chris S. Runion,R,Children,3,3,0,0,0.0
H0321,Chris S. Runion,R,Civil Remedies and Procedure,3,3,1,0,0.0
H0321,Chris S. Runion,R,Contraceptives,3,3,0,0,0.0
H0321,Chris S. Runion,R,Electronic Processes,3,3,1,0,0.0
H0321,Chris S. Runion,R,Health,3,3,0,0,0.0
H0321,Chris S. Runion,R,Property and Conveyances,3,3,0,0,0.0
H0321,Chris S. Runion,R,Public Service Companies,3,3,0,0,0.0
H0321,Chris S. Runion,R,Wind Energy,3,3,2,0,0.0
H0322,Don Scott,D,Civil Remedies and Procedure,3,3,0,0,0.0
H0322,Don Scott,D,Contraceptives,3,3,0,0,0.0
H0322,Don Scott,D,Electronic Processes,3,3,0,0,0.0
H0322,Don Scott,D,Health,3,3,0,0,0.0
H0322,Don Scott,D,Local Government and Officials,3,3,0,0,0.0
H0323,Shelly A. Simonds,D,Civil Remedies and Procedure,3,3,0,0,0.0
H0323,Shelly A. Simonds,D,Contraceptives,3,3,0,0,0.0
H0323,Shelly A. Simonds,D,Electronic Processes,3,3,0,0,0.0
H0323,Shelly A. Simonds,D,Health,3,3,0,0,0.0
H0325,Wendell S. Walker,R,Criminal Procedure,4,3,0,0,0.0
H0325,Wendell S. Walker,R,Local Government and Officials,3,3,0,0,0.0
H0327,Rodney T. Willett,D,Civil Remedies and Procedure,3,3,0,0,0.0
H0327,Rodney T. Willett,D,Electronic Processes,3,3,0,0,0.0
H0327,Rodney T. Willett,D,Property and Conveyances,3,3,0,0,0.0
H0328,Scott A. Wyatt,R,Civil Remedies and Procedure,3,3,0,0,0.0
H0328,Scott A. Wyatt,R,Contraceptives,3,3,0,0,0.0
H0328,Scott A. Wyatt,R,Electronic Processes,3,3,0,0,0.0
H0328,Scott A. Wyatt,R,Health,3,3,0,0,0.0
H0329,Bill Wiley,R,Civil Remedies and Procedure,3,3,0,0,0.0
H0329,Bill Wiley,R,Contraceptives,3,3,0,0,0.0
H0329,Bill Wiley,R,Electronic Processes,3,3,0,0,0.0
H0329,Bill Wiley,R,Health,3,3,0,0,0.0
H0329,Bill Wiley,R,Property and Conveyances,3,3,0,0,0.0
H0333,Jason S. Ballard,R,Contraceptives,3,3,0,0,0.0
H0333,Jason S. Ballard,R,Health,3,3,0,0,0.0
H0333,Jason S. Ballard,R,Public Service Companies,3,3,0,0,0.0
H0333,Jason S. Ballard,R,"Wills, Trusts, and Fiduciaries",3,3,0,0,0.0
H0333,Jason S. Ballard,R,Wind Energy,3,3,0,0,0.0
H0334,Elizabeth B. Bennett-Parker,D,Administration of Government,3,3,0,0,0.0
H0335,Mike A. Cherry,R,Civil Remedies and Procedure,3,3,0,0,0.0
H0335,Mike A. Cherry,R,Electronic Processes,3,3,0,0,0.0
H0335,Mike A. Cherry,R,Local Government and Officials,3,3,0,0,0.0
H0336,Nadarius E. Clark,D,Civil Remedies and Procedure,3,3,0,0,0.0
H0336,Nadarius E. Clark,D,Electronic Processes,3,3,0,0,0.0
H0336,Nadarius E. Clark,D,Wind Energy,3,3,0,0,0.0
H0340,Michelle Lopes Maldonado,D,Contraceptives,3,3,0,0,0.0
H0340,Michelle Lopes Maldonado,D,Health,3,3,0,0,0.0
H0340,Michelle Lopes Maldonado,D,"Pensions, Benefits, and Retirement",3,3,0,0,0.0
H0340,Michelle Lopes Maldonado,D,Public Service Companies,3,3,0,0,0.0
H0340,Michelle Lopes Maldonado,D,"Wills, Trusts, and Fiduciaries",3,3,0,0,0.0
H0340,Michelle Lopes Maldonado,D,Wind Energy,3,3,0,0,0.0
H0342,Phillip A. Scott,R,Civil Remedies and Procedure,3,3,1,0,0.0
H0342,Phillip A. Scott,R,Electronic Processes,3,3,1,0,0.0
H0342,Phillip A. Scott,R,Local Government and Officials,3,3,0,0,0.0
H0343,Briana D. Sewell,D,Child Care,3,3,0,0,0.0
H0343,Briana D. Sewell,D,Civil Remedies and Procedure,3,3,0,0,0.0
H0343,Briana D. Sewell,D,Contraceptives,3,3,0,0,0.0
H0343,Briana D. Sewell,D,Electronic Processes,3,3,0,0,0.0
H0343,Briana D. Sewell,D,Health,3,3,0,0,0.0
H0344,Irene Shin,D,Children,3,3,0,0,0.0
H0344,Irene Shin,D,Civil Remedies and Procedure,3,3,0,0,0.0
H0344,Irene Shin,D,Electronic Processes,3,3,0,0,0.0
H0344,Irene Shin,D,Wind Energy,3,3,0,0,0.0
H0345,Anne Ferrell Tata,R,Civil Remedies and Procedure,3,3,0,0,0.0
H0345,Anne Ferrell Tata,R,Contraceptives,3,3,0,0,0.0
H0345,Anne Ferrell Tata,R,Electronic Processes,3,3,0,0,0.0
H0345,Anne Ferrell Tata,R,Health,3,3,0,0,0.0
H0345,Anne Ferrell Tata,R,Local Government and Officials,3,3,0,0,0.0
H0345,Anne Ferrell Tata,R,Property and Conveyances,3,3,0,0,0.0
H0347,"H. Otto Wachsmann, Jr.",R,Civil Remedies and Procedure,3,3,0,0,0.0
H0347,"H. Otto Wachsmann, Jr.",R,Electronic Processes,3,3,0,0,0.0
H0347,"H. Otto Wachsmann, Jr.",R,Local Government and Officials,3,3,0,0,0.0
H0347,"H. Otto Wachsmann, Jr.",R,Property and Conveyances,3,3,0,0,0.0
H0349,Jackie H. Glass,D,Civil Remedies and Procedure,3,3,0,0,0.0
H0349,Jackie H. Glass,D,Contraceptives,3,3,0,0,0.0
H0349,Jackie H. Glass,D,Electronic Processes,3,3,0,0,0.0
H0349,Jackie H. Glass,D,Health,3,3,0,0,0.0
H0349,Jackie H. Glass,D,Local Government and Officials,3,3,0,0,0.0
H0349,Jackie H. Glass,D,Property and Conveyances,3,3,0,0,0.0
H0350,Ellen H. McLaughlin,R,Civil Remedies and Procedure,3,3,0,0,0.0
H0350,Ellen H. McLaughlin,R,Contraceptives,3,3,0,0,0.0
H0350,Ellen H. McLaughlin,R,Electronic Processes,3,3,0,0,0.0
H0350,Ellen H. McLaughlin,R,Health,3,3,0,0,0.0
H0351,Holly M. Seibold,D,Civil Remedies and Procedure,3,3,0,0,0.0
H0351,Holly M. Seibold,D,Contraceptives,3,3,0,0,0.0
H0351,Holly M. Seibold,D,Electronic Processes,3,3,0,0,0.0
H0351,Holly M. Seibold,D,Health,3,3,0,0,0.0
H0351,Holly M. Seibold,D,Local Government and Officials,3,3,0,0,0.0
H0351,Holly M. Seibold,D,Property and Conveyances,3,3,0,0,0.0
H0353,Bonita G. Anthony,D,Children,3,3,0,0,0.0
H0353,Bonita G. Anthony,D,Civil Remedies and Procedure,3,3,0,0,0.0
H0353,Bonita G. Anthony,D,Contraceptives,3,3,0,0,0.0
H0353,Bonita G. Anthony,D,Electronic Processes,3,3,0,0,0.0
H0353,Bonita G. Anthony,D,Health,3,3,0,0,0.0
H0353,Bonita G. Anthony,D,"Pensions, Benefits, and Retirement",3,3,0,0,0.0
H0353,Bonita G. Anthony,D,Wind Energy,3,3,0,0,0.0
H0354,Katrina Callsen,D,Contraceptives,3,3,0,0,0.0
H0354,Katrina Callsen,D,Courts Not of Record,3,3,0,0,0.0
H0354,Katrina Callsen,D,Domestic Relations,3,3,0,0,0.0
H0354,Katrina Callsen,D,Health,3,3,0,0,0.0
H0354,Katrina Callsen,D,Local Government and Officials,3,3,0,0,0.0
H0354,Katrina Callsen,D,"Pensions, Benefits, and Retirement",3,3,0,0,0.0
H0354,Katrina Callsen,D,Property and Conveyances,3,3,0,0,0.0
H0355,Laura Jane Cohen,D,Children,3,3,0,0,0.0
H0355,Laura Jane Cohen,D,Civil Remedies and Procedure,3,3,0,0,0.0
H0355,Laura Jane Cohen,D,Electronic Processes,3,3,0,0,0.0
H0355,Laura Jane Cohen,D,Local Government and Officials,4,3,0,0,0.0
H0355,Laura Jane Cohen,D,Property and Conveyances,3,3,0,0,0.0
H0355,Laura Jane Cohen,D,Public Service Companies,3,3,0,0,0.0
H0355,Laura Jane Cohen,D,Wind Energy,3,3,0,0,0.0
H0356,Rae Cousins,D,Contraceptives,3,3,0,0,0.0
H0356,Rae Cousins,D,Courts Not of Record,3,3,0,0,0.0
H0356,Rae Cousins,D,Health,3,3,0,0,0.0
H0356,Rae Cousins,D,Public Service Companies,3,3,0,0,0.0
H0356,Rae Cousins,D,Trade and Commerce,3,3,0,0,0.0
H0356,Rae Cousins,D,Wind Energy,3,3,0,0,0.0
H0357,Will Davis,R,Contraceptives,3,3,0,0,0.0
H0357,Will Davis,R,Courts Not of Record,3,3,0,0,0.0
H0357,Will Davis,R,Health,3,3,0,0,0.0
H0357,Will Davis,R,Local Government and Officials,3,3,0,0,0.0
H0357,Will Davis,R,"Pensions, Benefits, and Retirement",3,3,0,0,0.0
H0357,Will Davis,R,Property and Conveyances,3,3,0,0,0.0
H0360,Michael B. Feggans,D,Children,3,3,0,0,0.0
H0360,Michael B. Feggans,D,Civil Remedies and Procedure,3,3,0,0,0.0
H0360,Michael B. Feggans,D,Contraceptives,3,3,0,0,0.0
H0360,Michael B. Feggans,D,Electronic Processes,3,3,0,0,0.0
H0360,Michael B. Feggans,D,Health,3,3,0,0,0.0
H0360,Michael B. Feggans,D,Trade and Commerce,3,3,0,0,0.0
H0360,Michael B. Feggans,D,Wind Energy,3,3,0,0,0.0
H0361,Debra D. Gardner,D,Civil Remedies and Procedure,3,3,0,0,0.0
H0361,Debra D. Gardner,D,Electronic Processes,3,3,0,0,0.0
H0361,Debra D. Gardner,D,Local Government and Officials,3,3,0,0,0.0
H0361,Debra D. Gardner,D,"Pensions, Benefits, and Retirement",3,3,0,0,0.0
H0361,Debra D. Gardner,D,Property and Conveyances,3,3,0,0,0.0
H0361,Debra D. Gardner,D,Trade and Commerce,3,3,0,0,0.0
H0362,"Thomas A. Garrett, Jr.",R,Administration of Government,4,3,0,0,0.0
H0362,"Thomas A. Garrett, Jr.",R,Civil Remedies and Procedure,3,3,1,0,0.0
H0362,"Thomas A. Garrett, Jr.",R,Criminal Procedure,4,3,1,0,0.0
H0362,"Thomas A. Garrett, Jr.",R,Electronic Processes,3,3,1,0,0.0
H0362,"Thomas A. Garrett, Jr.",R,Local Government and Officials,3,3,0,0,0.0
H0364,Timothy P. Griffin,R,Civil Remedies and Procedure,3,3,1,0,0.0
H0364,Timothy P. Griffin,R,Contraceptives,4,3,0,0,0.0
H0364,Timothy P. Griffin,R,Electronic Processes,3,3,1,0,0.0
H0364,Timothy P. Griffin,R,Health,4,3,0,0,0.0
H0364,Timothy P. Griffin,R,Local Government and Officials,3,3,0,0,0.0
H0364,Timothy P. Griffin,R,Property and Conveyances,3,3,0,0,0.0
H0365,"Rozia A. Henson, Jr.",D,Civil Remedies and Procedure,3,3,0,0,0.0
H0365,"Rozia A. Henson, Jr.",D,Electronic Processes,3,3,0,0,0.0
H0365,"Rozia A. Henson, Jr.",D,Local Government and Officials,3,3,0,0,0.0
H0365,"Rozia A. Henson, Jr.",D,Property and Conveyances,3,3,0,0,0.0
H0366,Phil M. Hernandez,D,Administration of Government,4,3,0,0,0.0
H0366,Phil M. Hernandez,D,Contraceptives,3,3,0,0,0.0
H0366,Phil M. Hernandez,D,Courts Not of Record,3,3,0,0,0.0
H0366,Phil M. Hernandez,D,Health,3,3,0,0,0.0
H0366,Phil M. Hernandez,D,Local Government and Officials,3,3,0,0,0.0
H0366,Phil M. Hernandez,D,"Pensions, Benefits, and Retirement",3,3,0,0,0.0
H0366,Phil M. Hernandez,D,Property and Conveyances,3,3,0,0,0.0
H0369,Hillary Pugh Kent,R,Civil Remedies and Procedure,3,3,0,0,0.0
H0369,Hillary Pugh Kent,R,Contraceptives,3,3,0,0,0.0
H0369,Hillary Pugh Kent,R,Electronic Processes,3,3,0,0,0.0
H0369,Hillary Pugh Kent,R,Health,3,3,0,0,0.0
H0369,Hillary Pugh Kent,R,Local Government and Officials,3,3,0,0,0.0
H0370,Karen Keys-Gamarra,D,Children,3,3,0,0,0.0
H0370,Karen Keys-Gamarra,D,Contraceptives,3,3,0,0,0.0
H0370,Karen Keys-Gamarra,D,Health,3,3,0,0,0.0
H0370,Karen Keys-Gamarra,D,Local Government and Officials,3,3,0,0,0.0
H0370,Karen Keys-Gamarra,D,"Wills, Trusts, and Fiduciaries",3,3,0,0,0.0
H0371,Amy J. Laufer,D,Child Care,3,3,0,0,0.0
H0371,Amy J. Laufer,D,Civil Remedies and Procedure,3,3,0,0,0.0
H0371,Amy J. Laufer,D,Contraceptives,3,3,0,0,0.0
H0371,Amy J. Laufer,D,Electronic Processes,3,3,0,0,0.0
H0371,Amy J. Laufer,D,Health,3,3,0,0,0.0
H0371,Amy J. Laufer,D,Property and Conveyances,3,3,0,0,0.0
H0372,Destiny LeVere Bolling,D,Children,3,3,0,0,0.0
H0372,Destiny LeVere Bolling,D,Civil Remedies and Procedure,3,3,0,0,0.0
H0372,Destiny LeVere Bolling,D,Contraceptives,3,3,0,0,0.0
H0372,Destiny LeVere Bolling,D,Electronic Processes,3,3,0,0,0.0
H0372,Destiny LeVere Bolling,D,Health,3,3,0,0,0.0
H0372,Destiny LeVere Bolling,D,Public Service Companies,3,3,0,0,0.0
H0372,Destiny LeVere Bolling,D,Wind Energy,3,3,0,0,0.0
H0374,Marty Martinez,D,Civil Remedies and Procedure,3,3,0,0,0.0
H0374,Marty Martinez,D,Contraceptives,3,3,0,0,0.0
H0374,Marty Martinez,D,Electronic Processes,3,3,0,0,0.0
H0374,Marty Martinez,D,Health,3,3,0,0,0.0
H0374,Marty Martinez,D,Local Government and Officials,3,3,0,0,0.0
H0375,Adele Y. McClure,D,Civil Remedies and Procedure,3,3,0,0,0.0
H0375,Adele Y. McClure,D,Contraceptives,3,3,0,0,0.0
H0375,Adele Y. McClure,D,Electronic Processes,3,3,0,0,0.0
H0375,Adele Y. McClure,D,Health,3,3,0,0,0.0
H0375,Adele Y. McClure,D,Local Government and Officials,3,3,0,0,0.0
H0375,Adele Y. McClure,D,Trade and Commerce,3,3,0,0,0.0
H0377,Delores Oates,R,Civil Remedies and Procedure,3,3,0,0,0.0
H0377,Delores Oates,R,Contraceptives,3,3,0,0,0.0
H0377,Delores Oates,R,Electronic Processes,3,3,0,0,0.0
H0377,Delores Oates,R,Health,3,3,0,0,0.0
H0377,Delores Oates,R,Local Government and Officials,3,3,0,0,0.0
H0377,Delores Oates,R,Property and Conveyances,3,3,0,0,0.0
H0377,Delores Oates,R,Trade and Commerce,3,3,0,0,0.0
H0380,Atoosa R. Reaser,D,Children,3,3,0,0,0.0
H0380,Atoosa R. Reaser,D,Contraceptives,3,3,0,0,0.0
H0380,Atoosa R. Reaser,D,Health,3,3,0,0,0.0
H0380,Atoosa R. Reaser,D,Local Government and Officials,3,3,0,0,0.0
H0380,Atoosa R. Reaser,D,"Wills, Trusts, and Fiduciaries",3,3,0,0,0.0
H0382,Joshua E. Thomas,D,Civil Remedies and Procedure,3,3,0,0,0.0
H0382,Joshua E. Thomas,D,Contraceptives,3,3,0,0,0.0
H0382,Joshua E. Thomas,D,Electronic Processes,3,3,0,0,0.0
H0382,Joshua E. Thomas,D,Health,3,3,0,0,0.0
H0382,Joshua E. Thomas,D,Property and Conveyances,3,3,0,0,0.0
H0382,Joshua E. Thomas,D,Trade and Commerce,3,3,0,0,0.0
H0383,Eric R. Zehr,R,Civil Remedies and Procedure,3,3,1,0,0.0
H0383,Eric R. Zehr,R,Contraceptives,3,3,0,0,0.0
H0383,Eric R. Zehr,R,Electronic Processes,3,3,1,0,0.0
H0383,Eric R. Zehr,R,Health,3,3,0,0,0.0
H0383,Eric R. Zehr,R,Local Government and Officials,3,3,0,0,0.0
H0383,Eric R. Zehr,R,Trade and Commerce,3,3,0,0,0.0
H0384,Eric Phillips,R,Civil Remedies and Procedure,3,3,0,0,0.0
H0384,Eric Phillips,R,Contraceptives,3,3,0,0,0.0
H0384,Eric Phillips,R,Electronic Processes,3,3,0,0,0.0
H0384,Eric Phillips,R,Health,3,3,0,0,0.0
H0384,Eric Phillips,R,Local Government and Officials,3,3,0,0,0.0
H0384,Eric Phillips,R,Trade and Commerce,3,3,0,0,0.0
H0385,JJ Singh,D,Children,3,3,0,0,0.0
H0385,JJ Singh,D,Civil Remedies and Procedure,3,3,0,0,0.0
H0385,JJ Singh,D,Contraceptives,3,3,0,0,0.0
H0385,JJ Singh,D,Electronic Processes,3,3,0,0,0.0
H0385,JJ Singh,D,Health,3,3,0,0,0.0
H0385,JJ Singh,D,Property and Conveyances,3,3,0,0,0.0
H0385,JJ Singh,D,Public Service Companies,3,3,0,0,0.0
H0385,JJ Singh,D,Wind Energy,3,3,0,0,0.0
H0386,Jessica L. Anderson,D,Civil Remedies and Procedure,3,3,0,0,0.0
H0386,Jessica L. Anderson,D,Contraceptives,3,3,0,0,0.0
H0386,Jessica L. Anderson,D,Electronic Processes,3,3,0,0,0.0
H0386,Jessica L. Anderson,D,Health,3,3,0,0,0.0
H0386,Jessica L. Anderson,D,Local Government and Officials,3,3,0,0,0.0
H0386,Jessica L. Anderson,D,Property and Conveyances,3,3,0,0,0.0
H0386,Jessica L. Anderson,D,Trade and Commerce,3,3,0,0,0.0
H0387,"Karen R. ""Kacey"" Carnegie",D,Children,3,3,0,0,0.0
H0387,"Karen R. ""Kacey"" Carnegie",D,Contraceptives,3,3,0,0,0.0
H0387,"Karen R. ""Kacey"" Carnegie",D,Health,3,3,0,0,0.0
H0387,"Karen R. ""Kacey"" Carnegie",D,Local Government and Officials,3,3,0,0,0.0
H0387,"Karen R. ""Kacey"" Carnegie",D,"Wills, Trusts, and Fiduciaries",3,3,0,0,0.0
H0388,Stacey Annie Carroll,D,Civil Remedies and Procedure,3,3,0,0,0.0
H0388,Stacey Annie Carroll,D,Contraceptives,3,3,0,0,0.0
H0388,Stacey Annie Carroll,D,Electronic Processes,3,3,0,0,0.0
H0388,Stacey Annie Carroll,D,Health,3,3,0,0,0.0
H0389,Nicole Cole,D,Civil Remedies and Procedure,3,3,0,0,0.0
H0389,Nicole Cole,D,Domestic Relations,3,3,0,0,0.0
H0389,Nicole Cole,D,Electronic Processes,3,3,0,0,0.0
H0389,Nicole Cole,D,Local Government and Officials,3,3,0,0,0.0
H0390,Mitchell Cornett,R,Civil Remedies and Procedure,3,3,0,0,0.0
H0390,Mitchell Cornett,R,Electronic Processes,3,3,0,0,0.0
H0390,Mitchell Cornett,R,Local Government and Officials,3,3,0,0,0.0
H0390,Mitchell Cornett,R,Trade and Commerce,3,3,0,0,0.0
H0391,Lindsey Dougherty,D,Civil Remedies and Procedure,3,3,0,0,0.0
H0391,Lindsey Dougherty,D,Contraceptives,3,3,0,0,0.0
H0391,Lindsey Dougherty,D,Electronic Processes,3,3,0,0,0.0
H0391,Lindsey Dougherty,D,Health,3,3,0,0,0.0
H0391,Lindsey Dougherty,D,Local Government and Officials,3,3,0,0,0.0
H0392,Mark C. Downey,D,Civil Remedies and Procedure,3,3,0,0,0.0
H0392,Mark C. Downey,D,Electronic Processes,3,3,0,0,0.0
H0392,Mark C. Downey,D,Local Government and Officials,3,3,0,0,0.0
H0392,Mark C. Downey,D,Property and Conveyances,3,3,0,0,0.0
H0393,Lily V. Franklin,D,Civil Remedies and Procedure,3,3,0,0,0.0
H0393,Lily V. Franklin,D,Contraceptives,3,3,0,0,0.0
H0393,Lily V. Franklin,D,Electronic Processes,3,3,0,0,0.0
H0393,Lily V. Franklin,D,Health,3,3,0,0,0.0
H0393,Lily V. Franklin,D,Local Government and Officials,3,3,0,0,0.0
H0393,Lily V. Franklin,D,Property and Conveyances,3,3,0,0,0.0
H0394,Karen Hamilton,R,Contraceptives,3,3,0,0,0.0
H0394,Karen Hamilton,R,Criminal Procedure,4,3,0,0,0.0
H0394,Karen Hamilton,R,Health,3,3,0,0,0.0
H0394,Karen Hamilton,R,Local Government and Officials,3,3,0,0,0.0
H0394,Karen Hamilton,R,Property and Conveyances,3,3,2,0,0.0
H0394,Karen Hamilton,R,Trade and Commerce,3,3,0,0,0.0
H0395,John Chilton McAuliff,D,Civil Remedies and Procedure,3,3,0,0,0.0
H0395,John Chilton McAuliff,D,Contraceptives,3,3,0,0,0.0
H0395,John Chilton McAuliff,D,Electronic Processes,3,3,0,0,0.0
H0395,John Chilton McAuliff,D,Health,3,3,0,0,0.0
H0395,John Chilton McAuliff,D,Local Government and Officials,3,3,0,0,0.0
H0396,Leslie Chambers Mehta,D,Contraceptives,3,3,0,0,0.0
H0396,Leslie Chambers Mehta,D,Courts Not of Record,3,3,0,0,0.0
H0396,Leslie Chambers Mehta,D,Health,3,3,0,0,0.0
H0396,Leslie Chambers Mehta,D,Local Government and Officials,3,3,0,0,0.0
H0397,May Nivar,D,Children,3,3,0,0,0.0
H0397,May Nivar,D,Civil Remedies and Procedure,3,3,0,0,0.0
H0397,May Nivar,D,Contraceptives,3,3,0,0,0.0
H0397,May Nivar,D,Electronic Processes,3,3,0,0,0.0
H0397,May Nivar,D,Health,3,3,0,0,0.0
H0397,May Nivar,D,Property and Conveyances,3,3,0,0,0.0
H0397,May Nivar,D,Wind Energy,3,3,0,0,0.0
H0398,Justin Pence,R,Children,3,3,0,0,0.0
H0398,Justin Pence,R,Contraceptives,3,3,0,0,0.0
H0398,Justin Pence,R,Health,3,3,0,0,0.0
H0398,Justin Pence,R,Local Government and Officials,3,3,0,0,0.0
H0398,Justin Pence,R,Property and Conveyances,3,3,0,0,0.0
H0399,Kimberly Pope Adams,D,Civil Remedies and Procedure,3,3,0,0,0.0
H0399,Kimberly Pope Adams,D,Contraceptives,3,3,0,0,0.0
H0399,Kimberly Pope Adams,D,Electronic Processes,3,3,0,0,0.0
H0399,Kimberly Pope Adams,D,Health,3,3,0,0,0.0
H0399,Kimberly Pope Adams,D,Local Government and Officials,3,3,0,0,0.0
H0399,Kimberly Pope Adams,D,"Pensions, Benefits, and Retirement",3,3,0,0,0.0
H0399,Kimberly Pope Adams,D,Property and Conveyances,3,3,0,0,0.0
H0399,Kimberly Pope Adams,D,Trade and Commerce,3,3,0,0,0.0
H0400,Virgil Thornton,D,Children,3,3,0,0,0.0
H0400,Virgil Thornton,D,Contraceptives,3,3,0,0,0.0
H0400,Virgil Thornton,D,Health,3,3,0,0,0.0
H0400,Virgil Thornton,D,Local Government and Officials,3,3,0,0,0.0
H0400,Virgil Thornton,D,Property and Conveyances,3,3,0,0,0.0
H0400,Virgil Thornton,D,"Wills, Trusts, and Fiduciaries",3,3,0,0,0.0
H0401,Madison Whittle,R,Contraceptives,3,3,0,0,0.0
H0401,Madison Whittle,R,Courts Not of Record,3,3,0,0,0.0
H0401,Madison Whittle,R,Health,3,3,0,0,0.0
H0401,Madison Whittle,R,Local Government and Officials,3,3,0,0,0.0
H0402,Charlie Schmidt,D,Administration of Government,3,3,0,0,0.0
H0402,Charlie Schmidt,D,Children,4,3,0,0,0.0
H0402,Charlie Schmidt,D,Contraceptives,3,3,0,0,0.0
H0402,Charlie Schmidt,D,Elections,3,3,0,0,0.0
H0402,Charlie Schmidt,D,Health,3,3,0,0,0.0
H0402,Charlie Schmidt,D,Local Government and Officials,3,3,0,0,0.0
H0402,Charlie Schmidt,D,Property and Conveyances,3,3,0,0,0.0
H0403,Gretchen M. Bulova,D,Civil Remedies and Procedure,3,3,0,0,0.0
H0403,Gretchen M. Bulova,D,Contraceptives,3,3,0,0,0.0
H0403,Gretchen M. Bulova,D,Electronic Processes,3,3,0,0,0.0
H0403,Gretchen M. Bulova,D,Health,3,3,0,0,0.0
H0403,Gretchen M. Bulova,D,Local Government and Officials,3,3,0,0,0.0
H0403,Gretchen M. Bulova,D,"Pensions, Benefits, and Retirement",3,3,0,0,0.0
H0403,Gretchen M. Bulova,D,Property and Conveyances,3,3,0,0,0.0
H0404,Margaret A. Franklin,D,Administration of Government,3,3,0,0,0.0
H0404,Margaret A. Franklin,D,Civil Remedies and Procedure,3,3,0,0,0.0
H0404,Margaret A. Franklin,D,Contraceptives,3,3,0,0,0.0
H0404,Margaret A. Franklin,D,Elections,3,3,0,0,0.0
H0404,Margaret A. Franklin,D,Electronic Processes,3,3,0,0,0.0
H0404,Margaret A. Franklin,D,Health,3,3,0,0,0.0
H0404,Margaret A. Franklin,D,Local Government and Officials,3,3,0,0,0.0
H0405,Garrett McGuire,D,Administration of Government,3,3,0,0,0.0
H0405,Garrett McGuire,D,Civil Remedies and Procedure,3,3,0,0,0.0
H0405,Garrett McGuire,D,Elections,3,3,0,0,0.0
H0405,Garrett McGuire,D,Electronic Processes,3,3,0,0,0.0
H0405,Garrett McGuire,D,Local Government and Officials,3,3,0,0,0.0
H0406,Kirk McPike,D,Civil Remedies and Procedure,3,3,0,0,0.0
H0406,Kirk McPike,D,Electronic Processes,3,3,0,0,0.0
H0406,Kirk McPike,D,Financial Institutions and Services,3,3,0,0,0.0
H0406,Kirk McPike,D,"Gambling, Lotteries, Etc.",3,3,0,0,0.0
H0406,Kirk McPike,D,Professions and Occupations,3,3,0,0,0.0
H0407,Andrew Rice,R,Behavioral Health,3,3,0,0,0.0
H0407,Andrew Rice,R,Local Government,3,3,0,0,0.0
H0407,Andrew Rice,R,Public Safety,3,3,0,0,0.0
H0056,Terry G. Kilgore,R,Courts Not of Record,2,2,0,0,0.0
H0056,Terry G. Kilgore,R,Domestic Relations,2,2,0,0,0.0
H0056,Terry G. Kilgore,R,"Pensions, Benefits, and Retirement",2,2,0,0,0.0
H0056,Terry G. Kilgore,R,Property and Conveyances,2,2,0,0,0.0
H0056,Terry G. Kilgore,R,Trade and Commerce,2,2,0,0,0.0
H0108,Vivian E. Watts,D,Domestic Relations,2,2,0,0,0.0
H0108,Vivian E. Watts,D,Motor Vehicles,2,2,0,0,0.0
H0108,Vivian E. Watts,D,"Pensions, Benefits, and Retirement",2,2,0,0,0.0
H0108,Vivian E. Watts,D,Public Service Companies,2,2,0,0,0.0
H0108,Vivian E. Watts,D,Trade and Commerce,2,2,0,0,0.0
H0108,Vivian E. Watts,D,"Wills, Trusts, and Fiduciaries",2,2,0,0,0.0
H0124,R. Lee Ware,R,Children,2,2,0,0,0.0
H0124,R. Lee Ware,R,Domestic Relations,2,2,0,0,0.0
H0124,R. Lee Ware,R,"Pensions, Benefits, and Retirement",2,2,0,0,0.0
H0124,R. Lee Ware,R,Public Service Companies,2,2,0,0,0.0
H0124,R. Lee Ware,R,Trade and Commerce,2,2,0,0,0.0
H0136,"Thomas C. Wright, Jr.",R,Children,2,2,0,0,0.0
H0136,"Thomas C. Wright, Jr.",R,Civil Remedies and Procedure,3,2,0,0,0.0
H0136,"Thomas C. Wright, Jr.",R,Contraceptives,3,2,0,0,0.0
H0136,"Thomas C. Wright, Jr.",R,Domestic Relations,2,2,0,0,0.0
H0136,"Thomas C. Wright, Jr.",R,Electronic Processes,3,2,0,0,0.0
H0136,"Thomas C. Wright, Jr.",R,Health,3,2,0,0,0.0
H0136,"Thomas C. Wright, Jr.",R,"Pensions, Benefits, and Retirement",2,2,0,0,0.0
H0136,"Thomas C. Wright, Jr.",R,Trade and Commerce,2,2,0,0,0.0
H0172,Mark D. Sickles,D,Elections,2,2,0,0,0.0
H0173,Jeion A. Ward,D,Civil Remedies and Procedure,3,2,0,0,0.0
H0173,Jeion A. Ward,D,Domestic Relations,2,2,0,0,0.0
H0173,Jeion A. Ward,D,Electronic Processes,3,2,0,0,0.0
H0173,Jeion A. Ward,D,Motor Vehicles,2,2,0,0,0.0
H0173,Jeion A. Ward,D,"Pensions, Benefits, and Retirement",2,2,0,0,0.0
H0173,Jeion A. Ward,D,Trade and Commerce,2,2,0,0,0.0
H0177,David L. Bulova,D,Administration of Government,2,2,0,0,0.0
H0177,David L. Bulova,D,Domestic Relations,2,2,0,0,0.0
H0177,David L. Bulova,D,General Assembly,2,2,0,0,0.0
H0207,Delores L. McQuinn,D,Children,2,2,0,0,0.0
H0207,Delores L. McQuinn,D,Domestic Relations,2,2,0,0,0.0
H0207,Delores L. McQuinn,D,Motor Vehicles,2,2,0,0,0.0
H0207,Delores L. McQuinn,D,Public Service Companies,2,2,0,0,0.0
H0207,Delores L. McQuinn,D,Trade and Commerce,2,2,0,0,0.0
H0207,Delores L. McQuinn,D,Wind Energy,2,2,0,0,0.0
H0208,Charniele L. Herring,D,Child Care,2,2,0,0,0.0
H0208,Charniele L. Herring,D,Children,2,2,0,0,0.0
H0208,Charniele L. Herring,D,"Commissions, Boards, and Institutions Generally",2,2,0,0,0.0
H0208,Charniele L. Herring,D,Domestic Relations,2,2,0,0,0.0
H0208,Charniele L. Herring,D,Educational Institutions,2,2,0,0,0.0
H0208,Charniele L. Herring,D,Public Service Companies,2,2,0,0,0.0
H0208,Charniele L. Herring,D,Trade and Commerce,2,2,0,0,0.0
H0208,Charniele L. Herring,D,Wind Energy,2,2,0,0,0.0
H0212,Betsy B. Carr,D,Arts and Humanities,2,2,0,0,0.0
H0212,Betsy B. Carr,D,Child Care,2,2,0,0,0.0
H0212,Betsy B. Carr,D,Children,2,2,0,0,0.0
H0212,Betsy B. Carr,D,Domestic Relations,2,2,0,0,0.0
H0212,Betsy B. Carr,D,Motor Vehicles,2,2,0,0,0.0
H0212,Betsy B. Carr,D,Public Service Companies,2,2,0,0,0.0
H0212,Betsy B. Carr,D,Trade and Commerce,2,2,0,0,0.0
H0212,Betsy B. Carr,D,Wind Energy,2,2,0,0,0.0
H0219,Patrick A. Hope,D,"Commissions, Boards, and Institutions Generally",2,2,0,0,0.0
H0219,Patrick A. Hope,D,Educational Institutions,2,2,0,0,0.0
H0219,Patrick A. Hope,D,"Pensions, Benefits, and Retirement",2,2,0,0,0.0
H0219,Patrick A. Hope,D,Property and Conveyances,2,2,0,0,0.0
H0219,Patrick A. Hope,D,Public Service Companies,2,2,0,0,0.0
H0219,Patrick A. Hope,D,"Wills, Trusts, and Fiduciaries",2,2,0,0,0.0
H0224,James W. Morefield,R,Arts and Humanities,2,2,0,0,0.0
H0224,James W. Morefield,R,Child Care,2,2,0,0,0.0
H0224,James W. Morefield,R,Children,2,2,0,0,0.0
H0224,James W. Morefield,R,Domestic Relations,2,2,0,0,0.0
H0224,James W. Morefield,R,Trade and Commerce,2,2,0,0,0.0
H0224,James W. Morefield,R,Wind Energy,2,2,0,0,0.0
H0227,Luke E. Torian,D,Arts and Humanities,2,2,0,0,0.0
H0227,Luke E. Torian,D,Child Care,2,2,0,0,0.0
H0227,Luke E. Torian,D,Children,2,2,0,0,0.0
H0227,Luke E. Torian,D,Civil Remedies and Procedure,3,2,0,0,0.0
H0227,Luke E. Torian,D,Domestic Relations,2,2,0,0,0.0
H0227,Luke E. Torian,D,Electronic Processes,3,2,0,0,0.0
H0227,Luke E. Torian,D,Public Service Companies,2,2,0,0,0.0
H0227,Luke E. Torian,D,Trade and Commerce,2,2,0,0,0.0
H0227,Luke E. Torian,D,Wind Energy,2,2,0,0,0.0
H0231,Tony O. Wilt,R,Domestic Relations,2,2,0,0,0.0
H0231,Tony O. Wilt,R,"Pensions, Benefits, and Retirement",2,2,0,0,0.0
H0231,Tony O. Wilt,R,Property and Conveyances,2,2,0,0,0.0
H0238,M. Keith Hodges,R,Child Care,2,2,0,0,0.0
H0238,M. Keith Hodges,R,Children,2,2,0,0,0.0
H0238,M. Keith Hodges,R,"Commissions, Boards, and Institutions Generally",2,2,0,0,0.0
H0238,M. Keith Hodges,R,Domestic Relations,2,2,0,0,0.0
H0238,M. Keith Hodges,R,Educational Institutions,2,2,0,0,0.0
H0238,M. Keith Hodges,R,Public Service Companies,2,2,0,0,0.0
H0238,M. Keith Hodges,R,Trade and Commerce,2,2,0,0,0.0
H0238,M. Keith Hodges,R,Wind Energy,2,2,0,0,0.0
H0239,Alfonso H. Lopez,D,Domestic Relations,2,2,0,0,0.0
H0239,Alfonso H. Lopez,D,"Pensions, Benefits, and Retirement",2,2,0,0,0.0
H0242,Israel D. O'Quinn,R,General Assembly,2,2,0,0,0.0
H0242,Israel D. O'Quinn,R,Motor Vehicles,2,2,0,0,0.0
H0242,Israel D. O'Quinn,R,"Pensions, Benefits, and Retirement",2,2,0,0,0.0
H0242,Israel D. O'Quinn,R,Property and Conveyances,2,2,0,0,0.0
H0242,Israel D. O'Quinn,R,Trade and Commerce,2,2,0,0,0.0
H0247,Michael J. Webert,R,Children,3,2,0,0,0.0
H0247,Michael J. Webert,R,Domestic Relations,2,2,0,0,0.0
H0247,Michael J. Webert,R,"Pensions, Benefits, and Retirement",2,2,0,0,0.0
H0247,Michael J. Webert,R,Property and Conveyances,2,2,0,0,0.0
H0253,Terry L. Austin,R,Arts and Humanities,2,2,0,0,0.0
H0253,Terry L. Austin,R,Child Care,2,2,0,0,0.0
H0253,Terry L. Austin,R,Children,2,2,0,0,0.0
H0253,Terry L. Austin,R,Motor Vehicles,2,2,0,0,0.0
H0253,Terry L. Austin,R,Public Service Companies,2,2,0,0,0.0
H0253,Terry L. Austin,R,Trade and Commerce,2,2,0,0,0.0
H0253,Terry L. Austin,R,Wind Energy,2,2,0,0,0.0
H0259,"Hyland F. ""Buddy"" Fowler, Jr.",R,Arts and Humanities,2,2,0,0,0.0
H0259,"Hyland F. ""Buddy"" Fowler, Jr.",R,Children,2,2,0,0,0.0
H0259,"Hyland F. ""Buddy"" Fowler, Jr.",R,Civil Remedies and Procedure,3,2,0,0,0.0
H0259,"Hyland F. ""Buddy"" Fowler, Jr.",R,Domestic Relations,2,2,0,0,0.0
H0259,"Hyland F. ""Buddy"" Fowler, Jr.",R,Electronic Processes,3,2,0,0,0.0
H0259,"Hyland F. ""Buddy"" Fowler, Jr.",R,Public Service Companies,2,2,0,0,0.0
H0259,"Hyland F. ""Buddy"" Fowler, Jr.",R,Trade and Commerce,2,2,0,0,0.0
H0262,"James A. ""Jay"" Leftwich",R,Courts Not of Record,2,2,0,0,0.0
H0262,"James A. ""Jay"" Leftwich",R,General Assembly,2,2,0,0,0.0
H0262,"James A. ""Jay"" Leftwich",R,"Pensions, Benefits, and Retirement",2,2,0,0,0.0
H0262,"James A. ""Jay"" Leftwich",R,Property and Conveyances,2,2,0,0,0.0
H0262,"James A. ""Jay"" Leftwich",R,Public Service Companies,2,2,0,0,0.0
H0262,"James A. ""Jay"" Leftwich",R,Trade and Commerce,2,2,0,0,0.0
H0264,Marcus B. Simon,D,Arts and Humanities,2,2,0,0,0.0
H0264,Marcus B. Simon,D,Courts Not of Record,2,2,0,0,0.0
H0264,Marcus B. Simon,D,Domestic Relations,2,2,0,0,0.0
H0264,Marcus B. Simon,D,"Pensions, Benefits, and Retirement",2,2,0,0,0.0
H0264,Marcus B. Simon,D,Property and Conveyances,2,2,0,0,0.0
H0264,Marcus B. Simon,D,Public Service Companies,2,2,0,0,0.0
H0266,Sam Rasoul,D,Child Care,2,2,0,0,0.0
H0266,Sam Rasoul,D,Children,2,2,0,0,0.0
H0266,Sam Rasoul,D,"Commissions, Boards, and Institutions Generally",2,2,0,0,0.0
H0266,Sam Rasoul,D,Educational Institutions,2,2,0,0,0.0
H0266,Sam Rasoul,D,"Pensions, Benefits, and Retirement",2,2,0,0,0.0
H0266,Sam Rasoul,D,Property and Conveyances,2,2,0,0,0.0
H0266,Sam Rasoul,D,Public Service Companies,2,2,0,0,0.0
H0267,"Robert S. Bloxom, Jr.",R,Arts and Humanities,2,2,0,0,0.0
H0267,"Robert S. Bloxom, Jr.",R,Child Care,2,2,0,0,0.0
H0267,"Robert S. Bloxom, Jr.",R,Children,2,2,0,0,0.0
H0267,"Robert S. Bloxom, Jr.",R,General Assembly,2,2,0,0,0.0
H0267,"Robert S. Bloxom, Jr.",R,Trade and Commerce,2,2,0,0,0.0
H0267,"Robert S. Bloxom, Jr.",R,Wind Energy,2,2,0,0,0.0
H0269,"Richard C. ""Rip"" Sullivan, Jr.",D,Courts Not of Record,2,2,0,0,0.0
H0269,"Richard C. ""Rip"" Sullivan, Jr.",D,Domestic Relations,2,2,0,0,0.0
H0269,"Richard C. ""Rip"" Sullivan, Jr.",D,"Pensions, Benefits, and Retirement",2,2,0,0,0.0
H0269,"Richard C. ""Rip"" Sullivan, Jr.",D,Trade and Commerce,2,2,0,0,0.0
H0281,Paul E. Krizek,D,Arts and Humanities,2,2,0,0,0.0
H0281,Paul E. Krizek,D,Child Care,2,2,0,0,0.0
H0281,Paul E. Krizek,D,Children,2,2,0,0,0.0
H0281,Paul E. Krizek,D,General Assembly,2,2,0,0,0.0
H0281,Paul E. Krizek,D,Public Service Companies,2,2,0,0,0.0
H0281,Paul E. Krizek,D,Trade and Commerce,2,2,0,0,0.0
H0281,Paul E. Krizek,D,Wind Energy,2,2,0,0,0.0
H0284,"Marcia S. ""Cia"" Price",D,Arts and Humanities,2,2,1,0,0.0
H0284,"Marcia S. ""Cia"" Price",D,Child Care,2,2,0,0,0.0
H0284,"Marcia S. ""Cia"" Price",D,Children,2,2,0,0,0.0
H0284,"Marcia S. ""Cia"" Price",D,"Commissions, Boards, and Institutions Generally",2,2,0,0,0.0
H0284,"Marcia S. ""Cia"" Price",D,Educational Institutions,2,2,0,0,0.0
H0284,"Marcia S. ""Cia"" Price",D,General Assembly,2,2,0,0,0.0
H0284,"Marcia S. ""Cia"" Price",D,Public Service Companies,2,2,0,0,0.0
H0284,"Marcia S. ""Cia"" Price",D,Trade and Commerce,2,2,0,0,0.0
H0285,"C.E. Cliff Hayes, Jr.",D,Child Care,2,2,0,0,0.0
H0285,"C.E. Cliff Hayes, Jr.",D,Children,2,2,0,0,0.0
H0285,"C.E. Cliff Hayes, Jr.",D,"Commissions, Boards, and Institutions Generally",2,2,0,0,0.0
H0285,"C.E. Cliff Hayes, Jr.",D,Domestic Relations,2,2,0,0,0.0
H0285,"C.E. Cliff Hayes, Jr.",D,Educational Institutions,2,2,0,0,0.0
H0285,"C.E. Cliff Hayes, Jr.",D,Public Service Companies,2,2,0,0,0.0
H0285,"C.E. Cliff Hayes, Jr.",D,Trade and Commerce,2,2,0,0,0.0
H0285,"C.E. Cliff Hayes, Jr.",D,Wind Energy,2,2,0,0,0.0
H0294,Karrie K. Delaney,D,Arts and Humanities,2,2,0,0,0.0
H0294,Karrie K. Delaney,D,Domestic Relations,2,2,0,0,0.0
H0294,Karrie K. Delaney,D,Motor Vehicles,2,2,0,0,0.0
H0294,Karrie K. Delaney,D,"Pensions, Benefits, and Retirement",2,2,0,0,0.0
H0294,Karrie K. Delaney,D,Property and Conveyances,2,2,0,0,0.0
H0294,Karrie K. Delaney,D,Public Service Companies,2,2,0,0,0.0
H0294,Karrie K. Delaney,D,Trade and Commerce,2,2,0,0,0.0
H0294,Karrie K. Delaney,D,"Wills, Trusts, and Fiduciaries",2,2,0,0,0.0
H0295,Kelly K. Convirs-Fowler,D,Child Care,2,2,0,0,0.0
H0295,Kelly K. Convirs-Fowler,D,General Assembly,2,2,0,0,0.0
H0295,Kelly K. Convirs-Fowler,D,"Pensions, Benefits, and Retirement",2,2,0,0,0.0
H0295,Kelly K. Convirs-Fowler,D,Trade and Commerce,2,2,0,0,0.0
H0297,Elizabeth R. Guzman,D,Child Care,2,2,0,0,0.0
H0297,Elizabeth R. Guzman,D,Children,2,2,0,0,0.0
H0297,Elizabeth R. Guzman,D,Domestic Relations,2,2,0,0,0.0
H0297,Elizabeth R. Guzman,D,"Pensions, Benefits, and Retirement",2,2,0,0,0.0
H0297,Elizabeth R. Guzman,D,Property and Conveyances,2,2,0,0,0.0
H0297,Elizabeth R. Guzman,D,Public Service Companies,2,2,0,0,0.0
H0297,Elizabeth R. Guzman,D,Trade and Commerce,2,2,0,0,0.0
H0301,David A. Reid,D,Child Care,2,2,0,0,0.0
H0301,David A. Reid,D,Children,2,2,0,0,0.0
H0301,David A. Reid,D,General Assembly,2,2,0,0,0.0
H0301,David A. Reid,D,Motor Vehicles,2,2,0,0,0.0
H0301,David A. Reid,D,Public Service Companies,2,2,0,0,0.0
H0301,David A. Reid,D,Trade and Commerce,2,2,0,0,0.0
H0301,David A. Reid,D,Wind Energy,2,2,0,0,0.0
H0305,Kathy K.L. Tran,D,Child Care,2,2,0,0,0.0
H0305,Kathy K.L. Tran,D,Children,2,2,0,0,0.0
H0305,Kathy K.L. Tran,D,"Commissions, Boards, and Institutions Generally",2,2,0,0,0.0
H0305,Kathy K.L. Tran,D,Domestic Relations,2,2,0,0,0.0
H0305,Kathy K.L. Tran,D,Educational Institutions,2,2,0,0,0.0
H0305,Kathy K.L. Tran,D,Public Service Companies,2,2,0,0,0.0
H0305,Kathy K.L. Tran,D,Trade and Commerce,2,2,0,0,0.0
H0305,Kathy K.L. Tran,D,Wind Energy,2,2,0,0,0.0
H0308,Joseph P. McNamara,R,Children,2,2,0,0,0.0
H0308,Joseph P. McNamara,R,Public Service Companies,2,2,0,0,0.0
H0308,Joseph P. McNamara,R,Trade and Commerce,2,2,0,0,0.0
H0311,Alex Q. Askew,D,Children,2,2,0,0,0.0
H0311,Alex Q. Askew,D,Domestic Relations,2,2,0,0,0.0
H0311,Alex Q. Askew,D,Public Service Companies,2,2,0,0,0.0
H0311,Alex Q. Askew,D,Trade and Commerce,2,2,0,0,0.0
H0311,Alex Q. Askew,D,Wind Energy,2,2,0,0,0.0
H0314,Joshua G. Cole,D,Arts and Humanities,2,2,0,0,0.0
H0314,Joshua G. Cole,D,Children,2,2,0,0,0.0
H0314,Joshua G. Cole,D,"Commissions, Boards, and Institutions Generally",2,2,0,0,0.0
H0314,Joshua G. Cole,D,Educational Institutions,2,2,0,0,0.0
H0314,Joshua G. Cole,D,General Assembly,2,2,0,0,0.0
H0314,Joshua G. Cole,D,"Pensions, Benefits, and Retirement",2,2,0,0,0.0
H0314,Joshua G. Cole,D,Property and Conveyances,2,2,0,0,0.0
H0314,Joshua G. Cole,D,Public Service Companies,2,2,0,0,0.0
H0314,Joshua G. Cole,D,Trade and Commerce,2,2,0,0,0.0
H0317,Dan I. Helmer,D,Domestic Relations,2,2,0,0,0.0
H0317,Dan I. Helmer,D,"Pensions, Benefits, and Retirement",2,2,0,0,0.0
H0317,Dan I. Helmer,D,Public Service Companies,3,2,0,0,0.0
H0321,Chris S. Runion,R,Domestic Relations,2,2,0,0,0.0
H0321,Chris S. Runion,R,"Pensions, Benefits, and Retirement",2,2,0,0,0.0
H0321,Chris S. Runion,R,Trade and Commerce,2,2,0,0,0.0
H0322,Don Scott,D,Children,2,2,0,0,0.0
H0322,Don Scott,D,Domestic Relations,2,2,0,0,0.0
H0322,Don Scott,D,"Pensions, Benefits, and Retirement",2,2,0,0,0.0
H0322,Don Scott,D,Property and Conveyances,2,2,0,0,0.0
H0322,Don Scott,D,Public Service Companies,2,2,0,0,0.0
H0322,Don Scott,D,Trade and Commerce,2,2,0,0,0.0
H0323,Shelly A. Simonds,D,Child Care,3,2,0,0,0.0
H0323,Shelly A. Simonds,D,Children,2,2,0,0,0.0
H0323,Shelly A. Simonds,D,Domestic Relations,2,2,0,0,0.0
H0323,Shelly A. Simonds,D,Public Service Companies,2,2,0,0,0.0
H0323,Shelly A. Simonds,D,Trade and Commerce,2,2,0,0,0.0
H0323,Shelly A. Simonds,D,Wind Energy,2,2,0,0,0.0
H0325,Wendell S. Walker,R,Children,2,2,0,0,0.0
H0325,Wendell S. Walker,R,Civil Remedies and Procedure,3,2,0,0,0.0
H0325,Wendell S. Walker,R,Domestic Relations,2,2,0,0,0.0
H0325,Wendell S. Walker,R,Electronic Processes,3,2,0,0,0.0
H0325,Wendell S. Walker,R,"Pensions, Benefits, and Retirement",2,2,0,0,0.0
H0325,Wendell S. Walker,R,Public Service Companies,2,2,0,0,0.0
H0325,Wendell S. Walker,R,Trade and Commerce,2,2,0,0,0.0
H0327,Rodney T. Willett,D,Child Care,2,2,0,0,0.0
H0327,Rodney T. Willett,D,Children,2,2,0,0,0.0
H0327,Rodney T. Willett,D,"Commissions, Boards, and Institutions Generally",2,2,0,0,0.0
H0327,Rodney T. Willett,D,Domestic Relations,2,2,0,0,0.0
H0327,Rodney T. Willett,D,Educational Institutions,2,2,0,0,0.0
H0327,Rodney T. Willett,D,Public Service Companies,2,2,0,0,0.0
H0327,Rodney T. Willett,D,Trade and Commerce,2,2,0,0,0.0
H0327,Rodney T. Willett,D,Wind Energy,2,2,0,0,0.0
H0328,Scott A. Wyatt,R,Child Care,2,2,0,0,0.0
H0328,Scott A. Wyatt,R,Children,2,2,0,0,0.0
H0328,Scott A. Wyatt,R,Domestic Relations,2,2,0,0,0.0
H0328,Scott A. Wyatt,R,Motor Vehicles,2,2,0,0,0.0
H0328,Scott A. Wyatt,R,Public Service Companies,2,2,0,0,0.0
H0328,Scott A. Wyatt,R,Trade and Commerce,2,2,0,0,0.0
H0328,Scott A. Wyatt,R,Wind Energy,2,2,0,0,0.0
H0329,Bill Wiley,R,Arts and Humanities,2,2,0,0,0.0
H0329,Bill Wiley,R,Child Care,2,2,0,0,0.0
H0329,Bill Wiley,R,Children,2,2,0,0,0.0
H0329,Bill Wiley,R,Domestic Relations,2,2,0,0,0.0
H0329,Bill Wiley,R,Motor Vehicles,2,2,0,0,0.0
H0329,Bill Wiley,R,Public Service Companies,2,2,0,0,0.0
H0329,Bill Wiley,R,Trade and Commerce,2,2,0,0,0.0
H0329,Bill Wiley,R,Wind Energy,2,2,0,0,0.0
H0330,Candi Mundon King,D,Elections,2,2,0,0,0.0
H0333,Jason S. Ballard,R,Courts Not of Record,2,2,0,0,0.0
H0333,Jason S. Ballard,R,Domestic Relations,2,2,0,0,0.0
H0333,Jason S. Ballard,R,Motor Vehicles,2,2,0,0,0.0
H0333,Jason S. Ballard,R,"Pensions, Benefits, and Retirement",2,2,0,0,0.0
H0333,Jason S. Ballard,R,Property and Conveyances,2,2,0,0,0.0
H0333,Jason S. Ballard,R,Trade and Commerce,2,2,0,0,0.0
H0334,Elizabeth B. Bennett-Parker,D,Domestic Relations,2,2,0,0,0.0
H0334,Elizabeth B. Bennett-Parker,D,Trade and Commerce,2,2,0,0,0.0
H0334,Elizabeth B. Bennett-Parker,D,Uncodified Legislation,2,2,0,0,0.0
H0335,Mike A. Cherry,R,Child Care,2,2,0,0,0.0
H0335,Mike A. Cherry,R,Children,2,2,0,0,0.0
H0335,Mike A. Cherry,R,"Commissions, Boards, and Institutions Generally",2,2,0,0,0.0
H0335,Mike A. Cherry,R,Educational Institutions,2,2,0,0,0.0
H0335,Mike A. Cherry,R,General Assembly,2,2,0,0,0.0
H0335,Mike A. Cherry,R,"Pensions, Benefits, and Retirement",2,2,0,0,0.0
H0335,Mike A. Cherry,R,Property and Conveyances,2,2,0,0,0.0
H0335,Mike A. Cherry,R,Public Service Companies,2,2,0,0,0.0
H0335,Mike A. Cherry,R,Trade and Commerce,2,2,0,0,0.0
H0336,Nadarius E. Clark,D,Child Care,2,2,0,0,0.0
H0336,Nadarius E. Clark,D,Children,3,2,0,0,0.0
H0336,Nadarius E. Clark,D,Contraceptives,3,2,0,0,0.0
H0336,Nadarius E. Clark,D,Domestic Relations,2,2,0,0,0.0
H0336,Nadarius E. Clark,D,Health,3,2,0,0,0.0
H0336,Nadarius E. Clark,D,Local Government and Officials,4,2,0,0,0.0
H0336,Nadarius E. Clark,D,"Pensions, Benefits, and Retirement",2,2,0,0,0.0
H0336,Nadarius E. Clark,D,Property and Conveyances,2,2,0,0,0.0
H0340,Michelle Lopes Maldonado,D,Courts Not of Record,2,2,0,0,0.0
H0340,Michelle Lopes Maldonado,D,Domestic Relations,2,2,0,0,0.0
H0340,Michelle Lopes Maldonado,D,Trade and Commerce,2,2,0,0,0.0
H0342,Phillip A. Scott,R,Child Care,2,2,2,0,0.0
H0342,Phillip A. Scott,R,Children,2,2,0,0,0.0
H0342,Phillip A. Scott,R,"Commissions, Boards, and Institutions Generally",2,2,0,0,0.0
H0342,Phillip A. Scott,R,Educational Institutions,2,2,0,0,0.0
H0342,Phillip A. Scott,R,General Assembly,2,2,0,0,0.0
H0342,Phillip A. Scott,R,"Pensions, Benefits, and Retirement",2,2,0,0,0.0
H0342,Phillip A. Scott,R,Property and Conveyances,2,2,1,0,0.0
H0342,Phillip A. Scott,R,Public Service Companies,2,2,0,0,0.0
H0342,Phillip A. Scott,R,Trade and Commerce,2,2,0,0,0.0
H0343,Briana D. Sewell,D,Children,2,2,0,0,0.0
H0343,Briana D. Sewell,D,Domestic Relations,2,2,0,0,0.0
H0343,Briana D. Sewell,D,Motor Vehicles,2,2,0,0,0.0
H0343,Briana D. Sewell,D,Public Service Companies,2,2,0,0,0.0
H0343,Briana D. Sewell,D,Trade and Commerce,2,2,0,0,0.0
H0343,Briana D. Sewell,D,Wind Energy,2,2,0,0,0.0
H0344,Irene Shin,D,"Commissions, Boards, and Institutions Generally",2,2,0,0,0.0
H0344,Irene Shin,D,Educational Institutions,2,2,0,0,0.0
H0344,Irene Shin,D,"Pensions, Benefits, and Retirement",2,2,0,0,0.0
H0345,Anne Ferrell Tata,R,Child Care,2,2,0,0,0.0
H0345,Anne Ferrell Tata,R,Children,2,2,0,0,0.0
H0345,Anne Ferrell Tata,R,Domestic Relations,2,2,0,0,0.0
H0345,Anne Ferrell Tata,R,"Pensions, Benefits, and Retirement",2,2,0,0,0.0
H0345,Anne Ferrell Tata,R,Public Service Companies,2,2,0,0,0.0
H0345,Anne Ferrell Tata,R,Trade and Commerce,2,2,0,0,0.0
H0347,"H. Otto Wachsmann, Jr.",R,Children,2,2,0,0,0.0
H0347,"H. Otto Wachsmann, Jr.",R,"Commissions, Boards, and Institutions Generally",2,2,0,0,0.0
H0347,"H. Otto Wachsmann, Jr.",R,Educational Institutions,2,2,0,0,0.0
H0347,"H. Otto Wachsmann, Jr.",R,General Assembly,2,2,0,0,0.0
H0347,"H. Otto Wachsmann, Jr.",R,"Pensions, Benefits, and Retirement",2,2,0,0,0.0
H0347,"H. Otto Wachsmann, Jr.",R,Public Service Companies,2,2,0,0,0.0
H0347,"H. Otto Wachsmann, Jr.",R,Trade and Commerce,2,2,0,0,0.0
H0348,Wren M. Williams,R,"Commissions, Boards, and Institutions Generally",2,2,0,0,0.0
H0348,Wren M. Williams,R,Contraceptives,3,2,0,0,0.0
H0348,Wren M. Williams,R,Domestic Relations,2,2,0,0,0.0
H0348,Wren M. Williams,R,Educational Institutions,2,2,0,0,0.0
H0348,Wren M. Williams,R,Health,3,2,0,0,0.0
H0348,Wren M. Williams,R,"Pensions, Benefits, and Retirement",2,2,0,0,0.0
H0348,Wren M. Williams,R,Property and Conveyances,2,2,0,0,0.0
H0348,Wren M. Williams,R,Trade and Commerce,2,2,0,0,0.0
H0348,Wren M. Williams,R,"Wills, Trusts, and Fiduciaries",2,2,0,0,0.0
H0349,Jackie H. Glass,D,Children,2,2,0,0,0.0
H0349,Jackie H. Glass,D,General Assembly,2,2,0,0,0.0
H0349,Jackie H. Glass,D,Motor Vehicles,2,2,0,0,0.0
H0349,Jackie H. Glass,D,"Pensions, Benefits, and Retirement",2,2,0,0,0.0
H0349,Jackie H. Glass,D,Public Service Companies,2,2,0,0,0.0
H0349,Jackie H. Glass,D,Trade and Commerce,2,2,0,0,0.0
H0350,Ellen H. McLaughlin,R,Child Care,2,2,0,0,0.0
H0350,Ellen H. McLaughlin,R,Children,2,2,0,0,0.0
H0350,Ellen H. McLaughlin,R,Domestic Relations,2,2,0,0,0.0
H0350,Ellen H. McLaughlin,R,Public Service Companies,2,2,0,0,0.0
H0350,Ellen H. McLaughlin,R,Trade and Commerce,2,2,0,0,0.0
H0350,Ellen H. McLaughlin,R,Wind Energy,2,2,0,0,0.0
H0351,Holly M. Seibold,D,Arts and Humanities,2,2,0,0,0.0
H0351,Holly M. Seibold,D,Children,2,2,0,0,0.0
H0351,Holly M. Seibold,D,Domestic Relations,2,2,0,0,0.0
H0351,Holly M. Seibold,D,"Pensions, Benefits, and Retirement",2,2,0,0,0.0
H0351,Holly M. Seibold,D,Public Service Companies,2,2,0,0,0.0
H0351,Holly M. Seibold,D,Trade and Commerce,3,2,0,0,0.0
H0353,Bonita G. Anthony,D,General Assembly,2,2,0,0,0.0
H0353,Bonita G. Anthony,D,Motor Vehicles,2,2,0,0,0.0
H0353,Bonita G. Anthony,D,Trade and Commerce,2,2,0,0,0.0
H0354,Katrina Callsen,D,Arts and Humanities,2,2,0,0,0.0
H0354,Katrina Callsen,D,Public Service Companies,2,2,0,0,0.0
H0354,Katrina Callsen,D,Trade and Commerce,2,2,0,0,0.0
H0354,Katrina Callsen,D,"Wills, Trusts, and Fiduciaries",2,2,0,0,0.0
H0355,Laura Jane Cohen,D,"Commissions, Boards, and Institutions Generally",2,2,0,0,0.0
H0355,Laura Jane Cohen,D,Domestic Relations,2,2,0,0,0.0
H0355,Laura Jane Cohen,D,Educational Institutions,2,2,0,0,0.0
H0356,Rae Cousins,D,Child Care,2,2,0,0,0.0
H0356,Rae Cousins,D,Domestic Relations,2,2,0,0,0.0
H0356,Rae Cousins,D,"Pensions, Benefits, and Retirement",2,2,0,0,0.0
H0356,Rae Cousins,D,Property and Conveyances,2,2,0,0,0.0
H0356,Rae Cousins,D,"Wills, Trusts, and Fiduciaries",2,2,0,0,0.0
H0357,Will Davis,R,Domestic Relations,2,2,0,0,0.0
H0357,Will Davis,R,Public Service Companies,2,2,0,0,0.0
H0357,Will Davis,R,Trade and Commerce,2,2,0,0,0.0
H0357,Will Davis,R,"Wills, Trusts, and Fiduciaries",2,2,0,0,0.0
H0360,Michael B. Feggans,D,Domestic Relations,2,2,0,0,0.0
H0360,Michael B. Feggans,D,Motor Vehicles,2,2,0,0,0.0
H0360,Michael B. Feggans,D,"Pensions, Benefits, and Retirement",2,2,0,0,0.0
H0360,Michael B. Feggans,D,Property and Conveyances,2,2,0,0,0.0
H0361,Debra D. Gardner,D,Children,2,2,0,0,0.0
H0361,Debra D. Gardner,D,Domestic Relations,2,2,0,0,0.0
H0361,Debra D. Gardner,D,Public Service Companies,2,2,0,0,0.0
H0362,"Thomas A. Garrett, Jr.",R,Child Care,2,2,2,0,0.0
H0362,"Thomas A. Garrett, Jr.",R,Contraceptives,3,2,0,0,0.0
H0362,"Thomas A. Garrett, Jr.",R,Health,3,2,0,0,0.0
H0362,"Thomas A. Garrett, Jr.",R,"Pensions, Benefits, and Retirement",2,2,0,0,0.0
H0362,"Thomas A. Garrett, Jr.",R,Trade and Commerce,2,2,0,0,0.0
H0364,Timothy P. Griffin,R,Children,2,2,1,0,0.0
H0364,Timothy P. Griffin,R,Domestic Relations,2,2,0,0,0.0
H0364,Timothy P. Griffin,R,Public Service Companies,2,2,0,0,0.0
H0364,Timothy P. Griffin,R,Trade and Commerce,2,2,0,0,0.0
H0365,"Rozia A. Henson, Jr.",D,Children,2,2,0,0,0.0
H0365,"Rozia A. Henson, Jr.",D,"Commissions, Boards, and Institutions Generally",2,2,0,0,0.0
H0365,"Rozia A. Henson, Jr.",D,Educational Institutions,2,2,0,0,0.0
H0365,"Rozia A. Henson, Jr.",D,General Assembly,2,2,0,0,0.0
H0365,"Rozia A. Henson, Jr.",D,"Pensions, Benefits, and Retirement",2,2,0,0,0.0
H0365,"Rozia A. Henson, Jr.",D,Public Service Companies,2,2,0,0,0.0
H0365,"Rozia A. Henson, Jr.",D,Trade and Commerce,2,2,0,0,0.0
H0366,Phil M. Hernandez,D,Arts and Humanities,2,2,0,0,0.0
H0366,Phil M. Hernandez,D,Domestic Relations,2,2,0,0,0.0
H0366,Phil M. Hernandez,D,Public Service Companies,2,2,0,0,0.0
H0366,Phil M. Hernandez,D,Trade and Commerce,2,2,0,0,0.0
H0366,Phil M. Hernandez,D,"Wills, Trusts, and Fiduciaries",2,2,0,0,0.0
H0369,Hillary Pugh Kent,R,Child Care,2,2,0,0,0.0
H0369,Hillary Pugh Kent,R,Children,2,2,0,0,0.0
H0369,Hillary Pugh Kent,R,Domestic Relations,2,2,0,0,0.0
H0369,Hillary Pugh Kent,R,"Pensions, Benefits, and Retirement",2,2,0,0,0.0
H0369,Hillary Pugh Kent,R,Property and Conveyances,2,2,0,0,0.0
H0369,Hillary Pugh Kent,R,Public Service Companies,2,2,0,0,0.0
H0369,Hillary Pugh Kent,R,Trade and Commerce,2,2,0,0,0.0
H0370,Karen Keys-Gamarra,D,Courts Not of Record,2,2,0,0,0.0
H0370,Karen Keys-Gamarra,D,Domestic Relations,2,2,0,0,0.0
H0370,Karen Keys-Gamarra,D,"Pensions, Benefits, and Retirement",2,2,0,0,0.0
H0370,Karen Keys-Gamarra,D,Public Service Companies,2,2,0,0,0.0
H0370,Karen Keys-Gamarra,D,Trade and Commerce,2,2,0,0,0.0
H0371,Amy J. Laufer,D,Children,2,2,0,0,0.0
H0371,Amy J. Laufer,D,Domestic Relations,2,2,0,0,0.0
H0371,Amy J. Laufer,D,Public Service Companies,2,2,0,0,0.0
H0371,Amy J. Laufer,D,Trade and Commerce,2,2,0,0,0.0
H0371,Amy J. Laufer,D,Wind Energy,2,2,0,0,0.0
H0372,Destiny LeVere Bolling,D,Child Care,2,2,0,0,0.0
H0372,Destiny LeVere Bolling,D,General Assembly,2,2,0,0,0.0
H0372,Destiny LeVere Bolling,D,"Pensions, Benefits, and Retirement",2,2,0,0,0.0
H0372,Destiny LeVere Bolling,D,Property and Conveyances,2,2,0,0,0.0
H0372,Destiny LeVere Bolling,D,Trade and Commerce,2,2,0,0,0.0
H0374,Marty Martinez,D,Children,2,2,0,0,0.0
H0374,Marty Martinez,D,Domestic Relations,2,2,0,0,0.0
H0374,Marty Martinez,D,"Pensions, Benefits, and Retirement",2,2,0,0,0.0
H0374,Marty Martinez,D,Public Service Companies,2,2,0,0,0.0
H0374,Marty Martinez,D,Trade and Commerce,2,2,0,0,0.0
H0375,Adele Y. McClure,D,Arts and Humanities,2,2,0,0,0.0
H0375,Adele Y. McClure,D,Children,2,2,0,0,0.0
H0375,Adele Y. McClure,D,Domestic Relations,2,2,0,0,0.0
H0375,Adele Y. McClure,D,Motor Vehicles,2,2,0,0,0.0
H0375,Adele Y. McClure,D,"Pensions, Benefits, and Retirement",2,2,0,0,0.0
H0375,Adele Y. McClure,D,Property and Conveyances,2,2,0,0,0.0
H0375,Adele Y. McClure,D,Public Service Companies,2,2,0,0,0.0
H0377,Delores Oates,R,Children,2,2,0,0,0.0
H0377,Delores Oates,R,Domestic Relations,2,2,0,0,0.0
H0377,Delores Oates,R,"Pensions, Benefits, and Retirement",2,2,0,0,0.0
H0377,Delores Oates,R,Public Service Companies,2,2,0,0,0.0
H0380,Atoosa R. Reaser,D,Arts and Humanities,2,2,0,0,0.0
H0380,Atoosa R. Reaser,D,Child Care,2,2,0,0,0.0
H0380,Atoosa R. Reaser,D,Courts Not of Record,2,2,0,0,0.0
H0380,Atoosa R. Reaser,D,Domestic Relations,2,2,0,0,0.0
H0380,Atoosa R. Reaser,D,"Pensions, Benefits, and Retirement",2,2,0,0,0.0
H0380,Atoosa R. Reaser,D,Property and Conveyances,2,2,0,0,0.0
H0380,Atoosa R. Reaser,D,Public Service Companies,2,2,0,0,0.0
H0380,Atoosa R. Reaser,D,Trade and Commerce,2,2,0,0,0.0
H0382,Joshua E. Thomas,D,Child Care,2,2,0,0,0.0
H0382,Joshua E. Thomas,D,Children,2,2,0,0,0.0
H0382,Joshua E. Thomas,D,Domestic Relations,2,2,0,0,0.0
H0382,Joshua E. Thomas,D,Motor Vehicles,2,2,0,0,0.0
H0382,Joshua E. Thomas,D,Public Service Companies,2,2,0,0,0.0
H0382,Joshua E. Thomas,D,Wind Energy,2,2,0,0,0.0
H0383,Eric R. Zehr,R,Child Care,2,2,2,0,0.0
H0383,Eric R. Zehr,R,Children,2,2,0,0,0.0
H0383,Eric R. Zehr,R,Domestic Relations,2,2,0,0,0.0
H0383,Eric R. Zehr,R,"Pensions, Benefits, and Retirement",2,2,0,0,0.0
H0383,Eric R. Zehr,R,Property and Conveyances,2,2,0,0,0.0
H0383,Eric R. Zehr,R,Public Service Companies,2,2,0,0,0.0
H0384,Eric Phillips,R,Children,2,2,0,0,0.0
H0384,Eric Phillips,R,General Assembly,2,2,0,0,0.0
H0384,Eric Phillips,R,Motor Vehicles,2,2,0,0,0.0
H0384,Eric Phillips,R,"Pensions, Benefits, and Retirement",2,2,0,0,0.0
H0384,Eric Phillips,R,Property and Conveyances,2,2,0,0,0.0
H0384,Eric Phillips,R,Public Service Companies,2,2,0,0,0.0
H0385,JJ Singh,D,General Assembly,2,2,0,0,0.0
H0385,JJ Singh,D,"Pensions, Benefits, and Retirement",2,2,0,0,0.0
H0385,JJ Singh,D,Trade and Commerce,2,2,0,0,0.0
H0386,Jessica L. Anderson,D,Child Care,2,2,0,0,0.0
H0386,Jessica L. Anderson,D,Children,2,2,0,0,0.0
H0386,Jessica L. Anderson,D,Domestic Relations,2,2,0,0,0.0
H0386,Jessica L. Anderson,D,"Pensions, Benefits, and Retirement",2,2,0,0,0.0
H0386,Jessica L. Anderson,D,Public Service Companies,2,2,0,0,0.0
H0387,"Karen R. ""Kacey"" Carnegie",D,Courts Not of Record,2,2,0,0,0.0
H0387,"Karen R. ""Kacey"" Carnegie",D,General Assembly,2,2,0,0,0.0
H0387,"Karen R. ""Kacey"" Carnegie",D,"Pensions, Benefits, and Retirement",2,2,0,0,0.0
H0387,"Karen R. ""Kacey"" Carnegie",D,Property and Conveyances,2,2,0,0,0.0
H0387,"Karen R. ""Kacey"" Carnegie",D,Public Service Companies,2,2,0,0,0.0
H0387,"Karen R. ""Kacey"" Carnegie",D,Trade and Commerce,2,2,0,0,0.0
H0388,Stacey Annie Carroll,D,Arts and Humanities,2,2,0,0,0.0
H0388,Stacey Annie Carroll,D,Children,2,2,0,0,0.0
H0388,Stacey Annie Carroll,D,General Assembly,2,2,0,0,0.0
H0388,Stacey Annie Carroll,D,Local Government and Officials,3,2,0,0,0.0
H0388,Stacey Annie Carroll,D,"Pensions, Benefits, and Retirement",2,2,0,0,0.0
H0388,Stacey Annie Carroll,D,Public Service Companies,2,2,0,0,0.0
H0388,Stacey Annie Carroll,D,Trade and Commerce,2,2,0,0,0.0
H0389,Nicole Cole,D,Children,2,2,0,0,0.0
H0389,Nicole Cole,D,"Commissions, Boards, and Institutions Generally",2,2,0,0,0.0
H0389,Nicole Cole,D,Educational Institutions,2,2,0,0,0.0
H0389,Nicole Cole,D,General Assembly,2,2,0,0,0.0
H0389,Nicole Cole,D,"Pensions, Benefits, and Retirement",2,2,0,0,0.0
H0389,Nicole Cole,D,Public Service Companies,2,2,0,0,0.0
H0389,Nicole Cole,D,Trade and Commerce,2,2,0,0,0.0
H0390,Mitchell Cornett,R,Children,2,2,0,0,0.0
H0390,Mitchell Cornett,R,"Commissions, Boards, and Institutions Generally",2,2,0,0,0.0
H0390,Mitchell Cornett,R,Domestic Relations,2,2,0,0,0.0
H0390,Mitchell Cornett,R,Educational Institutions,2,2,0,0,0.0
H0390,Mitchell Cornett,R,"Pensions, Benefits, and Retirement",2,2,0,0,0.0
H0390,Mitchell Cornett,R,Property and Conveyances,2,2,0,0,0.0
H0390,Mitchell Cornett,R,Public Service Companies,2,2,0,0,0.0
H0391,Lindsey Dougherty,D,Child Care,2,2,0,0,0.0
H0391,Lindsey Dougherty,D,Children,2,2,0,0,0.0
H0391,Lindsey Dougherty,D,Domestic Relations,2,2,0,0,0.0
H0391,Lindsey Dougherty,D,"Pensions, Benefits, and Retirement",2,2,0,0,0.0
H0391,Lindsey Dougherty,D,Public Service Companies,2,2,0,0,0.0
H0391,Lindsey Dougherty,D,Trade and Commerce,2,2,0,0,0.0
H0392,Mark C. Downey,D,Children,2,2,0,0,0.0
H0392,Mark C. Downey,D,"Commissions, Boards, and Institutions Generally",2,2,0,0,0.0
H0392,Mark C. Downey,D,Domestic Relations,2,2,0,0,0.0
H0392,Mark C. Downey,D,Educational Institutions,2,2,0,0,0.0
H0392,Mark C. Downey,D,"Pensions, Benefits, and Retirement",2,2,0,0,0.0
H0392,Mark C. Downey,D,Public Service Companies,2,2,0,0,0.0
H0392,Mark C. Downey,D,Trade and Commerce,2,2,0,0,0.0
H0393,Lily V. Franklin,D,Arts and Humanities,2,2,0,0,0.0
H0393,Lily V. Franklin,D,Children,2,2,0,0,0.0
H0393,Lily V. Franklin,D,Domestic Relations,2,2,0,0,0.0
H0393,Lily V. Franklin,D,"Pensions, Benefits, and Retirement",2,2,0,0,0.0
H0393,Lily V. Franklin,D,Public Service Companies,2,2,0,0,0.0
H0393,Lily V. Franklin,D,Trade and Commerce,2,2,0,0,0.0
H0394,Karen Hamilton,R,Children,2,2,0,0,0.0
H0394,Karen Hamilton,R,Civil Remedies and Procedure,3,2,0,0,0.0
H0394,Karen Hamilton,R,Domestic Relations,2,2,0,0,0.0
H0394,Karen Hamilton,R,Electronic Processes,3,2,0,0,0.0
H0394,Karen Hamilton,R,"Pensions, Benefits, and Retirement",2,2,0,0,0.0
H0394,Karen Hamilton,R,Public Service Companies,2,2,0,0,0.0
H0395,John Chilton McAuliff,D,Children,2,2,0,0,0.0
H0395,John Chilton McAuliff,D,General Assembly,2,2,0,0,0.0
H0395,John Chilton McAuliff,D,"Pensions, Benefits, and Retirement",2,2,0,0,0.0
H0395,John Chilton McAuliff,D,Property and Conveyances,2,2,0,0,0.0
H0395,John Chilton McAuliff,D,Public Service Companies,2,2,0,0,0.0
H0396,Leslie Chambers Mehta,D,Domestic Relations,2,2,0,0,0.0
H0396,Leslie Chambers Mehta,D,Motor Vehicles,2,2,0,0,0.0
H0396,Leslie Chambers Mehta,D,"Pensions, Benefits, and Retirement",2,2,0,0,0.0
H0396,Leslie Chambers Mehta,D,Property and Conveyances,2,2,0,0,0.0
H0396,Leslie Chambers Mehta,D,Public Service Companies,2,2,0,0,0.0
H0396,Leslie Chambers Mehta,D,Trade and Commerce,2,2,0,0,0.0
H0396,Leslie Chambers Mehta,D,"Wills, Trusts, and Fiduciaries",2,2,0,0,0.0
H0397,May Nivar,D,Domestic Relations,2,2,0,0,0.0
H0397,May Nivar,D,"Pensions, Benefits, and Retirement",2,2,0,0,0.0
H0397,May Nivar,D,Trade and Commerce,2,2,0,0,0.0
H0398,Justin Pence,R,Courts Not of Record,2,2,0,0,0.0
H0398,Justin Pence,R,Domestic Relations,2,2,0,0,0.0
H0398,Justin Pence,R,"Pensions, Benefits, and Retirement",2,2,0,0,0.0
H0398,Justin Pence,R,Public Service Companies,2,2,0,0,0.0
H0398,Justin Pence,R,Trade and Commerce,2,2,0,0,0.0
H0398,Justin Pence,R,"Wills, Trusts, and Fiduciaries",2,2,0,0,0.0
H0399,Kimberly Pope Adams,D,Children,2,2,0,0,0.0
H0399,Kimberly Pope Adams,D,Domestic Relations,2,2,0,0,0.0
H0399,Kimberly Pope Adams,D,Motor Vehicles,2,2,0,0,0.0
H0399,Kimberly Pope Adams,D,Public Service Companies,2,2,0,0,0.0
H0400,Virgil Thornton,D,Courts Not of Record,2,2,0,0,0.0
H0400,Virgil Thornton,D,Domestic Relations,2,2,0,0,0.0
H0400,Virgil Thornton,D,"Pensions, Benefits, and Retirement",2,2,0,0,0.0
H0400,Virgil Thornton,D,Public Service Companies,2,2,0,0,0.0
H0400,Virgil Thornton,D,Trade and Commerce,2,2,0,0,0.0
H0401,Madison Whittle,R,Child Care,2,2,0,0,0.0
H0401,Madison Whittle,R,Domestic Relations,2,2,0,0,0.0
H0401,Madison Whittle,R,"Pensions, Benefits, and Retirement",2,2,0,0,0.0
H0401,Madison Whittle,R,Property and Conveyances,2,2,0,0,0.0
H0401,Madison Whittle,R,Public Service Companies,2,2,0,0,0.0
H0401,Madison Whittle,R,Trade and Commerce,2,2,0,0,0.0
H0401,Madison Whittle,R,"Wills, Trusts, and Fiduciaries",2,2,0,0,0.0
H0402,Charlie Schmidt,D,Courts Not of Record,3,2,0,0,0.0
H0402,Charlie Schmidt,D,"Pensions, Benefits, and Retirement",2,2,0,0,0.0
H0402,Charlie Schmidt,D,Public Service Companies,2,2,0,0,0.0
H0402,Charlie Schmidt,D,Trade and Commerce,2,2,0,0,0.0
H0402,Charlie Schmidt,D,"Wills, Trusts, and Fiduciaries",2,2,0,0,0.0
H0403,Gretchen M. Bulova,D,Child Care,2,2,0,0,0.0
H0403,Gretchen M. Bulova,D,Children,2,2,0,0,0.0
H0403,Gretchen M. Bulova,D,Domestic Relations,2,2,0,0,0.0
H0403,Gretchen M. Bulova,D,Public Service Companies,2,2,0,0,0.0
H0403,Gretchen M. Bulova,D,Trade and Commerce,2,2,0,0,0.0
H0404,Margaret A. Franklin,D,Children,2,2,0,0,0.0
H0404,Margaret A. Franklin,D,"Pensions, Benefits, and Retirement",2,2,0,0,0.0
H0404,Margaret A. Franklin,D,Trade and Commerce,2,2,0,0,0.0
H0405,Garrett McGuire,D,Children,2,2,0,0,0.0
H0405,Garrett McGuire,D,"Commissions, Boards, and Institutions Generally",2,2,0,0,0.0
H0405,Garrett McGuire,D,Educational Institutions,2,2,0,0,0.0
H0405,Garrett McGuire,D,"Pensions, Benefits, and Retirement",2,2,0,0,0.0
H0405,Garrett McGuire,D,Public Service Companies,2,2,0,0,0.0
H0405,Garrett McGuire,D,Trade and Commerce,2,2,0,0,0.0
H0406,Kirk McPike,D,Children,2,2,0,0,0.0
H0406,Kirk McPike,D,Contraceptives,2,2,0,0,0.0
H0406,Kirk McPike,D,Health,2,2,0,0,0.0
H0406,Kirk McPike,D,Indian Tribes,2,2,0,0,0.0
H0406,Kirk McPike,D,Local Government and Officials,2,2,0,0,0.0
H0407,Andrew Rice,R,Armed Forces,2,2,0,0,0.0
H0407,Andrew Rice,R,Courts and Civil Law,3,2,0,0,0.0
H0056,Terry G. Kilgore,R,Arts and Humanities,1,1,0,0,0.0
H0056,Terry G. Kilgore,R,Child Care,1,1,0,0,0.0
H0056,Terry G. Kilgore,R,"Commissions, Boards, and Institutions Generally",1,1,0,0,0.0
H0056,Terry G. Kilgore,R,Educational Institutions,1,1,0,0,0.0
H0056,Terry G. Kilgore,R,General Assembly,1,1,0,0,0.0
H0056,Terry G. Kilgore,R,Motor Vehicles,1,1,0,0,0.0
H0108,Vivian E. Watts,D,Arts and Humanities,1,1,0,0,0.0
H0108,Vivian E. Watts,D,Child Care,1,1,0,0,0.0
H0108,Vivian E. Watts,D,"Commissions, Boards, and Institutions Generally",1,1,0,0,0.0
H0108,Vivian E. Watts,D,Educational Institutions,1,1,0,0,0.0
H0108,Vivian E. Watts,D,General Assembly,1,1,0,0,0.0
H0108,Vivian E. Watts,D,Wind Energy,1,1,0,0,0.0
H0124,R. Lee Ware,R,Arts and Humanities,1,1,0,0,0.0
H0124,R. Lee Ware,R,Child Care,1,1,0,0,0.0
H0124,R. Lee Ware,R,"Commissions, Boards, and Institutions Generally",1,1,0,0,0.0
H0124,R. Lee Ware,R,Courts Not of Record,1,1,0,0,0.0
H0124,R. Lee Ware,R,Educational Institutions,1,1,0,0,0.0
H0124,R. Lee Ware,R,General Assembly,1,1,0,0,0.0
H0124,R. Lee Ware,R,Motor Vehicles,1,1,0,0,0.0
H0124,R. Lee Ware,R,"Wills, Trusts, and Fiduciaries",1,1,0,0,0.0
H0124,R. Lee Ware,R,Wind Energy,1,1,1,0,0.0
H0136,"Thomas C. Wright, Jr.",R,Arts and Humanities,1,1,1,0,0.0
H0136,"Thomas C. Wright, Jr.",R,Child Care,1,1,0,0,0.0
H0136,"Thomas C. Wright, Jr.",R,"Commissions, Boards, and Institutions Generally",1,1,0,0,0.0
H0136,"Thomas C. Wright, Jr.",R,"Counties, Cities, and Towns",1,1,0,0,0.0
H0136,"Thomas C. Wright, Jr.",R,Courts Not of Record,1,1,0,0,0.0
H0136,"Thomas C. Wright, Jr.",R,Educational Institutions,1,1,0,0,0.0
H0136,"Thomas C. Wright, Jr.",R,General Assembly,1,1,0,0,0.0
H0136,"Thomas C. Wright, Jr.",R,Land Development and Use,1,1,0,0,0.0
H0136,"Thomas C. Wright, Jr.",R,Motor Vehicles,1,1,0,0,0.0
H0136,"Thomas C. Wright, Jr.",R,Public Service Companies,2,1,0,0,0.0
H0136,"Thomas C. Wright, Jr.",R,Solar Energy,1,1,0,0,0.0
H0136,"Thomas C. Wright, Jr.",R,"Wills, Trusts, and Fiduciaries",1,1,0,0,0.0
H0136,"Thomas C. Wright, Jr.",R,Wind Energy,1,1,1,0,0.0
H0172,Mark D. Sickles,D,Administration of Government,1,1,0,0,0.0
H0172,Mark D. Sickles,D,Domestic Relations,1,1,0,0,0.0
H0172,Mark D. Sickles,D,General Assembly,1,1,0,0,0.0
H0173,Jeion A. Ward,D,Arts and Humanities,1,1,0,0,0.0
H0173,Jeion A. Ward,D,Child Care,1,1,0,0,0.0
H0173,Jeion A. Ward,D,"Counties, Cities, and Towns",1,1,0,0,0.0
H0173,Jeion A. Ward,D,Courts Not of Record,1,1,0,0,0.0
H0173,Jeion A. Ward,D,General Assembly,1,1,0,0,0.0
H0173,Jeion A. Ward,D,Land Development and Use,1,1,0,0,0.0
H0173,Jeion A. Ward,D,Solar Energy,1,1,0,0,0.0
H0173,Jeion A. Ward,D,"Wills, Trusts, and Fiduciaries",1,1,0,0,0.0
H0207,Delores L. McQuinn,D,Arts and Humanities,1,1,0,0,0.0
H0207,Delores L. McQuinn,D,"Commissions, Boards, and Institutions Generally",1,1,0,0,0.0
H0207,Delores L. McQuinn,D,"Counties, Cities, and Towns",1,1,0,0,0.0
H0207,Delores L. McQuinn,D,Courts Not of Record,1,1,0,0,0.0
H0207,Delores L. McQuinn,D,Educational Institutions,1,1,0,0,0.0
H0207,Delores L. McQuinn,D,General Assembly,1,1,0,0,0.0
H0207,Delores L. McQuinn,D,Land Development and Use,1,1,0,0,0.0
H0207,Delores L. McQuinn,D,Solar Energy,1,1,0,0,0.0
H0207,Delores L. McQuinn,D,"Wills, Trusts, and Fiduciaries",1,1,0,0,0.0
H0208,Charniele L. Herring,D,Arts and Humanities,1,1,0,0,0.0
H0208,Charniele L. Herring,D,"Counties, Cities, and Towns",1,1,0,0,0.0
H0208,Charniele L. Herring,D,Courts Not of Record,1,1,0,0,0.0
H0208,Charniele L. Herring,D,General Assembly,1,1,0,0,0.0
H0208,Charniele L. Herring,D,Land Development and Use,1,1,0,0,0.0
H0208,Charniele L. Herring,D,Motor Vehicles,1,1,0,0,0.0
H0208,Charniele L. Herring,D,Solar Energy,1,1,0,0,0.0
H0208,Charniele L. Herring,D,"Wills, Trusts, and Fiduciaries",1,1,0,0,0.0
H0212,Betsy B. Carr,D,"Commissions, Boards, and Institutions Generally",1,1,0,0,0.0
H0212,Betsy B. Carr,D,"Counties, Cities, and Towns",1,1,0,0,0.0
H0212,Betsy B. Carr,D,Courts Not of Record,1,1,0,0,0.0
H0212,Betsy B. Carr,D,Educational Institutions,1,1,0,0,0.0
H0212,Betsy B. Carr,D,General Assembly,1,1,0,0,0.0
H0212,Betsy B. Carr,D,Land Development and Use,1,1,0,0,0.0
H0212,Betsy B. Carr,D,Solar Energy,1,1,0,0,0.0
H0212,Betsy B. Carr,D,"Wills, Trusts, and Fiduciaries",1,1,0,0,0.0
H0219,Patrick A. Hope,D,Arts and Humanities,1,1,0,0,0.0
H0219,Patrick A. Hope,D,Child Care,1,1,0,0,0.0
H0219,Patrick A. Hope,D,"Counties, Cities, and Towns",1,1,0,0,0.0
H0219,Patrick A. Hope,D,Domestic Relations,2,1,0,0,0.0
H0219,Patrick A. Hope,D,General Assembly,1,1,0,0,0.0
H0219,Patrick A. Hope,D,Land Development and Use,1,1,0,0,0.0
H0219,Patrick A. Hope,D,Motor Vehicles,1,1,0,0,0.0
H0219,Patrick A. Hope,D,Solar Energy,1,1,0,0,0.0
H0219,Patrick A. Hope,D,Wind Energy,1,1,0,0,0.0
H0224,James W. Morefield,R,"Commissions, Boards, and Institutions Generally",1,1,0,0,0.0
H0224,James W. Morefield,R,Courts Not of Record,1,1,0,0,0.0
H0224,James W. Morefield,R,Educational Institutions,1,1,0,0,0.0
H0224,James W. Morefield,R,General Assembly,1,1,0,0,0.0
H0224,James W. Morefield,R,Motor Vehicles,1,1,0,0,0.0
H0224,James W. Morefield,R,"Wills, Trusts, and Fiduciaries",1,1,0,0,0.0
H0227,Luke E. Torian,D,"Commissions, Boards, and Institutions Generally",1,1,0,0,0.0
H0227,Luke E. Torian,D,"Counties, Cities, and Towns",1,1,0,0,0.0
H0227,Luke E. Torian,D,Courts Not of Record,1,1,0,0,0.0
H0227,Luke E. Torian,D,Educational Institutions,1,1,0,0,0.0
H0227,Luke E. Torian,D,General Assembly,1,1,0,0,0.0
H0227,Luke E. Torian,D,Land Development and Use,1,1,0,0,0.0
H0227,Luke E. Torian,D,Motor Vehicles,1,1,0,0,0.0
H0227,Luke E. Torian,D,Solar Energy,1,1,0,0,0.0
H0227,Luke E. Torian,D,"Wills, Trusts, and Fiduciaries",1,1,0,0,0.0
H0231,Tony O. Wilt,R,Arts and Humanities,1,1,0,0,0.0
H0231,Tony O. Wilt,R,Child Care,1,1,0,0,0.0
H0231,Tony O. Wilt,R,"Commissions, Boards, and Institutions Generally",1,1,0,0,0.0
H0231,Tony O. Wilt,R,"Counties, Cities, and Towns",1,1,0,0,0.0
H0231,Tony O. Wilt,R,Courts Not of Record,1,1,0,0,0.0
H0231,Tony O. Wilt,R,Educational Institutions,1,1,0,0,0.0
H0231,Tony O. Wilt,R,General Assembly,1,1,0,0,0.0
H0231,Tony O. Wilt,R,Land Development and Use,1,1,0,0,0.0
H0231,Tony O. Wilt,R,Motor Vehicles,1,1,0,0,0.0
H0231,Tony O. Wilt,R,Solar Energy,1,1,0,0,0.0
H0231,Tony O. Wilt,R,"Wills, Trusts, and Fiduciaries",1,1,0,0,0.0
H0238,M. Keith Hodges,R,Arts and Humanities,1,1,0,0,0.0
H0238,M. Keith Hodges,R,Courts Not of Record,1,1,0,0,0.0
H0238,M. Keith Hodges,R,General Assembly,1,1,0,0,0.0
H0238,M. Keith Hodges,R,Motor Vehicles,1,1,0,0,0.0
H0238,M. Keith Hodges,R,"Wills, Trusts, and Fiduciaries",1,1,0,0,0.0
H0239,Alfonso H. Lopez,D,Arts and Humanities,1,1,0,0,0.0
H0239,Alfonso H. Lopez,D,Child Care,1,1,0,0,0.0
H0239,Alfonso H. Lopez,D,"Commissions, Boards, and Institutions Generally",1,1,0,0,0.0
H0239,Alfonso H. Lopez,D,"Counties, Cities, and Towns",1,1,0,0,0.0
H0239,Alfonso H. Lopez,D,Courts Not of Record,1,1,0,0,0.0
H0239,Alfonso H. Lopez,D,Educational Institutions,1,1,0,0,0.0
H0239,Alfonso H. Lopez,D,Land Development and Use,1,1,0,0,0.0
H0239,Alfonso H. Lopez,D,Motor Vehicles,1,1,0,0,0.0
H0239,Alfonso H. Lopez,D,Solar Energy,1,1,0,0,0.0
H0239,Alfonso H. Lopez,D,"Wills, Trusts, and Fiduciaries",1,1,0,0,0.0
H0242,Israel D. O'Quinn,R,Child Care,1,1,0,0,0.0
H0242,Israel D. O'Quinn,R,"Commissions, Boards, and Institutions Generally",1,1,0,0,0.0
H0242,Israel D. O'Quinn,R,"Counties, Cities, and Towns",1,1,0,0,0.0
H0242,Israel D. O'Quinn,R,Courts Not of Record,1,1,0,0,0.0
H0242,Israel D. O'Quinn,R,Educational Institutions,1,1,0,0,0.0
H0242,Israel D. O'Quinn,R,Land Development and Use,1,1,0,0,0.0
H0242,Israel D. O'Quinn,R,Solar Energy,1,1,0,0,0.0
H0242,Israel D. O'Quinn,R,"Wills, Trusts, and Fiduciaries",1,1,0,0,0.0
H0247,Michael J. Webert,R,Arts and Humanities,1,1,0,0,0.0
H0247,Michael J. Webert,R,Child Care,1,1,0,0,0.0
H0247,Michael J. Webert,R,"Commissions, Boards, and Institutions Generally",1,1,0,0,0.0
H0247,Michael J. Webert,R,Courts Not of Record,1,1,0,0,0.0
H0247,Michael J. Webert,R,Educational Institutions,1,1,0,0,0.0
H0247,Michael J. Webert,R,General Assembly,1,1,0,0,0.0
H0247,Michael J. Webert,R,Motor Vehicles,1,1,0,0,0.0
H0247,Michael J. Webert,R,"Wills, Trusts, and Fiduciaries",1,1,0,0,0.0
H0253,Terry L. Austin,R,"Commissions, Boards, and Institutions Generally",1,1,0,0,0.0
H0253,Terry L. Austin,R,Courts Not of Record,1,1,0,0,0.0
H0253,Terry L. Austin,R,Domestic Relations,2,1,0,0,0.0
H0253,Terry L. Austin,R,Educational Institutions,1,1,0,0,0.0
H0253,Terry L. Austin,R,"Wills, Trusts, and Fiduciaries",1,1,0,0,0.0
H0259,"Hyland F. ""Buddy"" Fowler, Jr.",R,Child Care,1,1,0,0,0.0
H0259,"Hyland F. ""Buddy"" Fowler, Jr.",R,"Commissions, Boards, and Institutions Generally",1,1,0,0,0.0
H0259,"Hyland F. ""Buddy"" Fowler, Jr.",R,Courts Not of Record,1,1,0,0,0.0
H0259,"Hyland F. ""Buddy"" Fowler, Jr.",R,Educational Institutions,1,1,0,0,0.0
H0259,"Hyland F. ""Buddy"" Fowler, Jr.",R,General Assembly,1,1,0,0,0.0
H0259,"Hyland F. ""Buddy"" Fowler, Jr.",R,Motor Vehicles,1,1,0,0,0.0
H0259,"Hyland F. ""Buddy"" Fowler, Jr.",R,"Wills, Trusts, and Fiduciaries",1,1,0,0,0.0
H0259,"Hyland F. ""Buddy"" Fowler, Jr.",R,Wind Energy,1,1,1,0,0.0
H0262,"James A. ""Jay"" Leftwich",R,Arts and Humanities,1,1,0,0,0.0
H0262,"James A. ""Jay"" Leftwich",R,Child Care,1,1,0,0,0.0
H0262,"James A. ""Jay"" Leftwich",R,"Commissions, Boards, and Institutions Generally",1,1,0,0,0.0
H0262,"James A. ""Jay"" Leftwich",R,"Counties, Cities, and Towns",1,1,0,0,0.0
H0262,"James A. ""Jay"" Leftwich",R,Educational Institutions,1,1,0,0,0.0
H0262,"James A. ""Jay"" Leftwich",R,Land Development and Use,1,1,0,0,0.0
H0262,"James A. ""Jay"" Leftwich",R,Motor Vehicles,1,1,0,0,0.0
H0262,"James A. ""Jay"" Leftwich",R,Solar Energy,1,1,0,0,0.0
H0262,"James A. ""Jay"" Leftwich",R,Wind Energy,1,1,0,0,0.0
H0264,Marcus B. Simon,D,Child Care,1,1,0,0,0.0
H0264,Marcus B. Simon,D,"Commissions, Boards, and Institutions Generally",1,1,0,0,0.0
H0264,Marcus B. Simon,D,"Counties, Cities, and Towns",1,1,0,0,0.0
H0264,Marcus B. Simon,D,Educational Institutions,1,1,0,0,0.0
H0264,Marcus B. Simon,D,General Assembly,1,1,0,0,0.0
H0264,Marcus B. Simon,D,Land Development and Use,1,1,0,0,0.0
H0264,Marcus B. Simon,D,Motor Vehicles,1,1,0,0,0.0
H0264,Marcus B. Simon,D,Solar Energy,1,1,0,0,0.0
H0264,Marcus B. Simon,D,Wind Energy,1,1,0,0,0.0
H0266,Sam Rasoul,D,Arts and Humanities,1,1,1,0,0.0
H0266,Sam Rasoul,D,"Counties, Cities, and Towns",1,1,0,0,0.0
H0266,Sam Rasoul,D,Courts Not of Record,1,1,0,0,0.0
H0266,Sam Rasoul,D,Domestic Relations,2,1,0,0,0.0
H0266,Sam Rasoul,D,General Assembly,1,1,0,0,0.0
H0266,Sam Rasoul,D,Land Development and Use,1,1,0,0,0.0
H0266,Sam Rasoul,D,Motor Vehicles,1,1,0,0,0.0
H0266,Sam Rasoul,D,Solar Energy,1,1,0,0,0.0
H0266,Sam Rasoul,D,"Wills, Trusts, and Fiduciaries",1,1,0,0,0.0
H0266,Sam Rasoul,D,Wind Energy,1,1,0,0,0.0
H0267,"Robert S. Bloxom, Jr.",R,"Commissions, Boards, and Institutions Generally",1,1,0,0,0.0
H0267,"Robert S. Bloxom, Jr.",R,Courts Not of Record,1,1,0,0,0.0
H0267,"Robert S. Bloxom, Jr.",R,Educational Institutions,1,1,0,0,0.0
H0267,"Robert S. Bloxom, Jr.",R,Motor Vehicles,1,1,0,0,0.0
H0267,"Robert S. Bloxom, Jr.",R,"Wills, Trusts, and Fiduciaries",1,1,0,0,0.0
H0269,"Richard C. ""Rip"" Sullivan, Jr.",D,Arts and Humanities,1,1,0,0,0.0
H0269,"Richard C. ""Rip"" Sullivan, Jr.",D,Child Care,1,1,0,0,0.0
H0269,"Richard C. ""Rip"" Sullivan, Jr.",D,"Commissions, Boards, and Institutions Generally",1,1,0,0,0.0
H0269,"Richard C. ""Rip"" Sullivan, Jr.",D,"Counties, Cities, and Towns",1,1,0,0,0.0
H0269,"Richard C. ""Rip"" Sullivan, Jr.",D,Educational Institutions,1,1,0,0,0.0
H0269,"Richard C. ""Rip"" Sullivan, Jr.",D,General Assembly,1,1,0,0,0.0
H0269,"Richard C. ""Rip"" Sullivan, Jr.",D,Land Development and Use,1,1,0,0,0.0
H0269,"Richard C. ""Rip"" Sullivan, Jr.",D,Motor Vehicles,1,1,0,0,0.0
H0269,"Richard C. ""Rip"" Sullivan, Jr.",D,Solar Energy,1,1,0,0,0.0
H0281,Paul E. Krizek,D,"Commissions, Boards, and Institutions Generally",1,1,0,0,0.0
H0281,Paul E. Krizek,D,"Counties, Cities, and Towns",1,1,0,0,0.0
H0281,Paul E. Krizek,D,Courts Not of Record,1,1,0,0,0.0
H0281,Paul E. Krizek,D,Educational Institutions,1,1,0,0,0.0
H0281,Paul E. Krizek,D,Land Development and Use,1,1,0,0,0.0
H0281,Paul E. Krizek,D,Motor Vehicles,1,1,0,0,0.0
H0281,Paul E. Krizek,D,Solar Energy,1,1,0,0,0.0
H0281,Paul E. Krizek,D,"Wills, Trusts, and Fiduciaries",1,1,0,0,0.0
H0284,"Marcia S. ""Cia"" Price",D,"Counties, Cities, and Towns",1,1,0,0,0.0
H0284,"Marcia S. ""Cia"" Price",D,Courts Not of Record,1,1,0,0,0.0
H0284,"Marcia S. ""Cia"" Price",D,Land Development and Use,1,1,0,0,0.0
H0284,"Marcia S. ""Cia"" Price",D,Motor Vehicles,1,1,0,0,0.0
H0284,"Marcia S. ""Cia"" Price",D,Solar Energy,1,1,0,0,0.0
H0284,"Marcia S. ""Cia"" Price",D,"Wills, Trusts, and Fiduciaries",1,1,0,0,0.0
H0284,"Marcia S. ""Cia"" Price",D,Wind Energy,2,1,0,0,0.0
H0285,"C.E. Cliff Hayes, Jr.",D,Arts and Humanities,1,1,0,0,0.0
H0285,"C.E. Cliff Hayes, Jr.",D,"Counties, Cities, and Towns",1,1,0,0,0.0
H0285,"C.E. Cliff Hayes, Jr.",D,Courts Not of Record,1,1,0,0,0.0
H0285,"C.E. Cliff Hayes, Jr.",D,General Assembly,1,1,0,0,0.0
H0285,"C.E. Cliff Hayes, Jr.",D,Land Development and Use,1,1,0,0,0.0
H0285,"C.E. Cliff Hayes, Jr.",D,Motor Vehicles,1,1,0,0,0.0
H0285,"C.E. Cliff Hayes, Jr.",D,Solar Energy,1,1,0,0,0.0
H0285,"C.E. Cliff Hayes, Jr.",D,"Wills, Trusts, and Fiduciaries",1,1,0,0,0.0
H0294,Karrie K. Delaney,D,Child Care,1,1,0,0,0.0
H0294,Karrie K. Delaney,D,"Commissions, Boards, and Institutions Generally",1,1,0,0,0.0
H0294,Karrie K. Delaney,D,"Counties, Cities, and Towns",1,1,0,0,0.0
H0294,Karrie K. Delaney,D,Educational Institutions,1,1,0,0,0.0
H0294,Karrie K. Delaney,D,Land Development and Use,1,1,0,0,0.0
H0294,Karrie K. Delaney,D,Solar Energy,1,1,0,0,0.0
H0294,Karrie K. Delaney,D,Wind Energy,1,1,0,0,0.0
H0295,Kelly K. Convirs-Fowler,D,"Commissions, Boards, and Institutions Generally",1,1,0,0,0.0
H0295,Kelly K. Convirs-Fowler,D,"Counties, Cities, and Towns",1,1,0,0,0.0
H0295,Kelly K. Convirs-Fowler,D,Courts Not of Record,1,1,0,0,0.0
H0295,Kelly K. Convirs-Fowler,D,Educational Institutions,1,1,0,0,0.0
H0295,Kelly K. Convirs-Fowler,D,Land Development and Use,1,1,0,0,0.0
H0295,Kelly K. Convirs-Fowler,D,Property and Conveyances,2,1,0,0,0.0
H0295,Kelly K. Convirs-Fowler,D,Solar Energy,1,1,0,0,0.0
H0295,Kelly K. Convirs-Fowler,D,"Wills, Trusts, and Fiduciaries",1,1,0,0,0.0
H0297,Elizabeth R. Guzman,D,Arts and Humanities,2,1,0,0,0.0
H0297,Elizabeth R. Guzman,D,"Commissions, Boards, and Institutions Generally",1,1,0,0,0.0
H0297,Elizabeth R. Guzman,D,"Counties, Cities, and Towns",1,1,0,0,0.0
H0297,Elizabeth R. Guzman,D,Courts Not of Record,1,1,0,0,0.0
H0297,Elizabeth R. Guzman,D,Educational Institutions,1,1,0,0,0.0
H0297,Elizabeth R. Guzman,D,General Assembly,1,1,0,0,0.0
H0297,Elizabeth R. Guzman,D,Land Development and Use,1,1,0,0,0.0
H0297,Elizabeth R. Guzman,D,Motor Vehicles,2,1,0,0,0.0
H0297,Elizabeth R. Guzman,D,Solar Energy,1,1,0,0,0.0
H0297,Elizabeth R. Guzman,D,"Wills, Trusts, and Fiduciaries",1,1,0,0,0.0
H0297,Elizabeth R. Guzman,D,Wind Energy,1,1,0,0,0.0
H0301,David A. Reid,D,Arts and Humanities,1,1,0,0,0.0
H0301,David A. Reid,D,"Commissions, Boards, and Institutions Generally",1,1,0,0,0.0
H0301,David A. Reid,D,"Counties, Cities, and Towns",1,1,0,0,0.0
H0301,David A. Reid,D,Courts Not of Record,1,1,0,0,0.0
H0301,David A. Reid,D,Educational Institutions,1,1,0,0,0.0
H0301,David A. Reid,D,Land Development and Use,1,1,0,0,0.0
H0301,David A. Reid,D,Solar Energy,1,1,0,0,0.0
H0301,David A. Reid,D,"Wills, Trusts, and Fiduciaries",1,1,0,0,0.0
H0305,Kathy K.L. Tran,D,Arts and Humanities,1,1,0,0,0.0
H0305,Kathy K.L. Tran,D,"Counties, Cities, and Towns",1,1,0,0,0.0
H0305,Kathy K.L. Tran,D,Courts Not of Record,1,1,0,0,0.0
H0305,Kathy K.L. Tran,D,General Assembly,1,1,0,0,0.0
H0305,Kathy K.L. Tran,D,Land Development and Use,1,1,0,0,0.0
H0305,Kathy K.L. Tran,D,Motor Vehicles,1,1,0,0,0.0
H0305,Kathy K.L. Tran,D,Solar Energy,1,1,0,0,0.0
H0305,Kathy K.L. Tran,D,"Wills, Trusts, and Fiduciaries",1,1,0,0,0.0
H0308,Joseph P. McNamara,R,Arts and Humanities,1,1,0,0,0.0
H0308,Joseph P. McNamara,R,Child Care,1,1,0,0,0.0
H0308,Joseph P. McNamara,R,"Commissions, Boards, and Institutions Generally",1,1,0,0,0.0
H0308,Joseph P. McNamara,R,"Counties, Cities, and Towns",2,1,0,0,0.0
H0308,Joseph P. McNamara,R,Courts Not of Record,1,1,0,0,0.0
H0308,Joseph P. McNamara,R,Educational Institutions,1,1,0,0,0.0
H0308,Joseph P. McNamara,R,General Assembly,1,1,0,0,0.0
H0308,Joseph P. McNamara,R,Land Development and Use,2,1,0,0,0.0
H0308,Joseph P. McNamara,R,Motor Vehicles,1,1,0,0,0.0
H0308,Joseph P. McNamara,R,Solar Energy,2,1,0,0,0.0
H0308,Joseph P. McNamara,R,"Wills, Trusts, and Fiduciaries",1,1,0,0,0.0
H0308,Joseph P. McNamara,R,Wind Energy,1,1,1,0,0.0
H0311,Alex Q. Askew,D,Arts and Humanities,1,1,0,0,0.0
H0311,Alex Q. Askew,D,"Commissions, Boards, and Institutions Generally",1,1,0,0,0.0
H0311,Alex Q. Askew,D,"Counties, Cities, and Towns",2,1,0,0,0.0
H0311,Alex Q. Askew,D,Courts Not of Record,1,1,0,0,0.0
H0311,Alex Q. Askew,D,Educational Institutions,1,1,0,0,0.0
H0311,Alex Q. Askew,D,General Assembly,1,1,0,0,0.0
H0311,Alex Q. Askew,D,Land Development and Use,2,1,0,0,0.0
H0311,Alex Q. Askew,D,Motor Vehicles,1,1,0,0,0.0
H0311,Alex Q. Askew,D,Solar Energy,2,1,0,0,0.0
H0311,Alex Q. Askew,D,"Wills, Trusts, and Fiduciaries",1,1,0,0,0.0
H0314,Joshua G. Cole,D,Child Care,1,1,0,0,0.0
H0314,Joshua G. Cole,D,"Counties, Cities, and Towns",1,1,0,0,0.0
H0314,Joshua G. Cole,D,Courts Not of Record,1,1,0,0,0.0
H0314,Joshua G. Cole,D,Land Development and Use,1,1,0,0,0.0
H0314,Joshua G. Cole,D,Motor Vehicles,1,1,0,0,0.0
H0314,Joshua G. Cole,D,Solar Energy,1,1,0,0,0.0
H0314,Joshua G. Cole,D,"Wills, Trusts, and Fiduciaries",1,1,0,0,0.0
H0314,Joshua G. Cole,D,Wind Energy,1,1,0,0,0.0
H0317,Dan I. Helmer,D,Arts and Humanities,1,1,0,0,0.0
H0317,Dan I. Helmer,D,Child Care,1,1,0,0,0.0
H0317,Dan I. Helmer,D,"Commissions, Boards, and Institutions Generally",1,1,0,0,0.0
H0317,Dan I. Helmer,D,"Counties, Cities, and Towns",2,1,0,0,0.0
H0317,Dan I. Helmer,D,Courts Not of Record,1,1,0,0,0.0
H0317,Dan I. Helmer,D,Educational Institutions,1,1,0,0,0.0
H0317,Dan I. Helmer,D,General Assembly,1,1,0,0,0.0
H0317,Dan I. Helmer,D,Land Development and Use,2,1,0,0,0.0
H0317,Dan I. Helmer,D,Motor Vehicles,1,1,0,0,0.0
H0317,Dan I. Helmer,D,Solar Energy,2,1,0,0,0.0
H0317,Dan I. Helmer,D,"Wills, Trusts, and Fiduciaries",1,1,0,0,0.0
H0321,Chris S. Runion,R,Arts and Humanities,1,1,0,0,0.0
H0321,Chris S. Runion,R,Child Care,1,1,0,0,0.0
H0321,Chris S. Runion,R,"Commissions, Boards, and Institutions Generally",1,1,0,0,0.0
H0321,Chris S. Runion,R,Courts Not of Record,1,1,0,0,0.0
H0321,Chris S. Runion,R,Educational Institutions,1,1,0,0,0.0
H0321,Chris S. Runion,R,Motor Vehicles,1,1,0,0,0.0
H0321,Chris S. Runion,R,"Wills, Trusts, and Fiduciaries",1,1,0,0,0.0
H0322,Don Scott,D,Arts and Humanities,1,1,0,0,0.0
H0322,Don Scott,D,Child Care,1,1,0,0,0.0
H0322,Don Scott,D,"Commissions, Boards, and Institutions Generally",1,1,0,0,0.0
H0322,Don Scott,D,"Counties, Cities, and Towns",1,1,0,0,0.0
H0322,Don Scott,D,Courts Not of Record,1,1,0,0,0.0
H0322,Don Scott,D,Educational Institutions,1,1,0,0,0.0
H0322,Don Scott,D,General Assembly,1,1,0,0,0.0
H0322,Don Scott,D,Land Development and Use,1,1,0,0,0.0
H0322,Don Scott,D,Motor Vehicles,1,1,0,0,0.0
H0322,Don Scott,D,Solar Energy,1,1,0,0,0.0
H0322,Don Scott,D,"Wills, Trusts, and Fiduciaries",1,1,0,0,0.0
H0322,Don Scott,D,Wind Energy,1,1,0,0,0.0
H0323,Shelly A. Simonds,D,Arts and Humanities,1,1,0,0,0.0
H0323,Shelly A. Simonds,D,"Commissions, Boards, and Institutions Generally",1,1,0,0,0.0
H0323,Shelly A. Simonds,D,"Counties, Cities, and Towns",2,1,0,0,0.0
H0323,Shelly A. Simonds,D,Courts Not of Record,1,1,0,0,0.0
H0323,Shelly A. Simonds,D,Educational Institutions,1,1,0,0,0.0
H0323,Shelly A. Simonds,D,General Assembly,1,1,0,0,0.0
H0323,Shelly A. Simonds,D,Land Development and Use,2,1,0,0,0.0
H0323,Shelly A. Simonds,D,Motor Vehicles,1,1,0,0,0.0
H0323,Shelly A. Simonds,D,Solar Energy,2,1,0,0,0.0
H0323,Shelly A. Simonds,D,"Wills, Trusts, and Fiduciaries",1,1,0,0,0.0
H0325,Wendell S. Walker,R,Arts and Humanities,1,1,0,0,0.0
H0325,Wendell S. Walker,R,Child Care,1,1,0,0,0.0
H0325,Wendell S. Walker,R,"Counties, Cities, and Towns",1,1,0,0,0.0
H0325,Wendell S. Walker,R,Courts Not of Record,1,1,0,0,0.0
H0325,Wendell S. Walker,R,General Assembly,1,1,0,0,0.0
H0325,Wendell S. Walker,R,Land Development and Use,1,1,0,0,0.0
H0325,Wendell S. Walker,R,Motor Vehicles,1,1,0,0,0.0
H0325,Wendell S. Walker,R,Solar Energy,1,1,0,0,0.0
H0325,Wendell S. Walker,R,"Wills, Trusts, and Fiduciaries",1,1,0,0,0.0
H0325,Wendell S. Walker,R,Wind Energy,1,1,0,0,0.0
H0327,Rodney T. Willett,D,Arts and Humanities,1,1,0,0,0.0
H0327,Rodney T. Willett,D,"Counties, Cities, and Towns",1,1,0,0,0.0
H0327,Rodney T. Willett,D,Courts Not of Record,1,1,0,0,0.0
H0327,Rodney T. Willett,D,General Assembly,1,1,0,0,0.0
H0327,Rodney T. Willett,D,Land Development and Use,1,1,0,0,0.0
H0327,Rodney T. Willett,D,Motor Vehicles,1,1,0,0,0.0
H0327,Rodney T. Willett,D,Solar Energy,1,1,0,0,0.0
H0327,Rodney T. Willett,D,"Wills, Trusts, and Fiduciaries",1,1,0,0,0.0
H0328,Scott A. Wyatt,R,Arts and Humanities,1,1,0,0,0.0
H0328,Scott A. Wyatt,R,"Commissions, Boards, and Institutions Generally",1,1,0,0,0.0
H0328,Scott A. Wyatt,R,Courts Not of Record,1,1,0,0,0.0
H0328,Scott A. Wyatt,R,Educational Institutions,1,1,0,0,0.0
H0328,Scott A. Wyatt,R,General Assembly,1,1,0,0,0.0
H0328,Scott A. Wyatt,R,"Wills, Trusts, and Fiduciaries",1,1,0,0,0.0
H0329,Bill Wiley,R,"Commissions, Boards, and Institutions Generally",1,1,0,0,0.0
H0329,Bill Wiley,R,"Counties, Cities, and Towns",1,1,0,0,0.0
H0329,Bill Wiley,R,Courts Not of Record,1,1,0,0,0.0
H0329,Bill Wiley,R,Educational Institutions,1,1,0,0,0.0
H0329,Bill Wiley,R,General Assembly,1,1,0,0,0.0
H0329,Bill Wiley,R,Land Development and Use,1,1,0,0,0.0
H0329,Bill Wiley,R,Solar Energy,1,1,0,0,0.0
H0329,Bill Wiley,R,"Wills, Trusts, and Fiduciaries",1,1,0,0,0.0
H0330,Candi Mundon King,D,Administration of Government,1,1,0,0,0.0
H0330,Candi Mundon King,D,Domestic Relations,1,1,0,0,0.0
H0330,Candi Mundon King,D,General Assembly,1,1,0,0,0.0
H0333,Jason S. Ballard,R,Arts and Humanities,1,1,0,0,0.0
H0333,Jason S. Ballard,R,Child Care,1,1,0,0,0.0
H0333,Jason S. Ballard,R,"Commissions, Boards, and Institutions Generally",1,1,0,0,0.0
H0333,Jason S. Ballard,R,"Counties, Cities, and Towns",1,1,0,0,0.0
H0333,Jason S. Ballard,R,Educational Institutions,1,1,0,0,0.0
H0333,Jason S. Ballard,R,General Assembly,1,1,0,0,0.0
H0333,Jason S. Ballard,R,Land Development and Use,1,1,0,0,0.0
H0333,Jason S. Ballard,R,Solar Energy,1,1,0,0,0.0
H0334,Elizabeth B. Bennett-Parker,D,Contraceptives,1,1,0,0,0.0
H0334,Elizabeth B. Bennett-Parker,D,General Assembly,1,1,0,0,0.0
H0334,Elizabeth B. Bennett-Parker,D,Health,1,1,0,0,0.0
H0334,Elizabeth B. Bennett-Parker,D,Local Government and Officials,1,1,0,0,0.0
H0334,Elizabeth B. Bennett-Parker,D,"Pensions, Benefits, and Retirement",1,1,0,0,0.0
H0334,Elizabeth B. Bennett-Parker,D,Public Service Companies,1,1,0,0,0.0
H0334,Elizabeth B. Bennett-Parker,D,"Wills, Trusts, and Fiduciaries",1,1,0,0,0.0
H0335,Mike A. Cherry,R,Arts and Humanities,1,1,0,0,0.0
H0335,Mike A. Cherry,R,Courts Not of Record,1,1,0,0,0.0
H0335,Mike A. Cherry,R,Motor Vehicles,1,1,0,0,0.0
H0335,Mike A. Cherry,R,"Wills, Trusts, and Fiduciaries",1,1,0,0,0.0
H0335,Mike A. Cherry,R,Wind Energy,1,1,0,0,0.0
H0336,Nadarius E. Clark,D,Arts and Humanities,1,1,1,0,0.0
H0336,Nadarius E. Clark,D,"Commissions, Boards, and Institutions Generally",1,1,0,0,0.0
H0336,Nadarius E. Clark,D,"Counties, Cities, and Towns",1,1,0,0,0.0
H0336,Nadarius E. Clark,D,Courts Not of Record,1,1,0,0,0.0
H0336,Nadarius E. Clark,D,Educational Institutions,1,1,0,0,0.0
H0336,Nadarius E. Clark,D,General Assembly,1,1,0,0,0.0
H0336,Nadarius E. Clark,D,Land Development and Use,1,1,0,0,0.0
H0336,Nadarius E. Clark,D,Motor Vehicles,1,1,0,0,0.0
H0336,Nadarius E. Clark,D,Solar Energy,1,1,0,0,0.0
H0336,Nadarius E. Clark,D,Trade and Commerce,3,1,0,0,0.0
H0340,Michelle Lopes Maldonado,D,Arts and Humanities,1,1,0,0,0.0
H0340,Michelle Lopes Maldonado,D,Child Care,1,1,0,0,0.0
H0340,Michelle Lopes Maldonado,D,"Commissions, Boards, and Institutions Generally",1,1,0,0,0.0
H0340,Michelle Lopes Maldonado,D,"Counties, Cities, and Towns",1,1,0,0,0.0
H0340,Michelle Lopes Maldonado,D,Educational Institutions,1,1,0,0,0.0
H0340,Michelle Lopes Maldonado,D,General Assembly,1,1,0,0,0.0
H0340,Michelle Lopes Maldonado,D,Land Development and Use,1,1,0,0,0.0
H0340,Michelle Lopes Maldonado,D,Motor Vehicles,1,1,0,0,0.0
H0340,Michelle Lopes Maldonado,D,Solar Energy,1,1,0,0,0.0
H0342,Phillip A. Scott,R,Arts and Humanities,1,1,0,0,0.0
H0342,Phillip A. Scott,R,"Counties, Cities, and Towns",1,1,0,0,0.0
H0342,Phillip A. Scott,R,Courts Not of Record,1,1,0,0,0.0
H0342,Phillip A. Scott,R,Land Development and Use,1,1,0,0,0.0
H0342,Phillip A. Scott,R,Motor Vehicles,1,1,0,0,0.0
H0342,Phillip A. Scott,R,Solar Energy,1,1,0,0,0.0
H0342,Phillip A. Scott,R,"Wills, Trusts, and Fiduciaries",1,1,0,0,0.0
H0342,Phillip A. Scott,R,Wind Energy,1,1,1,0,0.0
H0343,Briana D. Sewell,D,Arts and Humanities,1,1,0,0,0.0
H0343,Briana D. Sewell,D,"Commissions, Boards, and Institutions Generally",1,1,0,0,0.0
H0343,Briana D. Sewell,D,"Counties, Cities, and Towns",2,1,0,0,0.0
H0343,Briana D. Sewell,D,Courts Not of Record,1,1,0,0,0.0
H0343,Briana D. Sewell,D,Educational Institutions,1,1,0,0,0.0
H0343,Briana D. Sewell,D,General Assembly,1,1,0,0,0.0
H0343,Briana D. Sewell,D,Land Development and Use,2,1,0,0,0.0
H0343,Briana D. Sewell,D,Solar Energy,2,1,0,0,0.0
H0343,Briana D. Sewell,D,"Wills, Trusts, and Fiduciaries",1,1,0,0,0.0
H0344,Irene Shin,D,Arts and Humanities,1,1,0,0,0.0
H0344,Irene Shin,D,Child Care,1,1,0,0,0.0
H0344,Irene Shin,D,"Counties, Cities, and Towns",2,1,0,0,0.0
H0344,Irene Shin,D,Courts Not of Record,1,1,0,0,0.0
H0344,Irene Shin,D,Domestic Relations,2,1,0,0,0.0
H0344,Irene Shin,D,General Assembly,1,1,0,0,0.0
H0344,Irene Shin,D,Land Development and Use,2,1,0,0,0.0
H0344,Irene Shin,D,Motor Vehicles,1,1,0,0,0.0
H0344,Irene Shin,D,Solar Energy,2,1,0,0,0.0
H0344,Irene Shin,D,Trade and Commerce,2,1,0,0,0.0
H0344,Irene Shin,D,"Wills, Trusts, and Fiduciaries",1,1,0,0,0.0
H0345,Anne Ferrell Tata,R,Arts and Humanities,1,1,0,0,0.0
H0345,Anne Ferrell Tata,R,"Commissions, Boards, and Institutions Generally",1,1,0,0,0.0
H0345,Anne Ferrell Tata,R,"Counties, Cities, and Towns",2,1,0,0,0.0
H0345,Anne Ferrell Tata,R,Courts Not of Record,1,1,0,0,0.0
H0345,Anne Ferrell Tata,R,Educational Institutions,1,1,0,0,0.0
H0345,Anne Ferrell Tata,R,General Assembly,1,1,0,0,0.0
H0345,Anne Ferrell Tata,R,Land Development and Use,2,1,0,0,0.0
H0345,Anne Ferrell Tata,R,Motor Vehicles,1,1,0,0,0.0
H0345,Anne Ferrell Tata,R,Solar Energy,2,1,0,0,0.0
H0345,Anne Ferrell Tata,R,"Wills, Trusts, and Fiduciaries",1,1,0,0,0.0
H0345,Anne Ferrell Tata,R,Wind Energy,1,1,0,0,0.0
H0347,"H. Otto Wachsmann, Jr.",R,Arts and Humanities,1,1,0,0,0.0
H0347,"H. Otto Wachsmann, Jr.",R,Child Care,1,1,0,0,0.0
H0347,"H. Otto Wachsmann, Jr.",R,"Counties, Cities, and Towns",1,1,0,0,0.0
H0347,"H. Otto Wachsmann, Jr.",R,Courts Not of Record,1,1,0,0,0.0
H0347,"H. Otto Wachsmann, Jr.",R,Land Development and Use,1,1,0,0,0.0
H0347,"H. Otto Wachsmann, Jr.",R,Motor Vehicles,1,1,0,0,0.0
H0347,"H. Otto Wachsmann, Jr.",R,Solar Energy,1,1,0,0,0.0
H0347,"H. Otto Wachsmann, Jr.",R,"Wills, Trusts, and Fiduciaries",1,1,0,0,0.0
H0347,"H. Otto Wachsmann, Jr.",R,Wind Energy,1,1,0,0,0.0
H0348,Wren M. Williams,R,Arts and Humanities,1,1,0,0,0.0
H0348,Wren M. Williams,R,Child Care,1,1,0,0,0.0
H0348,Wren M. Williams,R,"Counties, Cities, and Towns",1,1,0,0,0.0
H0348,Wren M. Williams,R,General Assembly,1,1,0,0,0.0
H0348,Wren M. Williams,R,Land Development and Use,1,1,0,0,0.0
H0348,Wren M. Williams,R,Motor Vehicles,1,1,0,0,0.0
H0348,Wren M. Williams,R,Solar Energy,1,1,0,0,0.0
H0348,Wren M. Williams,R,Wind Energy,3,1,0,0,0.0
H0349,Jackie H. Glass,D,Arts and Humanities,1,1,0,0,0.0
H0349,Jackie H. Glass,D,Child Care,1,1,0,0,0.0
H0349,Jackie H. Glass,D,"Commissions, Boards, and Institutions Generally",1,1,0,0,0.0
H0349,Jackie H. Glass,D,"Counties, Cities, and Towns",1,1,0,0,0.0
H0349,Jackie H. Glass,D,Courts Not of Record,1,1,0,0,0.0
H0349,Jackie H. Glass,D,Educational Institutions,1,1,0,0,0.0
H0349,Jackie H. Glass,D,Land Development and Use,1,1,0,0,0.0
H0349,Jackie H. Glass,D,Solar Energy,1,1,0,0,0.0
H0349,Jackie H. Glass,D,"Wills, Trusts, and Fiduciaries",1,1,0,0,0.0
H0349,Jackie H. Glass,D,Wind Energy,1,1,0,0,0.0
H0350,Ellen H. McLaughlin,R,Arts and Humanities,2,1,0,0,0.0
H0350,Ellen H. McLaughlin,R,Courts Not of Record,1,1,0,0,0.0
H0350,Ellen H. McLaughlin,R,General Assembly,1,1,0,0,0.0
H0350,Ellen H. McLaughlin,R,Motor Vehicles,1,1,0,0,0.0
H0350,Ellen H. McLaughlin,R,"Wills, Trusts, and Fiduciaries",1,1,0,0,0.0
H0351,Holly M. Seibold,D,Child Care,1,1,0,0,0.0
H0351,Holly M. Seibold,D,"Commissions, Boards, and Institutions Generally",1,1,0,0,0.0
H0351,Holly M. Seibold,D,"Counties, Cities, and Towns",1,1,0,0,0.0
H0351,Holly M. Seibold,D,Courts Not of Record,1,1,0,0,0.0
H0351,Holly M. Seibold,D,Educational Institutions,1,1,0,0,0.0
H0351,Holly M. Seibold,D,General Assembly,1,1,0,0,0.0
H0351,Holly M. Seibold,D,Land Development and Use,1,1,0,0,0.0
H0351,Holly M. Seibold,D,Motor Vehicles,1,1,0,0,0.0
H0351,Holly M. Seibold,D,Solar Energy,1,1,0,0,0.0
H0351,Holly M. Seibold,D,"Wills, Trusts, and Fiduciaries",1,1,0,0,0.0
H0351,Holly M. Seibold,D,Wind Energy,1,1,0,0,0.0
H0353,Bonita G. Anthony,D,Arts and Humanities,1,1,0,0,0.0
H0353,Bonita G. Anthony,D,Child Care,1,1,0,0,0.0
H0353,Bonita G. Anthony,D,"Commissions, Boards, and Institutions Generally",1,1,0,0,0.0
H0353,Bonita G. Anthony,D,"Counties, Cities, and Towns",1,1,0,0,0.0
H0353,Bonita G. Anthony,D,Courts Not of Record,1,1,0,0,0.0
H0353,Bonita G. Anthony,D,Educational Institutions,1,1,0,0,0.0
H0353,Bonita G. Anthony,D,Land Development and Use,1,1,0,0,0.0
H0353,Bonita G. Anthony,D,Solar Energy,1,1,0,0,0.0
H0353,Bonita G. Anthony,D,"Wills, Trusts, and Fiduciaries",1,1,0,0,0.0
H0354,Katrina Callsen,D,Child Care,1,1,0,0,0.0
H0354,Katrina Callsen,D,"Commissions, Boards, and Institutions Generally",1,1,0,0,0.0
H0354,Katrina Callsen,D,"Counties, Cities, and Towns",1,1,0,0,0.0
H0354,Katrina Callsen,D,Educational Institutions,1,1,0,0,0.0
H0354,Katrina Callsen,D,General Assembly,1,1,0,0,0.0
H0354,Katrina Callsen,D,Land Development and Use,1,1,0,0,0.0
H0354,Katrina Callsen,D,Motor Vehicles,1,1,0,0,0.0
H0354,Katrina Callsen,D,Solar Energy,1,1,0,0,0.0
H0354,Katrina Callsen,D,Wind Energy,1,1,0,0,0.0
H0355,Laura Jane Cohen,D,Arts and Humanities,1,1,0,0,0.0
H0355,Laura Jane Cohen,D,Child Care,1,1,0,0,0.0
H0355,Laura Jane Cohen,D,"Counties, Cities, and Towns",2,1,0,0,0.0
H0355,Laura Jane Cohen,D,Courts Not of Record,1,1,0,0,0.0
H0355,Laura Jane Cohen,D,General Assembly,1,1,0,0,0.0
H0355,Laura Jane Cohen,D,Land Development and Use,2,1,0,0,0.0
H0355,Laura Jane Cohen,D,Motor Vehicles,1,1,0,0,0.0
H0355,Laura Jane Cohen,D,"Pensions, Benefits, and Retirement",2,1,0,0,0.0
H0355,Laura Jane Cohen,D,Solar Energy,2,1,0,0,0.0
H0355,Laura Jane Cohen,D,Trade and Commerce,2,1,0,0,0.0
H0355,Laura Jane Cohen,D,"Wills, Trusts, and Fiduciaries",1,1,0,0,0.0
H0356,Rae Cousins,D,Arts and Humanities,1,1,0,0,0.0
H0356,Rae Cousins,D,"Commissions, Boards, and Institutions Generally",1,1,0,0,0.0
H0356,Rae Cousins,D,"Counties, Cities, and Towns",1,1,0,0,0.0
H0356,Rae Cousins,D,Educational Institutions,1,1,0,0,0.0
H0356,Rae Cousins,D,General Assembly,1,1,0,0,0.0
H0356,Rae Cousins,D,Land Development and Use,1,1,0,0,0.0
H0356,Rae Cousins,D,Motor Vehicles,1,1,0,0,0.0
H0356,Rae Cousins,D,Solar Energy,1,1,0,0,0.0
H0357,Will Davis,R,Arts and Humanities,1,1,0,0,0.0
H0357,Will Davis,R,Child Care,1,1,0,0,0.0
H0357,Will Davis,R,"Commissions, Boards, and Institutions Generally",1,1,0,0,0.0
H0357,Will Davis,R,"Counties, Cities, and Towns",1,1,0,0,0.0
H0357,Will Davis,R,Educational Institutions,1,1,0,0,0.0
H0357,Will Davis,R,General Assembly,1,1,0,0,0.0
H0357,Will Davis,R,Land Development and Use,1,1,0,0,0.0
H0357,Will Davis,R,Motor Vehicles,1,1,0,0,0.0
H0357,Will Davis,R,Solar Energy,1,1,0,0,0.0
H0357,Will Davis,R,Wind Energy,1,1,0,0,0.0
H0360,Michael B. Feggans,D,Arts and Humanities,1,1,0,0,0.0
H0360,Michael B. Feggans,D,Child Care,1,1,0,0,0.0
H0360,Michael B. Feggans,D,"Commissions, Boards, and Institutions Generally",1,1,0,0,0.0
H0360,Michael B. Feggans,D,"Counties, Cities, and Towns",1,1,0,0,0.0
H0360,Michael B. Feggans,D,Courts Not of Record,1,1,0,0,0.0
H0360,Michael B. Feggans,D,Educational Institutions,1,1,0,0,0.0
H0360,Michael B. Feggans,D,General Assembly,1,1,0,0,0.0
H0360,Michael B. Feggans,D,Land Development and Use,1,1,0,0,0.0
H0360,Michael B. Feggans,D,Solar Energy,1,1,0,0,0.0
H0360,Michael B. Feggans,D,"Wills, Trusts, and Fiduciaries",1,1,0,0,0.0
H0361,Debra D. Gardner,D,Arts and Humanities,1,1,0,0,0.0
H0361,Debra D. Gardner,D,Child Care,1,1,0,0,0.0
H0361,Debra D. Gardner,D,"Commissions, Boards, and Institutions Generally",2,1,0,0,0.0
H0361,Debra D. Gardner,D,"Counties, Cities, and Towns",1,1,0,0,0.0
H0361,Debra D. Gardner,D,Courts Not of Record,1,1,0,0,0.0
H0361,Debra D. Gardner,D,Educational Institutions,2,1,0,0,0.0
H0361,Debra D. Gardner,D,General Assembly,1,1,0,0,0.0
H0361,Debra D. Gardner,D,Land Development and Use,1,1,0,0,0.0
H0361,Debra D. Gardner,D,Motor Vehicles,1,1,0,0,0.0
H0361,Debra D. Gardner,D,Solar Energy,1,1,0,0,0.0
H0361,Debra D. Gardner,D,"Wills, Trusts, and Fiduciaries",1,1,0,0,0.0
H0361,Debra D. Gardner,D,Wind Energy,1,1,0,0,0.0
H0362,"Thomas A. Garrett, Jr.",R,Children,2,1,0,0,0.0
H0362,"Thomas A. Garrett, Jr.",R,"Commissions, Boards, and Institutions Generally",1,1,0,0,0.0
H0362,"Thomas A. Garrett, Jr.",R,Courts Not of Record,1,1,0,0,0.0
H0362,"Thomas A. Garrett, Jr.",R,Educational Institutions,1,1,0,0,0.0
H0362,"Thomas A. Garrett, Jr.",R,General Assembly,1,1,0,0,0.0
H0362,"Thomas A. Garrett, Jr.",R,Public Service Companies,2,1,0,0,0.0
H0362,"Thomas A. Garrett, Jr.",R,"Wills, Trusts, and Fiduciaries",1,1,0,0,0.0
H0362,"Thomas A. Garrett, Jr.",R,Wind Energy,1,1,1,0,0.0
H0364,Timothy P. Griffin,R,Arts and Humanities,1,1,1,0,0.0
H0364,Timothy P. Griffin,R,"Commissions, Boards, and Institutions Generally",1,1,0,0,0.0
H0364,Timothy P. Griffin,R,Courts Not of Record,1,1,0,0,0.0
H0364,Timothy P. Griffin,R,Educational Institutions,1,1,0,0,0.0
H0364,Timothy P. Griffin,R,General Assembly,1,1,0,0,0.0
H0364,Timothy P. Griffin,R,Motor Vehicles,1,1,0,0,0.0
H0364,Timothy P. Griffin,R,"Pensions, Benefits, and Retirement",2,1,0,0,0.0
H0364,Timothy P. Griffin,R,"Wills, Trusts, and Fiduciaries",1,1,0,0,0.0
H0364,Timothy P. Griffin,R,Wind Energy,1,1,1,0,0.0
H0365,"Rozia A. Henson, Jr.",D,Arts and Humanities,1,1,0,0,0.0
H0365,"Rozia A. Henson, Jr.",D,Child Care,1,1,0,0,0.0
H0365,"Rozia A. Henson, Jr.",D,"Counties, Cities, and Towns",1,1,0,0,0.0
H0365,"Rozia A. Henson, Jr.",D,Courts Not of Record,1,1,0,0,0.0
H0365,"Rozia A. Henson, Jr.",D,Land Development and Use,1,1,0,0,0.0
H0365,"Rozia A. Henson, Jr.",D,Motor Vehicles,1,1,0,0,0.0
H0365,"Rozia A. Henson, Jr.",D,Solar Energy,1,1,0,0,0.0
H0365,"Rozia A. Henson, Jr.",D,"Wills, Trusts, and Fiduciaries",1,1,0,0,0.0
H0365,"Rozia A. Henson, Jr.",D,Wind Energy,1,1,0,0,0.0
H0366,Phil M. Hernandez,D,Child Care,1,1,0,0,0.0
H0366,Phil M. Hernandez,D,"Commissions, Boards, and Institutions Generally",1,1,0,0,0.0
H0366,Phil M. Hernandez,D,"Counties, Cities, and Towns",1,1,0,0,0.0
H0366,Phil M. Hernandez,D,Educational Institutions,1,1,0,0,0.0
H0366,Phil M. Hernandez,D,General Assembly,1,1,0,0,0.0
H0366,Phil M. Hernandez,D,Land Development and Use,1,1,0,0,0.0
H0366,Phil M. Hernandez,D,Motor Vehicles,1,1,0,0,0.0
H0366,Phil M. Hernandez,D,Solar Energy,1,1,0,0,0.0
H0366,Phil M. Hernandez,D,Wind Energy,1,1,0,0,0.0
H0369,Hillary Pugh Kent,R,Arts and Humanities,1,1,0,0,0.0
H0369,Hillary Pugh Kent,R,"Commissions, Boards, and Institutions Generally",1,1,0,0,0.0
H0369,Hillary Pugh Kent,R,"Counties, Cities, and Towns",1,1,0,0,0.0
H0369,Hillary Pugh Kent,R,Courts Not of Record,1,1,0,0,0.0
H0369,Hillary Pugh Kent,R,Educational Institutions,1,1,0,0,0.0
H0369,Hillary Pugh Kent,R,General Assembly,1,1,0,0,0.0
H0369,Hillary Pugh Kent,R,Land Development and Use,1,1,0,0,0.0
H0369,Hillary Pugh Kent,R,Motor Vehicles,1,1,0,0,0.0
H0369,Hillary Pugh Kent,R,Solar Energy,1,1,0,0,0.0
H0369,Hillary Pugh Kent,R,"Wills, Trusts, and Fiduciaries",1,1,0,0,0.0
H0369,Hillary Pugh Kent,R,Wind Energy,1,1,1,0,0.0
H0370,Karen Keys-Gamarra,D,Arts and Humanities,1,1,0,0,0.0
H0370,Karen Keys-Gamarra,D,Child Care,1,1,0,0,0.0
H0370,Karen Keys-Gamarra,D,"Commissions, Boards, and Institutions Generally",1,1,0,0,0.0
H0370,Karen Keys-Gamarra,D,"Counties, Cities, and Towns",2,1,0,0,0.0
H0370,Karen Keys-Gamarra,D,Educational Institutions,1,1,0,0,0.0
H0370,Karen Keys-Gamarra,D,General Assembly,1,1,0,0,0.0
H0370,Karen Keys-Gamarra,D,Land Development and Use,2,1,0,0,0.0
H0370,Karen Keys-Gamarra,D,Motor Vehicles,1,1,0,0,0.0
H0370,Karen Keys-Gamarra,D,Solar Energy,2,1,0,0,0.0
H0370,Karen Keys-Gamarra,D,Wind Energy,1,1,0,0,0.0
H0371,Amy J. Laufer,D,Arts and Humanities,1,1,0,0,0.0
H0371,Amy J. Laufer,D,"Commissions, Boards, and Institutions Generally",1,1,0,0,0.0
H0371,Amy J. Laufer,D,"Counties, Cities, and Towns",1,1,0,0,0.0
H0371,Amy J. Laufer,D,Courts Not of Record,1,1,0,0,0.0
H0371,Amy J. Laufer,D,Educational Institutions,1,1,0,0,0.0
H0371,Amy J. Laufer,D,General Assembly,1,1,0,0,0.0
H0371,Amy J. Laufer,D,Land Development and Use,1,1,0,0,0.0
H0371,Amy J. Laufer,D,Motor Vehicles,1,1,0,0,0.0
H0371,Amy J. Laufer,D,Solar Energy,1,1,0,0,0.0
H0371,Amy J. Laufer,D,"Wills, Trusts, and Fiduciaries",1,1,0,0,0.0
H0372,Destiny LeVere Bolling,D,"Commissions, Boards, and Institutions Generally",1,1,0,0,0.0
H0372,Destiny LeVere Bolling,D,"Counties, Cities, and Towns",1,1,0,0,0.0
H0372,Destiny LeVere Bolling,D,Courts Not of Record,1,1,0,0,0.0
H0372,Destiny LeVere Bolling,D,Educational Institutions,1,1,0,0,0.0
H0372,Destiny LeVere Bolling,D,Land Development and Use,1,1,0,0,0.0
H0372,Destiny LeVere Bolling,D,Motor Vehicles,1,1,0,0,0.0
H0372,Destiny LeVere Bolling,D,Solar Energy,1,1,0,0,0.0
H0372,Destiny LeVere Bolling,D,"Wills, Trusts, and Fiduciaries",1,1,0,0,0.0
H0374,Marty Martinez,D,Arts and Humanities,1,1,0,0,0.0
H0374,Marty Martinez,D,Child Care,1,1,0,0,0.0
H0374,Marty Martinez,D,"Commissions, Boards, and Institutions Generally",1,1,0,0,0.0
H0374,Marty Martinez,D,"Counties, Cities, and Towns",2,1,0,0,0.0
H0374,Marty Martinez,D,Courts Not of Record,1,1,0,0,0.0
H0374,Marty Martinez,D,Educational Institutions,1,1,0,0,0.0
H0374,Marty Martinez,D,General Assembly,1,1,0,0,0.0
H0374,Marty Martinez,D,Land Development and Use,2,1,0,0,0.0
H0374,Marty Martinez,D,Motor Vehicles,1,1,0,0,0.0
H0374,Marty Martinez,D,Solar Energy,2,1,0,0,0.0
H0374,Marty Martinez,D,"Wills, Trusts, and Fiduciaries",1,1,0,0,0.0
H0374,Marty Martinez,D,Wind Energy,1,1,0,0,0.0
H0375,Adele Y. McClure,D,Child Care,1,1,0,0,0.0
H0375,Adele Y. McClure,D,"Commissions, Boards, and Institutions Generally",1,1,0,0,0.0
H0375,Adele Y. McClure,D,"Counties, Cities, and Towns",1,1,0,0,0.0
H0375,Adele Y. McClure,D,Courts Not of Record,1,1,0,0,0.0
H0375,Adele Y. McClure,D,Educational Institutions,1,1,0,0,0.0
H0375,Adele Y. McClure,D,General Assembly,1,1,0,0,0.0
H0375,Adele Y. McClure,D,Land Development and Use,1,1,0,0,0.0
H0375,Adele Y. McClure,D,Solar Energy,1,1,0,0,0.0
H0375,Adele Y. McClure,D,"Wills, Trusts, and Fiduciaries",1,1,0,0,0.0
H0375,Adele Y. McClure,D,Wind Energy,1,1,0,0,0.0
H0377,Delores Oates,R,Arts and Humanities,1,1,0,0,0.0
H0377,Delores Oates,R,Child Care,1,1,0,0,0.0
H0377,Delores Oates,R,"Commissions, Boards, and Institutions Generally",1,1,0,0,0.0
H0377,Delores Oates,R,"Counties, Cities, and Towns",1,1,0,0,0.0
H0377,Delores Oates,R,Courts Not of Record,1,1,0,0,0.0
H0377,Delores Oates,R,Educational Institutions,1,1,0,0,0.0
H0377,Delores Oates,R,General Assembly,1,1,0,0,0.0
H0377,Delores Oates,R,Land Development and Use,1,1,0,0,0.0
H0377,Delores Oates,R,Motor Vehicles,1,1,0,0,0.0
H0377,Delores Oates,R,Solar Energy,1,1,0,0,0.0
H0377,Delores Oates,R,"Wills, Trusts, and Fiduciaries",1,1,0,0,0.0
H0377,Delores Oates,R,Wind Energy,1,1,0,0,0.0
H0380,Atoosa R. Reaser,D,"Commissions, Boards, and Institutions Generally",1,1,0,0,0.0
H0380,Atoosa R. Reaser,D,"Counties, Cities, and Towns",1,1,0,0,0.0
H0380,Atoosa R. Reaser,D,Educational Institutions,1,1,0,0,0.0
H0380,Atoosa R. Reaser,D,General Assembly,1,1,0,0,0.0
H0380,Atoosa R. Reaser,D,Land Development and Use,1,1,0,0,0.0
H0380,Atoosa R. Reaser,D,Motor Vehicles,1,1,0,0,0.0
H0380,Atoosa R. Reaser,D,Solar Energy,1,1,0,0,0.0
H0380,Atoosa R. Reaser,D,Wind Energy,1,1,0,0,0.0
H0382,Joshua E. Thomas,D,Arts and Humanities,1,1,0,0,0.0
H0382,Joshua E. Thomas,D,"Commissions, Boards, and Institutions Generally",1,1,0,0,0.0
H0382,Joshua E. Thomas,D,"Counties, Cities, and Towns",1,1,0,0,0.0
H0382,Joshua E. Thomas,D,Courts Not of Record,1,1,0,0,0.0
H0382,Joshua E. Thomas,D,Educational Institutions,1,1,0,0,0.0
H0382,Joshua E. Thomas,D,General Assembly,1,1,0,0,0.0
H0382,Joshua E. Thomas,D,Land Development and Use,1,1,0,0,0.0
H0382,Joshua E. Thomas,D,Solar Energy,1,1,0,0,0.0
H0382,Joshua E. Thomas,D,"Wills, Trusts, and Fiduciaries",1,1,0,0,0.0
H0383,Eric R. Zehr,R,Arts and Humanities,1,1,0,0,0.0
H0383,Eric R. Zehr,R,"Commissions, Boards, and Institutions Generally",1,1,0,0,0.0
H0383,Eric R. Zehr,R,"Counties, Cities, and Towns",1,1,0,0,0.0
H0383,Eric R. Zehr,R,Courts Not of Record,1,1,0,0,0.0
H0383,Eric R. Zehr,R,Educational Institutions,1,1,0,0,0.0
H0383,Eric R. Zehr,R,General Assembly,1,1,0,0,0.0
H0383,Eric R. Zehr,R,Land Development and Use,1,1,0,0,0.0
H0383,Eric R. Zehr,R,Motor Vehicles,1,1,0,0,0.0
H0383,Eric R. Zehr,R,Solar Energy,1,1,0,0,0.0
H0383,Eric R. Zehr,R,"Wills, Trusts, and Fiduciaries",1,1,0,0,0.0
H0383,Eric R. Zehr,R,Wind Energy,1,1,1,0,0.0
H0384,Eric Phillips,R,Arts and Humanities,1,1,0,0,0.0
H0384,Eric Phillips,R,Child Care,1,1,0,0,0.0
H0384,Eric Phillips,R,"Commissions, Boards, and Institutions Generally",1,1,0,0,0.0
H0384,Eric Phillips,R,"Counties, Cities, and Towns",1,1,0,0,0.0
H0384,Eric Phillips,R,Courts Not of Record,1,1,0,0,0.0
H0384,Eric Phillips,R,Educational Institutions,1,1,0,0,0.0
H0384,Eric Phillips,R,Land Development and Use,1,1,0,0,0.0
H0384,Eric Phillips,R,Solar Energy,1,1,0,0,0.0
H0384,Eric Phillips,R,"Wills, Trusts, and Fiduciaries",1,1,0,0,0.0
H0384,Eric Phillips,R,Wind Energy,1,1,0,0,0.0
H0385,JJ Singh,D,Arts and Humanities,1,1,0,0,0.0
H0385,JJ Singh,D,Child Care,1,1,0,0,0.0
H0385,JJ Singh,D,"Commissions, Boards, and Institutions Generally",1,1,0,0,0.0
H0385,JJ Singh,D,"Counties, Cities, and Towns",1,1,0,0,0.0
H0385,JJ Singh,D,Courts Not of Record,1,1,0,0,0.0
H0385,JJ Singh,D,Educational Institutions,1,1,0,0,0.0
H0385,JJ Singh,D,Land Development and Use,1,1,0,0,0.0
H0385,JJ Singh,D,Motor Vehicles,1,1,0,0,0.0
H0385,JJ Singh,D,Solar Energy,1,1,0,0,0.0
H0385,JJ Singh,D,"Wills, Trusts, and Fiduciaries",1,1,0,0,0.0
H0386,Jessica L. Anderson,D,Arts and Humanities,1,1,0,0,0.0
H0386,Jessica L. Anderson,D,"Commissions, Boards, and Institutions Generally",1,1,0,0,0.0
H0386,Jessica L. Anderson,D,"Counties, Cities, and Towns",2,1,0,0,0.0
H0386,Jessica L. Anderson,D,Courts Not of Record,1,1,0,0,0.0
H0386,Jessica L. Anderson,D,Educational Institutions,1,1,0,0,0.0
H0386,Jessica L. Anderson,D,General Assembly,1,1,0,0,0.0
H0386,Jessica L. Anderson,D,Land Development and Use,2,1,0,0,0.0
H0386,Jessica L. Anderson,D,Motor Vehicles,1,1,0,0,0.0
H0386,Jessica L. Anderson,D,Solar Energy,2,1,0,0,0.0
H0386,Jessica L. Anderson,D,"Wills, Trusts, and Fiduciaries",1,1,0,0,0.0
H0386,Jessica L. Anderson,D,Wind Energy,1,1,0,0,0.0
H0387,"Karen R. ""Kacey"" Carnegie",D,Arts and Humanities,1,1,0,0,0.0
H0387,"Karen R. ""Kacey"" Carnegie",D,Child Care,1,1,0,0,0.0
H0387,"Karen R. ""Kacey"" Carnegie",D,"Commissions, Boards, and Institutions Generally",1,1,0,0,0.0
H0387,"Karen R. ""Kacey"" Carnegie",D,"Counties, Cities, and Towns",1,1,0,0,0.0
H0387,"Karen R. ""Kacey"" Carnegie",D,Educational Institutions,1,1,0,0,0.0
H0387,"Karen R. ""Kacey"" Carnegie",D,Land Development and Use,1,1,0,0,0.0
H0387,"Karen R. ""Kacey"" Carnegie",D,Motor Vehicles,1,1,0,0,0.0
H0387,"Karen R. ""Kacey"" Carnegie",D,Solar Energy,1,1,0,0,0.0
H0387,"Karen R. ""Kacey"" Carnegie",D,Wind Energy,1,1,0,0,0.0
H0388,Stacey Annie Carroll,D,Child Care,1,1,0,0,0.0
H0388,Stacey Annie Carroll,D,"Commissions, Boards, and Institutions Generally",1,1,0,0,0.0
H0388,Stacey Annie Carroll,D,"Counties, Cities, and Towns",1,1,0,0,0.0
H0388,Stacey Annie Carroll,D,Courts Not of Record,1,1,0,0,0.0
H0388,Stacey Annie Carroll,D,Educational Institutions,1,1,0,0,0.0
H0388,Stacey Annie Carroll,D,Land Development and Use,1,1,0,0,0.0
H0388,Stacey Annie Carroll,D,Motor Vehicles,1,1,0,0,0.0
H0388,Stacey Annie Carroll,D,Solar Energy,1,1,0,0,0.0
H0388,Stacey Annie Carroll,D,"Wills, Trusts, and Fiduciaries",1,1,0,0,0.0
H0388,Stacey Annie Carroll,D,Wind Energy,1,1,0,0,0.0
H0389,Nicole Cole,D,Arts and Humanities,1,1,0,0,0.0
H0389,Nicole Cole,D,Child Care,1,1,0,0,0.0
H0389,Nicole Cole,D,"Counties, Cities, and Towns",2,1,0,0,0.0
H0389,Nicole Cole,D,Courts Not of Record,1,1,0,0,0.0
H0389,Nicole Cole,D,Land Development and Use,2,1,0,0,0.0
H0389,Nicole Cole,D,Motor Vehicles,1,1,0,0,0.0
H0389,Nicole Cole,D,Solar Energy,2,1,0,0,0.0
H0389,Nicole Cole,D,"Wills, Trusts, and Fiduciaries",1,1,0,0,0.0
H0389,Nicole Cole,D,Wind Energy,1,1,0,0,0.0
H0390,Mitchell Cornett,R,Arts and Humanities,1,1,0,0,0.0
H0390,Mitchell Cornett,R,Child Care,1,1,0,0,0.0
H0390,Mitchell Cornett,R,"Counties, Cities, and Towns",1,1,0,0,0.0
H0390,Mitchell Cornett,R,Courts Not of Record,1,1,0,0,0.0
H0390,Mitchell Cornett,R,General Assembly,1,1,0,0,0.0
H0390,Mitchell Cornett,R,Land Development and Use,1,1,0,0,0.0
H0390,Mitchell Cornett,R,Motor Vehicles,1,1,0,0,0.0
H0390,Mitchell Cornett,R,Solar Energy,1,1,0,0,0.0
H0390,Mitchell Cornett,R,"Wills, Trusts, and Fiduciaries",1,1,0,0,0.0
H0390,Mitchell Cornett,R,Wind Energy,1,1,0,0,0.0
H0391,Lindsey Dougherty,D,Arts and Humanities,1,1,0,0,0.0
H0391,Lindsey Dougherty,D,"Commissions, Boards, and Institutions Generally",1,1,0,0,0.0
H0391,Lindsey Dougherty,D,"Counties, Cities, and Towns",1,1,0,0,0.0
H0391,Lindsey Dougherty,D,Courts Not of Record,1,1,0,0,0.0
H0391,Lindsey Dougherty,D,Educational Institutions,1,1,0,0,0.0
H0391,Lindsey Dougherty,D,General Assembly,1,1,0,0,0.0
H0391,Lindsey Dougherty,D,Land Development and Use,1,1,0,0,0.0
H0391,Lindsey Dougherty,D,Motor Vehicles,1,1,0,0,0.0
H0391,Lindsey Dougherty,D,Solar Energy,1,1,0,0,0.0
H0391,Lindsey Dougherty,D,"Wills, Trusts, and Fiduciaries",1,1,0,0,0.0
H0391,Lindsey Dougherty,D,Wind Energy,1,1,0,0,0.0
H0392,Mark C. Downey,D,Arts and Humanities,1,1,0,0,0.0
H0392,Mark C. Downey,D,Child Care,1,1,0,0,0.0
H0392,Mark C. Downey,D,"Counties, Cities, and Towns",2,1,0,0,0.0
H0392,Mark C. Downey,D,Courts Not of Record,1,1,0,0,0.0
H0392,Mark C. Downey,D,General Assembly,1,1,0,0,0.0
H0392,Mark C. Downey,D,Land Development and Use,2,1,0,0,0.0
H0392,Mark C. Downey,D,Motor Vehicles,1,1,0,0,0.0
H0392,Mark C. Downey,D,Solar Energy,2,1,0,0,0.0
H0392,Mark C. Downey,D,"Wills, Trusts, and Fiduciaries",1,1,0,0,0.0
H0392,Mark C. Downey,D,Wind Energy,1,1,0,0,0.0
H0393,Lily V. Franklin,D,Child Care,1,1,0,0,0.0
H0393,Lily V. Franklin,D,"Commissions, Boards, and Institutions Generally",1,1,0,0,0.0
H0393,Lily V. Franklin,D,"Counties, Cities, and Towns",1,1,0,0,0.0
H0393,Lily V. Franklin,D,Courts Not of Record,1,1,0,0,0.0
H0393,Lily V. Franklin,D,Educational Institutions,1,1,0,0,0.0
H0393,Lily V. Franklin,D,General Assembly,1,1,0,0,0.0
H0393,Lily V. Franklin,D,Land Development and Use,1,1,0,0,0.0
H0393,Lily V. Franklin,D,Motor Vehicles,1,1,0,0,0.0
H0393,Lily V. Franklin,D,Solar Energy,1,1,0,0,0.0
H0393,Lily V. Franklin,D,"Wills, Trusts, and Fiduciaries",1,1,0,0,0.0
H0393,Lily V. Franklin,D,Wind Energy,1,1,0,0,0.0
H0394,Karen Hamilton,R,Arts and Humanities,1,1,0,0,0.0
H0394,Karen Hamilton,R,Child Care,1,1,1,0,0.0
H0394,Karen Hamilton,R,"Commissions, Boards, and Institutions Generally",1,1,0,0,0.0
H0394,Karen Hamilton,R,"Counties, Cities, and Towns",1,1,0,0,0.0
H0394,Karen Hamilton,R,Courts Not of Record,1,1,0,0,0.0
H0394,Karen Hamilton,R,Educational Institutions,1,1,0,0,0.0
H0394,Karen Hamilton,R,General Assembly,1,1,0,0,0.0
H0394,Karen Hamilton,R,Land Development and Use,1,1,0,0,0.0
H0394,Karen Hamilton,R,Motor Vehicles,1,1,0,0,0.0
H0394,Karen Hamilton,R,Solar Energy,1,1,0,0,0.0
H0394,Karen Hamilton,R,"Wills, Trusts, and Fiduciaries",1,1,0,0,0.0
H0394,Karen Hamilton,R,Wind Energy,1,1,1,0,0.0
H0395,John Chilton McAuliff,D,Arts and Humanities,1,1,0,0,0.0
H0395,John Chilton McAuliff,D,Child Care,1,1,0,0,0.0
H0395,John Chilton McAuliff,D,"Commissions, Boards, and Institutions Generally",1,1,0,0,0.0
H0395,John Chilton McAuliff,D,"Counties, Cities, and Towns",1,1,0,0,0.0
H0395,John Chilton McAuliff,D,Courts Not of Record,1,1,0,0,0.0
H0395,John Chilton McAuliff,D,Educational Institutions,1,1,0,0,0.0
H0395,John Chilton McAuliff,D,Land Development and Use,1,1,0,0,0.0
H0395,John Chilton McAuliff,D,Motor Vehicles,1,1,0,0,0.0
H0395,John Chilton McAuliff,D,Solar Energy,1,1,0,0,0.0
H0395,John Chilton McAuliff,D,Wind Energy,1,1,0,0,0.0
H0396,Leslie Chambers Mehta,D,Arts and Humanities,1,1,0,0,0.0
H0396,Leslie Chambers Mehta,D,Child Care,1,1,0,0,0.0
H0396,Leslie Chambers Mehta,D,"Commissions, Boards, and Institutions Generally",1,1,0,0,0.0
H0396,Leslie Chambers Mehta,D,"Counties, Cities, and Towns",1,1,0,0,0.0
H0396,Leslie Chambers Mehta,D,Educational Institutions,1,1,0,0,0.0
H0396,Leslie Chambers Mehta,D,General Assembly,1,1,0,0,0.0
H0396,Leslie Chambers Mehta,D,Land Development and Use,1,1,0,0,0.0
H0396,Leslie Chambers Mehta,D,Solar Energy,1,1,0,0,0.0
H0396,Leslie Chambers Mehta,D,Wind Energy,1,1,0,0,0.0
H0397,May Nivar,D,Arts and Humanities,1,1,0,0,0.0
H0397,May Nivar,D,Child Care,1,1,0,0,0.0
H0397,May Nivar,D,"Commissions, Boards, and Institutions Generally",1,1,0,0,0.0
H0397,May Nivar,D,"Counties, Cities, and Towns",2,1,0,0,0.0
H0397,May Nivar,D,Courts Not of Record,1,1,0,0,0.0
H0397,May Nivar,D,Educational Institutions,1,1,0,0,0.0
H0397,May Nivar,D,General Assembly,1,1,0,0,0.0
H0397,May Nivar,D,Land Development and Use,2,1,0,0,0.0
H0397,May Nivar,D,Motor Vehicles,1,1,0,0,0.0
H0397,May Nivar,D,Solar Energy,2,1,0,0,0.0
H0397,May Nivar,D,"Wills, Trusts, and Fiduciaries",1,1,0,0,0.0
H0398,Justin Pence,R,Arts and Humanities,1,1,0,0,0.0
H0398,Justin Pence,R,Child Care,1,1,0,0,0.0
H0398,Justin Pence,R,"Commissions, Boards, and Institutions Generally",1,1,0,0,0.0
H0398,Justin Pence,R,"Counties, Cities, and Towns",1,1,0,0,0.0
H0398,Justin Pence,R,Educational Institutions,1,1,0,0,0.0
H0398,Justin Pence,R,General Assembly,1,1,0,0,0.0
H0398,Justin Pence,R,Land Development and Use,1,1,0,0,0.0
H0398,Justin Pence,R,Motor Vehicles,1,1,0,0,0.0
H0398,Justin Pence,R,Solar Energy,1,1,0,0,0.0
H0398,Justin Pence,R,Wind Energy,1,1,1,0,0.0
H0399,Kimberly Pope Adams,D,Arts and Humanities,1,1,0,0,0.0
H0399,Kimberly Pope Adams,D,Child Care,1,1,0,0,0.0
H0399,Kimberly Pope Adams,D,"Commissions, Boards, and Institutions Generally",1,1,0,0,0.0
H0399,Kimberly Pope Adams,D,"Counties, Cities, and Towns",1,1,0,0,0.0
H0399,Kimberly Pope Adams,D,Courts Not of Record,1,1,0,0,0.0
H0399,Kimberly Pope Adams,D,Educational Institutions,1,1,0,0,0.0
H0399,Kimberly Pope Adams,D,General Assembly,1,1,0,0,0.0
H0399,Kimberly Pope Adams,D,Land Development and Use,1,1,0,0,0.0
H0399,Kimberly Pope Adams,D,Solar Energy,1,1,0,0,0.0
H0399,Kimberly Pope Adams,D,"Wills, Trusts, and Fiduciaries",1,1,0,0,0.0
H0399,Kimberly Pope Adams,D,Wind Energy,1,1,0,0,0.0
H0400,Virgil Thornton,D,Arts and Humanities,1,1,0,0,0.0
H0400,Virgil Thornton,D,Child Care,1,1,0,0,0.0
H0400,Virgil Thornton,D,"Commissions, Boards, and Institutions Generally",1,1,0,0,0.0
H0400,Virgil Thornton,D,"Counties, Cities, and Towns",2,1,0,0,0.0
H0400,Virgil Thornton,D,Educational Institutions,1,1,0,0,0.0
H0400,Virgil Thornton,D,General Assembly,1,1,0,0,0.0
H0400,Virgil Thornton,D,Land Development and Use,2,1,0,0,0.0
H0400,Virgil Thornton,D,Motor Vehicles,1,1,0,0,0.0
H0400,Virgil Thornton,D,Solar Energy,2,1,0,0,0.0
H0400,Virgil Thornton,D,Wind Energy,1,1,0,0,0.0
H0401,Madison Whittle,R,Arts and Humanities,1,1,0,0,0.0
H0401,Madison Whittle,R,"Commissions, Boards, and Institutions Generally",1,1,0,0,0.0
H0401,Madison Whittle,R,"Counties, Cities, and Towns",1,1,0,0,0.0
H0401,Madison Whittle,R,Educational Institutions,1,1,0,0,0.0
H0401,Madison Whittle,R,General Assembly,1,1,0,0,0.0
H0401,Madison Whittle,R,Land Development and Use,1,1,0,0,0.0
H0401,Madison Whittle,R,Motor Vehicles,1,1,0,0,0.0
H0401,Madison Whittle,R,Solar Energy,1,1,0,0,0.0
H0401,Madison Whittle,R,Wind Energy,1,1,0,0,0.0
H0402,Charlie Schmidt,D,Arts and Humanities,1,1,0,0,0.0
H0402,Charlie Schmidt,D,Child Care,1,1,0,0,0.0
H0402,Charlie Schmidt,D,"Commissions, Boards, and Institutions Generally",1,1,0,0,0.0
H0402,Charlie Schmidt,D,"Counties, Cities, and Towns",1,1,0,0,0.0
H0402,Charlie Schmidt,D,Domestic Relations,1,1,0,0,0.0
H0402,Charlie Schmidt,D,Educational Institutions,1,1,0,0,0.0
H0402,Charlie Schmidt,D,Land Development and Use,1,1,0,0,0.0
H0402,Charlie Schmidt,D,Motor Vehicles,1,1,0,0,0.0
H0402,Charlie Schmidt,D,Solar Energy,1,1,0,0,0.0
H0402,Charlie Schmidt,D,Wind Energy,1,1,0,0,0.0
H0403,Gretchen M. Bulova,D,Arts and Humanities,1,1,0,0,0.0
H0403,Gretchen M. Bulova,D,"Commissions, Boards, and Institutions Generally",1,1,0,0,0.0
H0403,Gretchen M. Bulova,D,"Counties, Cities, and Towns",1,1,0,0,0.0
H0403,Gretchen M. Bulova,D,Courts Not of Record,1,1,0,0,0.0
H0403,Gretchen M. Bulova,D,Educational Institutions,1,1,0,0,0.0
H0403,Gretchen M. Bulova,D,Land Development and Use,1,1,0,0,0.0
H0403,Gretchen M. Bulova,D,Motor Vehicles,1,1,0,0,0.0
H0403,Gretchen M. Bulova,D,Solar Energy,1,1,0,0,0.0
H0403,Gretchen M. Bulova,D,"Wills, Trusts, and Fiduciaries",1,1,0,0,0.0
H0403,Gretchen M. Bulova,D,Wind Energy,1,1,0,0,0.0
H0404,Margaret A. Franklin,D,Arts and Humanities,1,1,0,0,0.0
H0404,Margaret A. Franklin,D,Child Care,1,1,0,0,0.0
H0404,Margaret A. Franklin,D,"Commissions, Boards, and Institutions Generally",1,1,0,0,0.0
H0404,Margaret A. Franklin,D,"Counties, Cities, and Towns",2,1,0,0,0.0
H0404,Margaret A. Franklin,D,Courts Not of Record,1,1,0,0,0.0
H0404,Margaret A. Franklin,D,Domestic Relations,1,1,0,0,0.0
H0404,Margaret A. Franklin,D,Educational Institutions,1,1,0,0,0.0
H0404,Margaret A. Franklin,D,Land Development and Use,2,1,0,0,0.0
H0404,Margaret A. Franklin,D,Motor Vehicles,1,1,0,0,0.0
H0404,Margaret A. Franklin,D,Public Service Companies,2,1,0,0,0.0
H0404,Margaret A. Franklin,D,Solar Energy,2,1,0,0,0.0
H0404,Margaret A. Franklin,D,"Wills, Trusts, and Fiduciaries",1,1,0,0,0.0
H0404,Margaret A. Franklin,D,Wind Energy,1,1,0,0,0.0
H0405,Garrett McGuire,D,Arts and Humanities,1,1,0,0,0.0
H0405,Garrett McGuire,D,Child Care,1,1,0,0,0.0
H0405,Garrett McGuire,D,"Counties, Cities, and Towns",2,1,0,0,0.0
H0405,Garrett McGuire,D,Courts Not of Record,1,1,0,0,0.0
H0405,Garrett McGuire,D,Domestic Relations,1,1,0,0,0.0
H0405,Garrett McGuire,D,Land Development and Use,2,1,0,0,0.0
H0405,Garrett McGuire,D,Motor Vehicles,1,1,0,0,0.0
H0405,Garrett McGuire,D,Solar Energy,2,1,0,0,0.0
H0405,Garrett McGuire,D,"Wills, Trusts, and Fiduciaries",1,1,0,0,0.0
H0405,Garrett McGuire,D,Wind Energy,1,1,0,0,0.0
H0406,Kirk McPike,D,Administration of Government,1,1,0,0,0.0
H0406,Kirk McPike,D,Arts and Humanities,1,1,0,0,0.0
H0406,Kirk McPike,D,Child Care,1,1,0,0,0.0
H0406,Kirk McPike,D,"Commissions, Boards, and Institutions Generally",1,1,0,0,0.0
H0406,Kirk McPike,D,"Counties, Cities, and Towns",1,1,0,0,0.0
H0406,Kirk McPike,D,Courts Not of Record,1,1,0,0,0.0
H0406,Kirk McPike,D,Educational Institutions,1,1,0,0,0.0
H0406,Kirk McPike,D,Land Development and Use,1,1,0,0,0.0
H0406,Kirk McPike,D,Motor Vehicles,1,1,0,0,0.0
H0406,Kirk McPike,D,"Pensions, Benefits, and Retirement",1,1,0,0,0.0
H0406,Kirk McPike,D,Public Service Companies,1,1,0,0,0.0
H0406,Kirk McPike,D,Solar Energy,1,1,0,0,0.0
H0406,Kirk McPike,D,Trade and Commerce,1,1,0,0,0.0
H0406,Kirk McPike,D,Wind Energy,1,1,0,0,0.0
H0407,Andrew Rice,R,Civil Remedies and Procedure,1,1,0,0,0.0
H0407,Andrew Rice,R,Criminal Procedure,1,1,0,0,0.0
H0407,Andrew Rice,R,Electronic Processes,1,1,0,0,0.0
H0407,Andrew Rice,R,Higher Education,1,1,0,0,0.0
H0407,Andrew Rice,R,Public Service Companies,1,1,0,0,0.0
H0407,Andrew Rice,R,Uncodified Legislation,1,1,0,0,0.0
H0407,Andrew Rice,R,Unemployment Compensation,1,1,0,0,0.0
H0108,Vivian E. Watts,D,"Counties, Cities, and Towns",1,0,0,0,0.0
H0108,Vivian E. Watts,D,Land Development and Use,1,0,0,0,0.0
H0108,Vivian E. Watts,D,Solar Energy,1,0,0,0,0.0
H0173,Jeion A. Ward,D,"Commissions, Boards, and Institutions Generally",1,0,0,0,0.0
H0173,Jeion A. Ward,D,Educational Institutions,1,0,0,0,0.0
H0206,Barry D. Knight,R,Administration of Government,3,0,0,0,0.0
H0206,Barry D. Knight,R,Agriculture and Food,13,0,0,0,0.0
H0206,Barry D. Knight,R,Alcoholic Beverage and Cannabis Control,22,0,0,0,0.0
H0206,Barry D. Knight,R,Armed Forces,6,0,0,0,0.0
H0206,Barry D. Knight,R,Behavioral Health,17,0,0,0,0.0
H0206,Barry D. Knight,R,Budget and Appropriations,19,0,0,0,0.0
H0206,Barry D. Knight,R,Business and Commerce,38,0,0,0,0.0
H0206,Barry D. Knight,R,Constitutional Amendments,18,0,0,0,0.0
H0206,Barry D. Knight,R,Contraceptives,1,0,0,0,0.0
H0206,Barry D. Knight,R,Courts and Civil Law,29,0,0,0,0.0
H0206,Barry D. Knight,R,Criminal Justice,38,0,0,0,0.0
H0206,Barry D. Knight,R,Data Centers,6,0,0,0,0.0
H0206,Barry D. Knight,R,Domestic Relations,2,0,0,0,0.0
H0206,Barry D. Knight,R,Economic Development,5,0,0,0,0.0
H0206,Barry D. Knight,R,Education,76,0,0,0,0.0
H0206,Barry D. Knight,R,Elections,5,0,0,0,0.0
H0206,Barry D. Knight,R,Elections and Voting,45,0,0,0,0.0
H0206,Barry D. Knight,R,Energy and Utilities,44,0,0,0,0.0
H0206,Barry D. Knight,R,Environment and Conservation,23,0,0,0,0.0
H0206,Barry D. Knight,R,Family and Children,19,0,0,0,0.0
H0206,Barry D. Knight,R,Financial Institutions and Services,4,0,0,0,0.0
H0206,Barry D. Knight,R,Firearms,25,0,0,0,0.0
H0206,Barry D. Knight,R,"Gambling, Lotteries, Etc.",18,0,0,0,0.0
H0206,Barry D. Knight,R,General Assembly,1,0,0,0,0.0
H0206,Barry D. Knight,R,Health,1,0,0,0,0.0
H0206,Barry D. Knight,R,Health and Healthcare,26,0,0,0,0.0
H0206,Barry D. Knight,R,Higher Education,18,0,0,0,0.0
H0206,Barry D. Knight,R,Housing,66,0,0,0,0.0
H0206,Barry D. Knight,R,Indian Tribes,8,0,0,0,0.0
H0206,Barry D. Knight,R,Insurance,17,0,0,0,0.0
H0206,Barry D. Knight,R,Labor and Employment,73,0,0,0,0.0
H0206,Barry D. Knight,R,Local Government,99,0,0,0,0.0
H0206,Barry D. Knight,R,Local Government and Officials,1,0,0,0,0.0
H0206,Barry D. Knight,R,Marriage and Domestic Relations,7,0,0,0,0.0
H0206,Barry D. Knight,R,"Pensions, Benefits, and Retirement",1,0,0,0,0.0
H0206,Barry D. Knight,R,Professions and Occupations,8,0,0,0,0.0
H0206,Barry D. Knight,R,Property and Conveyances,2,0,0,0,0.0
H0206,Barry D. Knight,R,Public Safety,26,0,0,0,0.0
H0206,Barry D. Knight,R,Public Service Companies,1,0,0,0,0.0
H0206,Barry D. Knight,R,Social Services,7,0,0,0,0.0
H0206,Barry D. Knight,R,State Government,19,0,0,0,0.0
H0206,Barry D. Knight,R,"Study Commissions, Committees, and Reports",20,0,0,0,0.0
H0206,Barry D. Knight,R,Taxes and Revenue,23,0,0,0,0.0
H0206,Barry D. Knight,R,Technology and Data,9,0,0,0,0.0
H0206,Barry D. Knight,R,Trade and Commerce,1,0,0,0,0.0
H0206,Barry D. Knight,R,Transportation,82,0,0,0,0.0
H0206,Barry D. Knight,R,Unclassified,210,0,0,0,0.0
H0206,Barry D. Knight,R,Uncodified Legislation,2,0,0,0,0.0
H0239,Alfonso H. Lopez,D,General Assembly,1,0,0,0,0.0
H0242,Israel D. O'Quinn,R,Arts and Humanities,1,0,0,0,0.0
H0253,Terry L. Austin,R,"Counties, Cities, and Towns",1,0,0,0,0.0
H0253,Terry L. Austin,R,General Assembly,1,0,0,0,0.0
H0253,Terry L. Austin,R,Land Development and Use,1,0,0,0,0.0
H0253,Terry L. Austin,R,Solar Energy,1,0,0,0,0.0
H0294,Karrie K. Delaney,D,General Assembly,1,0,0,0,0.0
H0295,Kelly K. Convirs-Fowler,D,Arts and Humanities,1,0,0,0,0.0
H0295,Kelly K. Convirs-Fowler,D,Motor Vehicles,1,0,0,0,0.0
H0321,Chris S. Runion,R,General Assembly,1,0,0,0,0.0
H0336,Nadarius E. Clark,D,"Wills, Trusts, and Fiduciaries",1,0,0,0,0.0
H0350,Ellen H. McLaughlin,R,"Commissions, Boards, and Institutions Generally",1,0,0,0,0.0
H0350,Ellen H. McLaughlin,R,Educational Institutions,1,0,0,0,0.0
H0362,"Thomas A. Garrett, Jr.",R,Arts and Humanities,1,0,0,0,0.0
H0362,"Thomas A. Garrett, Jr.",R,Motor Vehicles,1,0,0,0,0.0
H0364,Timothy P. Griffin,R,Child Care,1,0,0,0,0.0
H0364,Timothy P. Griffin,R,"Counties, Cities, and Towns",1,0,0,0,0.0
H0364,Timothy P. Griffin,R,Land Development and Use,1,0,0,0,0.0
H0364,Timothy P. Griffin,R,Solar Energy,1,0,0,0,0.0
H0372,Destiny LeVere Bolling,D,Arts and Humanities,1,0,0,0,0.0
H0395,John Chilton McAuliff,D,"Wills, Trusts, and Fiduciaries",1,0,0,0,0.0
