Bill_id,topic_name,classification,lis_subject_name,lis_parent_subject,source_file,source_text_used,rule_derived,matched_rule
HB1669,Elections and Voting,Derived from LIS bill description,,,BILLS.CSV,"Brodnax, Town of; amending charter, election of mayor.",True,\belections?\b
HB1669,Local Government,Derived from LIS bill description,,,BILLS.CSV,"Brodnax, Town of; amending charter, election of mayor.",True,\bamending (?:the )?charter\b
HB2005,Local Government,Derived from LIS bill description,,,BILLS.CSV,"Roanoke, City of; amending charter, appointment of director of real estate valuation.",True,\bamending (?:the )?charter\b
HB2283,Local Government,Derived from LIS bill description,,,BILLS.CSV,"Hopewell, City of; amending charter, duties of treasurer.",True,\bamending (?:the )?charter\b
HB2332,Local Government,Derived from LIS bill description,,,BILLS.CSV,"Urbanna, Town of; amending charter, mayor shall be a member of town council.",True,\bamending (?:the )?charter\b
HB2587,Local Government,Derived from LIS bill description,,,BILLS.CSV,"Poquoson, City of; amending charter, powers of city council.",True,\bamending (?:the )?charter\b
HJ431,Commendations and Commemorations,Derived from LIS bill description,,,BILLS.CSV,Commending the Blacksburg High School girls' track and field team.,True,^\s*commending\b
HJ431,Education,Derived from LIS bill description,,,BILLS.CSV,Commending the Blacksburg High School girls' track and field team.,True,\bhigh school\b
HJ432,Commendations and Commemorations,Derived from LIS bill description,,,BILLS.CSV,Commending the Christiansburg High School softball team.,True,^\s*commending\b
HJ432,Education,Derived from LIS bill description,,,BILLS.CSV,Commending the Christiansburg High School softball team.,True,\bhigh school\b
HJ433,Commendations and Commemorations,Derived from LIS bill description,,,BILLS.CSV,Commending the Alexandria Archaeological Commission.,True,^\s*commending\b
HJ434,Local Government,Derived from LIS bill description,,,BILLS.CSV,Coastal storm risk management studies; non-federal sponsor contributions by localities.,True,\blocalit
HJ436,"Study Commissions, Committees, and Reports",Derived from LIS bill description,,,BILLS.CSV,Vehicle noise-monitoring devices; VSP to study feasibility and impact of implementing devices.,True,\bstudy feasibility\b
HJ438,Commendations and Commemorations,Derived from LIS bill description,,,BILLS.CSV,Commending the Glenvar High School girls' soccer team.,True,^\s*commending\b
HJ438,Education,Derived from LIS bill description,,,BILLS.CSV,Commending the Glenvar High School girls' soccer team.,True,\bhigh school\b
HJ439,Commendations and Commemorations,Derived from LIS bill description,,,BILLS.CSV,Commending the Glenvar High School boys' soccer team.,True,^\s*commending\b
HJ439,Education,Derived from LIS bill description,,,BILLS.CSV,Commending the Glenvar High School boys' soccer team.,True,\bhigh school\b
HJ440,Education,Derived from LIS bill description,,,BILLS.CSV,Public school libraries; JLARC to study removal of books.,True,\bpublic schools?\b
HJ441,Education,Derived from LIS bill description,,,BILLS.CSV,Elementary/secondary schools; Va. Com. on youth to study policies to support student mental health.,True,\bstudents?\b
HJ441,Behavioral Health,Derived from LIS bill description,,,BILLS.CSV,Elementary/secondary schools; Va. Com. on youth to study policies to support student mental health.,True,\bmental health\b
HJ442,Housing,Derived from LIS bill description,,,BILLS.CSV,Affordable housing; study on tax policies enacted by the Commonwealth & political subdivisions.,True,\baffordable housing\b
HJ443,Elections and Voting,Derived from LIS bill description,,,BILLS.CSV,Consolidation and scheduling of general elections; joint subcommittee to study.,True,\belections?\b
HJ444,Elections and Voting,Derived from LIS bill description,,,BILLS.CSV,Virginia's campaign finance laws; Joint Legislative Audit and Review Commission to study.,True,\bcampaign finance\b
HJ445,Transportation,Derived from LIS bill description,,,BILLS.CSV,Persons with disabilities;  JLARC to study transportation options in rural areas.,True,\btransportation\b
HJ447,Social Services,Derived from LIS bill description,,,BILLS.CSV,"Statewide food desert mapping tool; Virginia Commission to End Hunger to establish, report.",True,\bhunger\b
HJ448,Environment and Conservation,Derived from LIS bill description,,,BILLS.CSV,Litter tax; Department of Environmental Quality to study tax policy options for reforming.,True,\benvironmental\b
HJ449,Transportation,Derived from LIS bill description,,,BILLS.CSV,Hybrid and electric trucks; Department of Transportation to study options for taxation.,True,\bdepartment of transportation\b
HJ449,Taxes and Revenue,Derived from LIS bill description,,,BILLS.CSV,Hybrid and electric trucks; Department of Transportation to study options for taxation.,True,\btaxation\b
HJ450,Constitutional Amendments,Derived from LIS bill description,,,BILLS.CSV,Constitutional amendment; right to work (first reference).,True,\bconstitutional amendment\b
HJ451,Local Government,Derived from LIS bill description,,,BILLS.CSV,Land value; DHCD to study tax implications of allowing localities to implement a tax.,True,\blocalit
HJ452,Constitutional Amendments,Derived from LIS bill description,,,BILLS.CSV,Constitutional amendment; right to food choice (first reference).,True,\bconstitutional amendment\b
HJ454,Labor and Employment,Derived from LIS bill description,,,BILLS.CSV,Automation of ports in the Commonwealth; JLARC to study economic and workforce impacts.,True,\bworkforce\b
HJ456,Commendations and Commemorations,Derived from LIS bill description,,,BILLS.CSV,Commending the Auburn High School girls' soccer team.,True,^\s*commending\b
HJ456,Education,Derived from LIS bill description,,,BILLS.CSV,Commending the Auburn High School girls' soccer team.,True,\bhigh school\b
HJ457,Transportation,Derived from LIS bill description,,,BILLS.CSV,"Constitutional amendment; tax exemption for motor vehicles owned for personal, noncommercial use.",True,\bmotor vehicles?\b
HJ457,Constitutional Amendments,Derived from LIS bill description,,,BILLS.CSV,"Constitutional amendment; tax exemption for motor vehicles owned for personal, noncommercial use.",True,\bconstitutional amendment\b
HJ459,Commendations and Commemorations,Derived from LIS bill description,,,BILLS.CSV,"Celebrating the life of James Stuart Weston, MD.",True,^\s*celebrating the life\b
HJ460,"Study Commissions, Committees, and Reports",Derived from LIS bill description,,,BILLS.CSV,Washington County; DCR to study feasibility of establishing state park in Holston River Watershed.,True,\bstudy feasibility\b
HJ464,Insurance,Derived from LIS bill description,,,BILLS.CSV,Cardiovascular disease screening coverage; Health Insurance Reform Commission to study.,True,\bhealth insurance\b
HJ465,Commendations and Commemorations,Derived from LIS bill description,,,BILLS.CSV,Commending Shenandoah University.,True,^\s*commending\b
HJ467,Commendations and Commemorations,Derived from LIS bill description,,,BILLS.CSV,Commending Ray Reynolds.,True,^\s*commending\b
HJ468,Education,Derived from LIS bill description,,,BILLS.CSV,"Higher education institutions, public; JLARC to study cost efficiency.",True,\beducation\b
HJ468,Higher Education,Derived from LIS bill description,,,BILLS.CSV,"Higher education institutions, public; JLARC to study cost efficiency.",True,\bhigher education\b
HJ469,Commendations and Commemorations,Derived from LIS bill description,,,BILLS.CSV,Commending Mel Price.,True,^\s*commending\b
HJ470,Commendations and Commemorations,Derived from LIS bill description,,,BILLS.CSV,Commending program partners for the Virginia American Revolution 250 Commission's Fincastle Resolutions events.,True,^\s*commending\b
HJ471,Commendations and Commemorations,Derived from LIS bill description,,,BILLS.CSV,Commending the Animal Welfare League of Arlington.,True,^\s*commending\b
HJ472,Commendations and Commemorations,Derived from LIS bill description,,,BILLS.CSV,Commending the American Friends of Lafayette.,True,^\s*commending\b
HJ473,Business and Commerce,Derived from LIS bill description,,,BILLS.CSV,Commercial Waterman Safety Week.,True,\bcommercial\b
HJ474,Commendations and Commemorations,Derived from LIS bill description,,,BILLS.CSV,Commending the Lancaster High School boys' basketball team.,True,^\s*commending\b
HJ474,Education,Derived from LIS bill description,,,BILLS.CSV,Commending the Lancaster High School boys' basketball team.,True,\bhigh school\b
HJ475,Commendations and Commemorations,Derived from LIS bill description,,,BILLS.CSV,Commending the Charlotte County Virginia Angels softball team.,True,^\s*commending\b
HJ476,Courts and Civil Law,Derived from LIS bill description,,,BILLS.CSV,"Judges; election in Circuit Court, General District Court etc.",True,\bcircuit courts?\b
HJ477,Commendations and Commemorations,Derived from LIS bill description,,,BILLS.CSV,Celebrating the life of Henry Furlong Baldwin.,True,^\s*celebrating the life\b
HJ478,Commendations and Commemorations,Derived from LIS bill description,,,BILLS.CSV,Celebrating the life of the Honorable William R. O'Brien.,True,^\s*celebrating the life\b
HJ479,Commendations and Commemorations,Derived from LIS bill description,,,BILLS.CSV,Commending the Community Foundation of the New River Valley.,True,^\s*commending\b
HJ480,Commendations and Commemorations,Derived from LIS bill description,,,BILLS.CSV,Celebrating the life of Holly Jennings King.,True,^\s*celebrating the life\b
HJ481,Commendations and Commemorations,Derived from LIS bill description,,,BILLS.CSV,Commending the Blacksburg High School golf team.,True,^\s*commending\b
HJ481,Education,Derived from LIS bill description,,,BILLS.CSV,Commending the Blacksburg High School golf team.,True,\bhigh school\b
HJ482,Commendations and Commemorations,Derived from LIS bill description,,,BILLS.CSV,Commending the Auburn High School golf team.,True,^\s*commending\b
HJ482,Education,Derived from LIS bill description,,,BILLS.CSV,Commending the Auburn High School golf team.,True,\bhigh school\b
HJ483,Commendations and Commemorations,Derived from LIS bill description,,,BILLS.CSV,"Commending Cadet Colonel Anna Stroz, CAP.",True,^\s*commending\b
HJ484,Commendations and Commemorations,Derived from LIS bill description,,,BILLS.CSV,Commending Debbie Rountree.,True,^\s*commending\b
HJ485,Commendations and Commemorations,Derived from LIS bill description,,,BILLS.CSV,Celebrating the life of Rafael Torrech III.,True,^\s*celebrating the life\b
HJ486,Commendations and Commemorations,Derived from LIS bill description,,,BILLS.CSV,Commending Caleb Gilbert.,True,^\s*commending\b
HJ487,Commendations and Commemorations,Derived from LIS bill description,,,BILLS.CSV,Commending Grant Holloway.,True,^\s*commending\b
HJ488,Commendations and Commemorations,Derived from LIS bill description,,,BILLS.CSV,Commending Maurice Moody.,True,^\s*commending\b
HJ489,Commendations and Commemorations,Derived from LIS bill description,,,BILLS.CSV,Commending Marie Nave.,True,^\s*commending\b
HJ490,Commendations and Commemorations,Derived from LIS bill description,,,BILLS.CSV,Celebrating the life of John Lee Orrock.,True,^\s*celebrating the life\b
HJ491,Commendations and Commemorations,Derived from LIS bill description,,,BILLS.CSV,"Celebrating the life of Jackie Francis Shepard, Jr.",True,^\s*celebrating the life\b
HJ492,Constitutional Amendments,Derived from LIS bill description,,,BILLS.CSV,Constitutional amendment; right to work (first reference).,True,\bconstitutional amendment\b
HJ493,Commendations and Commemorations,Derived from LIS bill description,,,BILLS.CSV,Commending Blackwater Baptist Church.,True,^\s*commending\b
HJ494,Commendations and Commemorations,Derived from LIS bill description,,,BILLS.CSV,Commending the Historic St. John's Church.,True,^\s*commending\b
HJ495,Commendations and Commemorations,Derived from LIS bill description,,,BILLS.CSV,Celebrating the life of Patricia Buckley Moss.,True,^\s*celebrating the life\b
HJ496,Commendations and Commemorations,Derived from LIS bill description,,,BILLS.CSV,Commending Al Alexander.,True,^\s*commending\b
HJ500,Elections and Voting,Derived from LIS bill description,,,BILLS.CSV,Election Worker Appreciation Day.,True,\belections?\b
HJ501,Constitutional Amendments,Derived from LIS bill description,,,BILLS.CSV,"Constitutional amendment; Literary 5 Fund, exemption for certain asset forfeiture (first reference).",True,\bconstitutional amendment\b
HJ503,Commendations and Commemorations,Derived from LIS bill description,,,BILLS.CSV,Commending Torri Huske.,True,^\s*commending\b
HJ504,Commendations and Commemorations,Derived from LIS bill description,,,BILLS.CSV,Commending the National Conference of State Legislatures.,True,^\s*commending\b
HJ505,Commendations and Commemorations,Derived from LIS bill description,,,BILLS.CSV,"Commending Donald Sullivan, Jr.",True,^\s*commending\b
HJ506,Commendations and Commemorations,Derived from LIS bill description,,,BILLS.CSV,Commending the Culpeper Sheriff's Office.,True,^\s*commending\b
HJ507,Public Safety,Derived from LIS bill description,,,BILLS.CSV,Emergency Management Professionals Week.,True,\bemergency management\b
HJ509,Commendations and Commemorations,Derived from LIS bill description,,,BILLS.CSV,Commending Shrine Mont.,True,^\s*commending\b
HJ510,Commendations and Commemorations,Derived from LIS bill description,,,BILLS.CSV,Commending the Gloucester County Branch of the NAACP.,True,^\s*commending\b
HJ511,Commendations and Commemorations,Derived from LIS bill description,,,BILLS.CSV,Celebrating the life of Nikki Giovanni.,True,^\s*celebrating the life\b
HJ512,Commendations and Commemorations,Derived from LIS bill description,,,BILLS.CSV,Commending the Roanoke Star.,True,^\s*commending\b
HJ513,Commendations and Commemorations,Derived from LIS bill description,,,BILLS.CSV,Commending M'lissa Dunn.,True,^\s*commending\b
HJ514,Commendations and Commemorations,Derived from LIS bill description,,,BILLS.CSV,Commending Valerie Pisierra.,True,^\s*commending\b
HJ515,Commendations and Commemorations,Derived from LIS bill description,,,BILLS.CSV,Commending Rachel Roberts.,True,^\s*commending\b
HJ516,Commendations and Commemorations,Derived from LIS bill description,,,BILLS.CSV,Commending Anthony Cimino-Johnson.,True,^\s*commending\b
HJ517,Commendations and Commemorations,Derived from LIS bill description,,,BILLS.CSV,Commending the Tarara Summer Concert Series.,True,^\s*commending\b
HJ518,Commendations and Commemorations,Derived from LIS bill description,,,BILLS.CSV,Commending Brody Dawyot.,True,^\s*commending\b
HJ519,Commendations and Commemorations,Derived from LIS bill description,,,BILLS.CSV,Commending Pat B. Huber.,True,^\s*commending\b
HJ520,Commendations and Commemorations,Derived from LIS bill description,,,BILLS.CSV,Commending Sandra Davis.,True,^\s*commending\b
HJ521,Commendations and Commemorations,Derived from LIS bill description,,,BILLS.CSV,Commending the Rotary Club of Woodstock.,True,^\s*commending\b
HJ522,Commendations and Commemorations,Derived from LIS bill description,,,BILLS.CSV,Celebrating the life of Charlotte Hall Hutt.,True,^\s*celebrating the life\b
HJ523,Commendations and Commemorations,Derived from LIS bill description,,,BILLS.CSV,Commending the Buckhorn Volunteer Fire Department.,True,^\s*commending\b
HJ524,Commendations and Commemorations,Derived from LIS bill description,,,BILLS.CSV,Commending Harris Funeral Homes.,True,^\s*commending\b
HJ525,Commendations and Commemorations,Derived from LIS bill description,,,BILLS.CSV,Commending Arrington's Home Furnishings.,True,^\s*commending\b
HJ526,Commendations and Commemorations,Derived from LIS bill description,,,BILLS.CSV,"Commending the Rescue College of the Virginia Association of Volunteer Rescue Squads, Inc.",True,^\s*commending\b
HJ527,Commendations and Commemorations,Derived from LIS bill description,,,BILLS.CSV,"Commending Janet Gullickson, Ed.D.",True,^\s*commending\b
HJ528,Commendations and Commemorations,Derived from LIS bill description,,,BILLS.CSV,Commending Belinda Black.,True,^\s*commending\b
HJ529,Commendations and Commemorations,Derived from LIS bill description,,,BILLS.CSV,Commending the MOC Beagles.,True,^\s*commending\b
HJ530,Commendations and Commemorations,Derived from LIS bill description,,,BILLS.CSV,Commending Emily Ann Fox.,True,^\s*commending\b
HJ531,Commendations and Commemorations,Derived from LIS bill description,,,BILLS.CSV,Commending Keith H. Johnson.,True,^\s*commending\b
HJ532,Commendations and Commemorations,Derived from LIS bill description,,,BILLS.CSV,Commending the Adler Center for Caring on the Van Metre Campus.,True,^\s*commending\b
HJ533,Commendations and Commemorations,Derived from LIS bill description,,,BILLS.CSV,Celebrating the life of Stella Dikos.,True,^\s*celebrating the life\b
HJ534,Commendations and Commemorations,Derived from LIS bill description,,,BILLS.CSV,Commending Ron Montgomery.,True,^\s*commending\b
HJ535,Commendations and Commemorations,Derived from LIS bill description,,,BILLS.CSV,Commending Sheila S. Noll.,True,^\s*commending\b
HJ536,Commendations and Commemorations,Derived from LIS bill description,,,BILLS.CSV,Commending Thomas G. Shepperd.,True,^\s*commending\b
HJ537,Commendations and Commemorations,Derived from LIS bill description,,,BILLS.CSV,Commending Elizabeth S. Kostelny.,True,^\s*commending\b
HJ538,Commendations and Commemorations,Derived from LIS bill description,,,BILLS.CSV,Commending the Lackey Clinic.,True,^\s*commending\b
HJ539,Commendations and Commemorations,Derived from LIS bill description,,,BILLS.CSV,Commending The Arc of Greater Williamsburg.,True,^\s*commending\b
HJ540,Commendations and Commemorations,Derived from LIS bill description,,,BILLS.CSV,Commending Busch Gardens Williamsburg.,True,^\s*commending\b
HJ541,Commendations and Commemorations,Derived from LIS bill description,,,BILLS.CSV,Commending the Yorktown Arts Foundation.,True,^\s*commending\b
HJ542,Commendations and Commemorations,Derived from LIS bill description,,,BILLS.CSV,Commending The Bargain Box.,True,^\s*commending\b
HJ543,Commendations and Commemorations,Derived from LIS bill description,,,BILLS.CSV,Commending Bishop Fishing Supply.,True,^\s*commending\b
HJ544,Commendations and Commemorations,Derived from LIS bill description,,,BILLS.CSV,Commending Ross A. Mugler.,True,^\s*commending\b
HJ545,Commendations and Commemorations,Derived from LIS bill description,,,BILLS.CSV,Commending Lara Shearin Overy.,True,^\s*commending\b
HJ546,Commendations and Commemorations,Derived from LIS bill description,,,BILLS.CSV,Celebrating the life of Charles Daniel Spruill.,True,^\s*celebrating the life\b
HJ547,Commendations and Commemorations,Derived from LIS bill description,,,BILLS.CSV,Commending the organizers of Virginia American Revolution 250 Commission events in Historic Yorktown.,True,^\s*commending\b
HJ548,Commendations and Commemorations,Derived from LIS bill description,,,BILLS.CSV,Commending the Virginia Electoral Board Association.,True,^\s*commending\b
HJ549,Commendations and Commemorations,Derived from LIS bill description,,,BILLS.CSV,Commending Dover Hall.,True,^\s*commending\b
HJ550,Commendations and Commemorations,Derived from LIS bill description,,,BILLS.CSV,Commending Erin Schaible.,True,^\s*commending\b
HJ551,Commendations and Commemorations,Derived from LIS bill description,,,BILLS.CSV,Commending the Edwards family.,True,^\s*commending\b
HJ552,Commendations and Commemorations,Derived from LIS bill description,,,BILLS.CSV,Celebrating the life of Thomas Clyde Evelyn.,True,^\s*celebrating the life\b
HJ553,Commendations and Commemorations,Derived from LIS bill description,,,BILLS.CSV,Commending Rebecca Nunn.,True,^\s*commending\b
HJ554,Commendations and Commemorations,Derived from LIS bill description,,,BILLS.CSV,"Celebrating the life of Major General John Dean Taylor, VDF, Ret.",True,^\s*celebrating the life\b
HJ555,Commendations and Commemorations,Derived from LIS bill description,,,BILLS.CSV,Commending the Council of Virginia Archaeologists.,True,^\s*commending\b
HJ556,Commendations and Commemorations,Derived from LIS bill description,,,BILLS.CSV,Commending Newport News Public Schools Youth Development.,True,^\s*commending\b
HJ556,Education,Derived from LIS bill description,,,BILLS.CSV,Commending Newport News Public Schools Youth Development.,True,\bpublic schools?\b
HJ557,Commendations and Commemorations,Derived from LIS bill description,,,BILLS.CSV,Commending the Hampton Roads Workforce Council.,True,^\s*commending\b
HJ557,Labor and Employment,Derived from LIS bill description,,,BILLS.CSV,Commending the Hampton Roads Workforce Council.,True,\bworkforce\b
HJ558,Commendations and Commemorations,Derived from LIS bill description,,,BILLS.CSV,Celebrating the life of Mary Ann Sobieralski.,True,^\s*celebrating the life\b
HJ559,Commendations and Commemorations,Derived from LIS bill description,,,BILLS.CSV,Celebrating the life of William David Dolan III.,True,^\s*celebrating the life\b
HJ560,Commendations and Commemorations,Derived from LIS bill description,,,BILLS.CSV,Commending the Faison Center.,True,^\s*commending\b
HJ561,Commendations and Commemorations,Derived from LIS bill description,,,BILLS.CSV,Commending hemp farmers in Virginia.,True,^\s*commending\b
HJ561,Agriculture and Food,Derived from LIS bill description,,,BILLS.CSV,Commending hemp farmers in Virginia.,True,\bfarmers?\b
HJ562,Commendations and Commemorations,Derived from LIS bill description,,,BILLS.CSV,Commending Wesley Housing.,True,^\s*commending\b
HJ563,Commendations and Commemorations,Derived from LIS bill description,,,BILLS.CSV,Commending Wayne F. Pryor.,True,^\s*commending\b
HJ564,Commendations and Commemorations,Derived from LIS bill description,,,BILLS.CSV,"Celebrating the life of the Honorable Henry Levander Marsh, III.",True,^\s*celebrating the life\b
HJ565,Commendations and Commemorations,Derived from LIS bill description,,,BILLS.CSV,Commending the Town of Glade Spring.,True,^\s*commending\b
HJ566,Commendations and Commemorations,Derived from LIS bill description,,,BILLS.CSV,Commending Port City Brewing Company.,True,^\s*commending\b
HJ567,Commendations and Commemorations,Derived from LIS bill description,,,BILLS.CSV,Commending the Campagna Center.,True,^\s*commending\b
HJ568,Commendations and Commemorations,Derived from LIS bill description,,,BILLS.CSV,Celebrating the life of Louis Peter Kokonis.,True,^\s*celebrating the life\b
HJ569,Commendations and Commemorations,Derived from LIS bill description,,,BILLS.CSV,"Commending Tammy Mann, Ph.D.",True,^\s*commending\b
HJ570,Commendations and Commemorations,Derived from LIS bill description,,,BILLS.CSV,Celebrating the life of Russ Adams.,True,^\s*celebrating the life\b
HJ571,Commendations and Commemorations,Derived from LIS bill description,,,BILLS.CSV,Commending the Alexandria Historical Society.,True,^\s*commending\b
HJ572,Commendations and Commemorations,Derived from LIS bill description,,,BILLS.CSV,Commending ACT for Alexandria.,True,^\s*commending\b
HJ573,Commendations and Commemorations,Derived from LIS bill description,,,BILLS.CSV,Commending Computer CORE.,True,^\s*commending\b
HJ574,Commendations and Commemorations,Derived from LIS bill description,,,BILLS.CSV,Commending the Virginia chapter of the American Association of University Women.,True,^\s*commending\b
HJ575,Commendations and Commemorations,Derived from LIS bill description,,,BILLS.CSV,Commending St. Stephen's and St. Agnes School.,True,^\s*commending\b
HJ576,Commendations and Commemorations,Derived from LIS bill description,,,BILLS.CSV,Celebrating the life of Shannon Clay Scott.,True,^\s*celebrating the life\b
HJ577,Commendations and Commemorations,Derived from LIS bill description,,,BILLS.CSV,Commending Dave Perno.,True,^\s*commending\b
HJ578,Commendations and Commemorations,Derived from LIS bill description,,,BILLS.CSV,Commending Art on the Avenue.,True,^\s*commending\b
HJ579,Commendations and Commemorations,Derived from LIS bill description,,,BILLS.CSV,Commending the John H. Enders Fire Company and Rescue Squad.,True,^\s*commending\b
HJ580,Commendations and Commemorations,Derived from LIS bill description,,,BILLS.CSV,Commending Ross A. Mugler.,True,^\s*commending\b
HJ581,Commendations and Commemorations,Derived from LIS bill description,,,BILLS.CSV,Commending the Alpha-gal Foundation.,True,^\s*commending\b
HJ582,Commendations and Commemorations,Derived from LIS bill description,,,BILLS.CSV,Celebrating the life of Paulina Yager Campbell.,True,^\s*celebrating the life\b
HJ583,Commendations and Commemorations,Derived from LIS bill description,,,BILLS.CSV,Commending Billy Wagner.,True,^\s*commending\b
HJ584,Commendations and Commemorations,Derived from LIS bill description,,,BILLS.CSV,Celebrating the life of Dr. Golden Bethune-Hill.,True,^\s*celebrating the life\b
HJ585,Commendations and Commemorations,Derived from LIS bill description,,,BILLS.CSV,Celebrating the life of Mark Spain.,True,^\s*celebrating the life\b
HJ586,Commendations and Commemorations,Derived from LIS bill description,,,BILLS.CSV,Commending the Friends of Loudoun County Animal Services.,True,^\s*commending\b
HJ587,Commendations and Commemorations,Derived from LIS bill description,,,BILLS.CSV,Commending the Leesburg Movement.,True,^\s*commending\b
HJ588,Commendations and Commemorations,Derived from LIS bill description,,,BILLS.CSV,Commending Lonnie Andrews III.,True,^\s*commending\b
HJ589,Commendations and Commemorations,Derived from LIS bill description,,,BILLS.CSV,Commending the Oscar Smith High School football team.,True,^\s*commending\b
HJ589,Education,Derived from LIS bill description,,,BILLS.CSV,Commending the Oscar Smith High School football team.,True,\bhigh school\b
HJ590,Commendations and Commemorations,Derived from LIS bill description,,,BILLS.CSV,Commending Griffin McDorman Yow.,True,^\s*commending\b
HJ591,Commendations and Commemorations,Derived from LIS bill description,,,BILLS.CSV,Commending Noah Lyles.,True,^\s*commending\b
HJ592,Commendations and Commemorations,Derived from LIS bill description,,,BILLS.CSV,Celebrating the life of William M. McCarty.,True,^\s*celebrating the life\b
HJ593,Commendations and Commemorations,Derived from LIS bill description,,,BILLS.CSV,Celebrating the life of Diana Lee Creasey.,True,^\s*celebrating the life\b
HJ594,Commendations and Commemorations,Derived from LIS bill description,,,BILLS.CSV,Commending Manakin Episcopal Church.,True,^\s*commending\b
HJ595,Commendations and Commemorations,Derived from LIS bill description,,,BILLS.CSV,Commending The Salvation Army of Harrisonburg and Rockingham County.,True,^\s*commending\b
HJ596,Commendations and Commemorations,Derived from LIS bill description,,,BILLS.CSV,Commending Dr. Terry E. Arbogast II.,True,^\s*commending\b
HJ597,Commendations and Commemorations,Derived from LIS bill description,,,BILLS.CSV,Celebrating the life of Charles C. Pace.,True,^\s*celebrating the life\b
HJ598,Commendations and Commemorations,Derived from LIS bill description,,,BILLS.CSV,Commending Colette Sheehy.,True,^\s*commending\b
HJ599,Commendations and Commemorations,Derived from LIS bill description,,,BILLS.CSV,Commending Medlin Art Gallery.,True,^\s*commending\b
HJ600,Commendations and Commemorations,Derived from LIS bill description,,,BILLS.CSV,Commending Christian Tabash.,True,^\s*commending\b
HJ601,Commendations and Commemorations,Derived from LIS bill description,,,BILLS.CSV,Commending Michael Hughes.,True,^\s*commending\b
HJ602,Commendations and Commemorations,Derived from LIS bill description,,,BILLS.CSV,Commending Hadley Nicole Husisian.,True,^\s*commending\b
HJ603,Commendations and Commemorations,Derived from LIS bill description,,,BILLS.CSV,Commending the Paris 2024 Team USA Olympians from the University of Virginia.,True,^\s*commending\b
HJ604,Commendations and Commemorations,Derived from LIS bill description,,,BILLS.CSV,Commending the O. Winston Link Museum.,True,^\s*commending\b
HJ605,Commendations and Commemorations,Derived from LIS bill description,,,BILLS.CSV,Commending Dr Pepper Park at the Bridges.,True,^\s*commending\b
HJ606,Commendations and Commemorations,Derived from LIS bill description,,,BILLS.CSV,"Celebrating the life of Danny Joe Dales, D.C.",True,^\s*celebrating the life\b
HJ607,Commendations and Commemorations,Derived from LIS bill description,,,BILLS.CSV,Commending Thomas Heilman.,True,^\s*commending\b
HJ608,Commendations and Commemorations,Derived from LIS bill description,,,BILLS.CSV,Commending Paula Kwiek.,True,^\s*commending\b
HJ609,Commendations and Commemorations,Derived from LIS bill description,,,BILLS.CSV,Celebrating the life of Robert Carl Gibbons.,True,^\s*celebrating the life\b
HJ610,Commendations and Commemorations,Derived from LIS bill description,,,BILLS.CSV,Commending Robert R. Lindgren.,True,^\s*commending\b
HJ611,Commendations and Commemorations,Derived from LIS bill description,,,BILLS.CSV,Commending the City of Roanoke Municipal Volunteer Program.,True,^\s*commending\b
HJ612,Commendations and Commemorations,Derived from LIS bill description,,,BILLS.CSV,Celebrating the life of Lloyd W. Enoch.,True,^\s*celebrating the life\b
HJ613,Commendations and Commemorations,Derived from LIS bill description,,,BILLS.CSV,Commending LaKisha Kyle.,True,^\s*commending\b
HJ614,Commendations and Commemorations,Derived from LIS bill description,,,BILLS.CSV,Celebrating the life of Sterling Compton Broyles II.,True,^\s*celebrating the life\b
HJ615,Commendations and Commemorations,Derived from LIS bill description,,,BILLS.CSV,"Celebrating the life of William H. Brown, Sr.",True,^\s*celebrating the life\b
HJ616,Commendations and Commemorations,Derived from LIS bill description,,,BILLS.CSV,Commending Colonel Gary T. Settle.,True,^\s*commending\b
HJ617,Commendations and Commemorations,Derived from LIS bill description,,,BILLS.CSV,Commending Boxes of Basics.,True,^\s*commending\b
HJ618,Commendations and Commemorations,Derived from LIS bill description,,,BILLS.CSV,Commending the Culture Cup.,True,^\s*commending\b
HJ619,Commendations and Commemorations,Derived from LIS bill description,,,BILLS.CSV,Commending Dianne Piotrowski.,True,^\s*commending\b
HJ620,Commendations and Commemorations,Derived from LIS bill description,,,BILLS.CSV,Commending NORTH of the JAMES magazine.,True,^\s*commending\b
HJ621,Commendations and Commemorations,Derived from LIS bill description,,,BILLS.CSV,Celebrating the life of Arthur Laxton Eller.,True,^\s*celebrating the life\b
HJ622,Commendations and Commemorations,Derived from LIS bill description,,,BILLS.CSV,Commending the South Hill Longbeards Chapter of the National Wild Turkey Federation.,True,^\s*commending\b
HJ623,Commendations and Commemorations,Derived from LIS bill description,,,BILLS.CSV,Commending the Drakes Branch Volunteer Fire Department.,True,^\s*commending\b
HJ624,Commendations and Commemorations,Derived from LIS bill description,,,BILLS.CSV,"Celebrating the life of the Honorable Robert G. Woodson, Jr.",True,^\s*celebrating the life\b
HJ625,Commendations and Commemorations,Derived from LIS bill description,,,BILLS.CSV,Commending the Honorable G. Glenn Oder.,True,^\s*commending\b
HJ626,Commendations and Commemorations,Derived from LIS bill description,,,BILLS.CSV,Celebrating the life of Benjamin Pollard Alsop Warthen.,True,^\s*celebrating the life\b
HJ627,Commendations and Commemorations,Derived from LIS bill description,,,BILLS.CSV,"Celebrating the life of Robert Arthur Young, Ph.D.",True,^\s*celebrating the life\b
HJ628,Commendations and Commemorations,Derived from LIS bill description,,,BILLS.CSV,Commending Children's Home Society of Virginia.,True,^\s*commending\b
HJ628,Family and Children,Derived from LIS bill description,,,BILLS.CSV,Commending Children's Home Society of Virginia.,True,\bchildren\b
HJ629,Commendations and Commemorations,Derived from LIS bill description,,,BILLS.CSV,Commending Patricia Healy.,True,^\s*commending\b
HJ630,Commendations and Commemorations,Derived from LIS bill description,,,BILLS.CSV,Celebrating the life of Bonnie Sue Neighbour.,True,^\s*celebrating the life\b
HJ631,Commendations and Commemorations,Derived from LIS bill description,,,BILLS.CSV,Celebrating the life of Carolyn Powell Crist.,True,^\s*celebrating the life\b
HJ632,Commendations and Commemorations,Derived from LIS bill description,,,BILLS.CSV,Commending Marymount University.,True,^\s*commending\b
HJ633,Commendations and Commemorations,Derived from LIS bill description,,,BILLS.CSV,Commending the passage of the Older Americans Act.,True,^\s*commending\b
HJ634,Commendations and Commemorations,Derived from LIS bill description,,,BILLS.CSV,Celebrating the life of Matthew Robert Chiaverotti.,True,^\s*celebrating the life\b
HJ635,Commendations and Commemorations,Derived from LIS bill description,,,BILLS.CSV,Commending Coresix Precision Glass.,True,^\s*commending\b
HJ636,Commendations and Commemorations,Derived from LIS bill description,,,BILLS.CSV,Commending the Honorable R. Frances O'Brien.,True,^\s*commending\b
HJ637,Commendations and Commemorations,Derived from LIS bill description,,,BILLS.CSV,Commending Corliss Udoema.,True,^\s*commending\b
HJ638,Commendations and Commemorations,Derived from LIS bill description,,,BILLS.CSV,Commending Rita Jean Shropshire.,True,^\s*commending\b
HJ639,Commendations and Commemorations,Derived from LIS bill description,,,BILLS.CSV,Commending Herbert Jesse Yeatts.,True,^\s*commending\b
HJ640,Commendations and Commemorations,Derived from LIS bill description,,,BILLS.CSV,"Commending Lawrence Distributing Company, Inc.",True,^\s*commending\b
HJ641,Commendations and Commemorations,Derived from LIS bill description,,,BILLS.CSV,Celebrating the life of George W. Lester II.,True,^\s*celebrating the life\b
HJ642,Commendations and Commemorations,Derived from LIS bill description,,,BILLS.CSV,Celebrating the life of Robert Evans Talbott.,True,^\s*celebrating the life\b
HJ643,Commendations and Commemorations,Derived from LIS bill description,,,BILLS.CSV,"Commending Crews Construction and Asphalt Paving, Inc.",True,^\s*commending\b
HJ644,Commendations and Commemorations,Derived from LIS bill description,,,BILLS.CSV,Commending the Substance Abuse and Addiction Recovery Alliance of Virginia.,True,^\s*commending\b
HJ644,Behavioral Health,Derived from LIS bill description,,,BILLS.CSV,Commending the Substance Abuse and Addiction Recovery Alliance of Virginia.,True,\bsubstance abuse\b
HJ645,Commendations and Commemorations,Derived from LIS bill description,,,BILLS.CSV,Commending John Edward Burton III.,True,^\s*commending\b
HJ646,Commendations and Commemorations,Derived from LIS bill description,,,BILLS.CSV,Commending Jimmie H. Barrett.,True,^\s*commending\b
HJ647,Commendations and Commemorations,Derived from LIS bill description,,,BILLS.CSV,Commending Benjamin T. Polk.,True,^\s*commending\b
HJ648,Commendations and Commemorations,Derived from LIS bill description,,,BILLS.CSV,Commending Patricia Miller.,True,^\s*commending\b
HJ649,Commendations and Commemorations,Derived from LIS bill description,,,BILLS.CSV,Celebrating the life of Stewart Hamilton Gamage.,True,^\s*celebrating the life\b
HJ650,Commendations and Commemorations,Derived from LIS bill description,,,BILLS.CSV,Celebrating the life of Clayton Tune Lester.,True,^\s*celebrating the life\b
HJ651,Commendations and Commemorations,Derived from LIS bill description,,,BILLS.CSV,Commending Judy Simmons.,True,^\s*commending\b
HJ652,Commendations and Commemorations,Derived from LIS bill description,,,BILLS.CSV,Commending Dr. Mark R. Jones.,True,^\s*commending\b
HJ653,Commendations and Commemorations,Derived from LIS bill description,,,BILLS.CSV,"Commending Tiffany McKillip Franks, Ed.D.",True,^\s*commending\b
HJ654,Commendations and Commemorations,Derived from LIS bill description,,,BILLS.CSV,Celebrating the life of Gloria Williams Campbell.,True,^\s*celebrating the life\b
HJ655,Commendations and Commemorations,Derived from LIS bill description,,,BILLS.CSV,Commending WSVA.,True,^\s*commending\b
HJ656,Commendations and Commemorations,Derived from LIS bill description,,,BILLS.CSV,Commending Anne Cochrane Pace.,True,^\s*commending\b
HJ657,Commendations and Commemorations,Derived from LIS bill description,,,BILLS.CSV,Celebrating the life of David Charles Gompert.,True,^\s*celebrating the life\b
HJ658,Commendations and Commemorations,Derived from LIS bill description,,,BILLS.CSV,Commending the Honorable Donald W. Merricks.,True,^\s*commending\b
HJ659,Commendations and Commemorations,Derived from LIS bill description,,,BILLS.CSV,"Commending Mekhi Becton, Sr.",True,^\s*commending\b
HJ660,Commendations and Commemorations,Derived from LIS bill description,,,BILLS.CSV,Celebrating the life of Patricia W. Lovelace.,True,^\s*celebrating the life\b
HJ661,Commendations and Commemorations,Derived from LIS bill description,,,BILLS.CSV,Commending Kimberly Ann Bobo.,True,^\s*commending\b
HJ662,Commendations and Commemorations,Derived from LIS bill description,,,BILLS.CSV,Celebrating the life of Michael Gregory Brown.,True,^\s*celebrating the life\b
HJ663,Commendations and Commemorations,Derived from LIS bill description,,,BILLS.CSV,Commending Owen Love.,True,^\s*commending\b
HJ664,Commendations and Commemorations,Derived from LIS bill description,,,BILLS.CSV,Commending the John R. Lewis High School boys' soccer team.,True,^\s*commending\b
HJ664,Education,Derived from LIS bill description,,,BILLS.CSV,Commending the John R. Lewis High School boys' soccer team.,True,\bhigh school\b
HJ665,Commendations and Commemorations,Derived from LIS bill description,,,BILLS.CSV,Commending the Thomas A. Edison High School girls' cross country team.,True,^\s*commending\b
HJ665,Education,Derived from LIS bill description,,,BILLS.CSV,Commending the Thomas A. Edison High School girls' cross country team.,True,\bhigh school\b
HJ666,Commendations and Commemorations,Derived from LIS bill description,,,BILLS.CSV,Celebrating the life of Peggy Lynn Davis.,True,^\s*celebrating the life\b
HJ667,Commendations and Commemorations,Derived from LIS bill description,,,BILLS.CSV,Commending Dave Perno.,True,^\s*commending\b
HJ668,Commendations and Commemorations,Derived from LIS bill description,,,BILLS.CSV,Commending Leesburg Animal Park.,True,^\s*commending\b
HJ669,Commendations and Commemorations,Derived from LIS bill description,,,BILLS.CSV,Celebrating the life of Vernon S. Lee II.,True,^\s*celebrating the life\b
HJ670,Commendations and Commemorations,Derived from LIS bill description,,,BILLS.CSV,Commending The Roanoker,True,^\s*commending\b
HJ671,Commendations and Commemorations,Derived from LIS bill description,,,BILLS.CSV,Celebrating the life of Irene Louise Schubert.,True,^\s*celebrating the life\b
HJ672,Commendations and Commemorations,Derived from LIS bill description,,,BILLS.CSV,"Celebrating the life of Colonel Gerald William Hyland, USAF, Ret.",True,^\s*celebrating the life\b
HJ674,Commendations and Commemorations,Derived from LIS bill description,,,BILLS.CSV,Commending Kayla Nguyen.,True,^\s*commending\b
HJ675,Commendations and Commemorations,Derived from LIS bill description,,,BILLS.CSV,Commending Todd Biller.,True,^\s*commending\b
HJ676,Commendations and Commemorations,Derived from LIS bill description,,,BILLS.CSV,Commending the Stroke Comeback Center.,True,^\s*commending\b
HJ677,Commendations and Commemorations,Derived from LIS bill description,,,BILLS.CSV,Commending James Holland.,True,^\s*commending\b
HJ678,Commendations and Commemorations,Derived from LIS bill description,,,BILLS.CSV,Commending the Roanoke Higher Education Center.,True,^\s*commending\b
HJ678,Education,Derived from LIS bill description,,,BILLS.CSV,Commending the Roanoke Higher Education Center.,True,\beducation\b
HJ678,Higher Education,Derived from LIS bill description,,,BILLS.CSV,Commending the Roanoke Higher Education Center.,True,\bhigher education\b
HJ679,Commendations and Commemorations,Derived from LIS bill description,,,BILLS.CSV,Commending United Methodist Family Services.,True,^\s*commending\b
HJ680,Commendations and Commemorations,Derived from LIS bill description,,,BILLS.CSV,Commending the Combat Antisemitism Movement.,True,^\s*commending\b
HJ681,Commendations and Commemorations,Derived from LIS bill description,,,BILLS.CSV,Celebrating the life of Meghan Rose Hinger.,True,^\s*celebrating the life\b
HJ685,Commendations and Commemorations,Derived from LIS bill description,,,BILLS.CSV,Commending the Virginia Wing of the Civil Air Patrol.,True,^\s*commending\b
HJ687,Commendations and Commemorations,Derived from LIS bill description,,,BILLS.CSV,Commending Literacy for Life.,True,^\s*commending\b
HJ688,Commendations and Commemorations,Derived from LIS bill description,,,BILLS.CSV,Commending Woodlawn Little League.,True,^\s*commending\b
HJ689,Commendations and Commemorations,Derived from LIS bill description,,,BILLS.CSV,Celebrating the life of Peggy Lynn Davis.,True,^\s*celebrating the life\b
HJ690,Commendations and Commemorations,Derived from LIS bill description,,,BILLS.CSV,Commending Haidee Napier Ratliff.,True,^\s*commending\b
HJ691,Commendations and Commemorations,Derived from LIS bill description,,,BILLS.CSV,Commending the McLean Community Center.,True,^\s*commending\b
HJ692,Commendations and Commemorations,Derived from LIS bill description,,,BILLS.CSV,Commending Spring Hill Elementary School.,True,^\s*commending\b
HJ692,Education,Derived from LIS bill description,,,BILLS.CSV,Commending Spring Hill Elementary School.,True,\belementary school\b
HJ693,Commendations and Commemorations,Derived from LIS bill description,,,BILLS.CSV,Celebrating the life of Giuseppe Cecchi.,True,^\s*celebrating the life\b
HJ694,Commendations and Commemorations,Derived from LIS bill description,,,BILLS.CSV,Commending the Chesapeake Solar and Storage Association.,True,^\s*commending\b
HJ694,Energy and Utilities,Derived from LIS bill description,,,BILLS.CSV,Commending the Chesapeake Solar and Storage Association.,True,\bsolar\b
HJ695,Commendations and Commemorations,Derived from LIS bill description,,,BILLS.CSV,Commending Virginia History Day students and teachers.,True,^\s*commending\b
HJ695,Education,Derived from LIS bill description,,,BILLS.CSV,Commending Virginia History Day students and teachers.,True,\bstudents?\b
HJ696,Commendations and Commemorations,Derived from LIS bill description,,,BILLS.CSV,Commending the McLean Citizens Association.,True,^\s*commending\b
HJ697,Commendations and Commemorations,Derived from LIS bill description,,,BILLS.CSV,Commending Claire Collins.,True,^\s*commending\b
HJ698,Commendations and Commemorations,Derived from LIS bill description,,,BILLS.CSV,Celebrating the life of Jake Kincaid.,True,^\s*celebrating the life\b
HJ699,Commendations and Commemorations,Derived from LIS bill description,,,BILLS.CSV,Celebrating the life of Cheryl Hydrick Guedri.,True,^\s*celebrating the life\b
HJ700,Commendations and Commemorations,Derived from LIS bill description,,,BILLS.CSV,Celebrating the life of Martha Franklin Brockinton Stone.,True,^\s*celebrating the life\b
HJ701,Commendations and Commemorations,Derived from LIS bill description,,,BILLS.CSV,Celebrating the life of Joan Woltz Robins.,True,^\s*celebrating the life\b
HJ702,Commendations and Commemorations,Derived from LIS bill description,,,BILLS.CSV,"Celebrating the life of Morton G. Thalhimer, Jr.",True,^\s*celebrating the life\b
HJ703,Commendations and Commemorations,Derived from LIS bill description,,,BILLS.CSV,Commending Deborah D. Oswalt.,True,^\s*commending\b
HJ704,Commendations and Commemorations,Derived from LIS bill description,,,BILLS.CSV,Celebrating the life of Collie Burton III.,True,^\s*celebrating the life\b
HJ705,Commendations and Commemorations,Derived from LIS bill description,,,BILLS.CSV,Celebrating the life of Thomas Knapp Stone.,True,^\s*celebrating the life\b
HJ706,Commendations and Commemorations,Derived from LIS bill description,,,BILLS.CSV,Celebrating the life of Louise Stuart Tabb Whipple.,True,^\s*celebrating the life\b
HJ707,Commendations and Commemorations,Derived from LIS bill description,,,BILLS.CSV,Commending Melvin Carter.,True,^\s*commending\b
HJ708,Commendations and Commemorations,Derived from LIS bill description,,,BILLS.CSV,"Celebrating the life of Cloyd Kent Titus, M.D.",True,^\s*celebrating the life\b
HJ709,Commendations and Commemorations,Derived from LIS bill description,,,BILLS.CSV,Celebrating the life of Joseph Haynes Monk.,True,^\s*celebrating the life\b
HJ710,Commendations and Commemorations,Derived from LIS bill description,,,BILLS.CSV,Commending Barry Eugene DuVal.,True,^\s*commending\b
HJ711,Commendations and Commemorations,Derived from LIS bill description,,,BILLS.CSV,Commending no-kill animal rescues and shelters in Virginia.,True,^\s*commending\b
HJ712,Commendations and Commemorations,Derived from LIS bill description,,,BILLS.CSV,Commending Providence Baptist Church.,True,^\s*commending\b
HJ713,Commendations and Commemorations,Derived from LIS bill description,,,BILLS.CSV,Commending Phyllis Randall.,True,^\s*commending\b
HJ714,Commendations and Commemorations,Derived from LIS bill description,,,BILLS.CSV,Commending the Virginia Poultry Federation.,True,^\s*commending\b
HJ715,Commendations and Commemorations,Derived from LIS bill description,,,BILLS.CSV,Commending Paul M. Platt.,True,^\s*commending\b
HJ716,Commendations and Commemorations,Derived from LIS bill description,,,BILLS.CSV,Commending Anthony Guy Bennett.,True,^\s*commending\b
HJ717,Commendations and Commemorations,Derived from LIS bill description,,,BILLS.CSV,Commending the Lionsbridge Football Club.,True,^\s*commending\b
HJ718,Commendations and Commemorations,Derived from LIS bill description,,,BILLS.CSV,"Commending the McGaheysville Volunteer Fire Company, Inc.",True,^\s*commending\b
HJ719,Commendations and Commemorations,Derived from LIS bill description,,,BILLS.CSV,"Celebrating the life of Donald W. Foster, Sr.",True,^\s*celebrating the life\b
HJ720,Commendations and Commemorations,Derived from LIS bill description,,,BILLS.CSV,Commending Paula Loomis.,True,^\s*commending\b
HJ721,Commendations and Commemorations,Derived from LIS bill description,,,BILLS.CSV,Commending Norfolk State University.,True,^\s*commending\b
HJ722,Commendations and Commemorations,Derived from LIS bill description,,,BILLS.CSV,Commending Nancy Howell Agee.,True,^\s*commending\b
HJ723,Commendations and Commemorations,Derived from LIS bill description,,,BILLS.CSV,Celebrating the life of Lewis S. Wiley.,True,^\s*celebrating the life\b
HJ724,Commendations and Commemorations,Derived from LIS bill description,,,BILLS.CSV,Commending Donna T. Rogers.,True,^\s*commending\b
HJ725,Commendations and Commemorations,Derived from LIS bill description,,,BILLS.CSV,Commending Halley Elementary School.,True,^\s*commending\b
HJ725,Education,Derived from LIS bill description,,,BILLS.CSV,Commending Halley Elementary School.,True,\belementary school\b
HJ726,Commendations and Commemorations,Derived from LIS bill description,,,BILLS.CSV,Commending Carlos Canas,True,^\s*commending\b
HJ727,Commendations and Commemorations,Derived from LIS bill description,,,BILLS.CSV,"Commending Felipe Hernandez, Jr.",True,^\s*commending\b
HJ728,Commendations and Commemorations,Derived from LIS bill description,,,BILLS.CSV,Commending Heman Bekele.,True,^\s*commending\b
HJ729,Commendations and Commemorations,Derived from LIS bill description,,,BILLS.CSV,"Celebrating the life of Robert Smith Quinn, Jr.",True,^\s*celebrating the life\b
HJ730,Commendations and Commemorations,Derived from LIS bill description,,,BILLS.CSV,Commending Dr. Jessica M. Jones.,True,^\s*commending\b
HJ731,Commendations and Commemorations,Derived from LIS bill description,,,BILLS.CSV,Celebrating the life of Bobby Gene Atkinson.,True,^\s*celebrating the life\b
HJ732,Commendations and Commemorations,Derived from LIS bill description,,,BILLS.CSV,Commending the Ridgeway Ruritan Club.,True,^\s*commending\b
HJ733,Commendations and Commemorations,Derived from LIS bill description,,,BILLS.CSV,Commending the Tunstall High School chapter of Future Farmers of America.,True,^\s*commending\b
HJ733,Education,Derived from LIS bill description,,,BILLS.CSV,Commending the Tunstall High School chapter of Future Farmers of America.,True,\bhigh school\b
HJ733,Agriculture and Food,Derived from LIS bill description,,,BILLS.CSV,Commending the Tunstall High School chapter of Future Farmers of America.,True,\bfarmers?\b
HJ734,Commendations and Commemorations,Derived from LIS bill description,,,BILLS.CSV,Commending Washington-Liberty High School.,True,^\s*commending\b
HJ734,Education,Derived from LIS bill description,,,BILLS.CSV,Commending Washington-Liberty High School.,True,\bhigh school\b
HJ735,Commendations and Commemorations,Derived from LIS bill description,,,BILLS.CSV,Commending Aslin Beer Company.,True,^\s*commending\b
HJ736,Commendations and Commemorations,Derived from LIS bill description,,,BILLS.CSV,Commending Northern Virginia Veterinary Medical Association.,True,^\s*commending\b
HJ736,Health and Healthcare,Derived from LIS bill description,,,BILLS.CSV,Commending Northern Virginia Veterinary Medical Association.,True,\bmedical\b
HJ737,Commendations and Commemorations,Derived from LIS bill description,,,BILLS.CSV,Commending Fox Mill Woods Swim and Tennis Club.,True,^\s*commending\b
HJ738,Commendations and Commemorations,Derived from LIS bill description,,,BILLS.CSV,Commending Sterner's Tae Kwon Do Academy.,True,^\s*commending\b
HJ739,Commendations and Commemorations,Derived from LIS bill description,,,BILLS.CSV,Commending the Herndon Village Network.,True,^\s*commending\b
HJ740,Commendations and Commemorations,Derived from LIS bill description,,,BILLS.CSV,Commending the All-State First Team selections on the Oscar Smith High School football team.,True,^\s*commending\b
HJ740,Education,Derived from LIS bill description,,,BILLS.CSV,Commending the All-State First Team selections on the Oscar Smith High School football team.,True,\bhigh school\b
HJ741,Commendations and Commemorations,Derived from LIS bill description,,,BILLS.CSV,Celebrating the life of Augustine Joseph Matson.,True,^\s*celebrating the life\b
HJ742,Commendations and Commemorations,Derived from LIS bill description,,,BILLS.CSV,Commending the Plumbers and Gasfitters of Local Union 5.,True,^\s*commending\b
HJ743,Commendations and Commemorations,Derived from LIS bill description,,,BILLS.CSV,Commending Diantha McKeel.,True,^\s*commending\b
HJ744,Commendations and Commemorations,Derived from LIS bill description,,,BILLS.CSV,Commending the Center at Belvedere.,True,^\s*commending\b
HJ745,Commendations and Commemorations,Derived from LIS bill description,,,BILLS.CSV,"Celebrating the life of Virgil Alexander Wood, Ed.D.",True,^\s*celebrating the life\b
HJ746,Commendations and Commemorations,Derived from LIS bill description,,,BILLS.CSV,Commending Marta Keane.,True,^\s*commending\b
HJ747,Commendations and Commemorations,Derived from LIS bill description,,,BILLS.CSV,Commending Sin Barreras.,True,^\s*commending\b
HJ748,Commendations and Commemorations,Derived from LIS bill description,,,BILLS.CSV,Commending the Center for Nonprofit Excellence.,True,^\s*commending\b
HJ749,Commendations and Commemorations,Derived from LIS bill description,,,BILLS.CSV,Commending the Charlottesville-Albemarle Society for the Prevention of Cruelty to Animals.,True,^\s*commending\b
HJ750,Commendations and Commemorations,Derived from LIS bill description,,,BILLS.CSV,Commending the Charlottesville Twelve.,True,^\s*commending\b
HJ751,Commendations and Commemorations,Derived from LIS bill description,,,BILLS.CSV,Celebrating the life of Thomas Cahill Johnson.,True,^\s*celebrating the life\b
HJ752,Commendations and Commemorations,Derived from LIS bill description,,,BILLS.CSV,Commending Christian Parker.,True,^\s*commending\b
HJ753,Commendations and Commemorations,Derived from LIS bill description,,,BILLS.CSV,Commending Ken Luersen.,True,^\s*commending\b
HJ754,Commendations and Commemorations,Derived from LIS bill description,,,BILLS.CSV,Commending Dr. Susan Schultz Huxman.,True,^\s*commending\b
HJ755,Commendations and Commemorations,Derived from LIS bill description,,,BILLS.CSV,Commending Willing Warriors.,True,^\s*commending\b
HJ756,Commendations and Commemorations,Derived from LIS bill description,,,BILLS.CSV,Commending Arlington Public Schools' recipients of The Posse Foundation and QuestBridge scholarship.,True,^\s*commending\b
HJ756,Education,Derived from LIS bill description,,,BILLS.CSV,Commending Arlington Public Schools' recipients of The Posse Foundation and QuestBridge scholarship.,True,\bpublic schools?\b
HJ757,Commendations and Commemorations,Derived from LIS bill description,,,BILLS.CSV,Commending Alexandria City Public Schools' recipients of scholarships.,True,^\s*commending\b
HJ757,Education,Derived from LIS bill description,,,BILLS.CSV,Commending Alexandria City Public Schools' recipients of scholarships.,True,\bpublic schools?\b
HJ758,Commendations and Commemorations,Derived from LIS bill description,,,BILLS.CSV,Commending Geraldine Maskelony.,True,^\s*commending\b
HJ759,Commendations and Commemorations,Derived from LIS bill description,,,BILLS.CSV,Commending Dr. Heisung Lee.,True,^\s*commending\b
HJ760,Courts and Civil Law,Derived from LIS bill description,,,BILLS.CSV,"Judges; elections in circuit court, general district court, etc.",True,\bcircuit courts?\b
HR453,Commendations and Commemorations,Derived from LIS bill description,,,BILLS.CSV,Commending Leland Teets.,True,^\s*commending\b
HR455,Commendations and Commemorations,Derived from LIS bill description,,,BILLS.CSV,Commending the Virginia Foundation for Healthy Youth.,True,^\s*commending\b
HR456,Commendations and Commemorations,Derived from LIS bill description,,,BILLS.CSV,Celebrating the life of Michael David Killian.,True,^\s*celebrating the life\b
HR458,Commendations and Commemorations,Derived from LIS bill description,,,BILLS.CSV,Commending Midlothian High School.,True,^\s*commending\b
HR458,Education,Derived from LIS bill description,,,BILLS.CSV,Commending Midlothian High School.,True,\bhigh school\b
HR459,Commendations and Commemorations,Derived from LIS bill description,,,BILLS.CSV,Commending Tomahawk Creek Middle School.,True,^\s*commending\b
HR460,Commendations and Commemorations,Derived from LIS bill description,,,BILLS.CSV,Commending Michele Moyer Lee.,True,^\s*commending\b
HR461,Commendations and Commemorations,Derived from LIS bill description,,,BILLS.CSV,Commending the James Wood High School volleyball team.,True,^\s*commending\b
HR461,Education,Derived from LIS bill description,,,BILLS.CSV,Commending the James Wood High School volleyball team.,True,\bhigh school\b
HR462,Commendations and Commemorations,Derived from LIS bill description,,,BILLS.CSV,Commending Mark Merrill.,True,^\s*commending\b
HR463,Commendations and Commemorations,Derived from LIS bill description,,,BILLS.CSV,Celebrating the life of Kathy Nerangis.,True,^\s*celebrating the life\b
HR464,Commendations and Commemorations,Derived from LIS bill description,,,BILLS.CSV,Commending Mary Werkheiser.,True,^\s*commending\b
HR465,Commendations and Commemorations,Derived from LIS bill description,,,BILLS.CSV,Commending the Iranian American community in Virginia.,True,^\s*commending\b
HR466,Commendations and Commemorations,Derived from LIS bill description,,,BILLS.CSV,Commending the Virginia Tobacco Region Revitalization Commission.,True,^\s*commending\b
HR467,Commendations and Commemorations,Derived from LIS bill description,,,BILLS.CSV,Commending Fredericksburg Comic Con.,True,^\s*commending\b
HR468,Commendations and Commemorations,Derived from LIS bill description,,,BILLS.CSV,"Commending Charlie Frye, Jr.",True,^\s*commending\b
HR469,Commendations and Commemorations,Derived from LIS bill description,,,BILLS.CSV,Commending the Clover Volunteer Fire Department.,True,^\s*commending\b
HR470,Commendations and Commemorations,Derived from LIS bill description,,,BILLS.CSV,Commending Doris B. Land.,True,^\s*commending\b
HR471,Commendations and Commemorations,Derived from LIS bill description,,,BILLS.CSV,Celebrating the life of Dorothy Southall.,True,^\s*celebrating the life\b
HR472,Courts and Civil Law,Derived from LIS bill description,,,BILLS.CSV,Judges; nominations for election to circuit court.,True,\bcircuit courts?\b
HR473,Courts and Civil Law,Derived from LIS bill description,,,BILLS.CSV,Judges; nominations for election to general district court.,True,\bgeneral district courts?\b
HR474,Marriage and Domestic Relations,Derived from LIS bill description,,,BILLS.CSV,Judges; nominations for election to juvenile and domestic relations district court.,True,\bdomestic relations\b
HR477,Commendations and Commemorations,Derived from LIS bill description,,,BILLS.CSV,Commending the Marion Senior High School girls' tennis team.,True,^\s*commending\b
HR477,Education,Derived from LIS bill description,,,BILLS.CSV,Commending the Marion Senior High School girls' tennis team.,True,\bhigh school\b
HR478,Commendations and Commemorations,Derived from LIS bill description,,,BILLS.CSV,Commending Olivia Bryant.,True,^\s*commending\b
HR479,Commendations and Commemorations,Derived from LIS bill description,,,BILLS.CSV,Commending Grayson County High School.,True,^\s*commending\b
HR479,Education,Derived from LIS bill description,,,BILLS.CSV,Commending Grayson County High School.,True,\bhigh school\b
HR480,Commendations and Commemorations,Derived from LIS bill description,,,BILLS.CSV,Celebrating the life of Lamuel Scott Prater.,True,^\s*celebrating the life\b
HR481,Commendations and Commemorations,Derived from LIS bill description,,,BILLS.CSV,Commending Lawrence Douglas Wilder.,True,^\s*commending\b
HR482,Commendations and Commemorations,Derived from LIS bill description,,,BILLS.CSV,Commending the Warm Springs Valley Garden Club.,True,^\s*commending\b
HR483,Commendations and Commemorations,Derived from LIS bill description,,,BILLS.CSV,Commending Carlehr Swanson.,True,^\s*commending\b
HR484,Commendations and Commemorations,Derived from LIS bill description,,,BILLS.CSV,Commending David W. Poole.,True,^\s*commending\b
HR485,Commendations and Commemorations,Derived from LIS bill description,,,BILLS.CSV,Commending Mill Swamp Baptist Church.,True,^\s*commending\b
HR486,Commendations and Commemorations,Derived from LIS bill description,,,BILLS.CSV,Commending Ryan Alam and the Alam family.,True,^\s*commending\b
HR488,Commendations and Commemorations,Derived from LIS bill description,,,BILLS.CSV,Commending the Riverside Center for the Performing Arts.,True,^\s*commending\b
HR489,Commendations and Commemorations,Derived from LIS bill description,,,BILLS.CSV,Commending Todd Brown.,True,^\s*commending\b
HR490,Commendations and Commemorations,Derived from LIS bill description,,,BILLS.CSV,Commending the Lighthouse Community Center.,True,^\s*commending\b
HR491,Commendations and Commemorations,Derived from LIS bill description,,,BILLS.CSV,"Commending Timothy P. Duffy, Ph.D.",True,^\s*commending\b
HR492,Commendations and Commemorations,Derived from LIS bill description,,,BILLS.CSV,Commending the Charlottesville Area Association of REALTORS?.,True,^\s*commending\b
HR493,Commendations and Commemorations,Derived from LIS bill description,,,BILLS.CSV,Celebrating the life of Hunter Dakota Reedy.,True,^\s*celebrating the life\b
HR494,Commendations and Commemorations,Derived from LIS bill description,,,BILLS.CSV,Commending Elijah Aistrop.,True,^\s*commending\b
HR495,Commendations and Commemorations,Derived from LIS bill description,,,BILLS.CSV,Commending Saltville Elementary School.,True,^\s*commending\b
HR495,Education,Derived from LIS bill description,,,BILLS.CSV,Commending Saltville Elementary School.,True,\belementary school\b
HR497,Commendations and Commemorations,Derived from LIS bill description,,,BILLS.CSV,Commending the Grayson County High School football team.,True,^\s*commending\b
HR497,Education,Derived from LIS bill description,,,BILLS.CSV,Commending the Grayson County High School football team.,True,\bhigh school\b
HR498,Commendations and Commemorations,Derived from LIS bill description,,,BILLS.CSV,Commending the Ivor Volunteer Fire Department.,True,^\s*commending\b
HR499,Commendations and Commemorations,Derived from LIS bill description,,,BILLS.CSV,Commending the Brunswick Academy girls' volleyball team.,True,^\s*commending\b
HR500,Commendations and Commemorations,Derived from LIS bill description,,,BILLS.CSV,Commending the Brunswick Academy football team.,True,^\s*commending\b
HR501,Commendations and Commemorations,Derived from LIS bill description,,,BILLS.CSV,Commending the Tallwood High School boys' outdoor track and field team.,True,^\s*commending\b
HR501,Education,Derived from LIS bill description,,,BILLS.CSV,Commending the Tallwood High School boys' outdoor track and field team.,True,\bhigh school\b
HR502,Commendations and Commemorations,Derived from LIS bill description,,,BILLS.CSV,Commending HRE Bakery.,True,^\s*commending\b
HR503,Commendations and Commemorations,Derived from LIS bill description,,,BILLS.CSV,Commending the Princess Anne High School girls' basketball team.,True,^\s*commending\b
HR503,Education,Derived from LIS bill description,,,BILLS.CSV,Commending the Princess Anne High School girls' basketball team.,True,\bhigh school\b
HR504,Commendations and Commemorations,Derived from LIS bill description,,,BILLS.CSV,Commending Justin Dowell.,True,^\s*commending\b
HR505,Commendations and Commemorations,Derived from LIS bill description,,,BILLS.CSV,Commending KeyWest Lock & Safe.,True,^\s*commending\b
HR506,Commendations and Commemorations,Derived from LIS bill description,,,BILLS.CSV,Commending Aarav Chokshi.,True,^\s*commending\b
HR507,Commendations and Commemorations,Derived from LIS bill description,,,BILLS.CSV,Commending Kayla Heath.,True,^\s*commending\b
HR508,Commendations and Commemorations,Derived from LIS bill description,,,BILLS.CSV,Commending Cosmo's Corner Doggie Daycare.,True,^\s*commending\b
HR509,Commendations and Commemorations,Derived from LIS bill description,,,BILLS.CSV,Commending Bit of England Dart and Game Shoppe.,True,^\s*commending\b
HR510,Commendations and Commemorations,Derived from LIS bill description,,,BILLS.CSV,Commending Wonderly Lights.,True,^\s*commending\b
HR511,Commendations and Commemorations,Derived from LIS bill description,,,BILLS.CSV,Commending Sarah Routsis.,True,^\s*commending\b
HR512,Commendations and Commemorations,Derived from LIS bill description,,,BILLS.CSV,Commending G4 Kegs.,True,^\s*commending\b
HR513,Commendations and Commemorations,Derived from LIS bill description,,,BILLS.CSV,Commending Andy Yang.,True,^\s*commending\b
HR514,Commendations and Commemorations,Derived from LIS bill description,,,BILLS.CSV,Commending Daniel Claiborne Hudson.,True,^\s*commending\b
HR515,Commendations and Commemorations,Derived from LIS bill description,,,BILLS.CSV,Commending the Swiftwater Rescue Team of the Virginia Beach Fire Department.,True,^\s*commending\b
HR516,Commendations and Commemorations,Derived from LIS bill description,,,BILLS.CSV,Commending Providence Presbyterian Church.,True,^\s*commending\b
HR517,Commendations and Commemorations,Derived from LIS bill description,,,BILLS.CSV,Commending Vada Carawan.,True,^\s*commending\b
HR518,Commendations and Commemorations,Derived from LIS bill description,,,BILLS.CSV,Commending St. Francis Episcopal Church.,True,^\s*commending\b
HR519,Commendations and Commemorations,Derived from LIS bill description,,,BILLS.CSV,Commending Virginia Beach City Public Schools.,True,^\s*commending\b
HR519,Education,Derived from LIS bill description,,,BILLS.CSV,Commending Virginia Beach City Public Schools.,True,\bpublic schools?\b
HR520,Commendations and Commemorations,Derived from LIS bill description,,,BILLS.CSV,Commending First Lynnhaven Baptist Church.,True,^\s*commending\b
HR521,Commendations and Commemorations,Derived from LIS bill description,,,BILLS.CSV,Celebrating the life of George G. Brown.,True,^\s*celebrating the life\b
HR522,Commendations and Commemorations,Derived from LIS bill description,,,BILLS.CSV,Celebrating the life of William Gerald Massengill.,True,^\s*celebrating the life\b
HR523,Commendations and Commemorations,Derived from LIS bill description,,,BILLS.CSV,Commending Baila Fuzion Dance and Creative Arts Center.,True,^\s*commending\b
HR524,Commendations and Commemorations,Derived from LIS bill description,,,BILLS.CSV,"Commending STIHL, Inc.",True,^\s*commending\b
HR525,Commendations and Commemorations,Derived from LIS bill description,,,BILLS.CSV,Commending Beat da Odds.,True,^\s*commending\b
HR526,Commendations and Commemorations,Derived from LIS bill description,,,BILLS.CSV,Commending The Sweet Spot.,True,^\s*commending\b
HR527,Commendations and Commemorations,Derived from LIS bill description,,,BILLS.CSV,Commending the Fredericksburg Nationals.,True,^\s*commending\b
HR528,Commendations and Commemorations,Derived from LIS bill description,,,BILLS.CSV,Commending Teach to Reach Teens.,True,^\s*commending\b
HR529,Commendations and Commemorations,Derived from LIS bill description,,,BILLS.CSV,Commending Offix.,True,^\s*commending\b
HR530,Commendations and Commemorations,Derived from LIS bill description,,,BILLS.CSV,Commending Judi Miller.,True,^\s*commending\b
HR531,Commendations and Commemorations,Derived from LIS bill description,,,BILLS.CSV,Commending Cakes by Happy Eatery.,True,^\s*commending\b
HR532,Commendations and Commemorations,Derived from LIS bill description,,,BILLS.CSV,Commending Cub Scout Pack 2831.,True,^\s*commending\b
HR533,Commendations and Commemorations,Derived from LIS bill description,,,BILLS.CSV,"Commending the New Chesapeake Men for Progress Education Foundation, Inc.",True,^\s*commending\b
HR533,Education,Derived from LIS bill description,,,BILLS.CSV,"Commending the New Chesapeake Men for Progress Education Foundation, Inc.",True,\beducation\b
HR534,Commendations and Commemorations,Derived from LIS bill description,,,BILLS.CSV,"Celebrating the life of Peter John Kemp, MD.",True,^\s*celebrating the life\b
HR535,Commendations and Commemorations,Derived from LIS bill description,,,BILLS.CSV,Commending Deirdre Love.,True,^\s*commending\b
HR536,Commendations and Commemorations,Derived from LIS bill description,,,BILLS.CSV,Celebrating the life of Shirley Kenneth Jones.,True,^\s*celebrating the life\b
HR537,Commendations and Commemorations,Derived from LIS bill description,,,BILLS.CSV,"Commending Jon R. Stehle, Jr.",True,^\s*commending\b
HR538,Commendations and Commemorations,Derived from LIS bill description,,,BILLS.CSV,Commending Kate G. Doyle Feingold.,True,^\s*commending\b
HR539,Commendations and Commemorations,Derived from LIS bill description,,,BILLS.CSV,Commending Jeffrey C. Greenfield.,True,^\s*commending\b
HR540,Commendations and Commemorations,Derived from LIS bill description,,,BILLS.CSV,Commending D. Thomas Ross.,True,^\s*commending\b
HR541,Commendations and Commemorations,Derived from LIS bill description,,,BILLS.CSV,Commending So Lim.,True,^\s*commending\b
HR542,Commendations and Commemorations,Derived from LIS bill description,,,BILLS.CSV,"Celebrating the life of First Lieutenant Zachary Dart Galli, USA.",True,^\s*celebrating the life\b
HR543,Commendations and Commemorations,Derived from LIS bill description,,,BILLS.CSV,Celebrating the life of Jeannette Windsor Howard.,True,^\s*celebrating the life\b
HR544,Commendations and Commemorations,Derived from LIS bill description,,,BILLS.CSV,Commending Anvil Campground.,True,^\s*commending\b
HR545,Commendations and Commemorations,Derived from LIS bill description,,,BILLS.CSV,Commending the Hampton Roads Leadership Prayer Breakfast.,True,^\s*commending\b
HR546,Commendations and Commemorations,Derived from LIS bill description,,,BILLS.CSV,Commending Bill Rilee.,True,^\s*commending\b
HR547,Commendations and Commemorations,Derived from LIS bill description,,,BILLS.CSV,"Commending John Percy Burch, Jr.",True,^\s*commending\b
HR548,Commendations and Commemorations,Derived from LIS bill description,,,BILLS.CSV,Commending Radford University.,True,^\s*commending\b
HR549,Commendations and Commemorations,Derived from LIS bill description,,,BILLS.CSV,Commending the first responders of Marion and Smyth County.,True,^\s*commending\b
HR550,Commendations and Commemorations,Derived from LIS bill description,,,BILLS.CSV,Commending the Virginia Beach Antique Mall.,True,^\s*commending\b
HR551,Commendations and Commemorations,Derived from LIS bill description,,,BILLS.CSV,Commending Cool Stuff.,True,^\s*commending\b
HR552,Commendations and Commemorations,Derived from LIS bill description,,,BILLS.CSV,Commending Comic Kings.,True,^\s*commending\b
HR553,Commendations and Commemorations,Derived from LIS bill description,,,BILLS.CSV,Commending Iglesia Cristiana Nueva Vida.,True,^\s*commending\b
HR554,Commendations and Commemorations,Derived from LIS bill description,,,BILLS.CSV,Celebrating the life of Stephen M. Quillen.,True,^\s*celebrating the life\b
HR555,Commendations and Commemorations,Derived from LIS bill description,,,BILLS.CSV,"Celebrating the life of George Thomas Kiser, Jr.",True,^\s*celebrating the life\b
HR556,Commendations and Commemorations,Derived from LIS bill description,,,BILLS.CSV,Commending Kaitlyn Gabriel.,True,^\s*commending\b
HR557,Commendations and Commemorations,Derived from LIS bill description,,,BILLS.CSV,Commending Samuel Crowe.,True,^\s*commending\b
HR558,Commendations and Commemorations,Derived from LIS bill description,,,BILLS.CSV,Celebrating the life of Roxane Gatling Gilmore.,True,^\s*celebrating the life\b
HR559,Commendations and Commemorations,Derived from LIS bill description,,,BILLS.CSV,Commending Nick Mayhugh.,True,^\s*commending\b
HR560,Commendations and Commemorations,Derived from LIS bill description,,,BILLS.CSV,"Commending Master Gunnery Sergeant Carroll Braxton, USMC, Ret.",True,^\s*commending\b
HR561,Commendations and Commemorations,Derived from LIS bill description,,,BILLS.CSV,Commending Evan Kinsel.,True,^\s*commending\b
HR562,Commendations and Commemorations,Derived from LIS bill description,,,BILLS.CSV,Commending Great Meadow.,True,^\s*commending\b
HR563,Commendations and Commemorations,Derived from LIS bill description,,,BILLS.CSV,Commending Charlie Porterfield.,True,^\s*commending\b
HR564,Commendations and Commemorations,Derived from LIS bill description,,,BILLS.CSV,Commending Thomas Dix.,True,^\s*commending\b
HR565,Commendations and Commemorations,Derived from LIS bill description,,,BILLS.CSV,Commending the Warren Coalition.,True,^\s*commending\b
HR566,Commendations and Commemorations,Derived from LIS bill description,,,BILLS.CSV,Celebrating the life of Ethel Dunbar Doherty.,True,^\s*celebrating the life\b
HR567,Commendations and Commemorations,Derived from LIS bill description,,,BILLS.CSV,"Commending the Greater Rappahannock (VA) Chapter of The Links, Incorporated.",True,^\s*commending\b
HR568,Commendations and Commemorations,Derived from LIS bill description,,,BILLS.CSV,Commending the Egyptian Coptic Christian community in Virginia.,True,^\s*commending\b
HR570,Commendations and Commemorations,Derived from LIS bill description,,,BILLS.CSV,Commending 3North.,True,^\s*commending\b
HR572,Commendations and Commemorations,Derived from LIS bill description,,,BILLS.CSV,Commending the Jewish community in Virginia.,True,^\s*commending\b
HR573,Commendations and Commemorations,Derived from LIS bill description,,,BILLS.CSV,Celebrating the life of Bradford Windley Phillips.,True,^\s*celebrating the life\b
HR574,Commendations and Commemorations,Derived from LIS bill description,,,BILLS.CSV,Celebrating the life of Linda Burrell Porter.,True,^\s*celebrating the life\b
HR575,Commendations and Commemorations,Derived from LIS bill description,,,BILLS.CSV,Commending Saint Anne Catholic School.,True,^\s*commending\b
HR577,Commendations and Commemorations,Derived from LIS bill description,,,BILLS.CSV,Commending Jon Phillip Lugbill.,True,^\s*commending\b
HR578,Commendations and Commemorations,Derived from LIS bill description,,,BILLS.CSV,"Celebrating the life of Rufus A. Banks, Sr.",True,^\s*celebrating the life\b
HR579,Commendations and Commemorations,Derived from LIS bill description,,,BILLS.CSV,Commending Kim W. Brown and Valerie K. Brown.,True,^\s*commending\b
HR580,Commendations and Commemorations,Derived from LIS bill description,,,BILLS.CSV,Celebrating the life of Georgia Stewart Allison.,True,^\s*celebrating the life\b
HR581,Commendations and Commemorations,Derived from LIS bill description,,,BILLS.CSV,Commending the Stafford County African American History driving tour.,True,^\s*commending\b
HR581,Transportation,Derived from LIS bill description,,,BILLS.CSV,Commending the Stafford County African American History driving tour.,True,\bdriving\b
HR582,Commendations and Commemorations,Derived from LIS bill description,,,BILLS.CSV,Commending Tony Wishard.,True,^\s*commending\b
HR583,Commendations and Commemorations,Derived from LIS bill description,,,BILLS.CSV,Commending William Raybold.,True,^\s*commending\b
HR584,Commendations and Commemorations,Derived from LIS bill description,,,BILLS.CSV,Celebrating the life of Lexie Isabelle Sullivan.,True,^\s*celebrating the life\b
HR585,Commendations and Commemorations,Derived from LIS bill description,,,BILLS.CSV,Commending Grant Holloway.,True,^\s*commending\b
HR586,Commendations and Commemorations,Derived from LIS bill description,,,BILLS.CSV,Commending the Prince William County Department of Fire and Rescue Swift Water Rescue Team.,True,^\s*commending\b
HR587,Commendations and Commemorations,Derived from LIS bill description,,,BILLS.CSV,Commending McKay Used Books.,True,^\s*commending\b
HR588,Commendations and Commemorations,Derived from LIS bill description,,,BILLS.CSV,Commending the Carrollton Ruritan Club.,True,^\s*commending\b
HR589,Commendations and Commemorations,Derived from LIS bill description,,,BILLS.CSV,Commending Stan Holloway.,True,^\s*commending\b
HR590,Commendations and Commemorations,Derived from LIS bill description,,,BILLS.CSV,Commending the Suffolk Interdenominational Ministerial Alliance.,True,^\s*commending\b
HR591,Commendations and Commemorations,Derived from LIS bill description,,,BILLS.CSV,Commending SUFF.Impact.,True,^\s*commending\b
HR592,Commendations and Commemorations,Derived from LIS bill description,,,BILLS.CSV,Celebrating the life of Demont? Lamont Tillery.,True,^\s*celebrating the life\b
HR593,Commendations and Commemorations,Derived from LIS bill description,,,BILLS.CSV,"Celebrating the life of William Eugene Goodman, Jr.",True,^\s*celebrating the life\b
HR594,Commendations and Commemorations,Derived from LIS bill description,,,BILLS.CSV,Commending the King William County Courthouse.,True,^\s*commending\b
HR595,Commendations and Commemorations,Derived from LIS bill description,,,BILLS.CSV,Commending Giovanni Antonio Snidle.,True,^\s*commending\b
HR596,Commendations and Commemorations,Derived from LIS bill description,,,BILLS.CSV,Commending David Long.,True,^\s*commending\b
HR597,Commendations and Commemorations,Derived from LIS bill description,,,BILLS.CSV,Celebrating the life of Jonathan Linden Way.,True,^\s*celebrating the life\b
HR598,Commendations and Commemorations,Derived from LIS bill description,,,BILLS.CSV,Commending 25-year members of the Prince William County Department of Fire and Rescue.,True,^\s*commending\b
HR599,Commendations and Commemorations,Derived from LIS bill description,,,BILLS.CSV,Celebrating the life of Lillian Mary Orlich.,True,^\s*celebrating the life\b
HR600,Commendations and Commemorations,Derived from LIS bill description,,,BILLS.CSV,Commending 35-year members of the Prince William County Department of Fire and Rescue.,True,^\s*commending\b
HR601,Commendations and Commemorations,Derived from LIS bill description,,,BILLS.CSV,Commending 20-year members of the Prince William County Department of Fire and Rescue.,True,^\s*commending\b
HR602,Commendations and Commemorations,Derived from LIS bill description,,,BILLS.CSV,Commending Tin Cannon Brewing Company.,True,^\s*commending\b
HR603,Commendations and Commemorations,Derived from LIS bill description,,,BILLS.CSV,Commending 30-year members of the Prince William County Department of Fire and Rescue.,True,^\s*commending\b
HR604,Commendations and Commemorations,Derived from LIS bill description,,,BILLS.CSV,Commending Godson Vondee.,True,^\s*commending\b
HR605,Commendations and Commemorations,Derived from LIS bill description,,,BILLS.CSV,Commending the Brentsville FFA.,True,^\s*commending\b
HR606,Commendations and Commemorations,Derived from LIS bill description,,,BILLS.CSV,Commending T. Clay Wood Elementary School.,True,^\s*commending\b
HR606,Education,Derived from LIS bill description,,,BILLS.CSV,Commending T. Clay Wood Elementary School.,True,\belementary school\b
HR607,Commendations and Commemorations,Derived from LIS bill description,,,BILLS.CSV,"Commending Annamarie Bollino, Ph.D.",True,^\s*commending\b
HR608,Commendations and Commemorations,Derived from LIS bill description,,,BILLS.CSV,Commending Charles August Swanson.,True,^\s*commending\b
HR609,Commendations and Commemorations,Derived from LIS bill description,,,BILLS.CSV,Commending James Younts.,True,^\s*commending\b
HR610,Commendations and Commemorations,Derived from LIS bill description,,,BILLS.CSV,Commending the Virginia Women and Family Support Center.,True,^\s*commending\b
HR611,Commendations and Commemorations,Derived from LIS bill description,,,BILLS.CSV,Commending Brenda Johnson.,True,^\s*commending\b
HR612,Commendations and Commemorations,Derived from LIS bill description,,,BILLS.CSV,Celebrating the life of Michael Steven Wright.,True,^\s*celebrating the life\b
HR613,Labor and Employment,Derived from LIS bill description,,,BILLS.CSV,Federal workforce in Virginia; opposition to downsizing.,True,\bworkforce\b
HR614,Commendations and Commemorations,Derived from LIS bill description,,,BILLS.CSV,Commending the Virginia Asian Chamber of Commerce.,True,^\s*commending\b
HR614,Business and Commerce,Derived from LIS bill description,,,BILLS.CSV,Commending the Virginia Asian Chamber of Commerce.,True,\bcommerce\b
HR615,Commendations and Commemorations,Derived from LIS bill description,,,BILLS.CSV,Commending Galilee Church.,True,^\s*commending\b
HR616,Commendations and Commemorations,Derived from LIS bill description,,,BILLS.CSV,Commending Aldo's Ristorante.,True,^\s*commending\b
HR617,Commendations and Commemorations,Derived from LIS bill description,,,BILLS.CSV,Commending The Gala 417.,True,^\s*commending\b
HR618,Commendations and Commemorations,Derived from LIS bill description,,,BILLS.CSV,Commending Doc Taylor's Restaurant.,True,^\s*commending\b
HR619,Commendations and Commemorations,Derived from LIS bill description,,,BILLS.CSV,Celebrating the life of Nellie Hayse.,True,^\s*celebrating the life\b
HR620,Commendations and Commemorations,Derived from LIS bill description,,,BILLS.CSV,Commending First Presbyterian Church of Virginia Beach.,True,^\s*commending\b
HR621,Commendations and Commemorations,Derived from LIS bill description,,,BILLS.CSV,Celebrating the life of Marie Goodman Johnson.,True,^\s*celebrating the life\b
HR622,Commendations and Commemorations,Derived from LIS bill description,,,BILLS.CSV,Celebrating the life of Henry Martin Walters.,True,^\s*celebrating the life\b
HR623,Commendations and Commemorations,Derived from LIS bill description,,,BILLS.CSV,"Celebrating the life of the Reverend Dr. Fernando Eugene Temple, Sr.",True,^\s*celebrating the life\b
HR624,Commendations and Commemorations,Derived from LIS bill description,,,BILLS.CSV,Commending the Albemarle County Human Services Alternative Response Team.,True,^\s*commending\b
HR625,Commendations and Commemorations,Derived from LIS bill description,,,BILLS.CSV,Commending Senior Statesmen of Virginia.,True,^\s*commending\b
HR626,Commendations and Commemorations,Derived from LIS bill description,,,BILLS.CSV,Commending the Nelson County Sheriff's Office.,True,^\s*commending\b
HR627,Commendations and Commemorations,Derived from LIS bill description,,,BILLS.CSV,Commending Camp Holiday Trails.,True,^\s*commending\b
HR628,Commendations and Commemorations,Derived from LIS bill description,,,BILLS.CSV,"Commending the advocates, survivors, families, and others impacted by triple-negative breast cancer.",True,^\s*commending\b
HR629,Commendations and Commemorations,Derived from LIS bill description,,,BILLS.CSV,Commending Marshall Jarrett.,True,^\s*commending\b
HR630,Commendations and Commemorations,Derived from LIS bill description,,,BILLS.CSV,Commending agricultural producers in Virginia.,True,^\s*commending\b
HR630,Agriculture and Food,Derived from LIS bill description,,,BILLS.CSV,Commending agricultural producers in Virginia.,True,\bagricultur
HR631,Commendations and Commemorations,Derived from LIS bill description,,,BILLS.CSV,Commending Molly and Robert Hardie.,True,^\s*commending\b
HR632,Commendations and Commemorations,Derived from LIS bill description,,,BILLS.CSV,Commending Bay Local Eatery.,True,^\s*commending\b
HR633,Commendations and Commemorations,Derived from LIS bill description,,,BILLS.CSV,Commending the TASTE Family of Businesses.,True,^\s*commending\b
HR634,Commendations and Commemorations,Derived from LIS bill description,,,BILLS.CSV,Commending Il Giardino Ristorante.,True,^\s*commending\b
HR635,Commendations and Commemorations,Derived from LIS bill description,,,BILLS.CSV,Commending Cobalt Grille.,True,^\s*commending\b
HR636,Commendations and Commemorations,Derived from LIS bill description,,,BILLS.CSV,Commending Wareing's Gym.,True,^\s*commending\b
HR637,Commendations and Commemorations,Derived from LIS bill description,,,BILLS.CSV,Commending Mizuno Japanese Restaurant.,True,^\s*commending\b
HR638,Commendations and Commemorations,Derived from LIS bill description,,,BILLS.CSV,Commending Polish Boutique.,True,^\s*commending\b
HR639,Commendations and Commemorations,Derived from LIS bill description,,,BILLS.CSV,Commending Captain George's Seafood Restaurant.,True,^\s*commending\b
HR640,Commendations and Commemorations,Derived from LIS bill description,,,BILLS.CSV,Commending Coastal Grill.,True,^\s*commending\b
HR641,Commendations and Commemorations,Derived from LIS bill description,,,BILLS.CSV,Commending Citrus.,True,^\s*commending\b
HR642,Commendations and Commemorations,Derived from LIS bill description,,,BILLS.CSV,Commending Smartmouth Brewing Company.,True,^\s*commending\b
HR643,Commendations and Commemorations,Derived from LIS bill description,,,BILLS.CSV,Commending the Black Angus Restaurant.,True,^\s*commending\b
HR644,Commendations and Commemorations,Derived from LIS bill description,,,BILLS.CSV,Commending Lemon Cabana.,True,^\s*commending\b
HR645,Commendations and Commemorations,Derived from LIS bill description,,,BILLS.CSV,Commending Jane Parke Batten.,True,^\s*commending\b
HR646,Commendations and Commemorations,Derived from LIS bill description,,,BILLS.CSV,Commending Tautog's Restaurant.,True,^\s*commending\b
HR647,Commendations and Commemorations,Derived from LIS bill description,,,BILLS.CSV,Commending the Norfolk Academy field hockey team.,True,^\s*commending\b
HR648,Commendations and Commemorations,Derived from LIS bill description,,,BILLS.CSV,Commending Dr. Mark R. Jones.,True,^\s*commending\b
HR649,Commendations and Commemorations,Derived from LIS bill description,,,BILLS.CSV,Commending Phillips Equipment Corporation.,True,^\s*commending\b
HR650,Commendations and Commemorations,Derived from LIS bill description,,,BILLS.CSV,Commending Elizabeth S. Green.,True,^\s*commending\b
HR651,Commendations and Commemorations,Derived from LIS bill description,,,BILLS.CSV,Commending the Douglas Freeman High School girls' lacrosse team.,True,^\s*commending\b
HR651,Education,Derived from LIS bill description,,,BILLS.CSV,Commending the Douglas Freeman High School girls' lacrosse team.,True,\bhigh school\b
HR652,Commendations and Commemorations,Derived from LIS bill description,,,BILLS.CSV,"Celebrating the life of Virgil Alexander Wood, Ed.D.",True,^\s*celebrating the life\b
HR653,Commendations and Commemorations,Derived from LIS bill description,,,BILLS.CSV,Commending Wood Brothers Racing.,True,^\s*commending\b
HR654,Commendations and Commemorations,Derived from LIS bill description,,,BILLS.CSV,"Commending Reaching Out Now, Inc.",True,^\s*commending\b
HR655,Commendations and Commemorations,Derived from LIS bill description,,,BILLS.CSV,Commending the Clarke County High School boys' cross country team.,True,^\s*commending\b
HR655,Education,Derived from LIS bill description,,,BILLS.CSV,Commending the Clarke County High School boys' cross country team.,True,\bhigh school\b
HR656,Commendations and Commemorations,Derived from LIS bill description,,,BILLS.CSV,Celebrating the life of George E. Banks.,True,^\s*celebrating the life\b
HR657,Commendations and Commemorations,Derived from LIS bill description,,,BILLS.CSV,Celebrating the life of the Reverend William Lee Statzer.,True,^\s*celebrating the life\b
HR658,Commendations and Commemorations,Derived from LIS bill description,,,BILLS.CSV,Commending the Falls Church Volunteer Fire Department.,True,^\s*commending\b
HR659,Commendations and Commemorations,Derived from LIS bill description,,,BILLS.CSV,Commending Lori Allyne Hilton.,True,^\s*commending\b
HR660,Commendations and Commemorations,Derived from LIS bill description,,,BILLS.CSV,Commending Charles Collier.,True,^\s*commending\b
HR661,Commendations and Commemorations,Derived from LIS bill description,,,BILLS.CSV,"Celebrating the life of Warren Marcelous DePriest, Sr.",True,^\s*celebrating the life\b
HR662,Commendations and Commemorations,Derived from LIS bill description,,,BILLS.CSV,Celebrating the life of Elizabeth Sampson Johnson.,True,^\s*celebrating the life\b
HR663,Commendations and Commemorations,Derived from LIS bill description,,,BILLS.CSV,Celebrating the life of Dr. Wilbert L. Jenkins.,True,^\s*celebrating the life\b
HR664,Commendations and Commemorations,Derived from LIS bill description,,,BILLS.CSV,Celebrating the life of Gladys Delores Argro Kidd.,True,^\s*celebrating the life\b
HR665,Commendations and Commemorations,Derived from LIS bill description,,,BILLS.CSV,"Celebrating the life of Winston E. Hubbard, Jr.",True,^\s*celebrating the life\b
HR666,Commendations and Commemorations,Derived from LIS bill description,,,BILLS.CSV,Celebrating the life of Annette Teresa Lawrence Robinson.,True,^\s*celebrating the life\b
HR667,Commendations and Commemorations,Derived from LIS bill description,,,BILLS.CSV,Commending the Virginia Union University football team.,True,^\s*commending\b
HR668,Commendations and Commemorations,Derived from LIS bill description,,,BILLS.CSV,Commending the 2025 inductees to the Virginia Sports Hall of Fame.,True,^\s*commending\b
HR669,Commendations and Commemorations,Derived from LIS bill description,,,BILLS.CSV,Commending the National Center for Healthy Veterans at Valor Farm.,True,^\s*commending\b
HR669,Agriculture and Food,Derived from LIS bill description,,,BILLS.CSV,Commending the National Center for Healthy Veterans at Valor Farm.,True,\bfarms?\b
HR670,Commendations and Commemorations,Derived from LIS bill description,,,BILLS.CSV,Commending Mariners Landing.,True,^\s*commending\b
HR671,Commendations and Commemorations,Derived from LIS bill description,,,BILLS.CSV,Commending JR's Auto Care.,True,^\s*commending\b
HR672,Commendations and Commemorations,Derived from LIS bill description,,,BILLS.CSV,"Commending Workboat Life, Inc.",True,^\s*commending\b
HR673,Commendations and Commemorations,Derived from LIS bill description,,,BILLS.CSV,Commending Paul Kakol.,True,^\s*commending\b
HR674,Commendations and Commemorations,Derived from LIS bill description,,,BILLS.CSV,Commending Arthur Ellsworth Dick Howard.,True,^\s*commending\b
HR675,Commendations and Commemorations,Derived from LIS bill description,,,BILLS.CSV,Celebrating the life of Dr. La Francis Rodgers-Rose.,True,^\s*celebrating the life\b
HR676,Commendations and Commemorations,Derived from LIS bill description,,,BILLS.CSV,Celebrating the life of Michael Gregory Brown.,True,^\s*celebrating the life\b
HR677,Commendations and Commemorations,Derived from LIS bill description,,,BILLS.CSV,Celebrating the life of the Reverend Robert Calloway Davis.,True,^\s*celebrating the life\b
HR678,Commendations and Commemorations,Derived from LIS bill description,,,BILLS.CSV,Commending Bon Air Elementary School.,True,^\s*commending\b
HR678,Education,Derived from LIS bill description,,,BILLS.CSV,Commending Bon Air Elementary School.,True,\belementary school\b
HR679,Commendations and Commemorations,Derived from LIS bill description,,,BILLS.CSV,Commending George Walton Weller.,True,^\s*commending\b
HR680,Commendations and Commemorations,Derived from LIS bill description,,,BILLS.CSV,Celebrating the life of Algie Gray Crouse.,True,^\s*celebrating the life\b
HR681,Commendations and Commemorations,Derived from LIS bill description,,,BILLS.CSV,Celebrating the life of Kris Kehoe Southwick.,True,^\s*celebrating the life\b
HR682,Commendations and Commemorations,Derived from LIS bill description,,,BILLS.CSV,Celebrating the life of the Honorable Donald May Haddock.,True,^\s*celebrating the life\b
HR683,Commendations and Commemorations,Derived from LIS bill description,,,BILLS.CSV,"Celebrating the life of Justin Lee Butler, Jr.",True,^\s*celebrating the life\b
HR684,Commendations and Commemorations,Derived from LIS bill description,,,BILLS.CSV,Celebrating the life of the Reverend Dr. Wilson E. Shannon.,True,^\s*celebrating the life\b
HR685,Commendations and Commemorations,Derived from LIS bill description,,,BILLS.CSV,Celebrating the life of Kimaun Tyrese Ewell.,True,^\s*celebrating the life\b
HR686,Commendations and Commemorations,Derived from LIS bill description,,,BILLS.CSV,Commending the Honorable Dr. William Ferguson Reid.,True,^\s*commending\b
HR687,Commendations and Commemorations,Derived from LIS bill description,,,BILLS.CSV,Commending Perkinson Construction.,True,^\s*commending\b
HR688,Commendations and Commemorations,Derived from LIS bill description,,,BILLS.CSV,Commending Greg Dynia.,True,^\s*commending\b
HR689,Commendations and Commemorations,Derived from LIS bill description,,,BILLS.CSV,"Commending Rudy L. Hawkins Electrical Contractor, Inc.",True,^\s*commending\b
HR690,Commendations and Commemorations,Derived from LIS bill description,,,BILLS.CSV,Commending Enon Baptist Church.,True,^\s*commending\b
HR691,Commendations and Commemorations,Derived from LIS bill description,,,BILLS.CSV,Commending Meredith Dean.,True,^\s*commending\b
HR692,Commendations and Commemorations,Derived from LIS bill description,,,BILLS.CSV,Commending Alma Bella Academy.,True,^\s*commending\b
HR693,Commendations and Commemorations,Derived from LIS bill description,,,BILLS.CSV,Commending Harlan Construction.,True,^\s*commending\b
HR694,Commendations and Commemorations,Derived from LIS bill description,,,BILLS.CSV,Celebrating the life of Wesley Isaiah Harrison-James.,True,^\s*celebrating the life\b
HR695,Commendations and Commemorations,Derived from LIS bill description,,,BILLS.CSV,Commending the Mary Star of the Sea Council 511 of the Knights of Columbus.,True,^\s*commending\b
HR696,Commendations and Commemorations,Derived from LIS bill description,,,BILLS.CSV,"Celebrating the life of Chief Warrant Officer 2 Andrew Lloyd Eaves, USA.",True,^\s*celebrating the life\b
HR697,Commendations and Commemorations,Derived from LIS bill description,,,BILLS.CSV,"Celebrating the life of Staff Sergeant Ryan Austin O'Hara, USA.",True,^\s*celebrating the life\b
HR698,Commendations and Commemorations,Derived from LIS bill description,,,BILLS.CSV,"Commending the Honorable Gordon C. Helsel, Jr.",True,^\s*commending\b
HR699,Commendations and Commemorations,Derived from LIS bill description,,,BILLS.CSV,"Celebrating the life of Captain Rebecca M. Lobach, USA.",True,^\s*celebrating the life\b
HR700,Commendations and Commemorations,Derived from LIS bill description,,,BILLS.CSV,Commending the Lorton Community Action Center.,True,^\s*commending\b
HR701,Commendations and Commemorations,Derived from LIS bill description,,,BILLS.CSV,Celebrating the life of Edward Lee Watkins.,True,^\s*celebrating the life\b
HR702,Commendations and Commemorations,Derived from LIS bill description,,,BILLS.CSV,Commending Moore and Giles.,True,^\s*commending\b
HR703,Commendations and Commemorations,Derived from LIS bill description,,,BILLS.CSV,Commending Sam and Shelly Hunt.,True,^\s*commending\b
HR704,Commendations and Commemorations,Derived from LIS bill description,,,BILLS.CSV,Commending Tommy Scott.,True,^\s*commending\b
HR705,Commendations and Commemorations,Derived from LIS bill description,,,BILLS.CSV,Commending the Rotary Club of Forest.,True,^\s*commending\b
HR705,Environment and Conservation,Derived from LIS bill description,,,BILLS.CSV,Commending the Rotary Club of Forest.,True,\bforest\b
HR706,Commendations and Commemorations,Derived from LIS bill description,,,BILLS.CSV,Commending Martin Leamy.,True,^\s*commending\b
HR707,Commendations and Commemorations,Derived from LIS bill description,,,BILLS.CSV,Commending Moneta Farm and Home Center.,True,^\s*commending\b
HR707,Agriculture and Food,Derived from LIS bill description,,,BILLS.CSV,Commending Moneta Farm and Home Center.,True,\bfarms?\b
HR708,Commendations and Commemorations,Derived from LIS bill description,,,BILLS.CSV,Commending Walter and Lou Ann Bass.,True,^\s*commending\b
HR709,Commendations and Commemorations,Derived from LIS bill description,,,BILLS.CSV,Commending Joji Purdy.,True,^\s*commending\b
HR710,Commendations and Commemorations,Derived from LIS bill description,,,BILLS.CSV,Commending Cooper Cutchins.,True,^\s*commending\b
HR712,Commendations and Commemorations,Derived from LIS bill description,,,BILLS.CSV,"Celebrating the life of the Honorable Walter Benjamin Keister, Sr.",True,^\s*celebrating the life\b
HR713,Commendations and Commemorations,Derived from LIS bill description,,,BILLS.CSV,Celebrating the life of Louis Mansfield Johnson.,True,^\s*celebrating the life\b
HR714,Commendations and Commemorations,Derived from LIS bill description,,,BILLS.CSV,"Commending Clint Mitchell, Ed.D.",True,^\s*commending\b
HR715,Commendations and Commemorations,Derived from LIS bill description,,,BILLS.CSV,Commending Spreading Smiles at Renatos.,True,^\s*commending\b
HR716,Commendations and Commemorations,Derived from LIS bill description,,,BILLS.CSV,Commending the Vienna Assembly of God.,True,^\s*commending\b
HR717,Commendations and Commemorations,Derived from LIS bill description,,,BILLS.CSV,Commending Vienna Youth Soccer.,True,^\s*commending\b
HR718,Commendations and Commemorations,Derived from LIS bill description,,,BILLS.CSV,Commending the Society of Hispanic Professional Engineers.,True,^\s*commending\b
HR719,Commendations and Commemorations,Derived from LIS bill description,,,BILLS.CSV,Celebrating the life of Joshua Plante.,True,^\s*celebrating the life\b
HR720,Commendations and Commemorations,Derived from LIS bill description,,,BILLS.CSV,Commending the Shepherd's Center of Fairfax-Burke.,True,^\s*commending\b
HR721,Commendations and Commemorations,Derived from LIS bill description,,,BILLS.CSV,Commending Great American Restaurants.,True,^\s*commending\b
HR722,Commendations and Commemorations,Derived from LIS bill description,,,BILLS.CSV,Celebrating the life of Bob Eddison Bracey.,True,^\s*celebrating the life\b
HR723,Commendations and Commemorations,Derived from LIS bill description,,,BILLS.CSV,Commending the Chesterfield Food Bank Outreach Center.,True,^\s*commending\b
HR724,Commendations and Commemorations,Derived from LIS bill description,,,BILLS.CSV,Commending Chester Presbyterian Church.,True,^\s*commending\b
HR725,Commendations and Commemorations,Derived from LIS bill description,,,BILLS.CSV,"Commending James R. Jones Builder, Inc.",True,^\s*commending\b
HR726,Commendations and Commemorations,Derived from LIS bill description,,,BILLS.CSV,Commending Barber Construction.,True,^\s*commending\b
HR727,Commendations and Commemorations,Derived from LIS bill description,,,BILLS.CSV,Commending Richard Halas.,True,^\s*commending\b
HR728,Commendations and Commemorations,Derived from LIS bill description,,,BILLS.CSV,"Commending Lebow Eye Associates, P.C.",True,^\s*commending\b
HR729,Commendations and Commemorations,Derived from LIS bill description,,,BILLS.CSV,Celebrating the life of Dr. Carol Jocelyn Pretlow.,True,^\s*celebrating the life\b
HR730,Commendations and Commemorations,Derived from LIS bill description,,,BILLS.CSV,Celebrating the life of Mary Carol Evans Hecht.,True,^\s*celebrating the life\b
HR731,Commendations and Commemorations,Derived from LIS bill description,,,BILLS.CSV,Celebrating the life of Gregory Scott Cook.,True,^\s*celebrating the life\b
HR732,Commendations and Commemorations,Derived from LIS bill description,,,BILLS.CSV,Commending Hollin Meadows Elementary School.,True,^\s*commending\b
HR732,Education,Derived from LIS bill description,,,BILLS.CSV,Commending Hollin Meadows Elementary School.,True,\belementary school\b
HR733,Commendations and Commemorations,Derived from LIS bill description,,,BILLS.CSV,Celebrating the life of Landon Jeremiah Artis.,True,^\s*celebrating the life\b
HR734,Commendations and Commemorations,Derived from LIS bill description,,,BILLS.CSV,Commending Fair Oaks Elementary School.,True,^\s*commending\b
HR734,Education,Derived from LIS bill description,,,BILLS.CSV,Commending Fair Oaks Elementary School.,True,\belementary school\b
HR735,Commendations and Commemorations,Derived from LIS bill description,,,BILLS.CSV,Commending Charles H. Harbaugh IV.,True,^\s*commending\b
HR736,Commendations and Commemorations,Derived from LIS bill description,,,BILLS.CSV,Commending Chuck Pruitt.,True,^\s*commending\b
HR737,Commendations and Commemorations,Derived from LIS bill description,,,BILLS.CSV,Commending Saad Shafi.,True,^\s*commending\b
HR738,Commendations and Commemorations,Derived from LIS bill description,,,BILLS.CSV,Commending Total Action for Progress.,True,^\s*commending\b
HR739,Commendations and Commemorations,Derived from LIS bill description,,,BILLS.CSV,Commending Keswick Hall.,True,^\s*commending\b
HR740,Commendations and Commemorations,Derived from LIS bill description,,,BILLS.CSV,Commending Colton Moye.,True,^\s*commending\b
HR741,Commendations and Commemorations,Derived from LIS bill description,,,BILLS.CSV,Commending Pat B. Huber.,True,^\s*commending\b
HR742,Commendations and Commemorations,Derived from LIS bill description,,,BILLS.CSV,Commending Deborah D. Oswalt.,True,^\s*commending\b
HR743,Commendations and Commemorations,Derived from LIS bill description,,,BILLS.CSV,Commending the Mechanicsville High School chapter of Future Farmers of America.,True,^\s*commending\b
HR743,Education,Derived from LIS bill description,,,BILLS.CSV,Commending the Mechanicsville High School chapter of Future Farmers of America.,True,\bhigh school\b
HR743,Agriculture and Food,Derived from LIS bill description,,,BILLS.CSV,Commending the Mechanicsville High School chapter of Future Farmers of America.,True,\bfarmers?\b
HR744,Commendations and Commemorations,Derived from LIS bill description,,,BILLS.CSV,Commending the Atlee High School chapter of Future Farmers of America.,True,^\s*commending\b
HR744,Education,Derived from LIS bill description,,,BILLS.CSV,Commending the Atlee High School chapter of Future Farmers of America.,True,\bhigh school\b
HR744,Agriculture and Food,Derived from LIS bill description,,,BILLS.CSV,Commending the Atlee High School chapter of Future Farmers of America.,True,\bfarmers?\b
HR745,Commendations and Commemorations,Derived from LIS bill description,,,BILLS.CSV,Commending the Hanover High School chapter of Future Farmers of America.,True,^\s*commending\b
HR745,Education,Derived from LIS bill description,,,BILLS.CSV,Commending the Hanover High School chapter of Future Farmers of America.,True,\bhigh school\b
HR745,Agriculture and Food,Derived from LIS bill description,,,BILLS.CSV,Commending the Hanover High School chapter of Future Farmers of America.,True,\bfarmers?\b
HR746,Commendations and Commemorations,Derived from LIS bill description,,,BILLS.CSV,Commending Tyler William Warren.,True,^\s*commending\b
HR747,Commendations and Commemorations,Derived from LIS bill description,,,BILLS.CSV,Commending Gale Allen Harvey.,True,^\s*commending\b
HR748,Commendations and Commemorations,Derived from LIS bill description,,,BILLS.CSV,Commending David K. Wood.,True,^\s*commending\b
HR749,Commendations and Commemorations,Derived from LIS bill description,,,BILLS.CSV,Celebrating the life of Clarence Stewart Preston.,True,^\s*celebrating the life\b
HR750,Commendations and Commemorations,Derived from LIS bill description,,,BILLS.CSV,Commending Virginia Union University.,True,^\s*commending\b
HR751,Commendations and Commemorations,Derived from LIS bill description,,,BILLS.CSV,"Commending the Omicron Chi Omega chapter of Alpha Kappa Alpha Sorority, Inc.",True,^\s*commending\b
HR752,Commendations and Commemorations,Derived from LIS bill description,,,BILLS.CSV,Commending Shaboozey.,True,^\s*commending\b
HR753,Commendations and Commemorations,Derived from LIS bill description,,,BILLS.CSV,Commending Penelope Nowell-Shortt.,True,^\s*commending\b
HR754,Commendations and Commemorations,Derived from LIS bill description,,,BILLS.CSV,Commending Curtis O. Porter.,True,^\s*commending\b
HR755,Commendations and Commemorations,Derived from LIS bill description,,,BILLS.CSV,Commending Rick S. Judd.,True,^\s*commending\b
HR756,Commendations and Commemorations,Derived from LIS bill description,,,BILLS.CSV,Commending Stephen Rau.,True,^\s*commending\b
HR757,Commendations and Commemorations,Derived from LIS bill description,,,BILLS.CSV,Commending Gary Fuller.,True,^\s*commending\b
HR758,Commendations and Commemorations,Derived from LIS bill description,,,BILLS.CSV,Commending the Information Technology-Information Sharing Analysis Center.,True,^\s*commending\b
HR759,Commendations and Commemorations,Derived from LIS bill description,,,BILLS.CSV,Commending Juan Salguero.,True,^\s*commending\b
HR760,Commendations and Commemorations,Derived from LIS bill description,,,BILLS.CSV,Commending Angie's Bakery.,True,^\s*commending\b
HR761,Commendations and Commemorations,Derived from LIS bill description,,,BILLS.CSV,Commending Doug Robbins.,True,^\s*commending\b
HR762,Commendations and Commemorations,Derived from LIS bill description,,,BILLS.CSV,Commending the Southside Swim League.,True,^\s*commending\b
HR763,Commendations and Commemorations,Derived from LIS bill description,,,BILLS.CSV,Commending the River's Bend Community Association swim team.,True,^\s*commending\b
HR765,Commendations and Commemorations,Derived from LIS bill description,,,BILLS.CSV,Commending Michael J. Higginbotham.,True,^\s*commending\b
HR766,Commendations and Commemorations,Derived from LIS bill description,,,BILLS.CSV,Commending the Timberlake Tavern.,True,^\s*commending\b
HR767,Commendations and Commemorations,Derived from LIS bill description,,,BILLS.CSV,Commending Spring Valley Farms.,True,^\s*commending\b
HR767,Agriculture and Food,Derived from LIS bill description,,,BILLS.CSV,Commending Spring Valley Farms.,True,\bfarms?\b
HR768,Commendations and Commemorations,Derived from LIS bill description,,,BILLS.CSV,"Celebrating the life of Clarence Hiram Jones, Jr.",True,^\s*celebrating the life\b
HR769,Commendations and Commemorations,Derived from LIS bill description,,,BILLS.CSV,Commending Gary E. Penn.,True,^\s*commending\b
HR770,Commendations and Commemorations,Derived from LIS bill description,,,BILLS.CSV,Commending Ally and Michael Stebner.,True,^\s*commending\b
HR771,Commendations and Commemorations,Derived from LIS bill description,,,BILLS.CSV,Commending CHIKO.,True,^\s*commending\b
HR772,Commendations and Commemorations,Derived from LIS bill description,,,BILLS.CSV,Celebrating the life of Richard Joseph Grosh.,True,^\s*celebrating the life\b
HR773,Commendations and Commemorations,Derived from LIS bill description,,,BILLS.CSV,Celebrating the life of Jeff Meredith.,True,^\s*celebrating the life\b
HR774,Commendations and Commemorations,Derived from LIS bill description,,,BILLS.CSV,Celebrating the life of Benjamin Rodriguez.,True,^\s*celebrating the life\b
HR775,Commendations and Commemorations,Derived from LIS bill description,,,BILLS.CSV,Commending Shorebreak Pizza and Taphouse.,True,^\s*commending\b
HR776,Commendations and Commemorations,Derived from LIS bill description,,,BILLS.CSV,Commending Waller Tire Place.,True,^\s*commending\b
HR777,Commendations and Commemorations,Derived from LIS bill description,,,BILLS.CSV,Commending New Mount Vernon Baptist Church.,True,^\s*commending\b
HR778,Commendations and Commemorations,Derived from LIS bill description,,,BILLS.CSV,Commending Chris Scott.,True,^\s*commending\b
HR779,Commendations and Commemorations,Derived from LIS bill description,,,BILLS.CSV,Commending Kwame Alexander.,True,^\s*commending\b
HR780,Commendations and Commemorations,Derived from LIS bill description,,,BILLS.CSV,Commending Pat Woodbury.,True,^\s*commending\b
HR781,Commendations and Commemorations,Derived from LIS bill description,,,BILLS.CSV,"Celebrating the life of Ann Marie Sullivan, Ph.D.",True,^\s*celebrating the life\b
HR782,Commendations and Commemorations,Derived from LIS bill description,,,BILLS.CSV,Celebrating the life of Elwood Lorenzo Williams.,True,^\s*celebrating the life\b
HR783,Commendations and Commemorations,Derived from LIS bill description,,,BILLS.CSV,"Celebrating the life of Lieutenant General Arthur J. Gregg, USA, Ret.",True,^\s*celebrating the life\b
HR784,Commendations and Commemorations,Derived from LIS bill description,,,BILLS.CSV,"Celebrating the life of Luther Foster Brown, Jr.",True,^\s*celebrating the life\b
HR785,Commendations and Commemorations,Derived from LIS bill description,,,BILLS.CSV,Commending Bishop Samuel L. Carruth.,True,^\s*commending\b
HR786,Commendations and Commemorations,Derived from LIS bill description,,,BILLS.CSV,"Celebrating the life of the Honorable Von LeRoy Piersall, Jr.",True,^\s*celebrating the life\b
HR787,Commendations and Commemorations,Derived from LIS bill description,,,BILLS.CSV,Celebrating the life of Corey Rashaad Peterson.,True,^\s*celebrating the life\b
HR788,Commendations and Commemorations,Derived from LIS bill description,,,BILLS.CSV,Celebrating the life of Spencer J. Prayer.,True,^\s*celebrating the life\b
HR790,Commendations and Commemorations,Derived from LIS bill description,,,BILLS.CSV,Celebrating the life of Ella Wease Tucker Jarrett.,True,^\s*celebrating the life\b
HR791,Commendations and Commemorations,Derived from LIS bill description,,,BILLS.CSV,Celebrating the life of the Reverend Dr. Milton Roy Blount.,True,^\s*celebrating the life\b
HR792,Commendations and Commemorations,Derived from LIS bill description,,,BILLS.CSV,"Celebrating the life of Harold Alvin Goodman, Sr.",True,^\s*celebrating the life\b
HR793,Commendations and Commemorations,Derived from LIS bill description,,,BILLS.CSV,"Celebrating the life of Bismarck Myrick, Sr.",True,^\s*celebrating the life\b
HR794,Commendations and Commemorations,Derived from LIS bill description,,,BILLS.CSV,Commending Phillip C. Stone.,True,^\s*commending\b
HR795,Commendations and Commemorations,Derived from LIS bill description,,,BILLS.CSV,Commending the Phoebus High School football team.,True,^\s*commending\b
HR795,Education,Derived from LIS bill description,,,BILLS.CSV,Commending the Phoebus High School football team.,True,\bhigh school\b
HR796,Commendations and Commemorations,Derived from LIS bill description,,,BILLS.CSV,"Commending Captain Michelle M. Williams, USN.",True,^\s*commending\b
HR797,Commendations and Commemorations,Derived from LIS bill description,,,BILLS.CSV,Celebrating the life of Claude Allen Cobler.,True,^\s*celebrating the life\b
HR798,Commendations and Commemorations,Derived from LIS bill description,,,BILLS.CSV,"Commending the Gamma Delta Omega Chapter of Alpha Kappa Alpha Sorority, Inc.",True,^\s*commending\b
HR799,Commendations and Commemorations,Derived from LIS bill description,,,BILLS.CSV,Celebrating the life of Enis Rodney Jenkins.,True,^\s*celebrating the life\b
HR800,Commendations and Commemorations,Derived from LIS bill description,,,BILLS.CSV,Commending Andrew Terrill.,True,^\s*commending\b
HR801,Commendations and Commemorations,Derived from LIS bill description,,,BILLS.CSV,Commending My Cravingz.,True,^\s*commending\b
HR802,Courts and Civil Law,Derived from LIS bill description,,,BILLS.CSV,Nominating persons to be elected to circuit court judgeships.,True,\bcircuit courts?\b
HR803,Courts and Civil Law,Derived from LIS bill description,,,BILLS.CSV,Nominating persons to be elected to general district court judgeships.,True,\bgeneral district courts?\b
HR804,Courts and Civil Law,Derived from LIS bill description,,,BILLS.CSV,Nominating persons to be elected to juvenile and domestic relations district court judgeships.,True,\bjudgeships?\b
HR804,Marriage and Domestic Relations,Derived from LIS bill description,,,BILLS.CSV,Nominating persons to be elected to juvenile and domestic relations district court judgeships.,True,\bdomestic relations\b
HR806,Commendations and Commemorations,Derived from LIS bill description,,,BILLS.CSV,Commending Margaret Higgins Disney.,True,^\s*commending\b
HR807,Commendations and Commemorations,Derived from LIS bill description,,,BILLS.CSV,Commending the Virginia State Police Association.,True,^\s*commending\b
HR808,Commendations and Commemorations,Derived from LIS bill description,,,BILLS.CSV,Commending the Chesterfield County Jail Helping Addicts Recover Progressively program.,True,^\s*commending\b
HR809,Commendations and Commemorations,Derived from LIS bill description,,,BILLS.CSV,Commending Social Burger.,True,^\s*commending\b
HR810,Commendations and Commemorations,Derived from LIS bill description,,,BILLS.CSV,Commending the Town of Vienna.,True,^\s*commending\b
HR811,Commendations and Commemorations,Derived from LIS bill description,,,BILLS.CSV,Celebrating the life of Marvin Hyatt Watkins.,True,^\s*celebrating the life\b
HR812,Commendations and Commemorations,Derived from LIS bill description,,,BILLS.CSV,"Celebrating the life of Franklin Jay Pepper, M.D.",True,^\s*celebrating the life\b
HR813,Commendations and Commemorations,Derived from LIS bill description,,,BILLS.CSV,Celebrating the life of Jacquelyn G. Hontz.,True,^\s*celebrating the life\b
HR814,Commendations and Commemorations,Derived from LIS bill description,,,BILLS.CSV,Commending Friends of the Rappahannock.,True,^\s*commending\b
HR815,Commendations and Commemorations,Derived from LIS bill description,,,BILLS.CSV,"Commending Judith Brooks-Buck, Ph.D.",True,^\s*commending\b
HR816,Commendations and Commemorations,Derived from LIS bill description,,,BILLS.CSV,Commending the Washington Commanders.,True,^\s*commending\b
HR817,Commendations and Commemorations,Derived from LIS bill description,,,BILLS.CSV,Commending Carlos Castro.,True,^\s*commending\b
HR818,Commendations and Commemorations,Derived from LIS bill description,,,BILLS.CSV,Commending Waller and Company Jewelers.,True,^\s*commending\b
HR819,Commendations and Commemorations,Derived from LIS bill description,,,BILLS.CSV,"Celebrating the life of Ivan Elbert Horton, Jr.",True,^\s*celebrating the life\b
HR820,Commendations and Commemorations,Derived from LIS bill description,,,BILLS.CSV,Commending Magaly Perez-Rives.,True,^\s*commending\b
HR821,Commendations and Commemorations,Derived from LIS bill description,,,BILLS.CSV,"Commending Simmons and Associates Realty, Inc.",True,^\s*commending\b
HR822,Commendations and Commemorations,Derived from LIS bill description,,,BILLS.CSV,Commending Robert Trent Jones Golf Club.,True,^\s*commending\b
HR823,Commendations and Commemorations,Derived from LIS bill description,,,BILLS.CSV,Celebrating the life of Beverly Hicks Diamonstein.,True,^\s*celebrating the life\b
HR824,Commendations and Commemorations,Derived from LIS bill description,,,BILLS.CSV,Commending Natale Christian.,True,^\s*commending\b
HR826,Commendations and Commemorations,Derived from LIS bill description,,,BILLS.CSV,Commending Tarrick McGuire.,True,^\s*commending\b
HR827,Commendations and Commemorations,Derived from LIS bill description,,,BILLS.CSV,Commending the Hermitage Museum and Gardens.,True,^\s*commending\b
HR828,Commendations and Commemorations,Derived from LIS bill description,,,BILLS.CSV,Commending Jahmari DeLoatch.,True,^\s*commending\b
HR829,Commendations and Commemorations,Derived from LIS bill description,,,BILLS.CSV,Commending Lonnie Andrews.,True,^\s*commending\b
HR830,Commendations and Commemorations,Derived from LIS bill description,,,BILLS.CSV,Commending Brandon Nesbit.,True,^\s*commending\b
HR831,Commendations and Commemorations,Derived from LIS bill description,,,BILLS.CSV,Commending Travis Johnson.,True,^\s*commending\b
HR832,Commendations and Commemorations,Derived from LIS bill description,,,BILLS.CSV,Commending Malachi White.,True,^\s*commending\b
HR833,Commendations and Commemorations,Derived from LIS bill description,,,BILLS.CSV,Commending Dory Wilson.,True,^\s*commending\b
HR834,Commendations and Commemorations,Derived from LIS bill description,,,BILLS.CSV,Commending Jordan Rayner.,True,^\s*commending\b
HR835,Commendations and Commemorations,Derived from LIS bill description,,,BILLS.CSV,Commending Josh Sweat.,True,^\s*commending\b
HR836,Commendations and Commemorations,Derived from LIS bill description,,,BILLS.CSV,Commending Bob Adkins.,True,^\s*commending\b
HR837,Commendations and Commemorations,Derived from LIS bill description,,,BILLS.CSV,Commending Witold Brick.,True,^\s*commending\b
HR838,Commendations and Commemorations,Derived from LIS bill description,,,BILLS.CSV,Celebrating the life of William Denman Zirkle.,True,^\s*celebrating the life\b
HR839,Commendations and Commemorations,Derived from LIS bill description,,,BILLS.CSV,Commending Thelma R. Pemberton-Abbott.,True,^\s*commending\b
HR840,Commendations and Commemorations,Derived from LIS bill description,,,BILLS.CSV,Commending Henderson Motorsports.,True,^\s*commending\b
HR841,Commendations and Commemorations,Derived from LIS bill description,,,BILLS.CSV,"Commending John Garrett, M.D., FACS.",True,^\s*commending\b
HR842,Commendations and Commemorations,Derived from LIS bill description,,,BILLS.CSV,Commending the 4-H clubs and Future Farmers of America chapters in Washington County.,True,^\s*commending\b
HR842,Agriculture and Food,Derived from LIS bill description,,,BILLS.CSV,Commending the 4-H clubs and Future Farmers of America chapters in Washington County.,True,\bfarmers?\b
HR843,Commendations and Commemorations,Derived from LIS bill description,,,BILLS.CSV,"Commending Howard G. Adams, Ph.D., and Eloise Adams, Ph.D.",True,^\s*commending\b
HR844,Commendations and Commemorations,Derived from LIS bill description,,,BILLS.CSV,Commending Stephanie Roble.,True,^\s*commending\b
HR845,Commendations and Commemorations,Derived from LIS bill description,,,BILLS.CSV,"Commending the Southside Youth Football League, the Huntersville Wolverines Football and Cheer Organization, and the Park Place Kings Football and Cheer Organization.",True,^\s*commending\b
HR847,Commendations and Commemorations,Derived from LIS bill description,,,BILLS.CSV,Commending the Prince William County Community Foundation.,True,^\s*commending\b
HR848,Commendations and Commemorations,Derived from LIS bill description,,,BILLS.CSV,Celebrating the life of Carol J. Pretlow.,True,^\s*celebrating the life\b
HR849,Commendations and Commemorations,Derived from LIS bill description,,,BILLS.CSV,"Commending the Prince William County Alumnae Chapter of Delta Sigma Theta Sorority, Inc.",True,^\s*commending\b
HR850,Commendations and Commemorations,Derived from LIS bill description,,,BILLS.CSV,Commending the Forest Park High School robotics program.,True,^\s*commending\b
HR850,Education,Derived from LIS bill description,,,BILLS.CSV,Commending the Forest Park High School robotics program.,True,\bhigh school\b
HR850,Environment and Conservation,Derived from LIS bill description,,,BILLS.CSV,Commending the Forest Park High School robotics program.,True,\bforest\b
HR851,Commendations and Commemorations,Derived from LIS bill description,,,BILLS.CSV,Commending the Larchmont-Edgewater Civic League.,True,^\s*commending\b
HR852,Commendations and Commemorations,Derived from LIS bill description,,,BILLS.CSV,Commending Sarah Everhardt.,True,^\s*commending\b
HR853,Commendations and Commemorations,Derived from LIS bill description,,,BILLS.CSV,"Commending Khadijeh ""Malieh"" Aslankhani.",True,^\s*commending\b
HR854,Commendations and Commemorations,Derived from LIS bill description,,,BILLS.CSV,Commending Veronica Del Bagno.,True,^\s*commending\b
HR855,Commendations and Commemorations,Derived from LIS bill description,,,BILLS.CSV,Commending Marjorie Mayfield Jackson.,True,^\s*commending\b
HR856,Commendations and Commemorations,Derived from LIS bill description,,,BILLS.CSV,Celebrating the life of Clarice Lorine Jordan.,True,^\s*celebrating the life\b
HR857,Commendations and Commemorations,Derived from LIS bill description,,,BILLS.CSV,Commending Tarrallton Elementary School.,True,^\s*commending\b
HR857,Education,Derived from LIS bill description,,,BILLS.CSV,Commending Tarrallton Elementary School.,True,\belementary school\b
HR858,Commendations and Commemorations,Derived from LIS bill description,,,BILLS.CSV,Commending the First Landing 1607 Project.,True,^\s*commending\b
HR859,Commendations and Commemorations,Derived from LIS bill description,,,BILLS.CSV,"Commending Dr. Charles W. Sydnor, Jr.",True,^\s*commending\b
HR860,Commendations and Commemorations,Derived from LIS bill description,,,BILLS.CSV,Commending Honeysuckle Cafe.,True,^\s*commending\b
HR861,Commendations and Commemorations,Derived from LIS bill description,,,BILLS.CSV,"Commending McKinley L. Price, D.D.S.",True,^\s*commending\b
HR862,Commendations and Commemorations,Derived from LIS bill description,,,BILLS.CSV,"Celebrating the life of James Earl Carter, Jr., M.D.",True,^\s*celebrating the life\b
HR863,Commendations and Commemorations,Derived from LIS bill description,,,BILLS.CSV,Celebrating the life of Carylon Crouch Buck.,True,^\s*celebrating the life\b
HR864,Commendations and Commemorations,Derived from LIS bill description,,,BILLS.CSV,Commending Habitat for Humanity Peninsula and Greater Williamsburg.,True,^\s*commending\b
HR865,Commendations and Commemorations,Derived from LIS bill description,,,BILLS.CSV,Commending Amanda Castellucci.,True,^\s*commending\b
HR866,Commendations and Commemorations,Derived from LIS bill description,,,BILLS.CSV,Commending Keyshawn Davis.,True,^\s*commending\b
HR867,Commendations and Commemorations,Derived from LIS bill description,,,BILLS.CSV,Commending TreVeyon Henderson,True,^\s*commending\b
HR868,Commendations and Commemorations,Derived from LIS bill description,,,BILLS.CSV,"Commending Edward L. Wright, Jr.",True,^\s*commending\b
HR869,Commendations and Commemorations,Derived from LIS bill description,,,BILLS.CSV,"Commending Paul L. Wilson, Sr.",True,^\s*commending\b
HR870,Commendations and Commemorations,Derived from LIS bill description,,,BILLS.CSV,"Commending Horace S. Savage, Jr.",True,^\s*commending\b
HR871,Commendations and Commemorations,Derived from LIS bill description,,,BILLS.CSV,Commending the Woodside High School theatre program.,True,^\s*commending\b
HR871,Education,Derived from LIS bill description,,,BILLS.CSV,Commending the Woodside High School theatre program.,True,\bhigh school\b
HR872,Commendations and Commemorations,Derived from LIS bill description,,,BILLS.CSV,Commending David S. Widzer.,True,^\s*commending\b
HR873,Commendations and Commemorations,Derived from LIS bill description,,,BILLS.CSV,"Commending Liz Noto, Ph.D.",True,^\s*commending\b
HR874,Commendations and Commemorations,Derived from LIS bill description,,,BILLS.CSV,Commending Emily Burrell.,True,^\s*commending\b
HR875,Commendations and Commemorations,Derived from LIS bill description,,,BILLS.CSV,Commending the Ideaventions Academy Daedalus robotics team.,True,^\s*commending\b
HR876,Commendations and Commemorations,Derived from LIS bill description,,,BILLS.CSV,Commending Greg Duncan.,True,^\s*commending\b
HR877,Commendations and Commemorations,Derived from LIS bill description,,,BILLS.CSV,Commending Elizabeth Staton.,True,^\s*commending\b
HR878,Commendations and Commemorations,Derived from LIS bill description,,,BILLS.CSV,Commending the Bowling Park Chapter of Moms in Touch International.,True,^\s*commending\b
HR879,Commendations and Commemorations,Derived from LIS bill description,,,BILLS.CSV,Celebrating the life of Henry P. Henson.,True,^\s*celebrating the life\b
HR880,Commendations and Commemorations,Derived from LIS bill description,,,BILLS.CSV,Commending Eggleston Services.,True,^\s*commending\b
HR881,Commendations and Commemorations,Derived from LIS bill description,,,BILLS.CSV,Commending Theresa V. Jackson.,True,^\s*commending\b
HR882,Commendations and Commemorations,Derived from LIS bill description,,,BILLS.CSV,Commending James R. Tucker II.,True,^\s*commending\b
HR883,Commendations and Commemorations,Derived from LIS bill description,,,BILLS.CSV,Commending Tucker Wright.,True,^\s*commending\b
HR884,Commendations and Commemorations,Derived from LIS bill description,,,BILLS.CSV,Commending the Vietnamese American community.,True,^\s*commending\b
SB738,Education,Derived from LIS bill description,,,BILLS.CSV,Public elementary & secondary schools; student cell phone & smart device possession & use policies.,True,\bstudents?\b
SB739,Health and Healthcare,Derived from LIS bill description,,,BILLS.CSV,"Certified registered nurse anesthetists; supervision, report.",True,\bnurses?\b
SB740,Education,Derived from LIS bill description,,,BILLS.CSV,"Medicine, Board of; continuing education, unconscious bias and cultural competency.",True,\beducation\b
SB743,Health and Healthcare,Derived from LIS bill description,,,BILLS.CSV,Reproductive health care services; prohibitions on extradition for certain crimes.,True,\bhealth care\b
SB743,Criminal Justice,Derived from LIS bill description,,,BILLS.CSV,Reproductive health care services; prohibitions on extradition for certain crimes.,True,\bcrimes?\b
SB744,Firearms,Derived from LIS bill description,,,BILLS.CSV,Firearm transfers to another person from a prohibited person.,True,\bfirearms?\b
SB745,Health and Healthcare,Derived from LIS bill description,,,BILLS.CSV,Therapeutic interchange; Bd. of Pharmacy to convene work group to review authority of pharmacists.,True,\bpharmacy\b
SB745,"Study Commissions, Committees, and Reports",Derived from LIS bill description,,,BILLS.CSV,Therapeutic interchange; Bd. of Pharmacy to convene work group to review authority of pharmacists.,True,\bwork group\b
SB746,Criminal Justice,Derived from LIS bill description,,,BILLS.CSV,"Felony homicide; certain drug offenses, penalty.",True,\boffenses?\b
SB747,Marriage and Domestic Relations,Derived from LIS bill description,,,BILLS.CSV,Juvenile & domestic relations district courts; delinquent juveniles; social assessment & evaluation.,True,\bdomestic relations\b
SB749,Education,Derived from LIS bill description,,,BILLS.CSV,K-12 schools and institutions of higher education; student participation in women's sports; civil cause of action.,True,\bstudents?\b
SB749,Higher Education,Derived from LIS bill description,,,BILLS.CSV,K-12 schools and institutions of higher education; student participation in women's sports; civil cause of action.,True,\bhigher education\b
SB750,Transportation,Derived from LIS bill description,,,BILLS.CSV,"Vehicle operation; authorizing operation of motor vehicle by unlicensed minor, penalty.",True,\bmotor vehicles?\b
SB750,Family and Children,Derived from LIS bill description,,,BILLS.CSV,"Vehicle operation; authorizing operation of motor vehicle by unlicensed minor, penalty.",True,\bminors?\b
SB751,Courts and Civil Law,Derived from LIS bill description,,,BILLS.CSV,Protective orders; military protective orders.,True,\bprotective orders?\b
SB752,Education,Derived from LIS bill description,,,BILLS.CSV,"Bd. of Psychology, et al., to study education, training, etc.",True,\beducation\b
SB754,Business and Commerce,Derived from LIS bill description,,,BILLS.CSV,"Consumer Protection Act; prohibited practices, etc., reproductive or sexual health information.",True,\bconsumer protection\b
SB755,Labor and Employment,Derived from LIS bill description,,,BILLS.CSV,"School safety; employment of school security officers, criteria.",True,\bemployment\b
SB756,Education,Derived from LIS bill description,,,BILLS.CSV,"Public education; early childhood care and education, funding formula calculations, etc.",True,\beducation\b
SB758,Health and Healthcare,Derived from LIS bill description,,,BILLS.CSV,Remote monitoring services for pregnant and postpartum patients; reimbursement.,True,\bpatients?\b
SB759,Labor and Employment,Derived from LIS bill description,,,BILLS.CSV,Contracts assigning rights to earned wages; legal rate of interest.,True,\bwages?\b
SB760,Elections and Voting,Derived from LIS bill description,,,BILLS.CSV,"Elections; deadline for receipt of absentee ballots and certain other information, etc.",True,\belections?\b
SB763,Taxes and Revenue,Derived from LIS bill description,,,BILLS.CSV,Income tax deduction; tips.,True,\bincome tax\b
SB764,Elections and Voting,Derived from LIS bill description,,,BILLS.CSV,Elections; voter identification; identification containing a photograph required.,True,\belections?\b
SB765,Elections and Voting,Derived from LIS bill description,,,BILLS.CSV,Incapacitated persons; finding of lack of capacity to understand act of voting.,True,\bvoting\b
SB766,Armed Forces,Derived from LIS bill description,,,BILLS.CSV,"Museum of the Virginia National Guard; established, report.",True,\bvirginia national guard\b
SB767,Education,Derived from LIS bill description,,,BILLS.CSV,Virginia National Guard; financial assistance for tuition grants.,True,\btuition\b
SB767,Armed Forces,Derived from LIS bill description,,,BILLS.CSV,Virginia National Guard; financial assistance for tuition grants.,True,\bvirginia national guard\b
SB768,Education,Derived from LIS bill description,,,BILLS.CSV,"School-based mental and behavioral health services; DOE to survey local education agencies, report.",True,\beducation\b
SB768,Behavioral Health,Derived from LIS bill description,,,BILLS.CSV,"School-based mental and behavioral health services; DOE to survey local education agencies, report.",True,\bbehavioral health\b
SB770,Criminal Justice,Derived from LIS bill description,,,BILLS.CSV,"Correctional facilities, local, regional, and community; reviews of deaths of inmates, report.",True,\bcorrectional\b
SB772,Social Services,Derived from LIS bill description,,,BILLS.CSV,"Social Services, Department of; applications for public assistance, immigration status inquiry.",True,\bsocial services\b
SB773,Family and Children,Derived from LIS bill description,,,BILLS.CSV,"Foster care; housing services, housing plan, report.",True,\bfoster care\b
SB774,"Study Commissions, Committees, and Reports",Derived from LIS bill description,,,BILLS.CSV,Essential health benefits benchmark plan review; members of stakeholder work group.,True,\bwork group\b
SB775,Criminal Justice,Derived from LIS bill description,,,BILLS.CSV,"Election offenses; dissemination of artificial audio or artificial visual media, etc., penalty.",True,\boffenses?\b
SB775,Elections and Voting,Derived from LIS bill description,,,BILLS.CSV,"Election offenses; dissemination of artificial audio or artificial visual media, etc., penalty.",True,\belections?\b
SB776,Transportation,Derived from LIS bill description,,,BILLS.CSV,"Law-enforcement officers, state and local; enforcement of federal traffic violations in Northern Va.",True,\btraffic\b
SB776,Public Safety,Derived from LIS bill description,,,BILLS.CSV,"Law-enforcement officers, state and local; enforcement of federal traffic violations in Northern Va.",True,\blaw-enforcement officers?\b
SB777,Energy and Utilities,Derived from LIS bill description,,,BILLS.CSV,"Income-Qualified Energy Efficiency and Weatherization Task Force; established, definitions, report.",True,\benergy\b
SB777,"Study Commissions, Committees, and Reports",Derived from LIS bill description,,,BILLS.CSV,"Income-Qualified Energy Efficiency and Weatherization Task Force; established, definitions, report.",True,\btask force\b
SB779,Transportation,Derived from LIS bill description,,,BILLS.CSV,"Railroad safety; minimum train crew used in movement of freight, civil penalties.",True,\brailroads?\b
SB780,Insurance,Derived from LIS bill description,,,BILLS.CSV,Health insurance; coverage for contraceptive drugs and devices.,True,\bhealth insurance\b
SB781,Public Safety,Derived from LIS bill description,,,BILLS.CSV,Retired or former law-enforcement officers; publication of personal information.,True,\blaw-enforcement officers?\b
SB782,Taxes and Revenue,Derived from LIS bill description,,,BILLS.CSV,"Income tax, state; deductions and earned income tax credit, removes sunset.",True,\bincome tax\b
SB783,Family and Children,Derived from LIS bill description,,,BILLS.CSV,Consumer Data Protection Act; protections for children.,True,\bchildren\b
SB784,Education,Derived from LIS bill description,,,BILLS.CSV,"Public school accountability system; Three ""E"" Readiness Framework.",True,\bpublic schools?\b
SB788,Labor and Employment,Derived from LIS bill description,,,BILLS.CSV,Workers' compensation; injuries caused by repetitive and sustained physical stressors.,True,\bworkers'? compensation\b
SB789,Taxes and Revenue,Derived from LIS bill description,,,BILLS.CSV,Newborn and stillborn tax credit; establishes a refundable income tax credit.,True,\bincome tax\b
SB790,Behavioral Health,Derived from LIS bill description,,,BILLS.CSV,Opioid antagonists; dispensing and administration by person acting on behalf of an organization.,True,\bopioids?\b
SB791,Health and Healthcare,Derived from LIS bill description,,,BILLS.CSV,"Practical nursing programs; common curriculum, transferability to registered nursing programs.",True,\bnursing\b
SB795,Transportation,Derived from LIS bill description,,,BILLS.CSV,"Virginia Museum of Transportation; established, report.",True,\btransportation\b
SB798,Business and Commerce,Derived from LIS bill description,,,BILLS.CSV,"Retail franchise agreements; governing law, competition restrictions.",True,\bfranchise agreements?\b
SB800,Budget and Appropriations,Derived from LIS bill description,,,BILLS.CSV,Budget Bill.,True,\bbudget bill\b
SB801,Family and Children,Derived from LIS bill description,,,BILLS.CSV,Children's Services Act; changes to state pool of funds.,True,\bchildren\b
SB802,Criminal Justice,Derived from LIS bill description,,,BILLS.CSV,Illegal drugs; venue for certain distribution offenses.,True,\boffenses?\b
SB803,Labor and Employment,Derived from LIS bill description,,,BILLS.CSV,Workers' compensation; injuries caused by repetitive and sustained physical stressors.,True,\bworkers'? compensation\b
SB804,Criminal Justice,Derived from LIS bill description,,,BILLS.CSV,Limitation on prosecution of felony due to lapse of time after finding of probable cause; exception.,True,\bfelony\b
SB805,Family and Children,Derived from LIS bill description,,,BILLS.CSV,Child support; updates amounts in the schedule of basic support obligations.,True,\bchild support\b
SB806,Environment and Conservation,Derived from LIS bill description,,,BILLS.CSV,State Air Pollution Control Board; regulations; low-emissions and zero-emissions vehicle standards.,True,\bpollution\b
SB808,Property and Conveyances,Derived from LIS bill description,,,BILLS.CSV,"Resale Disclosure Act; resale certificate, responsibility for payment of insurance deductible.",True,\bresale disclosure act\b
SB809,Local Government,Derived from LIS bill description,,,BILLS.CSV,"Fire Programs Fund; aid to localities, requirement for emergency incidents reporting.",True,\blocalit
SB810,Taxes and Revenue,Derived from LIS bill description,,,BILLS.CSV,"Income tax, state; eligible low-income taxpayers to claim a refundable income tax credit.",True,\bincome tax\b
SB811,Alcoholic Beverage and Cannabis Control,Derived from LIS bill description,,,BILLS.CSV,Alcoholic beverage control; delivery of mixed beverages.,True,\balcoholic beverage control\b
SB812,Housing,Derived from LIS bill description,,,BILLS.CSV,"Virginia Residential Landlord & Tenant Act; landlord remedies, noncompliance with rental agreement.",True,\bresidential landlord\b
SB813,Elections and Voting,Derived from LIS bill description,,,BILLS.CSV,Voter registration; regular periodic review of registration records.,True,\bvoters?\b
SB814,Elections and Voting,Derived from LIS bill description,,,BILLS.CSV,Election of certain governing bodies; conversion to single-member districts.,True,\belections?\b
SB815,Housing,Derived from LIS bill description,,,BILLS.CSV,"Virginia Residential Landlord and Tenant Act; adverse action by landlord, tenant remedies.",True,\bresidential landlord\b
SB816,Taxes and Revenue,Derived from LIS bill description,,,BILLS.CSV,Real property tax; exemption for elderly and disabled individuals.,True,\bproperty tax\b
SB818,Family and Children,Derived from LIS bill description,,,BILLS.CSV,"Children in foster care; federal benefits, written notice by certified mail, notice of eligibility.",True,\bfoster care\b
SB821,Health and Healthcare,Derived from LIS bill description,,,BILLS.CSV,Nursing facilities; use of electronic monitoring devices in resident rooms.,True,\bnursing\b
SB822,Education,Derived from LIS bill description,,,BILLS.CSV,"Public elementary and secondary school teachers; non-academic training activities, requirements.",True,\bsecondary school\b
SB823,Energy and Utilities,Derived from LIS bill description,,,BILLS.CSV,Electric utilities; construction of renewable energy facilities.,True,\belectric utilit
SB827,Technology and Data,Derived from LIS bill description,,,BILLS.CSV,"Virginia Lottery; Internet gaming authorized, penalties.",True,\binternet\b
SB828,Taxes and Revenue,Derived from LIS bill description,,,BILLS.CSV,"Income tax, state; housing opportunity tax credit, sunset extended.",True,\bincome tax\b
SB829,Education,Derived from LIS bill description,,,BILLS.CSV,"Professionally Licensed Teacher Supplemental Pay Program; established, report.",True,\bteachers?\b
SB830,Housing,Derived from LIS bill description,,,BILLS.CSV,"Eviction Diversion Pilot Program; name change, expiration repealed.",True,\beviction\b
SB834,Alcoholic Beverage and Cannabis Control,Derived from LIS bill description,,,BILLS.CSV,Alcoholic beverage control; tied house exceptions.,True,\balcoholic beverage control\b
SB836,Local Government,Derived from LIS bill description,,,BILLS.CSV,"Poquoson, City of; amending charter, powers of city council.",True,\bamending (?:the )?charter\b
SB837,Firearms,Derived from LIS bill description,,,BILLS.CSV,Concealed handgun permits; minimum age requirement.,True,\bhandguns?\b
SB839,Business and Commerce,Derived from LIS bill description,,,BILLS.CSV,Zoning; by-right multifamily development in areas zoned for commercial use.,True,\bcommercial\b
SB840,Labor and Employment,Derived from LIS bill description,,,BILLS.CSV,"Child labor; child engaged in the work of content creation, trust account.",True,\blabor\b
SB841,Behavioral Health,Derived from LIS bill description,,,BILLS.CSV,"Opioid treatment programs; dispensing, medications from mobile units.",True,\bopioids?\b
SB843,Health and Healthcare,Derived from LIS bill description,,,BILLS.CSV,"Remote patient monitoring patients with chronic conditions, report.",True,\bpatients?\b
SB844,Criminal Justice,Derived from LIS bill description,,,BILLS.CSV,Sex Offender & Crimes Against Minors Registry; registration intervals for Tier I &Tier II offenses.,True,\bcrimes?\b
SB844,Family and Children,Derived from LIS bill description,,,BILLS.CSV,Sex Offender & Crimes Against Minors Registry; registration intervals for Tier I &Tier II offenses.,True,\bminors?\b
SB845,Taxes and Revenue,Derived from LIS bill description,,,BILLS.CSV,Virginia taxable income; standard deduction; sunset.,True,\btaxable\b
SB846,Family and Children,Derived from LIS bill description,,,BILLS.CSV,Minor's records; access to records stored or accessible from a secure website.,True,\bminors?\b
SB847,Transportation,Derived from LIS bill description,,,BILLS.CSV,Reckless driving; improper driving as a lesser included offense.,True,\bdriving\b
SB847,Criminal Justice,Derived from LIS bill description,,,BILLS.CSV,Reckless driving; improper driving as a lesser included offense.,True,\boffenses?\b
SB848,Firearms,Derived from LIS bill description,,,BILLS.CSV,"Firearms, certain; age requirement for purchase, penalty.",True,\bfirearms?\b
SB849,Firearms,Derived from LIS bill description,,,BILLS.CSV,Nonresident concealed handgun permits; time limit for issuance.,True,\bhandguns?\b
SB853,Labor and Employment,Derived from LIS bill description,,,BILLS.CSV,"Prevailing wage rate; apprenticeship requirements, RPS-eligible source work, penalties.",True,\bwages?\b
SB854,Family and Children,Derived from LIS bill description,,,BILLS.CSV,"Consumer Data Protection Act; social media platforms, addictive feed prohibited for minors.",True,\bminors?\b
SB855,Education,Derived from LIS bill description,,,BILLS.CSV,"SOL assessments & related student assessment methods; assessment development, etc., reform.",True,\bstudents?\b
SB856,Elections and Voting,Derived from LIS bill description,,,BILLS.CSV,Absentee voting in person; available beginning 14 days prior to election.,True,\belections?\b
SB858,Transportation,Derived from LIS bill description,,,BILLS.CSV,"License plates, special; issuance for supporters of the Shenandoah Apple Blossom Festival.",True,\blicense plates?\b
SB859,Education,Derived from LIS bill description,,,BILLS.CSV,School boards; policies relating to volunteer student life counseling and support services.,True,\bschool boards?\b
SB860,Labor and Employment,Derived from LIS bill description,,,BILLS.CSV,Workers' compensation benefits; disorders induced by law-enforcement officers and firefighters.,True,\bworkers'? compensation\b
SB860,Public Safety,Derived from LIS bill description,,,BILLS.CSV,Workers' compensation benefits; disorders induced by law-enforcement officers and firefighters.,True,\blaw-enforcement officers?\b
SB864,"Gambling, Lotteries, Etc.",Derived from LIS bill description,,,BILLS.CSV,Horse racing and pari-mutuel wagering; amends definition of breakage.,True,\bhorse racing\b
SB865,Taxes and Revenue,Derived from LIS bill description,,,BILLS.CSV,"Income tax, state; subtractions of military benefits.",True,\bincome tax\b
SB867,Property and Conveyances,Derived from LIS bill description,,,BILLS.CSV,Virginia Disposition of Unclaimed Property Act; administrator to exercise due diligence to locate owner.,True,\bunclaimed property\b
SB870,Health and Healthcare,Derived from LIS bill description,,,BILLS.CSV,"Behavioral health services; correctional facilities, exchange of medical/mental health information.",True,\bmedical\b
SB870,Behavioral Health,Derived from LIS bill description,,,BILLS.CSV,"Behavioral health services; correctional facilities, exchange of medical/mental health information.",True,\bmental health\b
SB870,Criminal Justice,Derived from LIS bill description,,,BILLS.CSV,"Behavioral health services; correctional facilities, exchange of medical/mental health information.",True,\bcorrectional\b
SB871,Taxes and Revenue,Derived from LIS bill description,,,BILLS.CSV,"Retail Sales and Use Tax; media-related exemptions, sunset.",True,\bsales and use tax\b
SB873,Local Government,Derived from LIS bill description,,,BILLS.CSV,"Richlands, Town of; amending charter, relates to ordinance.",True,\bamending (?:the )?charter\b
SB874,Taxes and Revenue,Derived from LIS bill description,,,BILLS.CSV,Local sales and use tax; Pulaski County authorized to levy additional taxes for school projects.,True,\bsales and use tax\b
SB875,Health and Healthcare,Derived from LIS bill description,,,BILLS.CSV,State pharmacy benefits manager; DMAS to select & contract with a third-party administrator to serve,True,\bpharmacy\b
SB879,Education,Derived from LIS bill description,,,BILLS.CSV,"Teachers; career and technical education, alternative pathway to provisional licensure.",True,\bteachers?\b
SB880,Firearms,Derived from LIS bill description,,,BILLS.CSV,"Assault firearms; carrying in public areas prohibited, penalty.",True,\bfirearms?\b
SB881,Firearms,Derived from LIS bill description,,,BILLS.CSV,"Plastic firearms or receivers, unserialized firearms, etc.; transfer, etc., prohibited, penalties.",True,\bfirearms?\b
SB883,Firearms,Derived from LIS bill description,,,BILLS.CSV,"Firearms; purchase, etc., assault and battery of family member or intimate partner, penalties.",True,\bfirearms?\b
SB884,Housing,Derived from LIS bill description,,,BILLS.CSV,Virginia Residential Landlord and Tenant Act; early termination of rental agreement.,True,\bresidential landlord\b
SB885,Behavioral Health,Derived from LIS bill description,,,BILLS.CSV,Office of the State Inspector General; behavioral health and developmental services; required reports.,True,\bbehavioral health\b
SB889,"Gambling, Lotteries, Etc.",Derived from LIS bill description,,,BILLS.CSV,Pari-mutuel wagering; historical horse racing; percentage retained for distribution.,True,\bhorse racing\b
SB890,Agriculture and Food,Derived from LIS bill description,,,BILLS.CSV,Agricultural commodity boards; Agricultural Council; appointment and membership terms; production areas.,True,\bagricultur
SB891,Firearms,Derived from LIS bill description,,,BILLS.CSV,"Firearms; five day waiting period, penalty.",True,\bfirearms?\b
SB892,Health and Healthcare,Derived from LIS bill description,,,BILLS.CSV,"Medical malpractice; certification of expert witness, written opinion.",True,\bmedical\b
SB893,Energy and Utilities,Derived from LIS bill description,,,BILLS.CSV,"Renewable energy portfolio standard program; geothermal heating and cooling systems, report.",True,\benergy\b
SB894,Labor and Employment,Derived from LIS bill description,,,BILLS.CSV,Personal injury or death by wrongful act; liability of employer to vulnerable victims.,True,\bemployers?\b
SB894,Courts and Civil Law,Derived from LIS bill description,,,BILLS.CSV,Personal injury or death by wrongful act; liability of employer to vulnerable victims.,True,\bliability\b
SB895,Taxes and Revenue,Derived from LIS bill description,,,BILLS.CSV,Real property tax; surviving spouses of members of armed forces who died in line of duty.,True,\bproperty tax\b
SB895,Armed Forces,Derived from LIS bill description,,,BILLS.CSV,Real property tax; surviving spouses of members of armed forces who died in line of duty.,True,\bmembers? of (?:the )?armed forces\b
SB896,Criminal Justice,Derived from LIS bill description,,,BILLS.CSV,Court of Appeals; procedure on appeal; criminal cases.,True,\bcriminal\b
SB896,Courts and Civil Law,Derived from LIS bill description,,,BILLS.CSV,Court of Appeals; procedure on appeal; criminal cases.,True,\bcourt of appeals\b
SB897,Labor and Employment,Derived from LIS bill description,,,BILLS.CSV,"Overtime for certain employees; domestic service workers/live-in domestic workers, effective clause.",True,\bemployees?\b
SB898,Education,Derived from LIS bill description,,,BILLS.CSV,"Teachers; employment and licensure, locally awarded subject matter expert teaching credentials.",True,\bteachers?\b
SB898,Labor and Employment,Derived from LIS bill description,,,BILLS.CSV,"Teachers; employment and licensure, locally awarded subject matter expert teaching credentials.",True,\bemployment\b
SB899,Local Government,Derived from LIS bill description,,,BILLS.CSV,High electric demand facility; locality may include in its zoning ordinance water use estimate.,True,\blocalit
SB900,Taxes and Revenue,Derived from LIS bill description,,,BILLS.CSV,Real property tax; exemption surviving spouses of members of armed forces who died in line of duty.,True,\bproperty tax\b
SB900,Armed Forces,Derived from LIS bill description,,,BILLS.CSV,Real property tax; exemption surviving spouses of members of armed forces who died in line of duty.,True,\bmembers? of (?:the )?armed forces\b
SB902,Energy and Utilities,Derived from LIS bill description,,,BILLS.CSV,"Electric utilities; renewable portfolio standard program, deficiency payments.",True,\belectric utilit
SB903,Business and Commerce,Derived from LIS bill description,,,BILLS.CSV,"Dogs; sale and procurement by pet shops, pet shop regulations.",True,\bprocurement\b
SB904,Health and Healthcare,Derived from LIS bill description,,,BILLS.CSV,Medical malpractice; limitation on recovery; certain actions.,True,\bmedical\b
SB905,Education,Derived from LIS bill description,,,BILLS.CSV,"Internet Safety Advisory Council; established, Internet safety education program.",True,\beducation\b
SB905,Technology and Data,Derived from LIS bill description,,,BILLS.CSV,"Internet Safety Advisory Council; established, Internet safety education program.",True,\binternet\b
SB908,Education,Derived from LIS bill description,,,BILLS.CSV,"Public schools; student discipline and codes of conduct, etc.",True,\bpublic schools?\b
SB913,Labor and Employment,Derived from LIS bill description,,,BILLS.CSV,"Virginia Public Procurement Act; procurement of imported goods, forced and child labor prohibition.",True,\blabor\b
SB913,Business and Commerce,Derived from LIS bill description,,,BILLS.CSV,"Virginia Public Procurement Act; procurement of imported goods, forced and child labor prohibition.",True,\bprocurement\b
SB914,Criminal Justice,Derived from LIS bill description,,,BILLS.CSV,"Sexual assault of a child; mandatory minimum sentence, penalty.",True,\bsentenc
SB915,Education,Derived from LIS bill description,,,BILLS.CSV,"School boards; private higher educational institutions, industry and trade dual-enrollment.",True,\bschool boards?\b
SB917,Labor and Employment,Derived from LIS bill description,,,BILLS.CSV,Collective bargaining by public employees; exclusive bargaining representatives.,True,\bemployees?\b
SB918,Transportation,Derived from LIS bill description,,,BILLS.CSV,"Driving under the influence; driving or operating a motor vehicle, etc., while intoxicated.",True,\bmotor vehicles?\b
SB919,Labor and Employment,Derived from LIS bill description,,,BILLS.CSV,Private companies providing public transportation services; employee protections.,True,\bemployees?\b
SB919,Transportation,Derived from LIS bill description,,,BILLS.CSV,Private companies providing public transportation services; employee protections.,True,\btransportation\b
SB920,Labor and Employment,Derived from LIS bill description,,,BILLS.CSV,Workers' compensation; presumption as to death or disability from throat cancer.,True,\bworkers'? compensation\b
SB922,Property and Conveyances,Derived from LIS bill description,,,BILLS.CSV,Claims to unclaimed property; authority of administrator.,True,\bunclaimed property\b
SB925,Insurance,Derived from LIS bill description,,,BILLS.CSV,"Health insurance; carrier business practices, method of payment for claims.",True,\bhealth insurance\b
SB926,Public Safety,Derived from LIS bill description,,,BILLS.CSV,Assault and battery; adds officers of Va. Marine Police to definition of law-enforcement officer.,True,\blaw-enforcement officers?\b
SB927,Economic Development,Derived from LIS bill description,,,BILLS.CSV,"Virginia Sports Tourism Grant Program; established, report.",True,\bsports tourism grant program\b
SB928,Environment and Conservation,Derived from LIS bill description,,,BILLS.CSV,State Police Officers' Retirement System; membership for Department of Wildlife Resources conservation police officers.,True,\bconservation\b
SB930,Environment and Conservation,Derived from LIS bill description,,,BILLS.CSV,Aquatic fauna/water quality in Chesapeake Bay & its major tributaries; surface water intakes.,True,\bwater quality\b
SB934,Public Safety,Derived from LIS bill description,,,BILLS.CSV,Unclaimed property presumed abandoned; Vol. Firefighters'/Rescue Squad Workers' Service Award Fund.,True,\bfirefighters?\b
SB934,Property and Conveyances,Derived from LIS bill description,,,BILLS.CSV,Unclaimed property presumed abandoned; Vol. Firefighters'/Rescue Squad Workers' Service Award Fund.,True,\bunclaimed property\b
SB935,Elections and Voting,Derived from LIS bill description,,,BILLS.CSV,"Chesapeake, City of; amending charter, dates of elections, etc.",True,\belections?\b
SB935,Local Government,Derived from LIS bill description,,,BILLS.CSV,"Chesapeake, City of; amending charter, dates of elections, etc.",True,\bamending (?:the )?charter\b
SB936,Criminal Justice,Derived from LIS bill description,,,BILLS.CSV,"Decreasing probation period; criteria for mandatory reduction, effective clause, report.",True,\bprobation\b
SB938,Criminal Justice,Derived from LIS bill description,,,BILLS.CSV,Firearms-related offenses; mandatory minimum sentence; penalty.,True,\boffenses?\b
SB938,Firearms,Derived from LIS bill description,,,BILLS.CSV,Firearms-related offenses; mandatory minimum sentence; penalty.,True,\bfirearms?\b
SB940,Elections and Voting,Derived from LIS bill description,,,BILLS.CSV,"Elections; candidates for office, challenges to candidate qualifications.",True,\belections?\b
SB941,Firearms,Derived from LIS bill description,,,BILLS.CSV,"Robbery; use of air or gas operated weapon, etc., penalty.",True,\bweapons?\b
SB942,Taxes and Revenue,Derived from LIS bill description,,,BILLS.CSV,"Sales and use tax; exemption for aircraft components, extends sunset.",True,\bsales and use tax\b
SB943,Labor and Employment,Derived from LIS bill description,,,BILLS.CSV,"Income tax, state; subtraction for retirement income of certain federal employees.",True,\bemployees?\b
SB943,Taxes and Revenue,Derived from LIS bill description,,,BILLS.CSV,"Income tax, state; subtraction for retirement income of certain federal employees.",True,\bincome tax\b
SB945,Elections and Voting,Derived from LIS bill description,,,BILLS.CSV,Campaign finance; appeal of penalties.,True,\bcampaign finance\b
SB946,Public Safety,Derived from LIS bill description,,,BILLS.CSV,Assault and battery; adds officers of Va. Marine Police to definition of law-enforcement officer.,True,\blaw-enforcement officers?\b
SB947,Transportation,Derived from LIS bill description,,,BILLS.CSV,"Issuing citations; certain traffic offenses and odor of marijuana, exclusion of evidence.",True,\btraffic\b
SB947,Criminal Justice,Derived from LIS bill description,,,BILLS.CSV,"Issuing citations; certain traffic offenses and odor of marijuana, exclusion of evidence.",True,\boffenses?\b
SB949,Indian Tribes,Derived from LIS bill description,,,BILLS.CSV,"American Indians, Va. recognized tribes, and federally recognized tribes; definitions, sovereignty.",True,\bfederally recognized tribes?\b
SB950,"Pensions, Benefits, and Retirement",Derived from LIS bill description,,,BILLS.CSV,Virginia Retirement System; increased retirement allowance for certain judges.,True,\bvirginia retirement system\b
SB951,Taxes and Revenue,Derived from LIS bill description,,,BILLS.CSV,"Income tax, state; removes certain sunsets for standard deduction, etc.",True,\bincome tax\b
SB952,Public Safety,Derived from LIS bill description,,,BILLS.CSV,Fleeing from a law-enforcement officer; penalty.,True,\blaw-enforcement officers?\b
SB953,Health and Healthcare,Derived from LIS bill description,,,BILLS.CSV,"Practical nursing programs, certain; transferability to registered nursing programs, etc.",True,\bnursing\b
SB954,Health and Healthcare,Derived from LIS bill description,,,BILLS.CSV,Fertility preservation treatments; state plan for medical assistance services.,True,\bmedical\b
SB956,Criminal Justice,Derived from LIS bill description,,,BILLS.CSV,VSP Central Criminal Records Exchange; removal and repeal of certain reporting requirements.,True,\bcriminal\b
SB957,Courts and Civil Law,Derived from LIS bill description,,,BILLS.CSV,Protective orders; military protective orders.,True,\bprotective orders?\b
SB958,Environment and Conservation,Derived from LIS bill description,,,BILLS.CSV,"Virginia Water Quality Improvement Fund; establishing a reserve fund within Fund, etc.",True,\bwater quality\b
SB960,Energy and Utilities,Derived from LIS bill description,,,BILLS.CSV,Electric utilities; data center cost allocation.,True,\belectric utilit
SB960,Data Centers,Derived from LIS bill description,,,BILLS.CSV,Electric utilities; data center cost allocation.,True,\bdata centers?\b
SB961,Education,Derived from LIS bill description,,,BILLS.CSV,"Virginia Military Survivors and Dependents Education Program; annual report on eligibility, etc.",True,\beducation\b
SB962,Business and Commerce,Derived from LIS bill description,,,BILLS.CSV,Va. Public Procurement Act; additional public works contract requirements.,True,\bprocurement\b
SB963,Criminal Justice,Derived from LIS bill description,,,BILLS.CSV,Discovery materials or evidence; allows accused to request the Commonwealth to copy or photograph.,True,\baccused\b
SB966,Criminal Justice,Derived from LIS bill description,,,BILLS.CSV,Virginia Criminal Sentencing Commission; increase membership.,True,\bcriminal\b
SB967,Labor and Employment,Derived from LIS bill description,,,BILLS.CSV,Minimum wage and overtime pay; warehouse distribution center employees and employers.,True,\bemployers?\b
SB968,Education,Derived from LIS bill description,,,BILLS.CSV,"School boards; support services personnel, annual collection of certain staffing data required.",True,\bschool boards?\b
SB971,Labor and Employment,Derived from LIS bill description,,,BILLS.CSV,"Income tax, state; creates second-chance employment tax credit.",True,\bemployment\b
SB971,Taxes and Revenue,Derived from LIS bill description,,,BILLS.CSV,"Income tax, state; creates second-chance employment tax credit.",True,\bincome tax\b
SB975,Housing,Derived from LIS bill description,,,BILLS.CSV,Statewide housing targets; requires localities to increase their total housing stock.,True,\bhousing targets\b
SB975,Local Government,Derived from LIS bill description,,,BILLS.CSV,Statewide housing targets; requires localities to increase their total housing stock.,True,\blocalit
SB976,Data Centers,Derived from LIS bill description,,,BILLS.CSV,Cloud Computing Cluster Infrastructure Grant Fund; performance agreement.,True,\bcloud computing cluster infrastructure\b
SB979,Education,Derived from LIS bill description,,,BILLS.CSV,Public schools; delayed implementation and review of revised public school accountability system.,True,\bpublic schools?\b
SB982,Local Government,Derived from LIS bill description,,,BILLS.CSV,Casino gaming; eligible host localities.,True,\blocalit
SB983,Taxes and Revenue,Derived from LIS bill description,,,BILLS.CSV,Retail Sales and Use Tax; dealer discount.,True,\bsales and use tax\b
SB985,Criminal Justice,Derived from LIS bill description,,,BILLS.CSV,Short-term rental properties; human trafficking awareness training.,True,\bhuman trafficking\b
SB986,Criminal Justice,Derived from LIS bill description,,,BILLS.CSV,Assault and battery; Class 1 misdemeanor against sports official.,True,\bmisdemeanor\b
SB988,Elections and Voting,Derived from LIS bill description,,,BILLS.CSV,"Elections; prohibited area, within 40 feet of the curbside voting area.",True,\belections?\b
SB991,Elections and Voting,Derived from LIS bill description,,,BILLS.CSV,Voter registration; time period for closing registration records before certain elections.,True,\belections?\b
SB994,Elections and Voting,Derived from LIS bill description,,,BILLS.CSV,Elections; prohibited area within 100 feet.,True,\belections?\b
SB995,"Study Commissions, Committees, and Reports",Derived from LIS bill description,,,BILLS.CSV,Department of Housing and Community Development; Task Force on Property Appraisal and Valuation Equity.,True,\btask force\b
SB996,Property and Conveyances,Derived from LIS bill description,,,BILLS.CSV,Claims to unclaimed property; authority of administrator.,True,\bunclaimed property\b
SB998,Labor and Employment,Derived from LIS bill description,,,BILLS.CSV,"Child labor; child engaged in the work of content creation, trust account.",True,\blabor\b
SB1176,Local Government,Derived from LIS bill description,,,BILLS.CSV,"Roanoke, City of; amending charter, appointment of director of real estate valuation.",True,\bamending (?:the )?charter\b
SB1444,Local Government,Derived from LIS bill description,,,BILLS.CSV,"Manassas Park, City of; amending charter, city powers, etc.",True,\bamending (?:the )?charter\b
SJ247,Constitutional Amendments,Derived from LIS bill description,,,BILLS.CSV,Constitutional amendment; fundamental right to reproductive freedom (first reference).,True,\bconstitutional amendment\b
SJ248,Elections and Voting,Derived from LIS bill description,,,BILLS.CSV,Constitutional amendment (first reference); qualifications of voters; right to vote; persons not entitled to vote.,True,\bvoters?\b
SJ248,Constitutional Amendments,Derived from LIS bill description,,,BILLS.CSV,Constitutional amendment (first reference); qualifications of voters; right to vote; persons not entitled to vote.,True,\bconstitutional amendment\b
SJ249,Marriage and Domestic Relations,Derived from LIS bill description,,,BILLS.CSV,Constitutional amendment; marriage between two adult persons.,True,\bmarriage\b
SJ249,Constitutional Amendments,Derived from LIS bill description,,,BILLS.CSV,Constitutional amendment; marriage between two adult persons.,True,\bconstitutional amendment\b
SJ251,Education,Derived from LIS bill description,,,BILLS.CSV,"Public school libraries; removal of certain books, report.",True,\bpublic schools?\b
SJ252,Transportation,Derived from LIS bill description,,,BILLS.CSV,Virginia State Route 55; Department of Transportation to study traffic congestion reduction.,True,\bdepartment of transportation\b
SJ253,Elections and Voting,Derived from LIS bill description,,,BILLS.CSV,General elections; joint subcommittee to study consolidation and scheduling.,True,\belections?\b
SJ255,Elections and Voting,Derived from LIS bill description,,,BILLS.CSV,Virginia's campaign finance laws; Joint Legislative Audit and Review Commission to study.,True,\bcampaign finance\b
SJ256,Commendations and Commemorations,Derived from LIS bill description,,,BILLS.CSV,Commending the Rappahannock High School baseball team.,True,^\s*commending\b
SJ256,Education,Derived from LIS bill description,,,BILLS.CSV,Commending the Rappahannock High School baseball team.,True,\bhigh school\b
SJ257,Commendations and Commemorations,Derived from LIS bill description,,,BILLS.CSV,Celebrating the life of Dorothy Belle Scates Langmack.,True,^\s*celebrating the life\b
SJ260,Transportation,Derived from LIS bill description,,,BILLS.CSV,Transportation infrastructure; JLARC to study Department of Transportation's policies and funding.,True,\bdepartment of transportation\b
SJ261,Education,Derived from LIS bill description,,,BILLS.CSV,Specialized Education School Week; designating as first week of Oct. 2025 & each succeeding year.,True,\beducation\b
SJ265,Commendations and Commemorations,Derived from LIS bill description,,,BILLS.CSV,Celebrating the life of John Andrew Brown.,True,^\s*celebrating the life\b
SJ266,Commendations and Commemorations,Derived from LIS bill description,,,BILLS.CSV,Commending Debbie Rountree.,True,^\s*commending\b
SJ267,Commendations and Commemorations,Derived from LIS bill description,,,BILLS.CSV,Commending the National Conference of State Legislatures.,True,^\s*commending\b
SJ268,Commendations and Commemorations,Derived from LIS bill description,,,BILLS.CSV,"Celebrating the life of Captain Jerome A. Sheppard, USAF, Ret.",True,^\s*celebrating the life\b
SJ270,Constitutional Amendments,Derived from LIS bill description,,,BILLS.CSV,Constitutional amendment; term limits for Lieutenant Governor & Attorney General (first reference).,True,\bconstitutional amendment\b
SJ271,Constitutional Amendments,Derived from LIS bill description,,,BILLS.CSV,Constitutional amendment (first reference); right to work.,True,\bconstitutional amendment\b
SJ272,Commendations and Commemorations,Derived from LIS bill description,,,BILLS.CSV,Commending Anne Cochrane Pace.,True,^\s*commending\b
SJ274,State Government,Derived from LIS bill description,,,BILLS.CSV,Confirming Governor's appointments; October 1.,True,\bconfirming governor'?s appointments\b
SJ275,State Government,Derived from LIS bill description,,,BILLS.CSV,Confirming Governor's appointments; August 1.,True,\bconfirming governor'?s appointments\b
SJ276,State Government,Derived from LIS bill description,,,BILLS.CSV,Confirming Governor's appointments; January 10.,True,\bconfirming governor'?s appointments\b
SJ277,Commendations and Commemorations,Derived from LIS bill description,,,BILLS.CSV,Commending Lawrence Douglas Wilder.,True,^\s*commending\b
SJ279,Commendations and Commemorations,Derived from LIS bill description,,,BILLS.CSV,Commending the Reverend Dr. Kirkland R. Walton.,True,^\s*commending\b
SJ280,Commendations and Commemorations,Derived from LIS bill description,,,BILLS.CSV,Commending the 2025 House-Senate basketball game to benefit Massey Cancer Center.,True,^\s*commending\b
SJ281,Commendations and Commemorations,Derived from LIS bill description,,,BILLS.CSV,Commending the Honorable G. Glenn Oder.,True,^\s*commending\b
SJ282,Commendations and Commemorations,Derived from LIS bill description,,,BILLS.CSV,"Commending Leo C. Bowers, M.D.",True,^\s*commending\b
SJ283,Commendations and Commemorations,Derived from LIS bill description,,,BILLS.CSV,Commending Ross A. Mugler.,True,^\s*commending\b
SJ286,State Government,Derived from LIS bill description,,,BILLS.CSV,Confirming Governors appointments; December 1.,True,\bconfirming governor'?s appointments\b
SJ287,Commendations and Commemorations,Derived from LIS bill description,,,BILLS.CSV,Commending Shrine Mont.,True,^\s*commending\b
SJ288,Commendations and Commemorations,Derived from LIS bill description,,,BILLS.CSV,"Commending Jon R. Stehle, Jr.",True,^\s*commending\b
SJ289,Commendations and Commemorations,Derived from LIS bill description,,,BILLS.CSV,Commending So Lim.,True,^\s*commending\b
SJ290,Commendations and Commemorations,Derived from LIS bill description,,,BILLS.CSV,Commending D. Thomas Ross.,True,^\s*commending\b
SJ291,Commendations and Commemorations,Derived from LIS bill description,,,BILLS.CSV,Commending Jeffrey C. Greenfield.,True,^\s*commending\b
SJ292,Commendations and Commemorations,Derived from LIS bill description,,,BILLS.CSV,Commending Kate G. Doyle Feingold.,True,^\s*commending\b
SJ293,Criminal Justice,Derived from LIS bill description,,,BILLS.CSV,Criminal Sentencing Commission; confirms appt. by the Chief Justice of Supreme Court of Chairman.,True,\bcriminal\b
SJ294,Commendations and Commemorations,Derived from LIS bill description,,,BILLS.CSV,Commending Children's Home Society of Virginia.,True,^\s*commending\b
SJ294,Family and Children,Derived from LIS bill description,,,BILLS.CSV,Commending Children's Home Society of Virginia.,True,\bchildren\b
SJ295,Commendations and Commemorations,Derived from LIS bill description,,,BILLS.CSV,Commending M'lissa Dunn.,True,^\s*commending\b
SJ296,Commendations and Commemorations,Derived from LIS bill description,,,BILLS.CSV,Commending Ronald G. Montgomery.,True,^\s*commending\b
SJ297,Commendations and Commemorations,Derived from LIS bill description,,,BILLS.CSV,Commending the Rotary Club of Woodstock.,True,^\s*commending\b
SJ298,Commendations and Commemorations,Derived from LIS bill description,,,BILLS.CSV,Commending Peace Camp at the Unitarian Universalist Church of Arlington.,True,^\s*commending\b
SJ299,Commendations and Commemorations,Derived from LIS bill description,,,BILLS.CSV,Commending PathForward.,True,^\s*commending\b
SJ300,Commendations and Commemorations,Derived from LIS bill description,,,BILLS.CSV,Commending Fairfax Court Appointed Special Advocates.,True,^\s*commending\b
SJ301,Commendations and Commemorations,Derived from LIS bill description,,,BILLS.CSV,Commending Karen Schwartzkopf.,True,^\s*commending\b
SJ302,Commendations and Commemorations,Derived from LIS bill description,,,BILLS.CSV,Commending Kimberley Ann Bobo.,True,^\s*commending\b
SJ303,Commendations and Commemorations,Derived from LIS bill description,,,BILLS.CSV,Commending Master Gardeners of Northern Virginia.,True,^\s*commending\b
SJ304,Commendations and Commemorations,Derived from LIS bill description,,,BILLS.CSV,Commending Scott McGeary.,True,^\s*commending\b
SJ305,Commendations and Commemorations,Derived from LIS bill description,,,BILLS.CSV,"Commending Colonel James B. Cogbill, USA, Ret.",True,^\s*commending\b
SJ306,Commendations and Commemorations,Derived from LIS bill description,,,BILLS.CSV,Celebrating the life of James Downer Ogg.,True,^\s*celebrating the life\b
SJ307,Commendations and Commemorations,Derived from LIS bill description,,,BILLS.CSV,Celebrating the life of Joy Ann Durham Painter.,True,^\s*celebrating the life\b
SJ308,Commendations and Commemorations,Derived from LIS bill description,,,BILLS.CSV,Commending Garland Nuckols.,True,^\s*commending\b
SJ309,Commendations and Commemorations,Derived from LIS bill description,,,BILLS.CSV,Commending Carlos Del Toro.,True,^\s*commending\b
SJ310,Commendations and Commemorations,Derived from LIS bill description,,,BILLS.CSV,Commending Bliley's Funeral Home.,True,^\s*commending\b
SJ311,Commendations and Commemorations,Derived from LIS bill description,,,BILLS.CSV,Commending the Douglas Freeman High School girls' lacrosse team.,True,^\s*commending\b
SJ311,Education,Derived from LIS bill description,,,BILLS.CSV,Commending the Douglas Freeman High School girls' lacrosse team.,True,\bhigh school\b
SJ312,Commendations and Commemorations,Derived from LIS bill description,,,BILLS.CSV,Commending the Hickory Hill School.,True,^\s*commending\b
SJ313,Commendations and Commemorations,Derived from LIS bill description,,,BILLS.CSV,Celebrating the life of Stella Dikos.,True,^\s*celebrating the life\b
SJ314,Commendations and Commemorations,Derived from LIS bill description,,,BILLS.CSV,Commending Bradley Muranko.,True,^\s*commending\b
SJ315,Commendations and Commemorations,Derived from LIS bill description,,,BILLS.CSV,Commending the Virginia Electoral Board Association.,True,^\s*commending\b
SJ316,Commendations and Commemorations,Derived from LIS bill description,,,BILLS.CSV,Commending Erin Schaible.,True,^\s*commending\b
SJ317,Commendations and Commemorations,Derived from LIS bill description,,,BILLS.CSV,Celebrating the life of Kathi Gabriella Renee Simons.,True,^\s*celebrating the life\b
SJ318,Commendations and Commemorations,Derived from LIS bill description,,,BILLS.CSV,"Celebrating the life of Elvin Russell Cosby, Jr.",True,^\s*celebrating the life\b
SJ319,Commendations and Commemorations,Derived from LIS bill description,,,BILLS.CSV,Commending the King William County Courthouse.,True,^\s*commending\b
SJ320,Commendations and Commemorations,Derived from LIS bill description,,,BILLS.CSV,Commending Gregory Trepp.,True,^\s*commending\b
SJ321,Commendations and Commemorations,Derived from LIS bill description,,,BILLS.CSV,Celebrating the life of Rafael Torrech III.,True,^\s*celebrating the life\b
SJ322,Commendations and Commemorations,Derived from LIS bill description,,,BILLS.CSV,"Celebrating the life of the Honorable Henry Levander Marsh, III.",True,^\s*celebrating the life\b
SJ323,Commendations and Commemorations,Derived from LIS bill description,,,BILLS.CSV,Commending Billy Wagner.,True,^\s*commending\b
SJ324,Commendations and Commemorations,Derived from LIS bill description,,,BILLS.CSV,"Celebrating the life of the Honorable Frank Miller Ruff, Jr.",True,^\s*celebrating the life\b
SJ325,Commendations and Commemorations,Derived from LIS bill description,,,BILLS.CSV,Celebrating the life of Thomas S. Whipple.,True,^\s*celebrating the life\b
SJ327,Commendations and Commemorations,Derived from LIS bill description,,,BILLS.CSV,Commending Noah Lyles.,True,^\s*commending\b
SJ328,Commendations and Commemorations,Derived from LIS bill description,,,BILLS.CSV,Celebrating the life of Michele Irene Chapman.,True,^\s*celebrating the life\b
SJ329,Commendations and Commemorations,Derived from LIS bill description,,,BILLS.CSV,Commending the Alexandria Little League Intermediate Division baseball team.,True,^\s*commending\b
SJ330,Commendations and Commemorations,Derived from LIS bill description,,,BILLS.CSV,Celebrating the life of William M. McCarty.,True,^\s*celebrating the life\b
SJ331,Commendations and Commemorations,Derived from LIS bill description,,,BILLS.CSV,Commending the Minnie H. Peyton Community Center at Baileys.,True,^\s*commending\b
SJ332,Commendations and Commemorations,Derived from LIS bill description,,,BILLS.CSV,Celebrating the life of Marquise Sterling Hunt.,True,^\s*celebrating the life\b
SJ333,Commendations and Commemorations,Derived from LIS bill description,,,BILLS.CSV,Commending veteran residents of Westminster-Canterbury on Chesapeake Bay.,True,^\s*commending\b
SJ334,Commendations and Commemorations,Derived from LIS bill description,,,BILLS.CSV,Celebrating the life of the Reverend Dr. Milton Roy Blount.,True,^\s*celebrating the life\b
SJ336,Commendations and Commemorations,Derived from LIS bill description,,,BILLS.CSV,"Celebrating the life of Peter John Kemp, MD.",True,^\s*celebrating the life\b
SJ337,Commendations and Commemorations,Derived from LIS bill description,,,BILLS.CSV,Commending Ken Jessup.,True,^\s*commending\b
SJ338,Commendations and Commemorations,Derived from LIS bill description,,,BILLS.CSV,Commending the Elizabeth River Republican Women's Club.,True,^\s*commending\b
SJ339,Commendations and Commemorations,Derived from LIS bill description,,,BILLS.CSV,Commending Belinda Black.,True,^\s*commending\b
SJ340,Commendations and Commemorations,Derived from LIS bill description,,,BILLS.CSV,"Celebrating the life of Benjamin ""Rod"" Rodriguez.",True,^\s*celebrating the life\b
SJ341,Commendations and Commemorations,Derived from LIS bill description,,,BILLS.CSV,Commending the Charlottesville Area Association of REALTORS?.,True,^\s*commending\b
SJ342,Commendations and Commemorations,Derived from LIS bill description,,,BILLS.CSV,Commending Colette Sheehy.,True,^\s*commending\b
SJ343,Commendations and Commemorations,Derived from LIS bill description,,,BILLS.CSV,Commending Vidya Ambati.,True,^\s*commending\b
SJ344,Commendations and Commemorations,Derived from LIS bill description,,,BILLS.CSV,Commending Elizabeth Carlson Hilscher.,True,^\s*commending\b
SJ345,Commendations and Commemorations,Derived from LIS bill description,,,BILLS.CSV,Commending Stephen King.,True,^\s*commending\b
SJ346,Commendations and Commemorations,Derived from LIS bill description,,,BILLS.CSV,Celebrating the life of Ellis Whedon James.,True,^\s*celebrating the life\b
SJ347,Commendations and Commemorations,Derived from LIS bill description,,,BILLS.CSV,"Celebrating the life of the Reverend Roy Alphonso Carter, Sr.",True,^\s*celebrating the life\b
SJ348,Commendations and Commemorations,Derived from LIS bill description,,,BILLS.CSV,Commending the Oscar Smith High School football team.,True,^\s*commending\b
SJ348,Education,Derived from LIS bill description,,,BILLS.CSV,Commending the Oscar Smith High School football team.,True,\bhigh school\b
SJ349,Commendations and Commemorations,Derived from LIS bill description,,,BILLS.CSV,Commending Jim Thompson.,True,^\s*commending\b
SJ350,Commendations and Commemorations,Derived from LIS bill description,,,BILLS.CSV,Commending the Marion Senior High School girls' tennis team.,True,^\s*commending\b
SJ350,Education,Derived from LIS bill description,,,BILLS.CSV,Commending the Marion Senior High School girls' tennis team.,True,\bhigh school\b
SJ351,Commendations and Commemorations,Derived from LIS bill description,,,BILLS.CSV,Commending the Auburn High School volleyball team.,True,^\s*commending\b
SJ351,Education,Derived from LIS bill description,,,BILLS.CSV,Commending the Auburn High School volleyball team.,True,\bhigh school\b
SJ352,Commendations and Commemorations,Derived from LIS bill description,,,BILLS.CSV,Celebrating the life of George G. Brown.,True,^\s*celebrating the life\b
SJ353,Commendations and Commemorations,Derived from LIS bill description,,,BILLS.CSV,Commending Abigail Rhudy.,True,^\s*commending\b
SJ354,Commendations and Commemorations,Derived from LIS bill description,,,BILLS.CSV,"Celebrating the life of Danny Joe Dales, D.C.",True,^\s*celebrating the life\b
SJ355,Commendations and Commemorations,Derived from LIS bill description,,,BILLS.CSV,"Celebrating the life of Frank Earnest Atwell, Jr.",True,^\s*celebrating the life\b
SJ356,Commendations and Commemorations,Derived from LIS bill description,,,BILLS.CSV,Celebrating the life of Jeremy Lathan Compton.,True,^\s*celebrating the life\b
SJ357,Commendations and Commemorations,Derived from LIS bill description,,,BILLS.CSV,Commending the Nepali Community of Greater Richmond Virginia.,True,^\s*commending\b
SJ358,Commendations and Commemorations,Derived from LIS bill description,,,BILLS.CSV,"Commending STIHL, Inc.",True,^\s*commending\b
SJ359,Commendations and Commemorations,Derived from LIS bill description,,,BILLS.CSV,Commending Keith H. Johnson.,True,^\s*commending\b
SJ360,Commendations and Commemorations,Derived from LIS bill description,,,BILLS.CSV,Commending the Loudoun Therapeutic Riding Center.,True,^\s*commending\b
SJ361,Commendations and Commemorations,Derived from LIS bill description,,,BILLS.CSV,Commending the Chincoteague Island Pony Swim.,True,^\s*commending\b
SJ362,Commendations and Commemorations,Derived from LIS bill description,,,BILLS.CSV,"Celebrating the life of Sergeant Floyd Hugo Miles, Jr.",True,^\s*celebrating the life\b
SJ363,Commendations and Commemorations,Derived from LIS bill description,,,BILLS.CSV,Commending the Virginia Spaceport Authority.,True,^\s*commending\b
SJ364,Commendations and Commemorations,Derived from LIS bill description,,,BILLS.CSV,Celebrating the life of Robert McCabe Ryan.,True,^\s*celebrating the life\b
SJ365,Commendations and Commemorations,Derived from LIS bill description,,,BILLS.CSV,Celebrating the life of George W. Lester II.,True,^\s*celebrating the life\b
SJ366,Commendations and Commemorations,Derived from LIS bill description,,,BILLS.CSV,Commending Leanne Eyler.,True,^\s*commending\b
SJ367,Commendations and Commemorations,Derived from LIS bill description,,,BILLS.CSV,Commending the 100th Infantry (Century) Division.,True,^\s*commending\b
SJ368,Commendations and Commemorations,Derived from LIS bill description,,,BILLS.CSV,"Celebrating the life of Grover C. Wilson, Jr.",True,^\s*celebrating the life\b
SJ369,Commendations and Commemorations,Derived from LIS bill description,,,BILLS.CSV,Commending Children of the Shenandoah.,True,^\s*commending\b
SJ369,Family and Children,Derived from LIS bill description,,,BILLS.CSV,Commending Children of the Shenandoah.,True,\bchildren\b
SJ370,Commendations and Commemorations,Derived from LIS bill description,,,BILLS.CSV,Commending Linda Ford.,True,^\s*commending\b
SJ371,Commendations and Commemorations,Derived from LIS bill description,,,BILLS.CSV,Commending Hoda Kotb.,True,^\s*commending\b
SJ372,Commendations and Commemorations,Derived from LIS bill description,,,BILLS.CSV,"Commending the Honorable L.A. Harris, Jr.",True,^\s*commending\b
SJ373,Commendations and Commemorations,Derived from LIS bill description,,,BILLS.CSV,Commending Chesterfield County.,True,^\s*commending\b
SJ374,Commendations and Commemorations,Derived from LIS bill description,,,BILLS.CSV,Celebrating the life of Joseph Lee Dean McClellan.,True,^\s*celebrating the life\b
SJ375,Commendations and Commemorations,Derived from LIS bill description,,,BILLS.CSV,Commending Ruth Anne Walker.,True,^\s*commending\b
SJ376,Commendations and Commemorations,Derived from LIS bill description,,,BILLS.CSV,Commending hemp farmers in Virginia.,True,^\s*commending\b
SJ376,Agriculture and Food,Derived from LIS bill description,,,BILLS.CSV,Commending hemp farmers in Virginia.,True,\bfarmers?\b
SJ377,Commendations and Commemorations,Derived from LIS bill description,,,BILLS.CSV,Celebrating the life of Elizabeth Boden.,True,^\s*celebrating the life\b
SJ378,Commendations and Commemorations,Derived from LIS bill description,,,BILLS.CSV,Celebrating the life of Harry Arthur Tenney.,True,^\s*celebrating the life\b
SJ379,Commendations and Commemorations,Derived from LIS bill description,,,BILLS.CSV,"Celebrating the life of the Honorable Walter Benjamin Keister, Sr.",True,^\s*celebrating the life\b
SJ380,Commendations and Commemorations,Derived from LIS bill description,,,BILLS.CSV,Commending Rising Mount Zion Baptist Church.,True,^\s*commending\b
SJ381,Commendations and Commemorations,Derived from LIS bill description,,,BILLS.CSV,Commending Sally Bell's Kitchen.,True,^\s*commending\b
SJ382,Commendations and Commemorations,Derived from LIS bill description,,,BILLS.CSV,Commending Children's Home Society of Virginia.,True,^\s*commending\b
SJ382,Family and Children,Derived from LIS bill description,,,BILLS.CSV,Commending Children's Home Society of Virginia.,True,\bchildren\b
SJ383,Commendations and Commemorations,Derived from LIS bill description,,,BILLS.CSV,Commending Charles August Swanson.,True,^\s*commending\b
SJ384,Commendations and Commemorations,Derived from LIS bill description,,,BILLS.CSV,Celebrating the life of Thaddeus Rubel Shelly III.,True,^\s*celebrating the life\b
SJ385,Commendations and Commemorations,Derived from LIS bill description,,,BILLS.CSV,Celebrating the life of Richard Morris Bagby Rennolds.,True,^\s*celebrating the life\b
SJ386,Commendations and Commemorations,Derived from LIS bill description,,,BILLS.CSV,Celebrating the life of Michael Alden Breeden.,True,^\s*celebrating the life\b
SJ387,Commendations and Commemorations,Derived from LIS bill description,,,BILLS.CSV,Commending Colonel Gary T. Settle.,True,^\s*commending\b
SJ388,Commendations and Commemorations,Derived from LIS bill description,,,BILLS.CSV,Commending Voices for Virginias Children.,True,^\s*commending\b
SJ388,Family and Children,Derived from LIS bill description,,,BILLS.CSV,Commending Voices for Virginias Children.,True,\bchildren\b
SJ389,Commendations and Commemorations,Derived from LIS bill description,,,BILLS.CSV,"Commending Janet Gullickson, Ed.D.",True,^\s*commending\b
SJ390,Commendations and Commemorations,Derived from LIS bill description,,,BILLS.CSV,"Celebrating the life of Henry Conrad Warlick, Ed.D.",True,^\s*celebrating the life\b
SJ391,Commendations and Commemorations,Derived from LIS bill description,,,BILLS.CSV,Commending Janel Donohue.,True,^\s*commending\b
SJ392,Commendations and Commemorations,Derived from LIS bill description,,,BILLS.CSV,Commending Teri McNally.,True,^\s*commending\b
SJ393,Commendations and Commemorations,Derived from LIS bill description,,,BILLS.CSV,Celebrating the life of His Highness Prince Karim Agakhan.,True,^\s*celebrating the life\b
SJ394,Commendations and Commemorations,Derived from LIS bill description,,,BILLS.CSV,Celebrating the life of Jake Kincaid.,True,^\s*celebrating the life\b
SJ395,Commendations and Commemorations,Derived from LIS bill description,,,BILLS.CSV,Celebrating the life of David Eugene Dillow.,True,^\s*celebrating the life\b
SJ396,Commendations and Commemorations,Derived from LIS bill description,,,BILLS.CSV,Commending The Family Foundation of Virginia.,True,^\s*commending\b
SJ397,Commendations and Commemorations,Derived from LIS bill description,,,BILLS.CSV,Commending the Reverend Dr. Darrell K. White.,True,^\s*commending\b
SJ398,Commendations and Commemorations,Derived from LIS bill description,,,BILLS.CSV,Commending EduTutorVA.,True,^\s*commending\b
SJ399,Commendations and Commemorations,Derived from LIS bill description,,,BILLS.CSV,Commending Mount Vernon Woods Elementary School.,True,^\s*commending\b
SJ399,Education,Derived from LIS bill description,,,BILLS.CSV,Commending Mount Vernon Woods Elementary School.,True,\belementary school\b
SJ400,Commendations and Commemorations,Derived from LIS bill description,,,BILLS.CSV,Commending Lane Elementary School.,True,^\s*commending\b
SJ400,Education,Derived from LIS bill description,,,BILLS.CSV,Commending Lane Elementary School.,True,\belementary school\b
SJ401,Commendations and Commemorations,Derived from LIS bill description,,,BILLS.CSV,Commending Hollin Meadows Elementary School.,True,^\s*commending\b
SJ401,Education,Derived from LIS bill description,,,BILLS.CSV,Commending Hollin Meadows Elementary School.,True,\belementary school\b
SJ402,Commendations and Commemorations,Derived from LIS bill description,,,BILLS.CSV,Commending Halley Elementary School.,True,^\s*commending\b
SJ402,Education,Derived from LIS bill description,,,BILLS.CSV,Commending Halley Elementary School.,True,\belementary school\b
SJ403,Commendations and Commemorations,Derived from LIS bill description,,,BILLS.CSV,Commending Harvest Assembly Baptist Church.,True,^\s*commending\b
SJ404,Commendations and Commemorations,Derived from LIS bill description,,,BILLS.CSV,Commending South County High School.,True,^\s*commending\b
SJ404,Education,Derived from LIS bill description,,,BILLS.CSV,Commending South County High School.,True,\bhigh school\b
SJ405,Commendations and Commemorations,Derived from LIS bill description,,,BILLS.CSV,Commending Woodlawn Little League.,True,^\s*commending\b
SJ406,Commendations and Commemorations,Derived from LIS bill description,,,BILLS.CSV,Commending the Virginia Wing of the Civil Air Patrol.,True,^\s*commending\b
SJ407,Commendations and Commemorations,Derived from LIS bill description,,,BILLS.CSV,Commending Hollin Hills.,True,^\s*commending\b
SJ408,Commendations and Commemorations,Derived from LIS bill description,,,BILLS.CSV,Commending the United States Army.,True,^\s*commending\b
SJ409,Commendations and Commemorations,Derived from LIS bill description,,,BILLS.CSV,Commending the Lorton Community Action Center.,True,^\s*commending\b
SJ410,Commendations and Commemorations,Derived from LIS bill description,,,BILLS.CSV,Commending the Northern Virginia Chamber of Commerce.,True,^\s*commending\b
SJ410,Business and Commerce,Derived from LIS bill description,,,BILLS.CSV,Commending the Northern Virginia Chamber of Commerce.,True,\bcommerce\b
SJ411,Commendations and Commemorations,Derived from LIS bill description,,,BILLS.CSV,Commending J. Dean Norton.,True,^\s*commending\b
SJ412,Commendations and Commemorations,Derived from LIS bill description,,,BILLS.CSV,Commending Karen Black.,True,^\s*commending\b
SJ413,Commendations and Commemorations,Derived from LIS bill description,,,BILLS.CSV,Commending Barry Eugene DuVal.,True,^\s*commending\b
SJ414,Commendations and Commemorations,Derived from LIS bill description,,,BILLS.CSV,Commending Aubrey Jones.,True,^\s*commending\b
SJ415,Commendations and Commemorations,Derived from LIS bill description,,,BILLS.CSV,Commending Roy Holder.,True,^\s*commending\b
SJ416,Commendations and Commemorations,Derived from LIS bill description,,,BILLS.CSV,Commending WSVA.,True,^\s*commending\b
SJ417,Commendations and Commemorations,Derived from LIS bill description,,,BILLS.CSV,"Commending the Central Va. Cricket Assoc., Capital Women's Cricket League, & Richmond Youth Cricket.",True,^\s*commending\b
SJ418,Commendations and Commemorations,Derived from LIS bill description,,,BILLS.CSV,Commending Hamidullah Noori.,True,^\s*commending\b
SJ419,Commendations and Commemorations,Derived from LIS bill description,,,BILLS.CSV,Commending Fellowship Square.,True,^\s*commending\b
SJ420,Commendations and Commemorations,Derived from LIS bill description,,,BILLS.CSV,Commending the Virginia chapter of the American Association of University Women.,True,^\s*commending\b
SJ421,Commendations and Commemorations,Derived from LIS bill description,,,BILLS.CSV,Commending Sheila A. Olem.,True,^\s*commending\b
SJ422,Commendations and Commemorations,Derived from LIS bill description,,,BILLS.CSV,Commending Namaste Club.,True,^\s*commending\b
SJ423,Commendations and Commemorations,Derived from LIS bill description,,,BILLS.CSV,Commending Spring Hill Elementary School.,True,^\s*commending\b
SJ423,Education,Derived from LIS bill description,,,BILLS.CSV,Commending Spring Hill Elementary School.,True,\belementary school\b
SJ424,Commendations and Commemorations,Derived from LIS bill description,,,BILLS.CSV,Commending Virginia Banton.,True,^\s*commending\b
SJ425,Commendations and Commemorations,Derived from LIS bill description,,,BILLS.CSV,Commending Kaiya Amani Williams.,True,^\s*commending\b
SJ426,Commendations and Commemorations,Derived from LIS bill description,,,BILLS.CSV,Commending Lina Liakakos.,True,^\s*commending\b
SJ427,Commendations and Commemorations,Derived from LIS bill description,,,BILLS.CSV,Commending Donielle M. Scherff.,True,^\s*commending\b
SJ428,Commendations and Commemorations,Derived from LIS bill description,,,BILLS.CSV,Commending Susy Reyes.,True,^\s*commending\b
SJ429,Commendations and Commemorations,Derived from LIS bill description,,,BILLS.CSV,Commending Pradip Dhakal.,True,^\s*commending\b
SJ430,Commendations and Commemorations,Derived from LIS bill description,,,BILLS.CSV,Commending Mia Mortman.,True,^\s*commending\b
SJ431,Commendations and Commemorations,Derived from LIS bill description,,,BILLS.CSV,Commending Kian Tatsuo Linam.,True,^\s*commending\b
SJ432,Commendations and Commemorations,Derived from LIS bill description,,,BILLS.CSV,Commending the Langley High School golf team.,True,^\s*commending\b
SJ432,Education,Derived from LIS bill description,,,BILLS.CSV,Commending the Langley High School golf team.,True,\bhigh school\b
SJ433,Commendations and Commemorations,Derived from LIS bill description,,,BILLS.CSV,Commending Renee Shi.,True,^\s*commending\b
SJ434,Commendations and Commemorations,Derived from LIS bill description,,,BILLS.CSV,"Commending the Honorable William Ferguson Reid, M.D.",True,^\s*commending\b
SJ435,Commendations and Commemorations,Derived from LIS bill description,,,BILLS.CSV,Commending the Langley High School girls' volleyball team.,True,^\s*commending\b
SJ435,Education,Derived from LIS bill description,,,BILLS.CSV,Commending the Langley High School girls' volleyball team.,True,\bhigh school\b
SJ436,Commendations and Commemorations,Derived from LIS bill description,,,BILLS.CSV,Commending John Ulfelder.,True,^\s*commending\b
SJ437,Commendations and Commemorations,Derived from LIS bill description,,,BILLS.CSV,Commending Anthony Guy Bennett.,True,^\s*commending\b
SJ438,Commendations and Commemorations,Derived from LIS bill description,,,BILLS.CSV,Commending Shaboozey.,True,^\s*commending\b
SJ439,Commendations and Commemorations,Derived from LIS bill description,,,BILLS.CSV,Commending the Cameron Foundation.,True,^\s*commending\b
SJ440,Commendations and Commemorations,Derived from LIS bill description,,,BILLS.CSV,Celebrating the life of John William Lyver IV.,True,^\s*celebrating the life\b
SJ441,Commendations and Commemorations,Derived from LIS bill description,,,BILLS.CSV,Commending the Virginia Black Chamber of Commerce Foundation.,True,^\s*commending\b
SJ441,Business and Commerce,Derived from LIS bill description,,,BILLS.CSV,Commending the Virginia Black Chamber of Commerce Foundation.,True,\bcommerce\b
SJ442,Commendations and Commemorations,Derived from LIS bill description,,,BILLS.CSV,Celebrating the life of Henry Mills Harris.,True,^\s*celebrating the life\b
SJ443,Commendations and Commemorations,Derived from LIS bill description,,,BILLS.CSV,Commending Tara Dower.,True,^\s*commending\b
SJ444,Commendations and Commemorations,Derived from LIS bill description,,,BILLS.CSV,"Celebrating the life of Lieutenant General Arthur J. Gregg, USA, Ret.",True,^\s*celebrating the life\b
SJ445,Commendations and Commemorations,Derived from LIS bill description,,,BILLS.CSV,Celebrating the life of Matthew Charles Obenshain.,True,^\s*celebrating the life\b
SJ446,Commendations and Commemorations,Derived from LIS bill description,,,BILLS.CSV,Commending the Cave Spring High School cheerleading team.,True,^\s*commending\b
SJ446,Education,Derived from LIS bill description,,,BILLS.CSV,Commending the Cave Spring High School cheerleading team.,True,\bhigh school\b
SJ447,Commendations and Commemorations,Derived from LIS bill description,,,BILLS.CSV,Commending Kathryn Ha.,True,^\s*commending\b
SR186,Commendations and Commemorations,Derived from LIS bill description,,,BILLS.CSV,Commending Grant Holloway.,True,^\s*commending\b
SR188,Commendations and Commemorations,Derived from LIS bill description,,,BILLS.CSV,"Celebrating the life of John Wilder McMillan, Jr.",True,^\s*celebrating the life\b
SR189,Commendations and Commemorations,Derived from LIS bill description,,,BILLS.CSV,Celebrating the life of Robert Douglas Wright.,True,^\s*celebrating the life\b
SR190,Commendations and Commemorations,Derived from LIS bill description,,,BILLS.CSV,Celebrating the life of Charlotte Hall Hutt.,True,^\s*celebrating the life\b
SR191,Commendations and Commemorations,Derived from LIS bill description,,,BILLS.CSV,"Celebrating the life of Malcolm Tecumseh Custalow, Jr.",True,^\s*celebrating the life\b
SR192,Commendations and Commemorations,Derived from LIS bill description,,,BILLS.CSV,Commending the Brunswick Academy softball team.,True,^\s*commending\b
SR193,Commendations and Commemorations,Derived from LIS bill description,,,BILLS.CSV,Commending Benn's United Methodist Church.,True,^\s*commending\b
SR194,Commendations and Commemorations,Derived from LIS bill description,,,BILLS.CSV,Commending Bethany Presbyterian Church.,True,^\s*commending\b
SR195,Commendations and Commemorations,Derived from LIS bill description,,,BILLS.CSV,"Commending Lieutenant Colonel Theresa M. Claiborne, USAF, Ret.",True,^\s*commending\b
SR196,Commendations and Commemorations,Derived from LIS bill description,,,BILLS.CSV,Commending Producers Peanut Company.,True,^\s*commending\b
SR197,Commendations and Commemorations,Derived from LIS bill description,,,BILLS.CSV,Commending the Smithfield High School Junior Reserve Officers' Training Corps rifle team.,True,^\s*commending\b
SR197,Education,Derived from LIS bill description,,,BILLS.CSV,Commending the Smithfield High School Junior Reserve Officers' Training Corps rifle team.,True,\bhigh school\b
SR198,Commendations and Commemorations,Derived from LIS bill description,,,BILLS.CSV,Commending the Smithfield Packers Youth Sports 12U girls' flag football team.,True,^\s*commending\b
SR199,Commendations and Commemorations,Derived from LIS bill description,,,BILLS.CSV,Commending David W. Poole.,True,^\s*commending\b
SR200,Commendations and Commemorations,Derived from LIS bill description,,,BILLS.CSV,Commending Mill Swamp Baptist Church.,True,^\s*commending\b
SR201,Commendations and Commemorations,Derived from LIS bill description,,,BILLS.CSV,Commending Greg May.,True,^\s*commending\b
SR202,Commendations and Commemorations,Derived from LIS bill description,,,BILLS.CSV,Commending Rashiem D. Franklin.,True,^\s*commending\b
SR203,Commendations and Commemorations,Derived from LIS bill description,,,BILLS.CSV,Commending Manakin Episcopal Church.,True,^\s*commending\b
SR204,Commendations and Commemorations,Derived from LIS bill description,,,BILLS.CSV,Celebrating the life of Charles Daniel Spruill.,True,^\s*celebrating the life\b
SR205,Courts and Civil Law,Derived from LIS bill description,,,BILLS.CSV,Nominating persons to be elected to circuit court judgeships.,True,\bcircuit courts?\b
SR206,Courts and Civil Law,Derived from LIS bill description,,,BILLS.CSV,Nominating persons to be elected to general district court judgeships.,True,\bgeneral district courts?\b
SR207,Courts and Civil Law,Derived from LIS bill description,,,BILLS.CSV,Nominating persons to be elected to juvenile and domestic relations district court judgeships.,True,\bjudgeships?\b
SR207,Marriage and Domestic Relations,Derived from LIS bill description,,,BILLS.CSV,Nominating persons to be elected to juvenile and domestic relations district court judgeships.,True,\bdomestic relations\b
SR210,Commendations and Commemorations,Derived from LIS bill description,,,BILLS.CSV,Commending Lawrence Douglas Wilder.,True,^\s*commending\b
SR211,Commendations and Commemorations,Derived from LIS bill description,,,BILLS.CSV,"Celebrating the life of Roosevelt Harmon, Jr.",True,^\s*celebrating the life\b
SR212,Commendations and Commemorations,Derived from LIS bill description,,,BILLS.CSV,Commending Phyliss Bryum.,True,^\s*commending\b
SR213,Commendations and Commemorations,Derived from LIS bill description,,,BILLS.CSV,"Commending Judith Brooks-Buck, Ph.D.",True,^\s*commending\b
SR214,Commendations and Commemorations,Derived from LIS bill description,,,BILLS.CSV,"Commending Josh A. Wyche, Sr.",True,^\s*commending\b
SR215,Commendations and Commemorations,Derived from LIS bill description,,,BILLS.CSV,Commending Wesley Brown.,True,^\s*commending\b
SR216,Commendations and Commemorations,Derived from LIS bill description,,,BILLS.CSV,Celebrating the life of Mark Robert Outlaw.,True,^\s*celebrating the life\b
SR217,Commendations and Commemorations,Derived from LIS bill description,,,BILLS.CSV,Celebrating the life of Abraham Mitchell.,True,^\s*celebrating the life\b
SR218,Commendations and Commemorations,Derived from LIS bill description,,,BILLS.CSV,"Commending Captain Thomas Theodore Scambos, USN, Ret.",True,^\s*commending\b
SR219,Commendations and Commemorations,Derived from LIS bill description,,,BILLS.CSV,Commending South Quay Baptist Church.,True,^\s*commending\b
SR220,Commendations and Commemorations,Derived from LIS bill description,,,BILLS.CSV,Commending Hampton Roads Transit.,True,^\s*commending\b
SR220,Transportation,Derived from LIS bill description,,,BILLS.CSV,Commending Hampton Roads Transit.,True,\btransit\b
SR221,Commendations and Commemorations,Derived from LIS bill description,,,BILLS.CSV,Commending Emma Randel.,True,^\s*commending\b
SR222,Commendations and Commemorations,Derived from LIS bill description,,,BILLS.CSV,Commending Persian Rugs & More.,True,^\s*commending\b
SR223,Commendations and Commemorations,Derived from LIS bill description,,,BILLS.CSV,"Commending Major General Cedric Terry Wins, USA, Ret.",True,^\s*commending\b
SR224,Commendations and Commemorations,Derived from LIS bill description,,,BILLS.CSV,Celebrating the life of Nikki Giovanni.,True,^\s*celebrating the life\b
SR225,Commendations and Commemorations,Derived from LIS bill description,,,BILLS.CSV,Commending the Fredericksburg City Public Schools Youth Mental Health Taskforce.,True,^\s*commending\b
SR225,Education,Derived from LIS bill description,,,BILLS.CSV,Commending the Fredericksburg City Public Schools Youth Mental Health Taskforce.,True,\bpublic schools?\b
SR225,Behavioral Health,Derived from LIS bill description,,,BILLS.CSV,Commending the Fredericksburg City Public Schools Youth Mental Health Taskforce.,True,\bmental health\b
SR226,Commendations and Commemorations,Derived from LIS bill description,,,BILLS.CSV,Commending Cub Scout Pack 2831.,True,^\s*commending\b
SR227,Commendations and Commemorations,Derived from LIS bill description,,,BILLS.CSV,Celebrating the life of Leon Foster Pope.,True,^\s*celebrating the life\b
SR228,Commendations and Commemorations,Derived from LIS bill description,,,BILLS.CSV,"Commending the Xi Alpha Lambda Chapter of Alpha Phi Alpha Fraternity, Inc.",True,^\s*commending\b
SR229,Commendations and Commemorations,Derived from LIS bill description,,,BILLS.CSV,Celebrating the life of Nikki Giovanni.,True,^\s*celebrating the life\b
SR230,Commendations and Commemorations,Derived from LIS bill description,,,BILLS.CSV,Commending Juli M. Porto.,True,^\s*commending\b
SR231,Commendations and Commemorations,Derived from LIS bill description,,,BILLS.CSV,Commending General Lewis B. Chesty Puller Post 1503 of the Veterans of Foreign Wars.,True,^\s*commending\b
SR232,Commendations and Commemorations,Derived from LIS bill description,,,BILLS.CSV,Commending the Rotary Club of Lake Ridge.,True,^\s*commending\b
SR233,Commendations and Commemorations,Derived from LIS bill description,,,BILLS.CSV,"Celebrating the life of Harold Alvin Goodman, Sr.",True,^\s*celebrating the life\b
SR234,Commendations and Commemorations,Derived from LIS bill description,,,BILLS.CSV,"Commending the Virginia Opera Association, Inc.",True,^\s*commending\b
SR235,Commendations and Commemorations,Derived from LIS bill description,,,BILLS.CSV,Commending Dr. Jessica M. Jones.,True,^\s*commending\b
SR236,Commendations and Commemorations,Derived from LIS bill description,,,BILLS.CSV,Celebrating the life of Paulina Yager Campbell.,True,^\s*celebrating the life\b
SR237,Commendations and Commemorations,Derived from LIS bill description,,,BILLS.CSV,Commending Jack Einstein.,True,^\s*commending\b
SR238,Commendations and Commemorations,Derived from LIS bill description,,,BILLS.CSV,Celebrating the life of Robert Clark Dively.,True,^\s*celebrating the life\b
SR239,Commendations and Commemorations,Derived from LIS bill description,,,BILLS.CSV,Commending Pat Woodbury.,True,^\s*commending\b
SR240,Commendations and Commemorations,Derived from LIS bill description,,,BILLS.CSV,Celebrating the life of Hunter Dakota Reedy.,True,^\s*celebrating the life\b
SR241,Commendations and Commemorations,Derived from LIS bill description,,,BILLS.CSV,Commending Grove Christian Outreach Center.,True,^\s*commending\b
SR242,Commendations and Commemorations,Derived from LIS bill description,,,BILLS.CSV,Celebrating the life of Nellie Hayse.,True,^\s*celebrating the life\b
SR243,Commendations and Commemorations,Derived from LIS bill description,,,BILLS.CSV,"Commending the Pi Lambda Lambda Chapter of Omega Psi Phi Fraternity, Inc.",True,^\s*commending\b
SR244,Commendations and Commemorations,Derived from LIS bill description,,,BILLS.CSV,Commending the Rotary Club of Woodbridge.,True,^\s*commending\b
SR245,Commendations and Commemorations,Derived from LIS bill description,,,BILLS.CSV,Commending Arthur Ellsworth Dick Howard.,True,^\s*commending\b
SR246,Commendations and Commemorations,Derived from LIS bill description,,,BILLS.CSV,Commending Eggleston Services.,True,^\s*commending\b
SR247,Commendations and Commemorations,Derived from LIS bill description,,,BILLS.CSV,Commending Jon Phillip Lugbill.,True,^\s*commending\b
SR248,Commendations and Commemorations,Derived from LIS bill description,,,BILLS.CSV,Celebrating the life of Jane Baber White.,True,^\s*celebrating the life\b
SR249,Commendations and Commemorations,Derived from LIS bill description,,,BILLS.CSV,Celebrating the life of William Francis Sibert.,True,^\s*celebrating the life\b
SR250,Commendations and Commemorations,Derived from LIS bill description,,,BILLS.CSV,Commending the Petersburg Home for Ladies.,True,^\s*commending\b
SR251,Commendations and Commemorations,Derived from LIS bill description,,,BILLS.CSV,Celebrating the life of William Gerald Massengill.,True,^\s*celebrating the life\b
SR252,Commendations and Commemorations,Derived from LIS bill description,,,BILLS.CSV,"Celebrating the life of Dr. Lucious Edwards, Jr.",True,^\s*celebrating the life\b
SR253,Commendations and Commemorations,Derived from LIS bill description,,,BILLS.CSV,Commending the Jamestown-Scotland Ferry.,True,^\s*commending\b
SR254,Commendations and Commemorations,Derived from LIS bill description,,,BILLS.CSV,Celebrating the life of Peggy Lynn Davis.,True,^\s*celebrating the life\b
SR255,Commendations and Commemorations,Derived from LIS bill description,,,BILLS.CSV,Commending Surry United Methodist Church.,True,^\s*commending\b
SR256,Commendations and Commemorations,Derived from LIS bill description,,,BILLS.CSV,Commending Bon Air Elementary School.,True,^\s*commending\b
SR256,Education,Derived from LIS bill description,,,BILLS.CSV,Commending Bon Air Elementary School.,True,\belementary school\b
SR257,Commendations and Commemorations,Derived from LIS bill description,,,BILLS.CSV,Commending Hollin Hall Cleaners.,True,^\s*commending\b
SR258,Commendations and Commemorations,Derived from LIS bill description,,,BILLS.CSV,Commending the United States Army.,True,^\s*commending\b
SR259,Commendations and Commemorations,Derived from LIS bill description,,,BILLS.CSV,Commending the Northern Virginia Chamber of Commerce.,True,^\s*commending\b
SR259,Business and Commerce,Derived from LIS bill description,,,BILLS.CSV,Commending the Northern Virginia Chamber of Commerce.,True,\bcommerce\b
SR260,Commendations and Commemorations,Derived from LIS bill description,,,BILLS.CSV,Commending J. Dean Norton.,True,^\s*commending\b
SR261,Commendations and Commemorations,Derived from LIS bill description,,,BILLS.CSV,Commending the Lorton Community Action Center.,True,^\s*commending\b
SR262,Commendations and Commemorations,Derived from LIS bill description,,,BILLS.CSV,Commending the Arab America Foundation.,True,^\s*commending\b
SR263,Commendations and Commemorations,Derived from LIS bill description,,,BILLS.CSV,"Commending Olwen Herron, Ed.D.",True,^\s*commending\b
SR264,Commendations and Commemorations,Derived from LIS bill description,,,BILLS.CSV,Commending Harold Heatley.,True,^\s*commending\b
SR265,Commendations and Commemorations,Derived from LIS bill description,,,BILLS.CSV,Commending Virginia Natural Gas.,True,^\s*commending\b
SR266,Commendations and Commemorations,Derived from LIS bill description,,,BILLS.CSV,Celebrating the life of Sister Andrea Verchuck.,True,^\s*celebrating the life\b
SR267,Commendations and Commemorations,Derived from LIS bill description,,,BILLS.CSV,Commending Emily Ann Fox.,True,^\s*commending\b
SR268,Commendations and Commemorations,Derived from LIS bill description,,,BILLS.CSV,"Celebrating the life of Joseph Woodrow Snavely, Jr.",True,^\s*celebrating the life\b
SR269,Commendations and Commemorations,Derived from LIS bill description,,,BILLS.CSV,Celebrating the life of Shirley Kenneth Jones.,True,^\s*celebrating the life\b
SR270,Commendations and Commemorations,Derived from LIS bill description,,,BILLS.CSV,"Commending Colonnas Shipyard, Inc.",True,^\s*commending\b
SR271,Commendations and Commemorations,Derived from LIS bill description,,,BILLS.CSV,Commending the Suffolk Christian Academy junior varsity girls' basketball team.,True,^\s*commending\b
SR272,Commendations and Commemorations,Derived from LIS bill description,,,BILLS.CSV,Commending Paula Loomis.,True,^\s*commending\b
SR273,Commendations and Commemorations,Derived from LIS bill description,,,BILLS.CSV,Commending Hawkins-Reeve Post 7916 of the Veterans of Foreign Wars.,True,^\s*commending\b
SR274,Commendations and Commemorations,Derived from LIS bill description,,,BILLS.CSV,"Commending the Omicron Zeta Sigma Chapter of Phi Beta Sigma Fraternity, Inc.",True,^\s*commending\b
SR275,Commendations and Commemorations,Derived from LIS bill description,,,BILLS.CSV,"Commending the Beta Alpha Omega Alumni Chapter of Iota Phi Theta Fraternity, Inc.",True,^\s*commending\b
SR276,Commendations and Commemorations,Derived from LIS bill description,,,BILLS.CSV,"Commending the Woodbridge Alumni Chapter of Kappa Alpha Psi Fraternity, Inc.",True,^\s*commending\b
SR278,Commendations and Commemorations,Derived from LIS bill description,,,BILLS.CSV,Commending Queen Street Baptist Church.,True,^\s*commending\b
SR279,Commendations and Commemorations,Derived from LIS bill description,,,BILLS.CSV,Commending Phillip C. Stone.,True,^\s*commending\b
SR280,Commendations and Commemorations,Derived from LIS bill description,,,BILLS.CSV,Commending Bethel Manor Elementary School.,True,^\s*commending\b
SR280,Education,Derived from LIS bill description,,,BILLS.CSV,Commending Bethel Manor Elementary School.,True,\belementary school\b
SR281,Commendations and Commemorations,Derived from LIS bill description,,,BILLS.CSV,Commending Adria Vanhoozier.,True,^\s*commending\b
SR282,Commendations and Commemorations,Derived from LIS bill description,,,BILLS.CSV,Commending the Petersburg Garden Club.,True,^\s*commending\b
SR283,Commendations and Commemorations,Derived from LIS bill description,,,BILLS.CSV,Commending Janet V. Green.,True,^\s*commending\b
SR284,Commendations and Commemorations,Derived from LIS bill description,,,BILLS.CSV,Commending First Baptist Church of Petersburg.,True,^\s*commending\b
SR285,Commendations and Commemorations,Derived from LIS bill description,,,BILLS.CSV,"Celebrating the life of Terry D. Lewis, Sr.",True,^\s*celebrating the life\b
SR286,Commendations and Commemorations,Derived from LIS bill description,,,BILLS.CSV,Celebrating the life of Rashaun Dehaven Boland.,True,^\s*celebrating the life\b
SR287,Commendations and Commemorations,Derived from LIS bill description,,,BILLS.CSV,"Commending Robert Alexander Pearson, Jr.",True,^\s*commending\b
SR288,Commendations and Commemorations,Derived from LIS bill description,,,BILLS.CSV,Commending the Community of Faith Food Pantry.,True,^\s*commending\b
SR289,Commendations and Commemorations,Derived from LIS bill description,,,BILLS.CSV,Commending Teresa Clawson-Keeton.,True,^\s*commending\b
SR290,Courts and Civil Law,Derived from LIS bill description,,,BILLS.CSV,Nominating persons to be elected to circuit court judgeships.,True,\bcircuit courts?\b
SR291,Courts and Civil Law,Derived from LIS bill description,,,BILLS.CSV,Nominating persons to be elected to general district court judgeships.,True,\bgeneral district courts?\b
SR292,Courts and Civil Law,Derived from LIS bill description,,,BILLS.CSV,Nominating persons to be elected to juvenile and domestic relations district court judgeships.,True,\bjudgeships?\b
SR292,Marriage and Domestic Relations,Derived from LIS bill description,,,BILLS.CSV,Nominating persons to be elected to juvenile and domestic relations district court judgeships.,True,\bdomestic relations\b
SR294,Commendations and Commemorations,Derived from LIS bill description,,,BILLS.CSV,Commending Marshall DeHaven.,True,^\s*commending\b
SR295,Commendations and Commemorations,Derived from LIS bill description,,,BILLS.CSV,Commending Leland C. Teets.,True,^\s*commending\b
SR296,Commendations and Commemorations,Derived from LIS bill description,,,BILLS.CSV,"Commending James Douglas Butler, Sr.",True,^\s*commending\b
SR297,Commendations and Commemorations,Derived from LIS bill description,,,BILLS.CSV,Commending Daisy Moore.,True,^\s*commending\b
SR298,Commendations and Commemorations,Derived from LIS bill description,,,BILLS.CSV,Commending Felix Maurizio.,True,^\s*commending\b
SR299,Commendations and Commemorations,Derived from LIS bill description,,,BILLS.CSV,Commending the Washington Commanders.,True,^\s*commending\b
SR300,Commendations and Commemorations,Derived from LIS bill description,,,BILLS.CSV,Commending Michael Carter.,True,^\s*commending\b
SR301,Commendations and Commemorations,Derived from LIS bill description,,,BILLS.CSV,Commending Tarrick McGuire.,True,^\s*commending\b
SR302,Commendations and Commemorations,Derived from LIS bill description,,,BILLS.CSV,"Celebrating the life of Sergeant David Jay Benfield, Jr., USA.",True,^\s*celebrating the life\b
SR303,Commendations and Commemorations,Derived from LIS bill description,,,BILLS.CSV,Celebrating the life of Gary Stephen Michel.,True,^\s*celebrating the life\b
SR304,Commendations and Commemorations,Derived from LIS bill description,,,BILLS.CSV,Commending Sydney Sawyer.,True,^\s*commending\b
SR305,Commendations and Commemorations,Derived from LIS bill description,,,BILLS.CSV,Commending Brant Baber and Kathy Kalinowski.,True,^\s*commending\b
SR306,Commendations and Commemorations,Derived from LIS bill description,,,BILLS.CSV,Commending Lynn Screen.,True,^\s*commending\b
SR307,Commendations and Commemorations,Derived from LIS bill description,,,BILLS.CSV,Commending Geri and Susan Yantis.,True,^\s*commending\b
SR308,Commendations and Commemorations,Derived from LIS bill description,,,BILLS.CSV,Commending the Town of Glade Spring.,True,^\s*commending\b
SR309,Commendations and Commemorations,Derived from LIS bill description,,,BILLS.CSV,Commending Saint Anne Catholic School.,True,^\s*commending\b
SR310,Commendations and Commemorations,Derived from LIS bill description,,,BILLS.CSV,Celebrating the life of Shannon Clay Scott.,True,^\s*celebrating the life\b
SR311,Commendations and Commemorations,Derived from LIS bill description,,,BILLS.CSV,Commending Henderson Motorsports.,True,^\s*commending\b
SR312,Commendations and Commemorations,Derived from LIS bill description,,,BILLS.CSV,Commending the 4-H clubs and Future Farmers of America chapters in Washington County.,True,^\s*commending\b
SR312,Agriculture and Food,Derived from LIS bill description,,,BILLS.CSV,Commending the 4-H clubs and Future Farmers of America chapters in Washington County.,True,\bfarmers?\b
SR313,Commendations and Commemorations,Derived from LIS bill description,,,BILLS.CSV,"Celebrating the life of Jackson Stuart White, Jr.",True,^\s*celebrating the life\b
SR314,Commendations and Commemorations,Derived from LIS bill description,,,BILLS.CSV,Commending the Institute of Chartered Accountants of India Washington D.C. Chapter.,True,^\s*commending\b
SR315,Commendations and Commemorations,Derived from LIS bill description,,,BILLS.CSV,Commending the Federation of Kerala Associations in North America.,True,^\s*commending\b
SR316,Commendations and Commemorations,Derived from LIS bill description,,,BILLS.CSV,Celebrating the life of William Denman Zirkle.,True,^\s*celebrating the life\b
SR317,Commendations and Commemorations,Derived from LIS bill description,,,BILLS.CSV,"Commending McKinley L. Price, D.D.S.",True,^\s*commending\b
SR318,Commendations and Commemorations,Derived from LIS bill description,,,BILLS.CSV,Commending Keyshawn Davis.,True,^\s*commending\b
SR319,Commendations and Commemorations,Derived from LIS bill description,,,BILLS.CSV,Commending Amy Angel.,True,^\s*commending\b
SR320,Commendations and Commemorations,Derived from LIS bill description,,,BILLS.CSV,Commending Pamela J. Sebesky.,True,^\s*commending\b
SR321,Commendations and Commemorations,Derived from LIS bill description,,,BILLS.CSV,Commending Trent Daniels.,True,^\s*commending\b
SR322,Commendations and Commemorations,Derived from LIS bill description,,,BILLS.CSV,"Commending Colonel Douglas E. Moore, USA, Ret.",True,^\s*commending\b
SR323,Commendations and Commemorations,Derived from LIS bill description,,,BILLS.CSV,Commending Evan Kinsel.,True,^\s*commending\b
SR324,Commendations and Commemorations,Derived from LIS bill description,,,BILLS.CSV,Commending Osbourn Park High School.,True,^\s*commending\b
SR324,Education,Derived from LIS bill description,,,BILLS.CSV,Commending Osbourn Park High School.,True,\bhigh school\b
SR325,Commendations and Commemorations,Derived from LIS bill description,,,BILLS.CSV,Commending Darnell Greene.,True,^\s*commending\b
SR326,Commendations and Commemorations,Derived from LIS bill description,,,BILLS.CSV,Commending Habitat for Humanity Peninsula and Greater Williamsburg.,True,^\s*commending\b
SR327,Commendations and Commemorations,Derived from LIS bill description,,,BILLS.CSV,"Celebrating the life of John James Skinner, Jr.",True,^\s*celebrating the life\b
SR328,Commendations and Commemorations,Derived from LIS bill description,,,BILLS.CSV,Commending the Roanoke Higher Education Center.,True,^\s*commending\b
SR328,Education,Derived from LIS bill description,,,BILLS.CSV,Commending the Roanoke Higher Education Center.,True,\beducation\b
SR328,Higher Education,Derived from LIS bill description,,,BILLS.CSV,Commending the Roanoke Higher Education Center.,True,\bhigher education\b
SR329,Commendations and Commemorations,Derived from LIS bill description,,,BILLS.CSV,Commending the Roanoke Bar Association.,True,^\s*commending\b
SR330,Commendations and Commemorations,Derived from LIS bill description,,,BILLS.CSV,Celebrating the life of the Honorable Gerald ONeal Clemens.,True,^\s*celebrating the life\b
SR331,Commendations and Commemorations,Derived from LIS bill description,,,BILLS.CSV,Commending the Salem Red Sox.,True,^\s*commending\b
