Bill_id,Bill_description,topic_name,classification,qa_review,qa_notes
SB18,"Children; adjudication of delinquency, orders of disposition.",Children,Official LIS subject,,
SB8,Real property tax; exemption surviving spouses of members of armed forces who died in line of duty.,Real Property,Official LIS subject,,
SJ4,Celebrating the life of Gloria Olderog Webb.,Deaths,Official LIS subject,,
HJ3,Constitutional amendment (second reference); marriage between two adult persons; repeal of same-sex marriage prohibition; affirmative right to marry.,Domestic Relations,Official LIS subject,,
SB26,"Land development; definitions, solar canopies in surface parking areas, delayed effective date.",Solar Energy,Official LIS subject,,
SB27,"Firearm industry members; creates standards of responsible conduct, civil liability.",Firearms,Official LIS subject,,
SB20,Child Care Subsidy Program; income-based eligibility for assistance.,Education,Official LIS subject,,
SB9,"RS & UT; food for human consumption and essential personal hygiene products, delayed effective date.",Sales and Use Tax,Official LIS subject,,
HB5,"Employment; paid sick leave, civil penalties.",Local Government and Officials,Official LIS subject,,
HB1,"Minimum wage; increases incrementally to $15.00 per hour by January 1, 2028.",Labor and Employment,Official LIS subject,,
SB5,"Income-Qualified Energy Efficiency and Weatherization Task Force; established, report.",Housing,Official LIS subject,,
SB24,Discovery materials or evidence; accused may request to copy or photograph any materials.,Civil Remedies and Procedure,Official LIS subject,,
SB11,Expanded polystyrene food service containers; repeal of prohibition.,Conservation,Official LIS subject,,
SB3,"Employee Child Care Assistance Program; established, reports.","Study Commissions, Committees, and Reports",Official LIS subject,,
SB9,"RS & UT; food for human consumption and essential personal hygiene products, delayed effective date.",Retail Sales and Use Tax,Official LIS subject,,
HB3,"Income-Qualified Energy Efficiency and Weatherization Task Force; established, report.",Administration of Government,Official LIS subject,,
SB1,"Minimum wage; increases incrementally to $15.00 per hour by January 1, 2028.",Labor and Employment,Official LIS subject,,
HB6,"Contraception; definitions, establishes right to obtain, applicability, enforcement.",Contraceptives,Official LIS subject,,
SJ2,Constitutional amendment (second reference); qualifications of voters and the right to vote; persons not entitled to vote.,Constitutional Amendments,Official LIS subject,,
SB24,Discovery materials or evidence; accused may request to copy or photograph any materials.,Criminal Procedure,Official LIS subject,,
SB12,"Issuing citations; certain traffic offenses and odor of marijuana, exclusion of evidence.",Appropriations,Official LIS subject,,
SB22,"Medicine and Nursing, Boards of; continuing education, bias reduction training.",Educational Institutions,Official LIS subject,,
SB21,DJJ; transfer of responsibility to Secretary of Health and Human Resources.,Uncodified Legislation,Official LIS subject,,
HJ2,Constitutional amendment; qualifications of voters and the right to vote; persons not entitled to vote.,Constitutional Amendments,Official LIS subject,,
SB8,Real property tax; exemption surviving spouses of members of armed forces who died in line of duty.,Taxation,Official LIS subject,,
SB5,"Income-Qualified Energy Efficiency and Weatherization Task Force; established, report.",Uncodified Legislation,Official LIS subject,,
HB5,"Employment; paid sick leave, civil penalties.",Labor and Employment,Official LIS subject,,
SB26,"Land development; definitions, solar canopies in surface parking areas, delayed effective date.",Land Development and Use,Official LIS subject,,
HB6,"Contraception; definitions, establishes right to obtain, applicability, enforcement.",Health,Official LIS subject,,
SB20,Child Care Subsidy Program; income-based eligibility for assistance.,Child Care,Official LIS subject,,
SJ3,Constitutional amendment (second reference); marriage between two adult persons; repeal of same-sex marriage prohibition; affirmative right to marry.,Domestic Relations,Official LIS subject,,
SB5,"Income-Qualified Energy Efficiency and Weatherization Task Force; established, report.",Administration of Government,Official LIS subject,,
SB3,"Employee Child Care Assistance Program; established, reports.",Uncodified Legislation,Official LIS subject,,
SJ1,Constitutional amendment (second reference); fundamental right to reproductive freedom.,Constitutional Amendments,Official LIS subject,,
HB3,"Income-Qualified Energy Efficiency and Weatherization Task Force; established, report.",Housing,Official LIS subject,,
SB10,Employment prohibition exceptions; apprenticeship program for children 16 years of age or older.,Labor and Employment,Official LIS subject,,
SB22,"Medicine and Nursing, Boards of; continuing education, bias reduction training.","Commissions, Boards, and Institutions Generally",Official LIS subject,,
SB6,"Constitutional amendment; qualifications of voters, right to vote, persons not entitled to vote.",Elections,Official LIS subject,,
HJ2,Constitutional amendment; qualifications of voters and the right to vote; persons not entitled to vote.,Elections,Official LIS subject,,
SB23,Plea agreements and court orders; prohibited provisions.,Criminal Procedure,Official LIS subject,,
SB6,"Constitutional amendment; qualifications of voters, right to vote, persons not entitled to vote.",Constitutional Amendments,Official LIS subject,,
HB3,"Income-Qualified Energy Efficiency and Weatherization Task Force; established, report.",Uncodified Legislation,Official LIS subject,,
SB14,Alcoholic beverage control; commercial lifestyle center licenses.,Arts and Humanities,Official LIS subject,,
SB3,"Employee Child Care Assistance Program; established, reports.",Child Care,Official LIS subject,,
HJ4,"Constitutional amendment; apportionment, congress dists, limited authority of the GA to modify.",Constitutional Amendments,Official LIS subject,,
SB26,"Land development; definitions, solar canopies in surface parking areas, delayed effective date.","Counties, Cities, and Towns",Official LIS subject,,
SB2,"Paid family & med. leave insurance program; definitions, notice requirements, civil action, report.",Unemployment Compensation,Official LIS subject,,
SB12,"Issuing citations; certain traffic offenses and odor of marijuana, exclusion of evidence.",Alcoholic Beverage and Cannabis Control,Official LIS subject,,
HJ1,Constitutional amendment (second reference); fundamental right to reproductive freedom.,Constitutional Amendments,Official LIS subject,,
SB2,"Paid family & med. leave insurance program; definitions, notice requirements, civil action, report.","Study Commissions, Committees, and Reports",Official LIS subject,,
SB464,Interest in agricultural land; amends definition of foreign adversaries.,Agriculture and Food,Derived from LIS bill description,,
HB747,Chesapeake Bay Watershed Implementation Plan; consolidation of agricultural  commitments.,Agriculture and Food,Derived from LIS bill description,,
SB152,Bicentennial farm program; State Forester to establish and administer.,Agriculture and Food,Derived from LIS bill description,,
HR18,Commending the Brentsville Future Farmers of America.,Agriculture and Food,Derived from LIS bill description,,
HB761,Fertilizer and lime; amends provisions governing permit requirements.,Agriculture and Food,Derived from LIS bill description,,
SB742,Removal of clutter; cutting of grass; agricultural use exemption; Planning District 19.,Agriculture and Food,Derived from LIS bill description,,
HJ79,Commending the Virginia Farm Bureau Federation.,Agriculture and Food,Derived from LIS bill description,,
HB699,Food establishment inspection exemptions; private homes and farms.,Agriculture and Food,Derived from LIS bill description,,
HB509,"Zoning; agricultural operations, rental of accessory dwellings.",Agriculture and Food,Derived from LIS bill description,,
HB859,Farm to School Program Task Force; membership requirements.,Agriculture and Food,Derived from LIS bill description,,
SB788,"Alcoholic beverage control; payment of excise tax on beer, wine coolers, and wine, penalties.",Alcoholic Beverage and Cannabis Control,Derived from LIS bill description,,
SB698,Alcoholic beverage control; designated outdoor refreshment areas.,Alcoholic Beverage and Cannabis Control,Derived from LIS bill description,,
HB384,"Alcoholic beverage control; advertising materials, purchase and display of barrels.",Alcoholic Beverage and Cannabis Control,Derived from LIS bill description,,
SB614,"Alcoholic beverage control; advertising materials, purchase and display of barrels.",Alcoholic Beverage and Cannabis Control,Derived from LIS bill description,,
HB980,"Alcoholic beverage control; voluntary no-buy program, etc.",Alcoholic Beverage and Cannabis Control,Derived from LIS bill description,,
HB741,Alcoholic beverage control; retail licenses for public golf courses.,Alcoholic Beverage and Cannabis Control,Derived from LIS bill description,,
HB385,"Alcoholic beverage control; operation of government stores, tastings.",Alcoholic Beverage and Cannabis Control,Derived from LIS bill description,,
SB809,"Alcoholic beverage control; manufacturer license, small commercial winery, sale at events.",Alcoholic Beverage and Cannabis Control,Derived from LIS bill description,,
HB975,"Alcoholic beverage control; food-to-beverage ratio, report.",Alcoholic Beverage and Cannabis Control,Derived from LIS bill description,,
SB532,"Alcoholic beverage control; banquet license, municipality or nonprofit organization.",Alcoholic Beverage and Cannabis Control,Derived from LIS bill description,,
SB718,Virginia National Guard; power of Governor to summon in certain circumstances.,Armed Forces,Derived from LIS bill description,,
SB600,Virginia National Guard; nonjudicial disciplinary proceedings.,Armed Forces,Derived from LIS bill description,,
HB94,Vehicle registration fees; disabled veterans.,Armed Forces,Derived from LIS bill description,,
SB571,"Disabled Veterans Family Passport; established, free entry into state parks and discounted services.",Armed Forces,Derived from LIS bill description,,
HB776,Virginia National Guard; biennial training.,Armed Forces,Derived from LIS bill description,,
HB286,"Virginia National Guard; orders transmitted to and through Governor, annual reports.",Armed Forces,Derived from LIS bill description,,
HB175,"Real property; tax exemption, surviving spouses of members of Armed Forces who died in line of duty.",Armed Forces,Derived from LIS bill description,,
SB787,Virginia National Guard TRICARE Reimbursement Fund; established.,Armed Forces,Derived from LIS bill description,,
HB731,Toll facilities; free use to certain disabled veterans.,Armed Forces,Derived from LIS bill description,,
SB337,"Virginia National Guard; reports to General Assembly, state militias, etc.",Armed Forces,Derived from LIS bill description,,
SB599,Va. Opioid Use Red. & Jail-Based Substance Use Disorder Trtmt. and Transition Fund; grant procedure.,Behavioral Health,Derived from LIS bill description,,
SB706,"Opioid antagonist; distribution program, reports.",Behavioral Health,Derived from LIS bill description,,
HB240,"Admission to bail; fixing terms of bail, mental health considerations.",Behavioral Health,Derived from LIS bill description,,
HB495,School boards; mental health awareness training for full-time school bus drivers.,Behavioral Health,Derived from LIS bill description,,
SB421,Pharmacist; remote verification and counseling in opioid treatment programs.,Behavioral Health,Derived from LIS bill description,,
SB259,"Early Childhood Mental Health Consultation Program; established, development of modules, report.",Behavioral Health,Derived from LIS bill description,,
HB248,Interjurisdictional law-enforcement agreements; development of behavioral health co-response teams.,Behavioral Health,Derived from LIS bill description,,
SB269,"Mental health service providers;  definitions, use of artificial intelligence system, civil penalty.",Behavioral Health,Derived from LIS bill description,,
SB173,Weapons; possession prohibited in hospital that provides mental health or developmental services.,Behavioral Health,Derived from LIS bill description,,
HB529,"Suicide Prevention Program; created, deaths by suicide of veterans or military service members.",Behavioral Health,Derived from LIS bill description,,
HB29,Budget Bill.,Budget and Appropriations,Derived from LIS bill description,,
HB30,Budget Bill.,Budget and Appropriations,Derived from LIS bill description,,
SB705,"Regulatory Budget Program; established, report.",Budget and Appropriations,Derived from LIS bill description,,
HB242,Public utilities; budget plan payment increases.,Budget and Appropriations,Derived from LIS bill description,,
SB30,Budget Bill.,Budget and Appropriations,Derived from LIS bill description,,
SB29,Budget Bill.,Budget and Appropriations,Derived from LIS bill description,,
SB733,Local government; appropriation of local school funds to families for compulsory student attendance.,Budget and Appropriations,Derived from LIS bill description,,
HB777,Va. Public Procurement Act; procurement of goods transported by privately owned commercial vessels.,Business and Commerce,Derived from LIS bill description,,
SB575,"Virginia Public Procurement Act; joint and cooperative procurement, construction exception.",Business and Commerce,Derived from LIS bill description,,
SB782,Corporations; limited liability decentralized autonomous organizations (LLDs).,Business and Commerce,Derived from LIS bill description,,
SB493,"Consumer protection; automatic renewal or continuous service offers, disclosure and cancellation.",Business and Commerce,Derived from LIS bill description,,
HB842,"Virginia Public Procurement Act; definition of ""small business,"" direct procurement, set-asides.",Business and Commerce,Derived from LIS bill description,,
HR186,Commending the Mount Vernon Springfield Chamber of Commerce Small Business of the Year honorees.,Business and Commerce,Derived from LIS bill description,,
HR185,Commending the Mount Vernon Springfield Chamber of Commerce Mid-Size Business of the Year honorees.,Business and Commerce,Derived from LIS bill description,,
HJ291,Commending the Danville Pittsylvania Chamber of Commerce.,Business and Commerce,Derived from LIS bill description,,
SB177,"Va. Consumer Protection Act; prohibited practices, consumer reproductive/sexual health information.",Business and Commerce,Derived from LIS bill description,,
HB869,Virginia Public Procurement Act; purchase programs for local farm or food products.,Business and Commerce,Derived from LIS bill description,,
SJ57,Commending the Glenvar High School boys' soccer team.,Commendations and Commemorations,Derived from LIS bill description,,
HR221,Commending Rondell Norfleet.,Commendations and Commemorations,Derived from LIS bill description,,
SJ86,Celebrating the life of Thomas Blue.,Commendations and Commemorations,Derived from LIS bill description,,
HR353,Commending FeLynn Oriental Restaurant.,Commendations and Commemorations,Derived from LIS bill description,,
HR147,Commending the Orange Heart Medal Foundation.,Commendations and Commemorations,Derived from LIS bill description,,
SR45,"Commending Envision Lead Grow, Inc.",Commendations and Commemorations,Derived from LIS bill description,,
HJ258,"Celebrating the life of Donald MacLean Switz, M.D.",Commendations and Commemorations,Derived from LIS bill description,,
SJ113,Celebrating the life of Sincere B. Allah.,Commendations and Commemorations,Derived from LIS bill description,,
HR65,Commending Jennifer Ney.,Commendations and Commemorations,Derived from LIS bill description,,
HR198,Celebrating the life of Bruce Jones.,Commendations and Commemorations,Derived from LIS bill description,,
SB769,"Constitutional amendment; gen. approp. act, reapportionment, redistricting congressional districts.",Constitutional Amendments,Derived from LIS bill description,,
HB781,Constitutional amendment; fundamental right to reproductive freedom(submitting to qualified voters).,Constitutional Amendments,Derived from LIS bill description,,
HR5,Right to reproductive freedom; legal effects & consequences of a constitutional amendment.,Constitutional Amendments,Derived from LIS bill description,,
HB612,"Constitutional amendment; marriage between two adult persons, repeal of same-sex marriage prohibition.",Constitutional Amendments,Derived from LIS bill description,,
SJ27,"Constitutional amendment; qualifications of voters, United States citizenship (first reference).",Constitutional Amendments,Derived from LIS bill description,,
HB963,"Constitutional amendment; qualifications of voters, right to vote, persons not entitled to vote.",Constitutional Amendments,Derived from LIS bill description,,
HJ45,"Constitutional amendment; qualifications of voters, 16-year-olds permitted to vote.",Constitutional Amendments,Derived from LIS bill description,,
HJ14,"Constitutional amendment; tax exemption for motor vehicles owned for personal, noncommercial use.",Constitutional Amendments,Derived from LIS bill description,,
SB449,Constitutional amendment; fundamental right to reproductive freedom(submitting to qualified voters).,Constitutional Amendments,Derived from LIS bill description,,
HJ314,"Election of Circuit Court Judges, General District Court Judges, and Juvenile and Domestic Relations District Court Judges.",Courts and Civil Law,Derived from LIS bill description,,
SB725,"Circuit court clerks; fees, allocation of Technology Trust Fund Fee.",Courts and Civil Law,Derived from LIS bill description,,
SB793,"Court of Appeals of Virginia; increases maximum number of judges, hearings en banc.",Courts and Civil Law,Derived from LIS bill description,,
HB669,"Impersonation of certain licensed professionals by chatbot; definitions, notice, civil liability.",Courts and Civil Law,Derived from LIS bill description,,
SB753,"Unauthorized use of voice or likeness; punitive damages, statute of limitations.",Courts and Civil Law,Derived from LIS bill description,,
HB293,"Corporations; limited liability decentralized autonomous orgs. (LLDs), delayed effective date.",Courts and Civil Law,Derived from LIS bill description,,
HB872,"Portable electronic devices; possession in district or circuit court, policies set by chief judge.",Courts and Civil Law,Derived from LIS bill description,,
SR14,Judges; nominations for election to general district court.,Courts and Civil Law,Derived from LIS bill description,,
HB194,Judges; maximum number of judges in each judicial district.,Courts and Civil Law,Derived from LIS bill description,,
SB228,"Localities; liability insurance, certain waiver of sovereign immunity.",Courts and Civil Law,Derived from LIS bill description,,
SB634,"Petition for modification of a sentence; eligibility, procedures, report.",Criminal Justice,Derived from LIS bill description,,
HB16,Community service work in lieu of payment of fines and costs; work performed while incarcerated.,Criminal Justice,Derived from LIS bill description,,
SB444,Offenses relating to gift cards; penalties.,Criminal Justice,Derived from LIS bill description,,
HB268,"Fines and costs; period of limitations on collection, deferred payment agreement.",Criminal Justice,Derived from LIS bill description,,
HB157,Real Estate Board; an applicant for new real estate license to certify criminal history info.,Criminal Justice,Derived from LIS bill description,,
SB95,Rest area signage; adds human trafficking information.,Criminal Justice,Derived from LIS bill description,,
HB126,"Local, regional, and community correctional facilities; access to counsel for inmates.",Criminal Justice,Derived from LIS bill description,,
HB245,"Jurisdiction of district courts in felony cases; specialty dockets, Behavioral Health Docket Act.",Criminal Justice,Derived from LIS bill description,,
HB43,"Suicide; abolishes common-law crime, delayed effective date, report.",Criminal Justice,Derived from LIS bill description,,
SB329,"Va. Sexual & Domestic Violence Victim fund; fee for offenses related to solicitation of minors, etc.",Criminal Justice,Derived from LIS bill description,,
HB591,Data centers; policy of the Commonwealth.,Data Centers,Derived from LIS bill description,,
HB897,"Retail Sales and Use Tax; exemption for data centers, delayed effective date.",Data Centers,Derived from LIS bill description,,
HB607,"Aggregate air pollution; Department of Environmental Quality to study, data center generators.",Data Centers,Derived from LIS bill description,,
SB465,Retail Sales and Use Tax; exemption for data centers.,Data Centers,Derived from LIS bill description,,
HB153,"Data centers; site assessment, sound profile of the high energy use facility.",Data Centers,Derived from LIS bill description,,
HB784,"RS and UT; commercial and industrial exemptions, disclosure of data center operator exemption.",Data Centers,Derived from LIS bill description,,
SB94,"Data centers; site assessment, sound profile of the high energy use facility.",Data Centers,Derived from LIS bill description,,
SB130,"Data centers; site assessment, definition of high energy use facility.",Data Centers,Derived from LIS bill description,,
HB824,"Data centers; energy generation and storage, report.",Data Centers,Derived from LIS bill description,,
SB552,"Siting of large data centers; site assessment, standards, civil penalties.",Data Centers,Derived from LIS bill description,,
HB800,Active Pharmaceutical Ingredient Manufacturing Grant Fund; established.,Economic Development,Derived from LIS bill description,,
SB611,Economic development incentives; wage requirements.,Economic Development,Derived from LIS bill description,,
HB799,Power Transformer Manufacturing Grant Fund; created.,Economic Development,Derived from LIS bill description,,
SB836,Transformer Manufacturing Expansion Grant Fund; created.,Economic Development,Derived from LIS bill description,,
SB403,Power Transformer Manufacturing Grant Fund; created.,Economic Development,Derived from LIS bill description,,
SB527,Pharmaceutical Substance Manufacturing Grant Fund; created.,Economic Development,Derived from LIS bill description,,
SB404,Active Pharmaceutical Ingredient Manufacturing Grant Fund; established.,Economic Development,Derived from LIS bill description,,
SB835,Solid Rocket Motor Manufacturing Grant Fund; created.,Economic Development,Derived from LIS bill description,,
HB705,Health Ed. SOL & Curriculum Framework; Board of Education to include water safety instruction.,Education,Derived from LIS bill description,,
HB471,"Higher ed. institutions, public; financial aid for students with intellectual disabilities, etc.",Education,Derived from LIS bill description,,
HB139,School board policies; unpaid educational leave for certain employee association officers.,Education,Derived from LIS bill description,,
HB786,School bds.; authority to prohibit sale of caffeinated beverages to students in public high schools.,Education,Derived from LIS bill description,,
HR427,Commending the James River High School girls' swim and dive team.,Education,Derived from LIS bill description,,
HR58,Commending Lafayette Elementary School.,Education,Derived from LIS bill description,,
SB733,Local government; appropriation of local school funds to families for compulsory student attendance.,Education,Derived from LIS bill description,,
SR48,Commending Stanleytown Elementary School.,Education,Derived from LIS bill description,,
HR315,Commending the Lake Taylor High School football team.,Education,Derived from LIS bill description,,
SJ34,Commending the Auburn High School baseball team.,Education,Derived from LIS bill description,,
HB51,Elections; time of certain local elections.,Elections and Voting,Derived from LIS bill description,,
SB526,"Elections; affirmation statement in lieu of identification, additional information required.",Elections and Voting,Derived from LIS bill description,,
HB113,"Elections; soliciting or accepting bribe to influence or procure voter registration, penalty.",Elections and Voting,Derived from LIS bill description,,
HB23,"Elections; primary dates, presidential year primaries.",Elections and Voting,Derived from LIS bill description,,
HB968,"Election results; counting machine-readable ballots, processing absentee ballots.",Elections and Voting,Derived from LIS bill description,,
SB449,Constitutional amendment; fundamental right to reproductive freedom(submitting to qualified voters).,Elections and Voting,Derived from LIS bill description,,
HB835,"Elections; candidates and elected officials, confidentiality of personally identifiable information.",Elections and Voting,Derived from LIS bill description,,
HB187,"Virginia Beach, City of; amending charter, transition to a city council, voting districts.",Elections and Voting,Derived from LIS bill description,,
SB632,"Elections; candidates and elected officials, confidentiality of personally identifiable information.",Elections and Voting,Derived from LIS bill description,,
SB533,"Elections; absentee voting in person, uniform availability.",Elections and Voting,Derived from LIS bill description,,
SB249,"Electric utilities; definitions, integrated resource plans, report.",Energy and Utilities,Derived from LIS bill description,,
HB429,"Electric utilities; definitions, integrated resource plans, report.",Energy and Utilities,Derived from LIS bill description,,
SB700,Large-Scale Electricity Consumer Infrastructure Impact Fund; created.,Energy and Utilities,Derived from LIS bill description,,
SB94,"Data centers; site assessment, sound profile of the high energy use facility.",Energy and Utilities,Derived from LIS bill description,,
SB458,Electric utilities; regional energy market.,Energy and Utilities,Derived from LIS bill description,,
SB253,Electric utilities; pilot programs for energy assistance and weatherization for certain individuals.,Energy and Utilities,Derived from LIS bill description,,
HB628,"Renewable energy portfolio standard program; requirements, power purchase agreements.",Energy and Utilities,Derived from LIS bill description,,
HB899,"Small renewable energy projects; agrivoltaics definition, advisory panel.",Energy and Utilities,Derived from LIS bill description,,
SB751,Utility Facilities Act; definition of public utility.,Energy and Utilities,Derived from LIS bill description,,
HB824,"Data centers; energy generation and storage, report.",Energy and Utilities,Derived from LIS bill description,,
SB256,Appliance minimum energy and water conservation standards; requirement of manufacturers.,Environment and Conservation,Derived from LIS bill description,,
HB607,"Aggregate air pollution; Department of Environmental Quality to study, data center generators.",Environment and Conservation,Derived from LIS bill description,,
HB521,"Marine Resources Commission; powers and duties, impacts on wetlands, report.",Environment and Conservation,Derived from LIS bill description,,
SB327,"Electric utilities; pilot program for electric energy conservation, solar energy generation.",Environment and Conservation,Derived from LIS bill description,,
HB377,"Uniform Statewide Building Code; amendments, energy efficiency and conservation.",Environment and Conservation,Derived from LIS bill description,,
SB814,"Conservation easement owners, certain; DCR to report demographic information.",Environment and Conservation,Derived from LIS bill description,,
HB914,Local Environmental Impact Fund; created.,Environment and Conservation,Derived from LIS bill description,,
SB393,"Virginia's Great Outdoors Act; established, creates data center land conservation tax.",Environment and Conservation,Derived from LIS bill description,,
SB422,Virginia Conservation Easement Act; definition of federally recognized tribe.,Environment and Conservation,Derived from LIS bill description,,
HB500,New state park; Dept. of Conservation & Recreation to acquire prop. to establish in Loudoun County.,Environment and Conservation,Derived from LIS bill description,,
SB348,"Firearms; storage in residence where minor or person prohibited from possessing is present, penalty.",Family and Children,Derived from LIS bill description,,
SB640,"Child abuse or neglect; centralized hotline for reports or complaints, etc.",Family and Children,Derived from LIS bill description,,
HB18,"Employee Child Care Assistance Program; established, reports.",Family and Children,Derived from LIS bill description,,
SB655,"Fentanyl; possession in presence of minor prohibited, enhanced penalty.",Family and Children,Derived from LIS bill description,,
HB191,Victims of sex trafficking; immunity for minors to arrest or prosecution for prostitution.,Family and Children,Derived from LIS bill description,,
SB305,"Kinship foster care; barrier crime waiver, report.",Family and Children,Derived from LIS bill description,,
HB440,Driver's licenses; repeals suspension for nonpayment of child support and unsatisfied judgments.,Family and Children,Derived from LIS bill description,,
HB280,Comprehensive children's health care coverage program; DMAS Services to establish.,Family and Children,Derived from LIS bill description,,
HB664,Adult adoptee access to original birth certificate; contact preference form.,Family and Children,Derived from LIS bill description,,
SB778,Display of obscene material to a minor unlawful; penalty.,Family and Children,Derived from LIS bill description,,
HB827,Financial institutions; loans and legal rate of interest.,Financial Institutions and Services,Derived from LIS bill description,,
SB489,"Financial institutions and services; virtual currency kiosk operators, license required, penalties.",Financial Institutions and Services,Derived from LIS bill description,,
HB665,"Financial institutions and services; virtual currency kiosk operators, license required, penalties.",Financial Institutions and Services,Derived from LIS bill description,,
SB774,"Financial institutions; processing fee on taxes prohibited, civil penalty.",Financial Institutions and Services,Derived from LIS bill description,,
HB902,Financial institutions; out-of-state credit unions.,Financial Institutions and Services,Derived from LIS bill description,,
SB478,Financial institutions; loans and legal rate of interest.,Financial Institutions and Services,Derived from LIS bill description,,
SB432,Financial institutions; loans and legal rate of interest.,Financial Institutions and Services,Derived from LIS bill description,,
SB734,Financial institutions; officers and directors.,Financial Institutions and Services,Derived from LIS bill description,,
HB540,Carrying firearms in restricted locations; exception.,Firearms,Derived from LIS bill description,,
SB727,"Assault firearms; carrying in public areas prohibited, exceptions, penalty.",Firearms,Derived from LIS bill description,,
SB763,"Retail Sales and Use Tax; definitions, imposes firearm and ammunition tax.",Firearms,Derived from LIS bill description,,
SB723,Concealed handgun; carrying without a permit.,Firearms,Derived from LIS bill description,,
HB692,Concealed handgun permit; lowers fee for processing an application.,Firearms,Derived from LIS bill description,,
HB926,"Outdoor shooting of firearm on property without reasonable care; prohibition, penalty.",Firearms,Derived from LIS bill description,,
HB919,Retail Sales and Use Tax; impose firearm and ammunition tax.,Firearms,Derived from LIS bill description,,
HB916,"Concealed handgun permit; demonstrated competence, effective clause.",Firearms,Derived from LIS bill description,,
SB86,"State Police,  Department of; purchase of handguns or other weapons of certain officers.",Firearms,Derived from LIS bill description,,
HB696,"Firearm/explosive material; carrying into a bldg. owned or leased by the Commonwealth, exceptions.",Firearms,Derived from LIS bill description,,
HB49,"Pari-mutuel wagering; historical horse racing, percentage retained for distribution.","Gambling, Lotteries, Etc.",Derived from LIS bill description,,
SB159,"Pari-mutuel wagering; historical horse racing, percentage retained for distribution.","Gambling, Lotteries, Etc.",Derived from LIS bill description,,
HB32,Problem Gambling Treatment and Support Advisory Committee; appointment of additional members.,"Gambling, Lotteries, Etc.",Derived from LIS bill description,,
SB765,"Charitable gaming; definition of poker events, prohibited practices.","Gambling, Lotteries, Etc.",Derived from LIS bill description,,
HB396,"Charitable gaming; definitions, Texas Hold'em poker tournaments, minimum age to participate.","Gambling, Lotteries, Etc.",Derived from LIS bill description,,
HB791,Charitable gaming; conduct of athletic event drawings.,"Gambling, Lotteries, Etc.",Derived from LIS bill description,,
HB399,"Charitable gaming; regulations, predetermined percentage of receipts.","Gambling, Lotteries, Etc.",Derived from LIS bill description,,
SB604,"Charitable gaming; common interest communities, bingo.","Gambling, Lotteries, Etc.",Derived from LIS bill description,,
SB247,"Nursing homes; application to Commissioner of Health for change of operator license, civil penalty.",Health and Healthcare,Derived from LIS bill description,,
HB855,Medicaid; estate recoveries.,Health and Healthcare,Derived from LIS bill description,,
SB811,"Clinical nurse specialists; practice agreements, consultation requirements.",Health and Healthcare,Derived from LIS bill description,,
HB481,Prior authorization; requiring physician review for denial.,Health and Healthcare,Derived from LIS bill description,,
SJ21,Medical errors; Jt. Com. on Health Care to study options for establishing protected reporting system,Health and Healthcare,Derived from LIS bill description,,
SB593,"Health insurance; balance billing protection, emergency medical services vehicle transportation.",Health and Healthcare,Derived from LIS bill description,,
SB332,Medical marijuana; administration to terminally ill patients.,Health and Healthcare,Derived from LIS bill description,,
HB991,"Income tax, state; subtraction for volunteer firefighters and emergency medical services personnel.",Health and Healthcare,Derived from LIS bill description,,
HB309,"Temporary detention in hospital; issuance of order for testing, observation, or treatment.",Health and Healthcare,Derived from LIS bill description,,
HB75,Medical marijuana; administration to terminally ill patients.,Health and Healthcare,Derived from LIS bill description,,
HB265,"Students, certain; grants at public institutions of higher education, qualifications.",Higher Education,Derived from LIS bill description,,
HB423,"Roanoke Higher Education Authority; board of trustees, reduces membership.",Higher Education,Derived from LIS bill description,,
HB955,Certain student enrollment data; State Council of Higher Education for Virginia to annually report.,Higher Education,Derived from LIS bill description,,
SB773,"Community Colleges, State Board for; acquisition and improvement of certain property.",Higher Education,Derived from LIS bill description,,
SB445,"Motor Vehicles, Department of;  release of data to certain institutions of higher education, fee.",Higher Education,Derived from LIS bill description,,
SB272,"Firearm or explosive material; exemptions, carrying in public institutions of higher education.",Higher Education,Derived from LIS bill description,,
HJ159,Commending the Virginia Community College System.,Higher Education,Derived from LIS bill description,,
SB231,"Community Colleges and Virginia Community College System, State Board for; funding model, report.",Higher Education,Derived from LIS bill description,,
HB430,"New College Institute; reconstitution of Institute as West Piedmont Higher Education Center, etc.",Higher Education,Derived from LIS bill description,,
SJ234,Commending Virginia Western Community College.,Higher Education,Derived from LIS bill description,,
SB392,Site cleanup guidelines; residential property and other buildings used for illicit drugs.,Housing,Derived from LIS bill description,,
HB910,Comprehensive statewide housing needs assessment; review of certain parcels.,Housing,Derived from LIS bill description,,
HB953,"Future of redevelopment and housing authorities; DHCD, et al., to examine, report.",Housing,Derived from LIS bill description,,
SB577,Virginia Residential Property Disclosure Act; required disclosures for buyer beware.,Housing,Derived from LIS bill description,,
SB349,Virginia Residential Landlord and Tenant Act; pre-tenancy fees.,Housing,Derived from LIS bill description,,
SB488,Localities; statewide housing targets.,Housing,Derived from LIS bill description,,
HB174,Va. Residential Landlord & Tenant Act; early termination of rental agreement by military personnel.,Housing,Derived from LIS bill description,,
HB519,Virginia Residential Landlord and Tenant Act; definition of essential services.,Housing,Derived from LIS bill description,,
HB352,Local authority; authorized by ordinance to establish affordable housing performance grant programs.,Housing,Derived from LIS bill description,,
HB95,"Va. Residential Landlord and Tenant Act; landlord remedies, noncompliance with rental agreement.",Housing,Derived from LIS bill description,,
SB422,Virginia Conservation Easement Act; definition of federally recognized tribe.,Indian Tribes,Derived from LIS bill description,,
HB140,"Federally Recognized Tribes, Commission on; purpose, powers, sunset extended.",Indian Tribes,Derived from LIS bill description,,
SB353,"Consultation with federally recognized tribes; permits and reviews, etc.",Indian Tribes,Derived from LIS bill description,,
HB134,Virginia Conservation Easement Act; definition of federally recognized tribe.,Indian Tribes,Derived from LIS bill description,,
SB481,Emergency services and disaster preparedness programs; inclusion of federally recognized tribes.,Indian Tribes,Derived from LIS bill description,,
HB349,Emergency services and disaster preparedness programs; inclusion of federally recognized tribes.,Indian Tribes,Derived from LIS bill description,,
HB368,"American Indians, Virginia and federally recognized tribes; establishes definitions, sovereignty.",Indian Tribes,Derived from LIS bill description,,
HB367,"Consultation with federally recognized tribes; permits and reviews, etc.",Indian Tribes,Derived from LIS bill description,,
SB356,"American Indians, Virginia and federally recognized tribes; establishes definitions, sovereignty.",Indian Tribes,Derived from LIS bill description,,
SB626,Health insurance; reporting requirements.,Insurance,Derived from LIS bill description,,
SB172,"Health insurance claims; electronic information or attachments accepted, delayed effective date.",Insurance,Derived from LIS bill description,,
SB228,"Localities; liability insurance, certain waiver of sovereign immunity.",Insurance,Derived from LIS bill description,,
SB594,Motor vehicle insurance; unauthorized addition of insured drivers prohibited.,Insurance,Derived from LIS bill description,,
SB535,Nursing homes and certified nursing facilities; required liability insurance coverage.,Insurance,Derived from LIS bill description,,
SB693,"Motor vehicle insurance; unfair discrimination based on individual's consumer credit info., report.",Insurance,Derived from LIS bill description,,
HB227,Line of Duty Act; transitional coverage.,Insurance,Derived from LIS bill description,,
HB618,Health insurance; reporting requirements.,Insurance,Derived from LIS bill description,,
HB424,"Health insurance; definitions, prohibited restrictions on in-network referrals.",Insurance,Derived from LIS bill description,,
HB220,Health insurance; tobacco surcharge.,Insurance,Derived from LIS bill description,,
HB849,"Public school employees; suspension, notice and opportunity for a hearing.",Labor and Employment,Derived from LIS bill description,,
HB478,"Diploma seal for excellence in fine arts; established, industry-recognized workforce credential.",Labor and Employment,Derived from LIS bill description,,
SB114,"Medicaid waivers; consumer-directed services, employer of record.",Labor and Employment,Derived from LIS bill description,,
SB518,"Public works contracts; prevailing wage rate, definitions, civil penalty.",Labor and Employment,Derived from LIS bill description,,
HB18,"Employee Child Care Assistance Program; established, reports.",Labor and Employment,Derived from LIS bill description,,
HB547,Private companies providing public transportation services; employee protections.,Labor and Employment,Derived from LIS bill description,,
HB815,Virginia Health Workforce Development Authority; administration of nursing scholarships.,Labor and Employment,Derived from LIS bill description,,
SB372,"Employment; expands provisions for paid sick leave, civil penalties.",Labor and Employment,Derived from LIS bill description,,
HB243,Corporate welfare tax; imposes on large employers a tax equal to 100% of qualified employee benefit.,Labor and Employment,Derived from LIS bill description,,
HB923,"Protection of employees; stay or pay contracts prohibited, civil penalty.",Labor and Employment,Derived from LIS bill description,,
HB177,Fee for passing bad checks to localities; payment order not paid by recipient.,Local Government,Derived from LIS bill description,,
SB488,Localities; statewide housing targets.,Local Government,Derived from LIS bill description,,
HB262,Minimum parking requirements; prohibition on mandates by localities.,Local Government,Derived from LIS bill description,,
HB14,Virginia Residential Landlord and Tenant Act; enforcement by localities.,Local Government,Derived from LIS bill description,,
HB1341,"Fairfax, City of; amending charter, financial powers.",Local Government,Derived from LIS bill description,,
SB462,"Louisa, Town of; new charter, previous charter repealed.",Local Government,Derived from LIS bill description,,
HB810,"Newport News, City of; amending charter, relating to city council.",Local Government,Derived from LIS bill description,,
HB375,"Manufactured Home Lot Rental Act; right of first refusal, resident entities and localities.",Local Government,Derived from LIS bill description,,
SB733,Local government; appropriation of local school funds to families for compulsory student attendance.,Local Government,Derived from LIS bill description,,
SB581,"Fairfax, City of; amending charter, elections, compensation for members of boards or commissions.",Local Government,Derived from LIS bill description,,
HB73,Juvenile and domestic relations district courts; petitions for relief of care and custody.,Marriage and Domestic Relations,Derived from LIS bill description,,
HB303,"Divorce; adultery, filing, parties living separate and apart, report.",Marriage and Domestic Relations,Derived from LIS bill description,,
HB716,"Income tax, state; innocent spouse tax relief.",Marriage and Domestic Relations,Derived from LIS bill description,,
SR15,Judges; nominations for election to juvenile and domestic relations district court.,Marriage and Domestic Relations,Derived from LIS bill description,,
HR485,Judges; nominations for election to juvenile and domestic relations district court.,Marriage and Domestic Relations,Derived from LIS bill description,,
SB311,"Constitutional amdmnt. marriage between two adult persons, repeal of same-sex marriage prohibition.",Marriage and Domestic Relations,Derived from LIS bill description,,
HJ315,"Election of Circuit Court Judges, General District Court Judges, and Juvenile and Domestic Relations District Court Judges.",Marriage and Domestic Relations,Derived from LIS bill description,,
SB206,Juvenile and domestic relations district courts; petitions for relief of care and custody.,Marriage and Domestic Relations,Derived from LIS bill description,,
HB556,"Divorce decrees; reports, includes social security numbers or other control numbers.",Marriage and Domestic Relations,Derived from LIS bill description,,
HR26,Judges; nominations for election to juvenile and domestic relations district court.,Marriage and Domestic Relations,Derived from LIS bill description,,
SB304,"Va. Retirement System; enhanced retirement benefits for 911 dispatchers, delayed effective date.","Pensions, Benefits, and Retirement",Derived from LIS bill description,,
SB149,State-facilitated IRA savings program; various changes to the program.,"Pensions, Benefits, and Retirement",Derived from LIS bill description,,
HB47,"Income tax, state; subtractions, uniformed services and foreign service retirement benefits.","Pensions, Benefits, and Retirement",Derived from LIS bill description,,
SB148,"Income tax, state; subtraction for tax,  military retirement benefits, uniformed services.","Pensions, Benefits, and Retirement",Derived from LIS bill description,,
HB750,"Va. Retirement System; enhanced retirement benefits for 911 dispatchers, delayed effective date.","Pensions, Benefits, and Retirement",Derived from LIS bill description,,
HB204,Virginia Law Officers' Retirement System; extends membership to emergency dispatchers.,"Pensions, Benefits, and Retirement",Derived from LIS bill description,,
HB176,State-facilitated IRA savings program; various changes to the program.,"Pensions, Benefits, and Retirement",Derived from LIS bill description,,
SB695,"School boards; employment of school resource officers, enhanced retirement benefits.","Pensions, Benefits, and Retirement",Derived from LIS bill description,,
HB585,Va. Retirement System; enhanced retirement benefits for animal control officers and 911 dispatchers.,"Pensions, Benefits, and Retirement",Derived from LIS bill description,,
SB113,"Virginia Retirement System; service retirement allowance, return to work.","Pensions, Benefits, and Retirement",Derived from LIS bill description,,
HB573,"Breast implants; Board of Medicine, et al., to create educational materials for patients.",Professions and Occupations,Derived from LIS bill description,,
HB712,Office-based buprenorphine treatment; Board of Medicine to amend regulations.,Professions and Occupations,Derived from LIS bill description,,
SB641,Office-based buprenorphine treatment; Board of Medicine to amend regulations.,Professions and Occupations,Derived from LIS bill description,,
HB68,"Real property; effect on rate when assessment results in tax increase, consideration of inflation.",Property and Conveyances,Derived from LIS bill description,,
HB175,"Real property; tax exemption, surviving spouses of members of Armed Forces who died in line of duty.",Property and Conveyances,Derived from LIS bill description,,
SB604,"Charitable gaming; common interest communities, bingo.",Property and Conveyances,Derived from LIS bill description,,
HB261,Real property; tax classification of land and improvements in City of Newport News.,Property and Conveyances,Derived from LIS bill description,,
SB334,Conveyances of interests in real property; public hearing required.,Property and Conveyances,Derived from LIS bill description,,
HB798,"Virginia Disposition of Unclaimed Property Act; definitions, digital assets.",Property and Conveyances,Derived from LIS bill description,,
SB647,"Unmanned aircraft systems; use by law-enforcement officers, search warrants.",Public Safety,Derived from LIS bill description,,
SB53,Lighted vehicle headlights; lawful stop by law-enforcement officer.,Public Safety,Derived from LIS bill description,,
HB991,"Income tax, state; subtraction for volunteer firefighters and emergency medical services personnel.",Public Safety,Derived from LIS bill description,,
SB395,"Emergency and temporary detention transportation; clarifies term of  ""law-enforcement officer.""",Public Safety,Derived from LIS bill description,,
HB393,Firefighters Cancer Screening Grant Program and Fund; established.,Public Safety,Derived from LIS bill description,,
HB406,"Workers' compensation; disability of law-enforcement officer, spousal wage replacement, report.",Public Safety,Derived from LIS bill description,,
SB389,"Motor vehicles; use of safety belt systems, exempts certain emergency medical services personnel.",Public Safety,Derived from LIS bill description,,
HB7,"Law-enforcement officers; restrictions on wearing of facial coverings, exceptions, civil liability.",Public Safety,Derived from LIS bill description,,
SB633,Emergency medical services and medical support; VDH to publish resources regarding large events.,Public Safety,Derived from LIS bill description,,
HJ288,Commending the Haymarket Police Department.,Public Safety,Derived from LIS bill description,,
HB866,"Food insecurity/hunger; Department of Social Services, et al., to develop statewide survey, report.",Social Services,Derived from LIS bill description,,
HB18,"Employee Child Care Assistance Program; established, reports.",Social Services,Derived from LIS bill description,,
SB243,"Adult protective services; creates adult abuse, neglect, and exploitation central registry.",Social Services,Derived from LIS bill description,,
SB564,Unlicensed care homes; homes to register with Department of Social Services.,Social Services,Derived from LIS bill description,,
HB651,"Social Services, Department of; family assessments, face-to-face interviews with victim children.",Social Services,Derived from LIS bill description,,
HB371,"End Hunger, Virginia Commission to; changes membership.",Social Services,Derived from LIS bill description,,
SB119,"Employee Child Care Assistance Pilot Program; established, report.",Social Services,Derived from LIS bill description,,
HB727,"Social services, local boards of; appointments, terms of office.",Social Services,Derived from LIS bill description,,
SB97,Hunger-Free Campus Grant Program; establishment of student meal plan credit donation program.,Social Services,Derived from LIS bill description,,
HB674,Department of Health; collection and publication of food insecurity information.,Social Services,Derived from LIS bill description,,
HB54,State Government Internship Coordinator; DHRM to establish and employ.,State Government,Derived from LIS bill description,,
HB81,State agencies; amdnt. of regulations pertaining to maximum temp. at which certain rooms may be kept.,State Government,Derived from LIS bill description,,
HB728,"Health, State Board of; permanent pump and haul of sewage, agritourism",State Government,Derived from LIS bill description,,
HB554,State officers and employees; state agencies to establish alternative work schedules.,State Government,Derived from LIS bill description,,
HB482,"Local and Regional Jails, State Board of; supervision by Office of Dept. of Corrections Ombudsman.",State Government,Derived from LIS bill description,,
SB291,"Health, State Board of, regulations; standards for levels of neonatal care.",State Government,Derived from LIS bill description,,
SJ139,Confirming Governors appointments; February 2.,State Government,Derived from LIS bill description,,
SB816,Employees of state government; personal interest in certain contracts prohibited.,State Government,Derived from LIS bill description,,
SB231,"Community Colleges and Virginia Community College System, State Board for; funding model, report.",State Government,Derived from LIS bill description,,
HB456,"Health, State Board of, regulations; standards for levels of neonatal care.",State Government,Derived from LIS bill description,,
HB432,"Property Appraisal and Valuation Equity, Task Force on; created, report, sunset.","Study Commissions, Committees, and Reports",Derived from LIS bill description,,
HJ26,Light rail operations; Dept. of Rail & Public Transportation to study feasibility.,"Study Commissions, Committees, and Reports",Derived from LIS bill description,,
HB652,Parental prenatal & postnatal substance use; work group to evaluate Commonwealth's response to use.,"Study Commissions, Committees, and Reports",Derived from LIS bill description,,
SB439,College and Career Ready Virginia Program; advisory committee and work group composition.,"Study Commissions, Committees, and Reports",Derived from LIS bill description,,
HB48,Suicide prevention; VDH to convene work group to develop plan to reduce among at-risk populations.,"Study Commissions, Committees, and Reports",Derived from LIS bill description,,
HB859,Farm to School Program Task Force; membership requirements.,"Study Commissions, Committees, and Reports",Derived from LIS bill description,,
SB98,"Emergency management; work group to evaluate existing needs in the Commonwealth, report.","Study Commissions, Committees, and Reports",Derived from LIS bill description,,
SB133,Parental prenatal & postnatal substance use; work group to evaluate Commonwealth's response to use.,"Study Commissions, Committees, and Reports",Derived from LIS bill description,,
HB969,"Virginia Gun Violence Prevention Center; work group to develop policy, etc., to establish.","Study Commissions, Committees, and Reports",Derived from LIS bill description,,
SB658,"Back-end, opt-out automatic voter registration; work group to study implementation.","Study Commissions, Committees, and Reports",Derived from LIS bill description,,
SB607,"Sales and use tax; additional local tax to support schools, referendum.",Taxes and Revenue,Derived from LIS bill description,,
HB550,Admissions tax in counties; retail sales and use tax dedicated to promotion of tourism.,Taxes and Revenue,Derived from LIS bill description,,
SB661,"Va. Small Business Economic Dev. Act; established, regulation and taxation of skill game machines.",Taxes and Revenue,Derived from LIS bill description,,
SB662,Taxation & revenues; extends sunsets for standard deduction and refundable earned income tax.,Taxes and Revenue,Derived from LIS bill description,,
HB10,Real property tax; classification of land and improvements.,Taxes and Revenue,Derived from LIS bill description,,
HB588,"Income tax, state; subtractions for military benefits.",Taxes and Revenue,Derived from LIS bill description,,
HB958,"Income tax, corporate; taxable income, net operating loss.",Taxes and Revenue,Derived from LIS bill description,,
HB960,"Personal property taxes; valuation, effective clause.",Taxes and Revenue,Derived from LIS bill description,,
HB334,Additional local sales and use tax to support schools; referendum.,Taxes and Revenue,Derived from LIS bill description,,
HB978,"Retail Sales and Use Tax; taxation on various services, includes digital personal property.",Taxes and Revenue,Derived from LIS bill description,,
HB758,"Artificial Intelligence Chatbots and Minors Act; established, prohibited practices, penalties.",Technology and Data,Derived from LIS bill description,,
SB118,"Virginia Lottery; casinos, internet gaming authorized, penalties, delayed effective date.",Technology and Data,Derived from LIS bill description,,
HB161,"Virginia Lottery; internet gaming authorized, definitions, penalties, effective clause.",Technology and Data,Derived from LIS bill description,,
SB730,Sales & use tax on taxable services & digital personal property; taxes levied in certain districts.,Technology and Data,Derived from LIS bill description,,
HB900,Sales & use tax on taxable services & digital personal property; taxes levied in certain districts.,Technology and Data,Derived from LIS bill description,,
HB797,Artificial intelligence; framework for person/entity acting as an independent verification org.,Technology and Data,Derived from LIS bill description,,
HB978,"Retail Sales and Use Tax; taxation on various services, includes digital personal property.",Technology and Data,Derived from LIS bill description,,
HB171,"Student instruction; Internet safety, policy to include key modern digital safety topics.",Technology and Data,Derived from LIS bill description,,
SB673,"Stalking; using electronically transmitted communication, penalty.",Technology and Data,Derived from LIS bill description,,
HB635,"Artificial Intelligence Chatbots Act; established, prohibited practices, penalties.",Technology and Data,Derived from LIS bill description,,
HB819,Pedestrians; walking on roadways that are part of divided highways.,Transportation,Derived from LIS bill description,,
HB446,Virginia Passenger Rail Authority; expands authority to exercise power of eminent domain.,Transportation,Derived from LIS bill description,,
SB145,"Marijuana field test; testimony as to the results; consuming, etc., while in a motor vehicle.",Transportation,Derived from LIS bill description,,
SB445,"Motor Vehicles, Department of;  release of data to certain institutions of higher education, fee.",Transportation,Derived from LIS bill description,,
HB11,"Emergency custody orders; transportation to treatment center, etc.",Transportation,Derived from LIS bill description,,
HB561,"Driving while intoxicated; refusal of tests, repeat offenders, ignition interlocks.",Transportation,Derived from LIS bill description,,
HB812,"Traffic regulation; bicycles, and certain other devices, bicycle signals.",Transportation,Derived from LIS bill description,,
SB396,"Driver's licenses; requirements for initial licensure, persons age 18 to 21.",Transportation,Derived from LIS bill description,,
HB192,General district courts; jurisdictional limits relating to motor vehicle accidents.,Transportation,Derived from LIS bill description,,
HJ14,"Constitutional amendment; tax exemption for motor vehicles owned for personal, noncommercial use.",Transportation,Derived from LIS bill description,,
HB1475,"Virginia Fungi Task Force; established, report.",Agriculture and Food,Derived from LIS bill summary,,
HB1443,"Owners of sewage treatment works; land application, marketing, or distributing of sewage sludge.",Agriculture and Food,Derived from LIS bill summary,,
HB1016,Cats and dogs; Virginia Cooperative Extension Service to create a list of toxic houseplants.,Agriculture and Food,Derived from LIS bill summary,,
HB1435,Agricultural Best Management Practices Cost-Share Program; funds to small farms.,Agriculture and Food,Derived from LIS bill summary,,
HB1316,Removal of clutter; cutting of grass; agricultural use exemption; Planning District 19.,Agriculture and Food,Derived from LIS bill summary,,
HB1091,Right to farm; solar panels.,Agriculture and Food,Derived from LIS bill summary,,
HB1086,"Virginia Public Procurement Act; preference for Virginia goods, school nutrition programs, sunset.",Agriculture and Food,Derived from LIS bill summary,,
HB1502,"Standby generators; DEQ shall conduct a study of generators used by by commercial facilities, etc.",Agriculture and Food,Derived from LIS bill summary,,
HB1169,"Small Farms, Office of, and Virginia Small Farms Fund; established and created, report.",Agriculture and Food,Derived from LIS bill summary,,
HB1375,"Pesticides; manufacture, distribution, use, or sale of paraquat prohibited.",Agriculture and Food,Derived from LIS bill summary,,
HB1045,Va. Alcoholic Beverage Control Authority; annual mixed beverage performing arts facility license.,Alcoholic Beverage and Cannabis Control,Derived from LIS bill summary,,
HB1181,"Alcoholic beverage control; expands definition of special events, mixed beverage caterer's licenses.",Alcoholic Beverage and Cannabis Control,Derived from LIS bill summary,,
HB1484,Alcoholic beverage control; designated outdoor refreshment areas.,Alcoholic Beverage and Cannabis Control,Derived from LIS bill summary,,
HB1197,"Alcoholic beverage control; suspension or revocation of certain retail licenses, reinstatement.",Alcoholic Beverage and Cannabis Control,Derived from LIS bill summary,,
HB1429,"Alcoholic beverage control; definitions, designer and vintage spirit bottles.",Alcoholic Beverage and Cannabis Control,Derived from LIS bill summary,,
HB1343,"Alcoholic beverage control; banquet license, municipality or nonprofit organization.",Alcoholic Beverage and Cannabis Control,Derived from LIS bill summary,,
HB1382,"Members of U.S. Armed Forces, etc.; domicile & residential requirements for annulment, etc.",Armed Forces,Derived from LIS bill summary,,
HB1167,Public school funding; composite index of local ability-to-pay; calculation.,Armed Forces,Derived from LIS bill summary,,
HB1063,"Opioid antagonist; distribution program, reports.",Behavioral Health,Derived from LIS bill summary,,
HB1105,Misdemeanor proceedings; competency treatment.,Behavioral Health,Derived from LIS bill summary,,
HB1292,"Temporary detention; certified evaluators, sunset extended.",Behavioral Health,Derived from LIS bill summary,,
HB1462,Medicaid and health insurance plans; supervised billing.,Behavioral Health,Derived from LIS bill summary,,
HB1400,Health insurance; coverage for maternal mental health screenings.,Behavioral Health,Derived from LIS bill summary,,
HB1432,"Marijuana or marijuana products; underage possession, consequences, procedures.",Behavioral Health,Derived from LIS bill summary,,
HB1318,Hospitals; emergency department physicians.,Behavioral Health,Derived from LIS bill summary,,
HB1423,"Group homes; DBHDS to analyze oversight and accountability, report.",Behavioral Health,Derived from LIS bill summary,,
HB1113,Culturally responsive & language-appropriate mental health support & services; guidance & policies.,Behavioral Health,Derived from LIS bill summary,,
HB1370,Service providers; regulations for providers to individuals with developmental disabilities.,Behavioral Health,Derived from LIS bill summary,,
HB1331,"School division accessibility challenges and barriers; summary and plan, report.",Budget and Appropriations,Derived from LIS bill summary,,
HB1221,"Higher ed. financial aid programs; amends provisions, Va. Commonwealth Award established, report.",Budget and Appropriations,Derived from LIS bill summary,,
HB1001,"Virginia College Access and Affordability Scholarship Fund; established, report.",Budget and Appropriations,Derived from LIS bill summary,,
HB1208,"Public education; early childhood care and education, child care access calculations, report.",Budget and Appropriations,Derived from LIS bill summary,,
HB1373,Regional special ed.; DOE to assess enhancements & strategies to maximize use of funds for students.,Budget and Appropriations,Derived from LIS bill summary,,
HB1249,"Creative Economy Task Force; established, strategic plan, report, sunset.",Budget and Appropriations,Derived from LIS bill summary,,
HB1018,"Veterans & Defense Affairs, Sec. of; study to recommend plan to guide legislation rel. to veterans.",Budget and Appropriations,Derived from LIS bill summary,,
HB1258,"Pass-through limitation tax credit; report, penalty.",Budget and Appropriations,Derived from LIS bill summary,,
HB1153,"Community Builders Pilot Program; name change, statewide demonstration model site, repeals sunset.",Budget and Appropriations,Derived from LIS bill summary,,
HB1041,"DOC; powers and duties of Director, Virginia Prison Education Task Force established, report.",Budget and Appropriations,Derived from LIS bill summary,,
HB1500,Civil and criminal actions; service of subpoena for certain electronic records.,Business and Commerce,Derived from LIS bill summary,,
HB1239,"Va. Public Procurement Act; methods of procurement, competitive sealed bids negotiation exemption.",Business and Commerce,Derived from LIS bill summary,,
HB1431,Gift certificates; redeemable cash value.,Business and Commerce,Derived from LIS bill summary,,
HB1259,Virginia Residential Landlord and Tenant Act; mold remediation.,Business and Commerce,Derived from LIS bill summary,,
HB1133,Virginia Solar Energy and Battery Energy Storage Systems Program; established.,Business and Commerce,Derived from LIS bill summary,,
HB1141,Electric utilities; suspension of certain requirements.,Business and Commerce,Derived from LIS bill summary,,
HB1289,"Geology; added  to definition of ""professional services,"" continuing education.",Business and Commerce,Derived from LIS bill summary,,
HB1308,Virginia Public Procurement Act; adds to definition of professional services.,Business and Commerce,Derived from LIS bill summary,,
HB1183,Comprehensive community colleges; machinery and equipment for courses and programs.,Business and Commerce,Derived from LIS bill summary,,
HB1022,"Consumer protection; automatic renewal or continuous service offers, disclosure and cancellation.",Business and Commerce,Derived from LIS bill summary,,
HB1384,"Constitutional amendment; gen. approp. act, reapportionment, redistricting congressional districts.",Constitutional Amendments,Derived from LIS bill summary,,
HB1516,Appointment of administrator; property damage claims.,Courts and Civil Law,Derived from LIS bill summary,,
HB1271,Health insurance; pharmacy benefits managers; requirements and prohibited conduct.,Courts and Civil Law,Derived from LIS bill summary,,
HB1408,"Virginia Residential Landlord and Tenant Act; landlord remedies, rental agreement noncompliance.",Courts and Civil Law,Derived from LIS bill summary,,
HB1457,"Vehicle weight limits; violations, owner or lessee of commercial motor vehicle hauling coal.",Courts and Civil Law,Derived from LIS bill summary,,
HB1299,"Rules of construction; use of ""shall,"" effective clause, report.",Courts and Civil Law,Derived from LIS bill summary,,
HB1479,Punitive damages; hit and run drivers.,Courts and Civil Law,Derived from LIS bill summary,,
HB1361,"Virginia Residential Landlord & Tenant Act; civil action for unlawful detainer, termination notice.",Courts and Civil Law,Derived from LIS bill summary,,
HB1237,"Cemeteries; maintenance of abandoned or neglected graveyards, owner unknown.",Courts and Civil Law,Derived from LIS bill summary,,
HB1207,"Paid family & med. leave insurance program; definitions, notice requirements, civil action, report.",Courts and Civil Law,Derived from LIS bill summary,,
HB1302,Jurisdiction of district courts; assault and battery of a family or household member.,Courts and Civil Law,Derived from LIS bill summary,,
HB1294,"Use of artificial intelligence-based tools; covered artificial intelligence, disclosure of use.",Criminal Justice,Derived from LIS bill summary,,
HB1131,Elections; identification containing a photograph required and excuse required to vote absentee.,Criminal Justice,Derived from LIS bill summary,,
HB1028,"Search warrant; search of place of abode, copy of affidavit to be part of warrant.",Criminal Justice,Derived from LIS bill summary,,
HB1060,"Foster and adoptive homes; barrier crimes, exceptions.",Criminal Justice,Derived from LIS bill summary,,
HB1387,Teaching licenses; automatic revocation upon certain convictions.,Criminal Justice,Derived from LIS bill summary,,
HB1326,"Geriatric prisoners; conditional release, Parole Board shall promulgate regulations.",Criminal Justice,Derived from LIS bill summary,,
HB1482,"Law-enforcement officers; restrictions on wearing of facial coverings, exceptions, penalty.",Criminal Justice,Derived from LIS bill summary,,
HB1029,"Criminal complaint, warrant, summons, etc.; temporary sealing.",Criminal Justice,Derived from LIS bill summary,,
HB1508,VSP; responsible for investigating alleged serious violent incident resulting in death of an inmate.,Criminal Justice,Derived from LIS bill summary,,
HB1084,Adults charged with criminal offenses punishable by incarceration; Va. Longitudinal Data System.,Criminal Justice,Derived from LIS bill summary,,
HB1101,Local composite index school funding formula; data center revenue.,Data Centers,Derived from LIS bill summary,,
HB1132,Data center tax revenue; creates local residential renewable energy incentive program.,Data Centers,Derived from LIS bill summary,,
HB1515,Local approval of data centers; temporary moratorium.,Data Centers,Derived from LIS bill summary,,
HB1530,Transformer Manufacturing Expansion Grant Fund; created.,Economic Development,Derived from LIS bill summary,,
HB1076,Pharmaceutical Substance Manufacturing Grant Fund; created.,Economic Development,Derived from LIS bill summary,,
HB1475,"Virginia Fungi Task Force; established, report.",Economic Development,Derived from LIS bill summary,,
HB1033,Va. Economic Dev. Partnership Authority; Division of Incentives; due diligence for major projects.,Economic Development,Derived from LIS bill summary,,
HB1531,Solid Rocket Motor Manufacturing Grant Fund; created.,Economic Development,Derived from LIS bill summary,,
HB1138,Economic development incentives; wage requirements.,Economic Development,Derived from LIS bill summary,,
HB1461,"Income tax, state & corporate; microchip & semiconductor manufacturing & supply chain tax credits.",Economic Development,Derived from LIS bill summary,,
HB1208,"Public education; early childhood care and education, child care access calculations, report.",Economic Development,Derived from LIS bill summary,,
HB1493,"Economic development incentives; procedures for certain acts, economic development authorities.",Economic Development,Derived from LIS bill summary,,
HB1473,"Higher educational institutions, public; restrictions on student speech, limitations.",Education,Derived from LIS bill summary,,
HB1039,College and Career Ready Virginia Program; advisory committee and work group composition.,Education,Derived from LIS bill summary,,
HB1017,"School boards; excusing students from attendance at school, verified medical reasons.",Education,Derived from LIS bill summary,,
HB1377,VMI; Bd. of Visitors to examine higher education at the Institute.,Education,Derived from LIS bill summary,,
HB1460,"Public school teacher licensure requirement; comprehensive review of alt. licensure pathway, report.",Education,Derived from LIS bill summary,,
HB1306,"Virginia Retirement System; return to work, break in service.",Education,Derived from LIS bill summary,,
HB1136,Centralized mobile food units; VDH to study to determine viability of establishing an office.,Education,Derived from LIS bill summary,,
HB1153,"Community Builders Pilot Program; name change, statewide demonstration model site, repeals sunset.",Education,Derived from LIS bill summary,,
HB1452,"Medicaid; expedited review process for service authorization requests, report.",Education,Derived from LIS bill summary,,
HB1041,"DOC; powers and duties of Director, Virginia Prison Education Task Force established, report.",Education,Derived from LIS bill summary,,
HB1002,"Utilities, certain; notice procedures for nonpayment.",Elections and Voting,Derived from LIS bill summary,,
HB1447,Corporations and other entities; authority to engage in election activity or ballot-issue activity.,Elections and Voting,Derived from LIS bill summary,,
HB1384,"Constitutional amendment; gen. approp. act, reapportionment, redistricting congressional districts.",Elections and Voting,Derived from LIS bill summary,,
HB1014,Incapacitated persons; finding of lack of capacity to understand act of voting.,Elections and Voting,Derived from LIS bill summary,,
HB1185,Campaign finance; campaign depositories.,Elections and Voting,Derived from LIS bill summary,,
HB1107,"Virginia Retirement System; service retirement allowance, members who return to work.",Elections and Voting,Derived from LIS bill summary,,
HB1263,"Public employees; repeals existing prohibition on collective bargaining, etc.",Elections and Voting,Derived from LIS bill summary,,
HB1056,Voter registration by political party affiliation; partially closed primary elections.,Elections and Voting,Derived from LIS bill summary,,
HB1483,"Local government; elections, single-member districts required.",Elections and Voting,Derived from LIS bill summary,,
HB1442,"Polling places; prohibited activities, acts in furtherance of federal immigration laws.",Elections and Voting,Derived from LIS bill summary,,
HB1184,Electric utilities; retirement of certain electric generating units.,Energy and Utilities,Derived from LIS bill summary,,
HB1141,Electric utilities; suspension of certain requirements.,Energy and Utilities,Derived from LIS bill summary,,
HB1133,Virginia Solar Energy and Battery Energy Storage Systems Program; established.,Energy and Utilities,Derived from LIS bill summary,,
HB1361,"Virginia Residential Landlord & Tenant Act; civil action for unlawful detainer, termination notice.",Energy and Utilities,Derived from LIS bill summary,,
HB1077,"Electric utilities; SCC to investigate financial incentives, renewable energy portfolio standard.",Energy and Utilities,Derived from LIS bill summary,,
HB1106,"Electric utilities; renewable energy portfolio standard eligible sources, etc.",Energy and Utilities,Derived from LIS bill summary,,
HB1491,"Electric utilities; construction of new overhead transmission lines, siting requirements.",Energy and Utilities,Derived from LIS bill summary,,
HB1372,"Solar energy facilities; prevailing wage & apprenticeship requirements, state & local tax exemption.",Energy and Utilities,Derived from LIS bill summary,,
HB1515,Local approval of data centers; temporary moratorium.,Energy and Utilities,Derived from LIS bill summary,,
HB1081,"Working Lands Preservation, Office of; powers and duties, small renewable energy projects fees.",Energy and Utilities,Derived from LIS bill summary,,
HB1126,Native migratory fish; protection.,Environment and Conservation,Derived from LIS bill summary,,
HB1345,Public schools; industry-recognized uniform inspection and evaluation of indoor air quality.,Environment and Conservation,Derived from LIS bill summary,,
HB1031,"Electric utilities; RPS requirements, Air Pollution Control Board regulations.",Environment and Conservation,Derived from LIS bill summary,,
HB1475,"Virginia Fungi Task Force; established, report.",Environment and Conservation,Derived from LIS bill summary,,
HB1169,"Small Farms, Office of, and Virginia Small Farms Fund; established and created, report.",Environment and Conservation,Derived from LIS bill summary,,
HB1148,"Middle Peninsula Chesapeake Bay Pub. Access Authority; public purpose, submerged aquatic vegetation.",Environment and Conservation,Derived from LIS bill summary,,
HB1266,Environmental Justice in Permitting Process Guidance Memo; DEQ to publish an updated version.,Environment and Conservation,Derived from LIS bill summary,,
HB1037,"Science SOL & Curriculum Framework; instructional material to include climate change, etc.",Environment and Conservation,Derived from LIS bill summary,,
HB1466,Virginia Natural Resources Commitment Fund; extending application deadline.,Environment and Conservation,Derived from LIS bill summary,,
HB1072,Sewage sludge; local authority to test and monitor land application within its political boundaries.,Environment and Conservation,Derived from LIS bill summary,,
HB1204,Local government; appropriation of local school funds to families for compulsory student attendance.,Family and Children,Derived from LIS bill summary,,
HB1373,Regional special ed.; DOE to assess enhancements & strategies to maximize use of funds for students.,Family and Children,Derived from LIS bill summary,,
HB1010,"School crossing zones; large children's sports complexes, Planning District 8 (Northern Virginia).",Family and Children,Derived from LIS bill summary,,
HB1499,DOE; policies relating to instructional material that contains sexually explicit content.,Family and Children,Derived from LIS bill summary,,
HB1222,"Social services, local departments of; child abuse and neglect, recorded interviews.",Family and Children,Derived from LIS bill summary,,
HB1208,"Public education; early childhood care and education, child care access calculations, report.",Family and Children,Derived from LIS bill summary,,
HB1327,Fictive kin; definition.,Family and Children,Derived from LIS bill summary,,
HB1027,"Children; use of communication systems to facilitate certain offenses, exception.",Family and Children,Derived from LIS bill summary,,
HB1490,"Child abuse or neglect; establishes centralized hotline for reports or complaints, report.",Family and Children,Derived from LIS bill summary,,
HB1177,Local rent stabilization authority; civil penalty.,Family and Children,Derived from LIS bill summary,,
HB1166,"Financial institutions; check cashers, expiration of registration, delayed effective date.",Financial Institutions and Services,Derived from LIS bill summary,,
HB1307,Mortgage lenders and brokers; criminal history records check.,Financial Institutions and Services,Derived from LIS bill summary,,
HB1309,Consumer finance companies; additional charges.,Financial Institutions and Services,Derived from LIS bill summary,,
HB1524,"Assault firearms; carrying in public areas prohibited, exceptions, penalty.",Firearms,Derived from LIS bill summary,,
HB1482,"Law-enforcement officers; restrictions on wearing of facial coverings, exceptions, penalty.",Firearms,Derived from LIS bill summary,,
HB1015,"Firearms, etc.; carrying concealed weapon by persons convicted of misdemeanor hate crime prohibited.",Firearms,Derived from LIS bill summary,,
HB1472,"Relief; Johnson, Messiah Aladar, compensation for wrongful incarceration.",Firearms,Derived from LIS bill summary,,
HB1303,Nonresident concealed handgun permits; VSP to issue within 90 days of receipt of application.,Firearms,Derived from LIS bill summary,,
HB1082,"Crimes by gangs; definition of ""predicate criminal act,"" penalties.",Firearms,Derived from LIS bill summary,,
HB1035,"Public schools; school security and discipline, employment of school security officers, training.",Firearms,Derived from LIS bill summary,,
HB1525,"Firearms, certain; definitions, possession, transportation, or purchase by certain persons, penalty.",Firearms,Derived from LIS bill summary,,
HB1300,"State Police,  Department of; purchase of handguns or other weapons of certain officers.",Firearms,Derived from LIS bill summary,,
HB1427,"Handguns; limitation on purchases, exemption.",Firearms,Derived from LIS bill summary,,
HB1034,"Charitable gaming; use of proceeds, adjusted gross receipts, effective date.","Gambling, Lotteries, Etc.",Derived from LIS bill summary,,
HB1157,"Charitable gaming; denial, suspension, or revocation of permit.","Gambling, Lotteries, Etc.",Derived from LIS bill summary,,
HB1407,"Charitable gaming; veterans service organizations, use of proceeds.","Gambling, Lotteries, Etc.",Derived from LIS bill summary,,
HB1318,Hospitals; emergency department physicians.,Health and Healthcare,Derived from LIS bill summary,,
HB1123,"Income tax, state; credit for certain health care providers.",Health and Healthcare,Derived from LIS bill summary,,
HB1021,Affordable housing; development of an assisted living facility.,Health and Healthcare,Derived from LIS bill summary,,
HB1088,"Assisted living facilities; involuntary discharge, notice.",Health and Healthcare,Derived from LIS bill summary,,
HB1391,Sickle Cell Coordinated Access Network; established.,Health and Healthcare,Derived from LIS bill summary,,
HB1357,"Nursing facilities; comprehensive study of quality of care, etc., and operational practices.",Health and Healthcare,Derived from LIS bill summary,,
HB1495,Medicaid; oversight of services facilitation for consumer directed services.,Health and Healthcare,Derived from LIS bill summary,,
HB1025,"Access to investigational drugs, etc.; patient with severely debilitating condition.",Health and Healthcare,Derived from LIS bill summary,,
HB1522,"Nursing homes and assisted living facilities; licensure, automated external defibrillators.",Health and Healthcare,Derived from LIS bill summary,,
HB1109,Managed care organizations & pharmacy benefits manager; data collection and reporting requirements.,Health and Healthcare,Derived from LIS bill summary,,
HB1385,"Higher educational institutions, public; membership of governing boards.",Higher Education,Derived from LIS bill summary,,
HB1158,"Career and technical education courses, pathways, and credentials; biennial review, report.",Higher Education,Derived from LIS bill summary,,
HB1312,Virginia student tuition and mandatory fees; two-year freeze.,Higher Education,Derived from LIS bill summary,,
HB1183,Comprehensive community colleges; machinery and equipment for courses and programs.,Higher Education,Derived from LIS bill summary,,
HB1084,Adults charged with criminal offenses punishable by incarceration; Va. Longitudinal Data System.,Higher Education,Derived from LIS bill summary,,
HB1085,New Economy Workforce Credential Grant Program; eligible institutions.,Higher Education,Derived from LIS bill summary,,
HB1440,"Protected areas; certain federal immigration enforcement prohibited, penalty.",Higher Education,Derived from LIS bill summary,,
HB1359,"Firearms; purchase requirements, penalties.",Higher Education,Derived from LIS bill summary,,
HB1099,"Student-athlete name, image, and likeness deal transparency; best practices, report.",Higher Education,Derived from LIS bill summary,,
HB1001,"Virginia College Access and Affordability Scholarship Fund; established, report.",Higher Education,Derived from LIS bill summary,,
HB1005,"Virginia Residential Landlord and Tenant Act; rental payment methods, prohibited fees.",Housing,Derived from LIS bill summary,,
HB1409,Virginia Residential Landlord and Tenant Act; prohibited provisions in rental agreements.,Housing,Derived from LIS bill summary,,
HB1361,"Virginia Residential Landlord & Tenant Act; civil action for unlawful detainer, termination notice.",Housing,Derived from LIS bill summary,,
HB1021,Affordable housing; development of an assisted living facility.,Housing,Derived from LIS bill summary,,
HB1177,Local rent stabilization authority; civil penalty.,Housing,Derived from LIS bill summary,,
HB1093,"Virginia Residential Landlord and Tenant Act; landlord remedies, attorney fees capped.",Housing,Derived from LIS bill summary,,
HB1259,Virginia Residential Landlord and Tenant Act; mold remediation.,Housing,Derived from LIS bill summary,,
HB1058,Industrial development authorities; housing allowed in certain localities.,Housing,Derived from LIS bill summary,,
HB1415,"Va. Residential Landlord and Tenant Act; public funding for multifamily residential housing, etc.",Housing,Derived from LIS bill summary,,
HB1408,"Virginia Residential Landlord and Tenant Act; landlord remedies, rental agreement noncompliance.",Housing,Derived from LIS bill summary,,
HB1007,Virginia Birth-Related Neurological Injury Compensation Program and Fund; filing of claims.,Insurance,Derived from LIS bill summary,,
HB1462,Medicaid and health insurance plans; supervised billing.,Insurance,Derived from LIS bill summary,,
HB1400,Health insurance; coverage for maternal mental health screenings.,Insurance,Derived from LIS bill summary,,
HB1161,Government. Data Collection & Dissemin. Practices Act; dissemin. of personal info. to federal gov't.,Insurance,Derived from LIS bill summary,,
HB1234,"Land development; definitions, solar canopies in surface parking areas, delayed effective date.",Insurance,Derived from LIS bill summary,,
HB1212,Zoning; small lot residential districts required.,Insurance,Derived from LIS bill summary,,
HB1296,Health insurance; credits for general registrars and employees of general registrars.,Insurance,Derived from LIS bill summary,,
HB1182,"Health insurance; coverage for contraceptive drugs & devices, including over-the-counter.",Insurance,Derived from LIS bill summary,,
HB1468,Health insurance; coverage for doula care services.,Insurance,Derived from LIS bill summary,,
HB1450,"Health insurance; claims experience information, effective clause.",Insurance,Derived from LIS bill summary,,
HB1035,"Public schools; school security and discipline, employment of school security officers, training.",Labor and Employment,Derived from LIS bill summary,,
HB1450,"Health insurance; claims experience information, effective clause.",Labor and Employment,Derived from LIS bill summary,,
HB1092,"Protection of employees; standards for heat illness prevention, report.",Labor and Employment,Derived from LIS bill summary,,
HB1007,Virginia Birth-Related Neurological Injury Compensation Program and Fund; filing of claims.,Labor and Employment,Derived from LIS bill summary,,
HB1265,"Courthouses; certain civil arrests prohibited, definition, penalty.",Labor and Employment,Derived from LIS bill summary,,
HB1440,"Protected areas; certain federal immigration enforcement prohibited, penalty.",Labor and Employment,Derived from LIS bill summary,,
HB1207,"Paid family & med. leave insurance program; definitions, notice requirements, civil action, report.",Labor and Employment,Derived from LIS bill summary,,
HB1100,Wage garnishments; treasurers' liens for unpaid taxes and charges.,Labor and Employment,Derived from LIS bill summary,,
HB1470,"Annual school division health insur. premium data collection & reporting; publication, requirement.",Labor and Employment,Derived from LIS bill summary,,
HB1451,"Warehouse employers; required disclosures and recordkeeping, civil penalties.",Labor and Employment,Derived from LIS bill summary,,
HB1394,Loitering; unhoused persons.,Local Government,Derived from LIS bill summary,,
HB1507,Fraud and Abuse Whistle Blower Protection Act; Auditor of Public Accounts.,Local Government,Derived from LIS bill summary,,
HB1000,"Rappahannock Area Transportation Authority; created, funding, Planning District 16.",Local Government,Derived from LIS bill summary,,
HB1329,Local correctional facilities; reimbursements for housing convicted state felons.,Local Government,Derived from LIS bill summary,,
HB1053,GO Virginia grants; matching funds.,Local Government,Derived from LIS bill summary,,
HB1514,"Employment decisions; automated decision systems, civil penalty.",Local Government,Derived from LIS bill summary,,
HB1096,Substantial Risk Order Reporting System; established.,Local Government,Derived from LIS bill summary,,
HB1072,Sewage sludge; local authority to test and monitor land application within its political boundaries.,Local Government,Derived from LIS bill summary,,
HB1524,"Assault firearms; carrying in public areas prohibited, exceptions, penalty.",Local Government,Derived from LIS bill summary,,
HB1181,"Alcoholic beverage control; expands definition of special events, mixed beverage caterer's licenses.",Local Government,Derived from LIS bill summary,,
HB1517,"Mandatory sequestration of record; partial sealing, good cause shown exception.",Marriage and Domestic Relations,Derived from LIS bill summary,,
HB1074,State taxation; numerous changes to the Commonwealth's tax structure.,Marriage and Domestic Relations,Derived from LIS bill summary,,
HB1302,Jurisdiction of district courts; assault and battery of a family or household member.,Marriage and Domestic Relations,Derived from LIS bill summary,,
HB1051,"Income tax, state; real property tax relief credit.",Marriage and Domestic Relations,Derived from LIS bill summary,,
HB1406,"Foreign divorce decrees; exercise of power by courts of the Commonwealth, non-domiciled party.",Marriage and Domestic Relations,Derived from LIS bill summary,,
HB1167,Public school funding; composite index of local ability-to-pay; calculation.,Marriage and Domestic Relations,Derived from LIS bill summary,,
HB1520,Spouse of an eligible service member; employment and economic opportunities.,Marriage and Domestic Relations,Derived from LIS bill summary,,
HB1244,Absentee voting; emergency application for absentee ballot.,Marriage and Domestic Relations,Derived from LIS bill summary,,
HB1223,Health professionals; mandatory suicide training required.,Marriage and Domestic Relations,Derived from LIS bill summary,,
HB1382,"Members of U.S. Armed Forces, etc.; domicile & residential requirements for annulment, etc.",Marriage and Domestic Relations,Derived from LIS bill summary,,
HB1055,Virginia Law Officers' Retirement System; membership includes full-time sworn unit investigators.,"Pensions, Benefits, and Retirement",Derived from LIS bill summary,,
HB1107,"Virginia Retirement System; service retirement allowance, members who return to work.","Pensions, Benefits, and Retirement",Derived from LIS bill summary,,
HB1306,"Virginia Retirement System; return to work, break in service.","Pensions, Benefits, and Retirement",Derived from LIS bill summary,,
HB1128,"Va. Retirement System; enhanced retirement benefits for 911 dispatchers, delayed effective date.","Pensions, Benefits, and Retirement",Derived from LIS bill summary,,
HB1269,Virginia Law Officers' Retirement System; extends membership to emergency dispatchers.,"Pensions, Benefits, and Retirement",Derived from LIS bill summary,,
HB1267,"Virginia Law Officers' Retirement System; membership, definition of ""employee.""","Pensions, Benefits, and Retirement",Derived from LIS bill summary,,
HB1488,Virginia Retirement System; return to work for law-enforcement officers.,"Pensions, Benefits, and Retirement",Derived from LIS bill summary,,
HB1026,Foreign-trained chiropractors; licensure by endorsement.,Professions and Occupations,Derived from LIS bill summary,,
HB1117,"Professional and Occupational Regulation, Department of; universal license recognition.",Professions and Occupations,Derived from LIS bill summary,,
HB1383,"Technical prof. license; curriculum & instruction coursework, comprehensive community colleges.",Professions and Occupations,Derived from LIS bill summary,,
HB1139,"Medicine, Board of; membership, removal of residence requirements.",Professions and Occupations,Derived from LIS bill summary,,
HB1195,"School bds., etc.; applicants for employment involving direct contact w/children in public schools.",Professions and Occupations,Derived from LIS bill summary,,
HB1147,"Medicine and Nursing, Boards of; continuing education, bias reduction training.",Professions and Occupations,Derived from LIS bill summary,,
HB1488,Virginia Retirement System; return to work for law-enforcement officers.,Public Safety,Derived from LIS bill summary,,
HB1285,"St Emergency Med. Services Advisory Bd.; membership, regional emergency medical services councils.",Public Safety,Derived from LIS bill summary,,
HB1432,"Marijuana or marijuana products; underage possession, consequences, procedures.",Public Safety,Derived from LIS bill summary,,
HB1300,"State Police,  Department of; purchase of handguns or other weapons of certain officers.",Public Safety,Derived from LIS bill summary,,
HB1219,"Unmanned aircraft systems; use by law-enforcement officers, search warrants.",Public Safety,Derived from LIS bill summary,,
HB1220,Photo speed monitoring devices; placement and operation.,Public Safety,Derived from LIS bill summary,,
HB1321,"Primaries; abstract of votes, law-enforcement officer to obtain returns not forwarded.",Public Safety,Derived from LIS bill summary,,
HB1333,Paid firefighters; hours of work.,Public Safety,Derived from LIS bill summary,,
HB1261,Law-enforcement agencies; use of certain technology & interrogation practices; forensic laboratory.,Public Safety,Derived from LIS bill summary,,
HB1027,"Children; use of communication systems to facilitate certain offenses, exception.",Public Safety,Derived from LIS bill summary,,
HB1024,"Community Services Block Grant Program; revision of funding allocation formula, report.",Social Services,Derived from LIS bill summary,,
HB1088,"Assisted living facilities; involuntary discharge, notice.",Social Services,Derived from LIS bill summary,,
HB1222,"Social services, local departments of; child abuse and neglect, recorded interviews.",Social Services,Derived from LIS bill summary,,
HB1511,"Fatherhood Initiative; fatherhood needs assessment, etc.",Social Services,Derived from LIS bill summary,,
HB1490,"Child abuse or neglect; establishes centralized hotline for reports or complaints, report.",Social Services,Derived from LIS bill summary,,
HB1366,Local boards & departments; DSS to create corrective action plans & assumption of temporary control.,Social Services,Derived from LIS bill summary,,
HB1293,DJJ; transfer of responsibility to Secretary of Health and Human Resources.,Social Services,Derived from LIS bill summary,,
HB1297,"Adult protective services; creates adult abuse, neglect, and exploitation central registry.",Social Services,Derived from LIS bill summary,,
HB1116,Publicly accessible nursing home info. portal; reporting of incident involving emerg. med. services.,Social Services,Derived from LIS bill summary,,
HB1529,"Tax Commissioner; information sharing, eligibility for medical assistance.",Social Services,Derived from LIS bill summary,,
HB1405,Certain decedents; local department of social services allowed to pay reasonable funeral expense.,State Government,Derived from LIS bill summary,,
HB1321,"Primaries; abstract of votes, law-enforcement officer to obtain returns not forwarded.",State Government,Derived from LIS bill summary,,
HB1009,"Administration of government; language access equity, report.",State Government,Derived from LIS bill summary,,
HB1311,Employees of state government; personal interest in certain contracts prohibited.,State Government,Derived from LIS bill summary,,
HB1206,"State employees & public elementary & secondary school teachers; required annual trainings, report.",State Government,Derived from LIS bill summary,,
HB1126,Native migratory fish; protection.,State Government,Derived from LIS bill summary,,
HB1056,Voter registration by political party affiliation; partially closed primary elections.,State Government,Derived from LIS bill summary,,
HB1421,"Local and Regional Jails, State Board of; transferring administrative and supervisory authority.",State Government,Derived from LIS bill summary,,
HB1188,"Virginia Boys and Men Advisory Commission; established, report, sunset provision.",State Government,Derived from LIS bill summary,,
HB1263,"Public employees; repeals existing prohibition on collective bargaining, etc.",State Government,Derived from LIS bill summary,,
HB1120,"Electric power-assisted bicycles, etc.; improving safety for operators and general public, report.","Study Commissions, Committees, and Reports",Derived from LIS bill summary,,
HB1249,"Creative Economy Task Force; established, strategic plan, report, sunset.","Study Commissions, Committees, and Reports",Derived from LIS bill summary,,
HB1124,"Autonomous vehicles; work group to conduct an assessment of workforce impacts, etc.","Study Commissions, Committees, and Reports",Derived from LIS bill summary,,
HB1456,"Gov't efficiency; agency reporting requirement, etc., jt. subcom. on Gov't. Efficiency established.","Study Commissions, Committees, and Reports",Derived from LIS bill summary,,
HB1001,"Virginia College Access and Affordability Scholarship Fund; established, report.","Study Commissions, Committees, and Reports",Derived from LIS bill summary,,
HB1126,Native migratory fish; protection.,"Study Commissions, Committees, and Reports",Derived from LIS bill summary,,
HB1346,"Noncustodial Parent Employment and Child Support Pilot Program; created, report, sunset.","Study Commissions, Committees, and Reports",Derived from LIS bill summary,,
HB1353,"Statewide maternal health safety initiative; Commissioner of Health, et al., to evaluate, report.","Study Commissions, Committees, and Reports",Derived from LIS bill summary,,
HB1221,"Higher ed. financial aid programs; amends provisions, Va. Commonwealth Award established, report.","Study Commissions, Committees, and Reports",Derived from LIS bill summary,,
HB1464,"Victims of crime; reimbursement for expenses, report.","Study Commissions, Committees, and Reports",Derived from LIS bill summary,,
HB1272,"Electronic gaming devices; regulation, penalties, sunset.",Taxes and Revenue,Derived from LIS bill summary,,
HB1448,Petersburg Parking Authority; created.,Taxes and Revenue,Derived from LIS bill summary,,
HB1258,"Pass-through limitation tax credit; report, penalty.",Taxes and Revenue,Derived from LIS bill summary,,
HB1474,Retail Sales and Use Tax; exceptions for aircraft dealers.,Taxes and Revenue,Derived from LIS bill summary,,
HB1211,"Income tax, state; first-time homebuyer tax credit.",Taxes and Revenue,Derived from LIS bill summary,,
HB1407,"Charitable gaming; veterans service organizations, use of proceeds.",Taxes and Revenue,Derived from LIS bill summary,,
HB1133,Virginia Solar Energy and Battery Energy Storage Systems Program; established.,Taxes and Revenue,Derived from LIS bill summary,,
HB1179,"Transportation; changes various provisions of existing funds, etc.",Taxes and Revenue,Derived from LIS bill summary,,
HB1059,Bath and Augusta Counties School Boards; cost-savings agreements.,Taxes and Revenue,Derived from LIS bill summary,,
HB1230,"Income tax, state; sustainable aviation fuel production tax credit.",Taxes and Revenue,Derived from LIS bill summary,,
HB1514,"Employment decisions; automated decision systems, civil penalty.",Technology and Data,Derived from LIS bill summary,,
HB1500,Civil and criminal actions; service of subpoena for certain electronic records.,Technology and Data,Derived from LIS bill summary,,
HB1003,"Transportation network companies; establishes minimum compensation rates, civil penalty.",Technology and Data,Derived from LIS bill summary,,
HB1409,Virginia Residential Landlord and Tenant Act; prohibited provisions in rental agreements.,Technology and Data,Derived from LIS bill summary,,
HB1261,Law-enforcement agencies; use of certain technology & interrogation practices; forensic laboratory.,Technology and Data,Derived from LIS bill summary,,
HB1186,Artificial intelligence; use of systems for student instruction.,Technology and Data,Derived from LIS bill summary,,
HB1170,Law-enforcement agencies & sheriff's dept.; policy on use of covered artificial intelligence syst.,Technology and Data,Derived from LIS bill summary,,
HB1521,Digital innovation & infrastructure; establishing rights in digital property & technology resources.,Technology and Data,Derived from LIS bill summary,,
HB1257,Law-enforcement agencies; use of certain technologies & interrogation practices; forensic lab.,Technology and Data,Derived from LIS bill summary,,
HB1295,"Law enforcement; artificial intelligence inventory, civil action.",Technology and Data,Derived from LIS bill summary,,
HB1000,"Rappahannock Area Transportation Authority; created, funding, Planning District 16.",Transportation,Derived from LIS bill summary,,
HB1032,Rest areas and welcome centers; Department of Transportation to provide adult changing stations.,Transportation,Derived from LIS bill summary,,
HB1356,"Precipitation design standards; non-stationary precipitation, climate-adjusted rainfall.",Transportation,Derived from LIS bill summary,,
HB1241,"Hampton Roads Infrastructure Coordination and Readiness Framework; HRTPO to develop, report.",Transportation,Derived from LIS bill summary,,
HB1125,"Automated driving systems; requirements for operation, civil penalties, report.",Transportation,Derived from LIS bill summary,,
HB1457,"Vehicle weight limits; violations, owner or lessee of commercial motor vehicle hauling coal.",Transportation,Derived from LIS bill summary,,
HB1273,"Transportation network companies; requirements, civil penalties.",Transportation,Derived from LIS bill summary,,
HB1394,Loitering; unhoused persons.,Transportation,Derived from LIS bill summary,,
HB1124,"Autonomous vehicles; work group to conduct an assessment of workforce impacts, etc.",Transportation,Derived from LIS bill summary,,
HB1330,"Speed safety cameras, pedestrian crossing violation monitoring systems, etc.; violation enforcement.",Transportation,Derived from LIS bill summary,,
HB1513,"Qualified self-settled spendthrift trusts; disbursements, powers of trustee.","Wills, Trusts, and Fiduciaries",Derived from LIS bill summary,,
HJ22,"Birthplace of American Cuisine Day; designates as April 27, 2026, & each succeeding year thereafter.",Unclassified,Unclassified,,
SB820,"Community Builders Pilot Program; name change, statewide demonstration model site, repeals sunset.",Unclassified,Unclassified,,
HB788,Vehicle crash reports; open to inspection by towing and recovery operators.,Unclassified,Unclassified,,
HB1110,Blue catfish; Marine Products Board shall establish Chesapeake Wild Harvest certification.,Unclassified,Unclassified,,
HB970,"Dental assistants; supragingival scaling and coronal polishing, certification.",Unclassified,Unclassified,,
HB637,Possession of residue of a controlled substance unlawful; penalties exceptions.,Unclassified,Unclassified,,
HB1459,Ice-Free Comm. Act; notifi. to fed. immigr. authorities of pending release of persons from custody.,Unclassified,Unclassified,,
HB518,"Streaming advertisement volume control; definitions, volume of advertisements, civil penalties.",Unclassified,Unclassified,,
HB1057,Virginia Rural Housing Infrastructure Fund and Program; created and established.,Unclassified,Unclassified,,
HB778,Pop-up events; local enhanced enforcement actions.,Unclassified,Unclassified,,
HB949,"Covenants not to compete; exceptions, civil penalty.",Unclassified,Unclassified,,
HB483,Prescription Drug Affordability Board; established.,Unclassified,Unclassified,,
SB244,Managed care organization contracts; notice to providers.,Unclassified,Unclassified,,
HB249,Marcus alert system; external database information removal.,Unclassified,Unclassified,,
HJ8,15th Judicial Circuit; Judicial Council of Virginia to study organization and boundaries.,Unclassified,Unclassified,,
HR6,House of Delegates; establishing rules for the 2026-2027 Sessions of the General Assembly.,Unclassified,Unclassified,,
SB138,"PFAS monitoring; DEQ to require for industrial wastewater source, publicly owned treatment works.",Unclassified,Unclassified,,
SB665,Local housing policy; expands the range of changes that are required.,Unclassified,Unclassified,,
SB768,"Commonwealth Flood Prevention Match Assistance Fund and Program; established, report.",Unclassified,Unclassified,,
SB419,Retirement systems; one additional year creditable service for certain individuals.,Unclassified,Unclassified,,
SB435,"Lane filtering; motorcycles, penalty, delayed effective date.",Unclassified,Unclassified,,
HB1073,Advanced leak detection technologies; SCC shall establish standards for use by certain facilities.,Unclassified,Unclassified,,
HB883,"VDOT's approval process; projects involving buildings, road development, and other construction.",Unclassified,Unclassified,,
HR7,"House of Delegates; salaries, contingent and incidental expenses.",Unclassified,Unclassified,,
SB701,Virginia Lottery; disclosure of identity of winners.,Unclassified,Unclassified,,
HB999,"Virginia Human Rights Act; equal credit opportunities, Virginia Fair Housing Law, nondiscrimination.",Unclassified,Unclassified,,
HB756,"Death certificates; petitions to the court to amend, service upon State Registrar of Vital Records.",Unclassified,Unclassified,,
HB179,"Virginia Fleet Modernization Advisory Council; established, report, sunset.",Unclassified,Unclassified,,
SB205,Early Intervention Program for Infants and Toddlers with Disabilities; program extension.,Unclassified,Unclassified,,
SB56,"FOIA; procedure for responding to requests, charges, posting of notice of rights & responsibilities.",Unclassified,Unclassified,,
HB398,"Safeguarding American Veteran Empowerment Act; created, prohibited practices, penalties.",Unclassified,Unclassified,,
SB784,Bioslurry; prohibiting injection in wells in a groundwater management area.,Unclassified,Unclassified,,
HB408,Enterprise Zone Housing Availability Grant Program; established.,Unclassified,Unclassified,,
HB336,"Fetal and Infant Mortality Review Team; established, penalty, report.",Unclassified,Unclassified,,
HB1398,"Fetal and Infant Mortality Review Team; established, definitions, penalty, report.",Unclassified,Unclassified,,
HB718,Summons; issuance instead of warrant in certain cases.,Unclassified,Unclassified,,
HB638,"Data brokers; regulation, civil penalties.",Unclassified,Unclassified,,
SJ19,Commemorating the life and legacy of Gene Vincent.,Unclassified,Unclassified,,
HB742,Barbers; establishes licensure for barbershop trainees.,Unclassified,Unclassified,,
HB394,Fire Programs Fund; increases assessment.,Unclassified,Unclassified,,
HB755,"School Construction Program; use of grants, debt service.",Unclassified,Unclassified,,
HB228,"Accountancy, Board of; licensing requirements, inactive and emeritus status.",Unclassified,Unclassified,,
HB1334,Militia state active duty; cyber-related support.,Unclassified,Unclassified,,
SB541,Time zone; permanent Eastern Standard Time in the Commonwealth.,Unclassified,Unclassified,,
SB746,"Property Owners' Association Act; operation and management of assoc., condemnation of common area.",Unclassified,Unclassified,,
SB585,"Virginia Fair Housing Law, et al.; personalized algorithmic pricing disclosures, prohibitions.",Unclassified,Unclassified,,
SJ48,United States Navy; ship naming.,Unclassified,Unclassified,,
SB397,"Courthouse, jail, & court-related facilities; assessment of costs for construction, renovation, etc.",Unclassified,Unclassified,,
HB239,Loudoun County; DCR to accept property to establish a state park.,Unclassified,Unclassified,,
SB258,Virginia Human Rights Act; reasonable accommodation for known limitations related to menopause.,Unclassified,Unclassified,,
HB852,"Indigent defendant; abolition of fees, legal representation, jury trial costs, report.",Unclassified,Unclassified,,
HB277,"Zoning; wireless facility modifications, application process.",Unclassified,Unclassified,,
SB238,"Va. School for the Deaf & the Blind, Board of Visitors of the; authority to establish campus police.",Unclassified,Unclassified,,
HB46,Judges; maximum number in each judicial circuit.,Unclassified,Unclassified,,
HB208,Anti-harassment orders; creates a procedure for issuing an order.,Unclassified,Unclassified,,
SB183,Restaurants; identifying markers on delivery/carry out food due to consumer-identified food allergy.,Unclassified,Unclassified,,
SB454,Zoning; by-right multifamily residential development.,Unclassified,Unclassified,,
SB549,"General Assembly; intergovernmental affairs, etc.",Unclassified,Unclassified,,
SB399,"Driver training school and driver training instructors; standards, discipline, report.",Unclassified,Unclassified,,
SB546,"Mortgages; annual notice of potential assumption required, delayed effective date.",Unclassified,Unclassified,,
HB117,"Youth, Virginia Commission on; nonlegislative citizen member, person younger than 18 years of age.",Unclassified,Unclassified,,
HB660,Court fines and fees; waiver of fees for indigent defendant.,Unclassified,Unclassified,,
SB314,Tourism improvement districts; transient occupancy tax in Arlington County.,Unclassified,Unclassified,,
HB246,"Mental illness, neurocognitive disorder, etc.; affirmative defense or reduced penalty.",Unclassified,Unclassified,,
HB1465,"Blue catfish; marketing & production, Marine Prod. Board to establish full-time equivalent position.",Unclassified,Unclassified,,
SB559,Forgery or certain violations; amends venue provisions for prosecution.,Unclassified,Unclassified,,
HB621,"Property Owners' Association Act; disclosure requirements, declarant control.",Unclassified,Unclassified,,
HB183,"First-time home buyer savings plan; townhouses, principal limits.",Unclassified,Unclassified,,
HB404,"Enslaved Ancestors College Access Scholarship and Memorial Program; scholarships, administration.",Unclassified,Unclassified,,
HB939,"Higher ed. institu., baccalaureate public; board of visitors of Richard Bland College, membership.",Unclassified,Unclassified,,
HB695,"Restaurants; sodium warning label required, civil penalty.",Unclassified,Unclassified,,
HB13,RS and UT; food purchased for human consumption and essential personal hygiene products.,Unclassified,Unclassified,,
SB707,"Dogs; devocalization, prohibited, exception, penalty.",Unclassified,Unclassified,,
HB257,Comprehensive plan; social determinants of health.,Unclassified,Unclassified,,
HJ20,"Legacy property managed retreat studies; JLARC to study, non-federal sponsor contributions.",Unclassified,Unclassified,,
SJ209,Governor; confirming appointments.,Unclassified,Unclassified,,
HB1236,"Historical African American cemeteries and graves; qualified organization, Fairfax burial grounds.",Unclassified,Unclassified,,
SB615,"Consumer Data Protection Act; online device pricing, prohibition.",Unclassified,Unclassified,,
HB363,Regional Innovation Fund and Commonwealth Commercialization Fund; matching funds.,Unclassified,Unclassified,,
SB605,"Accountancy, Board of; licensing requirements, inactive and emeritus status.",Unclassified,Unclassified,,
HB752,"Mechanics' liens; liens attaching to property, memorandum of lien.",Unclassified,Unclassified,,
SB475,Court Date Reminder Program; established.,Unclassified,Unclassified,,
SJ69,Governor; confirming appointments.,Unclassified,Unclassified,,
SB679,"Regulatory Management, Office of; established.",Unclassified,Unclassified,,
HB390,"Habitat Policy Oversight Committee; established, membership, powers and duties, report.",Unclassified,Unclassified,,
HB924,"Public Instruction, Super. of; state program to support improvement of low-performing schools.",Unclassified,Unclassified,,
HB202,"Single-family-homes; prohibited acquisition, civil penalty.",Unclassified,Unclassified,,
HB441,"Judicial Inquiry and Review Commission; reform, increases membership.",Unclassified,Unclassified,,
HB108,Honor Guard Grant Program; Department of Veterans Services to establish.,Unclassified,Unclassified,,
HB223,Public defender; local funding for positions.,Unclassified,Unclassified,,
SB296,County manager plan of government; affordable dwelling unit ordinance.,Unclassified,Unclassified,,
HB679,Zoning; special exceptions for City of Portsmouth.,Unclassified,Unclassified,,
HB152,Little bluestem (Schizachyrium scoparium); designating as the official state grass.,Unclassified,Unclassified,,
SB401,"Authorized septic system inspectors; scope of services and requirements for performance, etc.",Unclassified,Unclassified,,
HB224,Paternity; proceedings to establish.,Unclassified,Unclassified,,
HB531,"Abortion; born alive infant, treatment and care, penalty.",Unclassified,Unclassified,,
HB479,Securities Act; investment advisor advertising.,Unclassified,Unclassified,,
SB345,"Guardianship/conservatorship of incapacitated adult; right to request counsel, right to a jury trial.",Unclassified,Unclassified,,
SB227,"Arbitration; high-volume service providers, selection of arbitrator, civil remedies.",Unclassified,Unclassified,,
SJ25,Wiccocomico Pinn lineage of Northumberland County.,Unclassified,Unclassified,,
