year,member_id,MBR_NAME,party,topic_name,classification,topic_vote_events,yes_votes,no_votes,directional_topic_votes,voting_tendency,yes_pct,no_pct
2026,H0375,Adele Y. McClure,D,Administration of Government,Official LIS subject,2,2,0,2,INSUFFICIENT DATA,100.0,0.0
2026,H0311,Alex Q. Askew,D,Administration of Government,Official LIS subject,2,2,0,2,INSUFFICIENT DATA,100.0,0.0
2026,H0239,Alfonso H. Lopez,D,Administration of Government,Official LIS subject,4,4,0,4,INSUFFICIENT DATA,100.0,0.0
2026,H0371,Amy J. Laufer,D,Administration of Government,Official LIS subject,2,2,0,2,INSUFFICIENT DATA,100.0,0.0
2026,H0380,Atoosa R. Reaser,D,Administration of Government,Official LIS subject,2,2,0,2,INSUFFICIENT DATA,100.0,0.0
2026,H0212,Betsy B. Carr,D,Administration of Government,Official LIS subject,2,2,0,2,INSUFFICIENT DATA,100.0,0.0
2026,H0329,Bill Wiley,R,Administration of Government,Official LIS subject,2,2,0,2,INSUFFICIENT DATA,100.0,0.0
2026,H0353,Bonita G. Anthony,D,Administration of Government,Official LIS subject,5,5,0,5,INSUFFICIENT DATA,100.0,0.0
2026,H0343,Briana D. Sewell,D,Administration of Government,Official LIS subject,2,2,0,2,INSUFFICIENT DATA,100.0,0.0
2026,H0285,"C.E. Cliff Hayes, Jr.",D,Administration of Government,Official LIS subject,2,2,0,2,INSUFFICIENT DATA,100.0,0.0
2026,H0402,Charlie Schmidt,D,Administration of Government,Official LIS subject,2,2,0,2,INSUFFICIENT DATA,100.0,0.0
2026,H0208,Charniele L. Herring,D,Administration of Government,Official LIS subject,2,2,0,2,INSUFFICIENT DATA,100.0,0.0
2026,H0317,Dan I. Helmer,D,Administration of Government,Official LIS subject,4,4,0,4,INSUFFICIENT DATA,100.0,0.0
2026,H0301,David A. Reid,D,Administration of Government,Official LIS subject,2,2,0,2,INSUFFICIENT DATA,100.0,0.0
2026,H0361,Debra D. Gardner,D,Administration of Government,Official LIS subject,2,2,0,2,INSUFFICIENT DATA,100.0,0.0
2026,H0207,Delores L. McQuinn,D,Administration of Government,Official LIS subject,2,2,0,2,INSUFFICIENT DATA,100.0,0.0
2026,H0372,Destiny LeVere Bolling,D,Administration of Government,Official LIS subject,4,4,0,4,INSUFFICIENT DATA,100.0,0.0
2026,H0322,Don Scott,D,Administration of Government,Official LIS subject,2,2,0,2,INSUFFICIENT DATA,100.0,0.0
2026,H0334,Elizabeth B. Bennett-Parker,D,Administration of Government,Official LIS subject,1,1,0,1,INSUFFICIENT DATA,100.0,0.0
2026,H0297,Elizabeth R. Guzman,D,Administration of Government,Official LIS subject,2,1,0,1,INSUFFICIENT DATA,100.0,0.0
2026,H0384,Eric Phillips,R,Administration of Government,Official LIS subject,2,2,0,2,INSUFFICIENT DATA,100.0,0.0
2026,H0405,Garrett McGuire,D,Administration of Government,Official LIS subject,2,2,0,2,INSUFFICIENT DATA,100.0,0.0
2026,H0403,Gretchen M. Bulova,D,Administration of Government,Official LIS subject,2,2,0,2,INSUFFICIENT DATA,100.0,0.0
2026,H0347,"H. Otto Wachsmann, Jr.",R,Administration of Government,Official LIS subject,2,2,0,2,INSUFFICIENT DATA,100.0,0.0
2026,H0351,Holly M. Seibold,D,Administration of Government,Official LIS subject,2,2,0,2,INSUFFICIENT DATA,100.0,0.0
2026,H0344,Irene Shin,D,Administration of Government,Official LIS subject,5,5,0,5,INSUFFICIENT DATA,100.0,0.0
2026,H0385,JJ Singh,D,Administration of Government,Official LIS subject,4,4,0,4,INSUFFICIENT DATA,100.0,0.0
2026,H0349,Jackie H. Glass,D,Administration of Government,Official LIS subject,2,2,0,2,INSUFFICIENT DATA,100.0,0.0
2026,H0224,James W. Morefield,R,Administration of Government,Official LIS subject,2,2,0,2,INSUFFICIENT DATA,100.0,0.0
2026,H0173,Jeion A. Ward,D,Administration of Government,Official LIS subject,4,4,0,4,INSUFFICIENT DATA,100.0,0.0
2026,H0386,Jessica L. Anderson,D,Administration of Government,Official LIS subject,2,2,0,2,INSUFFICIENT DATA,100.0,0.0
2026,H0395,John Chilton McAuliff,D,Administration of Government,Official LIS subject,2,2,0,2,INSUFFICIENT DATA,100.0,0.0
2026,H0382,Joshua E. Thomas,D,Administration of Government,Official LIS subject,2,2,0,2,INSUFFICIENT DATA,100.0,0.0
2026,H0314,Joshua G. Cole,D,Administration of Government,Official LIS subject,2,2,0,2,INSUFFICIENT DATA,100.0,0.0
2026,H0370,Karen Keys-Gamarra,D,Administration of Government,Official LIS subject,2,2,0,2,INSUFFICIENT DATA,100.0,0.0
2026,H0387,"Karen R. ""Kacey"" Carnegie",D,Administration of Government,Official LIS subject,2,2,0,2,INSUFFICIENT DATA,100.0,0.0
2026,H0294,Karrie K. Delaney,D,Administration of Government,Official LIS subject,2,2,0,2,INSUFFICIENT DATA,100.0,0.0
2026,H0305,Kathy K.L. Tran,D,Administration of Government,Official LIS subject,2,2,0,2,INSUFFICIENT DATA,100.0,0.0
2026,H0354,Katrina Callsen,D,Administration of Government,Official LIS subject,2,2,0,2,INSUFFICIENT DATA,100.0,0.0
2026,H0295,Kelly K. Convirs-Fowler,D,Administration of Government,Official LIS subject,4,3,0,3,INSUFFICIENT DATA,100.0,0.0
2026,H0399,Kimberly Pope Adams,D,Administration of Government,Official LIS subject,2,2,0,2,INSUFFICIENT DATA,100.0,0.0
2026,H0406,Kirk McPike,D,Administration of Government,Official LIS subject,1,1,0,1,INSUFFICIENT DATA,100.0,0.0
2026,H0355,Laura Jane Cohen,D,Administration of Government,Official LIS subject,4,4,0,4,INSUFFICIENT DATA,100.0,0.0
2026,H0396,Leslie Chambers Mehta,D,Administration of Government,Official LIS subject,2,2,0,2,INSUFFICIENT DATA,100.0,0.0
2026,H0393,Lily V. Franklin,D,Administration of Government,Official LIS subject,2,2,0,2,INSUFFICIENT DATA,100.0,0.0
2026,H0391,Lindsey Dougherty,D,Administration of Government,Official LIS subject,2,2,0,2,INSUFFICIENT DATA,100.0,0.0
2026,H0227,Luke E. Torian,D,Administration of Government,Official LIS subject,2,2,0,2,INSUFFICIENT DATA,100.0,0.0
2026,H0284,"Marcia S. ""Cia"" Price",D,Administration of Government,Official LIS subject,2,2,0,2,INSUFFICIENT DATA,100.0,0.0
2026,H0264,Marcus B. Simon,D,Administration of Government,Official LIS subject,2,2,0,2,INSUFFICIENT DATA,100.0,0.0
2026,H0404,Margaret A. Franklin,D,Administration of Government,Official LIS subject,2,2,0,2,INSUFFICIENT DATA,100.0,0.0
2026,H0392,Mark C. Downey,D,Administration of Government,Official LIS subject,2,2,0,2,INSUFFICIENT DATA,100.0,0.0
2026,H0374,Marty Martinez,D,Administration of Government,Official LIS subject,2,2,0,2,INSUFFICIENT DATA,100.0,0.0
2026,H0397,May Nivar,D,Administration of Government,Official LIS subject,5,5,0,5,INSUFFICIENT DATA,100.0,0.0
2026,H0360,Michael B. Feggans,D,Administration of Government,Official LIS subject,5,5,0,5,INSUFFICIENT DATA,100.0,0.0
2026,H0340,Michelle Lopes Maldonado,D,Administration of Government,Official LIS subject,4,4,0,4,INSUFFICIENT DATA,100.0,0.0
2026,H0336,Nadarius E. Clark,D,Administration of Government,Official LIS subject,5,5,0,5,INSUFFICIENT DATA,100.0,0.0
2026,H0389,Nicole Cole,D,Administration of Government,Official LIS subject,2,2,0,2,INSUFFICIENT DATA,100.0,0.0
2026,H0219,Patrick A. Hope,D,Administration of Government,Official LIS subject,2,2,0,2,INSUFFICIENT DATA,100.0,0.0
2026,H0281,Paul E. Krizek,D,Administration of Government,Official LIS subject,2,2,0,2,INSUFFICIENT DATA,100.0,0.0
2026,H0366,Phil M. Hernandez,D,Administration of Government,Official LIS subject,2,1,0,1,INSUFFICIENT DATA,100.0,0.0
2026,H0124,R. Lee Ware,R,Administration of Government,Official LIS subject,2,2,0,2,INSUFFICIENT DATA,100.0,0.0
2026,H0356,Rae Cousins,D,Administration of Government,Official LIS subject,4,4,0,4,INSUFFICIENT DATA,100.0,0.0
2026,H0269,"Richard C. ""Rip"" Sullivan, Jr.",D,Administration of Government,Official LIS subject,5,5,0,5,INSUFFICIENT DATA,100.0,0.0
2026,H0267,"Robert S. Bloxom, Jr.",R,Administration of Government,Official LIS subject,2,2,0,2,INSUFFICIENT DATA,100.0,0.0
2026,H0327,Rodney T. Willett,D,Administration of Government,Official LIS subject,2,2,0,2,INSUFFICIENT DATA,100.0,0.0
2026,H0365,"Rozia A. Henson, Jr.",D,Administration of Government,Official LIS subject,2,2,0,2,INSUFFICIENT DATA,100.0,0.0
2026,H0266,Sam Rasoul,D,Administration of Government,Official LIS subject,2,2,0,2,INSUFFICIENT DATA,100.0,0.0
2026,H0323,Shelly A. Simonds,D,Administration of Government,Official LIS subject,2,2,0,2,INSUFFICIENT DATA,100.0,0.0
2026,H0388,Stacey Annie Carroll,D,Administration of Government,Official LIS subject,2,2,0,2,INSUFFICIENT DATA,100.0,0.0
2026,H0056,Terry G. Kilgore,R,Administration of Government,Official LIS subject,5,5,0,5,INSUFFICIENT DATA,100.0,0.0
2026,H0400,Virgil Thornton,D,Administration of Government,Official LIS subject,2,2,0,2,INSUFFICIENT DATA,100.0,0.0
2026,H0108,Vivian E. Watts,D,Administration of Government,Official LIS subject,2,2,0,2,INSUFFICIENT DATA,100.0,0.0
2026,H0357,Will Davis,R,Administration of Government,Official LIS subject,2,2,0,2,INSUFFICIENT DATA,100.0,0.0
2026,H0333,Jason S. Ballard,R,Administration of Government,Official LIS subject,4,3,1,4,INSUFFICIENT DATA,75.0,25.0
2026,H0348,Wren M. Williams,R,Administration of Government,Official LIS subject,5,2,1,3,INSUFFICIENT DATA,66.66666666666666,33.33333333333333
2026,H0350,Ellen H. McLaughlin,R,Administration of Government,Official LIS subject,2,1,1,2,INSUFFICIENT DATA,50.0,50.0
2026,H0259,"Hyland F. ""Buddy"" Fowler, Jr.",R,Administration of Government,Official LIS subject,2,1,1,2,INSUFFICIENT DATA,50.0,50.0
2026,H0242,Israel D. O'Quinn,R,Administration of Government,Official LIS subject,4,2,2,4,INSUFFICIENT DATA,50.0,50.0
2026,H0238,M. Keith Hodges,R,Administration of Government,Official LIS subject,2,1,1,2,INSUFFICIENT DATA,50.0,50.0
2026,H0401,Madison Whittle,R,Administration of Government,Official LIS subject,2,1,1,2,INSUFFICIENT DATA,50.0,50.0
2026,H0335,Mike A. Cherry,R,Administration of Government,Official LIS subject,2,1,1,2,INSUFFICIENT DATA,50.0,50.0
2026,H0253,Terry L. Austin,R,Administration of Government,Official LIS subject,2,1,1,2,INSUFFICIENT DATA,50.0,50.0
2026,H0345,Anne Ferrell Tata,R,Administration of Government,Official LIS subject,2,0,2,2,INSUFFICIENT DATA,0.0,100.0
2026,H0206,Barry D. Knight,R,Administration of Government,Official LIS subject,1,0,0,0,INSUFFICIENT DATA,0.0,0.0
2026,H0321,Chris S. Runion,R,Administration of Government,Official LIS subject,4,0,4,4,INSUFFICIENT DATA,0.0,100.0
2026,H0377,Delores Oates,R,Administration of Government,Official LIS subject,2,0,2,2,INSUFFICIENT DATA,0.0,100.0
2026,H0383,Eric R. Zehr,R,Administration of Government,Official LIS subject,2,0,2,2,INSUFFICIENT DATA,0.0,100.0
2026,H0369,Hillary Pugh Kent,R,Administration of Government,Official LIS subject,2,0,2,2,INSUFFICIENT DATA,0.0,100.0
2026,H0262,"James A. ""Jay"" Leftwich",R,Administration of Government,Official LIS subject,2,0,2,2,INSUFFICIENT DATA,0.0,100.0
2026,H0308,Joseph P. McNamara,R,Administration of Government,Official LIS subject,2,0,2,2,INSUFFICIENT DATA,0.0,100.0
2026,H0398,Justin Pence,R,Administration of Government,Official LIS subject,2,0,2,2,INSUFFICIENT DATA,0.0,100.0
2026,H0394,Karen Hamilton,R,Administration of Government,Official LIS subject,2,0,2,2,INSUFFICIENT DATA,0.0,100.0
2026,H0247,Michael J. Webert,R,Administration of Government,Official LIS subject,4,0,4,4,INSUFFICIENT DATA,0.0,100.0
2026,H0390,Mitchell Cornett,R,Administration of Government,Official LIS subject,2,0,2,2,INSUFFICIENT DATA,0.0,100.0
2026,H0342,Phillip A. Scott,R,Administration of Government,Official LIS subject,2,0,2,2,INSUFFICIENT DATA,0.0,100.0
2026,H0328,Scott A. Wyatt,R,Administration of Government,Official LIS subject,2,0,2,2,INSUFFICIENT DATA,0.0,100.0
2026,H0362,"Thomas A. Garrett, Jr.",R,Administration of Government,Official LIS subject,2,0,1,1,INSUFFICIENT DATA,0.0,100.0
2026,H0136,"Thomas C. Wright, Jr.",R,Administration of Government,Official LIS subject,2,0,1,1,INSUFFICIENT DATA,0.0,100.0
2026,H0364,Timothy P. Griffin,R,Administration of Government,Official LIS subject,2,0,2,2,INSUFFICIENT DATA,0.0,100.0
2026,H0231,Tony O. Wilt,R,Administration of Government,Official LIS subject,5,0,5,5,INSUFFICIENT DATA,0.0,100.0
2026,H0325,Wendell S. Walker,R,Administration of Government,Official LIS subject,2,0,2,2,INSUFFICIENT DATA,0.0,100.0
2026,H0375,Adele Y. McClure,D,Affordable Housing,Official LIS subject,2,2,0,2,INSUFFICIENT DATA,100.0,0.0
2026,H0311,Alex Q. Askew,D,Affordable Housing,Official LIS subject,1,1,0,1,INSUFFICIENT DATA,100.0,0.0
2026,H0239,Alfonso H. Lopez,D,Affordable Housing,Official LIS subject,1,1,0,1,INSUFFICIENT DATA,100.0,0.0
2026,H0371,Amy J. Laufer,D,Affordable Housing,Official LIS subject,1,1,0,1,INSUFFICIENT DATA,100.0,0.0
2026,H0380,Atoosa R. Reaser,D,Affordable Housing,Official LIS subject,2,2,0,2,INSUFFICIENT DATA,100.0,0.0
2026,H0212,Betsy B. Carr,D,Affordable Housing,Official LIS subject,3,3,0,3,INSUFFICIENT DATA,100.0,0.0
2026,H0353,Bonita G. Anthony,D,Affordable Housing,Official LIS subject,1,1,0,1,INSUFFICIENT DATA,100.0,0.0
2026,H0343,Briana D. Sewell,D,Affordable Housing,Official LIS subject,1,1,0,1,INSUFFICIENT DATA,100.0,0.0
2026,H0285,"C.E. Cliff Hayes, Jr.",D,Affordable Housing,Official LIS subject,1,1,0,1,INSUFFICIENT DATA,100.0,0.0
2026,H0402,Charlie Schmidt,D,Affordable Housing,Official LIS subject,1,1,0,1,INSUFFICIENT DATA,100.0,0.0
2026,H0208,Charniele L. Herring,D,Affordable Housing,Official LIS subject,1,1,0,1,INSUFFICIENT DATA,100.0,0.0
2026,H0317,Dan I. Helmer,D,Affordable Housing,Official LIS subject,1,1,0,1,INSUFFICIENT DATA,100.0,0.0
2026,H0301,David A. Reid,D,Affordable Housing,Official LIS subject,1,1,0,1,INSUFFICIENT DATA,100.0,0.0
2026,H0361,Debra D. Gardner,D,Affordable Housing,Official LIS subject,1,1,0,1,INSUFFICIENT DATA,100.0,0.0
2026,H0207,Delores L. McQuinn,D,Affordable Housing,Official LIS subject,1,1,0,1,INSUFFICIENT DATA,100.0,0.0
2026,H0377,Delores Oates,R,Affordable Housing,Official LIS subject,1,1,0,1,INSUFFICIENT DATA,100.0,0.0
2026,H0372,Destiny LeVere Bolling,D,Affordable Housing,Official LIS subject,1,1,0,1,INSUFFICIENT DATA,100.0,0.0
2026,H0322,Don Scott,D,Affordable Housing,Official LIS subject,1,1,0,1,INSUFFICIENT DATA,100.0,0.0
2026,H0334,Elizabeth B. Bennett-Parker,D,Affordable Housing,Official LIS subject,1,1,0,1,INSUFFICIENT DATA,100.0,0.0
2026,H0297,Elizabeth R. Guzman,D,Affordable Housing,Official LIS subject,3,3,0,3,INSUFFICIENT DATA,100.0,0.0
2026,H0405,Garrett McGuire,D,Affordable Housing,Official LIS subject,1,1,0,1,INSUFFICIENT DATA,100.0,0.0
2026,H0403,Gretchen M. Bulova,D,Affordable Housing,Official LIS subject,1,1,0,1,INSUFFICIENT DATA,100.0,0.0
2026,H0351,Holly M. Seibold,D,Affordable Housing,Official LIS subject,2,2,0,2,INSUFFICIENT DATA,100.0,0.0
2026,H0344,Irene Shin,D,Affordable Housing,Official LIS subject,1,1,0,1,INSUFFICIENT DATA,100.0,0.0
2026,H0385,JJ Singh,D,Affordable Housing,Official LIS subject,1,1,0,1,INSUFFICIENT DATA,100.0,0.0
2026,H0349,Jackie H. Glass,D,Affordable Housing,Official LIS subject,1,1,0,1,INSUFFICIENT DATA,100.0,0.0
2026,H0173,Jeion A. Ward,D,Affordable Housing,Official LIS subject,1,1,0,1,INSUFFICIENT DATA,100.0,0.0
2026,H0386,Jessica L. Anderson,D,Affordable Housing,Official LIS subject,1,1,0,1,INSUFFICIENT DATA,100.0,0.0
2026,H0395,John Chilton McAuliff,D,Affordable Housing,Official LIS subject,1,1,0,1,INSUFFICIENT DATA,100.0,0.0
2026,H0382,Joshua E. Thomas,D,Affordable Housing,Official LIS subject,1,1,0,1,INSUFFICIENT DATA,100.0,0.0
2026,H0314,Joshua G. Cole,D,Affordable Housing,Official LIS subject,2,2,0,2,INSUFFICIENT DATA,100.0,0.0
2026,H0370,Karen Keys-Gamarra,D,Affordable Housing,Official LIS subject,1,1,0,1,INSUFFICIENT DATA,100.0,0.0
2026,H0387,"Karen R. ""Kacey"" Carnegie",D,Affordable Housing,Official LIS subject,1,1,0,1,INSUFFICIENT DATA,100.0,0.0
2026,H0294,Karrie K. Delaney,D,Affordable Housing,Official LIS subject,2,2,0,2,INSUFFICIENT DATA,100.0,0.0
2026,H0305,Kathy K.L. Tran,D,Affordable Housing,Official LIS subject,1,1,0,1,INSUFFICIENT DATA,100.0,0.0
2026,H0354,Katrina Callsen,D,Affordable Housing,Official LIS subject,2,2,0,2,INSUFFICIENT DATA,100.0,0.0
2026,H0295,Kelly K. Convirs-Fowler,D,Affordable Housing,Official LIS subject,1,1,0,1,INSUFFICIENT DATA,100.0,0.0
2026,H0399,Kimberly Pope Adams,D,Affordable Housing,Official LIS subject,1,1,0,1,INSUFFICIENT DATA,100.0,0.0
2026,H0355,Laura Jane Cohen,D,Affordable Housing,Official LIS subject,1,1,0,1,INSUFFICIENT DATA,100.0,0.0
2026,H0396,Leslie Chambers Mehta,D,Affordable Housing,Official LIS subject,1,1,0,1,INSUFFICIENT DATA,100.0,0.0
2026,H0393,Lily V. Franklin,D,Affordable Housing,Official LIS subject,3,3,0,3,INSUFFICIENT DATA,100.0,0.0
2026,H0391,Lindsey Dougherty,D,Affordable Housing,Official LIS subject,1,1,0,1,INSUFFICIENT DATA,100.0,0.0
2026,H0227,Luke E. Torian,D,Affordable Housing,Official LIS subject,2,2,0,2,INSUFFICIENT DATA,100.0,0.0
2026,H0284,"Marcia S. ""Cia"" Price",D,Affordable Housing,Official LIS subject,3,3,0,3,INSUFFICIENT DATA,100.0,0.0
2026,H0264,Marcus B. Simon,D,Affordable Housing,Official LIS subject,3,3,0,3,INSUFFICIENT DATA,100.0,0.0
2026,H0404,Margaret A. Franklin,D,Affordable Housing,Official LIS subject,1,1,0,1,INSUFFICIENT DATA,100.0,0.0
2026,H0392,Mark C. Downey,D,Affordable Housing,Official LIS subject,1,1,0,1,INSUFFICIENT DATA,100.0,0.0
2026,H0374,Marty Martinez,D,Affordable Housing,Official LIS subject,1,1,0,1,INSUFFICIENT DATA,100.0,0.0
2026,H0397,May Nivar,D,Affordable Housing,Official LIS subject,1,1,0,1,INSUFFICIENT DATA,100.0,0.0
2026,H0360,Michael B. Feggans,D,Affordable Housing,Official LIS subject,1,1,0,1,INSUFFICIENT DATA,100.0,0.0
2026,H0340,Michelle Lopes Maldonado,D,Affordable Housing,Official LIS subject,1,1,0,1,INSUFFICIENT DATA,100.0,0.0
2026,H0336,Nadarius E. Clark,D,Affordable Housing,Official LIS subject,1,1,0,1,INSUFFICIENT DATA,100.0,0.0
2026,H0389,Nicole Cole,D,Affordable Housing,Official LIS subject,1,1,0,1,INSUFFICIENT DATA,100.0,0.0
2026,H0219,Patrick A. Hope,D,Affordable Housing,Official LIS subject,1,1,0,1,INSUFFICIENT DATA,100.0,0.0
2026,H0281,Paul E. Krizek,D,Affordable Housing,Official LIS subject,2,2,0,2,INSUFFICIENT DATA,100.0,0.0
2026,H0366,Phil M. Hernandez,D,Affordable Housing,Official LIS subject,3,3,0,3,INSUFFICIENT DATA,100.0,0.0
2026,H0356,Rae Cousins,D,Affordable Housing,Official LIS subject,1,1,0,1,INSUFFICIENT DATA,100.0,0.0
2026,H0269,"Richard C. ""Rip"" Sullivan, Jr.",D,Affordable Housing,Official LIS subject,1,1,0,1,INSUFFICIENT DATA,100.0,0.0
2026,H0327,Rodney T. Willett,D,Affordable Housing,Official LIS subject,1,1,0,1,INSUFFICIENT DATA,100.0,0.0
2026,H0365,"Rozia A. Henson, Jr.",D,Affordable Housing,Official LIS subject,1,1,0,1,INSUFFICIENT DATA,100.0,0.0
2026,H0266,Sam Rasoul,D,Affordable Housing,Official LIS subject,1,1,0,1,INSUFFICIENT DATA,100.0,0.0
2026,H0323,Shelly A. Simonds,D,Affordable Housing,Official LIS subject,1,1,0,1,INSUFFICIENT DATA,100.0,0.0
2026,H0388,Stacey Annie Carroll,D,Affordable Housing,Official LIS subject,3,3,0,3,INSUFFICIENT DATA,100.0,0.0
2026,H0400,Virgil Thornton,D,Affordable Housing,Official LIS subject,1,1,0,1,INSUFFICIENT DATA,100.0,0.0
2026,H0108,Vivian E. Watts,D,Affordable Housing,Official LIS subject,1,1,0,1,INSUFFICIENT DATA,100.0,0.0
2026,H0345,Anne Ferrell Tata,R,Affordable Housing,Official LIS subject,1,0,1,1,INSUFFICIENT DATA,0.0,100.0
2026,H0206,Barry D. Knight,R,Affordable Housing,Official LIS subject,2,0,0,0,INSUFFICIENT DATA,0.0,0.0
2026,H0329,Bill Wiley,R,Affordable Housing,Official LIS subject,3,0,3,3,INSUFFICIENT DATA,0.0,100.0
2026,H0321,Chris S. Runion,R,Affordable Housing,Official LIS subject,1,0,1,1,INSUFFICIENT DATA,0.0,100.0
2026,H0350,Ellen H. McLaughlin,R,Affordable Housing,Official LIS subject,2,0,2,2,INSUFFICIENT DATA,0.0,100.0
2026,H0384,Eric Phillips,R,Affordable Housing,Official LIS subject,1,0,1,1,INSUFFICIENT DATA,0.0,100.0
2026,H0383,Eric R. Zehr,R,Affordable Housing,Official LIS subject,1,0,1,1,INSUFFICIENT DATA,0.0,100.0
2026,H0347,"H. Otto Wachsmann, Jr.",R,Affordable Housing,Official LIS subject,1,0,1,1,INSUFFICIENT DATA,0.0,100.0
2026,H0369,Hillary Pugh Kent,R,Affordable Housing,Official LIS subject,1,0,1,1,INSUFFICIENT DATA,0.0,100.0
2026,H0259,"Hyland F. ""Buddy"" Fowler, Jr.",R,Affordable Housing,Official LIS subject,2,0,2,2,INSUFFICIENT DATA,0.0,100.0
2026,H0242,Israel D. O'Quinn,R,Affordable Housing,Official LIS subject,1,0,1,1,INSUFFICIENT DATA,0.0,100.0
2026,H0262,"James A. ""Jay"" Leftwich",R,Affordable Housing,Official LIS subject,1,0,1,1,INSUFFICIENT DATA,0.0,100.0
2026,H0224,James W. Morefield,R,Affordable Housing,Official LIS subject,2,0,2,2,INSUFFICIENT DATA,0.0,100.0
2026,H0333,Jason S. Ballard,R,Affordable Housing,Official LIS subject,1,0,1,1,INSUFFICIENT DATA,0.0,100.0
2026,H0308,Joseph P. McNamara,R,Affordable Housing,Official LIS subject,1,0,1,1,INSUFFICIENT DATA,0.0,100.0
2026,H0398,Justin Pence,R,Affordable Housing,Official LIS subject,1,0,1,1,INSUFFICIENT DATA,0.0,100.0
2026,H0394,Karen Hamilton,R,Affordable Housing,Official LIS subject,1,0,1,1,INSUFFICIENT DATA,0.0,100.0
2026,H0238,M. Keith Hodges,R,Affordable Housing,Official LIS subject,1,0,1,1,INSUFFICIENT DATA,0.0,100.0
2026,H0401,Madison Whittle,R,Affordable Housing,Official LIS subject,1,0,1,1,INSUFFICIENT DATA,0.0,100.0
2026,H0247,Michael J. Webert,R,Affordable Housing,Official LIS subject,1,0,1,1,INSUFFICIENT DATA,0.0,100.0
2026,H0335,Mike A. Cherry,R,Affordable Housing,Official LIS subject,1,0,1,1,INSUFFICIENT DATA,0.0,100.0
2026,H0390,Mitchell Cornett,R,Affordable Housing,Official LIS subject,1,0,1,1,INSUFFICIENT DATA,0.0,100.0
2026,H0342,Phillip A. Scott,R,Affordable Housing,Official LIS subject,1,0,1,1,INSUFFICIENT DATA,0.0,100.0
2026,H0124,R. Lee Ware,R,Affordable Housing,Official LIS subject,1,0,1,1,INSUFFICIENT DATA,0.0,100.0
2026,H0267,"Robert S. Bloxom, Jr.",R,Affordable Housing,Official LIS subject,3,0,3,3,INSUFFICIENT DATA,0.0,100.0
2026,H0328,Scott A. Wyatt,R,Affordable Housing,Official LIS subject,1,0,1,1,INSUFFICIENT DATA,0.0,100.0
2026,H0056,Terry G. Kilgore,R,Affordable Housing,Official LIS subject,1,0,1,1,INSUFFICIENT DATA,0.0,100.0
2026,H0253,Terry L. Austin,R,Affordable Housing,Official LIS subject,3,0,3,3,INSUFFICIENT DATA,0.0,100.0
2026,H0362,"Thomas A. Garrett, Jr.",R,Affordable Housing,Official LIS subject,1,0,1,1,INSUFFICIENT DATA,0.0,100.0
2026,H0136,"Thomas C. Wright, Jr.",R,Affordable Housing,Official LIS subject,1,0,1,1,INSUFFICIENT DATA,0.0,100.0
2026,H0364,Timothy P. Griffin,R,Affordable Housing,Official LIS subject,1,0,1,1,INSUFFICIENT DATA,0.0,100.0
2026,H0231,Tony O. Wilt,R,Affordable Housing,Official LIS subject,1,0,1,1,INSUFFICIENT DATA,0.0,100.0
2026,H0325,Wendell S. Walker,R,Affordable Housing,Official LIS subject,1,0,1,1,INSUFFICIENT DATA,0.0,100.0
2026,H0357,Will Davis,R,Affordable Housing,Official LIS subject,1,0,1,1,INSUFFICIENT DATA,0.0,100.0
2026,H0348,Wren M. Williams,R,Affordable Housing,Official LIS subject,1,0,1,1,INSUFFICIENT DATA,0.0,100.0
2026,H0334,Elizabeth B. Bennett-Parker,D,Agriculture and Food,Derived from LIS bill description,10,7,0,7,INSUFFICIENT DATA,100.0,0.0
2026,H0406,Kirk McPike,D,Agriculture and Food,Derived from LIS bill description,8,8,0,8,INSUFFICIENT DATA,100.0,0.0
2026,H0206,Barry D. Knight,R,Agriculture and Food,Derived from LIS bill description,10,0,0,0,INSUFFICIENT DATA,0.0,0.0
2026,H0328,Scott A. Wyatt,R,Agriculture and Food,Derived from LIS bill description,22,14,8,22,MIXED,63.63636363636363,36.36363636363637
2026,H0362,"Thomas A. Garrett, Jr.",R,Agriculture and Food,Derived from LIS bill description,17,10,6,16,MIXED,62.5,37.5
2026,H0333,Jason S. Ballard,R,Agriculture and Food,Derived from LIS bill description,21,13,8,21,MIXED,61.904761904761905,38.095238095238095
2026,H0308,Joseph P. McNamara,R,Agriculture and Food,Derived from LIS bill description,18,11,7,18,MIXED,61.111111111111114,38.88888888888889
2026,H0383,Eric R. Zehr,R,Agriculture and Food,Derived from LIS bill description,17,9,8,17,MIXED,52.94117647058824,47.05882352941176
2026,H0375,Adele Y. McClure,D,Agriculture and Food,Derived from LIS bill description,17,17,0,17,YES,100.0,0.0
2026,H0311,Alex Q. Askew,D,Agriculture and Food,Derived from LIS bill description,22,22,0,22,YES,100.0,0.0
2026,H0371,Amy J. Laufer,D,Agriculture and Food,Derived from LIS bill description,36,36,0,36,YES,100.0,0.0
2026,H0380,Atoosa R. Reaser,D,Agriculture and Food,Derived from LIS bill description,17,16,0,16,YES,100.0,0.0
2026,H0212,Betsy B. Carr,D,Agriculture and Food,Derived from LIS bill description,21,21,0,21,YES,100.0,0.0
2026,H0353,Bonita G. Anthony,D,Agriculture and Food,Derived from LIS bill description,20,20,0,20,YES,100.0,0.0
2026,H0343,Briana D. Sewell,D,Agriculture and Food,Derived from LIS bill description,22,22,0,22,YES,100.0,0.0
2026,H0285,"C.E. Cliff Hayes, Jr.",D,Agriculture and Food,Derived from LIS bill description,22,22,0,22,YES,100.0,0.0
2026,H0402,Charlie Schmidt,D,Agriculture and Food,Derived from LIS bill description,16,16,0,16,YES,100.0,0.0
2026,H0301,David A. Reid,D,Agriculture and Food,Derived from LIS bill description,20,20,0,20,YES,100.0,0.0
2026,H0361,Debra D. Gardner,D,Agriculture and Food,Derived from LIS bill description,18,18,0,18,YES,100.0,0.0
2026,H0207,Delores L. McQuinn,D,Agriculture and Food,Derived from LIS bill description,21,21,0,21,YES,100.0,0.0
2026,H0372,Destiny LeVere Bolling,D,Agriculture and Food,Derived from LIS bill description,21,21,0,21,YES,100.0,0.0
2026,H0322,Don Scott,D,Agriculture and Food,Derived from LIS bill description,16,15,0,15,YES,100.0,0.0
2026,H0297,Elizabeth R. Guzman,D,Agriculture and Food,Derived from LIS bill description,18,18,0,18,YES,100.0,0.0
2026,H0403,Gretchen M. Bulova,D,Agriculture and Food,Derived from LIS bill description,18,18,0,18,YES,100.0,0.0
2026,H0351,Holly M. Seibold,D,Agriculture and Food,Derived from LIS bill description,16,16,0,16,YES,100.0,0.0
2026,H0385,JJ Singh,D,Agriculture and Food,Derived from LIS bill description,18,18,0,18,YES,100.0,0.0
2026,H0173,Jeion A. Ward,D,Agriculture and Food,Derived from LIS bill description,20,19,0,19,YES,100.0,0.0
2026,H0386,Jessica L. Anderson,D,Agriculture and Food,Derived from LIS bill description,21,21,0,21,YES,100.0,0.0
2026,H0395,John Chilton McAuliff,D,Agriculture and Food,Derived from LIS bill description,33,31,0,31,YES,100.0,0.0
2026,H0382,Joshua E. Thomas,D,Agriculture and Food,Derived from LIS bill description,20,20,0,20,YES,100.0,0.0
2026,H0314,Joshua G. Cole,D,Agriculture and Food,Derived from LIS bill description,18,18,0,18,YES,100.0,0.0
2026,H0370,Karen Keys-Gamarra,D,Agriculture and Food,Derived from LIS bill description,18,15,0,15,YES,100.0,0.0
2026,H0387,"Karen R. ""Kacey"" Carnegie",D,Agriculture and Food,Derived from LIS bill description,16,16,0,16,YES,100.0,0.0
2026,H0294,Karrie K. Delaney,D,Agriculture and Food,Derived from LIS bill description,18,18,0,18,YES,100.0,0.0
2026,H0354,Katrina Callsen,D,Agriculture and Food,Derived from LIS bill description,16,15,0,15,YES,100.0,0.0
2026,H0295,Kelly K. Convirs-Fowler,D,Agriculture and Food,Derived from LIS bill description,20,19,0,19,YES,100.0,0.0
2026,H0399,Kimberly Pope Adams,D,Agriculture and Food,Derived from LIS bill description,25,25,0,25,YES,100.0,0.0
2026,H0355,Laura Jane Cohen,D,Agriculture and Food,Derived from LIS bill description,22,22,0,22,YES,100.0,0.0
2026,H0396,Leslie Chambers Mehta,D,Agriculture and Food,Derived from LIS bill description,18,18,0,18,YES,100.0,0.0
2026,H0393,Lily V. Franklin,D,Agriculture and Food,Derived from LIS bill description,26,26,0,26,YES,100.0,0.0
2026,H0391,Lindsey Dougherty,D,Agriculture and Food,Derived from LIS bill description,18,18,0,18,YES,100.0,0.0
2026,H0227,Luke E. Torian,D,Agriculture and Food,Derived from LIS bill description,20,18,0,18,YES,100.0,0.0
2026,H0404,Margaret A. Franklin,D,Agriculture and Food,Derived from LIS bill description,18,18,0,18,YES,100.0,0.0
2026,H0397,May Nivar,D,Agriculture and Food,Derived from LIS bill description,20,20,0,20,YES,100.0,0.0
2026,H0360,Michael B. Feggans,D,Agriculture and Food,Derived from LIS bill description,20,20,0,20,YES,100.0,0.0
2026,H0340,Michelle Lopes Maldonado,D,Agriculture and Food,Derived from LIS bill description,18,18,0,18,YES,100.0,0.0
2026,H0389,Nicole Cole,D,Agriculture and Food,Derived from LIS bill description,19,19,0,19,YES,100.0,0.0
2026,H0281,Paul E. Krizek,D,Agriculture and Food,Derived from LIS bill description,36,36,0,36,YES,100.0,0.0
2026,H0356,Rae Cousins,D,Agriculture and Food,Derived from LIS bill description,20,20,0,20,YES,100.0,0.0
2026,H0269,"Richard C. ""Rip"" Sullivan, Jr.",D,Agriculture and Food,Derived from LIS bill description,20,20,0,20,YES,100.0,0.0
2026,H0327,Rodney T. Willett,D,Agriculture and Food,Derived from LIS bill description,37,36,0,36,YES,100.0,0.0
2026,H0365,"Rozia A. Henson, Jr.",D,Agriculture and Food,Derived from LIS bill description,18,18,0,18,YES,100.0,0.0
2026,H0388,Stacey Annie Carroll,D,Agriculture and Food,Derived from LIS bill description,16,16,0,16,YES,100.0,0.0
2026,H0108,Vivian E. Watts,D,Agriculture and Food,Derived from LIS bill description,17,17,0,17,YES,100.0,0.0
2026,H0349,Jackie H. Glass,D,Agriculture and Food,Derived from LIS bill description,34,33,1,34,YES,97.05882352941177,2.941176470588235
2026,H0374,Marty Martinez,D,Agriculture and Food,Derived from LIS bill description,34,32,1,33,YES,96.96969696969697,3.0303030303030303
2026,H0400,Virgil Thornton,D,Agriculture and Food,Derived from LIS bill description,33,32,1,33,YES,96.96969696969697,3.0303030303030303
2026,H0323,Shelly A. Simonds,D,Agriculture and Food,Derived from LIS bill description,31,30,1,31,YES,96.7741935483871,3.225806451612903
2026,H0239,Alfonso H. Lopez,D,Agriculture and Food,Derived from LIS bill description,27,26,1,27,YES,96.29629629629629,3.7037037037037033
2026,H0336,Nadarius E. Clark,D,Agriculture and Food,Derived from LIS bill description,30,26,1,27,YES,96.29629629629629,3.7037037037037033
2026,H0366,Phil M. Hernandez,D,Agriculture and Food,Derived from LIS bill description,27,26,1,27,YES,96.29629629629629,3.7037037037037033
2026,H0317,Dan I. Helmer,D,Agriculture and Food,Derived from LIS bill description,23,22,1,23,YES,95.65217391304348,4.3478260869565215
2026,H0344,Irene Shin,D,Agriculture and Food,Derived from LIS bill description,24,22,1,23,YES,95.65217391304348,4.3478260869565215
2026,H0392,Mark C. Downey,D,Agriculture and Food,Derived from LIS bill description,22,21,1,22,YES,95.45454545454545,4.545454545454546
2026,H0405,Garrett McGuire,D,Agriculture and Food,Derived from LIS bill description,21,20,1,21,YES,95.23809523809523,4.761904761904762
2026,H0284,"Marcia S. ""Cia"" Price",D,Agriculture and Food,Derived from LIS bill description,21,20,1,21,YES,95.23809523809523,4.761904761904762
2026,H0266,Sam Rasoul,D,Agriculture and Food,Derived from LIS bill description,21,20,1,21,YES,95.23809523809523,4.761904761904762
2026,H0219,Patrick A. Hope,D,Agriculture and Food,Derived from LIS bill description,19,18,1,19,YES,94.73684210526315,5.263157894736842
2026,H0208,Charniele L. Herring,D,Agriculture and Food,Derived from LIS bill description,34,32,2,34,YES,94.11764705882352,5.88235294117647
2026,H0264,Marcus B. Simon,D,Agriculture and Food,Derived from LIS bill description,16,15,1,16,YES,93.75,6.25
2026,H0124,R. Lee Ware,R,Agriculture and Food,Derived from LIS bill description,27,24,3,27,YES,88.88888888888889,11.11111111111111
2026,H0259,"Hyland F. ""Buddy"" Fowler, Jr.",R,Agriculture and Food,Derived from LIS bill description,31,27,4,31,YES,87.09677419354838,12.903225806451612
2026,H0231,Tony O. Wilt,R,Agriculture and Food,Derived from LIS bill description,33,28,5,33,YES,84.84848484848484,15.151515151515152
2026,H0347,"H. Otto Wachsmann, Jr.",R,Agriculture and Food,Derived from LIS bill description,19,16,3,19,YES,84.21052631578947,15.789473684210526
2026,H0325,Wendell S. Walker,R,Agriculture and Food,Derived from LIS bill description,19,16,3,19,YES,84.21052631578947,15.789473684210526
2026,H0305,Kathy K.L. Tran,D,Agriculture and Food,Derived from LIS bill description,32,26,5,31,YES,83.87096774193549,16.129032258064516
2026,H0369,Hillary Pugh Kent,R,Agriculture and Food,Derived from LIS bill description,28,23,5,28,YES,82.14285714285714,17.857142857142858
2026,H0384,Eric Phillips,R,Agriculture and Food,Derived from LIS bill description,16,13,3,16,YES,81.25,18.75
2026,H0398,Justin Pence,R,Agriculture and Food,Derived from LIS bill description,16,13,3,16,YES,81.25,18.75
2026,H0224,James W. Morefield,R,Agriculture and Food,Derived from LIS bill description,20,16,4,20,YES,80.0,20.0
2026,H0335,Mike A. Cherry,R,Agriculture and Food,Derived from LIS bill description,20,16,4,20,YES,80.0,20.0
2026,H0247,Michael J. Webert,R,Agriculture and Food,Derived from LIS bill description,34,27,7,34,YES,79.41176470588235,20.588235294117645
2026,H0267,"Robert S. Bloxom, Jr.",R,Agriculture and Food,Derived from LIS bill description,28,21,6,27,YES,77.77777777777779,22.22222222222222
2026,H0136,"Thomas C. Wright, Jr.",R,Agriculture and Food,Derived from LIS bill description,26,20,6,26,YES,76.92307692307693,23.076923076923077
2026,H0401,Madison Whittle,R,Agriculture and Food,Derived from LIS bill description,17,13,4,17,YES,76.47058823529412,23.52941176470588
2026,H0345,Anne Ferrell Tata,R,Agriculture and Food,Derived from LIS bill description,20,15,5,20,YES,75.0,25.0
2026,H0329,Bill Wiley,R,Agriculture and Food,Derived from LIS bill description,20,15,5,20,YES,75.0,25.0
2026,H0377,Delores Oates,R,Agriculture and Food,Derived from LIS bill description,16,12,4,16,YES,75.0,25.0
2026,H0238,M. Keith Hodges,R,Agriculture and Food,Derived from LIS bill description,24,18,6,24,YES,75.0,25.0
2026,H0357,Will Davis,R,Agriculture and Food,Derived from LIS bill description,16,12,4,16,YES,75.0,25.0
2026,H0242,Israel D. O'Quinn,R,Agriculture and Food,Derived from LIS bill description,19,14,5,19,YES,73.68421052631578,26.31578947368421
2026,H0364,Timothy P. Griffin,R,Agriculture and Food,Derived from LIS bill description,16,11,4,15,YES,73.33333333333333,26.666666666666668
2026,H0350,Ellen H. McLaughlin,R,Agriculture and Food,Derived from LIS bill description,22,16,6,22,YES,72.72727272727273,27.27272727272727
2026,H0348,Wren M. Williams,R,Agriculture and Food,Derived from LIS bill description,21,13,5,18,YES,72.22222222222221,27.77777777777778
2026,H0390,Mitchell Cornett,R,Agriculture and Food,Derived from LIS bill description,17,12,5,17,YES,70.58823529411765,29.411764705882355
2026,H0262,"James A. ""Jay"" Leftwich",R,Agriculture and Food,Derived from LIS bill description,16,11,5,16,YES,68.75,31.25
2026,H0321,Chris S. Runion,R,Agriculture and Food,Derived from LIS bill description,19,13,6,19,YES,68.42105263157895,31.57894736842105
2026,H0253,Terry L. Austin,R,Agriculture and Food,Derived from LIS bill description,19,13,6,19,YES,68.42105263157895,31.57894736842105
2026,H0394,Karen Hamilton,R,Agriculture and Food,Derived from LIS bill description,16,10,5,15,YES,66.66666666666666,33.33333333333333
2026,H0342,Phillip A. Scott,R,Agriculture and Food,Derived from LIS bill description,19,12,6,18,YES,66.66666666666666,33.33333333333333
2026,H0056,Terry G. Kilgore,R,Agriculture and Food,Derived from LIS bill description,20,13,7,20,YES,65.0,35.0
2026,H0375,Adele Y. McClure,D,Alcoholic Beverage and Cannabis Control,Official LIS subject,2,2,0,2,INSUFFICIENT DATA,100.0,0.0
2026,H0311,Alex Q. Askew,D,Alcoholic Beverage and Cannabis Control,Official LIS subject,1,1,0,1,INSUFFICIENT DATA,100.0,0.0
2026,H0239,Alfonso H. Lopez,D,Alcoholic Beverage and Cannabis Control,Official LIS subject,1,1,0,1,INSUFFICIENT DATA,100.0,0.0
2026,H0371,Amy J. Laufer,D,Alcoholic Beverage and Cannabis Control,Official LIS subject,1,1,0,1,INSUFFICIENT DATA,100.0,0.0
2026,H0345,Anne Ferrell Tata,R,Alcoholic Beverage and Cannabis Control,Official LIS subject,1,1,0,1,INSUFFICIENT DATA,100.0,0.0
2026,H0380,Atoosa R. Reaser,D,Alcoholic Beverage and Cannabis Control,Official LIS subject,2,2,0,2,INSUFFICIENT DATA,100.0,0.0
2026,H0212,Betsy B. Carr,D,Alcoholic Beverage and Cannabis Control,Official LIS subject,2,2,0,2,INSUFFICIENT DATA,100.0,0.0
2026,H0329,Bill Wiley,R,Alcoholic Beverage and Cannabis Control,Official LIS subject,2,2,0,2,INSUFFICIENT DATA,100.0,0.0
2026,H0353,Bonita G. Anthony,D,Alcoholic Beverage and Cannabis Control,Official LIS subject,1,1,0,1,INSUFFICIENT DATA,100.0,0.0
2026,H0343,Briana D. Sewell,D,Alcoholic Beverage and Cannabis Control,Official LIS subject,1,1,0,1,INSUFFICIENT DATA,100.0,0.0
2026,H0285,"C.E. Cliff Hayes, Jr.",D,Alcoholic Beverage and Cannabis Control,Official LIS subject,1,1,0,1,INSUFFICIENT DATA,100.0,0.0
2026,H0402,Charlie Schmidt,D,Alcoholic Beverage and Cannabis Control,Official LIS subject,1,1,0,1,INSUFFICIENT DATA,100.0,0.0
2026,H0208,Charniele L. Herring,D,Alcoholic Beverage and Cannabis Control,Official LIS subject,1,1,0,1,INSUFFICIENT DATA,100.0,0.0
2026,H0321,Chris S. Runion,R,Alcoholic Beverage and Cannabis Control,Official LIS subject,1,1,0,1,INSUFFICIENT DATA,100.0,0.0
2026,H0317,Dan I. Helmer,D,Alcoholic Beverage and Cannabis Control,Official LIS subject,1,1,0,1,INSUFFICIENT DATA,100.0,0.0
2026,H0301,David A. Reid,D,Alcoholic Beverage and Cannabis Control,Official LIS subject,1,1,0,1,INSUFFICIENT DATA,100.0,0.0
2026,H0361,Debra D. Gardner,D,Alcoholic Beverage and Cannabis Control,Official LIS subject,1,1,0,1,INSUFFICIENT DATA,100.0,0.0
2026,H0207,Delores L. McQuinn,D,Alcoholic Beverage and Cannabis Control,Official LIS subject,1,1,0,1,INSUFFICIENT DATA,100.0,0.0
2026,H0377,Delores Oates,R,Alcoholic Beverage and Cannabis Control,Official LIS subject,1,1,0,1,INSUFFICIENT DATA,100.0,0.0
2026,H0322,Don Scott,D,Alcoholic Beverage and Cannabis Control,Official LIS subject,1,1,0,1,INSUFFICIENT DATA,100.0,0.0
2026,H0297,Elizabeth R. Guzman,D,Alcoholic Beverage and Cannabis Control,Official LIS subject,2,1,0,1,INSUFFICIENT DATA,100.0,0.0
2026,H0350,Ellen H. McLaughlin,R,Alcoholic Beverage and Cannabis Control,Official LIS subject,2,1,0,1,INSUFFICIENT DATA,100.0,0.0
2026,H0384,Eric Phillips,R,Alcoholic Beverage and Cannabis Control,Official LIS subject,1,1,0,1,INSUFFICIENT DATA,100.0,0.0
2026,H0383,Eric R. Zehr,R,Alcoholic Beverage and Cannabis Control,Official LIS subject,1,1,0,1,INSUFFICIENT DATA,100.0,0.0
2026,H0405,Garrett McGuire,D,Alcoholic Beverage and Cannabis Control,Official LIS subject,1,1,0,1,INSUFFICIENT DATA,100.0,0.0
2026,H0403,Gretchen M. Bulova,D,Alcoholic Beverage and Cannabis Control,Official LIS subject,1,1,0,1,INSUFFICIENT DATA,100.0,0.0
2026,H0347,"H. Otto Wachsmann, Jr.",R,Alcoholic Beverage and Cannabis Control,Official LIS subject,1,1,0,1,INSUFFICIENT DATA,100.0,0.0
2026,H0369,Hillary Pugh Kent,R,Alcoholic Beverage and Cannabis Control,Official LIS subject,1,1,0,1,INSUFFICIENT DATA,100.0,0.0
2026,H0351,Holly M. Seibold,D,Alcoholic Beverage and Cannabis Control,Official LIS subject,2,2,0,2,INSUFFICIENT DATA,100.0,0.0
2026,H0259,"Hyland F. ""Buddy"" Fowler, Jr.",R,Alcoholic Beverage and Cannabis Control,Official LIS subject,2,2,0,2,INSUFFICIENT DATA,100.0,0.0
2026,H0344,Irene Shin,D,Alcoholic Beverage and Cannabis Control,Official LIS subject,1,1,0,1,INSUFFICIENT DATA,100.0,0.0
2026,H0385,JJ Singh,D,Alcoholic Beverage and Cannabis Control,Official LIS subject,1,1,0,1,INSUFFICIENT DATA,100.0,0.0
2026,H0349,Jackie H. Glass,D,Alcoholic Beverage and Cannabis Control,Official LIS subject,1,1,0,1,INSUFFICIENT DATA,100.0,0.0
2026,H0262,"James A. ""Jay"" Leftwich",R,Alcoholic Beverage and Cannabis Control,Official LIS subject,1,1,0,1,INSUFFICIENT DATA,100.0,0.0
2026,H0224,James W. Morefield,R,Alcoholic Beverage and Cannabis Control,Official LIS subject,2,2,0,2,INSUFFICIENT DATA,100.0,0.0
2026,H0333,Jason S. Ballard,R,Alcoholic Beverage and Cannabis Control,Official LIS subject,1,1,0,1,INSUFFICIENT DATA,100.0,0.0
2026,H0173,Jeion A. Ward,D,Alcoholic Beverage and Cannabis Control,Official LIS subject,1,1,0,1,INSUFFICIENT DATA,100.0,0.0
2026,H0386,Jessica L. Anderson,D,Alcoholic Beverage and Cannabis Control,Official LIS subject,1,1,0,1,INSUFFICIENT DATA,100.0,0.0
2026,H0395,John Chilton McAuliff,D,Alcoholic Beverage and Cannabis Control,Official LIS subject,1,1,0,1,INSUFFICIENT DATA,100.0,0.0
2026,H0308,Joseph P. McNamara,R,Alcoholic Beverage and Cannabis Control,Official LIS subject,1,1,0,1,INSUFFICIENT DATA,100.0,0.0
2026,H0382,Joshua E. Thomas,D,Alcoholic Beverage and Cannabis Control,Official LIS subject,1,1,0,1,INSUFFICIENT DATA,100.0,0.0
2026,H0314,Joshua G. Cole,D,Alcoholic Beverage and Cannabis Control,Official LIS subject,2,2,0,2,INSUFFICIENT DATA,100.0,0.0
2026,H0398,Justin Pence,R,Alcoholic Beverage and Cannabis Control,Official LIS subject,1,1,0,1,INSUFFICIENT DATA,100.0,0.0
2026,H0394,Karen Hamilton,R,Alcoholic Beverage and Cannabis Control,Official LIS subject,1,1,0,1,INSUFFICIENT DATA,100.0,0.0
2026,H0370,Karen Keys-Gamarra,D,Alcoholic Beverage and Cannabis Control,Official LIS subject,1,1,0,1,INSUFFICIENT DATA,100.0,0.0
2026,H0387,"Karen R. ""Kacey"" Carnegie",D,Alcoholic Beverage and Cannabis Control,Official LIS subject,1,1,0,1,INSUFFICIENT DATA,100.0,0.0
2026,H0294,Karrie K. Delaney,D,Alcoholic Beverage and Cannabis Control,Official LIS subject,2,2,0,2,INSUFFICIENT DATA,100.0,0.0
2026,H0305,Kathy K.L. Tran,D,Alcoholic Beverage and Cannabis Control,Official LIS subject,1,1,0,1,INSUFFICIENT DATA,100.0,0.0
2026,H0354,Katrina Callsen,D,Alcoholic Beverage and Cannabis Control,Official LIS subject,2,2,0,2,INSUFFICIENT DATA,100.0,0.0
2026,H0399,Kimberly Pope Adams,D,Alcoholic Beverage and Cannabis Control,Official LIS subject,1,1,0,1,INSUFFICIENT DATA,100.0,0.0
2026,H0406,Kirk McPike,D,Alcoholic Beverage and Cannabis Control,Official LIS subject,1,1,0,1,INSUFFICIENT DATA,100.0,0.0
2026,H0355,Laura Jane Cohen,D,Alcoholic Beverage and Cannabis Control,Official LIS subject,1,1,0,1,INSUFFICIENT DATA,100.0,0.0
2026,H0396,Leslie Chambers Mehta,D,Alcoholic Beverage and Cannabis Control,Official LIS subject,1,1,0,1,INSUFFICIENT DATA,100.0,0.0
2026,H0393,Lily V. Franklin,D,Alcoholic Beverage and Cannabis Control,Official LIS subject,2,2,0,2,INSUFFICIENT DATA,100.0,0.0
2026,H0391,Lindsey Dougherty,D,Alcoholic Beverage and Cannabis Control,Official LIS subject,1,1,0,1,INSUFFICIENT DATA,100.0,0.0
2026,H0227,Luke E. Torian,D,Alcoholic Beverage and Cannabis Control,Official LIS subject,2,2,0,2,INSUFFICIENT DATA,100.0,0.0
2026,H0238,M. Keith Hodges,R,Alcoholic Beverage and Cannabis Control,Official LIS subject,1,1,0,1,INSUFFICIENT DATA,100.0,0.0
2026,H0401,Madison Whittle,R,Alcoholic Beverage and Cannabis Control,Official LIS subject,1,1,0,1,INSUFFICIENT DATA,100.0,0.0
2026,H0264,Marcus B. Simon,D,Alcoholic Beverage and Cannabis Control,Official LIS subject,2,2,0,2,INSUFFICIENT DATA,100.0,0.0
2026,H0404,Margaret A. Franklin,D,Alcoholic Beverage and Cannabis Control,Official LIS subject,1,1,0,1,INSUFFICIENT DATA,100.0,0.0
2026,H0392,Mark C. Downey,D,Alcoholic Beverage and Cannabis Control,Official LIS subject,1,1,0,1,INSUFFICIENT DATA,100.0,0.0
2026,H0374,Marty Martinez,D,Alcoholic Beverage and Cannabis Control,Official LIS subject,1,1,0,1,INSUFFICIENT DATA,100.0,0.0
2026,H0397,May Nivar,D,Alcoholic Beverage and Cannabis Control,Official LIS subject,1,1,0,1,INSUFFICIENT DATA,100.0,0.0
2026,H0360,Michael B. Feggans,D,Alcoholic Beverage and Cannabis Control,Official LIS subject,1,1,0,1,INSUFFICIENT DATA,100.0,0.0
2026,H0247,Michael J. Webert,R,Alcoholic Beverage and Cannabis Control,Official LIS subject,1,1,0,1,INSUFFICIENT DATA,100.0,0.0
2026,H0340,Michelle Lopes Maldonado,D,Alcoholic Beverage and Cannabis Control,Official LIS subject,1,1,0,1,INSUFFICIENT DATA,100.0,0.0
2026,H0335,Mike A. Cherry,R,Alcoholic Beverage and Cannabis Control,Official LIS subject,1,1,0,1,INSUFFICIENT DATA,100.0,0.0
2026,H0390,Mitchell Cornett,R,Alcoholic Beverage and Cannabis Control,Official LIS subject,1,1,0,1,INSUFFICIENT DATA,100.0,0.0
2026,H0389,Nicole Cole,D,Alcoholic Beverage and Cannabis Control,Official LIS subject,1,1,0,1,INSUFFICIENT DATA,100.0,0.0
2026,H0219,Patrick A. Hope,D,Alcoholic Beverage and Cannabis Control,Official LIS subject,1,1,0,1,INSUFFICIENT DATA,100.0,0.0
2026,H0281,Paul E. Krizek,D,Alcoholic Beverage and Cannabis Control,Official LIS subject,2,2,0,2,INSUFFICIENT DATA,100.0,0.0
2026,H0366,Phil M. Hernandez,D,Alcoholic Beverage and Cannabis Control,Official LIS subject,2,2,0,2,INSUFFICIENT DATA,100.0,0.0
2026,H0342,Phillip A. Scott,R,Alcoholic Beverage and Cannabis Control,Official LIS subject,1,1,0,1,INSUFFICIENT DATA,100.0,0.0
2026,H0124,R. Lee Ware,R,Alcoholic Beverage and Cannabis Control,Official LIS subject,1,1,0,1,INSUFFICIENT DATA,100.0,0.0
2026,H0356,Rae Cousins,D,Alcoholic Beverage and Cannabis Control,Official LIS subject,1,1,0,1,INSUFFICIENT DATA,100.0,0.0
2026,H0269,"Richard C. ""Rip"" Sullivan, Jr.",D,Alcoholic Beverage and Cannabis Control,Official LIS subject,1,1,0,1,INSUFFICIENT DATA,100.0,0.0
2026,H0267,"Robert S. Bloxom, Jr.",R,Alcoholic Beverage and Cannabis Control,Official LIS subject,2,2,0,2,INSUFFICIENT DATA,100.0,0.0
2026,H0327,Rodney T. Willett,D,Alcoholic Beverage and Cannabis Control,Official LIS subject,1,1,0,1,INSUFFICIENT DATA,100.0,0.0
2026,H0365,"Rozia A. Henson, Jr.",D,Alcoholic Beverage and Cannabis Control,Official LIS subject,1,1,0,1,INSUFFICIENT DATA,100.0,0.0
2026,H0328,Scott A. Wyatt,R,Alcoholic Beverage and Cannabis Control,Official LIS subject,1,1,0,1,INSUFFICIENT DATA,100.0,0.0
2026,H0323,Shelly A. Simonds,D,Alcoholic Beverage and Cannabis Control,Official LIS subject,1,1,0,1,INSUFFICIENT DATA,100.0,0.0
2026,H0388,Stacey Annie Carroll,D,Alcoholic Beverage and Cannabis Control,Official LIS subject,2,2,0,2,INSUFFICIENT DATA,100.0,0.0
2026,H0056,Terry G. Kilgore,R,Alcoholic Beverage and Cannabis Control,Official LIS subject,1,1,0,1,INSUFFICIENT DATA,100.0,0.0
2026,H0253,Terry L. Austin,R,Alcoholic Beverage and Cannabis Control,Official LIS subject,2,2,0,2,INSUFFICIENT DATA,100.0,0.0
2026,H0231,Tony O. Wilt,R,Alcoholic Beverage and Cannabis Control,Official LIS subject,1,1,0,1,INSUFFICIENT DATA,100.0,0.0
2026,H0400,Virgil Thornton,D,Alcoholic Beverage and Cannabis Control,Official LIS subject,1,1,0,1,INSUFFICIENT DATA,100.0,0.0
2026,H0108,Vivian E. Watts,D,Alcoholic Beverage and Cannabis Control,Official LIS subject,1,1,0,1,INSUFFICIENT DATA,100.0,0.0
2026,H0325,Wendell S. Walker,R,Alcoholic Beverage and Cannabis Control,Official LIS subject,1,1,0,1,INSUFFICIENT DATA,100.0,0.0
2026,H0357,Will Davis,R,Alcoholic Beverage and Cannabis Control,Official LIS subject,1,1,0,1,INSUFFICIENT DATA,100.0,0.0
2026,H0348,Wren M. Williams,R,Alcoholic Beverage and Cannabis Control,Official LIS subject,1,1,0,1,INSUFFICIENT DATA,100.0,0.0
2026,H0284,"Marcia S. ""Cia"" Price",D,Alcoholic Beverage and Cannabis Control,Official LIS subject,2,1,1,2,INSUFFICIENT DATA,50.0,50.0
2026,H0372,Destiny LeVere Bolling,D,Alcoholic Beverage and Cannabis Control,Official LIS subject,1,0,0,0,INSUFFICIENT DATA,0.0,0.0
2026,H0242,Israel D. O'Quinn,R,Alcoholic Beverage and Cannabis Control,Official LIS subject,1,0,0,0,INSUFFICIENT DATA,0.0,0.0
2026,H0295,Kelly K. Convirs-Fowler,D,Alcoholic Beverage and Cannabis Control,Official LIS subject,1,0,0,0,INSUFFICIENT DATA,0.0,0.0
2026,H0336,Nadarius E. Clark,D,Alcoholic Beverage and Cannabis Control,Official LIS subject,1,0,1,1,INSUFFICIENT DATA,0.0,100.0
2026,H0266,Sam Rasoul,D,Alcoholic Beverage and Cannabis Control,Official LIS subject,1,0,1,1,INSUFFICIENT DATA,0.0,100.0
2026,H0362,"Thomas A. Garrett, Jr.",R,Alcoholic Beverage and Cannabis Control,Official LIS subject,1,0,0,0,INSUFFICIENT DATA,0.0,0.0
2026,H0136,"Thomas C. Wright, Jr.",R,Alcoholic Beverage and Cannabis Control,Official LIS subject,1,0,1,1,INSUFFICIENT DATA,0.0,100.0
2026,H0364,Timothy P. Griffin,R,Alcoholic Beverage and Cannabis Control,Official LIS subject,1,0,1,1,INSUFFICIENT DATA,0.0,100.0
2026,H0375,Adele Y. McClure,D,Arts and Humanities,Official LIS subject,2,2,0,2,INSUFFICIENT DATA,100.0,0.0
2026,H0311,Alex Q. Askew,D,Arts and Humanities,Official LIS subject,1,1,0,1,INSUFFICIENT DATA,100.0,0.0
2026,H0239,Alfonso H. Lopez,D,Arts and Humanities,Official LIS subject,1,1,0,1,INSUFFICIENT DATA,100.0,0.0
2026,H0371,Amy J. Laufer,D,Arts and Humanities,Official LIS subject,1,1,0,1,INSUFFICIENT DATA,100.0,0.0
2026,H0345,Anne Ferrell Tata,R,Arts and Humanities,Official LIS subject,1,1,0,1,INSUFFICIENT DATA,100.0,0.0
2026,H0380,Atoosa R. Reaser,D,Arts and Humanities,Official LIS subject,2,2,0,2,INSUFFICIENT DATA,100.0,0.0
2026,H0212,Betsy B. Carr,D,Arts and Humanities,Official LIS subject,2,2,0,2,INSUFFICIENT DATA,100.0,0.0
2026,H0329,Bill Wiley,R,Arts and Humanities,Official LIS subject,2,2,0,2,INSUFFICIENT DATA,100.0,0.0
2026,H0353,Bonita G. Anthony,D,Arts and Humanities,Official LIS subject,1,1,0,1,INSUFFICIENT DATA,100.0,0.0
2026,H0343,Briana D. Sewell,D,Arts and Humanities,Official LIS subject,1,1,0,1,INSUFFICIENT DATA,100.0,0.0
2026,H0285,"C.E. Cliff Hayes, Jr.",D,Arts and Humanities,Official LIS subject,1,1,0,1,INSUFFICIENT DATA,100.0,0.0
2026,H0402,Charlie Schmidt,D,Arts and Humanities,Official LIS subject,1,1,0,1,INSUFFICIENT DATA,100.0,0.0
2026,H0208,Charniele L. Herring,D,Arts and Humanities,Official LIS subject,1,1,0,1,INSUFFICIENT DATA,100.0,0.0
2026,H0321,Chris S. Runion,R,Arts and Humanities,Official LIS subject,1,1,0,1,INSUFFICIENT DATA,100.0,0.0
2026,H0317,Dan I. Helmer,D,Arts and Humanities,Official LIS subject,1,1,0,1,INSUFFICIENT DATA,100.0,0.0
2026,H0301,David A. Reid,D,Arts and Humanities,Official LIS subject,1,1,0,1,INSUFFICIENT DATA,100.0,0.0
2026,H0361,Debra D. Gardner,D,Arts and Humanities,Official LIS subject,1,1,0,1,INSUFFICIENT DATA,100.0,0.0
2026,H0207,Delores L. McQuinn,D,Arts and Humanities,Official LIS subject,1,1,0,1,INSUFFICIENT DATA,100.0,0.0
2026,H0377,Delores Oates,R,Arts and Humanities,Official LIS subject,1,1,0,1,INSUFFICIENT DATA,100.0,0.0
2026,H0322,Don Scott,D,Arts and Humanities,Official LIS subject,1,1,0,1,INSUFFICIENT DATA,100.0,0.0
2026,H0297,Elizabeth R. Guzman,D,Arts and Humanities,Official LIS subject,2,1,0,1,INSUFFICIENT DATA,100.0,0.0
2026,H0350,Ellen H. McLaughlin,R,Arts and Humanities,Official LIS subject,2,1,0,1,INSUFFICIENT DATA,100.0,0.0
2026,H0384,Eric Phillips,R,Arts and Humanities,Official LIS subject,1,1,0,1,INSUFFICIENT DATA,100.0,0.0
2026,H0383,Eric R. Zehr,R,Arts and Humanities,Official LIS subject,1,1,0,1,INSUFFICIENT DATA,100.0,0.0
2026,H0405,Garrett McGuire,D,Arts and Humanities,Official LIS subject,1,1,0,1,INSUFFICIENT DATA,100.0,0.0
2026,H0403,Gretchen M. Bulova,D,Arts and Humanities,Official LIS subject,1,1,0,1,INSUFFICIENT DATA,100.0,0.0
2026,H0347,"H. Otto Wachsmann, Jr.",R,Arts and Humanities,Official LIS subject,1,1,0,1,INSUFFICIENT DATA,100.0,0.0
2026,H0369,Hillary Pugh Kent,R,Arts and Humanities,Official LIS subject,1,1,0,1,INSUFFICIENT DATA,100.0,0.0
2026,H0351,Holly M. Seibold,D,Arts and Humanities,Official LIS subject,2,2,0,2,INSUFFICIENT DATA,100.0,0.0
2026,H0259,"Hyland F. ""Buddy"" Fowler, Jr.",R,Arts and Humanities,Official LIS subject,2,2,0,2,INSUFFICIENT DATA,100.0,0.0
2026,H0344,Irene Shin,D,Arts and Humanities,Official LIS subject,1,1,0,1,INSUFFICIENT DATA,100.0,0.0
2026,H0385,JJ Singh,D,Arts and Humanities,Official LIS subject,1,1,0,1,INSUFFICIENT DATA,100.0,0.0
2026,H0349,Jackie H. Glass,D,Arts and Humanities,Official LIS subject,1,1,0,1,INSUFFICIENT DATA,100.0,0.0
2026,H0262,"James A. ""Jay"" Leftwich",R,Arts and Humanities,Official LIS subject,1,1,0,1,INSUFFICIENT DATA,100.0,0.0
2026,H0224,James W. Morefield,R,Arts and Humanities,Official LIS subject,2,2,0,2,INSUFFICIENT DATA,100.0,0.0
2026,H0333,Jason S. Ballard,R,Arts and Humanities,Official LIS subject,1,1,0,1,INSUFFICIENT DATA,100.0,0.0
2026,H0173,Jeion A. Ward,D,Arts and Humanities,Official LIS subject,1,1,0,1,INSUFFICIENT DATA,100.0,0.0
2026,H0386,Jessica L. Anderson,D,Arts and Humanities,Official LIS subject,1,1,0,1,INSUFFICIENT DATA,100.0,0.0
2026,H0395,John Chilton McAuliff,D,Arts and Humanities,Official LIS subject,1,1,0,1,INSUFFICIENT DATA,100.0,0.0
2026,H0308,Joseph P. McNamara,R,Arts and Humanities,Official LIS subject,1,1,0,1,INSUFFICIENT DATA,100.0,0.0
2026,H0382,Joshua E. Thomas,D,Arts and Humanities,Official LIS subject,1,1,0,1,INSUFFICIENT DATA,100.0,0.0
2026,H0314,Joshua G. Cole,D,Arts and Humanities,Official LIS subject,2,2,0,2,INSUFFICIENT DATA,100.0,0.0
2026,H0398,Justin Pence,R,Arts and Humanities,Official LIS subject,1,1,0,1,INSUFFICIENT DATA,100.0,0.0
2026,H0394,Karen Hamilton,R,Arts and Humanities,Official LIS subject,1,1,0,1,INSUFFICIENT DATA,100.0,0.0
2026,H0370,Karen Keys-Gamarra,D,Arts and Humanities,Official LIS subject,1,1,0,1,INSUFFICIENT DATA,100.0,0.0
2026,H0387,"Karen R. ""Kacey"" Carnegie",D,Arts and Humanities,Official LIS subject,1,1,0,1,INSUFFICIENT DATA,100.0,0.0
2026,H0294,Karrie K. Delaney,D,Arts and Humanities,Official LIS subject,2,2,0,2,INSUFFICIENT DATA,100.0,0.0
2026,H0305,Kathy K.L. Tran,D,Arts and Humanities,Official LIS subject,1,1,0,1,INSUFFICIENT DATA,100.0,0.0
2026,H0354,Katrina Callsen,D,Arts and Humanities,Official LIS subject,2,2,0,2,INSUFFICIENT DATA,100.0,0.0
2026,H0399,Kimberly Pope Adams,D,Arts and Humanities,Official LIS subject,1,1,0,1,INSUFFICIENT DATA,100.0,0.0
2026,H0406,Kirk McPike,D,Arts and Humanities,Official LIS subject,1,1,0,1,INSUFFICIENT DATA,100.0,0.0
2026,H0355,Laura Jane Cohen,D,Arts and Humanities,Official LIS subject,1,1,0,1,INSUFFICIENT DATA,100.0,0.0
2026,H0396,Leslie Chambers Mehta,D,Arts and Humanities,Official LIS subject,1,1,0,1,INSUFFICIENT DATA,100.0,0.0
2026,H0393,Lily V. Franklin,D,Arts and Humanities,Official LIS subject,2,2,0,2,INSUFFICIENT DATA,100.0,0.0
2026,H0391,Lindsey Dougherty,D,Arts and Humanities,Official LIS subject,1,1,0,1,INSUFFICIENT DATA,100.0,0.0
2026,H0227,Luke E. Torian,D,Arts and Humanities,Official LIS subject,2,2,0,2,INSUFFICIENT DATA,100.0,0.0
2026,H0238,M. Keith Hodges,R,Arts and Humanities,Official LIS subject,1,1,0,1,INSUFFICIENT DATA,100.0,0.0
2026,H0401,Madison Whittle,R,Arts and Humanities,Official LIS subject,1,1,0,1,INSUFFICIENT DATA,100.0,0.0
2026,H0264,Marcus B. Simon,D,Arts and Humanities,Official LIS subject,2,2,0,2,INSUFFICIENT DATA,100.0,0.0
2026,H0404,Margaret A. Franklin,D,Arts and Humanities,Official LIS subject,1,1,0,1,INSUFFICIENT DATA,100.0,0.0
2026,H0392,Mark C. Downey,D,Arts and Humanities,Official LIS subject,1,1,0,1,INSUFFICIENT DATA,100.0,0.0
2026,H0374,Marty Martinez,D,Arts and Humanities,Official LIS subject,1,1,0,1,INSUFFICIENT DATA,100.0,0.0
2026,H0397,May Nivar,D,Arts and Humanities,Official LIS subject,1,1,0,1,INSUFFICIENT DATA,100.0,0.0
2026,H0360,Michael B. Feggans,D,Arts and Humanities,Official LIS subject,1,1,0,1,INSUFFICIENT DATA,100.0,0.0
2026,H0247,Michael J. Webert,R,Arts and Humanities,Official LIS subject,1,1,0,1,INSUFFICIENT DATA,100.0,0.0
2026,H0340,Michelle Lopes Maldonado,D,Arts and Humanities,Official LIS subject,1,1,0,1,INSUFFICIENT DATA,100.0,0.0
2026,H0335,Mike A. Cherry,R,Arts and Humanities,Official LIS subject,1,1,0,1,INSUFFICIENT DATA,100.0,0.0
2026,H0390,Mitchell Cornett,R,Arts and Humanities,Official LIS subject,1,1,0,1,INSUFFICIENT DATA,100.0,0.0
2026,H0389,Nicole Cole,D,Arts and Humanities,Official LIS subject,1,1,0,1,INSUFFICIENT DATA,100.0,0.0
2026,H0219,Patrick A. Hope,D,Arts and Humanities,Official LIS subject,1,1,0,1,INSUFFICIENT DATA,100.0,0.0
2026,H0281,Paul E. Krizek,D,Arts and Humanities,Official LIS subject,2,2,0,2,INSUFFICIENT DATA,100.0,0.0
2026,H0366,Phil M. Hernandez,D,Arts and Humanities,Official LIS subject,2,2,0,2,INSUFFICIENT DATA,100.0,0.0
2026,H0342,Phillip A. Scott,R,Arts and Humanities,Official LIS subject,1,1,0,1,INSUFFICIENT DATA,100.0,0.0
2026,H0124,R. Lee Ware,R,Arts and Humanities,Official LIS subject,1,1,0,1,INSUFFICIENT DATA,100.0,0.0
2026,H0356,Rae Cousins,D,Arts and Humanities,Official LIS subject,1,1,0,1,INSUFFICIENT DATA,100.0,0.0
2026,H0269,"Richard C. ""Rip"" Sullivan, Jr.",D,Arts and Humanities,Official LIS subject,1,1,0,1,INSUFFICIENT DATA,100.0,0.0
2026,H0267,"Robert S. Bloxom, Jr.",R,Arts and Humanities,Official LIS subject,2,2,0,2,INSUFFICIENT DATA,100.0,0.0
2026,H0327,Rodney T. Willett,D,Arts and Humanities,Official LIS subject,1,1,0,1,INSUFFICIENT DATA,100.0,0.0
2026,H0365,"Rozia A. Henson, Jr.",D,Arts and Humanities,Official LIS subject,1,1,0,1,INSUFFICIENT DATA,100.0,0.0
2026,H0328,Scott A. Wyatt,R,Arts and Humanities,Official LIS subject,1,1,0,1,INSUFFICIENT DATA,100.0,0.0
2026,H0323,Shelly A. Simonds,D,Arts and Humanities,Official LIS subject,1,1,0,1,INSUFFICIENT DATA,100.0,0.0
2026,H0388,Stacey Annie Carroll,D,Arts and Humanities,Official LIS subject,2,2,0,2,INSUFFICIENT DATA,100.0,0.0
2026,H0056,Terry G. Kilgore,R,Arts and Humanities,Official LIS subject,1,1,0,1,INSUFFICIENT DATA,100.0,0.0
2026,H0253,Terry L. Austin,R,Arts and Humanities,Official LIS subject,2,2,0,2,INSUFFICIENT DATA,100.0,0.0
2026,H0231,Tony O. Wilt,R,Arts and Humanities,Official LIS subject,1,1,0,1,INSUFFICIENT DATA,100.0,0.0
2026,H0400,Virgil Thornton,D,Arts and Humanities,Official LIS subject,1,1,0,1,INSUFFICIENT DATA,100.0,0.0
2026,H0108,Vivian E. Watts,D,Arts and Humanities,Official LIS subject,1,1,0,1,INSUFFICIENT DATA,100.0,0.0
2026,H0325,Wendell S. Walker,R,Arts and Humanities,Official LIS subject,1,1,0,1,INSUFFICIENT DATA,100.0,0.0
2026,H0357,Will Davis,R,Arts and Humanities,Official LIS subject,1,1,0,1,INSUFFICIENT DATA,100.0,0.0
2026,H0348,Wren M. Williams,R,Arts and Humanities,Official LIS subject,1,1,0,1,INSUFFICIENT DATA,100.0,0.0
2026,H0284,"Marcia S. ""Cia"" Price",D,Arts and Humanities,Official LIS subject,2,1,1,2,INSUFFICIENT DATA,50.0,50.0
2026,H0372,Destiny LeVere Bolling,D,Arts and Humanities,Official LIS subject,1,0,0,0,INSUFFICIENT DATA,0.0,0.0
2026,H0242,Israel D. O'Quinn,R,Arts and Humanities,Official LIS subject,1,0,0,0,INSUFFICIENT DATA,0.0,0.0
2026,H0295,Kelly K. Convirs-Fowler,D,Arts and Humanities,Official LIS subject,1,0,0,0,INSUFFICIENT DATA,0.0,0.0
2026,H0336,Nadarius E. Clark,D,Arts and Humanities,Official LIS subject,1,0,1,1,INSUFFICIENT DATA,0.0,100.0
2026,H0266,Sam Rasoul,D,Arts and Humanities,Official LIS subject,1,0,1,1,INSUFFICIENT DATA,0.0,100.0
2026,H0362,"Thomas A. Garrett, Jr.",R,Arts and Humanities,Official LIS subject,1,0,0,0,INSUFFICIENT DATA,0.0,0.0
2026,H0136,"Thomas C. Wright, Jr.",R,Arts and Humanities,Official LIS subject,1,0,1,1,INSUFFICIENT DATA,0.0,100.0
2026,H0364,Timothy P. Griffin,R,Arts and Humanities,Official LIS subject,1,0,1,1,INSUFFICIENT DATA,0.0,100.0
2026,H0407,Andrew Rice,R,Behavioral Health,Derived from LIS bill description,3,3,0,3,INSUFFICIENT DATA,100.0,0.0
2026,H0206,Barry D. Knight,R,Behavioral Health,Derived from LIS bill description,15,0,0,0,INSUFFICIENT DATA,0.0,0.0
2026,H0136,"Thomas C. Wright, Jr.",R,Behavioral Health,Derived from LIS bill description,41,23,13,36,MIXED,63.888888888888886,36.11111111111111
2026,H0369,Hillary Pugh Kent,R,Behavioral Health,Derived from LIS bill description,48,30,18,48,MIXED,62.5,37.5
2026,H0394,Karen Hamilton,R,Behavioral Health,Derived from LIS bill description,55,33,20,53,MIXED,62.264150943396224,37.735849056603776
2026,H0342,Phillip A. Scott,R,Behavioral Health,Derived from LIS bill description,61,32,28,60,MIXED,53.333333333333336,46.666666666666664
2026,H0383,Eric R. Zehr,R,Behavioral Health,Derived from LIS bill description,55,29,26,55,MIXED,52.72727272727272,47.27272727272727
2026,H0364,Timothy P. Griffin,R,Behavioral Health,Derived from LIS bill description,43,15,21,36,MIXED,41.66666666666667,58.333333333333336
2026,H0334,Elizabeth B. Bennett-Parker,D,Behavioral Health,Derived from LIS bill description,29,28,0,28,YES,100.0,0.0
2026,H0266,Sam Rasoul,D,Behavioral Health,Derived from LIS bill description,75,72,1,73,YES,98.63013698630137,1.36986301369863
2026,H0305,Kathy K.L. Tran,D,Behavioral Health,Derived from LIS bill description,68,67,1,68,YES,98.52941176470588,1.4705882352941175
2026,H0285,"C.E. Cliff Hayes, Jr.",D,Behavioral Health,Derived from LIS bill description,66,65,1,66,YES,98.48484848484848,1.5151515151515151
2026,H0219,Patrick A. Hope,D,Behavioral Health,Derived from LIS bill description,66,65,1,66,YES,98.48484848484848,1.5151515151515151
2026,H0208,Charniele L. Herring,D,Behavioral Health,Derived from LIS bill description,65,64,1,65,YES,98.46153846153847,1.5384615384615385
2026,H0361,Debra D. Gardner,D,Behavioral Health,Derived from LIS bill description,69,63,1,64,YES,98.4375,1.5625
2026,H0327,Rodney T. Willett,D,Behavioral Health,Derived from LIS bill description,64,62,1,63,YES,98.4126984126984,1.5873015873015872
2026,H0344,Irene Shin,D,Behavioral Health,Derived from LIS bill description,63,60,1,61,YES,98.36065573770492,1.639344262295082
2026,H0386,Jessica L. Anderson,D,Behavioral Health,Derived from LIS bill description,61,60,1,61,YES,98.36065573770492,1.639344262295082
2026,H0314,Joshua G. Cole,D,Behavioral Health,Derived from LIS bill description,59,58,1,59,YES,98.30508474576271,1.694915254237288
2026,H0382,Joshua E. Thomas,D,Behavioral Health,Derived from LIS bill description,58,57,1,58,YES,98.27586206896551,1.7241379310344827
2026,H0389,Nicole Cole,D,Behavioral Health,Derived from LIS bill description,59,57,1,58,YES,98.27586206896551,1.7241379310344827
2026,H0311,Alex Q. Askew,D,Behavioral Health,Derived from LIS bill description,57,56,1,57,YES,98.24561403508771,1.7543859649122806
2026,H0323,Shelly A. Simonds,D,Behavioral Health,Derived from LIS bill description,57,56,1,57,YES,98.24561403508771,1.7543859649122806
2026,H0405,Garrett McGuire,D,Behavioral Health,Derived from LIS bill description,56,55,1,56,YES,98.21428571428571,1.7857142857142856
2026,H0392,Mark C. Downey,D,Behavioral Health,Derived from LIS bill description,56,55,1,56,YES,98.21428571428571,1.7857142857142856
2026,H0239,Alfonso H. Lopez,D,Behavioral Health,Derived from LIS bill description,54,53,1,54,YES,98.14814814814815,1.8518518518518516
2026,H0317,Dan I. Helmer,D,Behavioral Health,Derived from LIS bill description,55,53,1,54,YES,98.14814814814815,1.8518518518518516
2026,H0360,Michael B. Feggans,D,Behavioral Health,Derived from LIS bill description,54,53,1,54,YES,98.14814814814815,1.8518518518518516
2026,H0343,Briana D. Sewell,D,Behavioral Health,Derived from LIS bill description,53,52,1,53,YES,98.11320754716981,1.8867924528301887
2026,H0371,Amy J. Laufer,D,Behavioral Health,Derived from LIS bill description,52,51,1,52,YES,98.07692307692307,1.9230769230769231
2026,H0207,Delores L. McQuinn,D,Behavioral Health,Derived from LIS bill description,54,51,1,52,YES,98.07692307692307,1.9230769230769231
2026,H0264,Marcus B. Simon,D,Behavioral Health,Derived from LIS bill description,53,51,1,52,YES,98.07692307692307,1.9230769230769231
2026,H0375,Adele Y. McClure,D,Behavioral Health,Derived from LIS bill description,51,50,1,51,YES,98.0392156862745,1.9607843137254901
2026,H0372,Destiny LeVere Bolling,D,Behavioral Health,Derived from LIS bill description,51,50,1,51,YES,98.0392156862745,1.9607843137254901
2026,H0351,Holly M. Seibold,D,Behavioral Health,Derived from LIS bill description,55,50,1,51,YES,98.0392156862745,1.9607843137254901
2026,H0269,"Richard C. ""Rip"" Sullivan, Jr.",D,Behavioral Health,Derived from LIS bill description,51,50,1,51,YES,98.0392156862745,1.9607843137254901
2026,H0281,Paul E. Krizek,D,Behavioral Health,Derived from LIS bill description,50,49,1,50,YES,98.0,2.0
2026,H0212,Betsy B. Carr,D,Behavioral Health,Derived from LIS bill description,49,48,1,49,YES,97.95918367346938,2.0408163265306123
2026,H0399,Kimberly Pope Adams,D,Behavioral Health,Derived from LIS bill description,49,48,1,49,YES,97.95918367346938,2.0408163265306123
2026,H0301,David A. Reid,D,Behavioral Health,Derived from LIS bill description,49,47,1,48,YES,97.91666666666666,2.083333333333333
2026,H0403,Gretchen M. Bulova,D,Behavioral Health,Derived from LIS bill description,48,47,1,48,YES,97.91666666666666,2.083333333333333
2026,H0391,Lindsey Dougherty,D,Behavioral Health,Derived from LIS bill description,49,47,1,48,YES,97.91666666666666,2.083333333333333
2026,H0380,Atoosa R. Reaser,D,Behavioral Health,Derived from LIS bill description,47,45,1,46,YES,97.82608695652173,2.1739130434782608
2026,H0402,Charlie Schmidt,D,Behavioral Health,Derived from LIS bill description,46,45,1,46,YES,97.82608695652173,2.1739130434782608
2026,H0227,Luke E. Torian,D,Behavioral Health,Derived from LIS bill description,52,45,1,46,YES,97.82608695652173,2.1739130434782608
2026,H0173,Jeion A. Ward,D,Behavioral Health,Derived from LIS bill description,48,44,1,45,YES,97.77777777777777,2.2222222222222223
2026,H0387,"Karen R. ""Kacey"" Carnegie",D,Behavioral Health,Derived from LIS bill description,45,44,1,45,YES,97.77777777777777,2.2222222222222223
2026,H0294,Karrie K. Delaney,D,Behavioral Health,Derived from LIS bill description,45,44,1,45,YES,97.77777777777777,2.2222222222222223
2026,H0396,Leslie Chambers Mehta,D,Behavioral Health,Derived from LIS bill description,45,44,1,45,YES,97.77777777777777,2.2222222222222223
2026,H0366,Phil M. Hernandez,D,Behavioral Health,Derived from LIS bill description,45,44,1,45,YES,97.77777777777777,2.2222222222222223
2026,H0353,Bonita G. Anthony,D,Behavioral Health,Derived from LIS bill description,44,43,1,44,YES,97.72727272727273,2.272727272727273
2026,H0397,May Nivar,D,Behavioral Health,Derived from LIS bill description,44,43,1,44,YES,97.72727272727273,2.272727272727273
2026,H0108,Vivian E. Watts,D,Behavioral Health,Derived from LIS bill description,45,43,1,44,YES,97.72727272727273,2.272727272727273
2026,H0297,Elizabeth R. Guzman,D,Behavioral Health,Derived from LIS bill description,45,42,1,43,YES,97.67441860465115,2.3255813953488373
2026,H0354,Katrina Callsen,D,Behavioral Health,Derived from LIS bill description,45,42,1,43,YES,97.67441860465115,2.3255813953488373
2026,H0400,Virgil Thornton,D,Behavioral Health,Derived from LIS bill description,43,42,1,43,YES,97.67441860465115,2.3255813953488373
2026,H0322,Don Scott,D,Behavioral Health,Derived from LIS bill description,41,40,1,41,YES,97.5609756097561,2.4390243902439024
2026,H0349,Jackie H. Glass,D,Behavioral Health,Derived from LIS bill description,41,40,1,41,YES,97.5609756097561,2.4390243902439024
2026,H0370,Karen Keys-Gamarra,D,Behavioral Health,Derived from LIS bill description,44,40,1,41,YES,97.5609756097561,2.4390243902439024
2026,H0295,Kelly K. Convirs-Fowler,D,Behavioral Health,Derived from LIS bill description,48,40,1,41,YES,97.5609756097561,2.4390243902439024
2026,H0393,Lily V. Franklin,D,Behavioral Health,Derived from LIS bill description,41,40,1,41,YES,97.5609756097561,2.4390243902439024
2026,H0374,Marty Martinez,D,Behavioral Health,Derived from LIS bill description,42,40,1,41,YES,97.5609756097561,2.4390243902439024
2026,H0388,Stacey Annie Carroll,D,Behavioral Health,Derived from LIS bill description,41,39,1,40,YES,97.5,2.5
2026,H0404,Margaret A. Franklin,D,Behavioral Health,Derived from LIS bill description,41,38,1,39,YES,97.43589743589743,2.564102564102564
2026,H0395,John Chilton McAuliff,D,Behavioral Health,Derived from LIS bill description,41,37,1,38,YES,97.36842105263158,2.631578947368421
2026,H0336,Nadarius E. Clark,D,Behavioral Health,Derived from LIS bill description,58,37,1,38,YES,97.36842105263158,2.631578947368421
2026,H0356,Rae Cousins,D,Behavioral Health,Derived from LIS bill description,72,69,2,71,YES,97.1830985915493,2.8169014084507045
2026,H0284,"Marcia S. ""Cia"" Price",D,Behavioral Health,Derived from LIS bill description,64,62,2,64,YES,96.875,3.125
2026,H0355,Laura Jane Cohen,D,Behavioral Health,Derived from LIS bill description,66,60,2,62,YES,96.7741935483871,3.225806451612903
2026,H0365,"Rozia A. Henson, Jr.",D,Behavioral Health,Derived from LIS bill description,60,58,2,60,YES,96.66666666666667,3.3333333333333335
2026,H0406,Kirk McPike,D,Behavioral Health,Derived from LIS bill description,25,24,1,25,YES,96.0,4.0
2026,H0385,JJ Singh,D,Behavioral Health,Derived from LIS bill description,49,47,2,49,YES,95.91836734693877,4.081632653061225
2026,H0340,Michelle Lopes Maldonado,D,Behavioral Health,Derived from LIS bill description,50,47,2,49,YES,95.91836734693877,4.081632653061225
2026,H0348,Wren M. Williams,R,Behavioral Health,Derived from LIS bill description,61,49,8,57,YES,85.96491228070175,14.035087719298245
2026,H0224,James W. Morefield,R,Behavioral Health,Derived from LIS bill description,48,39,9,48,YES,81.25,18.75
2026,H0238,M. Keith Hodges,R,Behavioral Health,Derived from LIS bill description,65,52,13,65,YES,80.0,20.0
2026,H0325,Wendell S. Walker,R,Behavioral Health,Derived from LIS bill description,56,43,11,54,YES,79.62962962962963,20.37037037037037
2026,H0267,"Robert S. Bloxom, Jr.",R,Behavioral Health,Derived from LIS bill description,48,37,10,47,YES,78.72340425531915,21.27659574468085
2026,H0253,Terry L. Austin,R,Behavioral Health,Derived from LIS bill description,49,37,10,47,YES,78.72340425531915,21.27659574468085
2026,H0247,Michael J. Webert,R,Behavioral Health,Derived from LIS bill description,57,42,12,54,YES,77.77777777777779,22.22222222222222
2026,H0328,Scott A. Wyatt,R,Behavioral Health,Derived from LIS bill description,50,38,12,50,YES,76.0,24.0
2026,H0056,Terry G. Kilgore,R,Behavioral Health,Derived from LIS bill description,51,38,12,50,YES,76.0,24.0
2026,H0308,Joseph P. McNamara,R,Behavioral Health,Derived from LIS bill description,42,28,9,37,YES,75.67567567567568,24.324324324324326
2026,H0345,Anne Ferrell Tata,R,Behavioral Health,Derived from LIS bill description,48,36,12,48,YES,75.0,25.0
2026,H0350,Ellen H. McLaughlin,R,Behavioral Health,Derived from LIS bill description,50,36,12,48,YES,75.0,25.0
2026,H0242,Israel D. O'Quinn,R,Behavioral Health,Derived from LIS bill description,48,35,12,47,YES,74.46808510638297,25.53191489361702
2026,H0384,Eric Phillips,R,Behavioral Health,Derived from LIS bill description,50,37,13,50,YES,74.0,26.0
2026,H0329,Bill Wiley,R,Behavioral Health,Derived from LIS bill description,49,36,13,49,YES,73.46938775510205,26.53061224489796
2026,H0357,Will Davis,R,Behavioral Health,Derived from LIS bill description,45,33,12,45,YES,73.33333333333333,26.666666666666668
2026,H0259,"Hyland F. ""Buddy"" Fowler, Jr.",R,Behavioral Health,Derived from LIS bill description,41,29,11,40,YES,72.5,27.500000000000004
2026,H0390,Mitchell Cornett,R,Behavioral Health,Derived from LIS bill description,65,47,18,65,YES,72.3076923076923,27.692307692307693
2026,H0333,Jason S. Ballard,R,Behavioral Health,Derived from LIS bill description,50,36,14,50,YES,72.0,28.000000000000004
2026,H0398,Justin Pence,R,Behavioral Health,Derived from LIS bill description,43,30,12,42,YES,71.42857142857143,28.57142857142857
2026,H0401,Madison Whittle,R,Behavioral Health,Derived from LIS bill description,49,34,14,48,YES,70.83333333333334,29.166666666666668
2026,H0347,"H. Otto Wachsmann, Jr.",R,Behavioral Health,Derived from LIS bill description,54,38,16,54,YES,70.37037037037037,29.629629629629626
2026,H0262,"James A. ""Jay"" Leftwich",R,Behavioral Health,Derived from LIS bill description,43,30,13,43,YES,69.76744186046511,30.23255813953488
2026,H0377,Delores Oates,R,Behavioral Health,Derived from LIS bill description,52,36,16,52,YES,69.23076923076923,30.76923076923077
2026,H0124,R. Lee Ware,R,Behavioral Health,Derived from LIS bill description,41,28,13,41,YES,68.29268292682927,31.70731707317073
2026,H0335,Mike A. Cherry,R,Behavioral Health,Derived from LIS bill description,66,45,21,66,YES,68.18181818181817,31.818181818181817
2026,H0231,Tony O. Wilt,R,Behavioral Health,Derived from LIS bill description,54,36,18,54,YES,66.66666666666666,33.33333333333333
2026,H0321,Chris S. Runion,R,Behavioral Health,Derived from LIS bill description,44,29,15,44,YES,65.9090909090909,34.090909090909086
2026,H0362,"Thomas A. Garrett, Jr.",R,Behavioral Health,Derived from LIS bill description,45,26,14,40,YES,65.0,35.0
2026,H0334,Elizabeth B. Bennett-Parker,D,Budget and Appropriations,Derived from LIS bill description,6,1,0,1,INSUFFICIENT DATA,100.0,0.0
2026,H0206,Barry D. Knight,R,Budget and Appropriations,Derived from LIS bill description,6,0,0,0,INSUFFICIENT DATA,0.0,0.0
2026,H0348,Wren M. Williams,R,Budget and Appropriations,Derived from LIS bill description,49,4,7,11,MIXED,36.36363636363637,63.63636363636363
2026,H0224,James W. Morefield,R,Budget and Appropriations,Derived from LIS bill description,49,15,34,49,NO,30.612244897959183,69.38775510204081
2026,H0362,"Thomas A. Garrett, Jr.",R,Budget and Appropriations,Derived from LIS bill description,47,3,7,10,NO,30.0,70.0
2026,H0267,"Robert S. Bloxom, Jr.",R,Budget and Appropriations,Derived from LIS bill description,49,14,34,48,NO,29.166666666666668,70.83333333333334
2026,H0056,Terry G. Kilgore,R,Budget and Appropriations,Derived from LIS bill description,49,14,35,49,NO,28.57142857142857,71.42857142857143
2026,H0384,Eric Phillips,R,Budget and Appropriations,Derived from LIS bill description,47,12,33,45,NO,26.666666666666668,73.33333333333333
2026,H0328,Scott A. Wyatt,R,Budget and Appropriations,Derived from LIS bill description,49,13,36,49,NO,26.53061224489796,73.46938775510205
2026,H0253,Terry L. Austin,R,Budget and Appropriations,Derived from LIS bill description,49,13,36,49,NO,26.53061224489796,73.46938775510205
2026,H0124,R. Lee Ware,R,Budget and Appropriations,Derived from LIS bill description,47,12,34,46,NO,26.08695652173913,73.91304347826086
2026,H0347,"H. Otto Wachsmann, Jr.",R,Budget and Appropriations,Derived from LIS bill description,47,12,35,47,NO,25.53191489361702,74.46808510638297
2026,H0259,"Hyland F. ""Buddy"" Fowler, Jr.",R,Budget and Appropriations,Derived from LIS bill description,47,12,35,47,NO,25.53191489361702,74.46808510638297
2026,H0321,Chris S. Runion,R,Budget and Appropriations,Derived from LIS bill description,48,12,36,48,NO,25.0,75.0
2026,H0333,Jason S. Ballard,R,Budget and Appropriations,Derived from LIS bill description,48,12,36,48,NO,25.0,75.0
2026,H0329,Bill Wiley,R,Budget and Appropriations,Derived from LIS bill description,49,12,37,49,NO,24.489795918367346,75.51020408163265
2026,H0350,Ellen H. McLaughlin,R,Budget and Appropriations,Derived from LIS bill description,49,12,37,49,NO,24.489795918367346,75.51020408163265
2026,H0238,M. Keith Hodges,R,Budget and Appropriations,Derived from LIS bill description,49,12,37,49,NO,24.489795918367346,75.51020408163265
2026,H0401,Madison Whittle,R,Budget and Appropriations,Derived from LIS bill description,47,11,36,47,NO,23.404255319148938,76.59574468085107
2026,H0357,Will Davis,R,Budget and Appropriations,Derived from LIS bill description,47,11,36,47,NO,23.404255319148938,76.59574468085107
2026,H0345,Anne Ferrell Tata,R,Budget and Appropriations,Derived from LIS bill description,48,11,37,48,NO,22.916666666666664,77.08333333333334
2026,H0369,Hillary Pugh Kent,R,Budget and Appropriations,Derived from LIS bill description,48,11,37,48,NO,22.916666666666664,77.08333333333334
2026,H0242,Israel D. O'Quinn,R,Budget and Appropriations,Derived from LIS bill description,48,11,37,48,NO,22.916666666666664,77.08333333333334
2026,H0247,Michael J. Webert,R,Budget and Appropriations,Derived from LIS bill description,48,11,37,48,NO,22.916666666666664,77.08333333333334
2026,H0390,Mitchell Cornett,R,Budget and Appropriations,Derived from LIS bill description,47,10,36,46,NO,21.73913043478261,78.26086956521739
2026,H0325,Wendell S. Walker,R,Budget and Appropriations,Derived from LIS bill description,47,10,36,46,NO,21.73913043478261,78.26086956521739
2026,H0262,"James A. ""Jay"" Leftwich",R,Budget and Appropriations,Derived from LIS bill description,47,10,37,47,NO,21.27659574468085,78.72340425531915
2026,H0398,Justin Pence,R,Budget and Appropriations,Derived from LIS bill description,47,10,37,47,NO,21.27659574468085,78.72340425531915
2026,H0335,Mike A. Cherry,R,Budget and Appropriations,Derived from LIS bill description,48,10,37,47,NO,21.27659574468085,78.72340425531915
2026,H0231,Tony O. Wilt,R,Budget and Appropriations,Derived from LIS bill description,49,10,39,49,NO,20.408163265306122,79.59183673469387
2026,H0308,Joseph P. McNamara,R,Budget and Appropriations,Derived from LIS bill description,47,9,37,46,NO,19.565217391304348,80.43478260869566
2026,H0377,Delores Oates,R,Budget and Appropriations,Derived from LIS bill description,47,8,39,47,NO,17.02127659574468,82.97872340425532
2026,H0136,"Thomas C. Wright, Jr.",R,Budget and Appropriations,Derived from LIS bill description,47,6,35,41,NO,14.634146341463413,85.36585365853658
2026,H0383,Eric R. Zehr,R,Budget and Appropriations,Derived from LIS bill description,47,5,40,45,NO,11.11111111111111,88.88888888888889
2026,H0364,Timothy P. Griffin,R,Budget and Appropriations,Derived from LIS bill description,47,5,41,46,NO,10.869565217391305,89.13043478260869
2026,H0394,Karen Hamilton,R,Budget and Appropriations,Derived from LIS bill description,47,3,42,45,NO,6.666666666666667,93.33333333333333
2026,H0342,Phillip A. Scott,R,Budget and Appropriations,Derived from LIS bill description,47,3,42,45,NO,6.666666666666667,93.33333333333333
2026,H0297,Elizabeth R. Guzman,D,Budget and Appropriations,Derived from LIS bill description,47,46,0,46,YES,100.0,0.0
2026,H0351,Holly M. Seibold,D,Budget and Appropriations,Derived from LIS bill description,47,46,0,46,YES,100.0,0.0
2026,H0344,Irene Shin,D,Budget and Appropriations,Derived from LIS bill description,49,48,0,48,YES,100.0,0.0
2026,H0355,Laura Jane Cohen,D,Budget and Appropriations,Derived from LIS bill description,48,47,0,47,YES,100.0,0.0
2026,H0391,Lindsey Dougherty,D,Budget and Appropriations,Derived from LIS bill description,48,46,0,46,YES,100.0,0.0
2026,H0311,Alex Q. Askew,D,Budget and Appropriations,Derived from LIS bill description,50,49,1,50,YES,98.0,2.0
2026,H0323,Shelly A. Simonds,D,Budget and Appropriations,Derived from LIS bill description,50,49,1,50,YES,98.0,2.0
2026,H0371,Amy J. Laufer,D,Budget and Appropriations,Derived from LIS bill description,49,48,1,49,YES,97.95918367346938,2.0408163265306123
2026,H0212,Betsy B. Carr,D,Budget and Appropriations,Derived from LIS bill description,49,48,1,49,YES,97.95918367346938,2.0408163265306123
2026,H0353,Bonita G. Anthony,D,Budget and Appropriations,Derived from LIS bill description,49,48,1,49,YES,97.95918367346938,2.0408163265306123
2026,H0343,Briana D. Sewell,D,Budget and Appropriations,Derived from LIS bill description,49,48,1,49,YES,97.95918367346938,2.0408163265306123
2026,H0285,"C.E. Cliff Hayes, Jr.",D,Budget and Appropriations,Derived from LIS bill description,49,48,1,49,YES,97.95918367346938,2.0408163265306123
2026,H0208,Charniele L. Herring,D,Budget and Appropriations,Derived from LIS bill description,49,48,1,49,YES,97.95918367346938,2.0408163265306123
2026,H0301,David A. Reid,D,Budget and Appropriations,Derived from LIS bill description,49,48,1,49,YES,97.95918367346938,2.0408163265306123
2026,H0207,Delores L. McQuinn,D,Budget and Appropriations,Derived from LIS bill description,49,48,1,49,YES,97.95918367346938,2.0408163265306123
2026,H0372,Destiny LeVere Bolling,D,Budget and Appropriations,Derived from LIS bill description,49,48,1,49,YES,97.95918367346938,2.0408163265306123
2026,H0382,Joshua E. Thomas,D,Budget and Appropriations,Derived from LIS bill description,49,48,1,49,YES,97.95918367346938,2.0408163265306123
2026,H0305,Kathy K.L. Tran,D,Budget and Appropriations,Derived from LIS bill description,49,48,1,49,YES,97.95918367346938,2.0408163265306123
2026,H0227,Luke E. Torian,D,Budget and Appropriations,Derived from LIS bill description,49,48,1,49,YES,97.95918367346938,2.0408163265306123
2026,H0284,"Marcia S. ""Cia"" Price",D,Budget and Appropriations,Derived from LIS bill description,49,48,1,49,YES,97.95918367346938,2.0408163265306123
2026,H0397,May Nivar,D,Budget and Appropriations,Derived from LIS bill description,49,48,1,49,YES,97.95918367346938,2.0408163265306123
2026,H0360,Michael B. Feggans,D,Budget and Appropriations,Derived from LIS bill description,49,48,1,49,YES,97.95918367346938,2.0408163265306123
2026,H0281,Paul E. Krizek,D,Budget and Appropriations,Derived from LIS bill description,49,48,1,49,YES,97.95918367346938,2.0408163265306123
2026,H0356,Rae Cousins,D,Budget and Appropriations,Derived from LIS bill description,49,48,1,49,YES,97.95918367346938,2.0408163265306123
2026,H0269,"Richard C. ""Rip"" Sullivan, Jr.",D,Budget and Appropriations,Derived from LIS bill description,49,48,1,49,YES,97.95918367346938,2.0408163265306123
2026,H0327,Rodney T. Willett,D,Budget and Appropriations,Derived from LIS bill description,49,48,1,49,YES,97.95918367346938,2.0408163265306123
2026,H0239,Alfonso H. Lopez,D,Budget and Appropriations,Derived from LIS bill description,48,47,1,48,YES,97.91666666666666,2.083333333333333
2026,H0317,Dan I. Helmer,D,Budget and Appropriations,Derived from LIS bill description,48,47,1,48,YES,97.91666666666666,2.083333333333333
2026,H0403,Gretchen M. Bulova,D,Budget and Appropriations,Derived from LIS bill description,48,47,1,48,YES,97.91666666666666,2.083333333333333
2026,H0385,JJ Singh,D,Budget and Appropriations,Derived from LIS bill description,48,47,1,48,YES,97.91666666666666,2.083333333333333
2026,H0386,Jessica L. Anderson,D,Budget and Appropriations,Derived from LIS bill description,48,47,1,48,YES,97.91666666666666,2.083333333333333
2026,H0295,Kelly K. Convirs-Fowler,D,Budget and Appropriations,Derived from LIS bill description,48,47,1,48,YES,97.91666666666666,2.083333333333333
2026,H0336,Nadarius E. Clark,D,Budget and Appropriations,Derived from LIS bill description,49,47,1,48,YES,97.91666666666666,2.083333333333333
2026,H0375,Adele Y. McClure,D,Budget and Appropriations,Derived from LIS bill description,47,46,1,47,YES,97.87234042553192,2.127659574468085
2026,H0380,Atoosa R. Reaser,D,Budget and Appropriations,Derived from LIS bill description,47,46,1,47,YES,97.87234042553192,2.127659574468085
2026,H0402,Charlie Schmidt,D,Budget and Appropriations,Derived from LIS bill description,47,46,1,47,YES,97.87234042553192,2.127659574468085
2026,H0322,Don Scott,D,Budget and Appropriations,Derived from LIS bill description,47,46,1,47,YES,97.87234042553192,2.127659574468085
2026,H0405,Garrett McGuire,D,Budget and Appropriations,Derived from LIS bill description,47,46,1,47,YES,97.87234042553192,2.127659574468085
2026,H0349,Jackie H. Glass,D,Budget and Appropriations,Derived from LIS bill description,47,46,1,47,YES,97.87234042553192,2.127659574468085
2026,H0173,Jeion A. Ward,D,Budget and Appropriations,Derived from LIS bill description,48,46,1,47,YES,97.87234042553192,2.127659574468085
2026,H0387,"Karen R. ""Kacey"" Carnegie",D,Budget and Appropriations,Derived from LIS bill description,47,46,1,47,YES,97.87234042553192,2.127659574468085
2026,H0354,Katrina Callsen,D,Budget and Appropriations,Derived from LIS bill description,47,46,1,47,YES,97.87234042553192,2.127659574468085
2026,H0399,Kimberly Pope Adams,D,Budget and Appropriations,Derived from LIS bill description,47,46,1,47,YES,97.87234042553192,2.127659574468085
2026,H0396,Leslie Chambers Mehta,D,Budget and Appropriations,Derived from LIS bill description,47,46,1,47,YES,97.87234042553192,2.127659574468085
2026,H0264,Marcus B. Simon,D,Budget and Appropriations,Derived from LIS bill description,47,46,1,47,YES,97.87234042553192,2.127659574468085
2026,H0404,Margaret A. Franklin,D,Budget and Appropriations,Derived from LIS bill description,47,46,1,47,YES,97.87234042553192,2.127659574468085
2026,H0392,Mark C. Downey,D,Budget and Appropriations,Derived from LIS bill description,47,46,1,47,YES,97.87234042553192,2.127659574468085
2026,H0374,Marty Martinez,D,Budget and Appropriations,Derived from LIS bill description,47,46,1,47,YES,97.87234042553192,2.127659574468085
2026,H0340,Michelle Lopes Maldonado,D,Budget and Appropriations,Derived from LIS bill description,48,46,1,47,YES,97.87234042553192,2.127659574468085
2026,H0389,Nicole Cole,D,Budget and Appropriations,Derived from LIS bill description,47,46,1,47,YES,97.87234042553192,2.127659574468085
2026,H0366,Phil M. Hernandez,D,Budget and Appropriations,Derived from LIS bill description,47,46,1,47,YES,97.87234042553192,2.127659574468085
2026,H0266,Sam Rasoul,D,Budget and Appropriations,Derived from LIS bill description,48,46,1,47,YES,97.87234042553192,2.127659574468085
2026,H0400,Virgil Thornton,D,Budget and Appropriations,Derived from LIS bill description,47,46,1,47,YES,97.87234042553192,2.127659574468085
2026,H0108,Vivian E. Watts,D,Budget and Appropriations,Derived from LIS bill description,47,46,1,47,YES,97.87234042553192,2.127659574468085
2026,H0361,Debra D. Gardner,D,Budget and Appropriations,Derived from LIS bill description,47,45,1,46,YES,97.82608695652173,2.1739130434782608
2026,H0395,John Chilton McAuliff,D,Budget and Appropriations,Derived from LIS bill description,47,45,1,46,YES,97.82608695652173,2.1739130434782608
2026,H0370,Karen Keys-Gamarra,D,Budget and Appropriations,Derived from LIS bill description,47,45,1,46,YES,97.82608695652173,2.1739130434782608
2026,H0294,Karrie K. Delaney,D,Budget and Appropriations,Derived from LIS bill description,47,45,1,46,YES,97.82608695652173,2.1739130434782608
2026,H0393,Lily V. Franklin,D,Budget and Appropriations,Derived from LIS bill description,47,45,1,46,YES,97.82608695652173,2.1739130434782608
2026,H0219,Patrick A. Hope,D,Budget and Appropriations,Derived from LIS bill description,47,45,1,46,YES,97.82608695652173,2.1739130434782608
2026,H0365,"Rozia A. Henson, Jr.",D,Budget and Appropriations,Derived from LIS bill description,47,45,1,46,YES,97.82608695652173,2.1739130434782608
2026,H0314,Joshua G. Cole,D,Budget and Appropriations,Derived from LIS bill description,47,44,1,45,YES,97.77777777777777,2.2222222222222223
2026,H0388,Stacey Annie Carroll,D,Budget and Appropriations,Derived from LIS bill description,47,44,1,45,YES,97.77777777777777,2.2222222222222223
2026,H0406,Kirk McPike,D,Budget and Appropriations,Derived from LIS bill description,41,39,1,40,YES,97.5,2.5
2026,H0407,Andrew Rice,R,Business and Commerce,Derived from LIS bill description,7,1,5,6,INSUFFICIENT DATA,16.666666666666664,83.33333333333334
2026,H0206,Barry D. Knight,R,Business and Commerce,Derived from LIS bill description,30,0,0,0,INSUFFICIENT DATA,0.0,0.0
2026,H0308,Joseph P. McNamara,R,Business and Commerce,Derived from LIS bill description,57,36,20,56,MIXED,64.28571428571429,35.714285714285715
2026,H0384,Eric Phillips,R,Business and Commerce,Derived from LIS bill description,53,34,19,53,MIXED,64.15094339622641,35.84905660377358
2026,H0335,Mike A. Cherry,R,Business and Commerce,Derived from LIS bill description,52,33,19,52,MIXED,63.46153846153846,36.53846153846153
2026,H0357,Will Davis,R,Business and Commerce,Derived from LIS bill description,54,34,20,54,MIXED,62.96296296296296,37.03703703703704
2026,H0224,James W. Morefield,R,Business and Commerce,Derived from LIS bill description,78,48,29,77,MIXED,62.33766233766234,37.66233766233766
2026,H0347,"H. Otto Wachsmann, Jr.",R,Business and Commerce,Derived from LIS bill description,53,32,21,53,MIXED,60.37735849056604,39.62264150943396
2026,H0321,Chris S. Runion,R,Business and Commerce,Derived from LIS bill description,63,38,25,63,MIXED,60.317460317460316,39.682539682539684
2026,H0398,Justin Pence,R,Business and Commerce,Derived from LIS bill description,55,31,21,52,MIXED,59.61538461538461,40.38461538461539
2026,H0247,Michael J. Webert,R,Business and Commerce,Derived from LIS bill description,67,38,26,64,MIXED,59.375,40.625
2026,H0328,Scott A. Wyatt,R,Business and Commerce,Derived from LIS bill description,63,37,26,63,MIXED,58.730158730158735,41.269841269841265
2026,H0325,Wendell S. Walker,R,Business and Commerce,Derived from LIS bill description,52,29,21,50,MIXED,57.99999999999999,42.0
2026,H0401,Madison Whittle,R,Business and Commerce,Derived from LIS bill description,54,31,23,54,MIXED,57.407407407407405,42.592592592592595
2026,H0136,"Thomas C. Wright, Jr.",R,Business and Commerce,Derived from LIS bill description,58,31,23,54,MIXED,57.407407407407405,42.592592592592595
2026,H0238,M. Keith Hodges,R,Business and Commerce,Derived from LIS bill description,62,35,26,61,MIXED,57.377049180327866,42.62295081967213
2026,H0262,"James A. ""Jay"" Leftwich",R,Business and Commerce,Derived from LIS bill description,56,32,24,56,MIXED,57.14285714285714,42.857142857142854
2026,H0345,Anne Ferrell Tata,R,Business and Commerce,Derived from LIS bill description,55,31,24,55,MIXED,56.36363636363636,43.63636363636363
2026,H0124,R. Lee Ware,R,Business and Commerce,Derived from LIS bill description,59,32,26,58,MIXED,55.172413793103445,44.827586206896555
2026,H0390,Mitchell Cornett,R,Business and Commerce,Derived from LIS bill description,52,28,24,52,MIXED,53.84615384615385,46.15384615384615
2026,H0369,Hillary Pugh Kent,R,Business and Commerce,Derived from LIS bill description,57,30,26,56,MIXED,53.57142857142857,46.42857142857143
2026,H0377,Delores Oates,R,Business and Commerce,Derived from LIS bill description,54,27,26,53,MIXED,50.943396226415096,49.056603773584904
2026,H0362,"Thomas A. Garrett, Jr.",R,Business and Commerce,Derived from LIS bill description,53,25,25,50,MIXED,50.0,50.0
2026,H0364,Timothy P. Griffin,R,Business and Commerce,Derived from LIS bill description,52,22,26,48,MIXED,45.83333333333333,54.166666666666664
2026,H0383,Eric R. Zehr,R,Business and Commerce,Derived from LIS bill description,52,23,28,51,MIXED,45.09803921568628,54.90196078431373
2026,H0394,Karen Hamilton,R,Business and Commerce,Derived from LIS bill description,54,22,28,50,MIXED,44.0,56.00000000000001
2026,H0342,Phillip A. Scott,R,Business and Commerce,Derived from LIS bill description,52,22,30,52,MIXED,42.30769230769231,57.692307692307686
2026,H0365,"Rozia A. Henson, Jr.",D,Business and Commerce,Derived from LIS bill description,54,51,1,52,YES,98.07692307692307,1.9230769230769231
2026,H0393,Lily V. Franklin,D,Business and Commerce,Derived from LIS bill description,85,83,2,85,YES,97.6470588235294,2.3529411764705883
2026,H0264,Marcus B. Simon,D,Business and Commerce,Derived from LIS bill description,83,81,2,83,YES,97.59036144578313,2.4096385542168677
2026,H0294,Karrie K. Delaney,D,Business and Commerce,Derived from LIS bill description,80,78,2,80,YES,97.5,2.5
2026,H0314,Joshua G. Cole,D,Business and Commerce,Derived from LIS bill description,76,74,2,76,YES,97.36842105263158,2.631578947368421
2026,H0297,Elizabeth R. Guzman,D,Business and Commerce,Derived from LIS bill description,74,70,2,72,YES,97.22222222222221,2.7777777777777777
2026,H0269,"Richard C. ""Rip"" Sullivan, Jr.",D,Business and Commerce,Derived from LIS bill description,72,70,2,72,YES,97.22222222222221,2.7777777777777777
2026,H0340,Michelle Lopes Maldonado,D,Business and Commerce,Derived from LIS bill description,70,68,2,70,YES,97.14285714285714,2.857142857142857
2026,H0323,Shelly A. Simonds,D,Business and Commerce,Derived from LIS bill description,68,66,2,68,YES,97.05882352941177,2.941176470588235
2026,H0371,Amy J. Laufer,D,Business and Commerce,Derived from LIS bill description,67,65,2,67,YES,97.01492537313433,2.9850746268656714
2026,H0343,Briana D. Sewell,D,Business and Commerce,Derived from LIS bill description,67,65,2,67,YES,97.01492537313433,2.9850746268656714
2026,H0317,Dan I. Helmer,D,Business and Commerce,Derived from LIS bill description,69,65,2,67,YES,97.01492537313433,2.9850746268656714
2026,H0385,JJ Singh,D,Business and Commerce,Derived from LIS bill description,67,65,2,67,YES,97.01492537313433,2.9850746268656714
2026,H0360,Michael B. Feggans,D,Business and Commerce,Derived from LIS bill description,66,64,2,66,YES,96.96969696969697,3.0303030303030303
2026,H0327,Rodney T. Willett,D,Business and Commerce,Derived from LIS bill description,65,63,2,65,YES,96.92307692307692,3.076923076923077
2026,H0388,Stacey Annie Carroll,D,Business and Commerce,Derived from LIS bill description,71,63,2,65,YES,96.92307692307692,3.076923076923077
2026,H0207,Delores L. McQuinn,D,Business and Commerce,Derived from LIS bill description,64,62,2,64,YES,96.875,3.125
2026,H0400,Virgil Thornton,D,Business and Commerce,Derived from LIS bill description,65,62,2,64,YES,96.875,3.125
2026,H0285,"C.E. Cliff Hayes, Jr.",D,Business and Commerce,Derived from LIS bill description,64,61,2,63,YES,96.82539682539682,3.1746031746031744
2026,H0372,Destiny LeVere Bolling,D,Business and Commerce,Derived from LIS bill description,63,61,2,63,YES,96.82539682539682,3.1746031746031744
2026,H0301,David A. Reid,D,Business and Commerce,Derived from LIS bill description,63,60,2,62,YES,96.7741935483871,3.225806451612903
2026,H0311,Alex Q. Askew,D,Business and Commerce,Derived from LIS bill description,61,59,2,61,YES,96.72131147540983,3.278688524590164
2026,H0374,Marty Martinez,D,Business and Commerce,Derived from LIS bill description,62,59,2,61,YES,96.72131147540983,3.278688524590164
2026,H0212,Betsy B. Carr,D,Business and Commerce,Derived from LIS bill description,89,85,3,88,YES,96.5909090909091,3.4090909090909087
2026,H0399,Kimberly Pope Adams,D,Business and Commerce,Derived from LIS bill description,58,55,2,57,YES,96.49122807017544,3.508771929824561
2026,H0396,Leslie Chambers Mehta,D,Business and Commerce,Derived from LIS bill description,57,55,2,57,YES,96.49122807017544,3.508771929824561
2026,H0387,"Karen R. ""Kacey"" Carnegie",D,Business and Commerce,Derived from LIS bill description,56,54,2,56,YES,96.42857142857143,3.571428571428571
2026,H0389,Nicole Cole,D,Business and Commerce,Derived from LIS bill description,56,53,2,55,YES,96.36363636363636,3.6363636363636362
2026,H0108,Vivian E. Watts,D,Business and Commerce,Derived from LIS bill description,56,53,2,55,YES,96.36363636363636,3.6363636363636362
2026,H0391,Lindsey Dougherty,D,Business and Commerce,Derived from LIS bill description,54,52,2,54,YES,96.29629629629629,3.7037037037037033
2026,H0392,Mark C. Downey,D,Business and Commerce,Derived from LIS bill description,55,52,2,54,YES,96.29629629629629,3.7037037037037033
2026,H0322,Don Scott,D,Business and Commerce,Derived from LIS bill description,52,50,2,52,YES,96.15384615384616,3.8461538461538463
2026,H0219,Patrick A. Hope,D,Business and Commerce,Derived from LIS bill description,54,50,2,52,YES,96.15384615384616,3.8461538461538463
2026,H0361,Debra D. Gardner,D,Business and Commerce,Derived from LIS bill description,52,49,2,51,YES,96.07843137254902,3.9215686274509802
2026,H0239,Alfonso H. Lopez,D,Business and Commerce,Derived from LIS bill description,69,65,3,68,YES,95.58823529411765,4.411764705882353
2026,H0334,Elizabeth B. Bennett-Parker,D,Business and Commerce,Derived from LIS bill description,25,21,1,22,YES,95.45454545454545,4.545454545454546
2026,H0353,Bonita G. Anthony,D,Business and Commerce,Derived from LIS bill description,64,61,3,64,YES,95.3125,4.6875
2026,H0173,Jeion A. Ward,D,Business and Commerce,Derived from LIS bill description,69,61,3,64,YES,95.3125,4.6875
2026,H0397,May Nivar,D,Business and Commerce,Derived from LIS bill description,63,60,3,63,YES,95.23809523809523,4.761904761904762
2026,H0370,Karen Keys-Gamarra,D,Business and Commerce,Derived from LIS bill description,61,57,3,60,YES,95.0,5.0
2026,H0375,Adele Y. McClure,D,Business and Commerce,Derived from LIS bill description,79,75,4,79,YES,94.9367088607595,5.063291139240507
2026,H0295,Kelly K. Convirs-Fowler,D,Business and Commerce,Derived from LIS bill description,63,51,3,54,YES,94.44444444444444,5.555555555555555
2026,H0354,Katrina Callsen,D,Business and Commerce,Derived from LIS bill description,69,64,4,68,YES,94.11764705882352,5.88235294117647
2026,H0227,Luke E. Torian,D,Business and Commerce,Derived from LIS bill description,76,64,4,68,YES,94.11764705882352,5.88235294117647
2026,H0355,Laura Jane Cohen,D,Business and Commerce,Derived from LIS bill description,69,61,4,65,YES,93.84615384615384,6.153846153846154
2026,H0281,Paul E. Krizek,D,Business and Commerce,Derived from LIS bill description,86,76,5,81,YES,93.82716049382715,6.172839506172839
2026,H0336,Nadarius E. Clark,D,Business and Commerce,Derived from LIS bill description,67,42,3,45,YES,93.33333333333333,6.666666666666667
2026,H0405,Garrett McGuire,D,Business and Commerce,Derived from LIS bill description,57,53,4,57,YES,92.98245614035088,7.017543859649122
2026,H0344,Irene Shin,D,Business and Commerce,Derived from LIS bill description,69,64,5,69,YES,92.7536231884058,7.246376811594203
2026,H0404,Margaret A. Franklin,D,Business and Commerce,Derived from LIS bill description,55,50,4,54,YES,92.5925925925926,7.4074074074074066
2026,H0208,Charniele L. Herring,D,Business and Commerce,Derived from LIS bill description,67,62,5,67,YES,92.53731343283582,7.462686567164178
2026,H0356,Rae Cousins,D,Business and Commerce,Derived from LIS bill description,67,62,5,67,YES,92.53731343283582,7.462686567164178
2026,H0366,Phil M. Hernandez,D,Business and Commerce,Derived from LIS bill description,79,73,6,79,YES,92.40506329113924,7.59493670886076
2026,H0380,Atoosa R. Reaser,D,Business and Commerce,Derived from LIS bill description,79,72,6,78,YES,92.3076923076923,7.6923076923076925
2026,H0403,Gretchen M. Bulova,D,Business and Commerce,Derived from LIS bill description,52,48,4,52,YES,92.3076923076923,7.6923076923076925
2026,H0349,Jackie H. Glass,D,Business and Commerce,Derived from LIS bill description,61,56,5,61,YES,91.80327868852459,8.19672131147541
2026,H0382,Joshua E. Thomas,D,Business and Commerce,Derived from LIS bill description,61,56,5,61,YES,91.80327868852459,8.19672131147541
2026,H0402,Charlie Schmidt,D,Business and Commerce,Derived from LIS bill description,56,51,5,56,YES,91.07142857142857,8.928571428571429
2026,H0386,Jessica L. Anderson,D,Business and Commerce,Derived from LIS bill description,55,50,5,55,YES,90.9090909090909,9.090909090909092
2026,H0305,Kathy K.L. Tran,D,Business and Commerce,Derived from LIS bill description,66,60,6,66,YES,90.9090909090909,9.090909090909092
2026,H0395,John Chilton McAuliff,D,Business and Commerce,Derived from LIS bill description,58,47,5,52,YES,90.38461538461539,9.615384615384617
2026,H0266,Sam Rasoul,D,Business and Commerce,Derived from LIS bill description,52,47,5,52,YES,90.38461538461539,9.615384615384617
2026,H0284,"Marcia S. ""Cia"" Price",D,Business and Commerce,Derived from LIS bill description,78,70,8,78,YES,89.74358974358975,10.256410256410255
2026,H0351,Holly M. Seibold,D,Business and Commerce,Derived from LIS bill description,69,60,7,67,YES,89.55223880597015,10.44776119402985
2026,H0406,Kirk McPike,D,Business and Commerce,Derived from LIS bill description,31,26,5,31,YES,83.87096774193549,16.129032258064516
2026,H0056,Terry G. Kilgore,R,Business and Commerce,Derived from LIS bill description,72,54,17,71,YES,76.05633802816901,23.943661971830984
2026,H0333,Jason S. Ballard,R,Business and Commerce,Derived from LIS bill description,75,54,21,75,YES,72.0,28.000000000000004
2026,H0348,Wren M. Williams,R,Business and Commerce,Derived from LIS bill description,64,43,19,62,YES,69.35483870967742,30.64516129032258
2026,H0350,Ellen H. McLaughlin,R,Business and Commerce,Derived from LIS bill description,76,48,23,71,YES,67.6056338028169,32.3943661971831
2026,H0253,Terry L. Austin,R,Business and Commerce,Derived from LIS bill description,79,53,26,79,YES,67.08860759493672,32.91139240506329
2026,H0259,"Hyland F. ""Buddy"" Fowler, Jr.",R,Business and Commerce,Derived from LIS bill description,81,51,26,77,YES,66.23376623376623,33.76623376623377
2026,H0242,Israel D. O'Quinn,R,Business and Commerce,Derived from LIS bill description,68,45,23,68,YES,66.17647058823529,33.82352941176471
2026,H0231,Tony O. Wilt,R,Business and Commerce,Derived from LIS bill description,65,43,22,65,YES,66.15384615384615,33.84615384615385
2026,H0267,"Robert S. Bloxom, Jr.",R,Business and Commerce,Derived from LIS bill description,95,62,32,94,YES,65.95744680851064,34.04255319148936
2026,H0329,Bill Wiley,R,Business and Commerce,Derived from LIS bill description,90,59,31,90,YES,65.55555555555556,34.44444444444444
2026,H0375,Adele Y. McClure,D,Child Care,Official LIS subject,1,1,0,1,INSUFFICIENT DATA,100.0,0.0
2026,H0311,Alex Q. Askew,D,Child Care,Official LIS subject,3,3,0,3,INSUFFICIENT DATA,100.0,0.0
2026,H0239,Alfonso H. Lopez,D,Child Care,Official LIS subject,1,1,0,1,INSUFFICIENT DATA,100.0,0.0
2026,H0371,Amy J. Laufer,D,Child Care,Official LIS subject,3,3,0,3,INSUFFICIENT DATA,100.0,0.0
2026,H0345,Anne Ferrell Tata,R,Child Care,Official LIS subject,2,2,0,2,INSUFFICIENT DATA,100.0,0.0
2026,H0380,Atoosa R. Reaser,D,Child Care,Official LIS subject,2,2,0,2,INSUFFICIENT DATA,100.0,0.0
2026,H0212,Betsy B. Carr,D,Child Care,Official LIS subject,2,2,0,2,INSUFFICIENT DATA,100.0,0.0
2026,H0329,Bill Wiley,R,Child Care,Official LIS subject,2,2,0,2,INSUFFICIENT DATA,100.0,0.0
2026,H0353,Bonita G. Anthony,D,Child Care,Official LIS subject,1,1,0,1,INSUFFICIENT DATA,100.0,0.0
2026,H0343,Briana D. Sewell,D,Child Care,Official LIS subject,3,3,0,3,INSUFFICIENT DATA,100.0,0.0
2026,H0285,"C.E. Cliff Hayes, Jr.",D,Child Care,Official LIS subject,2,2,0,2,INSUFFICIENT DATA,100.0,0.0
2026,H0402,Charlie Schmidt,D,Child Care,Official LIS subject,1,1,0,1,INSUFFICIENT DATA,100.0,0.0
2026,H0208,Charniele L. Herring,D,Child Care,Official LIS subject,2,2,0,2,INSUFFICIENT DATA,100.0,0.0
2026,H0321,Chris S. Runion,R,Child Care,Official LIS subject,1,1,0,1,INSUFFICIENT DATA,100.0,0.0
2026,H0317,Dan I. Helmer,D,Child Care,Official LIS subject,1,1,0,1,INSUFFICIENT DATA,100.0,0.0
2026,H0301,David A. Reid,D,Child Care,Official LIS subject,2,2,0,2,INSUFFICIENT DATA,100.0,0.0
2026,H0361,Debra D. Gardner,D,Child Care,Official LIS subject,1,1,0,1,INSUFFICIENT DATA,100.0,0.0
2026,H0207,Delores L. McQuinn,D,Child Care,Official LIS subject,3,3,0,3,INSUFFICIENT DATA,100.0,0.0
2026,H0377,Delores Oates,R,Child Care,Official LIS subject,1,1,0,1,INSUFFICIENT DATA,100.0,0.0
2026,H0372,Destiny LeVere Bolling,D,Child Care,Official LIS subject,2,2,0,2,INSUFFICIENT DATA,100.0,0.0
2026,H0322,Don Scott,D,Child Care,Official LIS subject,1,1,0,1,INSUFFICIENT DATA,100.0,0.0
2026,H0297,Elizabeth R. Guzman,D,Child Care,Official LIS subject,2,2,0,2,INSUFFICIENT DATA,100.0,0.0
2026,H0350,Ellen H. McLaughlin,R,Child Care,Official LIS subject,2,2,0,2,INSUFFICIENT DATA,100.0,0.0
2026,H0384,Eric Phillips,R,Child Care,Official LIS subject,1,1,0,1,INSUFFICIENT DATA,100.0,0.0
2026,H0405,Garrett McGuire,D,Child Care,Official LIS subject,1,1,0,1,INSUFFICIENT DATA,100.0,0.0
2026,H0403,Gretchen M. Bulova,D,Child Care,Official LIS subject,2,2,0,2,INSUFFICIENT DATA,100.0,0.0
2026,H0347,"H. Otto Wachsmann, Jr.",R,Child Care,Official LIS subject,1,1,0,1,INSUFFICIENT DATA,100.0,0.0
2026,H0369,Hillary Pugh Kent,R,Child Care,Official LIS subject,2,2,0,2,INSUFFICIENT DATA,100.0,0.0
2026,H0351,Holly M. Seibold,D,Child Care,Official LIS subject,1,1,0,1,INSUFFICIENT DATA,100.0,0.0
2026,H0259,"Hyland F. ""Buddy"" Fowler, Jr.",R,Child Care,Official LIS subject,1,1,0,1,INSUFFICIENT DATA,100.0,0.0
2026,H0344,Irene Shin,D,Child Care,Official LIS subject,1,1,0,1,INSUFFICIENT DATA,100.0,0.0
2026,H0242,Israel D. O'Quinn,R,Child Care,Official LIS subject,1,1,0,1,INSUFFICIENT DATA,100.0,0.0
2026,H0385,JJ Singh,D,Child Care,Official LIS subject,1,1,0,1,INSUFFICIENT DATA,100.0,0.0
2026,H0349,Jackie H. Glass,D,Child Care,Official LIS subject,1,1,0,1,INSUFFICIENT DATA,100.0,0.0
2026,H0262,"James A. ""Jay"" Leftwich",R,Child Care,Official LIS subject,1,1,0,1,INSUFFICIENT DATA,100.0,0.0
2026,H0224,James W. Morefield,R,Child Care,Official LIS subject,2,2,0,2,INSUFFICIENT DATA,100.0,0.0
2026,H0333,Jason S. Ballard,R,Child Care,Official LIS subject,1,1,0,1,INSUFFICIENT DATA,100.0,0.0
2026,H0173,Jeion A. Ward,D,Child Care,Official LIS subject,1,1,0,1,INSUFFICIENT DATA,100.0,0.0
2026,H0386,Jessica L. Anderson,D,Child Care,Official LIS subject,2,2,0,2,INSUFFICIENT DATA,100.0,0.0
2026,H0395,John Chilton McAuliff,D,Child Care,Official LIS subject,1,1,0,1,INSUFFICIENT DATA,100.0,0.0
2026,H0308,Joseph P. McNamara,R,Child Care,Official LIS subject,1,1,0,1,INSUFFICIENT DATA,100.0,0.0
2026,H0382,Joshua E. Thomas,D,Child Care,Official LIS subject,2,2,0,2,INSUFFICIENT DATA,100.0,0.0
2026,H0314,Joshua G. Cole,D,Child Care,Official LIS subject,1,1,0,1,INSUFFICIENT DATA,100.0,0.0
2026,H0398,Justin Pence,R,Child Care,Official LIS subject,1,1,0,1,INSUFFICIENT DATA,100.0,0.0
2026,H0370,Karen Keys-Gamarra,D,Child Care,Official LIS subject,1,1,0,1,INSUFFICIENT DATA,100.0,0.0
2026,H0387,"Karen R. ""Kacey"" Carnegie",D,Child Care,Official LIS subject,1,1,0,1,INSUFFICIENT DATA,100.0,0.0
2026,H0294,Karrie K. Delaney,D,Child Care,Official LIS subject,1,1,0,1,INSUFFICIENT DATA,100.0,0.0
2026,H0305,Kathy K.L. Tran,D,Child Care,Official LIS subject,2,2,0,2,INSUFFICIENT DATA,100.0,0.0
2026,H0354,Katrina Callsen,D,Child Care,Official LIS subject,1,1,0,1,INSUFFICIENT DATA,100.0,0.0
2026,H0295,Kelly K. Convirs-Fowler,D,Child Care,Official LIS subject,2,2,0,2,INSUFFICIENT DATA,100.0,0.0
2026,H0399,Kimberly Pope Adams,D,Child Care,Official LIS subject,1,1,0,1,INSUFFICIENT DATA,100.0,0.0
2026,H0406,Kirk McPike,D,Child Care,Official LIS subject,1,1,0,1,INSUFFICIENT DATA,100.0,0.0
2026,H0355,Laura Jane Cohen,D,Child Care,Official LIS subject,1,1,0,1,INSUFFICIENT DATA,100.0,0.0
2026,H0396,Leslie Chambers Mehta,D,Child Care,Official LIS subject,1,1,0,1,INSUFFICIENT DATA,100.0,0.0
2026,H0393,Lily V. Franklin,D,Child Care,Official LIS subject,1,1,0,1,INSUFFICIENT DATA,100.0,0.0
2026,H0391,Lindsey Dougherty,D,Child Care,Official LIS subject,2,2,0,2,INSUFFICIENT DATA,100.0,0.0
2026,H0227,Luke E. Torian,D,Child Care,Official LIS subject,2,2,0,2,INSUFFICIENT DATA,100.0,0.0
2026,H0238,M. Keith Hodges,R,Child Care,Official LIS subject,2,2,0,2,INSUFFICIENT DATA,100.0,0.0
2026,H0401,Madison Whittle,R,Child Care,Official LIS subject,2,2,0,2,INSUFFICIENT DATA,100.0,0.0
2026,H0284,"Marcia S. ""Cia"" Price",D,Child Care,Official LIS subject,2,2,0,2,INSUFFICIENT DATA,100.0,0.0
2026,H0264,Marcus B. Simon,D,Child Care,Official LIS subject,1,1,0,1,INSUFFICIENT DATA,100.0,0.0
2026,H0404,Margaret A. Franklin,D,Child Care,Official LIS subject,1,1,0,1,INSUFFICIENT DATA,100.0,0.0
2026,H0392,Mark C. Downey,D,Child Care,Official LIS subject,1,1,0,1,INSUFFICIENT DATA,100.0,0.0
2026,H0374,Marty Martinez,D,Child Care,Official LIS subject,1,1,0,1,INSUFFICIENT DATA,100.0,0.0
2026,H0397,May Nivar,D,Child Care,Official LIS subject,1,1,0,1,INSUFFICIENT DATA,100.0,0.0
2026,H0360,Michael B. Feggans,D,Child Care,Official LIS subject,1,1,0,1,INSUFFICIENT DATA,100.0,0.0
2026,H0247,Michael J. Webert,R,Child Care,Official LIS subject,1,1,0,1,INSUFFICIENT DATA,100.0,0.0
2026,H0340,Michelle Lopes Maldonado,D,Child Care,Official LIS subject,1,1,0,1,INSUFFICIENT DATA,100.0,0.0
2026,H0335,Mike A. Cherry,R,Child Care,Official LIS subject,2,2,0,2,INSUFFICIENT DATA,100.0,0.0
2026,H0390,Mitchell Cornett,R,Child Care,Official LIS subject,1,1,0,1,INSUFFICIENT DATA,100.0,0.0
2026,H0336,Nadarius E. Clark,D,Child Care,Official LIS subject,2,2,0,2,INSUFFICIENT DATA,100.0,0.0
2026,H0389,Nicole Cole,D,Child Care,Official LIS subject,1,1,0,1,INSUFFICIENT DATA,100.0,0.0
2026,H0219,Patrick A. Hope,D,Child Care,Official LIS subject,1,1,0,1,INSUFFICIENT DATA,100.0,0.0
2026,H0281,Paul E. Krizek,D,Child Care,Official LIS subject,2,2,0,2,INSUFFICIENT DATA,100.0,0.0
2026,H0366,Phil M. Hernandez,D,Child Care,Official LIS subject,1,1,0,1,INSUFFICIENT DATA,100.0,0.0
2026,H0124,R. Lee Ware,R,Child Care,Official LIS subject,1,1,0,1,INSUFFICIENT DATA,100.0,0.0
2026,H0356,Rae Cousins,D,Child Care,Official LIS subject,2,2,0,2,INSUFFICIENT DATA,100.0,0.0
2026,H0269,"Richard C. ""Rip"" Sullivan, Jr.",D,Child Care,Official LIS subject,1,1,0,1,INSUFFICIENT DATA,100.0,0.0
2026,H0267,"Robert S. Bloxom, Jr.",R,Child Care,Official LIS subject,2,2,0,2,INSUFFICIENT DATA,100.0,0.0
2026,H0327,Rodney T. Willett,D,Child Care,Official LIS subject,2,2,0,2,INSUFFICIENT DATA,100.0,0.0
2026,H0365,"Rozia A. Henson, Jr.",D,Child Care,Official LIS subject,1,1,0,1,INSUFFICIENT DATA,100.0,0.0
2026,H0266,Sam Rasoul,D,Child Care,Official LIS subject,2,2,0,2,INSUFFICIENT DATA,100.0,0.0
2026,H0328,Scott A. Wyatt,R,Child Care,Official LIS subject,2,2,0,2,INSUFFICIENT DATA,100.0,0.0
2026,H0323,Shelly A. Simonds,D,Child Care,Official LIS subject,3,2,0,2,INSUFFICIENT DATA,100.0,0.0
2026,H0388,Stacey Annie Carroll,D,Child Care,Official LIS subject,1,1,0,1,INSUFFICIENT DATA,100.0,0.0
2026,H0056,Terry G. Kilgore,R,Child Care,Official LIS subject,1,1,0,1,INSUFFICIENT DATA,100.0,0.0
2026,H0253,Terry L. Austin,R,Child Care,Official LIS subject,2,2,0,2,INSUFFICIENT DATA,100.0,0.0
2026,H0136,"Thomas C. Wright, Jr.",R,Child Care,Official LIS subject,1,1,0,1,INSUFFICIENT DATA,100.0,0.0
2026,H0231,Tony O. Wilt,R,Child Care,Official LIS subject,1,1,0,1,INSUFFICIENT DATA,100.0,0.0
2026,H0400,Virgil Thornton,D,Child Care,Official LIS subject,1,1,0,1,INSUFFICIENT DATA,100.0,0.0
2026,H0108,Vivian E. Watts,D,Child Care,Official LIS subject,1,1,0,1,INSUFFICIENT DATA,100.0,0.0
2026,H0325,Wendell S. Walker,R,Child Care,Official LIS subject,1,1,0,1,INSUFFICIENT DATA,100.0,0.0
2026,H0357,Will Davis,R,Child Care,Official LIS subject,1,1,0,1,INSUFFICIENT DATA,100.0,0.0
2026,H0348,Wren M. Williams,R,Child Care,Official LIS subject,1,1,0,1,INSUFFICIENT DATA,100.0,0.0
2026,H0383,Eric R. Zehr,R,Child Care,Official LIS subject,2,0,2,2,INSUFFICIENT DATA,0.0,100.0
2026,H0394,Karen Hamilton,R,Child Care,Official LIS subject,1,0,1,1,INSUFFICIENT DATA,0.0,100.0
2026,H0342,Phillip A. Scott,R,Child Care,Official LIS subject,2,0,2,2,INSUFFICIENT DATA,0.0,100.0
2026,H0362,"Thomas A. Garrett, Jr.",R,Child Care,Official LIS subject,2,0,2,2,INSUFFICIENT DATA,0.0,100.0
2026,H0364,Timothy P. Griffin,R,Child Care,Official LIS subject,1,0,0,0,INSUFFICIENT DATA,0.0,0.0
2026,H0375,Adele Y. McClure,D,Children,Official LIS subject,2,2,0,2,INSUFFICIENT DATA,100.0,0.0
2026,H0311,Alex Q. Askew,D,Children,Official LIS subject,2,2,0,2,INSUFFICIENT DATA,100.0,0.0
2026,H0239,Alfonso H. Lopez,D,Children,Official LIS subject,3,3,0,3,INSUFFICIENT DATA,100.0,0.0
2026,H0371,Amy J. Laufer,D,Children,Official LIS subject,2,2,0,2,INSUFFICIENT DATA,100.0,0.0
2026,H0380,Atoosa R. Reaser,D,Children,Official LIS subject,3,3,0,3,INSUFFICIENT DATA,100.0,0.0
2026,H0212,Betsy B. Carr,D,Children,Official LIS subject,2,2,0,2,INSUFFICIENT DATA,100.0,0.0
2026,H0353,Bonita G. Anthony,D,Children,Official LIS subject,3,3,0,3,INSUFFICIENT DATA,100.0,0.0
2026,H0343,Briana D. Sewell,D,Children,Official LIS subject,2,2,0,2,INSUFFICIENT DATA,100.0,0.0
2026,H0285,"C.E. Cliff Hayes, Jr.",D,Children,Official LIS subject,2,2,0,2,INSUFFICIENT DATA,100.0,0.0
2026,H0402,Charlie Schmidt,D,Children,Official LIS subject,4,3,0,3,INSUFFICIENT DATA,100.0,0.0
2026,H0208,Charniele L. Herring,D,Children,Official LIS subject,2,2,0,2,INSUFFICIENT DATA,100.0,0.0
2026,H0317,Dan I. Helmer,D,Children,Official LIS subject,3,3,0,3,INSUFFICIENT DATA,100.0,0.0
2026,H0301,David A. Reid,D,Children,Official LIS subject,2,2,0,2,INSUFFICIENT DATA,100.0,0.0
2026,H0361,Debra D. Gardner,D,Children,Official LIS subject,2,2,0,2,INSUFFICIENT DATA,100.0,0.0
2026,H0207,Delores L. McQuinn,D,Children,Official LIS subject,2,2,0,2,INSUFFICIENT DATA,100.0,0.0
2026,H0372,Destiny LeVere Bolling,D,Children,Official LIS subject,3,3,0,3,INSUFFICIENT DATA,100.0,0.0
2026,H0322,Don Scott,D,Children,Official LIS subject,2,2,0,2,INSUFFICIENT DATA,100.0,0.0
2026,H0297,Elizabeth R. Guzman,D,Children,Official LIS subject,2,2,0,2,INSUFFICIENT DATA,100.0,0.0
2026,H0405,Garrett McGuire,D,Children,Official LIS subject,2,2,0,2,INSUFFICIENT DATA,100.0,0.0
2026,H0403,Gretchen M. Bulova,D,Children,Official LIS subject,2,2,0,2,INSUFFICIENT DATA,100.0,0.0
2026,H0351,Holly M. Seibold,D,Children,Official LIS subject,2,2,0,2,INSUFFICIENT DATA,100.0,0.0
2026,H0344,Irene Shin,D,Children,Official LIS subject,3,3,0,3,INSUFFICIENT DATA,100.0,0.0
2026,H0385,JJ Singh,D,Children,Official LIS subject,3,3,0,3,INSUFFICIENT DATA,100.0,0.0
2026,H0349,Jackie H. Glass,D,Children,Official LIS subject,2,2,0,2,INSUFFICIENT DATA,100.0,0.0
2026,H0173,Jeion A. Ward,D,Children,Official LIS subject,3,3,0,3,INSUFFICIENT DATA,100.0,0.0
2026,H0386,Jessica L. Anderson,D,Children,Official LIS subject,2,2,0,2,INSUFFICIENT DATA,100.0,0.0
2026,H0395,John Chilton McAuliff,D,Children,Official LIS subject,2,2,0,2,INSUFFICIENT DATA,100.0,0.0
2026,H0382,Joshua E. Thomas,D,Children,Official LIS subject,2,2,0,2,INSUFFICIENT DATA,100.0,0.0
2026,H0314,Joshua G. Cole,D,Children,Official LIS subject,2,2,0,2,INSUFFICIENT DATA,100.0,0.0
2026,H0370,Karen Keys-Gamarra,D,Children,Official LIS subject,3,3,0,3,INSUFFICIENT DATA,100.0,0.0
2026,H0387,"Karen R. ""Kacey"" Carnegie",D,Children,Official LIS subject,3,3,0,3,INSUFFICIENT DATA,100.0,0.0
2026,H0294,Karrie K. Delaney,D,Children,Official LIS subject,4,4,0,4,INSUFFICIENT DATA,100.0,0.0
2026,H0305,Kathy K.L. Tran,D,Children,Official LIS subject,2,2,0,2,INSUFFICIENT DATA,100.0,0.0
2026,H0354,Katrina Callsen,D,Children,Official LIS subject,4,4,0,4,INSUFFICIENT DATA,100.0,0.0
2026,H0295,Kelly K. Convirs-Fowler,D,Children,Official LIS subject,3,3,0,3,INSUFFICIENT DATA,100.0,0.0
2026,H0399,Kimberly Pope Adams,D,Children,Official LIS subject,2,2,0,2,INSUFFICIENT DATA,100.0,0.0
2026,H0406,Kirk McPike,D,Children,Official LIS subject,2,2,0,2,INSUFFICIENT DATA,100.0,0.0
2026,H0355,Laura Jane Cohen,D,Children,Official LIS subject,3,3,0,3,INSUFFICIENT DATA,100.0,0.0
2026,H0396,Leslie Chambers Mehta,D,Children,Official LIS subject,4,4,0,4,INSUFFICIENT DATA,100.0,0.0
2026,H0393,Lily V. Franklin,D,Children,Official LIS subject,2,2,0,2,INSUFFICIENT DATA,100.0,0.0
2026,H0391,Lindsey Dougherty,D,Children,Official LIS subject,2,2,0,2,INSUFFICIENT DATA,100.0,0.0
2026,H0227,Luke E. Torian,D,Children,Official LIS subject,2,2,0,2,INSUFFICIENT DATA,100.0,0.0
2026,H0284,"Marcia S. ""Cia"" Price",D,Children,Official LIS subject,2,2,0,2,INSUFFICIENT DATA,100.0,0.0
2026,H0264,Marcus B. Simon,D,Children,Official LIS subject,3,3,0,3,INSUFFICIENT DATA,100.0,0.0
2026,H0404,Margaret A. Franklin,D,Children,Official LIS subject,2,2,0,2,INSUFFICIENT DATA,100.0,0.0
2026,H0392,Mark C. Downey,D,Children,Official LIS subject,2,2,0,2,INSUFFICIENT DATA,100.0,0.0
2026,H0374,Marty Martinez,D,Children,Official LIS subject,2,2,0,2,INSUFFICIENT DATA,100.0,0.0
2026,H0397,May Nivar,D,Children,Official LIS subject,3,3,0,3,INSUFFICIENT DATA,100.0,0.0
2026,H0360,Michael B. Feggans,D,Children,Official LIS subject,3,3,0,3,INSUFFICIENT DATA,100.0,0.0
2026,H0340,Michelle Lopes Maldonado,D,Children,Official LIS subject,4,4,0,4,INSUFFICIENT DATA,100.0,0.0
2026,H0336,Nadarius E. Clark,D,Children,Official LIS subject,3,2,0,2,INSUFFICIENT DATA,100.0,0.0
2026,H0389,Nicole Cole,D,Children,Official LIS subject,2,2,0,2,INSUFFICIENT DATA,100.0,0.0
2026,H0219,Patrick A. Hope,D,Children,Official LIS subject,4,4,0,4,INSUFFICIENT DATA,100.0,0.0
2026,H0281,Paul E. Krizek,D,Children,Official LIS subject,2,2,0,2,INSUFFICIENT DATA,100.0,0.0
2026,H0366,Phil M. Hernandez,D,Children,Official LIS subject,4,4,0,4,INSUFFICIENT DATA,100.0,0.0
2026,H0356,Rae Cousins,D,Children,Official LIS subject,5,5,0,5,INSUFFICIENT DATA,100.0,0.0
2026,H0269,"Richard C. ""Rip"" Sullivan, Jr.",D,Children,Official LIS subject,4,4,0,4,INSUFFICIENT DATA,100.0,0.0
2026,H0327,Rodney T. Willett,D,Children,Official LIS subject,2,2,0,2,INSUFFICIENT DATA,100.0,0.0
2026,H0365,"Rozia A. Henson, Jr.",D,Children,Official LIS subject,2,2,0,2,INSUFFICIENT DATA,100.0,0.0
2026,H0266,Sam Rasoul,D,Children,Official LIS subject,2,2,0,2,INSUFFICIENT DATA,100.0,0.0
2026,H0323,Shelly A. Simonds,D,Children,Official LIS subject,2,2,0,2,INSUFFICIENT DATA,100.0,0.0
2026,H0388,Stacey Annie Carroll,D,Children,Official LIS subject,2,2,0,2,INSUFFICIENT DATA,100.0,0.0
2026,H0400,Virgil Thornton,D,Children,Official LIS subject,3,3,0,3,INSUFFICIENT DATA,100.0,0.0
2026,H0108,Vivian E. Watts,D,Children,Official LIS subject,4,4,0,4,INSUFFICIENT DATA,100.0,0.0
2026,H0348,Wren M. Williams,R,Children,Official LIS subject,5,4,0,4,INSUFFICIENT DATA,100.0,0.0
2026,H0321,Chris S. Runion,R,Children,Official LIS subject,3,2,1,3,INSUFFICIENT DATA,66.66666666666666,33.33333333333333
2026,H0242,Israel D. O'Quinn,R,Children,Official LIS subject,3,2,1,3,INSUFFICIENT DATA,66.66666666666666,33.33333333333333
2026,H0231,Tony O. Wilt,R,Children,Official LIS subject,3,2,1,3,INSUFFICIENT DATA,66.66666666666666,33.33333333333333
2026,H0345,Anne Ferrell Tata,R,Children,Official LIS subject,2,1,1,2,INSUFFICIENT DATA,50.0,50.0
2026,H0329,Bill Wiley,R,Children,Official LIS subject,2,1,1,2,INSUFFICIENT DATA,50.0,50.0
2026,H0377,Delores Oates,R,Children,Official LIS subject,2,1,1,2,INSUFFICIENT DATA,50.0,50.0
2026,H0350,Ellen H. McLaughlin,R,Children,Official LIS subject,2,1,1,2,INSUFFICIENT DATA,50.0,50.0
2026,H0384,Eric Phillips,R,Children,Official LIS subject,2,1,1,2,INSUFFICIENT DATA,50.0,50.0
2026,H0383,Eric R. Zehr,R,Children,Official LIS subject,2,1,1,2,INSUFFICIENT DATA,50.0,50.0
2026,H0347,"H. Otto Wachsmann, Jr.",R,Children,Official LIS subject,2,1,1,2,INSUFFICIENT DATA,50.0,50.0
2026,H0369,Hillary Pugh Kent,R,Children,Official LIS subject,2,1,1,2,INSUFFICIENT DATA,50.0,50.0
2026,H0259,"Hyland F. ""Buddy"" Fowler, Jr.",R,Children,Official LIS subject,2,1,1,2,INSUFFICIENT DATA,50.0,50.0
2026,H0224,James W. Morefield,R,Children,Official LIS subject,2,1,1,2,INSUFFICIENT DATA,50.0,50.0
2026,H0333,Jason S. Ballard,R,Children,Official LIS subject,4,2,2,4,INSUFFICIENT DATA,50.0,50.0
2026,H0308,Joseph P. McNamara,R,Children,Official LIS subject,2,1,1,2,INSUFFICIENT DATA,50.0,50.0
2026,H0394,Karen Hamilton,R,Children,Official LIS subject,2,1,1,2,INSUFFICIENT DATA,50.0,50.0
2026,H0238,M. Keith Hodges,R,Children,Official LIS subject,2,1,1,2,INSUFFICIENT DATA,50.0,50.0
2026,H0247,Michael J. Webert,R,Children,Official LIS subject,3,1,1,2,INSUFFICIENT DATA,50.0,50.0
2026,H0335,Mike A. Cherry,R,Children,Official LIS subject,2,1,1,2,INSUFFICIENT DATA,50.0,50.0
2026,H0390,Mitchell Cornett,R,Children,Official LIS subject,2,1,1,2,INSUFFICIENT DATA,50.0,50.0
2026,H0342,Phillip A. Scott,R,Children,Official LIS subject,2,1,1,2,INSUFFICIENT DATA,50.0,50.0
2026,H0124,R. Lee Ware,R,Children,Official LIS subject,2,1,1,2,INSUFFICIENT DATA,50.0,50.0
2026,H0267,"Robert S. Bloxom, Jr.",R,Children,Official LIS subject,2,1,1,2,INSUFFICIENT DATA,50.0,50.0
2026,H0328,Scott A. Wyatt,R,Children,Official LIS subject,2,1,1,2,INSUFFICIENT DATA,50.0,50.0
2026,H0056,Terry G. Kilgore,R,Children,Official LIS subject,4,2,2,4,INSUFFICIENT DATA,50.0,50.0
2026,H0253,Terry L. Austin,R,Children,Official LIS subject,2,1,1,2,INSUFFICIENT DATA,50.0,50.0
2026,H0136,"Thomas C. Wright, Jr.",R,Children,Official LIS subject,2,1,1,2,INSUFFICIENT DATA,50.0,50.0
2026,H0325,Wendell S. Walker,R,Children,Official LIS subject,2,1,1,2,INSUFFICIENT DATA,50.0,50.0
2026,H0262,"James A. ""Jay"" Leftwich",R,Children,Official LIS subject,3,1,2,3,INSUFFICIENT DATA,33.33333333333333,66.66666666666666
2026,H0398,Justin Pence,R,Children,Official LIS subject,3,1,2,3,INSUFFICIENT DATA,33.33333333333333,66.66666666666666
2026,H0401,Madison Whittle,R,Children,Official LIS subject,4,1,3,4,INSUFFICIENT DATA,25.0,75.0
2026,H0357,Will Davis,R,Children,Official LIS subject,4,1,3,4,INSUFFICIENT DATA,25.0,75.0
2026,H0362,"Thomas A. Garrett, Jr.",R,Children,Official LIS subject,2,0,1,1,INSUFFICIENT DATA,0.0,100.0
2026,H0364,Timothy P. Griffin,R,Children,Official LIS subject,2,0,2,2,INSUFFICIENT DATA,0.0,100.0
2026,H0375,Adele Y. McClure,D,"Commissions, Boards, and Institutions Generally",Official LIS subject,1,1,0,1,INSUFFICIENT DATA,100.0,0.0
2026,H0311,Alex Q. Askew,D,"Commissions, Boards, and Institutions Generally",Official LIS subject,1,1,0,1,INSUFFICIENT DATA,100.0,0.0
2026,H0239,Alfonso H. Lopez,D,"Commissions, Boards, and Institutions Generally",Official LIS subject,1,1,0,1,INSUFFICIENT DATA,100.0,0.0
2026,H0371,Amy J. Laufer,D,"Commissions, Boards, and Institutions Generally",Official LIS subject,1,1,0,1,INSUFFICIENT DATA,100.0,0.0
2026,H0380,Atoosa R. Reaser,D,"Commissions, Boards, and Institutions Generally",Official LIS subject,1,1,0,1,INSUFFICIENT DATA,100.0,0.0
2026,H0212,Betsy B. Carr,D,"Commissions, Boards, and Institutions Generally",Official LIS subject,1,1,0,1,INSUFFICIENT DATA,100.0,0.0
2026,H0353,Bonita G. Anthony,D,"Commissions, Boards, and Institutions Generally",Official LIS subject,1,1,0,1,INSUFFICIENT DATA,100.0,0.0
2026,H0343,Briana D. Sewell,D,"Commissions, Boards, and Institutions Generally",Official LIS subject,1,1,0,1,INSUFFICIENT DATA,100.0,0.0
2026,H0285,"C.E. Cliff Hayes, Jr.",D,"Commissions, Boards, and Institutions Generally",Official LIS subject,2,2,0,2,INSUFFICIENT DATA,100.0,0.0
2026,H0402,Charlie Schmidt,D,"Commissions, Boards, and Institutions Generally",Official LIS subject,1,1,0,1,INSUFFICIENT DATA,100.0,0.0
2026,H0208,Charniele L. Herring,D,"Commissions, Boards, and Institutions Generally",Official LIS subject,2,2,0,2,INSUFFICIENT DATA,100.0,0.0
2026,H0317,Dan I. Helmer,D,"Commissions, Boards, and Institutions Generally",Official LIS subject,1,1,0,1,INSUFFICIENT DATA,100.0,0.0
2026,H0301,David A. Reid,D,"Commissions, Boards, and Institutions Generally",Official LIS subject,1,1,0,1,INSUFFICIENT DATA,100.0,0.0
2026,H0361,Debra D. Gardner,D,"Commissions, Boards, and Institutions Generally",Official LIS subject,2,1,0,1,INSUFFICIENT DATA,100.0,0.0
2026,H0207,Delores L. McQuinn,D,"Commissions, Boards, and Institutions Generally",Official LIS subject,1,1,0,1,INSUFFICIENT DATA,100.0,0.0
2026,H0372,Destiny LeVere Bolling,D,"Commissions, Boards, and Institutions Generally",Official LIS subject,1,1,0,1,INSUFFICIENT DATA,100.0,0.0
2026,H0322,Don Scott,D,"Commissions, Boards, and Institutions Generally",Official LIS subject,1,1,0,1,INSUFFICIENT DATA,100.0,0.0
2026,H0297,Elizabeth R. Guzman,D,"Commissions, Boards, and Institutions Generally",Official LIS subject,1,1,0,1,INSUFFICIENT DATA,100.0,0.0
2026,H0405,Garrett McGuire,D,"Commissions, Boards, and Institutions Generally",Official LIS subject,2,2,0,2,INSUFFICIENT DATA,100.0,0.0
2026,H0403,Gretchen M. Bulova,D,"Commissions, Boards, and Institutions Generally",Official LIS subject,1,1,0,1,INSUFFICIENT DATA,100.0,0.0
2026,H0351,Holly M. Seibold,D,"Commissions, Boards, and Institutions Generally",Official LIS subject,1,1,0,1,INSUFFICIENT DATA,100.0,0.0
2026,H0344,Irene Shin,D,"Commissions, Boards, and Institutions Generally",Official LIS subject,2,2,0,2,INSUFFICIENT DATA,100.0,0.0
2026,H0385,JJ Singh,D,"Commissions, Boards, and Institutions Generally",Official LIS subject,1,1,0,1,INSUFFICIENT DATA,100.0,0.0
2026,H0349,Jackie H. Glass,D,"Commissions, Boards, and Institutions Generally",Official LIS subject,1,1,0,1,INSUFFICIENT DATA,100.0,0.0
2026,H0386,Jessica L. Anderson,D,"Commissions, Boards, and Institutions Generally",Official LIS subject,1,1,0,1,INSUFFICIENT DATA,100.0,0.0
2026,H0395,John Chilton McAuliff,D,"Commissions, Boards, and Institutions Generally",Official LIS subject,1,1,0,1,INSUFFICIENT DATA,100.0,0.0
2026,H0382,Joshua E. Thomas,D,"Commissions, Boards, and Institutions Generally",Official LIS subject,1,1,0,1,INSUFFICIENT DATA,100.0,0.0
2026,H0314,Joshua G. Cole,D,"Commissions, Boards, and Institutions Generally",Official LIS subject,2,2,0,2,INSUFFICIENT DATA,100.0,0.0
2026,H0370,Karen Keys-Gamarra,D,"Commissions, Boards, and Institutions Generally",Official LIS subject,1,1,0,1,INSUFFICIENT DATA,100.0,0.0
2026,H0387,"Karen R. ""Kacey"" Carnegie",D,"Commissions, Boards, and Institutions Generally",Official LIS subject,1,1,0,1,INSUFFICIENT DATA,100.0,0.0
2026,H0294,Karrie K. Delaney,D,"Commissions, Boards, and Institutions Generally",Official LIS subject,1,1,0,1,INSUFFICIENT DATA,100.0,0.0
2026,H0305,Kathy K.L. Tran,D,"Commissions, Boards, and Institutions Generally",Official LIS subject,2,2,0,2,INSUFFICIENT DATA,100.0,0.0
2026,H0354,Katrina Callsen,D,"Commissions, Boards, and Institutions Generally",Official LIS subject,1,1,0,1,INSUFFICIENT DATA,100.0,0.0
2026,H0295,Kelly K. Convirs-Fowler,D,"Commissions, Boards, and Institutions Generally",Official LIS subject,1,1,0,1,INSUFFICIENT DATA,100.0,0.0
2026,H0399,Kimberly Pope Adams,D,"Commissions, Boards, and Institutions Generally",Official LIS subject,1,1,0,1,INSUFFICIENT DATA,100.0,0.0
2026,H0406,Kirk McPike,D,"Commissions, Boards, and Institutions Generally",Official LIS subject,1,1,0,1,INSUFFICIENT DATA,100.0,0.0
2026,H0355,Laura Jane Cohen,D,"Commissions, Boards, and Institutions Generally",Official LIS subject,2,2,0,2,INSUFFICIENT DATA,100.0,0.0
2026,H0396,Leslie Chambers Mehta,D,"Commissions, Boards, and Institutions Generally",Official LIS subject,1,1,0,1,INSUFFICIENT DATA,100.0,0.0
2026,H0393,Lily V. Franklin,D,"Commissions, Boards, and Institutions Generally",Official LIS subject,1,1,0,1,INSUFFICIENT DATA,100.0,0.0
2026,H0391,Lindsey Dougherty,D,"Commissions, Boards, and Institutions Generally",Official LIS subject,1,1,0,1,INSUFFICIENT DATA,100.0,0.0
2026,H0227,Luke E. Torian,D,"Commissions, Boards, and Institutions Generally",Official LIS subject,1,1,0,1,INSUFFICIENT DATA,100.0,0.0
2026,H0284,"Marcia S. ""Cia"" Price",D,"Commissions, Boards, and Institutions Generally",Official LIS subject,2,2,0,2,INSUFFICIENT DATA,100.0,0.0
2026,H0264,Marcus B. Simon,D,"Commissions, Boards, and Institutions Generally",Official LIS subject,1,1,0,1,INSUFFICIENT DATA,100.0,0.0
2026,H0404,Margaret A. Franklin,D,"Commissions, Boards, and Institutions Generally",Official LIS subject,1,1,0,1,INSUFFICIENT DATA,100.0,0.0
2026,H0392,Mark C. Downey,D,"Commissions, Boards, and Institutions Generally",Official LIS subject,2,2,0,2,INSUFFICIENT DATA,100.0,0.0
2026,H0374,Marty Martinez,D,"Commissions, Boards, and Institutions Generally",Official LIS subject,1,1,0,1,INSUFFICIENT DATA,100.0,0.0
2026,H0397,May Nivar,D,"Commissions, Boards, and Institutions Generally",Official LIS subject,1,1,0,1,INSUFFICIENT DATA,100.0,0.0
2026,H0360,Michael B. Feggans,D,"Commissions, Boards, and Institutions Generally",Official LIS subject,1,1,0,1,INSUFFICIENT DATA,100.0,0.0
2026,H0340,Michelle Lopes Maldonado,D,"Commissions, Boards, and Institutions Generally",Official LIS subject,1,1,0,1,INSUFFICIENT DATA,100.0,0.0
2026,H0336,Nadarius E. Clark,D,"Commissions, Boards, and Institutions Generally",Official LIS subject,1,1,0,1,INSUFFICIENT DATA,100.0,0.0
2026,H0389,Nicole Cole,D,"Commissions, Boards, and Institutions Generally",Official LIS subject,2,2,0,2,INSUFFICIENT DATA,100.0,0.0
2026,H0219,Patrick A. Hope,D,"Commissions, Boards, and Institutions Generally",Official LIS subject,2,2,0,2,INSUFFICIENT DATA,100.0,0.0
2026,H0281,Paul E. Krizek,D,"Commissions, Boards, and Institutions Generally",Official LIS subject,1,1,0,1,INSUFFICIENT DATA,100.0,0.0
2026,H0366,Phil M. Hernandez,D,"Commissions, Boards, and Institutions Generally",Official LIS subject,1,1,0,1,INSUFFICIENT DATA,100.0,0.0
2026,H0356,Rae Cousins,D,"Commissions, Boards, and Institutions Generally",Official LIS subject,1,1,0,1,INSUFFICIENT DATA,100.0,0.0
2026,H0269,"Richard C. ""Rip"" Sullivan, Jr.",D,"Commissions, Boards, and Institutions Generally",Official LIS subject,1,1,0,1,INSUFFICIENT DATA,100.0,0.0
2026,H0327,Rodney T. Willett,D,"Commissions, Boards, and Institutions Generally",Official LIS subject,2,2,0,2,INSUFFICIENT DATA,100.0,0.0
2026,H0365,"Rozia A. Henson, Jr.",D,"Commissions, Boards, and Institutions Generally",Official LIS subject,2,2,0,2,INSUFFICIENT DATA,100.0,0.0
2026,H0266,Sam Rasoul,D,"Commissions, Boards, and Institutions Generally",Official LIS subject,2,2,0,2,INSUFFICIENT DATA,100.0,0.0
2026,H0323,Shelly A. Simonds,D,"Commissions, Boards, and Institutions Generally",Official LIS subject,1,1,0,1,INSUFFICIENT DATA,100.0,0.0
2026,H0388,Stacey Annie Carroll,D,"Commissions, Boards, and Institutions Generally",Official LIS subject,1,1,0,1,INSUFFICIENT DATA,100.0,0.0
2026,H0400,Virgil Thornton,D,"Commissions, Boards, and Institutions Generally",Official LIS subject,1,1,0,1,INSUFFICIENT DATA,100.0,0.0
2026,H0108,Vivian E. Watts,D,"Commissions, Boards, and Institutions Generally",Official LIS subject,1,1,0,1,INSUFFICIENT DATA,100.0,0.0
2026,H0325,Wendell S. Walker,R,"Commissions, Boards, and Institutions Generally",Official LIS subject,2,1,1,2,INSUFFICIENT DATA,50.0,50.0
2026,H0345,Anne Ferrell Tata,R,"Commissions, Boards, and Institutions Generally",Official LIS subject,1,0,1,1,INSUFFICIENT DATA,0.0,100.0
2026,H0329,Bill Wiley,R,"Commissions, Boards, and Institutions Generally",Official LIS subject,1,0,1,1,INSUFFICIENT DATA,0.0,100.0
2026,H0321,Chris S. Runion,R,"Commissions, Boards, and Institutions Generally",Official LIS subject,1,0,1,1,INSUFFICIENT DATA,0.0,100.0
2026,H0377,Delores Oates,R,"Commissions, Boards, and Institutions Generally",Official LIS subject,1,0,1,1,INSUFFICIENT DATA,0.0,100.0
2026,H0350,Ellen H. McLaughlin,R,"Commissions, Boards, and Institutions Generally",Official LIS subject,1,0,0,0,INSUFFICIENT DATA,0.0,0.0
2026,H0384,Eric Phillips,R,"Commissions, Boards, and Institutions Generally",Official LIS subject,1,0,1,1,INSUFFICIENT DATA,0.0,100.0
2026,H0383,Eric R. Zehr,R,"Commissions, Boards, and Institutions Generally",Official LIS subject,1,0,1,1,INSUFFICIENT DATA,0.0,100.0
2026,H0347,"H. Otto Wachsmann, Jr.",R,"Commissions, Boards, and Institutions Generally",Official LIS subject,2,0,2,2,INSUFFICIENT DATA,0.0,100.0
2026,H0369,Hillary Pugh Kent,R,"Commissions, Boards, and Institutions Generally",Official LIS subject,1,0,1,1,INSUFFICIENT DATA,0.0,100.0
2026,H0259,"Hyland F. ""Buddy"" Fowler, Jr.",R,"Commissions, Boards, and Institutions Generally",Official LIS subject,1,0,1,1,INSUFFICIENT DATA,0.0,100.0
2026,H0242,Israel D. O'Quinn,R,"Commissions, Boards, and Institutions Generally",Official LIS subject,1,0,1,1,INSUFFICIENT DATA,0.0,100.0
2026,H0262,"James A. ""Jay"" Leftwich",R,"Commissions, Boards, and Institutions Generally",Official LIS subject,1,0,1,1,INSUFFICIENT DATA,0.0,100.0
2026,H0224,James W. Morefield,R,"Commissions, Boards, and Institutions Generally",Official LIS subject,1,0,1,1,INSUFFICIENT DATA,0.0,100.0
2026,H0333,Jason S. Ballard,R,"Commissions, Boards, and Institutions Generally",Official LIS subject,1,0,1,1,INSUFFICIENT DATA,0.0,100.0
2026,H0173,Jeion A. Ward,D,"Commissions, Boards, and Institutions Generally",Official LIS subject,1,0,0,0,INSUFFICIENT DATA,0.0,0.0
2026,H0308,Joseph P. McNamara,R,"Commissions, Boards, and Institutions Generally",Official LIS subject,1,0,1,1,INSUFFICIENT DATA,0.0,100.0
2026,H0398,Justin Pence,R,"Commissions, Boards, and Institutions Generally",Official LIS subject,1,0,1,1,INSUFFICIENT DATA,0.0,100.0
2026,H0394,Karen Hamilton,R,"Commissions, Boards, and Institutions Generally",Official LIS subject,1,0,1,1,INSUFFICIENT DATA,0.0,100.0
2026,H0238,M. Keith Hodges,R,"Commissions, Boards, and Institutions Generally",Official LIS subject,2,0,2,2,INSUFFICIENT DATA,0.0,100.0
2026,H0401,Madison Whittle,R,"Commissions, Boards, and Institutions Generally",Official LIS subject,1,0,1,1,INSUFFICIENT DATA,0.0,100.0
2026,H0247,Michael J. Webert,R,"Commissions, Boards, and Institutions Generally",Official LIS subject,1,0,1,1,INSUFFICIENT DATA,0.0,100.0
2026,H0335,Mike A. Cherry,R,"Commissions, Boards, and Institutions Generally",Official LIS subject,2,0,2,2,INSUFFICIENT DATA,0.0,100.0
2026,H0390,Mitchell Cornett,R,"Commissions, Boards, and Institutions Generally",Official LIS subject,2,0,2,2,INSUFFICIENT DATA,0.0,100.0
2026,H0342,Phillip A. Scott,R,"Commissions, Boards, and Institutions Generally",Official LIS subject,2,0,2,2,INSUFFICIENT DATA,0.0,100.0
2026,H0124,R. Lee Ware,R,"Commissions, Boards, and Institutions Generally",Official LIS subject,1,0,1,1,INSUFFICIENT DATA,0.0,100.0
2026,H0267,"Robert S. Bloxom, Jr.",R,"Commissions, Boards, and Institutions Generally",Official LIS subject,1,0,1,1,INSUFFICIENT DATA,0.0,100.0
2026,H0328,Scott A. Wyatt,R,"Commissions, Boards, and Institutions Generally",Official LIS subject,1,0,1,1,INSUFFICIENT DATA,0.0,100.0
2026,H0056,Terry G. Kilgore,R,"Commissions, Boards, and Institutions Generally",Official LIS subject,1,0,1,1,INSUFFICIENT DATA,0.0,100.0
2026,H0253,Terry L. Austin,R,"Commissions, Boards, and Institutions Generally",Official LIS subject,1,0,1,1,INSUFFICIENT DATA,0.0,100.0
2026,H0362,"Thomas A. Garrett, Jr.",R,"Commissions, Boards, and Institutions Generally",Official LIS subject,1,0,1,1,INSUFFICIENT DATA,0.0,100.0
2026,H0136,"Thomas C. Wright, Jr.",R,"Commissions, Boards, and Institutions Generally",Official LIS subject,1,0,1,1,INSUFFICIENT DATA,0.0,100.0
2026,H0364,Timothy P. Griffin,R,"Commissions, Boards, and Institutions Generally",Official LIS subject,1,0,1,1,INSUFFICIENT DATA,0.0,100.0
2026,H0231,Tony O. Wilt,R,"Commissions, Boards, and Institutions Generally",Official LIS subject,1,0,1,1,INSUFFICIENT DATA,0.0,100.0
2026,H0357,Will Davis,R,"Commissions, Boards, and Institutions Generally",Official LIS subject,1,0,1,1,INSUFFICIENT DATA,0.0,100.0
2026,H0348,Wren M. Williams,R,"Commissions, Boards, and Institutions Generally",Official LIS subject,2,0,2,2,INSUFFICIENT DATA,0.0,100.0
2026,H0375,Adele Y. McClure,D,Congressional Districts,Official LIS subject,1,1,0,1,INSUFFICIENT DATA,100.0,0.0
2026,H0311,Alex Q. Askew,D,Congressional Districts,Official LIS subject,1,1,0,1,INSUFFICIENT DATA,100.0,0.0
2026,H0371,Amy J. Laufer,D,Congressional Districts,Official LIS subject,1,1,0,1,INSUFFICIENT DATA,100.0,0.0
2026,H0380,Atoosa R. Reaser,D,Congressional Districts,Official LIS subject,1,1,0,1,INSUFFICIENT DATA,100.0,0.0
2026,H0212,Betsy B. Carr,D,Congressional Districts,Official LIS subject,1,1,0,1,INSUFFICIENT DATA,100.0,0.0
2026,H0353,Bonita G. Anthony,D,Congressional Districts,Official LIS subject,2,2,0,2,INSUFFICIENT DATA,100.0,0.0
2026,H0343,Briana D. Sewell,D,Congressional Districts,Official LIS subject,1,1,0,1,INSUFFICIENT DATA,100.0,0.0
2026,H0285,"C.E. Cliff Hayes, Jr.",D,Congressional Districts,Official LIS subject,1,1,0,1,INSUFFICIENT DATA,100.0,0.0
2026,H0330,Candi Mundon King,D,Congressional Districts,Official LIS subject,1,1,0,1,INSUFFICIENT DATA,100.0,0.0
2026,H0208,Charniele L. Herring,D,Congressional Districts,Official LIS subject,1,1,0,1,INSUFFICIENT DATA,100.0,0.0
2026,H0317,Dan I. Helmer,D,Congressional Districts,Official LIS subject,1,1,0,1,INSUFFICIENT DATA,100.0,0.0
2026,H0301,David A. Reid,D,Congressional Districts,Official LIS subject,2,2,0,2,INSUFFICIENT DATA,100.0,0.0
2026,H0177,David L. Bulova,D,Congressional Districts,Official LIS subject,2,2,0,2,INSUFFICIENT DATA,100.0,0.0
2026,H0361,Debra D. Gardner,D,Congressional Districts,Official LIS subject,1,1,0,1,INSUFFICIENT DATA,100.0,0.0
2026,H0207,Delores L. McQuinn,D,Congressional Districts,Official LIS subject,1,1,0,1,INSUFFICIENT DATA,100.0,0.0
2026,H0372,Destiny LeVere Bolling,D,Congressional Districts,Official LIS subject,2,2,0,2,INSUFFICIENT DATA,100.0,0.0
2026,H0322,Don Scott,D,Congressional Districts,Official LIS subject,1,1,0,1,INSUFFICIENT DATA,100.0,0.0
2026,H0334,Elizabeth B. Bennett-Parker,D,Congressional Districts,Official LIS subject,1,1,0,1,INSUFFICIENT DATA,100.0,0.0
2026,H0297,Elizabeth R. Guzman,D,Congressional Districts,Official LIS subject,1,1,0,1,INSUFFICIENT DATA,100.0,0.0
2026,H0351,Holly M. Seibold,D,Congressional Districts,Official LIS subject,1,1,0,1,INSUFFICIENT DATA,100.0,0.0
2026,H0344,Irene Shin,D,Congressional Districts,Official LIS subject,1,1,0,1,INSUFFICIENT DATA,100.0,0.0
2026,H0385,JJ Singh,D,Congressional Districts,Official LIS subject,2,2,0,2,INSUFFICIENT DATA,100.0,0.0
2026,H0349,Jackie H. Glass,D,Congressional Districts,Official LIS subject,2,2,0,2,INSUFFICIENT DATA,100.0,0.0
2026,H0173,Jeion A. Ward,D,Congressional Districts,Official LIS subject,1,1,0,1,INSUFFICIENT DATA,100.0,0.0
2026,H0386,Jessica L. Anderson,D,Congressional Districts,Official LIS subject,1,1,0,1,INSUFFICIENT DATA,100.0,0.0
2026,H0395,John Chilton McAuliff,D,Congressional Districts,Official LIS subject,2,2,0,2,INSUFFICIENT DATA,100.0,0.0
2026,H0382,Joshua E. Thomas,D,Congressional Districts,Official LIS subject,1,1,0,1,INSUFFICIENT DATA,100.0,0.0
2026,H0314,Joshua G. Cole,D,Congressional Districts,Official LIS subject,2,2,0,2,INSUFFICIENT DATA,100.0,0.0
2026,H0370,Karen Keys-Gamarra,D,Congressional Districts,Official LIS subject,1,1,0,1,INSUFFICIENT DATA,100.0,0.0
2026,H0387,"Karen R. ""Kacey"" Carnegie",D,Congressional Districts,Official LIS subject,2,2,0,2,INSUFFICIENT DATA,100.0,0.0
2026,H0305,Kathy K.L. Tran,D,Congressional Districts,Official LIS subject,1,1,0,1,INSUFFICIENT DATA,100.0,0.0
2026,H0354,Katrina Callsen,D,Congressional Districts,Official LIS subject,1,1,0,1,INSUFFICIENT DATA,100.0,0.0
2026,H0295,Kelly K. Convirs-Fowler,D,Congressional Districts,Official LIS subject,2,2,0,2,INSUFFICIENT DATA,100.0,0.0
2026,H0399,Kimberly Pope Adams,D,Congressional Districts,Official LIS subject,1,1,0,1,INSUFFICIENT DATA,100.0,0.0
2026,H0355,Laura Jane Cohen,D,Congressional Districts,Official LIS subject,1,1,0,1,INSUFFICIENT DATA,100.0,0.0
2026,H0396,Leslie Chambers Mehta,D,Congressional Districts,Official LIS subject,1,1,0,1,INSUFFICIENT DATA,100.0,0.0
2026,H0393,Lily V. Franklin,D,Congressional Districts,Official LIS subject,1,1,0,1,INSUFFICIENT DATA,100.0,0.0
2026,H0391,Lindsey Dougherty,D,Congressional Districts,Official LIS subject,1,1,0,1,INSUFFICIENT DATA,100.0,0.0
2026,H0227,Luke E. Torian,D,Congressional Districts,Official LIS subject,1,1,0,1,INSUFFICIENT DATA,100.0,0.0
2026,H0284,"Marcia S. ""Cia"" Price",D,Congressional Districts,Official LIS subject,2,2,0,2,INSUFFICIENT DATA,100.0,0.0
2026,H0264,Marcus B. Simon,D,Congressional Districts,Official LIS subject,1,1,0,1,INSUFFICIENT DATA,100.0,0.0
2026,H0392,Mark C. Downey,D,Congressional Districts,Official LIS subject,1,1,0,1,INSUFFICIENT DATA,100.0,0.0
2026,H0172,Mark D. Sickles,D,Congressional Districts,Official LIS subject,1,1,0,1,INSUFFICIENT DATA,100.0,0.0
2026,H0374,Marty Martinez,D,Congressional Districts,Official LIS subject,1,1,0,1,INSUFFICIENT DATA,100.0,0.0
2026,H0397,May Nivar,D,Congressional Districts,Official LIS subject,1,1,0,1,INSUFFICIENT DATA,100.0,0.0
2026,H0360,Michael B. Feggans,D,Congressional Districts,Official LIS subject,1,1,0,1,INSUFFICIENT DATA,100.0,0.0
2026,H0340,Michelle Lopes Maldonado,D,Congressional Districts,Official LIS subject,1,1,0,1,INSUFFICIENT DATA,100.0,0.0
2026,H0336,Nadarius E. Clark,D,Congressional Districts,Official LIS subject,1,1,0,1,INSUFFICIENT DATA,100.0,0.0
2026,H0389,Nicole Cole,D,Congressional Districts,Official LIS subject,2,2,0,2,INSUFFICIENT DATA,100.0,0.0
2026,H0219,Patrick A. Hope,D,Congressional Districts,Official LIS subject,1,1,0,1,INSUFFICIENT DATA,100.0,0.0
2026,H0281,Paul E. Krizek,D,Congressional Districts,Official LIS subject,2,2,0,2,INSUFFICIENT DATA,100.0,0.0
2026,H0366,Phil M. Hernandez,D,Congressional Districts,Official LIS subject,1,1,0,1,INSUFFICIENT DATA,100.0,0.0
2026,H0356,Rae Cousins,D,Congressional Districts,Official LIS subject,1,1,0,1,INSUFFICIENT DATA,100.0,0.0
2026,H0269,"Richard C. ""Rip"" Sullivan, Jr.",D,Congressional Districts,Official LIS subject,1,1,0,1,INSUFFICIENT DATA,100.0,0.0
2026,H0327,Rodney T. Willett,D,Congressional Districts,Official LIS subject,1,1,0,1,INSUFFICIENT DATA,100.0,0.0
2026,H0365,"Rozia A. Henson, Jr.",D,Congressional Districts,Official LIS subject,2,2,0,2,INSUFFICIENT DATA,100.0,0.0
2026,H0266,Sam Rasoul,D,Congressional Districts,Official LIS subject,1,1,0,1,INSUFFICIENT DATA,100.0,0.0
2026,H0323,Shelly A. Simonds,D,Congressional Districts,Official LIS subject,1,1,0,1,INSUFFICIENT DATA,100.0,0.0
2026,H0388,Stacey Annie Carroll,D,Congressional Districts,Official LIS subject,2,2,0,2,INSUFFICIENT DATA,100.0,0.0
2026,H0400,Virgil Thornton,D,Congressional Districts,Official LIS subject,1,1,0,1,INSUFFICIENT DATA,100.0,0.0
2026,H0108,Vivian E. Watts,D,Congressional Districts,Official LIS subject,1,1,0,1,INSUFFICIENT DATA,100.0,0.0
2026,H0239,Alfonso H. Lopez,D,Congressional Districts,Official LIS subject,1,0,0,0,INSUFFICIENT DATA,0.0,0.0
2026,H0345,Anne Ferrell Tata,R,Congressional Districts,Official LIS subject,1,0,1,1,INSUFFICIENT DATA,0.0,100.0
2026,H0206,Barry D. Knight,R,Congressional Districts,Official LIS subject,1,0,0,0,INSUFFICIENT DATA,0.0,0.0
2026,H0329,Bill Wiley,R,Congressional Districts,Official LIS subject,1,0,1,1,INSUFFICIENT DATA,0.0,100.0
2026,H0321,Chris S. Runion,R,Congressional Districts,Official LIS subject,1,0,0,0,INSUFFICIENT DATA,0.0,0.0
2026,H0377,Delores Oates,R,Congressional Districts,Official LIS subject,1,0,1,1,INSUFFICIENT DATA,0.0,100.0
2026,H0350,Ellen H. McLaughlin,R,Congressional Districts,Official LIS subject,1,0,1,1,INSUFFICIENT DATA,0.0,100.0
2026,H0384,Eric Phillips,R,Congressional Districts,Official LIS subject,2,0,2,2,INSUFFICIENT DATA,0.0,100.0
2026,H0383,Eric R. Zehr,R,Congressional Districts,Official LIS subject,1,0,1,1,INSUFFICIENT DATA,0.0,100.0
2026,H0347,"H. Otto Wachsmann, Jr.",R,Congressional Districts,Official LIS subject,2,0,2,2,INSUFFICIENT DATA,0.0,100.0
2026,H0369,Hillary Pugh Kent,R,Congressional Districts,Official LIS subject,1,0,1,1,INSUFFICIENT DATA,0.0,100.0
2026,H0259,"Hyland F. ""Buddy"" Fowler, Jr.",R,Congressional Districts,Official LIS subject,1,0,1,1,INSUFFICIENT DATA,0.0,100.0
2026,H0242,Israel D. O'Quinn,R,Congressional Districts,Official LIS subject,2,0,2,2,INSUFFICIENT DATA,0.0,100.0
2026,H0262,"James A. ""Jay"" Leftwich",R,Congressional Districts,Official LIS subject,2,0,2,2,INSUFFICIENT DATA,0.0,100.0
2026,H0224,James W. Morefield,R,Congressional Districts,Official LIS subject,1,0,1,1,INSUFFICIENT DATA,0.0,100.0
2026,H0333,Jason S. Ballard,R,Congressional Districts,Official LIS subject,1,0,1,1,INSUFFICIENT DATA,0.0,100.0
2026,H0308,Joseph P. McNamara,R,Congressional Districts,Official LIS subject,1,0,1,1,INSUFFICIENT DATA,0.0,100.0
2026,H0398,Justin Pence,R,Congressional Districts,Official LIS subject,1,0,1,1,INSUFFICIENT DATA,0.0,100.0
2026,H0394,Karen Hamilton,R,Congressional Districts,Official LIS subject,1,0,1,1,INSUFFICIENT DATA,0.0,100.0
2026,H0294,Karrie K. Delaney,D,Congressional Districts,Official LIS subject,1,0,0,0,INSUFFICIENT DATA,0.0,0.0
2026,H0238,M. Keith Hodges,R,Congressional Districts,Official LIS subject,1,0,1,1,INSUFFICIENT DATA,0.0,100.0
2026,H0401,Madison Whittle,R,Congressional Districts,Official LIS subject,1,0,1,1,INSUFFICIENT DATA,0.0,100.0
2026,H0247,Michael J. Webert,R,Congressional Districts,Official LIS subject,1,0,1,1,INSUFFICIENT DATA,0.0,100.0
2026,H0335,Mike A. Cherry,R,Congressional Districts,Official LIS subject,2,0,2,2,INSUFFICIENT DATA,0.0,100.0
2026,H0390,Mitchell Cornett,R,Congressional Districts,Official LIS subject,1,0,1,1,INSUFFICIENT DATA,0.0,100.0
2026,H0342,Phillip A. Scott,R,Congressional Districts,Official LIS subject,2,0,2,2,INSUFFICIENT DATA,0.0,100.0
2026,H0124,R. Lee Ware,R,Congressional Districts,Official LIS subject,1,0,1,1,INSUFFICIENT DATA,0.0,100.0
2026,H0267,"Robert S. Bloxom, Jr.",R,Congressional Districts,Official LIS subject,2,0,2,2,INSUFFICIENT DATA,0.0,100.0
2026,H0328,Scott A. Wyatt,R,Congressional Districts,Official LIS subject,1,0,1,1,INSUFFICIENT DATA,0.0,100.0
2026,H0056,Terry G. Kilgore,R,Congressional Districts,Official LIS subject,1,0,1,1,INSUFFICIENT DATA,0.0,100.0
2026,H0253,Terry L. Austin,R,Congressional Districts,Official LIS subject,1,0,0,0,INSUFFICIENT DATA,0.0,0.0
2026,H0362,"Thomas A. Garrett, Jr.",R,Congressional Districts,Official LIS subject,1,0,1,1,INSUFFICIENT DATA,0.0,100.0
2026,H0136,"Thomas C. Wright, Jr.",R,Congressional Districts,Official LIS subject,1,0,1,1,INSUFFICIENT DATA,0.0,100.0
2026,H0364,Timothy P. Griffin,R,Congressional Districts,Official LIS subject,1,0,1,1,INSUFFICIENT DATA,0.0,100.0
2026,H0231,Tony O. Wilt,R,Congressional Districts,Official LIS subject,1,0,1,1,INSUFFICIENT DATA,0.0,100.0
2026,H0325,Wendell S. Walker,R,Congressional Districts,Official LIS subject,1,0,1,1,INSUFFICIENT DATA,0.0,100.0
2026,H0357,Will Davis,R,Congressional Districts,Official LIS subject,1,0,1,1,INSUFFICIENT DATA,0.0,100.0
2026,H0348,Wren M. Williams,R,Congressional Districts,Official LIS subject,1,0,1,1,INSUFFICIENT DATA,0.0,100.0
2026,H0375,Adele Y. McClure,D,Constitutional Amendments,Official LIS subject,9,9,0,9,INSUFFICIENT DATA,100.0,0.0
2026,H0311,Alex Q. Askew,D,Constitutional Amendments,Official LIS subject,9,9,0,9,INSUFFICIENT DATA,100.0,0.0
2026,H0239,Alfonso H. Lopez,D,Constitutional Amendments,Official LIS subject,9,8,0,8,INSUFFICIENT DATA,100.0,0.0
2026,H0371,Amy J. Laufer,D,Constitutional Amendments,Official LIS subject,9,9,0,9,INSUFFICIENT DATA,100.0,0.0
2026,H0380,Atoosa R. Reaser,D,Constitutional Amendments,Official LIS subject,9,9,0,9,INSUFFICIENT DATA,100.0,0.0
2026,H0212,Betsy B. Carr,D,Constitutional Amendments,Official LIS subject,9,9,0,9,INSUFFICIENT DATA,100.0,0.0
2026,H0343,Briana D. Sewell,D,Constitutional Amendments,Official LIS subject,9,9,0,9,INSUFFICIENT DATA,100.0,0.0
2026,H0285,"C.E. Cliff Hayes, Jr.",D,Constitutional Amendments,Official LIS subject,9,9,0,9,INSUFFICIENT DATA,100.0,0.0
2026,H0330,Candi Mundon King,D,Constitutional Amendments,Official LIS subject,4,4,0,4,INSUFFICIENT DATA,100.0,0.0
2026,H0402,Charlie Schmidt,D,Constitutional Amendments,Official LIS subject,5,5,0,5,INSUFFICIENT DATA,100.0,0.0
2026,H0208,Charniele L. Herring,D,Constitutional Amendments,Official LIS subject,9,8,0,8,INSUFFICIENT DATA,100.0,0.0
2026,H0317,Dan I. Helmer,D,Constitutional Amendments,Official LIS subject,9,9,0,9,INSUFFICIENT DATA,100.0,0.0
2026,H0177,David L. Bulova,D,Constitutional Amendments,Official LIS subject,8,8,0,8,INSUFFICIENT DATA,100.0,0.0
2026,H0361,Debra D. Gardner,D,Constitutional Amendments,Official LIS subject,9,9,0,9,INSUFFICIENT DATA,100.0,0.0
2026,H0207,Delores L. McQuinn,D,Constitutional Amendments,Official LIS subject,9,9,0,9,INSUFFICIENT DATA,100.0,0.0
2026,H0322,Don Scott,D,Constitutional Amendments,Official LIS subject,9,9,0,9,INSUFFICIENT DATA,100.0,0.0
2026,H0334,Elizabeth B. Bennett-Parker,D,Constitutional Amendments,Official LIS subject,9,9,0,9,INSUFFICIENT DATA,100.0,0.0
2026,H0297,Elizabeth R. Guzman,D,Constitutional Amendments,Official LIS subject,9,9,0,9,INSUFFICIENT DATA,100.0,0.0
2026,H0405,Garrett McGuire,D,Constitutional Amendments,Official LIS subject,5,5,0,5,INSUFFICIENT DATA,100.0,0.0
2026,H0403,Gretchen M. Bulova,D,Constitutional Amendments,Official LIS subject,9,9,0,9,INSUFFICIENT DATA,100.0,0.0
2026,H0351,Holly M. Seibold,D,Constitutional Amendments,Official LIS subject,9,9,0,9,INSUFFICIENT DATA,100.0,0.0
2026,H0344,Irene Shin,D,Constitutional Amendments,Official LIS subject,9,6,0,6,INSUFFICIENT DATA,100.0,0.0
2026,H0173,Jeion A. Ward,D,Constitutional Amendments,Official LIS subject,9,9,0,9,INSUFFICIENT DATA,100.0,0.0
2026,H0386,Jessica L. Anderson,D,Constitutional Amendments,Official LIS subject,9,9,0,9,INSUFFICIENT DATA,100.0,0.0
2026,H0382,Joshua E. Thomas,D,Constitutional Amendments,Official LIS subject,9,9,0,9,INSUFFICIENT DATA,100.0,0.0
2026,H0370,Karen Keys-Gamarra,D,Constitutional Amendments,Official LIS subject,9,9,0,9,INSUFFICIENT DATA,100.0,0.0
2026,H0294,Karrie K. Delaney,D,Constitutional Amendments,Official LIS subject,9,8,0,8,INSUFFICIENT DATA,100.0,0.0
2026,H0305,Kathy K.L. Tran,D,Constitutional Amendments,Official LIS subject,9,9,0,9,INSUFFICIENT DATA,100.0,0.0
2026,H0399,Kimberly Pope Adams,D,Constitutional Amendments,Official LIS subject,9,9,0,9,INSUFFICIENT DATA,100.0,0.0
2026,H0355,Laura Jane Cohen,D,Constitutional Amendments,Official LIS subject,9,9,0,9,INSUFFICIENT DATA,100.0,0.0
2026,H0396,Leslie Chambers Mehta,D,Constitutional Amendments,Official LIS subject,9,9,0,9,INSUFFICIENT DATA,100.0,0.0
2026,H0393,Lily V. Franklin,D,Constitutional Amendments,Official LIS subject,9,9,0,9,INSUFFICIENT DATA,100.0,0.0
2026,H0391,Lindsey Dougherty,D,Constitutional Amendments,Official LIS subject,9,9,0,9,INSUFFICIENT DATA,100.0,0.0
2026,H0227,Luke E. Torian,D,Constitutional Amendments,Official LIS subject,9,9,0,9,INSUFFICIENT DATA,100.0,0.0
2026,H0264,Marcus B. Simon,D,Constitutional Amendments,Official LIS subject,9,9,0,9,INSUFFICIENT DATA,100.0,0.0
2026,H0404,Margaret A. Franklin,D,Constitutional Amendments,Official LIS subject,5,5,0,5,INSUFFICIENT DATA,100.0,0.0
2026,H0392,Mark C. Downey,D,Constitutional Amendments,Official LIS subject,9,9,0,9,INSUFFICIENT DATA,100.0,0.0
2026,H0172,Mark D. Sickles,D,Constitutional Amendments,Official LIS subject,4,4,0,4,INSUFFICIENT DATA,100.0,0.0
2026,H0374,Marty Martinez,D,Constitutional Amendments,Official LIS subject,9,9,0,9,INSUFFICIENT DATA,100.0,0.0
2026,H0397,May Nivar,D,Constitutional Amendments,Official LIS subject,9,9,0,9,INSUFFICIENT DATA,100.0,0.0
2026,H0360,Michael B. Feggans,D,Constitutional Amendments,Official LIS subject,9,9,0,9,INSUFFICIENT DATA,100.0,0.0
2026,H0340,Michelle Lopes Maldonado,D,Constitutional Amendments,Official LIS subject,9,9,0,9,INSUFFICIENT DATA,100.0,0.0
2026,H0336,Nadarius E. Clark,D,Constitutional Amendments,Official LIS subject,9,9,0,9,INSUFFICIENT DATA,100.0,0.0
2026,H0219,Patrick A. Hope,D,Constitutional Amendments,Official LIS subject,9,6,0,6,INSUFFICIENT DATA,100.0,0.0
2026,H0366,Phil M. Hernandez,D,Constitutional Amendments,Official LIS subject,9,9,0,9,INSUFFICIENT DATA,100.0,0.0
2026,H0356,Rae Cousins,D,Constitutional Amendments,Official LIS subject,9,9,0,9,INSUFFICIENT DATA,100.0,0.0
2026,H0269,"Richard C. ""Rip"" Sullivan, Jr.",D,Constitutional Amendments,Official LIS subject,9,9,0,9,INSUFFICIENT DATA,100.0,0.0
2026,H0327,Rodney T. Willett,D,Constitutional Amendments,Official LIS subject,9,9,0,9,INSUFFICIENT DATA,100.0,0.0
2026,H0266,Sam Rasoul,D,Constitutional Amendments,Official LIS subject,9,6,0,6,INSUFFICIENT DATA,100.0,0.0
2026,H0323,Shelly A. Simonds,D,Constitutional Amendments,Official LIS subject,9,9,0,9,INSUFFICIENT DATA,100.0,0.0
2026,H0400,Virgil Thornton,D,Constitutional Amendments,Official LIS subject,9,9,0,9,INSUFFICIENT DATA,100.0,0.0
2026,H0108,Vivian E. Watts,D,Constitutional Amendments,Official LIS subject,9,9,0,9,INSUFFICIENT DATA,100.0,0.0
2026,H0308,Joseph P. McNamara,R,Constitutional Amendments,Official LIS subject,9,2,7,9,INSUFFICIENT DATA,22.22222222222222,77.77777777777779
2026,H0362,"Thomas A. Garrett, Jr.",R,Constitutional Amendments,Official LIS subject,9,1,7,8,INSUFFICIENT DATA,12.5,87.5
2026,H0345,Anne Ferrell Tata,R,Constitutional Amendments,Official LIS subject,9,0,9,9,INSUFFICIENT DATA,0.0,100.0
2026,H0206,Barry D. Knight,R,Constitutional Amendments,Official LIS subject,9,0,0,0,INSUFFICIENT DATA,0.0,0.0
2026,H0329,Bill Wiley,R,Constitutional Amendments,Official LIS subject,9,0,9,9,INSUFFICIENT DATA,0.0,100.0
2026,H0321,Chris S. Runion,R,Constitutional Amendments,Official LIS subject,9,0,8,8,INSUFFICIENT DATA,0.0,100.0
2026,H0377,Delores Oates,R,Constitutional Amendments,Official LIS subject,9,0,9,9,INSUFFICIENT DATA,0.0,100.0
2026,H0350,Ellen H. McLaughlin,R,Constitutional Amendments,Official LIS subject,9,0,9,9,INSUFFICIENT DATA,0.0,100.0
2026,H0383,Eric R. Zehr,R,Constitutional Amendments,Official LIS subject,9,0,9,9,INSUFFICIENT DATA,0.0,100.0
2026,H0369,Hillary Pugh Kent,R,Constitutional Amendments,Official LIS subject,9,0,9,9,INSUFFICIENT DATA,0.0,100.0
2026,H0259,"Hyland F. ""Buddy"" Fowler, Jr.",R,Constitutional Amendments,Official LIS subject,9,0,9,9,INSUFFICIENT DATA,0.0,100.0
2026,H0224,James W. Morefield,R,Constitutional Amendments,Official LIS subject,9,0,9,9,INSUFFICIENT DATA,0.0,100.0
2026,H0333,Jason S. Ballard,R,Constitutional Amendments,Official LIS subject,9,0,9,9,INSUFFICIENT DATA,0.0,100.0
2026,H0398,Justin Pence,R,Constitutional Amendments,Official LIS subject,9,0,9,9,INSUFFICIENT DATA,0.0,100.0
2026,H0394,Karen Hamilton,R,Constitutional Amendments,Official LIS subject,9,0,9,9,INSUFFICIENT DATA,0.0,100.0
2026,H0238,M. Keith Hodges,R,Constitutional Amendments,Official LIS subject,9,0,9,9,INSUFFICIENT DATA,0.0,100.0
2026,H0401,Madison Whittle,R,Constitutional Amendments,Official LIS subject,9,0,9,9,INSUFFICIENT DATA,0.0,100.0
2026,H0247,Michael J. Webert,R,Constitutional Amendments,Official LIS subject,9,0,9,9,INSUFFICIENT DATA,0.0,100.0
2026,H0390,Mitchell Cornett,R,Constitutional Amendments,Official LIS subject,9,0,9,9,INSUFFICIENT DATA,0.0,100.0
2026,H0124,R. Lee Ware,R,Constitutional Amendments,Official LIS subject,9,0,9,9,INSUFFICIENT DATA,0.0,100.0
2026,H0328,Scott A. Wyatt,R,Constitutional Amendments,Official LIS subject,9,0,9,9,INSUFFICIENT DATA,0.0,100.0
2026,H0056,Terry G. Kilgore,R,Constitutional Amendments,Official LIS subject,9,0,9,9,INSUFFICIENT DATA,0.0,100.0
2026,H0253,Terry L. Austin,R,Constitutional Amendments,Official LIS subject,9,0,5,5,INSUFFICIENT DATA,0.0,100.0
2026,H0136,"Thomas C. Wright, Jr.",R,Constitutional Amendments,Official LIS subject,9,0,9,9,INSUFFICIENT DATA,0.0,100.0
2026,H0364,Timothy P. Griffin,R,Constitutional Amendments,Official LIS subject,9,0,9,9,INSUFFICIENT DATA,0.0,100.0
2026,H0231,Tony O. Wilt,R,Constitutional Amendments,Official LIS subject,9,0,9,9,INSUFFICIENT DATA,0.0,100.0
2026,H0325,Wendell S. Walker,R,Constitutional Amendments,Official LIS subject,9,0,9,9,INSUFFICIENT DATA,0.0,100.0
2026,H0357,Will Davis,R,Constitutional Amendments,Official LIS subject,9,0,9,9,INSUFFICIENT DATA,0.0,100.0
2026,H0348,Wren M. Williams,R,Constitutional Amendments,Official LIS subject,9,0,9,9,INSUFFICIENT DATA,0.0,100.0
2026,H0335,Mike A. Cherry,R,Constitutional Amendments,Official LIS subject,17,4,12,16,NO,25.0,75.0
2026,H0267,"Robert S. Bloxom, Jr.",R,Constitutional Amendments,Official LIS subject,17,4,13,17,NO,23.52941176470588,76.47058823529412
2026,H0384,Eric Phillips,R,Constitutional Amendments,Official LIS subject,17,0,17,17,NO,0.0,100.0
2026,H0347,"H. Otto Wachsmann, Jr.",R,Constitutional Amendments,Official LIS subject,17,0,17,17,NO,0.0,100.0
2026,H0242,Israel D. O'Quinn,R,Constitutional Amendments,Official LIS subject,17,0,17,17,NO,0.0,100.0
2026,H0262,"James A. ""Jay"" Leftwich",R,Constitutional Amendments,Official LIS subject,17,0,17,17,NO,0.0,100.0
2026,H0342,Phillip A. Scott,R,Constitutional Amendments,Official LIS subject,17,0,17,17,NO,0.0,100.0
2026,H0353,Bonita G. Anthony,D,Constitutional Amendments,Official LIS subject,17,17,0,17,YES,100.0,0.0
2026,H0301,David A. Reid,D,Constitutional Amendments,Official LIS subject,17,17,0,17,YES,100.0,0.0
2026,H0372,Destiny LeVere Bolling,D,Constitutional Amendments,Official LIS subject,17,17,0,17,YES,100.0,0.0
2026,H0385,JJ Singh,D,Constitutional Amendments,Official LIS subject,17,17,0,17,YES,100.0,0.0
2026,H0349,Jackie H. Glass,D,Constitutional Amendments,Official LIS subject,17,17,0,17,YES,100.0,0.0
2026,H0395,John Chilton McAuliff,D,Constitutional Amendments,Official LIS subject,17,17,0,17,YES,100.0,0.0
2026,H0314,Joshua G. Cole,D,Constitutional Amendments,Official LIS subject,17,14,0,14,YES,100.0,0.0
2026,H0387,"Karen R. ""Kacey"" Carnegie",D,Constitutional Amendments,Official LIS subject,17,17,0,17,YES,100.0,0.0
2026,H0354,Katrina Callsen,D,Constitutional Amendments,Official LIS subject,13,13,0,13,YES,100.0,0.0
2026,H0295,Kelly K. Convirs-Fowler,D,Constitutional Amendments,Official LIS subject,17,17,0,17,YES,100.0,0.0
2026,H0284,"Marcia S. ""Cia"" Price",D,Constitutional Amendments,Official LIS subject,17,14,0,14,YES,100.0,0.0
2026,H0389,Nicole Cole,D,Constitutional Amendments,Official LIS subject,13,13,0,13,YES,100.0,0.0
2026,H0281,Paul E. Krizek,D,Constitutional Amendments,Official LIS subject,17,17,0,17,YES,100.0,0.0
2026,H0365,"Rozia A. Henson, Jr.",D,Constitutional Amendments,Official LIS subject,17,17,0,17,YES,100.0,0.0
2026,H0388,Stacey Annie Carroll,D,Constitutional Amendments,Official LIS subject,17,17,0,17,YES,100.0,0.0
2026,H0375,Adele Y. McClure,D,Continuing Education,Official LIS subject,1,1,0,1,INSUFFICIENT DATA,100.0,0.0
2026,H0311,Alex Q. Askew,D,Continuing Education,Official LIS subject,1,1,0,1,INSUFFICIENT DATA,100.0,0.0
2026,H0239,Alfonso H. Lopez,D,Continuing Education,Official LIS subject,1,1,0,1,INSUFFICIENT DATA,100.0,0.0
2026,H0371,Amy J. Laufer,D,Continuing Education,Official LIS subject,1,1,0,1,INSUFFICIENT DATA,100.0,0.0
2026,H0380,Atoosa R. Reaser,D,Continuing Education,Official LIS subject,1,1,0,1,INSUFFICIENT DATA,100.0,0.0
2026,H0212,Betsy B. Carr,D,Continuing Education,Official LIS subject,1,1,0,1,INSUFFICIENT DATA,100.0,0.0
2026,H0353,Bonita G. Anthony,D,Continuing Education,Official LIS subject,1,1,0,1,INSUFFICIENT DATA,100.0,0.0
2026,H0343,Briana D. Sewell,D,Continuing Education,Official LIS subject,1,1,0,1,INSUFFICIENT DATA,100.0,0.0
2026,H0285,"C.E. Cliff Hayes, Jr.",D,Continuing Education,Official LIS subject,2,2,0,2,INSUFFICIENT DATA,100.0,0.0
2026,H0402,Charlie Schmidt,D,Continuing Education,Official LIS subject,1,1,0,1,INSUFFICIENT DATA,100.0,0.0
2026,H0208,Charniele L. Herring,D,Continuing Education,Official LIS subject,2,2,0,2,INSUFFICIENT DATA,100.0,0.0
2026,H0317,Dan I. Helmer,D,Continuing Education,Official LIS subject,1,1,0,1,INSUFFICIENT DATA,100.0,0.0
2026,H0301,David A. Reid,D,Continuing Education,Official LIS subject,1,1,0,1,INSUFFICIENT DATA,100.0,0.0
2026,H0361,Debra D. Gardner,D,Continuing Education,Official LIS subject,2,1,0,1,INSUFFICIENT DATA,100.0,0.0
2026,H0207,Delores L. McQuinn,D,Continuing Education,Official LIS subject,1,1,0,1,INSUFFICIENT DATA,100.0,0.0
2026,H0372,Destiny LeVere Bolling,D,Continuing Education,Official LIS subject,1,1,0,1,INSUFFICIENT DATA,100.0,0.0
2026,H0322,Don Scott,D,Continuing Education,Official LIS subject,1,1,0,1,INSUFFICIENT DATA,100.0,0.0
2026,H0297,Elizabeth R. Guzman,D,Continuing Education,Official LIS subject,1,1,0,1,INSUFFICIENT DATA,100.0,0.0
2026,H0405,Garrett McGuire,D,Continuing Education,Official LIS subject,2,2,0,2,INSUFFICIENT DATA,100.0,0.0
2026,H0403,Gretchen M. Bulova,D,Continuing Education,Official LIS subject,1,1,0,1,INSUFFICIENT DATA,100.0,0.0
2026,H0351,Holly M. Seibold,D,Continuing Education,Official LIS subject,1,1,0,1,INSUFFICIENT DATA,100.0,0.0
2026,H0344,Irene Shin,D,Continuing Education,Official LIS subject,2,2,0,2,INSUFFICIENT DATA,100.0,0.0
2026,H0385,JJ Singh,D,Continuing Education,Official LIS subject,1,1,0,1,INSUFFICIENT DATA,100.0,0.0
2026,H0349,Jackie H. Glass,D,Continuing Education,Official LIS subject,1,1,0,1,INSUFFICIENT DATA,100.0,0.0
2026,H0386,Jessica L. Anderson,D,Continuing Education,Official LIS subject,1,1,0,1,INSUFFICIENT DATA,100.0,0.0
2026,H0395,John Chilton McAuliff,D,Continuing Education,Official LIS subject,1,1,0,1,INSUFFICIENT DATA,100.0,0.0
2026,H0382,Joshua E. Thomas,D,Continuing Education,Official LIS subject,1,1,0,1,INSUFFICIENT DATA,100.0,0.0
2026,H0314,Joshua G. Cole,D,Continuing Education,Official LIS subject,2,2,0,2,INSUFFICIENT DATA,100.0,0.0
2026,H0370,Karen Keys-Gamarra,D,Continuing Education,Official LIS subject,1,1,0,1,INSUFFICIENT DATA,100.0,0.0
2026,H0387,"Karen R. ""Kacey"" Carnegie",D,Continuing Education,Official LIS subject,1,1,0,1,INSUFFICIENT DATA,100.0,0.0
2026,H0294,Karrie K. Delaney,D,Continuing Education,Official LIS subject,1,1,0,1,INSUFFICIENT DATA,100.0,0.0
2026,H0305,Kathy K.L. Tran,D,Continuing Education,Official LIS subject,2,2,0,2,INSUFFICIENT DATA,100.0,0.0
2026,H0354,Katrina Callsen,D,Continuing Education,Official LIS subject,1,1,0,1,INSUFFICIENT DATA,100.0,0.0
2026,H0295,Kelly K. Convirs-Fowler,D,Continuing Education,Official LIS subject,1,1,0,1,INSUFFICIENT DATA,100.0,0.0
2026,H0399,Kimberly Pope Adams,D,Continuing Education,Official LIS subject,1,1,0,1,INSUFFICIENT DATA,100.0,0.0
2026,H0406,Kirk McPike,D,Continuing Education,Official LIS subject,1,1,0,1,INSUFFICIENT DATA,100.0,0.0
2026,H0355,Laura Jane Cohen,D,Continuing Education,Official LIS subject,2,2,0,2,INSUFFICIENT DATA,100.0,0.0
2026,H0396,Leslie Chambers Mehta,D,Continuing Education,Official LIS subject,1,1,0,1,INSUFFICIENT DATA,100.0,0.0
2026,H0393,Lily V. Franklin,D,Continuing Education,Official LIS subject,1,1,0,1,INSUFFICIENT DATA,100.0,0.0
2026,H0391,Lindsey Dougherty,D,Continuing Education,Official LIS subject,1,1,0,1,INSUFFICIENT DATA,100.0,0.0
2026,H0227,Luke E. Torian,D,Continuing Education,Official LIS subject,1,1,0,1,INSUFFICIENT DATA,100.0,0.0
2026,H0284,"Marcia S. ""Cia"" Price",D,Continuing Education,Official LIS subject,2,2,0,2,INSUFFICIENT DATA,100.0,0.0
2026,H0264,Marcus B. Simon,D,Continuing Education,Official LIS subject,1,1,0,1,INSUFFICIENT DATA,100.0,0.0
2026,H0404,Margaret A. Franklin,D,Continuing Education,Official LIS subject,1,1,0,1,INSUFFICIENT DATA,100.0,0.0
2026,H0392,Mark C. Downey,D,Continuing Education,Official LIS subject,2,2,0,2,INSUFFICIENT DATA,100.0,0.0
2026,H0374,Marty Martinez,D,Continuing Education,Official LIS subject,1,1,0,1,INSUFFICIENT DATA,100.0,0.0
2026,H0397,May Nivar,D,Continuing Education,Official LIS subject,1,1,0,1,INSUFFICIENT DATA,100.0,0.0
2026,H0360,Michael B. Feggans,D,Continuing Education,Official LIS subject,1,1,0,1,INSUFFICIENT DATA,100.0,0.0
2026,H0340,Michelle Lopes Maldonado,D,Continuing Education,Official LIS subject,1,1,0,1,INSUFFICIENT DATA,100.0,0.0
2026,H0336,Nadarius E. Clark,D,Continuing Education,Official LIS subject,1,1,0,1,INSUFFICIENT DATA,100.0,0.0
2026,H0389,Nicole Cole,D,Continuing Education,Official LIS subject,2,2,0,2,INSUFFICIENT DATA,100.0,0.0
2026,H0219,Patrick A. Hope,D,Continuing Education,Official LIS subject,2,2,0,2,INSUFFICIENT DATA,100.0,0.0
2026,H0281,Paul E. Krizek,D,Continuing Education,Official LIS subject,1,1,0,1,INSUFFICIENT DATA,100.0,0.0
2026,H0366,Phil M. Hernandez,D,Continuing Education,Official LIS subject,1,1,0,1,INSUFFICIENT DATA,100.0,0.0
2026,H0356,Rae Cousins,D,Continuing Education,Official LIS subject,1,1,0,1,INSUFFICIENT DATA,100.0,0.0
2026,H0269,"Richard C. ""Rip"" Sullivan, Jr.",D,Continuing Education,Official LIS subject,1,1,0,1,INSUFFICIENT DATA,100.0,0.0
2026,H0327,Rodney T. Willett,D,Continuing Education,Official LIS subject,2,2,0,2,INSUFFICIENT DATA,100.0,0.0
2026,H0365,"Rozia A. Henson, Jr.",D,Continuing Education,Official LIS subject,2,2,0,2,INSUFFICIENT DATA,100.0,0.0
2026,H0266,Sam Rasoul,D,Continuing Education,Official LIS subject,2,2,0,2,INSUFFICIENT DATA,100.0,0.0
2026,H0323,Shelly A. Simonds,D,Continuing Education,Official LIS subject,1,1,0,1,INSUFFICIENT DATA,100.0,0.0
2026,H0388,Stacey Annie Carroll,D,Continuing Education,Official LIS subject,1,1,0,1,INSUFFICIENT DATA,100.0,0.0
2026,H0400,Virgil Thornton,D,Continuing Education,Official LIS subject,1,1,0,1,INSUFFICIENT DATA,100.0,0.0
2026,H0108,Vivian E. Watts,D,Continuing Education,Official LIS subject,1,1,0,1,INSUFFICIENT DATA,100.0,0.0
2026,H0325,Wendell S. Walker,R,Continuing Education,Official LIS subject,2,1,1,2,INSUFFICIENT DATA,50.0,50.0
2026,H0345,Anne Ferrell Tata,R,Continuing Education,Official LIS subject,1,0,1,1,INSUFFICIENT DATA,0.0,100.0
2026,H0329,Bill Wiley,R,Continuing Education,Official LIS subject,1,0,1,1,INSUFFICIENT DATA,0.0,100.0
2026,H0321,Chris S. Runion,R,Continuing Education,Official LIS subject,1,0,1,1,INSUFFICIENT DATA,0.0,100.0
2026,H0377,Delores Oates,R,Continuing Education,Official LIS subject,1,0,1,1,INSUFFICIENT DATA,0.0,100.0
2026,H0350,Ellen H. McLaughlin,R,Continuing Education,Official LIS subject,1,0,0,0,INSUFFICIENT DATA,0.0,0.0
2026,H0384,Eric Phillips,R,Continuing Education,Official LIS subject,1,0,1,1,INSUFFICIENT DATA,0.0,100.0
2026,H0383,Eric R. Zehr,R,Continuing Education,Official LIS subject,1,0,1,1,INSUFFICIENT DATA,0.0,100.0
2026,H0347,"H. Otto Wachsmann, Jr.",R,Continuing Education,Official LIS subject,2,0,2,2,INSUFFICIENT DATA,0.0,100.0
2026,H0369,Hillary Pugh Kent,R,Continuing Education,Official LIS subject,1,0,1,1,INSUFFICIENT DATA,0.0,100.0
2026,H0259,"Hyland F. ""Buddy"" Fowler, Jr.",R,Continuing Education,Official LIS subject,1,0,1,1,INSUFFICIENT DATA,0.0,100.0
2026,H0242,Israel D. O'Quinn,R,Continuing Education,Official LIS subject,1,0,1,1,INSUFFICIENT DATA,0.0,100.0
2026,H0262,"James A. ""Jay"" Leftwich",R,Continuing Education,Official LIS subject,1,0,1,1,INSUFFICIENT DATA,0.0,100.0
2026,H0224,James W. Morefield,R,Continuing Education,Official LIS subject,1,0,1,1,INSUFFICIENT DATA,0.0,100.0
2026,H0333,Jason S. Ballard,R,Continuing Education,Official LIS subject,1,0,1,1,INSUFFICIENT DATA,0.0,100.0
2026,H0173,Jeion A. Ward,D,Continuing Education,Official LIS subject,1,0,0,0,INSUFFICIENT DATA,0.0,0.0
2026,H0308,Joseph P. McNamara,R,Continuing Education,Official LIS subject,1,0,1,1,INSUFFICIENT DATA,0.0,100.0
2026,H0398,Justin Pence,R,Continuing Education,Official LIS subject,1,0,1,1,INSUFFICIENT DATA,0.0,100.0
2026,H0394,Karen Hamilton,R,Continuing Education,Official LIS subject,1,0,1,1,INSUFFICIENT DATA,0.0,100.0
2026,H0238,M. Keith Hodges,R,Continuing Education,Official LIS subject,2,0,2,2,INSUFFICIENT DATA,0.0,100.0
2026,H0401,Madison Whittle,R,Continuing Education,Official LIS subject,1,0,1,1,INSUFFICIENT DATA,0.0,100.0
2026,H0247,Michael J. Webert,R,Continuing Education,Official LIS subject,1,0,1,1,INSUFFICIENT DATA,0.0,100.0
2026,H0335,Mike A. Cherry,R,Continuing Education,Official LIS subject,2,0,2,2,INSUFFICIENT DATA,0.0,100.0
2026,H0390,Mitchell Cornett,R,Continuing Education,Official LIS subject,2,0,2,2,INSUFFICIENT DATA,0.0,100.0
2026,H0342,Phillip A. Scott,R,Continuing Education,Official LIS subject,2,0,2,2,INSUFFICIENT DATA,0.0,100.0
2026,H0124,R. Lee Ware,R,Continuing Education,Official LIS subject,1,0,1,1,INSUFFICIENT DATA,0.0,100.0
2026,H0267,"Robert S. Bloxom, Jr.",R,Continuing Education,Official LIS subject,1,0,1,1,INSUFFICIENT DATA,0.0,100.0
2026,H0328,Scott A. Wyatt,R,Continuing Education,Official LIS subject,1,0,1,1,INSUFFICIENT DATA,0.0,100.0
2026,H0056,Terry G. Kilgore,R,Continuing Education,Official LIS subject,1,0,1,1,INSUFFICIENT DATA,0.0,100.0
2026,H0253,Terry L. Austin,R,Continuing Education,Official LIS subject,1,0,1,1,INSUFFICIENT DATA,0.0,100.0
2026,H0362,"Thomas A. Garrett, Jr.",R,Continuing Education,Official LIS subject,1,0,1,1,INSUFFICIENT DATA,0.0,100.0
2026,H0136,"Thomas C. Wright, Jr.",R,Continuing Education,Official LIS subject,1,0,1,1,INSUFFICIENT DATA,0.0,100.0
2026,H0364,Timothy P. Griffin,R,Continuing Education,Official LIS subject,1,0,1,1,INSUFFICIENT DATA,0.0,100.0
2026,H0231,Tony O. Wilt,R,Continuing Education,Official LIS subject,1,0,1,1,INSUFFICIENT DATA,0.0,100.0
2026,H0357,Will Davis,R,Continuing Education,Official LIS subject,1,0,1,1,INSUFFICIENT DATA,0.0,100.0
2026,H0348,Wren M. Williams,R,Continuing Education,Official LIS subject,2,0,2,2,INSUFFICIENT DATA,0.0,100.0
2026,H0334,Elizabeth B. Bennett-Parker,D,Contraceptives,Official LIS subject,1,1,0,1,INSUFFICIENT DATA,100.0,0.0
2026,H0297,Elizabeth R. Guzman,D,Contraceptives,Official LIS subject,3,3,0,3,INSUFFICIENT DATA,100.0,0.0
2026,H0208,Charniele L. Herring,D,Contraceptives,Official LIS subject,5,4,1,5,INSUFFICIENT DATA,80.0,20.0
2026,H0344,Irene Shin,D,Contraceptives,Official LIS subject,5,4,1,5,INSUFFICIENT DATA,80.0,20.0
2026,H0284,"Marcia S. ""Cia"" Price",D,Contraceptives,Official LIS subject,5,4,1,5,INSUFFICIENT DATA,80.0,20.0
2026,H0392,Mark C. Downey,D,Contraceptives,Official LIS subject,5,4,1,5,INSUFFICIENT DATA,80.0,20.0
2026,H0219,Patrick A. Hope,D,Contraceptives,Official LIS subject,5,4,1,5,INSUFFICIENT DATA,80.0,20.0
2026,H0266,Sam Rasoul,D,Contraceptives,Official LIS subject,5,4,1,5,INSUFFICIENT DATA,80.0,20.0
2026,H0285,"C.E. Cliff Hayes, Jr.",D,Contraceptives,Official LIS subject,4,3,1,4,INSUFFICIENT DATA,75.0,25.0
2026,H0361,Debra D. Gardner,D,Contraceptives,Official LIS subject,4,3,1,4,INSUFFICIENT DATA,75.0,25.0
2026,H0405,Garrett McGuire,D,Contraceptives,Official LIS subject,4,3,1,4,INSUFFICIENT DATA,75.0,25.0
2026,H0314,Joshua G. Cole,D,Contraceptives,Official LIS subject,4,3,1,4,INSUFFICIENT DATA,75.0,25.0
2026,H0305,Kathy K.L. Tran,D,Contraceptives,Official LIS subject,4,3,1,4,INSUFFICIENT DATA,75.0,25.0
2026,H0355,Laura Jane Cohen,D,Contraceptives,Official LIS subject,4,3,1,4,INSUFFICIENT DATA,75.0,25.0
2026,H0389,Nicole Cole,D,Contraceptives,Official LIS subject,4,3,1,4,INSUFFICIENT DATA,75.0,25.0
2026,H0327,Rodney T. Willett,D,Contraceptives,Official LIS subject,4,3,1,4,INSUFFICIENT DATA,75.0,25.0
2026,H0365,"Rozia A. Henson, Jr.",D,Contraceptives,Official LIS subject,4,3,1,4,INSUFFICIENT DATA,75.0,25.0
2026,H0375,Adele Y. McClure,D,Contraceptives,Official LIS subject,3,2,1,3,INSUFFICIENT DATA,66.66666666666666,33.33333333333333
2026,H0311,Alex Q. Askew,D,Contraceptives,Official LIS subject,3,2,1,3,INSUFFICIENT DATA,66.66666666666666,33.33333333333333
2026,H0239,Alfonso H. Lopez,D,Contraceptives,Official LIS subject,3,2,1,3,INSUFFICIENT DATA,66.66666666666666,33.33333333333333
2026,H0371,Amy J. Laufer,D,Contraceptives,Official LIS subject,3,2,1,3,INSUFFICIENT DATA,66.66666666666666,33.33333333333333
2026,H0380,Atoosa R. Reaser,D,Contraceptives,Official LIS subject,3,2,1,3,INSUFFICIENT DATA,66.66666666666666,33.33333333333333
2026,H0212,Betsy B. Carr,D,Contraceptives,Official LIS subject,3,2,1,3,INSUFFICIENT DATA,66.66666666666666,33.33333333333333
2026,H0353,Bonita G. Anthony,D,Contraceptives,Official LIS subject,3,2,1,3,INSUFFICIENT DATA,66.66666666666666,33.33333333333333
2026,H0343,Briana D. Sewell,D,Contraceptives,Official LIS subject,3,2,1,3,INSUFFICIENT DATA,66.66666666666666,33.33333333333333
2026,H0402,Charlie Schmidt,D,Contraceptives,Official LIS subject,3,2,1,3,INSUFFICIENT DATA,66.66666666666666,33.33333333333333
2026,H0317,Dan I. Helmer,D,Contraceptives,Official LIS subject,3,2,1,3,INSUFFICIENT DATA,66.66666666666666,33.33333333333333
2026,H0301,David A. Reid,D,Contraceptives,Official LIS subject,3,2,1,3,INSUFFICIENT DATA,66.66666666666666,33.33333333333333
2026,H0207,Delores L. McQuinn,D,Contraceptives,Official LIS subject,3,2,1,3,INSUFFICIENT DATA,66.66666666666666,33.33333333333333
2026,H0372,Destiny LeVere Bolling,D,Contraceptives,Official LIS subject,3,2,1,3,INSUFFICIENT DATA,66.66666666666666,33.33333333333333
2026,H0322,Don Scott,D,Contraceptives,Official LIS subject,3,2,1,3,INSUFFICIENT DATA,66.66666666666666,33.33333333333333
2026,H0403,Gretchen M. Bulova,D,Contraceptives,Official LIS subject,3,2,1,3,INSUFFICIENT DATA,66.66666666666666,33.33333333333333
2026,H0351,Holly M. Seibold,D,Contraceptives,Official LIS subject,3,2,1,3,INSUFFICIENT DATA,66.66666666666666,33.33333333333333
2026,H0385,JJ Singh,D,Contraceptives,Official LIS subject,3,2,1,3,INSUFFICIENT DATA,66.66666666666666,33.33333333333333
2026,H0349,Jackie H. Glass,D,Contraceptives,Official LIS subject,3,2,1,3,INSUFFICIENT DATA,66.66666666666666,33.33333333333333
2026,H0173,Jeion A. Ward,D,Contraceptives,Official LIS subject,3,2,1,3,INSUFFICIENT DATA,66.66666666666666,33.33333333333333
2026,H0386,Jessica L. Anderson,D,Contraceptives,Official LIS subject,3,2,1,3,INSUFFICIENT DATA,66.66666666666666,33.33333333333333
2026,H0395,John Chilton McAuliff,D,Contraceptives,Official LIS subject,3,2,1,3,INSUFFICIENT DATA,66.66666666666666,33.33333333333333
2026,H0382,Joshua E. Thomas,D,Contraceptives,Official LIS subject,3,2,1,3,INSUFFICIENT DATA,66.66666666666666,33.33333333333333
2026,H0370,Karen Keys-Gamarra,D,Contraceptives,Official LIS subject,3,2,1,3,INSUFFICIENT DATA,66.66666666666666,33.33333333333333
2026,H0387,"Karen R. ""Kacey"" Carnegie",D,Contraceptives,Official LIS subject,3,2,1,3,INSUFFICIENT DATA,66.66666666666666,33.33333333333333
2026,H0294,Karrie K. Delaney,D,Contraceptives,Official LIS subject,3,2,1,3,INSUFFICIENT DATA,66.66666666666666,33.33333333333333
2026,H0354,Katrina Callsen,D,Contraceptives,Official LIS subject,3,2,1,3,INSUFFICIENT DATA,66.66666666666666,33.33333333333333
2026,H0295,Kelly K. Convirs-Fowler,D,Contraceptives,Official LIS subject,3,2,1,3,INSUFFICIENT DATA,66.66666666666666,33.33333333333333
2026,H0399,Kimberly Pope Adams,D,Contraceptives,Official LIS subject,3,2,1,3,INSUFFICIENT DATA,66.66666666666666,33.33333333333333
2026,H0396,Leslie Chambers Mehta,D,Contraceptives,Official LIS subject,3,2,1,3,INSUFFICIENT DATA,66.66666666666666,33.33333333333333
2026,H0393,Lily V. Franklin,D,Contraceptives,Official LIS subject,3,2,1,3,INSUFFICIENT DATA,66.66666666666666,33.33333333333333
2026,H0391,Lindsey Dougherty,D,Contraceptives,Official LIS subject,3,2,1,3,INSUFFICIENT DATA,66.66666666666666,33.33333333333333
2026,H0227,Luke E. Torian,D,Contraceptives,Official LIS subject,3,2,1,3,INSUFFICIENT DATA,66.66666666666666,33.33333333333333
2026,H0264,Marcus B. Simon,D,Contraceptives,Official LIS subject,3,2,1,3,INSUFFICIENT DATA,66.66666666666666,33.33333333333333
2026,H0404,Margaret A. Franklin,D,Contraceptives,Official LIS subject,3,2,1,3,INSUFFICIENT DATA,66.66666666666666,33.33333333333333
2026,H0374,Marty Martinez,D,Contraceptives,Official LIS subject,3,2,1,3,INSUFFICIENT DATA,66.66666666666666,33.33333333333333
2026,H0397,May Nivar,D,Contraceptives,Official LIS subject,3,2,1,3,INSUFFICIENT DATA,66.66666666666666,33.33333333333333
2026,H0360,Michael B. Feggans,D,Contraceptives,Official LIS subject,3,2,1,3,INSUFFICIENT DATA,66.66666666666666,33.33333333333333
2026,H0340,Michelle Lopes Maldonado,D,Contraceptives,Official LIS subject,3,2,1,3,INSUFFICIENT DATA,66.66666666666666,33.33333333333333
2026,H0281,Paul E. Krizek,D,Contraceptives,Official LIS subject,3,2,1,3,INSUFFICIENT DATA,66.66666666666666,33.33333333333333
2026,H0366,Phil M. Hernandez,D,Contraceptives,Official LIS subject,3,2,1,3,INSUFFICIENT DATA,66.66666666666666,33.33333333333333
2026,H0356,Rae Cousins,D,Contraceptives,Official LIS subject,3,2,1,3,INSUFFICIENT DATA,66.66666666666666,33.33333333333333
2026,H0269,"Richard C. ""Rip"" Sullivan, Jr.",D,Contraceptives,Official LIS subject,3,2,1,3,INSUFFICIENT DATA,66.66666666666666,33.33333333333333
2026,H0267,"Robert S. Bloxom, Jr.",R,Contraceptives,Official LIS subject,3,2,1,3,INSUFFICIENT DATA,66.66666666666666,33.33333333333333
2026,H0323,Shelly A. Simonds,D,Contraceptives,Official LIS subject,3,2,1,3,INSUFFICIENT DATA,66.66666666666666,33.33333333333333
2026,H0388,Stacey Annie Carroll,D,Contraceptives,Official LIS subject,3,2,1,3,INSUFFICIENT DATA,66.66666666666666,33.33333333333333
2026,H0400,Virgil Thornton,D,Contraceptives,Official LIS subject,3,2,1,3,INSUFFICIENT DATA,66.66666666666666,33.33333333333333
2026,H0108,Vivian E. Watts,D,Contraceptives,Official LIS subject,3,2,1,3,INSUFFICIENT DATA,66.66666666666666,33.33333333333333
2026,H0406,Kirk McPike,D,Contraceptives,Official LIS subject,2,1,1,2,INSUFFICIENT DATA,50.0,50.0
2026,H0336,Nadarius E. Clark,D,Contraceptives,Official LIS subject,3,1,1,2,INSUFFICIENT DATA,50.0,50.0
2026,H0345,Anne Ferrell Tata,R,Contraceptives,Official LIS subject,3,0,3,3,INSUFFICIENT DATA,0.0,100.0
2026,H0206,Barry D. Knight,R,Contraceptives,Official LIS subject,1,0,0,0,INSUFFICIENT DATA,0.0,0.0
2026,H0329,Bill Wiley,R,Contraceptives,Official LIS subject,3,0,3,3,INSUFFICIENT DATA,0.0,100.0
2026,H0321,Chris S. Runion,R,Contraceptives,Official LIS subject,3,0,3,3,INSUFFICIENT DATA,0.0,100.0
2026,H0377,Delores Oates,R,Contraceptives,Official LIS subject,3,0,3,3,INSUFFICIENT DATA,0.0,100.0
2026,H0350,Ellen H. McLaughlin,R,Contraceptives,Official LIS subject,3,0,3,3,INSUFFICIENT DATA,0.0,100.0
2026,H0384,Eric Phillips,R,Contraceptives,Official LIS subject,3,0,3,3,INSUFFICIENT DATA,0.0,100.0
2026,H0383,Eric R. Zehr,R,Contraceptives,Official LIS subject,3,0,3,3,INSUFFICIENT DATA,0.0,100.0
2026,H0347,"H. Otto Wachsmann, Jr.",R,Contraceptives,Official LIS subject,5,0,5,5,INSUFFICIENT DATA,0.0,100.0
2026,H0369,Hillary Pugh Kent,R,Contraceptives,Official LIS subject,3,0,3,3,INSUFFICIENT DATA,0.0,100.0
2026,H0259,"Hyland F. ""Buddy"" Fowler, Jr.",R,Contraceptives,Official LIS subject,3,0,3,3,INSUFFICIENT DATA,0.0,100.0
2026,H0242,Israel D. O'Quinn,R,Contraceptives,Official LIS subject,3,0,3,3,INSUFFICIENT DATA,0.0,100.0
2026,H0262,"James A. ""Jay"" Leftwich",R,Contraceptives,Official LIS subject,3,0,3,3,INSUFFICIENT DATA,0.0,100.0
2026,H0224,James W. Morefield,R,Contraceptives,Official LIS subject,3,0,3,3,INSUFFICIENT DATA,0.0,100.0
2026,H0333,Jason S. Ballard,R,Contraceptives,Official LIS subject,3,0,3,3,INSUFFICIENT DATA,0.0,100.0
2026,H0308,Joseph P. McNamara,R,Contraceptives,Official LIS subject,3,0,3,3,INSUFFICIENT DATA,0.0,100.0
2026,H0398,Justin Pence,R,Contraceptives,Official LIS subject,3,0,3,3,INSUFFICIENT DATA,0.0,100.0
2026,H0394,Karen Hamilton,R,Contraceptives,Official LIS subject,3,0,3,3,INSUFFICIENT DATA,0.0,100.0
2026,H0238,M. Keith Hodges,R,Contraceptives,Official LIS subject,5,0,5,5,INSUFFICIENT DATA,0.0,100.0
2026,H0401,Madison Whittle,R,Contraceptives,Official LIS subject,3,0,3,3,INSUFFICIENT DATA,0.0,100.0
2026,H0247,Michael J. Webert,R,Contraceptives,Official LIS subject,3,0,3,3,INSUFFICIENT DATA,0.0,100.0
2026,H0335,Mike A. Cherry,R,Contraceptives,Official LIS subject,4,0,4,4,INSUFFICIENT DATA,0.0,100.0
2026,H0390,Mitchell Cornett,R,Contraceptives,Official LIS subject,4,0,4,4,INSUFFICIENT DATA,0.0,100.0
2026,H0342,Phillip A. Scott,R,Contraceptives,Official LIS subject,4,0,4,4,INSUFFICIENT DATA,0.0,100.0
2026,H0124,R. Lee Ware,R,Contraceptives,Official LIS subject,3,0,3,3,INSUFFICIENT DATA,0.0,100.0
2026,H0328,Scott A. Wyatt,R,Contraceptives,Official LIS subject,3,0,3,3,INSUFFICIENT DATA,0.0,100.0
2026,H0056,Terry G. Kilgore,R,Contraceptives,Official LIS subject,3,0,3,3,INSUFFICIENT DATA,0.0,100.0
2026,H0253,Terry L. Austin,R,Contraceptives,Official LIS subject,3,0,3,3,INSUFFICIENT DATA,0.0,100.0
2026,H0362,"Thomas A. Garrett, Jr.",R,Contraceptives,Official LIS subject,3,0,2,2,INSUFFICIENT DATA,0.0,100.0
2026,H0136,"Thomas C. Wright, Jr.",R,Contraceptives,Official LIS subject,3,0,2,2,INSUFFICIENT DATA,0.0,100.0
2026,H0364,Timothy P. Griffin,R,Contraceptives,Official LIS subject,4,0,3,3,INSUFFICIENT DATA,0.0,100.0
2026,H0231,Tony O. Wilt,R,Contraceptives,Official LIS subject,3,0,3,3,INSUFFICIENT DATA,0.0,100.0
2026,H0325,Wendell S. Walker,R,Contraceptives,Official LIS subject,5,0,5,5,INSUFFICIENT DATA,0.0,100.0
2026,H0357,Will Davis,R,Contraceptives,Official LIS subject,3,0,3,3,INSUFFICIENT DATA,0.0,100.0
2026,H0348,Wren M. Williams,R,Contraceptives,Official LIS subject,3,0,2,2,INSUFFICIENT DATA,0.0,100.0
2026,H0375,Adele Y. McClure,D,"Counties, Cities, and Towns",Official LIS subject,1,1,0,1,INSUFFICIENT DATA,100.0,0.0
2026,H0311,Alex Q. Askew,D,"Counties, Cities, and Towns",Official LIS subject,2,2,0,2,INSUFFICIENT DATA,100.0,0.0
2026,H0239,Alfonso H. Lopez,D,"Counties, Cities, and Towns",Official LIS subject,1,1,0,1,INSUFFICIENT DATA,100.0,0.0
2026,H0371,Amy J. Laufer,D,"Counties, Cities, and Towns",Official LIS subject,1,1,0,1,INSUFFICIENT DATA,100.0,0.0
2026,H0380,Atoosa R. Reaser,D,"Counties, Cities, and Towns",Official LIS subject,1,1,0,1,INSUFFICIENT DATA,100.0,0.0
2026,H0212,Betsy B. Carr,D,"Counties, Cities, and Towns",Official LIS subject,1,1,0,1,INSUFFICIENT DATA,100.0,0.0
2026,H0353,Bonita G. Anthony,D,"Counties, Cities, and Towns",Official LIS subject,1,1,0,1,INSUFFICIENT DATA,100.0,0.0
2026,H0343,Briana D. Sewell,D,"Counties, Cities, and Towns",Official LIS subject,2,2,0,2,INSUFFICIENT DATA,100.0,0.0
2026,H0285,"C.E. Cliff Hayes, Jr.",D,"Counties, Cities, and Towns",Official LIS subject,1,1,0,1,INSUFFICIENT DATA,100.0,0.0
2026,H0402,Charlie Schmidt,D,"Counties, Cities, and Towns",Official LIS subject,1,1,0,1,INSUFFICIENT DATA,100.0,0.0
2026,H0208,Charniele L. Herring,D,"Counties, Cities, and Towns",Official LIS subject,1,1,0,1,INSUFFICIENT DATA,100.0,0.0
2026,H0321,Chris S. Runion,R,"Counties, Cities, and Towns",Official LIS subject,1,1,0,1,INSUFFICIENT DATA,100.0,0.0
2026,H0317,Dan I. Helmer,D,"Counties, Cities, and Towns",Official LIS subject,2,2,0,2,INSUFFICIENT DATA,100.0,0.0
2026,H0301,David A. Reid,D,"Counties, Cities, and Towns",Official LIS subject,1,1,0,1,INSUFFICIENT DATA,100.0,0.0
2026,H0361,Debra D. Gardner,D,"Counties, Cities, and Towns",Official LIS subject,1,1,0,1,INSUFFICIENT DATA,100.0,0.0
2026,H0207,Delores L. McQuinn,D,"Counties, Cities, and Towns",Official LIS subject,1,1,0,1,INSUFFICIENT DATA,100.0,0.0
2026,H0372,Destiny LeVere Bolling,D,"Counties, Cities, and Towns",Official LIS subject,1,1,0,1,INSUFFICIENT DATA,100.0,0.0
2026,H0322,Don Scott,D,"Counties, Cities, and Towns",Official LIS subject,1,1,0,1,INSUFFICIENT DATA,100.0,0.0
2026,H0297,Elizabeth R. Guzman,D,"Counties, Cities, and Towns",Official LIS subject,1,1,0,1,INSUFFICIENT DATA,100.0,0.0
2026,H0350,Ellen H. McLaughlin,R,"Counties, Cities, and Towns",Official LIS subject,2,2,0,2,INSUFFICIENT DATA,100.0,0.0
2026,H0405,Garrett McGuire,D,"Counties, Cities, and Towns",Official LIS subject,2,2,0,2,INSUFFICIENT DATA,100.0,0.0
2026,H0403,Gretchen M. Bulova,D,"Counties, Cities, and Towns",Official LIS subject,1,1,0,1,INSUFFICIENT DATA,100.0,0.0
2026,H0351,Holly M. Seibold,D,"Counties, Cities, and Towns",Official LIS subject,1,1,0,1,INSUFFICIENT DATA,100.0,0.0
2026,H0259,"Hyland F. ""Buddy"" Fowler, Jr.",R,"Counties, Cities, and Towns",Official LIS subject,1,1,0,1,INSUFFICIENT DATA,100.0,0.0
2026,H0344,Irene Shin,D,"Counties, Cities, and Towns",Official LIS subject,2,2,0,2,INSUFFICIENT DATA,100.0,0.0
2026,H0385,JJ Singh,D,"Counties, Cities, and Towns",Official LIS subject,1,1,0,1,INSUFFICIENT DATA,100.0,0.0
2026,H0349,Jackie H. Glass,D,"Counties, Cities, and Towns",Official LIS subject,1,1,0,1,INSUFFICIENT DATA,100.0,0.0
2026,H0224,James W. Morefield,R,"Counties, Cities, and Towns",Official LIS subject,2,2,0,2,INSUFFICIENT DATA,100.0,0.0
2026,H0173,Jeion A. Ward,D,"Counties, Cities, and Towns",Official LIS subject,1,1,0,1,INSUFFICIENT DATA,100.0,0.0
2026,H0386,Jessica L. Anderson,D,"Counties, Cities, and Towns",Official LIS subject,2,2,0,2,INSUFFICIENT DATA,100.0,0.0
2026,H0395,John Chilton McAuliff,D,"Counties, Cities, and Towns",Official LIS subject,1,1,0,1,INSUFFICIENT DATA,100.0,0.0
2026,H0382,Joshua E. Thomas,D,"Counties, Cities, and Towns",Official LIS subject,1,1,0,1,INSUFFICIENT DATA,100.0,0.0
2026,H0314,Joshua G. Cole,D,"Counties, Cities, and Towns",Official LIS subject,1,1,0,1,INSUFFICIENT DATA,100.0,0.0
2026,H0370,Karen Keys-Gamarra,D,"Counties, Cities, and Towns",Official LIS subject,2,2,0,2,INSUFFICIENT DATA,100.0,0.0
2026,H0387,"Karen R. ""Kacey"" Carnegie",D,"Counties, Cities, and Towns",Official LIS subject,1,1,0,1,INSUFFICIENT DATA,100.0,0.0
2026,H0294,Karrie K. Delaney,D,"Counties, Cities, and Towns",Official LIS subject,1,1,0,1,INSUFFICIENT DATA,100.0,0.0
2026,H0305,Kathy K.L. Tran,D,"Counties, Cities, and Towns",Official LIS subject,1,1,0,1,INSUFFICIENT DATA,100.0,0.0
2026,H0354,Katrina Callsen,D,"Counties, Cities, and Towns",Official LIS subject,1,1,0,1,INSUFFICIENT DATA,100.0,0.0
2026,H0295,Kelly K. Convirs-Fowler,D,"Counties, Cities, and Towns",Official LIS subject,1,1,0,1,INSUFFICIENT DATA,100.0,0.0
2026,H0399,Kimberly Pope Adams,D,"Counties, Cities, and Towns",Official LIS subject,1,1,0,1,INSUFFICIENT DATA,100.0,0.0
2026,H0406,Kirk McPike,D,"Counties, Cities, and Towns",Official LIS subject,1,1,0,1,INSUFFICIENT DATA,100.0,0.0
2026,H0355,Laura Jane Cohen,D,"Counties, Cities, and Towns",Official LIS subject,2,2,0,2,INSUFFICIENT DATA,100.0,0.0
2026,H0396,Leslie Chambers Mehta,D,"Counties, Cities, and Towns",Official LIS subject,1,1,0,1,INSUFFICIENT DATA,100.0,0.0
2026,H0393,Lily V. Franklin,D,"Counties, Cities, and Towns",Official LIS subject,1,1,0,1,INSUFFICIENT DATA,100.0,0.0
2026,H0391,Lindsey Dougherty,D,"Counties, Cities, and Towns",Official LIS subject,1,1,0,1,INSUFFICIENT DATA,100.0,0.0
2026,H0227,Luke E. Torian,D,"Counties, Cities, and Towns",Official LIS subject,1,1,0,1,INSUFFICIENT DATA,100.0,0.0
2026,H0238,M. Keith Hodges,R,"Counties, Cities, and Towns",Official LIS subject,2,2,0,2,INSUFFICIENT DATA,100.0,0.0
2026,H0284,"Marcia S. ""Cia"" Price",D,"Counties, Cities, and Towns",Official LIS subject,1,1,0,1,INSUFFICIENT DATA,100.0,0.0
2026,H0264,Marcus B. Simon,D,"Counties, Cities, and Towns",Official LIS subject,1,1,0,1,INSUFFICIENT DATA,100.0,0.0
2026,H0404,Margaret A. Franklin,D,"Counties, Cities, and Towns",Official LIS subject,2,2,0,2,INSUFFICIENT DATA,100.0,0.0
2026,H0392,Mark C. Downey,D,"Counties, Cities, and Towns",Official LIS subject,2,2,0,2,INSUFFICIENT DATA,100.0,0.0
2026,H0374,Marty Martinez,D,"Counties, Cities, and Towns",Official LIS subject,2,2,0,2,INSUFFICIENT DATA,100.0,0.0
2026,H0397,May Nivar,D,"Counties, Cities, and Towns",Official LIS subject,2,2,0,2,INSUFFICIENT DATA,100.0,0.0
2026,H0360,Michael B. Feggans,D,"Counties, Cities, and Towns",Official LIS subject,1,1,0,1,INSUFFICIENT DATA,100.0,0.0
2026,H0247,Michael J. Webert,R,"Counties, Cities, and Towns",Official LIS subject,1,1,0,1,INSUFFICIENT DATA,100.0,0.0
2026,H0340,Michelle Lopes Maldonado,D,"Counties, Cities, and Towns",Official LIS subject,1,1,0,1,INSUFFICIENT DATA,100.0,0.0
2026,H0335,Mike A. Cherry,R,"Counties, Cities, and Towns",Official LIS subject,1,1,0,1,INSUFFICIENT DATA,100.0,0.0
2026,H0336,Nadarius E. Clark,D,"Counties, Cities, and Towns",Official LIS subject,1,1,0,1,INSUFFICIENT DATA,100.0,0.0
2026,H0389,Nicole Cole,D,"Counties, Cities, and Towns",Official LIS subject,2,2,0,2,INSUFFICIENT DATA,100.0,0.0
2026,H0219,Patrick A. Hope,D,"Counties, Cities, and Towns",Official LIS subject,1,1,0,1,INSUFFICIENT DATA,100.0,0.0
2026,H0281,Paul E. Krizek,D,"Counties, Cities, and Towns",Official LIS subject,1,1,0,1,INSUFFICIENT DATA,100.0,0.0
2026,H0366,Phil M. Hernandez,D,"Counties, Cities, and Towns",Official LIS subject,1,1,0,1,INSUFFICIENT DATA,100.0,0.0
2026,H0124,R. Lee Ware,R,"Counties, Cities, and Towns",Official LIS subject,1,1,0,1,INSUFFICIENT DATA,100.0,0.0
2026,H0356,Rae Cousins,D,"Counties, Cities, and Towns",Official LIS subject,1,1,0,1,INSUFFICIENT DATA,100.0,0.0
2026,H0269,"Richard C. ""Rip"" Sullivan, Jr.",D,"Counties, Cities, and Towns",Official LIS subject,1,1,0,1,INSUFFICIENT DATA,100.0,0.0
2026,H0267,"Robert S. Bloxom, Jr.",R,"Counties, Cities, and Towns",Official LIS subject,1,1,0,1,INSUFFICIENT DATA,100.0,0.0
2026,H0327,Rodney T. Willett,D,"Counties, Cities, and Towns",Official LIS subject,1,1,0,1,INSUFFICIENT DATA,100.0,0.0
2026,H0365,"Rozia A. Henson, Jr.",D,"Counties, Cities, and Towns",Official LIS subject,1,1,0,1,INSUFFICIENT DATA,100.0,0.0
2026,H0266,Sam Rasoul,D,"Counties, Cities, and Towns",Official LIS subject,1,1,0,1,INSUFFICIENT DATA,100.0,0.0
2026,H0323,Shelly A. Simonds,D,"Counties, Cities, and Towns",Official LIS subject,2,2,0,2,INSUFFICIENT DATA,100.0,0.0
2026,H0388,Stacey Annie Carroll,D,"Counties, Cities, and Towns",Official LIS subject,1,1,0,1,INSUFFICIENT DATA,100.0,0.0
2026,H0056,Terry G. Kilgore,R,"Counties, Cities, and Towns",Official LIS subject,1,1,0,1,INSUFFICIENT DATA,100.0,0.0
2026,H0362,"Thomas A. Garrett, Jr.",R,"Counties, Cities, and Towns",Official LIS subject,1,1,0,1,INSUFFICIENT DATA,100.0,0.0
2026,H0400,Virgil Thornton,D,"Counties, Cities, and Towns",Official LIS subject,2,2,0,2,INSUFFICIENT DATA,100.0,0.0
2026,H0328,Scott A. Wyatt,R,"Counties, Cities, and Towns",Official LIS subject,2,1,1,2,INSUFFICIENT DATA,50.0,50.0
2026,H0345,Anne Ferrell Tata,R,"Counties, Cities, and Towns",Official LIS subject,2,0,2,2,INSUFFICIENT DATA,0.0,100.0
2026,H0329,Bill Wiley,R,"Counties, Cities, and Towns",Official LIS subject,1,0,1,1,INSUFFICIENT DATA,0.0,100.0
2026,H0377,Delores Oates,R,"Counties, Cities, and Towns",Official LIS subject,1,0,1,1,INSUFFICIENT DATA,0.0,100.0
2026,H0384,Eric Phillips,R,"Counties, Cities, and Towns",Official LIS subject,1,0,1,1,INSUFFICIENT DATA,0.0,100.0
2026,H0383,Eric R. Zehr,R,"Counties, Cities, and Towns",Official LIS subject,1,0,1,1,INSUFFICIENT DATA,0.0,100.0
2026,H0347,"H. Otto Wachsmann, Jr.",R,"Counties, Cities, and Towns",Official LIS subject,1,0,1,1,INSUFFICIENT DATA,0.0,100.0
2026,H0369,Hillary Pugh Kent,R,"Counties, Cities, and Towns",Official LIS subject,1,0,1,1,INSUFFICIENT DATA,0.0,100.0
2026,H0242,Israel D. O'Quinn,R,"Counties, Cities, and Towns",Official LIS subject,1,0,1,1,INSUFFICIENT DATA,0.0,100.0
2026,H0262,"James A. ""Jay"" Leftwich",R,"Counties, Cities, and Towns",Official LIS subject,1,0,1,1,INSUFFICIENT DATA,0.0,100.0
2026,H0333,Jason S. Ballard,R,"Counties, Cities, and Towns",Official LIS subject,1,0,1,1,INSUFFICIENT DATA,0.0,100.0
2026,H0308,Joseph P. McNamara,R,"Counties, Cities, and Towns",Official LIS subject,2,0,2,2,INSUFFICIENT DATA,0.0,100.0
2026,H0398,Justin Pence,R,"Counties, Cities, and Towns",Official LIS subject,1,0,1,1,INSUFFICIENT DATA,0.0,100.0
2026,H0394,Karen Hamilton,R,"Counties, Cities, and Towns",Official LIS subject,1,0,1,1,INSUFFICIENT DATA,0.0,100.0
2026,H0401,Madison Whittle,R,"Counties, Cities, and Towns",Official LIS subject,1,0,1,1,INSUFFICIENT DATA,0.0,100.0
2026,H0390,Mitchell Cornett,R,"Counties, Cities, and Towns",Official LIS subject,1,0,1,1,INSUFFICIENT DATA,0.0,100.0
2026,H0342,Phillip A. Scott,R,"Counties, Cities, and Towns",Official LIS subject,1,0,1,1,INSUFFICIENT DATA,0.0,100.0
2026,H0253,Terry L. Austin,R,"Counties, Cities, and Towns",Official LIS subject,1,0,0,0,INSUFFICIENT DATA,0.0,0.0
2026,H0136,"Thomas C. Wright, Jr.",R,"Counties, Cities, and Towns",Official LIS subject,1,0,1,1,INSUFFICIENT DATA,0.0,100.0
2026,H0364,Timothy P. Griffin,R,"Counties, Cities, and Towns",Official LIS subject,1,0,0,0,INSUFFICIENT DATA,0.0,0.0
2026,H0231,Tony O. Wilt,R,"Counties, Cities, and Towns",Official LIS subject,1,0,1,1,INSUFFICIENT DATA,0.0,100.0
2026,H0108,Vivian E. Watts,D,"Counties, Cities, and Towns",Official LIS subject,1,0,0,0,INSUFFICIENT DATA,0.0,0.0
2026,H0325,Wendell S. Walker,R,"Counties, Cities, and Towns",Official LIS subject,1,0,1,1,INSUFFICIENT DATA,0.0,100.0
2026,H0357,Will Davis,R,"Counties, Cities, and Towns",Official LIS subject,1,0,1,1,INSUFFICIENT DATA,0.0,100.0
2026,H0348,Wren M. Williams,R,"Counties, Cities, and Towns",Official LIS subject,1,0,1,1,INSUFFICIENT DATA,0.0,100.0
2026,H0375,Adele Y. McClure,D,Courts Not of Record,Official LIS subject,1,1,0,1,INSUFFICIENT DATA,100.0,0.0
2026,H0311,Alex Q. Askew,D,Courts Not of Record,Official LIS subject,1,1,0,1,INSUFFICIENT DATA,100.0,0.0
2026,H0239,Alfonso H. Lopez,D,Courts Not of Record,Official LIS subject,1,1,0,1,INSUFFICIENT DATA,100.0,0.0
2026,H0371,Amy J. Laufer,D,Courts Not of Record,Official LIS subject,1,1,0,1,INSUFFICIENT DATA,100.0,0.0
2026,H0380,Atoosa R. Reaser,D,Courts Not of Record,Official LIS subject,2,2,0,2,INSUFFICIENT DATA,100.0,0.0
2026,H0212,Betsy B. Carr,D,Courts Not of Record,Official LIS subject,1,1,0,1,INSUFFICIENT DATA,100.0,0.0
2026,H0353,Bonita G. Anthony,D,Courts Not of Record,Official LIS subject,1,1,0,1,INSUFFICIENT DATA,100.0,0.0
2026,H0343,Briana D. Sewell,D,Courts Not of Record,Official LIS subject,1,1,0,1,INSUFFICIENT DATA,100.0,0.0
2026,H0285,"C.E. Cliff Hayes, Jr.",D,Courts Not of Record,Official LIS subject,1,1,0,1,INSUFFICIENT DATA,100.0,0.0
2026,H0402,Charlie Schmidt,D,Courts Not of Record,Official LIS subject,3,2,0,2,INSUFFICIENT DATA,100.0,0.0
2026,H0208,Charniele L. Herring,D,Courts Not of Record,Official LIS subject,1,1,0,1,INSUFFICIENT DATA,100.0,0.0
2026,H0317,Dan I. Helmer,D,Courts Not of Record,Official LIS subject,1,1,0,1,INSUFFICIENT DATA,100.0,0.0
2026,H0301,David A. Reid,D,Courts Not of Record,Official LIS subject,1,1,0,1,INSUFFICIENT DATA,100.0,0.0
2026,H0361,Debra D. Gardner,D,Courts Not of Record,Official LIS subject,1,1,0,1,INSUFFICIENT DATA,100.0,0.0
2026,H0207,Delores L. McQuinn,D,Courts Not of Record,Official LIS subject,1,1,0,1,INSUFFICIENT DATA,100.0,0.0
2026,H0372,Destiny LeVere Bolling,D,Courts Not of Record,Official LIS subject,1,1,0,1,INSUFFICIENT DATA,100.0,0.0
2026,H0322,Don Scott,D,Courts Not of Record,Official LIS subject,1,1,0,1,INSUFFICIENT DATA,100.0,0.0
2026,H0297,Elizabeth R. Guzman,D,Courts Not of Record,Official LIS subject,1,1,0,1,INSUFFICIENT DATA,100.0,0.0
2026,H0405,Garrett McGuire,D,Courts Not of Record,Official LIS subject,1,1,0,1,INSUFFICIENT DATA,100.0,0.0
2026,H0403,Gretchen M. Bulova,D,Courts Not of Record,Official LIS subject,1,1,0,1,INSUFFICIENT DATA,100.0,0.0
2026,H0351,Holly M. Seibold,D,Courts Not of Record,Official LIS subject,1,1,0,1,INSUFFICIENT DATA,100.0,0.0
2026,H0344,Irene Shin,D,Courts Not of Record,Official LIS subject,1,1,0,1,INSUFFICIENT DATA,100.0,0.0
2026,H0385,JJ Singh,D,Courts Not of Record,Official LIS subject,1,1,0,1,INSUFFICIENT DATA,100.0,0.0
2026,H0349,Jackie H. Glass,D,Courts Not of Record,Official LIS subject,1,1,0,1,INSUFFICIENT DATA,100.0,0.0
2026,H0173,Jeion A. Ward,D,Courts Not of Record,Official LIS subject,1,1,0,1,INSUFFICIENT DATA,100.0,0.0
2026,H0386,Jessica L. Anderson,D,Courts Not of Record,Official LIS subject,1,1,0,1,INSUFFICIENT DATA,100.0,0.0
2026,H0395,John Chilton McAuliff,D,Courts Not of Record,Official LIS subject,1,1,0,1,INSUFFICIENT DATA,100.0,0.0
2026,H0382,Joshua E. Thomas,D,Courts Not of Record,Official LIS subject,1,1,0,1,INSUFFICIENT DATA,100.0,0.0
2026,H0314,Joshua G. Cole,D,Courts Not of Record,Official LIS subject,1,1,0,1,INSUFFICIENT DATA,100.0,0.0
2026,H0370,Karen Keys-Gamarra,D,Courts Not of Record,Official LIS subject,2,2,0,2,INSUFFICIENT DATA,100.0,0.0
2026,H0387,"Karen R. ""Kacey"" Carnegie",D,Courts Not of Record,Official LIS subject,2,2,0,2,INSUFFICIENT DATA,100.0,0.0
2026,H0294,Karrie K. Delaney,D,Courts Not of Record,Official LIS subject,3,3,0,3,INSUFFICIENT DATA,100.0,0.0
2026,H0305,Kathy K.L. Tran,D,Courts Not of Record,Official LIS subject,1,1,0,1,INSUFFICIENT DATA,100.0,0.0
2026,H0354,Katrina Callsen,D,Courts Not of Record,Official LIS subject,3,3,0,3,INSUFFICIENT DATA,100.0,0.0
2026,H0295,Kelly K. Convirs-Fowler,D,Courts Not of Record,Official LIS subject,1,1,0,1,INSUFFICIENT DATA,100.0,0.0
2026,H0399,Kimberly Pope Adams,D,Courts Not of Record,Official LIS subject,1,1,0,1,INSUFFICIENT DATA,100.0,0.0
2026,H0406,Kirk McPike,D,Courts Not of Record,Official LIS subject,1,1,0,1,INSUFFICIENT DATA,100.0,0.0
2026,H0355,Laura Jane Cohen,D,Courts Not of Record,Official LIS subject,1,1,0,1,INSUFFICIENT DATA,100.0,0.0
2026,H0396,Leslie Chambers Mehta,D,Courts Not of Record,Official LIS subject,3,3,0,3,INSUFFICIENT DATA,100.0,0.0
2026,H0393,Lily V. Franklin,D,Courts Not of Record,Official LIS subject,1,1,0,1,INSUFFICIENT DATA,100.0,0.0
2026,H0391,Lindsey Dougherty,D,Courts Not of Record,Official LIS subject,1,1,0,1,INSUFFICIENT DATA,100.0,0.0
2026,H0227,Luke E. Torian,D,Courts Not of Record,Official LIS subject,1,1,0,1,INSUFFICIENT DATA,100.0,0.0
2026,H0284,"Marcia S. ""Cia"" Price",D,Courts Not of Record,Official LIS subject,1,1,0,1,INSUFFICIENT DATA,100.0,0.0
2026,H0264,Marcus B. Simon,D,Courts Not of Record,Official LIS subject,2,2,0,2,INSUFFICIENT DATA,100.0,0.0
2026,H0404,Margaret A. Franklin,D,Courts Not of Record,Official LIS subject,1,1,0,1,INSUFFICIENT DATA,100.0,0.0
2026,H0392,Mark C. Downey,D,Courts Not of Record,Official LIS subject,1,1,0,1,INSUFFICIENT DATA,100.0,0.0
2026,H0374,Marty Martinez,D,Courts Not of Record,Official LIS subject,1,1,0,1,INSUFFICIENT DATA,100.0,0.0
2026,H0397,May Nivar,D,Courts Not of Record,Official LIS subject,1,1,0,1,INSUFFICIENT DATA,100.0,0.0
2026,H0360,Michael B. Feggans,D,Courts Not of Record,Official LIS subject,1,1,0,1,INSUFFICIENT DATA,100.0,0.0
2026,H0340,Michelle Lopes Maldonado,D,Courts Not of Record,Official LIS subject,2,2,0,2,INSUFFICIENT DATA,100.0,0.0
2026,H0336,Nadarius E. Clark,D,Courts Not of Record,Official LIS subject,1,1,0,1,INSUFFICIENT DATA,100.0,0.0
2026,H0389,Nicole Cole,D,Courts Not of Record,Official LIS subject,1,1,0,1,INSUFFICIENT DATA,100.0,0.0
2026,H0219,Patrick A. Hope,D,Courts Not of Record,Official LIS subject,3,3,0,3,INSUFFICIENT DATA,100.0,0.0
2026,H0281,Paul E. Krizek,D,Courts Not of Record,Official LIS subject,1,1,0,1,INSUFFICIENT DATA,100.0,0.0
2026,H0366,Phil M. Hernandez,D,Courts Not of Record,Official LIS subject,3,3,0,3,INSUFFICIENT DATA,100.0,0.0
2026,H0356,Rae Cousins,D,Courts Not of Record,Official LIS subject,3,3,0,3,INSUFFICIENT DATA,100.0,0.0
2026,H0269,"Richard C. ""Rip"" Sullivan, Jr.",D,Courts Not of Record,Official LIS subject,2,2,0,2,INSUFFICIENT DATA,100.0,0.0
2026,H0327,Rodney T. Willett,D,Courts Not of Record,Official LIS subject,1,1,0,1,INSUFFICIENT DATA,100.0,0.0
2026,H0365,"Rozia A. Henson, Jr.",D,Courts Not of Record,Official LIS subject,1,1,0,1,INSUFFICIENT DATA,100.0,0.0
2026,H0266,Sam Rasoul,D,Courts Not of Record,Official LIS subject,1,1,0,1,INSUFFICIENT DATA,100.0,0.0
2026,H0323,Shelly A. Simonds,D,Courts Not of Record,Official LIS subject,1,1,0,1,INSUFFICIENT DATA,100.0,0.0
2026,H0388,Stacey Annie Carroll,D,Courts Not of Record,Official LIS subject,1,1,0,1,INSUFFICIENT DATA,100.0,0.0
2026,H0400,Virgil Thornton,D,Courts Not of Record,Official LIS subject,2,2,0,2,INSUFFICIENT DATA,100.0,0.0
2026,H0108,Vivian E. Watts,D,Courts Not of Record,Official LIS subject,3,3,0,3,INSUFFICIENT DATA,100.0,0.0
2026,H0348,Wren M. Williams,R,Courts Not of Record,Official LIS subject,3,3,0,3,INSUFFICIENT DATA,100.0,0.0
2026,H0345,Anne Ferrell Tata,R,Courts Not of Record,Official LIS subject,1,0,1,1,INSUFFICIENT DATA,0.0,100.0
2026,H0329,Bill Wiley,R,Courts Not of Record,Official LIS subject,1,0,1,1,INSUFFICIENT DATA,0.0,100.0
2026,H0321,Chris S. Runion,R,Courts Not of Record,Official LIS subject,1,0,1,1,INSUFFICIENT DATA,0.0,100.0
2026,H0377,Delores Oates,R,Courts Not of Record,Official LIS subject,1,0,1,1,INSUFFICIENT DATA,0.0,100.0
2026,H0350,Ellen H. McLaughlin,R,Courts Not of Record,Official LIS subject,1,0,1,1,INSUFFICIENT DATA,0.0,100.0
2026,H0384,Eric Phillips,R,Courts Not of Record,Official LIS subject,1,0,1,1,INSUFFICIENT DATA,0.0,100.0
2026,H0383,Eric R. Zehr,R,Courts Not of Record,Official LIS subject,1,0,1,1,INSUFFICIENT DATA,0.0,100.0
2026,H0347,"H. Otto Wachsmann, Jr.",R,Courts Not of Record,Official LIS subject,1,0,1,1,INSUFFICIENT DATA,0.0,100.0
2026,H0369,Hillary Pugh Kent,R,Courts Not of Record,Official LIS subject,1,0,1,1,INSUFFICIENT DATA,0.0,100.0
2026,H0259,"Hyland F. ""Buddy"" Fowler, Jr.",R,Courts Not of Record,Official LIS subject,1,0,1,1,INSUFFICIENT DATA,0.0,100.0
2026,H0242,Israel D. O'Quinn,R,Courts Not of Record,Official LIS subject,1,0,1,1,INSUFFICIENT DATA,0.0,100.0
2026,H0262,"James A. ""Jay"" Leftwich",R,Courts Not of Record,Official LIS subject,2,0,2,2,INSUFFICIENT DATA,0.0,100.0
2026,H0224,James W. Morefield,R,Courts Not of Record,Official LIS subject,1,0,1,1,INSUFFICIENT DATA,0.0,100.0
2026,H0333,Jason S. Ballard,R,Courts Not of Record,Official LIS subject,2,0,2,2,INSUFFICIENT DATA,0.0,100.0
2026,H0308,Joseph P. McNamara,R,Courts Not of Record,Official LIS subject,1,0,1,1,INSUFFICIENT DATA,0.0,100.0
2026,H0398,Justin Pence,R,Courts Not of Record,Official LIS subject,2,0,2,2,INSUFFICIENT DATA,0.0,100.0
2026,H0394,Karen Hamilton,R,Courts Not of Record,Official LIS subject,1,0,1,1,INSUFFICIENT DATA,0.0,100.0
2026,H0238,M. Keith Hodges,R,Courts Not of Record,Official LIS subject,1,0,1,1,INSUFFICIENT DATA,0.0,100.0
2026,H0401,Madison Whittle,R,Courts Not of Record,Official LIS subject,3,0,3,3,INSUFFICIENT DATA,0.0,100.0
2026,H0247,Michael J. Webert,R,Courts Not of Record,Official LIS subject,1,0,1,1,INSUFFICIENT DATA,0.0,100.0
2026,H0335,Mike A. Cherry,R,Courts Not of Record,Official LIS subject,1,0,1,1,INSUFFICIENT DATA,0.0,100.0
2026,H0390,Mitchell Cornett,R,Courts Not of Record,Official LIS subject,1,0,1,1,INSUFFICIENT DATA,0.0,100.0
2026,H0342,Phillip A. Scott,R,Courts Not of Record,Official LIS subject,1,0,1,1,INSUFFICIENT DATA,0.0,100.0
2026,H0124,R. Lee Ware,R,Courts Not of Record,Official LIS subject,1,0,1,1,INSUFFICIENT DATA,0.0,100.0
2026,H0267,"Robert S. Bloxom, Jr.",R,Courts Not of Record,Official LIS subject,1,0,1,1,INSUFFICIENT DATA,0.0,100.0
2026,H0328,Scott A. Wyatt,R,Courts Not of Record,Official LIS subject,1,0,1,1,INSUFFICIENT DATA,0.0,100.0
2026,H0056,Terry G. Kilgore,R,Courts Not of Record,Official LIS subject,2,0,2,2,INSUFFICIENT DATA,0.0,100.0
2026,H0253,Terry L. Austin,R,Courts Not of Record,Official LIS subject,1,0,1,1,INSUFFICIENT DATA,0.0,100.0
2026,H0362,"Thomas A. Garrett, Jr.",R,Courts Not of Record,Official LIS subject,1,0,1,1,INSUFFICIENT DATA,0.0,100.0
2026,H0136,"Thomas C. Wright, Jr.",R,Courts Not of Record,Official LIS subject,1,0,1,1,INSUFFICIENT DATA,0.0,100.0
2026,H0364,Timothy P. Griffin,R,Courts Not of Record,Official LIS subject,1,0,1,1,INSUFFICIENT DATA,0.0,100.0
2026,H0231,Tony O. Wilt,R,Courts Not of Record,Official LIS subject,1,0,1,1,INSUFFICIENT DATA,0.0,100.0
2026,H0325,Wendell S. Walker,R,Courts Not of Record,Official LIS subject,1,0,1,1,INSUFFICIENT DATA,0.0,100.0
2026,H0357,Will Davis,R,Courts Not of Record,Official LIS subject,3,0,3,3,INSUFFICIENT DATA,0.0,100.0
2026,H0407,Andrew Rice,R,Courts and Civil Law,Derived from LIS bill description,1,0,1,1,INSUFFICIENT DATA,0.0,100.0
2026,H0206,Barry D. Knight,R,Courts and Civil Law,Derived from LIS bill description,6,0,0,0,INSUFFICIENT DATA,0.0,0.0
2026,H0056,Terry G. Kilgore,R,Courts and Civil Law,Derived from LIS bill description,53,31,21,52,MIXED,59.61538461538461,40.38461538461539
2026,H0267,"Robert S. Bloxom, Jr.",R,Courts and Civil Law,Derived from LIS bill description,35,20,15,35,MIXED,57.14285714285714,42.857142857142854
2026,H0350,Ellen H. McLaughlin,R,Courts and Civil Law,Derived from LIS bill description,33,18,14,32,MIXED,56.25,43.75
2026,H0262,"James A. ""Jay"" Leftwich",R,Courts and Civil Law,Derived from LIS bill description,51,28,22,50,MIXED,56.00000000000001,44.0
2026,H0333,Jason S. Ballard,R,Courts and Civil Law,Derived from LIS bill description,56,29,25,54,MIXED,53.70370370370371,46.2962962962963
2026,H0308,Joseph P. McNamara,R,Courts and Civil Law,Derived from LIS bill description,35,17,16,33,MIXED,51.515151515151516,48.484848484848484
2026,H0238,M. Keith Hodges,R,Courts and Civil Law,Derived from LIS bill description,35,18,17,35,MIXED,51.42857142857142,48.57142857142857
2026,H0345,Anne Ferrell Tata,R,Courts and Civil Law,Derived from LIS bill description,30,15,15,30,MIXED,50.0,50.0
2026,H0321,Chris S. Runion,R,Courts and Civil Law,Derived from LIS bill description,34,16,16,32,MIXED,50.0,50.0
2026,H0259,"Hyland F. ""Buddy"" Fowler, Jr.",R,Courts and Civil Law,Derived from LIS bill description,30,14,14,28,MIXED,50.0,50.0
2026,H0253,Terry L. Austin,R,Courts and Civil Law,Derived from LIS bill description,32,16,16,32,MIXED,50.0,50.0
2026,H0348,Wren M. Williams,R,Courts and Civil Law,Derived from LIS bill description,52,25,26,51,MIXED,49.01960784313725,50.98039215686274
2026,H0357,Will Davis,R,Courts and Civil Law,Derived from LIS bill description,47,23,24,47,MIXED,48.93617021276596,51.06382978723404
2026,H0347,"H. Otto Wachsmann, Jr.",R,Courts and Civil Law,Derived from LIS bill description,35,17,18,35,MIXED,48.57142857142857,51.42857142857142
2026,H0231,Tony O. Wilt,R,Courts and Civil Law,Derived from LIS bill description,35,17,18,35,MIXED,48.57142857142857,51.42857142857142
2026,H0224,James W. Morefield,R,Courts and Civil Law,Derived from LIS bill description,34,16,17,33,MIXED,48.484848484848484,51.515151515151516
2026,H0335,Mike A. Cherry,R,Courts and Civil Law,Derived from LIS bill description,32,15,17,32,MIXED,46.875,53.125
2026,H0398,Justin Pence,R,Courts and Civil Law,Derived from LIS bill description,47,22,25,47,MIXED,46.808510638297875,53.191489361702125
2026,H0329,Bill Wiley,R,Courts and Civil Law,Derived from LIS bill description,33,15,18,33,MIXED,45.45454545454545,54.54545454545454
2026,H0124,R. Lee Ware,R,Courts and Civil Law,Derived from LIS bill description,30,13,17,30,MIXED,43.333333333333336,56.666666666666664
2026,H0401,Madison Whittle,R,Courts and Civil Law,Derived from LIS bill description,47,20,27,47,MIXED,42.5531914893617,57.446808510638306
2026,H0325,Wendell S. Walker,R,Courts and Civil Law,Derived from LIS bill description,31,13,18,31,MIXED,41.935483870967744,58.06451612903226
2026,H0384,Eric Phillips,R,Courts and Civil Law,Derived from LIS bill description,32,13,19,32,MIXED,40.625,59.375
2026,H0136,"Thomas C. Wright, Jr.",R,Courts and Civil Law,Derived from LIS bill description,33,12,19,31,MIXED,38.70967741935484,61.29032258064516
2026,H0242,Israel D. O'Quinn,R,Courts and Civil Law,Derived from LIS bill description,32,12,20,32,MIXED,37.5,62.5
2026,H0377,Delores Oates,R,Courts and Civil Law,Derived from LIS bill description,38,14,24,38,MIXED,36.84210526315789,63.1578947368421
2026,H0369,Hillary Pugh Kent,R,Courts and Civil Law,Derived from LIS bill description,30,11,19,30,MIXED,36.666666666666664,63.33333333333333
2026,H0247,Michael J. Webert,R,Courts and Civil Law,Derived from LIS bill description,35,12,21,33,MIXED,36.36363636363637,63.63636363636363
2026,H0390,Mitchell Cornett,R,Courts and Civil Law,Derived from LIS bill description,33,12,21,33,MIXED,36.36363636363637,63.63636363636363
2026,H0394,Karen Hamilton,R,Courts and Civil Law,Derived from LIS bill description,38,13,24,37,MIXED,35.13513513513514,64.86486486486487
2026,H0342,Phillip A. Scott,R,Courts and Civil Law,Derived from LIS bill description,31,10,19,29,NO,34.48275862068966,65.51724137931035
2026,H0328,Scott A. Wyatt,R,Courts and Civil Law,Derived from LIS bill description,32,11,21,32,NO,34.375,65.625
2026,H0383,Eric R. Zehr,R,Courts and Civil Law,Derived from LIS bill description,33,11,22,33,NO,33.33333333333333,66.66666666666666
2026,H0362,"Thomas A. Garrett, Jr.",R,Courts and Civil Law,Derived from LIS bill description,33,10,20,30,NO,33.33333333333333,66.66666666666666
2026,H0364,Timothy P. Griffin,R,Courts and Civil Law,Derived from LIS bill description,31,8,21,29,NO,27.586206896551722,72.41379310344827
2026,H0340,Michelle Lopes Maldonado,D,Courts and Civil Law,Derived from LIS bill description,57,55,2,57,YES,96.49122807017544,3.508771929824561
2026,H0264,Marcus B. Simon,D,Courts and Civil Law,Derived from LIS bill description,55,52,2,54,YES,96.29629629629629,3.7037037037037033
2026,H0356,Rae Cousins,D,Courts and Civil Law,Derived from LIS bill description,52,50,2,52,YES,96.15384615384616,3.8461538461538463
2026,H0269,"Richard C. ""Rip"" Sullivan, Jr.",D,Courts and Civil Law,Derived from LIS bill description,53,50,2,52,YES,96.15384615384616,3.8461538461538463
2026,H0380,Atoosa R. Reaser,D,Courts and Civil Law,Derived from LIS bill description,51,49,2,51,YES,96.07843137254902,3.9215686274509802
2026,H0402,Charlie Schmidt,D,Courts and Civil Law,Derived from LIS bill description,52,49,2,51,YES,96.07843137254902,3.9215686274509802
2026,H0387,"Karen R. ""Kacey"" Carnegie",D,Courts and Civil Law,Derived from LIS bill description,51,49,2,51,YES,96.07843137254902,3.9215686274509802
2026,H0400,Virgil Thornton,D,Courts and Civil Law,Derived from LIS bill description,51,47,2,49,YES,95.91836734693877,4.081632653061225
2026,H0396,Leslie Chambers Mehta,D,Courts and Civil Law,Derived from LIS bill description,48,46,2,48,YES,95.83333333333334,4.166666666666666
2026,H0294,Karrie K. Delaney,D,Courts and Civil Law,Derived from LIS bill description,47,45,2,47,YES,95.74468085106383,4.25531914893617
2026,H0219,Patrick A. Hope,D,Courts and Civil Law,Derived from LIS bill description,49,45,2,47,YES,95.74468085106383,4.25531914893617
2026,H0366,Phil M. Hernandez,D,Courts and Civil Law,Derived from LIS bill description,47,45,2,47,YES,95.74468085106383,4.25531914893617
2026,H0354,Katrina Callsen,D,Courts and Civil Law,Derived from LIS bill description,47,44,2,46,YES,95.65217391304348,4.3478260869565215
2026,H0108,Vivian E. Watts,D,Courts and Civil Law,Derived from LIS bill description,47,43,2,45,YES,95.55555555555556,4.444444444444445
2026,H0239,Alfonso H. Lopez,D,Courts and Civil Law,Derived from LIS bill description,41,39,2,41,YES,95.1219512195122,4.878048780487805
2026,H0285,"C.E. Cliff Hayes, Jr.",D,Courts and Civil Law,Derived from LIS bill description,40,38,2,40,YES,95.0,5.0
2026,H0351,Holly M. Seibold,D,Courts and Civil Law,Derived from LIS bill description,39,35,2,37,YES,94.5945945945946,5.405405405405405
2026,H0344,Irene Shin,D,Courts and Civil Law,Derived from LIS bill description,37,35,2,37,YES,94.5945945945946,5.405405405405405
2026,H0385,JJ Singh,D,Courts and Civil Law,Derived from LIS bill description,37,35,2,37,YES,94.5945945945946,5.405405405405405
2026,H0173,Jeion A. Ward,D,Courts and Civil Law,Derived from LIS bill description,37,35,2,37,YES,94.5945945945946,5.405405405405405
2026,H0360,Michael B. Feggans,D,Courts and Civil Law,Derived from LIS bill description,37,35,2,37,YES,94.5945945945946,5.405405405405405
2026,H0317,Dan I. Helmer,D,Courts and Civil Law,Derived from LIS bill description,37,34,2,36,YES,94.44444444444444,5.555555555555555
2026,H0405,Garrett McGuire,D,Courts and Civil Law,Derived from LIS bill description,36,34,2,36,YES,94.44444444444444,5.555555555555555
2026,H0284,"Marcia S. ""Cia"" Price",D,Courts and Civil Law,Derived from LIS bill description,36,34,2,36,YES,94.44444444444444,5.555555555555555
2026,H0336,Nadarius E. Clark,D,Courts and Civil Law,Derived from LIS bill description,35,17,1,18,YES,94.44444444444444,5.555555555555555
2026,H0301,David A. Reid,D,Courts and Civil Law,Derived from LIS bill description,35,33,2,35,YES,94.28571428571428,5.714285714285714
2026,H0382,Joshua E. Thomas,D,Courts and Civil Law,Derived from LIS bill description,35,33,2,35,YES,94.28571428571428,5.714285714285714
2026,H0391,Lindsey Dougherty,D,Courts and Civil Law,Derived from LIS bill description,35,33,2,35,YES,94.28571428571428,5.714285714285714
2026,H0374,Marty Martinez,D,Courts and Civil Law,Derived from LIS bill description,35,33,2,35,YES,94.28571428571428,5.714285714285714
2026,H0327,Rodney T. Willett,D,Courts and Civil Law,Derived from LIS bill description,35,33,2,35,YES,94.28571428571428,5.714285714285714
2026,H0212,Betsy B. Carr,D,Courts and Civil Law,Derived from LIS bill description,34,32,2,34,YES,94.11764705882352,5.88235294117647
2026,H0208,Charniele L. Herring,D,Courts and Civil Law,Derived from LIS bill description,34,32,2,34,YES,94.11764705882352,5.88235294117647
2026,H0207,Delores L. McQuinn,D,Courts and Civil Law,Derived from LIS bill description,35,32,2,34,YES,94.11764705882352,5.88235294117647
2026,H0372,Destiny LeVere Bolling,D,Courts and Civil Law,Derived from LIS bill description,34,32,2,34,YES,94.11764705882352,5.88235294117647
2026,H0349,Jackie H. Glass,D,Courts and Civil Law,Derived from LIS bill description,34,32,2,34,YES,94.11764705882352,5.88235294117647
2026,H0393,Lily V. Franklin,D,Courts and Civil Law,Derived from LIS bill description,34,32,2,34,YES,94.11764705882352,5.88235294117647
2026,H0281,Paul E. Krizek,D,Courts and Civil Law,Derived from LIS bill description,34,32,2,34,YES,94.11764705882352,5.88235294117647
2026,H0375,Adele Y. McClure,D,Courts and Civil Law,Derived from LIS bill description,33,31,2,33,YES,93.93939393939394,6.0606060606060606
2026,H0371,Amy J. Laufer,D,Courts and Civil Law,Derived from LIS bill description,33,31,2,33,YES,93.93939393939394,6.0606060606060606
2026,H0353,Bonita G. Anthony,D,Courts and Civil Law,Derived from LIS bill description,33,31,2,33,YES,93.93939393939394,6.0606060606060606
2026,H0361,Debra D. Gardner,D,Courts and Civil Law,Derived from LIS bill description,34,31,2,33,YES,93.93939393939394,6.0606060606060606
2026,H0386,Jessica L. Anderson,D,Courts and Civil Law,Derived from LIS bill description,33,31,2,33,YES,93.93939393939394,6.0606060606060606
2026,H0266,Sam Rasoul,D,Courts and Civil Law,Derived from LIS bill description,34,31,2,33,YES,93.93939393939394,6.0606060606060606
2026,H0311,Alex Q. Askew,D,Courts and Civil Law,Derived from LIS bill description,32,30,2,32,YES,93.75,6.25
2026,H0314,Joshua G. Cole,D,Courts and Civil Law,Derived from LIS bill description,32,30,2,32,YES,93.75,6.25
2026,H0399,Kimberly Pope Adams,D,Courts and Civil Law,Derived from LIS bill description,33,30,2,32,YES,93.75,6.25
2026,H0355,Laura Jane Cohen,D,Courts and Civil Law,Derived from LIS bill description,33,30,2,32,YES,93.75,6.25
2026,H0227,Luke E. Torian,D,Courts and Civil Law,Derived from LIS bill description,36,30,2,32,YES,93.75,6.25
2026,H0392,Mark C. Downey,D,Courts and Civil Law,Derived from LIS bill description,32,30,2,32,YES,93.75,6.25
2026,H0397,May Nivar,D,Courts and Civil Law,Derived from LIS bill description,32,30,2,32,YES,93.75,6.25
2026,H0389,Nicole Cole,D,Courts and Civil Law,Derived from LIS bill description,32,30,2,32,YES,93.75,6.25
2026,H0323,Shelly A. Simonds,D,Courts and Civil Law,Derived from LIS bill description,32,30,2,32,YES,93.75,6.25
2026,H0322,Don Scott,D,Courts and Civil Law,Derived from LIS bill description,30,28,2,30,YES,93.33333333333333,6.666666666666667
2026,H0334,Elizabeth B. Bennett-Parker,D,Courts and Civil Law,Derived from LIS bill description,17,14,1,15,YES,93.33333333333333,6.666666666666667
2026,H0403,Gretchen M. Bulova,D,Courts and Civil Law,Derived from LIS bill description,30,28,2,30,YES,93.33333333333333,6.666666666666667
2026,H0295,Kelly K. Convirs-Fowler,D,Courts and Civil Law,Derived from LIS bill description,34,28,2,30,YES,93.33333333333333,6.666666666666667
2026,H0297,Elizabeth R. Guzman,D,Courts and Civil Law,Derived from LIS bill description,30,27,2,29,YES,93.10344827586206,6.896551724137931
2026,H0404,Margaret A. Franklin,D,Courts and Civil Law,Derived from LIS bill description,30,27,2,29,YES,93.10344827586206,6.896551724137931
2026,H0388,Stacey Annie Carroll,D,Courts and Civil Law,Derived from LIS bill description,30,27,2,29,YES,93.10344827586206,6.896551724137931
2026,H0370,Karen Keys-Gamarra,D,Courts and Civil Law,Derived from LIS bill description,56,51,4,55,YES,92.72727272727272,7.2727272727272725
2026,H0305,Kathy K.L. Tran,D,Courts and Civil Law,Derived from LIS bill description,35,32,3,35,YES,91.42857142857143,8.571428571428571
2026,H0365,"Rozia A. Henson, Jr.",D,Courts and Civil Law,Derived from LIS bill description,36,32,3,35,YES,91.42857142857143,8.571428571428571
2026,H0343,Briana D. Sewell,D,Courts and Civil Law,Derived from LIS bill description,34,31,3,34,YES,91.17647058823529,8.823529411764707
2026,H0406,Kirk McPike,D,Courts and Civil Law,Derived from LIS bill description,17,15,2,17,YES,88.23529411764706,11.76470588235294
2026,H0395,John Chilton McAuliff,D,Courts and Civil Law,Derived from LIS bill description,30,18,3,21,YES,85.71428571428571,14.285714285714285
2026,H0407,Andrew Rice,R,Criminal Justice,Derived from LIS bill description,5,1,4,5,INSUFFICIENT DATA,20.0,80.0
2026,H0206,Barry D. Knight,R,Criminal Justice,Derived from LIS bill description,21,0,0,0,INSUFFICIENT DATA,0.0,0.0
2026,H0348,Wren M. Williams,R,Criminal Justice,Derived from LIS bill description,148,82,55,137,MIXED,59.854014598540154,40.14598540145985
2026,H0335,Mike A. Cherry,R,Criminal Justice,Derived from LIS bill description,90,51,37,88,MIXED,57.95454545454546,42.04545454545455
2026,H0231,Tony O. Wilt,R,Criminal Justice,Derived from LIS bill description,102,57,45,102,MIXED,55.88235294117647,44.11764705882353
2026,H0357,Will Davis,R,Criminal Justice,Derived from LIS bill description,143,77,66,143,MIXED,53.84615384615385,46.15384615384615
2026,H0401,Madison Whittle,R,Criminal Justice,Derived from LIS bill description,143,74,65,139,MIXED,53.23741007194245,46.76258992805755
2026,H0350,Ellen H. McLaughlin,R,Criminal Justice,Derived from LIS bill description,96,47,46,93,MIXED,50.53763440860215,49.46236559139785
2026,H0384,Eric Phillips,R,Criminal Justice,Derived from LIS bill description,101,50,50,100,MIXED,50.0,50.0
2026,H0308,Joseph P. McNamara,R,Criminal Justice,Derived from LIS bill description,81,39,39,78,MIXED,50.0,50.0
2026,H0333,Jason S. Ballard,R,Criminal Justice,Derived from LIS bill description,121,58,59,117,MIXED,49.572649572649574,50.427350427350426
2026,H0347,"H. Otto Wachsmann, Jr.",R,Criminal Justice,Derived from LIS bill description,88,43,44,87,MIXED,49.42528735632184,50.57471264367817
2026,H0325,Wendell S. Walker,R,Criminal Justice,Derived from LIS bill description,88,43,44,87,MIXED,49.42528735632184,50.57471264367817
2026,H0056,Terry G. Kilgore,R,Criminal Justice,Derived from LIS bill description,128,63,65,128,MIXED,49.21875,50.78125
2026,H0224,James W. Morefield,R,Criminal Justice,Derived from LIS bill description,97,46,50,96,MIXED,47.91666666666667,52.083333333333336
2026,H0238,M. Keith Hodges,R,Criminal Justice,Derived from LIS bill description,100,45,55,100,MIXED,45.0,55.00000000000001
2026,H0398,Justin Pence,R,Criminal Justice,Derived from LIS bill description,116,52,64,116,MIXED,44.827586206896555,55.172413793103445
2026,H0390,Mitchell Cornett,R,Criminal Justice,Derived from LIS bill description,107,46,61,107,MIXED,42.99065420560748,57.009345794392516
2026,H0262,"James A. ""Jay"" Leftwich",R,Criminal Justice,Derived from LIS bill description,120,49,65,114,MIXED,42.98245614035088,57.01754385964912
2026,H0369,Hillary Pugh Kent,R,Criminal Justice,Derived from LIS bill description,82,35,47,82,MIXED,42.68292682926829,57.3170731707317
2026,H0377,Delores Oates,R,Criminal Justice,Derived from LIS bill description,101,42,57,99,MIXED,42.42424242424242,57.57575757575758
2026,H0267,"Robert S. Bloxom, Jr.",R,Criminal Justice,Derived from LIS bill description,98,40,55,95,MIXED,42.10526315789473,57.89473684210527
2026,H0328,Scott A. Wyatt,R,Criminal Justice,Derived from LIS bill description,100,42,58,100,MIXED,42.0,57.99999999999999
2026,H0242,Israel D. O'Quinn,R,Criminal Justice,Derived from LIS bill description,86,36,50,86,MIXED,41.86046511627907,58.139534883720934
2026,H0383,Eric R. Zehr,R,Criminal Justice,Derived from LIS bill description,101,41,57,98,MIXED,41.83673469387755,58.16326530612245
2026,H0345,Anne Ferrell Tata,R,Criminal Justice,Derived from LIS bill description,82,34,48,82,MIXED,41.46341463414634,58.536585365853654
2026,H0394,Karen Hamilton,R,Criminal Justice,Derived from LIS bill description,116,48,68,116,MIXED,41.37931034482759,58.620689655172406
2026,H0329,Bill Wiley,R,Criminal Justice,Derived from LIS bill description,93,38,55,93,MIXED,40.86021505376344,59.13978494623656
2026,H0259,"Hyland F. ""Buddy"" Fowler, Jr.",R,Criminal Justice,Derived from LIS bill description,82,32,47,79,MIXED,40.50632911392405,59.49367088607595
2026,H0247,Michael J. Webert,R,Criminal Justice,Derived from LIS bill description,119,45,67,112,MIXED,40.17857142857143,59.82142857142857
2026,H0124,R. Lee Ware,R,Criminal Justice,Derived from LIS bill description,83,32,49,81,MIXED,39.50617283950617,60.49382716049383
2026,H0253,Terry L. Austin,R,Criminal Justice,Derived from LIS bill description,102,40,62,102,MIXED,39.21568627450981,60.78431372549019
2026,H0321,Chris S. Runion,R,Criminal Justice,Derived from LIS bill description,82,30,52,82,MIXED,36.58536585365854,63.41463414634146
2026,H0362,"Thomas A. Garrett, Jr.",R,Criminal Justice,Derived from LIS bill description,81,25,48,73,NO,34.24657534246575,65.75342465753424
2026,H0136,"Thomas C. Wright, Jr.",R,Criminal Justice,Derived from LIS bill description,81,25,48,73,NO,34.24657534246575,65.75342465753424
2026,H0342,Phillip A. Scott,R,Criminal Justice,Derived from LIS bill description,88,28,58,86,NO,32.55813953488372,67.44186046511628
2026,H0364,Timothy P. Griffin,R,Criminal Justice,Derived from LIS bill description,84,22,58,80,NO,27.500000000000004,72.5
2026,H0334,Elizabeth B. Bennett-Parker,D,Criminal Justice,Derived from LIS bill description,62,58,0,58,YES,100.0,0.0
2026,H0108,Vivian E. Watts,D,Criminal Justice,Derived from LIS bill description,145,137,4,141,YES,97.16312056737588,2.8368794326241136
2026,H0402,Charlie Schmidt,D,Criminal Justice,Derived from LIS bill description,143,138,5,143,YES,96.5034965034965,3.4965034965034967
2026,H0294,Karrie K. Delaney,D,Criminal Justice,Derived from LIS bill description,144,138,5,143,YES,96.5034965034965,3.4965034965034967
2026,H0366,Phil M. Hernandez,D,Criminal Justice,Derived from LIS bill description,143,137,5,142,YES,96.47887323943662,3.5211267605633805
2026,H0396,Leslie Chambers Mehta,D,Criminal Justice,Derived from LIS bill description,143,136,5,141,YES,96.45390070921985,3.546099290780142
2026,H0356,Rae Cousins,D,Criminal Justice,Derived from LIS bill description,181,173,7,180,YES,96.11111111111111,3.888888888888889
2026,H0386,Jessica L. Anderson,D,Criminal Justice,Derived from LIS bill description,117,110,5,115,YES,95.65217391304348,4.3478260869565215
2026,H0351,Holly M. Seibold,D,Criminal Justice,Derived from LIS bill description,117,108,5,113,YES,95.57522123893806,4.424778761061947
2026,H0285,"C.E. Cliff Hayes, Jr.",D,Criminal Justice,Derived from LIS bill description,111,105,5,110,YES,95.45454545454545,4.545454545454546
2026,H0317,Dan I. Helmer,D,Criminal Justice,Derived from LIS bill description,109,103,5,108,YES,95.37037037037037,4.62962962962963
2026,H0361,Debra D. Gardner,D,Criminal Justice,Derived from LIS bill description,108,103,5,108,YES,95.37037037037037,4.62962962962963
2026,H0387,"Karen R. ""Kacey"" Carnegie",D,Criminal Justice,Derived from LIS bill description,126,119,6,125,YES,95.19999999999999,4.8
2026,H0301,David A. Reid,D,Criminal Justice,Derived from LIS bill description,105,99,5,104,YES,95.1923076923077,4.807692307692308
2026,H0336,Nadarius E. Clark,D,Criminal Justice,Derived from LIS bill description,102,59,3,62,YES,95.16129032258065,4.838709677419355
2026,H0354,Katrina Callsen,D,Criminal Justice,Derived from LIS bill description,146,136,7,143,YES,95.1048951048951,4.895104895104895
2026,H0375,Adele Y. McClure,D,Criminal Justice,Derived from LIS bill description,102,97,5,102,YES,95.09803921568627,4.901960784313726
2026,H0239,Alfonso H. Lopez,D,Criminal Justice,Derived from LIS bill description,102,97,5,102,YES,95.09803921568627,4.901960784313726
2026,H0311,Alex Q. Askew,D,Criminal Justice,Derived from LIS bill description,101,96,5,101,YES,95.04950495049505,4.9504950495049505
2026,H0207,Delores L. McQuinn,D,Criminal Justice,Derived from LIS bill description,104,96,5,101,YES,95.04950495049505,4.9504950495049505
2026,H0360,Michael B. Feggans,D,Criminal Justice,Derived from LIS bill description,102,96,5,101,YES,95.04950495049505,4.9504950495049505
2026,H0281,Paul E. Krizek,D,Criminal Justice,Derived from LIS bill description,101,96,5,101,YES,95.04950495049505,4.9504950495049505
2026,H0208,Charniele L. Herring,D,Criminal Justice,Derived from LIS bill description,100,95,5,100,YES,95.0,5.0
2026,H0382,Joshua E. Thomas,D,Criminal Justice,Derived from LIS bill description,119,113,6,119,YES,94.9579831932773,5.042016806722689
2026,H0343,Briana D. Sewell,D,Criminal Justice,Derived from LIS bill description,97,92,5,97,YES,94.84536082474226,5.154639175257731
2026,H0399,Kimberly Pope Adams,D,Criminal Justice,Derived from LIS bill description,97,92,5,97,YES,94.84536082474226,5.154639175257731
2026,H0327,Rodney T. Willett,D,Criminal Justice,Derived from LIS bill description,100,92,5,97,YES,94.84536082474226,5.154639175257731
2026,H0323,Shelly A. Simonds,D,Criminal Justice,Derived from LIS bill description,94,89,5,94,YES,94.68085106382979,5.319148936170213
2026,H0371,Amy J. Laufer,D,Criminal Justice,Derived from LIS bill description,93,88,5,93,YES,94.6236559139785,5.376344086021505
2026,H0314,Joshua G. Cole,D,Criminal Justice,Derived from LIS bill description,91,86,5,91,YES,94.5054945054945,5.4945054945054945
2026,H0305,Kathy K.L. Tran,D,Criminal Justice,Derived from LIS bill description,109,103,6,109,YES,94.4954128440367,5.5045871559633035
2026,H0405,Garrett McGuire,D,Criminal Justice,Derived from LIS bill description,88,83,5,88,YES,94.31818181818183,5.681818181818182
2026,H0344,Irene Shin,D,Criminal Justice,Derived from LIS bill description,90,83,5,88,YES,94.31818181818183,5.681818181818182
2026,H0392,Mark C. Downey,D,Criminal Justice,Derived from LIS bill description,88,83,5,88,YES,94.31818181818183,5.681818181818182
2026,H0264,Marcus B. Simon,D,Criminal Justice,Derived from LIS bill description,143,131,8,139,YES,94.24460431654677,5.755395683453238
2026,H0340,Michelle Lopes Maldonado,D,Criminal Justice,Derived from LIS bill description,121,114,7,121,YES,94.21487603305785,5.785123966942149
2026,H0355,Laura Jane Cohen,D,Criminal Justice,Derived from LIS bill description,90,81,5,86,YES,94.18604651162791,5.813953488372093
2026,H0372,Destiny LeVere Bolling,D,Criminal Justice,Derived from LIS bill description,85,80,5,85,YES,94.11764705882352,5.88235294117647
2026,H0385,JJ Singh,D,Criminal Justice,Derived from LIS bill description,85,80,5,85,YES,94.11764705882352,5.88235294117647
2026,H0400,Virgil Thornton,D,Criminal Justice,Derived from LIS bill description,119,112,7,119,YES,94.11764705882352,5.88235294117647
2026,H0266,Sam Rasoul,D,Criminal Justice,Derived from LIS bill description,121,110,7,117,YES,94.01709401709401,5.982905982905983
2026,H0353,Bonita G. Anthony,D,Criminal Justice,Derived from LIS bill description,83,78,5,83,YES,93.97590361445783,6.024096385542169
2026,H0322,Don Scott,D,Criminal Justice,Derived from LIS bill description,83,78,5,83,YES,93.97590361445783,6.024096385542169
2026,H0403,Gretchen M. Bulova,D,Criminal Justice,Derived from LIS bill description,83,77,5,82,YES,93.90243902439023,6.097560975609756
2026,H0349,Jackie H. Glass,D,Criminal Justice,Derived from LIS bill description,82,77,5,82,YES,93.90243902439023,6.097560975609756
2026,H0173,Jeion A. Ward,D,Criminal Justice,Derived from LIS bill description,85,77,5,82,YES,93.90243902439023,6.097560975609756
2026,H0397,May Nivar,D,Criminal Justice,Derived from LIS bill description,82,77,5,82,YES,93.90243902439023,6.097560975609756
2026,H0393,Lily V. Franklin,D,Criminal Justice,Derived from LIS bill description,81,76,5,81,YES,93.82716049382715,6.172839506172839
2026,H0391,Lindsey Dougherty,D,Criminal Justice,Derived from LIS bill description,82,76,5,81,YES,93.82716049382715,6.172839506172839
2026,H0297,Elizabeth R. Guzman,D,Criminal Justice,Derived from LIS bill description,82,75,5,80,YES,93.75,6.25
2026,H0269,"Richard C. ""Rip"" Sullivan, Jr.",D,Criminal Justice,Derived from LIS bill description,128,119,8,127,YES,93.7007874015748,6.299212598425196
2026,H0219,Patrick A. Hope,D,Criminal Justice,Derived from LIS bill description,149,131,9,140,YES,93.57142857142857,6.428571428571428
2026,H0404,Margaret A. Franklin,D,Criminal Justice,Derived from LIS bill description,81,72,5,77,YES,93.5064935064935,6.493506493506493
2026,H0295,Kelly K. Convirs-Fowler,D,Criminal Justice,Derived from LIS bill description,83,71,5,76,YES,93.42105263157895,6.578947368421052
2026,H0227,Luke E. Torian,D,Criminal Justice,Derived from LIS bill description,106,85,6,91,YES,93.4065934065934,6.593406593406594
2026,H0389,Nicole Cole,D,Criminal Justice,Derived from LIS bill description,90,84,6,90,YES,93.33333333333333,6.666666666666667
2026,H0388,Stacey Annie Carroll,D,Criminal Justice,Derived from LIS bill description,83,70,5,75,YES,93.33333333333333,6.666666666666667
2026,H0380,Atoosa R. Reaser,D,Criminal Justice,Derived from LIS bill description,119,103,8,111,YES,92.7927927927928,7.207207207207207
2026,H0395,John Chilton McAuliff,D,Criminal Justice,Derived from LIS bill description,82,63,5,68,YES,92.64705882352942,7.352941176470589
2026,H0406,Kirk McPike,D,Criminal Justice,Derived from LIS bill description,53,49,4,53,YES,92.45283018867924,7.547169811320755
2026,H0374,Marty Martinez,D,Criminal Justice,Derived from LIS bill description,81,73,6,79,YES,92.40506329113924,7.59493670886076
2026,H0365,"Rozia A. Henson, Jr.",D,Criminal Justice,Derived from LIS bill description,90,79,7,86,YES,91.86046511627907,8.13953488372093
2026,H0370,Karen Keys-Gamarra,D,Criminal Justice,Derived from LIS bill description,119,100,9,109,YES,91.74311926605505,8.256880733944955
2026,H0284,"Marcia S. ""Cia"" Price",D,Criminal Justice,Derived from LIS bill description,105,96,9,105,YES,91.42857142857143,8.571428571428571
2026,H0212,Betsy B. Carr,D,Criminal Justice,Derived from LIS bill description,95,85,8,93,YES,91.39784946236558,8.60215053763441
2026,H0375,Adele Y. McClure,D,Criminal Procedure,Official LIS subject,4,4,0,4,INSUFFICIENT DATA,100.0,0.0
2026,H0311,Alex Q. Askew,D,Criminal Procedure,Official LIS subject,4,4,0,4,INSUFFICIENT DATA,100.0,0.0
2026,H0239,Alfonso H. Lopez,D,Criminal Procedure,Official LIS subject,4,4,0,4,INSUFFICIENT DATA,100.0,0.0
2026,H0371,Amy J. Laufer,D,Criminal Procedure,Official LIS subject,4,4,0,4,INSUFFICIENT DATA,100.0,0.0
2026,H0407,Andrew Rice,R,Criminal Procedure,Official LIS subject,1,1,0,1,INSUFFICIENT DATA,100.0,0.0
2026,H0380,Atoosa R. Reaser,D,Criminal Procedure,Official LIS subject,6,6,0,6,INSUFFICIENT DATA,100.0,0.0
2026,H0212,Betsy B. Carr,D,Criminal Procedure,Official LIS subject,4,4,0,4,INSUFFICIENT DATA,100.0,0.0
2026,H0353,Bonita G. Anthony,D,Criminal Procedure,Official LIS subject,4,4,0,4,INSUFFICIENT DATA,100.0,0.0
2026,H0343,Briana D. Sewell,D,Criminal Procedure,Official LIS subject,4,4,0,4,INSUFFICIENT DATA,100.0,0.0
2026,H0285,"C.E. Cliff Hayes, Jr.",D,Criminal Procedure,Official LIS subject,4,4,0,4,INSUFFICIENT DATA,100.0,0.0
2026,H0402,Charlie Schmidt,D,Criminal Procedure,Official LIS subject,7,7,0,7,INSUFFICIENT DATA,100.0,0.0
2026,H0208,Charniele L. Herring,D,Criminal Procedure,Official LIS subject,4,4,0,4,INSUFFICIENT DATA,100.0,0.0
2026,H0317,Dan I. Helmer,D,Criminal Procedure,Official LIS subject,4,4,0,4,INSUFFICIENT DATA,100.0,0.0
2026,H0301,David A. Reid,D,Criminal Procedure,Official LIS subject,4,4,0,4,INSUFFICIENT DATA,100.0,0.0
2026,H0361,Debra D. Gardner,D,Criminal Procedure,Official LIS subject,4,4,0,4,INSUFFICIENT DATA,100.0,0.0
2026,H0207,Delores L. McQuinn,D,Criminal Procedure,Official LIS subject,4,4,0,4,INSUFFICIENT DATA,100.0,0.0
2026,H0372,Destiny LeVere Bolling,D,Criminal Procedure,Official LIS subject,4,4,0,4,INSUFFICIENT DATA,100.0,0.0
2026,H0322,Don Scott,D,Criminal Procedure,Official LIS subject,4,4,0,4,INSUFFICIENT DATA,100.0,0.0
2026,H0297,Elizabeth R. Guzman,D,Criminal Procedure,Official LIS subject,4,4,0,4,INSUFFICIENT DATA,100.0,0.0
2026,H0405,Garrett McGuire,D,Criminal Procedure,Official LIS subject,4,4,0,4,INSUFFICIENT DATA,100.0,0.0
2026,H0403,Gretchen M. Bulova,D,Criminal Procedure,Official LIS subject,4,4,0,4,INSUFFICIENT DATA,100.0,0.0
2026,H0351,Holly M. Seibold,D,Criminal Procedure,Official LIS subject,4,4,0,4,INSUFFICIENT DATA,100.0,0.0
2026,H0344,Irene Shin,D,Criminal Procedure,Official LIS subject,4,4,0,4,INSUFFICIENT DATA,100.0,0.0
2026,H0385,JJ Singh,D,Criminal Procedure,Official LIS subject,4,4,0,4,INSUFFICIENT DATA,100.0,0.0
2026,H0349,Jackie H. Glass,D,Criminal Procedure,Official LIS subject,4,4,0,4,INSUFFICIENT DATA,100.0,0.0
2026,H0173,Jeion A. Ward,D,Criminal Procedure,Official LIS subject,4,3,0,3,INSUFFICIENT DATA,100.0,0.0
2026,H0386,Jessica L. Anderson,D,Criminal Procedure,Official LIS subject,4,4,0,4,INSUFFICIENT DATA,100.0,0.0
2026,H0395,John Chilton McAuliff,D,Criminal Procedure,Official LIS subject,4,4,0,4,INSUFFICIENT DATA,100.0,0.0
2026,H0382,Joshua E. Thomas,D,Criminal Procedure,Official LIS subject,4,4,0,4,INSUFFICIENT DATA,100.0,0.0
2026,H0314,Joshua G. Cole,D,Criminal Procedure,Official LIS subject,4,4,0,4,INSUFFICIENT DATA,100.0,0.0
2026,H0370,Karen Keys-Gamarra,D,Criminal Procedure,Official LIS subject,6,6,0,6,INSUFFICIENT DATA,100.0,0.0
2026,H0387,"Karen R. ""Kacey"" Carnegie",D,Criminal Procedure,Official LIS subject,6,6,0,6,INSUFFICIENT DATA,100.0,0.0
2026,H0294,Karrie K. Delaney,D,Criminal Procedure,Official LIS subject,7,7,0,7,INSUFFICIENT DATA,100.0,0.0
2026,H0305,Kathy K.L. Tran,D,Criminal Procedure,Official LIS subject,4,4,0,4,INSUFFICIENT DATA,100.0,0.0
2026,H0354,Katrina Callsen,D,Criminal Procedure,Official LIS subject,7,6,0,6,INSUFFICIENT DATA,100.0,0.0
2026,H0295,Kelly K. Convirs-Fowler,D,Criminal Procedure,Official LIS subject,4,4,0,4,INSUFFICIENT DATA,100.0,0.0
2026,H0399,Kimberly Pope Adams,D,Criminal Procedure,Official LIS subject,4,4,0,4,INSUFFICIENT DATA,100.0,0.0
2026,H0406,Kirk McPike,D,Criminal Procedure,Official LIS subject,4,4,0,4,INSUFFICIENT DATA,100.0,0.0
2026,H0355,Laura Jane Cohen,D,Criminal Procedure,Official LIS subject,4,4,0,4,INSUFFICIENT DATA,100.0,0.0
2026,H0396,Leslie Chambers Mehta,D,Criminal Procedure,Official LIS subject,7,7,0,7,INSUFFICIENT DATA,100.0,0.0
2026,H0393,Lily V. Franklin,D,Criminal Procedure,Official LIS subject,4,4,0,4,INSUFFICIENT DATA,100.0,0.0
2026,H0391,Lindsey Dougherty,D,Criminal Procedure,Official LIS subject,4,4,0,4,INSUFFICIENT DATA,100.0,0.0
2026,H0227,Luke E. Torian,D,Criminal Procedure,Official LIS subject,4,3,0,3,INSUFFICIENT DATA,100.0,0.0
2026,H0284,"Marcia S. ""Cia"" Price",D,Criminal Procedure,Official LIS subject,4,4,0,4,INSUFFICIENT DATA,100.0,0.0
2026,H0264,Marcus B. Simon,D,Criminal Procedure,Official LIS subject,6,6,0,6,INSUFFICIENT DATA,100.0,0.0
2026,H0404,Margaret A. Franklin,D,Criminal Procedure,Official LIS subject,4,4,0,4,INSUFFICIENT DATA,100.0,0.0
2026,H0392,Mark C. Downey,D,Criminal Procedure,Official LIS subject,4,4,0,4,INSUFFICIENT DATA,100.0,0.0
2026,H0374,Marty Martinez,D,Criminal Procedure,Official LIS subject,4,4,0,4,INSUFFICIENT DATA,100.0,0.0
2026,H0397,May Nivar,D,Criminal Procedure,Official LIS subject,4,4,0,4,INSUFFICIENT DATA,100.0,0.0
2026,H0360,Michael B. Feggans,D,Criminal Procedure,Official LIS subject,4,4,0,4,INSUFFICIENT DATA,100.0,0.0
2026,H0340,Michelle Lopes Maldonado,D,Criminal Procedure,Official LIS subject,6,6,0,6,INSUFFICIENT DATA,100.0,0.0
2026,H0336,Nadarius E. Clark,D,Criminal Procedure,Official LIS subject,4,4,0,4,INSUFFICIENT DATA,100.0,0.0
2026,H0389,Nicole Cole,D,Criminal Procedure,Official LIS subject,4,4,0,4,INSUFFICIENT DATA,100.0,0.0
2026,H0219,Patrick A. Hope,D,Criminal Procedure,Official LIS subject,7,7,0,7,INSUFFICIENT DATA,100.0,0.0
2026,H0281,Paul E. Krizek,D,Criminal Procedure,Official LIS subject,4,4,0,4,INSUFFICIENT DATA,100.0,0.0
2026,H0366,Phil M. Hernandez,D,Criminal Procedure,Official LIS subject,7,7,0,7,INSUFFICIENT DATA,100.0,0.0
2026,H0356,Rae Cousins,D,Criminal Procedure,Official LIS subject,7,7,0,7,INSUFFICIENT DATA,100.0,0.0
2026,H0269,"Richard C. ""Rip"" Sullivan, Jr.",D,Criminal Procedure,Official LIS subject,6,6,0,6,INSUFFICIENT DATA,100.0,0.0
2026,H0327,Rodney T. Willett,D,Criminal Procedure,Official LIS subject,4,4,0,4,INSUFFICIENT DATA,100.0,0.0
2026,H0365,"Rozia A. Henson, Jr.",D,Criminal Procedure,Official LIS subject,4,4,0,4,INSUFFICIENT DATA,100.0,0.0
2026,H0266,Sam Rasoul,D,Criminal Procedure,Official LIS subject,4,4,0,4,INSUFFICIENT DATA,100.0,0.0
2026,H0323,Shelly A. Simonds,D,Criminal Procedure,Official LIS subject,4,4,0,4,INSUFFICIENT DATA,100.0,0.0
2026,H0388,Stacey Annie Carroll,D,Criminal Procedure,Official LIS subject,4,4,0,4,INSUFFICIENT DATA,100.0,0.0
2026,H0400,Virgil Thornton,D,Criminal Procedure,Official LIS subject,6,6,0,6,INSUFFICIENT DATA,100.0,0.0
2026,H0108,Vivian E. Watts,D,Criminal Procedure,Official LIS subject,7,6,0,6,INSUFFICIENT DATA,100.0,0.0
2026,H0345,Anne Ferrell Tata,R,Criminal Procedure,Official LIS subject,4,3,1,4,INSUFFICIENT DATA,75.0,25.0
2026,H0329,Bill Wiley,R,Criminal Procedure,Official LIS subject,4,3,1,4,INSUFFICIENT DATA,75.0,25.0
2026,H0377,Delores Oates,R,Criminal Procedure,Official LIS subject,4,3,1,4,INSUFFICIENT DATA,75.0,25.0
2026,H0350,Ellen H. McLaughlin,R,Criminal Procedure,Official LIS subject,4,3,1,4,INSUFFICIENT DATA,75.0,25.0
2026,H0384,Eric Phillips,R,Criminal Procedure,Official LIS subject,4,3,1,4,INSUFFICIENT DATA,75.0,25.0
2026,H0347,"H. Otto Wachsmann, Jr.",R,Criminal Procedure,Official LIS subject,4,3,1,4,INSUFFICIENT DATA,75.0,25.0
2026,H0369,Hillary Pugh Kent,R,Criminal Procedure,Official LIS subject,4,3,1,4,INSUFFICIENT DATA,75.0,25.0
2026,H0224,James W. Morefield,R,Criminal Procedure,Official LIS subject,4,3,1,4,INSUFFICIENT DATA,75.0,25.0
2026,H0308,Joseph P. McNamara,R,Criminal Procedure,Official LIS subject,4,3,1,4,INSUFFICIENT DATA,75.0,25.0
2026,H0247,Michael J. Webert,R,Criminal Procedure,Official LIS subject,4,3,1,4,INSUFFICIENT DATA,75.0,25.0
2026,H0335,Mike A. Cherry,R,Criminal Procedure,Official LIS subject,4,3,1,4,INSUFFICIENT DATA,75.0,25.0
2026,H0390,Mitchell Cornett,R,Criminal Procedure,Official LIS subject,4,3,1,4,INSUFFICIENT DATA,75.0,25.0
2026,H0124,R. Lee Ware,R,Criminal Procedure,Official LIS subject,4,3,1,4,INSUFFICIENT DATA,75.0,25.0
2026,H0267,"Robert S. Bloxom, Jr.",R,Criminal Procedure,Official LIS subject,4,3,1,4,INSUFFICIENT DATA,75.0,25.0
2026,H0328,Scott A. Wyatt,R,Criminal Procedure,Official LIS subject,4,3,1,4,INSUFFICIENT DATA,75.0,25.0
2026,H0253,Terry L. Austin,R,Criminal Procedure,Official LIS subject,4,3,1,4,INSUFFICIENT DATA,75.0,25.0
2026,H0231,Tony O. Wilt,R,Criminal Procedure,Official LIS subject,4,3,1,4,INSUFFICIENT DATA,75.0,25.0
2026,H0259,"Hyland F. ""Buddy"" Fowler, Jr.",R,Criminal Procedure,Official LIS subject,4,2,1,3,INSUFFICIENT DATA,66.66666666666666,33.33333333333333
2026,H0262,"James A. ""Jay"" Leftwich",R,Criminal Procedure,Official LIS subject,6,4,2,6,INSUFFICIENT DATA,66.66666666666666,33.33333333333333
2026,H0333,Jason S. Ballard,R,Criminal Procedure,Official LIS subject,6,4,2,6,INSUFFICIENT DATA,66.66666666666666,33.33333333333333
2026,H0398,Justin Pence,R,Criminal Procedure,Official LIS subject,6,4,2,6,INSUFFICIENT DATA,66.66666666666666,33.33333333333333
2026,H0394,Karen Hamilton,R,Criminal Procedure,Official LIS subject,4,2,1,3,INSUFFICIENT DATA,66.66666666666666,33.33333333333333
2026,H0056,Terry G. Kilgore,R,Criminal Procedure,Official LIS subject,6,4,2,6,INSUFFICIENT DATA,66.66666666666666,33.33333333333333
2026,H0362,"Thomas A. Garrett, Jr.",R,Criminal Procedure,Official LIS subject,4,2,1,3,INSUFFICIENT DATA,66.66666666666666,33.33333333333333
2026,H0136,"Thomas C. Wright, Jr.",R,Criminal Procedure,Official LIS subject,4,2,1,3,INSUFFICIENT DATA,66.66666666666666,33.33333333333333
2026,H0325,Wendell S. Walker,R,Criminal Procedure,Official LIS subject,4,2,1,3,INSUFFICIENT DATA,66.66666666666666,33.33333333333333
2026,H0401,Madison Whittle,R,Criminal Procedure,Official LIS subject,7,4,3,7,INSUFFICIENT DATA,57.14285714285714,42.857142857142854
2026,H0357,Will Davis,R,Criminal Procedure,Official LIS subject,7,4,3,7,INSUFFICIENT DATA,57.14285714285714,42.857142857142854
2026,H0321,Chris S. Runion,R,Criminal Procedure,Official LIS subject,4,2,2,4,INSUFFICIENT DATA,50.0,50.0
2026,H0383,Eric R. Zehr,R,Criminal Procedure,Official LIS subject,4,2,2,4,INSUFFICIENT DATA,50.0,50.0
2026,H0242,Israel D. O'Quinn,R,Criminal Procedure,Official LIS subject,4,2,2,4,INSUFFICIENT DATA,50.0,50.0
2026,H0238,M. Keith Hodges,R,Criminal Procedure,Official LIS subject,4,2,2,4,INSUFFICIENT DATA,50.0,50.0
2026,H0342,Phillip A. Scott,R,Criminal Procedure,Official LIS subject,4,2,2,4,INSUFFICIENT DATA,50.0,50.0
2026,H0364,Timothy P. Griffin,R,Criminal Procedure,Official LIS subject,4,2,2,4,INSUFFICIENT DATA,50.0,50.0
2026,H0348,Wren M. Williams,R,Criminal Procedure,Official LIS subject,7,3,4,7,INSUFFICIENT DATA,42.857142857142854,57.14285714285714
2026,H0375,Adele Y. McClure,D,Education,Official LIS subject,1,1,0,1,INSUFFICIENT DATA,100.0,0.0
2026,H0311,Alex Q. Askew,D,Education,Official LIS subject,3,3,0,3,INSUFFICIENT DATA,100.0,0.0
2026,H0239,Alfonso H. Lopez,D,Education,Official LIS subject,1,1,0,1,INSUFFICIENT DATA,100.0,0.0
2026,H0371,Amy J. Laufer,D,Education,Official LIS subject,3,3,0,3,INSUFFICIENT DATA,100.0,0.0
2026,H0380,Atoosa R. Reaser,D,Education,Official LIS subject,3,3,0,3,INSUFFICIENT DATA,100.0,0.0
2026,H0212,Betsy B. Carr,D,Education,Official LIS subject,1,1,0,1,INSUFFICIENT DATA,100.0,0.0
2026,H0353,Bonita G. Anthony,D,Education,Official LIS subject,1,1,0,1,INSUFFICIENT DATA,100.0,0.0
2026,H0343,Briana D. Sewell,D,Education,Official LIS subject,3,3,0,3,INSUFFICIENT DATA,100.0,0.0
2026,H0285,"C.E. Cliff Hayes, Jr.",D,Education,Official LIS subject,1,1,0,1,INSUFFICIENT DATA,100.0,0.0
2026,H0402,Charlie Schmidt,D,Education,Official LIS subject,1,1,0,1,INSUFFICIENT DATA,100.0,0.0
2026,H0208,Charniele L. Herring,D,Education,Official LIS subject,1,1,0,1,INSUFFICIENT DATA,100.0,0.0
2026,H0317,Dan I. Helmer,D,Education,Official LIS subject,1,1,0,1,INSUFFICIENT DATA,100.0,0.0
2026,H0301,David A. Reid,D,Education,Official LIS subject,1,1,0,1,INSUFFICIENT DATA,100.0,0.0
2026,H0361,Debra D. Gardner,D,Education,Official LIS subject,1,1,0,1,INSUFFICIENT DATA,100.0,0.0
2026,H0207,Delores L. McQuinn,D,Education,Official LIS subject,3,3,0,3,INSUFFICIENT DATA,100.0,0.0
2026,H0372,Destiny LeVere Bolling,D,Education,Official LIS subject,3,3,0,3,INSUFFICIENT DATA,100.0,0.0
2026,H0322,Don Scott,D,Education,Official LIS subject,1,1,0,1,INSUFFICIENT DATA,100.0,0.0
2026,H0297,Elizabeth R. Guzman,D,Education,Official LIS subject,3,3,0,3,INSUFFICIENT DATA,100.0,0.0
2026,H0405,Garrett McGuire,D,Education,Official LIS subject,1,1,0,1,INSUFFICIENT DATA,100.0,0.0
2026,H0403,Gretchen M. Bulova,D,Education,Official LIS subject,3,3,0,3,INSUFFICIENT DATA,100.0,0.0
2026,H0351,Holly M. Seibold,D,Education,Official LIS subject,1,1,0,1,INSUFFICIENT DATA,100.0,0.0
2026,H0344,Irene Shin,D,Education,Official LIS subject,1,1,0,1,INSUFFICIENT DATA,100.0,0.0
2026,H0385,JJ Singh,D,Education,Official LIS subject,1,1,0,1,INSUFFICIENT DATA,100.0,0.0
2026,H0349,Jackie H. Glass,D,Education,Official LIS subject,1,1,0,1,INSUFFICIENT DATA,100.0,0.0
2026,H0173,Jeion A. Ward,D,Education,Official LIS subject,1,1,0,1,INSUFFICIENT DATA,100.0,0.0
2026,H0386,Jessica L. Anderson,D,Education,Official LIS subject,3,3,0,3,INSUFFICIENT DATA,100.0,0.0
2026,H0382,Joshua E. Thomas,D,Education,Official LIS subject,1,1,0,1,INSUFFICIENT DATA,100.0,0.0
2026,H0314,Joshua G. Cole,D,Education,Official LIS subject,1,1,0,1,INSUFFICIENT DATA,100.0,0.0
2026,H0370,Karen Keys-Gamarra,D,Education,Official LIS subject,1,1,0,1,INSUFFICIENT DATA,100.0,0.0
2026,H0387,"Karen R. ""Kacey"" Carnegie",D,Education,Official LIS subject,1,1,0,1,INSUFFICIENT DATA,100.0,0.0
2026,H0294,Karrie K. Delaney,D,Education,Official LIS subject,1,1,0,1,INSUFFICIENT DATA,100.0,0.0
2026,H0305,Kathy K.L. Tran,D,Education,Official LIS subject,1,1,0,1,INSUFFICIENT DATA,100.0,0.0
2026,H0354,Katrina Callsen,D,Education,Official LIS subject,1,1,0,1,INSUFFICIENT DATA,100.0,0.0
2026,H0295,Kelly K. Convirs-Fowler,D,Education,Official LIS subject,3,3,0,3,INSUFFICIENT DATA,100.0,0.0
2026,H0399,Kimberly Pope Adams,D,Education,Official LIS subject,1,1,0,1,INSUFFICIENT DATA,100.0,0.0
2026,H0406,Kirk McPike,D,Education,Official LIS subject,1,1,0,1,INSUFFICIENT DATA,100.0,0.0
2026,H0355,Laura Jane Cohen,D,Education,Official LIS subject,1,1,0,1,INSUFFICIENT DATA,100.0,0.0
2026,H0396,Leslie Chambers Mehta,D,Education,Official LIS subject,1,1,0,1,INSUFFICIENT DATA,100.0,0.0
2026,H0393,Lily V. Franklin,D,Education,Official LIS subject,1,1,0,1,INSUFFICIENT DATA,100.0,0.0
2026,H0391,Lindsey Dougherty,D,Education,Official LIS subject,3,3,0,3,INSUFFICIENT DATA,100.0,0.0
2026,H0227,Luke E. Torian,D,Education,Official LIS subject,1,1,0,1,INSUFFICIENT DATA,100.0,0.0
2026,H0284,"Marcia S. ""Cia"" Price",D,Education,Official LIS subject,1,1,0,1,INSUFFICIENT DATA,100.0,0.0
2026,H0264,Marcus B. Simon,D,Education,Official LIS subject,1,1,0,1,INSUFFICIENT DATA,100.0,0.0
2026,H0404,Margaret A. Franklin,D,Education,Official LIS subject,1,1,0,1,INSUFFICIENT DATA,100.0,0.0
2026,H0392,Mark C. Downey,D,Education,Official LIS subject,1,1,0,1,INSUFFICIENT DATA,100.0,0.0
2026,H0374,Marty Martinez,D,Education,Official LIS subject,1,1,0,1,INSUFFICIENT DATA,100.0,0.0
2026,H0397,May Nivar,D,Education,Official LIS subject,1,1,0,1,INSUFFICIENT DATA,100.0,0.0
2026,H0360,Michael B. Feggans,D,Education,Official LIS subject,1,1,0,1,INSUFFICIENT DATA,100.0,0.0
2026,H0340,Michelle Lopes Maldonado,D,Education,Official LIS subject,1,1,0,1,INSUFFICIENT DATA,100.0,0.0
2026,H0336,Nadarius E. Clark,D,Education,Official LIS subject,3,1,0,1,INSUFFICIENT DATA,100.0,0.0
2026,H0389,Nicole Cole,D,Education,Official LIS subject,1,1,0,1,INSUFFICIENT DATA,100.0,0.0
2026,H0219,Patrick A. Hope,D,Education,Official LIS subject,1,1,0,1,INSUFFICIENT DATA,100.0,0.0
2026,H0281,Paul E. Krizek,D,Education,Official LIS subject,1,1,0,1,INSUFFICIENT DATA,100.0,0.0
2026,H0366,Phil M. Hernandez,D,Education,Official LIS subject,1,1,0,1,INSUFFICIENT DATA,100.0,0.0
2026,H0356,Rae Cousins,D,Education,Official LIS subject,3,3,0,3,INSUFFICIENT DATA,100.0,0.0
2026,H0269,"Richard C. ""Rip"" Sullivan, Jr.",D,Education,Official LIS subject,1,1,0,1,INSUFFICIENT DATA,100.0,0.0
2026,H0327,Rodney T. Willett,D,Education,Official LIS subject,1,1,0,1,INSUFFICIENT DATA,100.0,0.0
2026,H0365,"Rozia A. Henson, Jr.",D,Education,Official LIS subject,1,1,0,1,INSUFFICIENT DATA,100.0,0.0
2026,H0266,Sam Rasoul,D,Education,Official LIS subject,3,3,0,3,INSUFFICIENT DATA,100.0,0.0
2026,H0323,Shelly A. Simonds,D,Education,Official LIS subject,3,2,0,2,INSUFFICIENT DATA,100.0,0.0
2026,H0388,Stacey Annie Carroll,D,Education,Official LIS subject,1,1,0,1,INSUFFICIENT DATA,100.0,0.0
2026,H0400,Virgil Thornton,D,Education,Official LIS subject,1,1,0,1,INSUFFICIENT DATA,100.0,0.0
2026,H0108,Vivian E. Watts,D,Education,Official LIS subject,1,1,0,1,INSUFFICIENT DATA,100.0,0.0
2026,H0345,Anne Ferrell Tata,R,Education,Official LIS subject,3,1,2,3,INSUFFICIENT DATA,33.33333333333333,66.66666666666666
2026,H0369,Hillary Pugh Kent,R,Education,Official LIS subject,3,1,2,3,INSUFFICIENT DATA,33.33333333333333,66.66666666666666
2026,H0401,Madison Whittle,R,Education,Official LIS subject,3,1,2,3,INSUFFICIENT DATA,33.33333333333333,66.66666666666666
2026,H0335,Mike A. Cherry,R,Education,Official LIS subject,3,1,2,3,INSUFFICIENT DATA,33.33333333333333,66.66666666666666
2026,H0407,Andrew Rice,R,Education,Derived from LIS bill description,2,0,1,1,INSUFFICIENT DATA,0.0,100.0
2026,H0206,Barry D. Knight,R,Education,Derived from LIS bill description,46,0,0,0,INSUFFICIENT DATA,0.0,0.0
2026,H0329,Bill Wiley,R,Education,Official LIS subject,1,0,1,1,INSUFFICIENT DATA,0.0,100.0
2026,H0321,Chris S. Runion,R,Education,Official LIS subject,1,0,1,1,INSUFFICIENT DATA,0.0,100.0
2026,H0377,Delores Oates,R,Education,Official LIS subject,1,0,1,1,INSUFFICIENT DATA,0.0,100.0
2026,H0350,Ellen H. McLaughlin,R,Education,Official LIS subject,1,0,0,0,INSUFFICIENT DATA,0.0,0.0
2026,H0384,Eric Phillips,R,Education,Official LIS subject,1,0,1,1,INSUFFICIENT DATA,0.0,100.0
2026,H0383,Eric R. Zehr,R,Education,Official LIS subject,3,0,3,3,INSUFFICIENT DATA,0.0,100.0
2026,H0347,"H. Otto Wachsmann, Jr.",R,Education,Official LIS subject,1,0,1,1,INSUFFICIENT DATA,0.0,100.0
2026,H0259,"Hyland F. ""Buddy"" Fowler, Jr.",R,Education,Official LIS subject,1,0,1,1,INSUFFICIENT DATA,0.0,100.0
2026,H0242,Israel D. O'Quinn,R,Education,Official LIS subject,1,0,1,1,INSUFFICIENT DATA,0.0,100.0
2026,H0262,"James A. ""Jay"" Leftwich",R,Education,Official LIS subject,1,0,1,1,INSUFFICIENT DATA,0.0,100.0
2026,H0224,James W. Morefield,R,Education,Official LIS subject,1,0,1,1,INSUFFICIENT DATA,0.0,100.0
2026,H0333,Jason S. Ballard,R,Education,Official LIS subject,1,0,1,1,INSUFFICIENT DATA,0.0,100.0
2026,H0395,John Chilton McAuliff,D,Education,Official LIS subject,1,0,0,0,INSUFFICIENT DATA,0.0,0.0
2026,H0308,Joseph P. McNamara,R,Education,Official LIS subject,1,0,1,1,INSUFFICIENT DATA,0.0,100.0
2026,H0398,Justin Pence,R,Education,Official LIS subject,1,0,1,1,INSUFFICIENT DATA,0.0,100.0
2026,H0394,Karen Hamilton,R,Education,Official LIS subject,1,0,1,1,INSUFFICIENT DATA,0.0,100.0
2026,H0238,M. Keith Hodges,R,Education,Official LIS subject,1,0,1,1,INSUFFICIENT DATA,0.0,100.0
2026,H0247,Michael J. Webert,R,Education,Official LIS subject,1,0,1,1,INSUFFICIENT DATA,0.0,100.0
2026,H0390,Mitchell Cornett,R,Education,Official LIS subject,1,0,1,1,INSUFFICIENT DATA,0.0,100.0
2026,H0342,Phillip A. Scott,R,Education,Official LIS subject,3,0,3,3,INSUFFICIENT DATA,0.0,100.0
2026,H0124,R. Lee Ware,R,Education,Official LIS subject,1,0,1,1,INSUFFICIENT DATA,0.0,100.0
2026,H0267,"Robert S. Bloxom, Jr.",R,Education,Official LIS subject,1,0,1,1,INSUFFICIENT DATA,0.0,100.0
2026,H0328,Scott A. Wyatt,R,Education,Official LIS subject,1,0,1,1,INSUFFICIENT DATA,0.0,100.0
2026,H0056,Terry G. Kilgore,R,Education,Official LIS subject,1,0,1,1,INSUFFICIENT DATA,0.0,100.0
2026,H0253,Terry L. Austin,R,Education,Official LIS subject,1,0,1,1,INSUFFICIENT DATA,0.0,100.0
2026,H0362,"Thomas A. Garrett, Jr.",R,Education,Official LIS subject,3,0,3,3,INSUFFICIENT DATA,0.0,100.0
2026,H0136,"Thomas C. Wright, Jr.",R,Education,Official LIS subject,1,0,1,1,INSUFFICIENT DATA,0.0,100.0
2026,H0364,Timothy P. Griffin,R,Education,Official LIS subject,1,0,1,1,INSUFFICIENT DATA,0.0,100.0
2026,H0231,Tony O. Wilt,R,Education,Official LIS subject,1,0,1,1,INSUFFICIENT DATA,0.0,100.0
2026,H0325,Wendell S. Walker,R,Education,Official LIS subject,1,0,1,1,INSUFFICIENT DATA,0.0,100.0
2026,H0357,Will Davis,R,Education,Official LIS subject,1,0,1,1,INSUFFICIENT DATA,0.0,100.0
2026,H0348,Wren M. Williams,R,Education,Official LIS subject,1,0,1,1,INSUFFICIENT DATA,0.0,100.0
2026,H0329,Bill Wiley,R,Education,Derived from LIS bill description,193,124,69,193,MIXED,64.24870466321244,35.751295336787564
2026,H0238,M. Keith Hodges,R,Education,Derived from LIS bill description,182,115,65,180,MIXED,63.888888888888886,36.11111111111111
2026,H0224,James W. Morefield,R,Education,Derived from LIS bill description,176,111,65,176,MIXED,63.06818181818182,36.93181818181818
2026,H0242,Israel D. O'Quinn,R,Education,Derived from LIS bill description,155,97,57,154,MIXED,62.98701298701299,37.01298701298701
2026,H0328,Scott A. Wyatt,R,Education,Derived from LIS bill description,175,108,67,175,MIXED,61.71428571428571,38.285714285714285
2026,H0369,Hillary Pugh Kent,R,Education,Derived from LIS bill description,314,192,120,312,MIXED,61.53846153846154,38.46153846153847
2026,H0253,Terry L. Austin,R,Education,Derived from LIS bill description,186,114,72,186,MIXED,61.29032258064516,38.70967741935484
2026,H0056,Terry G. Kilgore,R,Education,Derived from LIS bill description,161,98,63,161,MIXED,60.86956521739131,39.130434782608695
2026,H0335,Mike A. Cherry,R,Education,Derived from LIS bill description,320,192,126,318,MIXED,60.37735849056604,39.62264150943396
2026,H0259,"Hyland F. ""Buddy"" Fowler, Jr.",R,Education,Derived from LIS bill description,150,86,57,143,MIXED,60.13986013986013,39.86013986013986
2026,H0401,Madison Whittle,R,Education,Derived from LIS bill description,244,144,97,241,MIXED,59.75103734439834,40.24896265560166
2026,H0325,Wendell S. Walker,R,Education,Derived from LIS bill description,154,92,62,154,MIXED,59.74025974025974,40.25974025974026
2026,H0308,Joseph P. McNamara,R,Education,Derived from LIS bill description,149,86,59,145,MIXED,59.310344827586206,40.689655172413794
2026,H0347,"H. Otto Wachsmann, Jr.",R,Education,Derived from LIS bill description,155,91,64,155,MIXED,58.70967741935483,41.29032258064516
2026,H0321,Chris S. Runion,R,Education,Derived from LIS bill description,146,84,62,146,MIXED,57.534246575342465,42.465753424657535
2026,H0384,Eric Phillips,R,Education,Derived from LIS bill description,153,86,65,151,MIXED,56.95364238410596,43.04635761589404
2026,H0262,"James A. ""Jay"" Leftwich",R,Education,Derived from LIS bill description,147,83,63,146,MIXED,56.849315068493155,43.15068493150685
2026,H0231,Tony O. Wilt,R,Education,Derived from LIS bill description,151,85,66,151,MIXED,56.29139072847682,43.70860927152318
2026,H0333,Jason S. Ballard,R,Education,Derived from LIS bill description,149,81,66,147,MIXED,55.10204081632652,44.89795918367347
2026,H0357,Will Davis,R,Education,Derived from LIS bill description,149,82,67,149,MIXED,55.033557046979865,44.966442953020135
2026,H0247,Michael J. Webert,R,Education,Derived from LIS bill description,156,81,67,148,MIXED,54.729729729729726,45.27027027027027
2026,H0390,Mitchell Cornett,R,Education,Derived from LIS bill description,157,84,73,157,MIXED,53.503184713375795,46.496815286624205
2026,H0377,Delores Oates,R,Education,Derived from LIS bill description,152,81,71,152,MIXED,53.289473684210535,46.71052631578947
2026,H0124,R. Lee Ware,R,Education,Derived from LIS bill description,151,78,71,149,MIXED,52.348993288590606,47.651006711409394
2026,H0398,Justin Pence,R,Education,Derived from LIS bill description,148,76,72,148,MIXED,51.35135135135135,48.64864864864865
2026,H0362,"Thomas A. Garrett, Jr.",R,Education,Derived from LIS bill description,249,103,124,227,MIXED,45.37444933920705,54.62555066079295
2026,H0136,"Thomas C. Wright, Jr.",R,Education,Derived from LIS bill description,147,61,75,136,MIXED,44.85294117647059,55.14705882352941
2026,H0383,Eric R. Zehr,R,Education,Derived from LIS bill description,248,106,141,247,MIXED,42.91497975708502,57.08502024291497
2026,H0394,Karen Hamilton,R,Education,Derived from LIS bill description,153,64,88,152,MIXED,42.10526315789473,57.89473684210527
2026,H0342,Phillip A. Scott,R,Education,Derived from LIS bill description,256,99,152,251,MIXED,39.44223107569721,60.55776892430279
2026,H0364,Timothy P. Griffin,R,Education,Derived from LIS bill description,153,55,85,140,MIXED,39.285714285714285,60.71428571428571
2026,H0334,Elizabeth B. Bennett-Parker,D,Education,Derived from LIS bill description,76,67,0,67,YES,100.0,0.0
2026,H0323,Shelly A. Simonds,D,Education,Derived from LIS bill description,350,327,11,338,YES,96.7455621301775,3.2544378698224854
2026,H0356,Rae Cousins,D,Education,Derived from LIS bill description,322,310,11,321,YES,96.57320872274143,3.4267912772585665
2026,H0391,Lindsey Dougherty,D,Education,Derived from LIS bill description,321,297,11,308,YES,96.42857142857143,3.571428571428571
2026,H0386,Jessica L. Anderson,D,Education,Derived from LIS bill description,322,310,12,322,YES,96.27329192546584,3.7267080745341614
2026,H0207,Delores L. McQuinn,D,Education,Derived from LIS bill description,295,271,11,282,YES,96.09929078014184,3.900709219858156
2026,H0311,Alex Q. Askew,D,Education,Derived from LIS bill description,345,329,15,344,YES,95.63953488372093,4.3604651162790695
2026,H0266,Sam Rasoul,D,Education,Derived from LIS bill description,287,257,12,269,YES,95.53903345724906,4.4609665427509295
2026,H0403,Gretchen M. Bulova,D,Education,Derived from LIS bill description,322,307,15,322,YES,95.34161490683229,4.658385093167702
2026,H0371,Amy J. Laufer,D,Education,Derived from LIS bill description,277,262,13,275,YES,95.27272727272728,4.7272727272727275
2026,H0380,Atoosa R. Reaser,D,Education,Derived from LIS bill description,245,219,11,230,YES,95.21739130434783,4.782608695652174
2026,H0372,Destiny LeVere Bolling,D,Education,Derived from LIS bill description,320,303,17,320,YES,94.6875,5.3125
2026,H0208,Charniele L. Herring,D,Education,Derived from LIS bill description,199,185,11,196,YES,94.38775510204081,5.612244897959184
2026,H0285,"C.E. Cliff Hayes, Jr.",D,Education,Derived from LIS bill description,197,183,11,194,YES,94.3298969072165,5.670103092783505
2026,H0382,Joshua E. Thomas,D,Education,Derived from LIS bill description,183,172,11,183,YES,93.98907103825137,6.0109289617486334
2026,H0173,Jeion A. Ward,D,Education,Derived from LIS bill description,153,140,9,149,YES,93.95973154362416,6.0402684563758395
2026,H0295,Kelly K. Convirs-Fowler,D,Education,Derived from LIS bill description,243,171,11,182,YES,93.95604395604396,6.043956043956044
2026,H0297,Elizabeth R. Guzman,D,Education,Derived from LIS bill description,250,233,15,248,YES,93.95161290322581,6.048387096774194
2026,H0212,Betsy B. Carr,D,Education,Derived from LIS bill description,185,170,11,181,YES,93.92265193370166,6.077348066298343
2026,H0327,Rodney T. Willett,D,Education,Derived from LIS bill description,181,166,11,177,YES,93.78531073446328,6.214689265536723
2026,H0281,Paul E. Krizek,D,Education,Derived from LIS bill description,175,164,11,175,YES,93.71428571428572,6.2857142857142865
2026,H0317,Dan I. Helmer,D,Education,Derived from LIS bill description,167,156,11,167,YES,93.41317365269461,6.58682634730539
2026,H0305,Kathy K.L. Tran,D,Education,Derived from LIS bill description,197,183,13,196,YES,93.36734693877551,6.63265306122449
2026,H0354,Katrina Callsen,D,Education,Derived from LIS bill description,153,140,10,150,YES,93.33333333333333,6.666666666666667
2026,H0343,Briana D. Sewell,D,Education,Derived from LIS bill description,299,278,20,298,YES,93.28859060402685,6.7114093959731544
2026,H0269,"Richard C. ""Rip"" Sullivan, Jr.",D,Education,Derived from LIS bill description,162,150,11,161,YES,93.16770186335404,6.832298136645963
2026,H0375,Adele Y. McClure,D,Education,Derived from LIS bill description,159,148,11,159,YES,93.08176100628931,6.918238993710692
2026,H0264,Marcus B. Simon,D,Education,Derived from LIS bill description,159,146,11,157,YES,92.99363057324841,7.006369426751593
2026,H0392,Mark C. Downey,D,Education,Derived from LIS bill description,158,146,11,157,YES,92.99363057324841,7.006369426751593
2026,H0227,Luke E. Torian,D,Education,Derived from LIS bill description,203,155,12,167,YES,92.81437125748504,7.18562874251497
2026,H0239,Alfonso H. Lopez,D,Education,Derived from LIS bill description,153,142,11,153,YES,92.81045751633987,7.18954248366013
2026,H0353,Bonita G. Anthony,D,Education,Derived from LIS bill description,153,142,11,153,YES,92.81045751633987,7.18954248366013
2026,H0294,Karrie K. Delaney,D,Education,Derived from LIS bill description,153,141,11,152,YES,92.76315789473685,7.236842105263158
2026,H0366,Phil M. Hernandez,D,Education,Derived from LIS bill description,152,140,11,151,YES,92.71523178807946,7.28476821192053
2026,H0301,David A. Reid,D,Education,Derived from LIS bill description,179,165,13,178,YES,92.69662921348315,7.303370786516854
2026,H0340,Michelle Lopes Maldonado,D,Education,Derived from LIS bill description,150,139,11,150,YES,92.66666666666666,7.333333333333333
2026,H0322,Don Scott,D,Education,Derived from LIS bill description,149,138,11,149,YES,92.61744966442953,7.38255033557047
2026,H0396,Leslie Chambers Mehta,D,Education,Derived from LIS bill description,150,138,11,149,YES,92.61744966442953,7.38255033557047
2026,H0393,Lily V. Franklin,D,Education,Derived from LIS bill description,150,138,11,149,YES,92.61744966442953,7.38255033557047
2026,H0402,Charlie Schmidt,D,Education,Derived from LIS bill description,148,137,11,148,YES,92.56756756756756,7.4324324324324325
2026,H0361,Debra D. Gardner,D,Education,Derived from LIS bill description,161,149,12,161,YES,92.54658385093167,7.453416149068323
2026,H0400,Virgil Thornton,D,Education,Derived from LIS bill description,147,136,11,147,YES,92.51700680272108,7.482993197278912
2026,H0397,May Nivar,D,Education,Derived from LIS bill description,146,135,11,146,YES,92.46575342465754,7.534246575342466
2026,H0404,Margaret A. Franklin,D,Education,Derived from LIS bill description,147,134,11,145,YES,92.41379310344827,7.586206896551724
2026,H0284,"Marcia S. ""Cia"" Price",D,Education,Derived from LIS bill description,199,181,15,196,YES,92.3469387755102,7.653061224489796
2026,H0344,Irene Shin,D,Education,Derived from LIS bill description,157,144,12,156,YES,92.3076923076923,7.6923076923076925
2026,H0336,Nadarius E. Clark,D,Education,Derived from LIS bill description,255,167,14,181,YES,92.26519337016575,7.734806629834254
2026,H0360,Michael B. Feggans,D,Education,Derived from LIS bill description,156,143,12,155,YES,92.25806451612904,7.741935483870968
2026,H0219,Patrick A. Hope,D,Education,Derived from LIS bill description,162,143,12,155,YES,92.25806451612904,7.741935483870968
2026,H0399,Kimberly Pope Adams,D,Education,Derived from LIS bill description,155,142,12,154,YES,92.20779220779221,7.792207792207792
2026,H0389,Nicole Cole,D,Education,Derived from LIS bill description,158,142,12,154,YES,92.20779220779221,7.792207792207792
2026,H0108,Vivian E. Watts,D,Education,Derived from LIS bill description,156,141,12,153,YES,92.15686274509804,7.8431372549019605
2026,H0388,Stacey Annie Carroll,D,Education,Derived from LIS bill description,150,126,11,137,YES,91.97080291970804,8.02919708029197
2026,H0351,Holly M. Seibold,D,Education,Derived from LIS bill description,157,136,12,148,YES,91.8918918918919,8.108108108108109
2026,H0387,"Karen R. ""Kacey"" Carnegie",D,Education,Derived from LIS bill description,148,136,12,148,YES,91.8918918918919,8.108108108108109
2026,H0374,Marty Martinez,D,Education,Derived from LIS bill description,148,135,12,147,YES,91.83673469387756,8.16326530612245
2026,H0405,Garrett McGuire,D,Education,Derived from LIS bill description,159,146,13,159,YES,91.82389937106919,8.176100628930817
2026,H0314,Joshua G. Cole,D,Education,Derived from LIS bill description,160,145,13,158,YES,91.77215189873418,8.227848101265822
2026,H0385,JJ Singh,D,Education,Derived from LIS bill description,147,133,14,147,YES,90.47619047619048,9.523809523809524
2026,H0355,Laura Jane Cohen,D,Education,Derived from LIS bill description,154,133,14,147,YES,90.47619047619048,9.523809523809524
2026,H0395,John Chilton McAuliff,D,Education,Derived from LIS bill description,147,111,12,123,YES,90.2439024390244,9.75609756097561
2026,H0370,Karen Keys-Gamarra,D,Education,Derived from LIS bill description,150,128,14,142,YES,90.14084507042254,9.859154929577464
2026,H0365,"Rozia A. Henson, Jr.",D,Education,Derived from LIS bill description,155,133,15,148,YES,89.86486486486487,10.135135135135135
2026,H0349,Jackie H. Glass,D,Education,Derived from LIS bill description,152,135,16,151,YES,89.40397350993378,10.596026490066226
2026,H0406,Kirk McPike,D,Education,Derived from LIS bill description,79,68,11,79,YES,86.07594936708861,13.924050632911392
2026,H0267,"Robert S. Bloxom, Jr.",R,Education,Derived from LIS bill description,171,116,54,170,YES,68.23529411764706,31.76470588235294
2026,H0350,Ellen H. McLaughlin,R,Education,Derived from LIS bill description,196,127,65,192,YES,66.14583333333334,33.85416666666667
2026,H0345,Anne Ferrell Tata,R,Education,Derived from LIS bill description,320,209,110,319,YES,65.51724137931035,34.48275862068966
2026,H0348,Wren M. Williams,R,Education,Derived from LIS bill description,152,95,51,146,YES,65.06849315068493,34.93150684931507
2026,H0375,Adele Y. McClure,D,Elections,Official LIS subject,4,4,0,4,INSUFFICIENT DATA,100.0,0.0
2026,H0311,Alex Q. Askew,D,Elections,Official LIS subject,4,4,0,4,INSUFFICIENT DATA,100.0,0.0
2026,H0239,Alfonso H. Lopez,D,Elections,Official LIS subject,4,4,0,4,INSUFFICIENT DATA,100.0,0.0
2026,H0371,Amy J. Laufer,D,Elections,Official LIS subject,4,4,0,4,INSUFFICIENT DATA,100.0,0.0
2026,H0380,Atoosa R. Reaser,D,Elections,Official LIS subject,4,4,0,4,INSUFFICIENT DATA,100.0,0.0
2026,H0212,Betsy B. Carr,D,Elections,Official LIS subject,4,4,0,4,INSUFFICIENT DATA,100.0,0.0
2026,H0353,Bonita G. Anthony,D,Elections,Official LIS subject,7,7,0,7,INSUFFICIENT DATA,100.0,0.0
2026,H0343,Briana D. Sewell,D,Elections,Official LIS subject,4,4,0,4,INSUFFICIENT DATA,100.0,0.0
2026,H0285,"C.E. Cliff Hayes, Jr.",D,Elections,Official LIS subject,4,4,0,4,INSUFFICIENT DATA,100.0,0.0
2026,H0330,Candi Mundon King,D,Elections,Official LIS subject,1,1,0,1,INSUFFICIENT DATA,100.0,0.0
2026,H0402,Charlie Schmidt,D,Elections,Official LIS subject,3,3,0,3,INSUFFICIENT DATA,100.0,0.0
2026,H0208,Charniele L. Herring,D,Elections,Official LIS subject,4,3,0,3,INSUFFICIENT DATA,100.0,0.0
2026,H0317,Dan I. Helmer,D,Elections,Official LIS subject,4,4,0,4,INSUFFICIENT DATA,100.0,0.0
2026,H0301,David A. Reid,D,Elections,Official LIS subject,7,7,0,7,INSUFFICIENT DATA,100.0,0.0
2026,H0177,David L. Bulova,D,Elections,Official LIS subject,2,2,0,2,INSUFFICIENT DATA,100.0,0.0
2026,H0361,Debra D. Gardner,D,Elections,Official LIS subject,4,4,0,4,INSUFFICIENT DATA,100.0,0.0
2026,H0207,Delores L. McQuinn,D,Elections,Official LIS subject,4,4,0,4,INSUFFICIENT DATA,100.0,0.0
2026,H0372,Destiny LeVere Bolling,D,Elections,Official LIS subject,7,7,0,7,INSUFFICIENT DATA,100.0,0.0
2026,H0322,Don Scott,D,Elections,Official LIS subject,4,4,0,4,INSUFFICIENT DATA,100.0,0.0
2026,H0334,Elizabeth B. Bennett-Parker,D,Elections,Official LIS subject,4,4,0,4,INSUFFICIENT DATA,100.0,0.0
2026,H0297,Elizabeth R. Guzman,D,Elections,Official LIS subject,4,4,0,4,INSUFFICIENT DATA,100.0,0.0
2026,H0405,Garrett McGuire,D,Elections,Official LIS subject,3,3,0,3,INSUFFICIENT DATA,100.0,0.0
2026,H0403,Gretchen M. Bulova,D,Elections,Official LIS subject,5,5,0,5,INSUFFICIENT DATA,100.0,0.0
2026,H0351,Holly M. Seibold,D,Elections,Official LIS subject,4,4,0,4,INSUFFICIENT DATA,100.0,0.0
2026,H0344,Irene Shin,D,Elections,Official LIS subject,4,3,0,3,INSUFFICIENT DATA,100.0,0.0
2026,H0385,JJ Singh,D,Elections,Official LIS subject,7,7,0,7,INSUFFICIENT DATA,100.0,0.0
2026,H0349,Jackie H. Glass,D,Elections,Official LIS subject,7,7,0,7,INSUFFICIENT DATA,100.0,0.0
2026,H0173,Jeion A. Ward,D,Elections,Official LIS subject,4,4,0,4,INSUFFICIENT DATA,100.0,0.0
2026,H0386,Jessica L. Anderson,D,Elections,Official LIS subject,4,4,0,4,INSUFFICIENT DATA,100.0,0.0
2026,H0395,John Chilton McAuliff,D,Elections,Official LIS subject,7,7,0,7,INSUFFICIENT DATA,100.0,0.0
2026,H0382,Joshua E. Thomas,D,Elections,Official LIS subject,4,4,0,4,INSUFFICIENT DATA,100.0,0.0
2026,H0314,Joshua G. Cole,D,Elections,Official LIS subject,7,6,0,6,INSUFFICIENT DATA,100.0,0.0
2026,H0370,Karen Keys-Gamarra,D,Elections,Official LIS subject,4,4,0,4,INSUFFICIENT DATA,100.0,0.0
2026,H0387,"Karen R. ""Kacey"" Carnegie",D,Elections,Official LIS subject,7,7,0,7,INSUFFICIENT DATA,100.0,0.0
2026,H0294,Karrie K. Delaney,D,Elections,Official LIS subject,4,4,0,4,INSUFFICIENT DATA,100.0,0.0
2026,H0305,Kathy K.L. Tran,D,Elections,Official LIS subject,4,4,0,4,INSUFFICIENT DATA,100.0,0.0
2026,H0354,Katrina Callsen,D,Elections,Official LIS subject,6,6,0,6,INSUFFICIENT DATA,100.0,0.0
2026,H0295,Kelly K. Convirs-Fowler,D,Elections,Official LIS subject,7,7,0,7,INSUFFICIENT DATA,100.0,0.0
2026,H0399,Kimberly Pope Adams,D,Elections,Official LIS subject,4,4,0,4,INSUFFICIENT DATA,100.0,0.0
2026,H0355,Laura Jane Cohen,D,Elections,Official LIS subject,4,4,0,4,INSUFFICIENT DATA,100.0,0.0
2026,H0396,Leslie Chambers Mehta,D,Elections,Official LIS subject,4,4,0,4,INSUFFICIENT DATA,100.0,0.0
2026,H0393,Lily V. Franklin,D,Elections,Official LIS subject,4,4,0,4,INSUFFICIENT DATA,100.0,0.0
2026,H0391,Lindsey Dougherty,D,Elections,Official LIS subject,4,4,0,4,INSUFFICIENT DATA,100.0,0.0
2026,H0227,Luke E. Torian,D,Elections,Official LIS subject,4,4,0,4,INSUFFICIENT DATA,100.0,0.0
2026,H0284,"Marcia S. ""Cia"" Price",D,Elections,Official LIS subject,7,6,0,6,INSUFFICIENT DATA,100.0,0.0
2026,H0264,Marcus B. Simon,D,Elections,Official LIS subject,4,4,0,4,INSUFFICIENT DATA,100.0,0.0
2026,H0404,Margaret A. Franklin,D,Elections,Official LIS subject,3,3,0,3,INSUFFICIENT DATA,100.0,0.0
2026,H0392,Mark C. Downey,D,Elections,Official LIS subject,4,4,0,4,INSUFFICIENT DATA,100.0,0.0
2026,H0172,Mark D. Sickles,D,Elections,Official LIS subject,1,1,0,1,INSUFFICIENT DATA,100.0,0.0
2026,H0374,Marty Martinez,D,Elections,Official LIS subject,4,4,0,4,INSUFFICIENT DATA,100.0,0.0
2026,H0397,May Nivar,D,Elections,Official LIS subject,4,4,0,4,INSUFFICIENT DATA,100.0,0.0
2026,H0360,Michael B. Feggans,D,Elections,Official LIS subject,4,4,0,4,INSUFFICIENT DATA,100.0,0.0
2026,H0340,Michelle Lopes Maldonado,D,Elections,Official LIS subject,4,4,0,4,INSUFFICIENT DATA,100.0,0.0
2026,H0336,Nadarius E. Clark,D,Elections,Official LIS subject,4,4,0,4,INSUFFICIENT DATA,100.0,0.0
2026,H0389,Nicole Cole,D,Elections,Official LIS subject,5,5,0,5,INSUFFICIENT DATA,100.0,0.0
2026,H0219,Patrick A. Hope,D,Elections,Official LIS subject,4,3,0,3,INSUFFICIENT DATA,100.0,0.0
2026,H0281,Paul E. Krizek,D,Elections,Official LIS subject,7,7,0,7,INSUFFICIENT DATA,100.0,0.0
2026,H0366,Phil M. Hernandez,D,Elections,Official LIS subject,4,4,0,4,INSUFFICIENT DATA,100.0,0.0
2026,H0356,Rae Cousins,D,Elections,Official LIS subject,4,4,0,4,INSUFFICIENT DATA,100.0,0.0
2026,H0269,"Richard C. ""Rip"" Sullivan, Jr.",D,Elections,Official LIS subject,4,4,0,4,INSUFFICIENT DATA,100.0,0.0
2026,H0327,Rodney T. Willett,D,Elections,Official LIS subject,4,4,0,4,INSUFFICIENT DATA,100.0,0.0
2026,H0365,"Rozia A. Henson, Jr.",D,Elections,Official LIS subject,7,7,0,7,INSUFFICIENT DATA,100.0,0.0
2026,H0266,Sam Rasoul,D,Elections,Official LIS subject,4,3,0,3,INSUFFICIENT DATA,100.0,0.0
2026,H0323,Shelly A. Simonds,D,Elections,Official LIS subject,4,4,0,4,INSUFFICIENT DATA,100.0,0.0
2026,H0388,Stacey Annie Carroll,D,Elections,Official LIS subject,7,7,0,7,INSUFFICIENT DATA,100.0,0.0
2026,H0400,Virgil Thornton,D,Elections,Official LIS subject,4,4,0,4,INSUFFICIENT DATA,100.0,0.0
2026,H0108,Vivian E. Watts,D,Elections,Official LIS subject,4,4,0,4,INSUFFICIENT DATA,100.0,0.0
2026,H0335,Mike A. Cherry,R,Elections,Official LIS subject,7,4,2,6,INSUFFICIENT DATA,66.66666666666666,33.33333333333333
2026,H0345,Anne Ferrell Tata,R,Elections,Official LIS subject,4,0,4,4,INSUFFICIENT DATA,0.0,100.0
2026,H0206,Barry D. Knight,R,Elections,Official LIS subject,4,0,0,0,INSUFFICIENT DATA,0.0,0.0
2026,H0329,Bill Wiley,R,Elections,Official LIS subject,4,0,4,4,INSUFFICIENT DATA,0.0,100.0
2026,H0321,Chris S. Runion,R,Elections,Official LIS subject,4,0,4,4,INSUFFICIENT DATA,0.0,100.0
2026,H0377,Delores Oates,R,Elections,Official LIS subject,4,0,4,4,INSUFFICIENT DATA,0.0,100.0
2026,H0350,Ellen H. McLaughlin,R,Elections,Official LIS subject,4,0,4,4,INSUFFICIENT DATA,0.0,100.0
2026,H0384,Eric Phillips,R,Elections,Official LIS subject,7,0,7,7,INSUFFICIENT DATA,0.0,100.0
2026,H0383,Eric R. Zehr,R,Elections,Official LIS subject,4,0,4,4,INSUFFICIENT DATA,0.0,100.0
2026,H0347,"H. Otto Wachsmann, Jr.",R,Elections,Official LIS subject,7,0,7,7,INSUFFICIENT DATA,0.0,100.0
2026,H0369,Hillary Pugh Kent,R,Elections,Official LIS subject,4,0,4,4,INSUFFICIENT DATA,0.0,100.0
2026,H0259,"Hyland F. ""Buddy"" Fowler, Jr.",R,Elections,Official LIS subject,4,0,4,4,INSUFFICIENT DATA,0.0,100.0
2026,H0242,Israel D. O'Quinn,R,Elections,Official LIS subject,7,0,7,7,INSUFFICIENT DATA,0.0,100.0
2026,H0262,"James A. ""Jay"" Leftwich",R,Elections,Official LIS subject,7,0,7,7,INSUFFICIENT DATA,0.0,100.0
2026,H0224,James W. Morefield,R,Elections,Official LIS subject,4,0,4,4,INSUFFICIENT DATA,0.0,100.0
2026,H0333,Jason S. Ballard,R,Elections,Official LIS subject,4,0,4,4,INSUFFICIENT DATA,0.0,100.0
2026,H0308,Joseph P. McNamara,R,Elections,Official LIS subject,4,0,4,4,INSUFFICIENT DATA,0.0,100.0
2026,H0398,Justin Pence,R,Elections,Official LIS subject,4,0,4,4,INSUFFICIENT DATA,0.0,100.0
2026,H0394,Karen Hamilton,R,Elections,Official LIS subject,4,0,4,4,INSUFFICIENT DATA,0.0,100.0
2026,H0238,M. Keith Hodges,R,Elections,Official LIS subject,4,0,4,4,INSUFFICIENT DATA,0.0,100.0
2026,H0401,Madison Whittle,R,Elections,Official LIS subject,4,0,4,4,INSUFFICIENT DATA,0.0,100.0
2026,H0247,Michael J. Webert,R,Elections,Official LIS subject,4,0,4,4,INSUFFICIENT DATA,0.0,100.0
2026,H0390,Mitchell Cornett,R,Elections,Official LIS subject,4,0,4,4,INSUFFICIENT DATA,0.0,100.0
2026,H0342,Phillip A. Scott,R,Elections,Official LIS subject,7,0,7,7,INSUFFICIENT DATA,0.0,100.0
2026,H0124,R. Lee Ware,R,Elections,Official LIS subject,4,0,4,4,INSUFFICIENT DATA,0.0,100.0
2026,H0267,"Robert S. Bloxom, Jr.",R,Elections,Official LIS subject,7,0,7,7,INSUFFICIENT DATA,0.0,100.0
2026,H0328,Scott A. Wyatt,R,Elections,Official LIS subject,4,0,4,4,INSUFFICIENT DATA,0.0,100.0
2026,H0056,Terry G. Kilgore,R,Elections,Official LIS subject,4,0,4,4,INSUFFICIENT DATA,0.0,100.0
2026,H0253,Terry L. Austin,R,Elections,Official LIS subject,4,0,3,3,INSUFFICIENT DATA,0.0,100.0
2026,H0362,"Thomas A. Garrett, Jr.",R,Elections,Official LIS subject,4,0,4,4,INSUFFICIENT DATA,0.0,100.0
2026,H0136,"Thomas C. Wright, Jr.",R,Elections,Official LIS subject,4,0,4,4,INSUFFICIENT DATA,0.0,100.0
2026,H0364,Timothy P. Griffin,R,Elections,Official LIS subject,4,0,4,4,INSUFFICIENT DATA,0.0,100.0
2026,H0231,Tony O. Wilt,R,Elections,Official LIS subject,4,0,4,4,INSUFFICIENT DATA,0.0,100.0
2026,H0325,Wendell S. Walker,R,Elections,Official LIS subject,4,0,4,4,INSUFFICIENT DATA,0.0,100.0
2026,H0357,Will Davis,R,Elections,Official LIS subject,4,0,4,4,INSUFFICIENT DATA,0.0,100.0
2026,H0348,Wren M. Williams,R,Elections,Official LIS subject,4,0,4,4,INSUFFICIENT DATA,0.0,100.0
2026,H0206,Barry D. Knight,R,Elections and Voting,Derived from LIS bill description,39,0,0,0,INSUFFICIENT DATA,0.0,0.0
2026,H0224,James W. Morefield,R,Elections and Voting,Derived from LIS bill description,96,37,59,96,MIXED,38.54166666666667,61.458333333333336
2026,H0267,"Robert S. Bloxom, Jr.",R,Elections and Voting,Derived from LIS bill description,153,55,98,153,MIXED,35.947712418300654,64.05228758169935
2026,H0335,Mike A. Cherry,R,Elections and Voting,Derived from LIS bill description,148,49,99,148,NO,33.108108108108105,66.8918918918919
2026,H0259,"Hyland F. ""Buddy"" Fowler, Jr.",R,Elections and Voting,Derived from LIS bill description,83,25,56,81,NO,30.864197530864196,69.1358024691358
2026,H0384,Eric Phillips,R,Elections and Voting,Derived from LIS bill description,127,37,89,126,NO,29.365079365079367,70.63492063492063
2026,H0308,Joseph P. McNamara,R,Elections and Voting,Derived from LIS bill description,92,26,66,92,NO,28.26086956521739,71.73913043478261
2026,H0347,"H. Otto Wachsmann, Jr.",R,Elections and Voting,Derived from LIS bill description,138,38,100,138,NO,27.536231884057973,72.46376811594203
2026,H0350,Ellen H. McLaughlin,R,Elections and Voting,Derived from LIS bill description,98,26,71,97,NO,26.804123711340207,73.19587628865979
2026,H0253,Terry L. Austin,R,Elections and Voting,Derived from LIS bill description,87,22,65,87,NO,25.287356321839084,74.71264367816092
2026,H0242,Israel D. O'Quinn,R,Elections and Voting,Derived from LIS bill description,136,34,102,136,NO,25.0,75.0
2026,H0262,"James A. ""Jay"" Leftwich",R,Elections and Voting,Derived from LIS bill description,135,30,104,134,NO,22.388059701492537,77.61194029850746
2026,H0056,Terry G. Kilgore,R,Elections and Voting,Derived from LIS bill description,86,19,67,86,NO,22.093023255813954,77.90697674418605
2026,H0328,Scott A. Wyatt,R,Elections and Voting,Derived from LIS bill description,97,21,75,96,NO,21.875,78.125
2026,H0238,M. Keith Hodges,R,Elections and Voting,Derived from LIS bill description,94,20,72,92,NO,21.73913043478261,78.26086956521739
2026,H0357,Will Davis,R,Elections and Voting,Derived from LIS bill description,83,17,66,83,NO,20.481927710843372,79.51807228915662
2026,H0390,Mitchell Cornett,R,Elections and Voting,Derived from LIS bill description,83,16,67,83,NO,19.27710843373494,80.72289156626506
2026,H0348,Wren M. Williams,R,Elections and Voting,Derived from LIS bill description,83,16,67,83,NO,19.27710843373494,80.72289156626506
2026,H0398,Justin Pence,R,Elections and Voting,Derived from LIS bill description,84,16,68,84,NO,19.047619047619047,80.95238095238095
2026,H0124,R. Lee Ware,R,Elections and Voting,Derived from LIS bill description,84,16,68,84,NO,19.047619047619047,80.95238095238095
2026,H0345,Anne Ferrell Tata,R,Elections and Voting,Derived from LIS bill description,92,17,74,91,NO,18.681318681318682,81.31868131868131
2026,H0369,Hillary Pugh Kent,R,Elections and Voting,Derived from LIS bill description,83,15,68,83,NO,18.072289156626507,81.92771084337349
2026,H0401,Madison Whittle,R,Elections and Voting,Derived from LIS bill description,83,14,64,78,NO,17.94871794871795,82.05128205128204
2026,H0377,Delores Oates,R,Elections and Voting,Derived from LIS bill description,84,15,69,84,NO,17.857142857142858,82.14285714285714
2026,H0325,Wendell S. Walker,R,Elections and Voting,Derived from LIS bill description,83,14,65,79,NO,17.72151898734177,82.27848101265823
2026,H0231,Tony O. Wilt,R,Elections and Voting,Derived from LIS bill description,83,13,70,83,NO,15.66265060240964,84.33734939759037
2026,H0329,Bill Wiley,R,Elections and Voting,Derived from LIS bill description,86,13,72,85,NO,15.294117647058824,84.70588235294117
2026,H0247,Michael J. Webert,R,Elections and Voting,Derived from LIS bill description,84,12,69,81,NO,14.814814814814813,85.18518518518519
2026,H0333,Jason S. Ballard,R,Elections and Voting,Derived from LIS bill description,83,12,71,83,NO,14.457831325301203,85.54216867469879
2026,H0342,Phillip A. Scott,R,Elections and Voting,Derived from LIS bill description,137,18,118,136,NO,13.23529411764706,86.76470588235294
2026,H0383,Eric R. Zehr,R,Elections and Voting,Derived from LIS bill description,83,10,72,82,NO,12.195121951219512,87.8048780487805
2026,H0321,Chris S. Runion,R,Elections and Voting,Derived from LIS bill description,83,10,73,83,NO,12.048192771084338,87.95180722891565
2026,H0136,"Thomas C. Wright, Jr.",R,Elections and Voting,Derived from LIS bill description,84,7,62,69,NO,10.144927536231885,89.85507246376811
2026,H0364,Timothy P. Griffin,R,Elections and Voting,Derived from LIS bill description,83,7,71,78,NO,8.974358974358974,91.02564102564102
2026,H0394,Karen Hamilton,R,Elections and Voting,Derived from LIS bill description,84,6,77,83,NO,7.228915662650602,92.7710843373494
2026,H0362,"Thomas A. Garrett, Jr.",R,Elections and Voting,Derived from LIS bill description,84,5,69,74,NO,6.756756756756757,93.24324324324324
2026,H0407,Andrew Rice,R,Elections and Voting,Derived from LIS bill description,13,0,13,13,NO,0.0,100.0
2026,H0334,Elizabeth B. Bennett-Parker,D,Elections and Voting,Derived from LIS bill description,38,38,0,38,YES,100.0,0.0
2026,H0387,"Karen R. ""Kacey"" Carnegie",D,Elections and Voting,Derived from LIS bill description,158,157,1,158,YES,99.36708860759494,0.6329113924050633
2026,H0365,"Rozia A. Henson, Jr.",D,Elections and Voting,Derived from LIS bill description,159,154,1,155,YES,99.35483870967742,0.6451612903225806
2026,H0349,Jackie H. Glass,D,Elections and Voting,Derived from LIS bill description,149,148,1,149,YES,99.32885906040269,0.6711409395973155
2026,H0403,Gretchen M. Bulova,D,Elections and Voting,Derived from LIS bill description,148,147,1,148,YES,99.32432432432432,0.6756756756756757
2026,H0385,JJ Singh,D,Elections and Voting,Derived from LIS bill description,146,145,1,146,YES,99.31506849315068,0.684931506849315
2026,H0314,Joshua G. Cole,D,Elections and Voting,Derived from LIS bill description,145,144,1,145,YES,99.3103448275862,0.6896551724137931
2026,H0281,Paul E. Krizek,D,Elections and Voting,Derived from LIS bill description,138,137,1,138,YES,99.27536231884058,0.7246376811594203
2026,H0354,Katrina Callsen,D,Elections and Voting,Derived from LIS bill description,137,136,1,137,YES,99.27007299270073,0.7299270072992701
2026,H0301,David A. Reid,D,Elections and Voting,Derived from LIS bill description,132,131,1,132,YES,99.24242424242425,0.7575757575757576
2026,H0295,Kelly K. Convirs-Fowler,D,Elections and Voting,Derived from LIS bill description,148,127,1,128,YES,99.21875,0.78125
2026,H0388,Stacey Annie Carroll,D,Elections and Voting,Derived from LIS bill description,135,126,1,127,YES,99.21259842519686,0.7874015748031495
2026,H0344,Irene Shin,D,Elections and Voting,Derived from LIS bill description,96,95,1,96,YES,98.95833333333334,1.0416666666666665
2026,H0311,Alex Q. Askew,D,Elections and Voting,Derived from LIS bill description,95,94,1,95,YES,98.94736842105263,1.0526315789473684
2026,H0323,Shelly A. Simonds,D,Elections and Voting,Derived from LIS bill description,95,94,1,95,YES,98.94736842105263,1.0526315789473684
2026,H0386,Jessica L. Anderson,D,Elections and Voting,Derived from LIS bill description,94,93,1,94,YES,98.93617021276596,1.0638297872340425
2026,H0405,Garrett McGuire,D,Elections and Voting,Derived from LIS bill description,92,91,1,92,YES,98.91304347826086,1.0869565217391304
2026,H0397,May Nivar,D,Elections and Voting,Derived from LIS bill description,92,91,1,92,YES,98.91304347826086,1.0869565217391304
2026,H0389,Nicole Cole,D,Elections and Voting,Derived from LIS bill description,91,90,1,91,YES,98.9010989010989,1.098901098901099
2026,H0285,"C.E. Cliff Hayes, Jr.",D,Elections and Voting,Derived from LIS bill description,92,89,1,90,YES,98.88888888888889,1.1111111111111112
2026,H0404,Margaret A. Franklin,D,Elections and Voting,Derived from LIS bill description,91,89,1,90,YES,98.88888888888889,1.1111111111111112
2026,H0400,Virgil Thornton,D,Elections and Voting,Derived from LIS bill description,91,89,1,90,YES,98.88888888888889,1.1111111111111112
2026,H0374,Marty Martinez,D,Elections and Voting,Derived from LIS bill description,95,88,1,89,YES,98.87640449438202,1.1235955056179776
2026,H0371,Amy J. Laufer,D,Elections and Voting,Derived from LIS bill description,86,85,1,86,YES,98.83720930232558,1.1627906976744187
2026,H0382,Joshua E. Thomas,D,Elections and Voting,Derived from LIS bill description,86,85,1,86,YES,98.83720930232558,1.1627906976744187
2026,H0269,"Richard C. ""Rip"" Sullivan, Jr.",D,Elections and Voting,Derived from LIS bill description,86,84,1,85,YES,98.82352941176471,1.1764705882352942
2026,H0327,Rodney T. Willett,D,Elections and Voting,Derived from LIS bill description,86,84,1,85,YES,98.82352941176471,1.1764705882352942
2026,H0239,Alfonso H. Lopez,D,Elections and Voting,Derived from LIS bill description,84,83,1,84,YES,98.80952380952381,1.1904761904761905
2026,H0212,Betsy B. Carr,D,Elections and Voting,Derived from LIS bill description,87,83,1,84,YES,98.80952380952381,1.1904761904761905
2026,H0402,Charlie Schmidt,D,Elections and Voting,Derived from LIS bill description,84,83,1,84,YES,98.80952380952381,1.1904761904761905
2026,H0322,Don Scott,D,Elections and Voting,Derived from LIS bill description,84,83,1,84,YES,98.80952380952381,1.1904761904761905
2026,H0340,Michelle Lopes Maldonado,D,Elections and Voting,Derived from LIS bill description,84,83,1,84,YES,98.80952380952381,1.1904761904761905
2026,H0375,Adele Y. McClure,D,Elections and Voting,Derived from LIS bill description,83,82,1,83,YES,98.79518072289156,1.2048192771084338
2026,H0361,Debra D. Gardner,D,Elections and Voting,Derived from LIS bill description,83,82,1,83,YES,98.79518072289156,1.2048192771084338
2026,H0173,Jeion A. Ward,D,Elections and Voting,Derived from LIS bill description,85,82,1,83,YES,98.79518072289156,1.2048192771084338
2026,H0294,Karrie K. Delaney,D,Elections and Voting,Derived from LIS bill description,83,82,1,83,YES,98.79518072289156,1.2048192771084338
2026,H0399,Kimberly Pope Adams,D,Elections and Voting,Derived from LIS bill description,83,82,1,83,YES,98.79518072289156,1.2048192771084338
2026,H0396,Leslie Chambers Mehta,D,Elections and Voting,Derived from LIS bill description,83,82,1,83,YES,98.79518072289156,1.2048192771084338
2026,H0360,Michael B. Feggans,D,Elections and Voting,Derived from LIS bill description,83,82,1,83,YES,98.79518072289156,1.2048192771084338
2026,H0356,Rae Cousins,D,Elections and Voting,Derived from LIS bill description,83,82,1,83,YES,98.79518072289156,1.2048192771084338
2026,H0266,Sam Rasoul,D,Elections and Voting,Derived from LIS bill description,83,82,1,83,YES,98.79518072289156,1.2048192771084338
2026,H0108,Vivian E. Watts,D,Elections and Voting,Derived from LIS bill description,84,82,1,83,YES,98.79518072289156,1.2048192771084338
2026,H0380,Atoosa R. Reaser,D,Elections and Voting,Derived from LIS bill description,83,81,1,82,YES,98.78048780487805,1.2195121951219512
2026,H0208,Charniele L. Herring,D,Elections and Voting,Derived from LIS bill description,87,81,1,82,YES,98.78048780487805,1.2195121951219512
2026,H0297,Elizabeth R. Guzman,D,Elections and Voting,Derived from LIS bill description,83,81,1,82,YES,98.78048780487805,1.2195121951219512
2026,H0351,Holly M. Seibold,D,Elections and Voting,Derived from LIS bill description,84,81,1,82,YES,98.78048780487805,1.2195121951219512
2026,H0355,Laura Jane Cohen,D,Elections and Voting,Derived from LIS bill description,92,81,1,82,YES,98.78048780487805,1.2195121951219512
2026,H0219,Patrick A. Hope,D,Elections and Voting,Derived from LIS bill description,84,81,1,82,YES,98.78048780487805,1.2195121951219512
2026,H0366,Phil M. Hernandez,D,Elections and Voting,Derived from LIS bill description,83,81,1,82,YES,98.78048780487805,1.2195121951219512
2026,H0207,Delores L. McQuinn,D,Elections and Voting,Derived from LIS bill description,88,80,1,81,YES,98.76543209876543,1.2345679012345678
2026,H0336,Nadarius E. Clark,D,Elections and Voting,Derived from LIS bill description,83,57,1,58,YES,98.27586206896551,1.7241379310344827
2026,H0353,Bonita G. Anthony,D,Elections and Voting,Derived from LIS bill description,156,153,3,156,YES,98.07692307692307,1.9230769230769231
2026,H0317,Dan I. Helmer,D,Elections and Voting,Derived from LIS bill description,96,92,2,94,YES,97.87234042553192,2.127659574468085
2026,H0392,Mark C. Downey,D,Elections and Voting,Derived from LIS bill description,94,92,2,94,YES,97.87234042553192,2.127659574468085
2026,H0372,Destiny LeVere Bolling,D,Elections and Voting,Derived from LIS bill description,137,134,3,137,YES,97.8102189781022,2.18978102189781
2026,H0406,Kirk McPike,D,Elections and Voting,Derived from LIS bill description,45,44,1,45,YES,97.77777777777777,2.2222222222222223
2026,H0305,Kathy K.L. Tran,D,Elections and Voting,Derived from LIS bill description,89,86,2,88,YES,97.72727272727273,2.272727272727273
2026,H0284,"Marcia S. ""Cia"" Price",D,Elections and Voting,Derived from LIS bill description,134,129,3,132,YES,97.72727272727273,2.272727272727273
2026,H0227,Luke E. Torian,D,Elections and Voting,Derived from LIS bill description,89,84,2,86,YES,97.67441860465115,2.3255813953488373
2026,H0395,John Chilton McAuliff,D,Elections and Voting,Derived from LIS bill description,135,123,3,126,YES,97.61904761904762,2.380952380952381
2026,H0370,Karen Keys-Gamarra,D,Elections and Voting,Derived from LIS bill description,93,82,2,84,YES,97.61904761904762,2.380952380952381
2026,H0393,Lily V. Franklin,D,Elections and Voting,Derived from LIS bill description,84,82,2,84,YES,97.61904761904762,2.380952380952381
2026,H0264,Marcus B. Simon,D,Elections and Voting,Derived from LIS bill description,84,82,2,84,YES,97.61904761904762,2.380952380952381
2026,H0391,Lindsey Dougherty,D,Elections and Voting,Derived from LIS bill description,84,79,2,81,YES,97.53086419753086,2.4691358024691357
2026,H0343,Briana D. Sewell,D,Elections and Voting,Derived from LIS bill description,96,93,3,96,YES,96.875,3.125
2026,H0375,Adele Y. McClure,D,Electronic Processes,Official LIS subject,3,3,0,3,INSUFFICIENT DATA,100.0,0.0
2026,H0311,Alex Q. Askew,D,Electronic Processes,Official LIS subject,3,3,0,3,INSUFFICIENT DATA,100.0,0.0
2026,H0239,Alfonso H. Lopez,D,Electronic Processes,Official LIS subject,3,3,0,3,INSUFFICIENT DATA,100.0,0.0
2026,H0371,Amy J. Laufer,D,Electronic Processes,Official LIS subject,3,3,0,3,INSUFFICIENT DATA,100.0,0.0
2026,H0407,Andrew Rice,R,Electronic Processes,Official LIS subject,1,1,0,1,INSUFFICIENT DATA,100.0,0.0
2026,H0345,Anne Ferrell Tata,R,Electronic Processes,Official LIS subject,3,3,0,3,INSUFFICIENT DATA,100.0,0.0
2026,H0380,Atoosa R. Reaser,D,Electronic Processes,Official LIS subject,4,4,0,4,INSUFFICIENT DATA,100.0,0.0
2026,H0212,Betsy B. Carr,D,Electronic Processes,Official LIS subject,3,3,0,3,INSUFFICIENT DATA,100.0,0.0
2026,H0329,Bill Wiley,R,Electronic Processes,Official LIS subject,3,3,0,3,INSUFFICIENT DATA,100.0,0.0
2026,H0353,Bonita G. Anthony,D,Electronic Processes,Official LIS subject,3,3,0,3,INSUFFICIENT DATA,100.0,0.0
2026,H0343,Briana D. Sewell,D,Electronic Processes,Official LIS subject,3,3,0,3,INSUFFICIENT DATA,100.0,0.0
2026,H0285,"C.E. Cliff Hayes, Jr.",D,Electronic Processes,Official LIS subject,3,3,0,3,INSUFFICIENT DATA,100.0,0.0
2026,H0402,Charlie Schmidt,D,Electronic Processes,Official LIS subject,4,4,0,4,INSUFFICIENT DATA,100.0,0.0
2026,H0208,Charniele L. Herring,D,Electronic Processes,Official LIS subject,3,3,0,3,INSUFFICIENT DATA,100.0,0.0
2026,H0317,Dan I. Helmer,D,Electronic Processes,Official LIS subject,3,3,0,3,INSUFFICIENT DATA,100.0,0.0
2026,H0301,David A. Reid,D,Electronic Processes,Official LIS subject,3,3,0,3,INSUFFICIENT DATA,100.0,0.0
2026,H0361,Debra D. Gardner,D,Electronic Processes,Official LIS subject,3,3,0,3,INSUFFICIENT DATA,100.0,0.0
2026,H0207,Delores L. McQuinn,D,Electronic Processes,Official LIS subject,3,3,0,3,INSUFFICIENT DATA,100.0,0.0
2026,H0377,Delores Oates,R,Electronic Processes,Official LIS subject,3,3,0,3,INSUFFICIENT DATA,100.0,0.0
2026,H0372,Destiny LeVere Bolling,D,Electronic Processes,Official LIS subject,3,3,0,3,INSUFFICIENT DATA,100.0,0.0
2026,H0322,Don Scott,D,Electronic Processes,Official LIS subject,3,3,0,3,INSUFFICIENT DATA,100.0,0.0
2026,H0297,Elizabeth R. Guzman,D,Electronic Processes,Official LIS subject,3,3,0,3,INSUFFICIENT DATA,100.0,0.0
2026,H0350,Ellen H. McLaughlin,R,Electronic Processes,Official LIS subject,3,3,0,3,INSUFFICIENT DATA,100.0,0.0
2026,H0384,Eric Phillips,R,Electronic Processes,Official LIS subject,3,3,0,3,INSUFFICIENT DATA,100.0,0.0
2026,H0405,Garrett McGuire,D,Electronic Processes,Official LIS subject,3,3,0,3,INSUFFICIENT DATA,100.0,0.0
2026,H0403,Gretchen M. Bulova,D,Electronic Processes,Official LIS subject,3,3,0,3,INSUFFICIENT DATA,100.0,0.0
2026,H0347,"H. Otto Wachsmann, Jr.",R,Electronic Processes,Official LIS subject,3,3,0,3,INSUFFICIENT DATA,100.0,0.0
2026,H0369,Hillary Pugh Kent,R,Electronic Processes,Official LIS subject,3,3,0,3,INSUFFICIENT DATA,100.0,0.0
2026,H0351,Holly M. Seibold,D,Electronic Processes,Official LIS subject,3,3,0,3,INSUFFICIENT DATA,100.0,0.0
2026,H0259,"Hyland F. ""Buddy"" Fowler, Jr.",R,Electronic Processes,Official LIS subject,3,2,0,2,INSUFFICIENT DATA,100.0,0.0
2026,H0344,Irene Shin,D,Electronic Processes,Official LIS subject,3,3,0,3,INSUFFICIENT DATA,100.0,0.0
2026,H0385,JJ Singh,D,Electronic Processes,Official LIS subject,3,3,0,3,INSUFFICIENT DATA,100.0,0.0
2026,H0349,Jackie H. Glass,D,Electronic Processes,Official LIS subject,3,3,0,3,INSUFFICIENT DATA,100.0,0.0
2026,H0262,"James A. ""Jay"" Leftwich",R,Electronic Processes,Official LIS subject,4,4,0,4,INSUFFICIENT DATA,100.0,0.0
2026,H0224,James W. Morefield,R,Electronic Processes,Official LIS subject,3,3,0,3,INSUFFICIENT DATA,100.0,0.0
2026,H0333,Jason S. Ballard,R,Electronic Processes,Official LIS subject,4,4,0,4,INSUFFICIENT DATA,100.0,0.0
2026,H0173,Jeion A. Ward,D,Electronic Processes,Official LIS subject,3,2,0,2,INSUFFICIENT DATA,100.0,0.0
2026,H0386,Jessica L. Anderson,D,Electronic Processes,Official LIS subject,3,3,0,3,INSUFFICIENT DATA,100.0,0.0
2026,H0395,John Chilton McAuliff,D,Electronic Processes,Official LIS subject,3,3,0,3,INSUFFICIENT DATA,100.0,0.0
2026,H0308,Joseph P. McNamara,R,Electronic Processes,Official LIS subject,3,3,0,3,INSUFFICIENT DATA,100.0,0.0
2026,H0382,Joshua E. Thomas,D,Electronic Processes,Official LIS subject,3,3,0,3,INSUFFICIENT DATA,100.0,0.0
2026,H0314,Joshua G. Cole,D,Electronic Processes,Official LIS subject,3,3,0,3,INSUFFICIENT DATA,100.0,0.0
2026,H0398,Justin Pence,R,Electronic Processes,Official LIS subject,4,4,0,4,INSUFFICIENT DATA,100.0,0.0
2026,H0394,Karen Hamilton,R,Electronic Processes,Official LIS subject,3,2,0,2,INSUFFICIENT DATA,100.0,0.0
2026,H0370,Karen Keys-Gamarra,D,Electronic Processes,Official LIS subject,4,4,0,4,INSUFFICIENT DATA,100.0,0.0
2026,H0387,"Karen R. ""Kacey"" Carnegie",D,Electronic Processes,Official LIS subject,4,4,0,4,INSUFFICIENT DATA,100.0,0.0
2026,H0294,Karrie K. Delaney,D,Electronic Processes,Official LIS subject,4,4,0,4,INSUFFICIENT DATA,100.0,0.0
2026,H0305,Kathy K.L. Tran,D,Electronic Processes,Official LIS subject,3,3,0,3,INSUFFICIENT DATA,100.0,0.0
2026,H0354,Katrina Callsen,D,Electronic Processes,Official LIS subject,4,4,0,4,INSUFFICIENT DATA,100.0,0.0
2026,H0295,Kelly K. Convirs-Fowler,D,Electronic Processes,Official LIS subject,3,3,0,3,INSUFFICIENT DATA,100.0,0.0
2026,H0399,Kimberly Pope Adams,D,Electronic Processes,Official LIS subject,3,3,0,3,INSUFFICIENT DATA,100.0,0.0
2026,H0406,Kirk McPike,D,Electronic Processes,Official LIS subject,3,3,0,3,INSUFFICIENT DATA,100.0,0.0
2026,H0355,Laura Jane Cohen,D,Electronic Processes,Official LIS subject,3,3,0,3,INSUFFICIENT DATA,100.0,0.0
2026,H0396,Leslie Chambers Mehta,D,Electronic Processes,Official LIS subject,4,4,0,4,INSUFFICIENT DATA,100.0,0.0
2026,H0393,Lily V. Franklin,D,Electronic Processes,Official LIS subject,3,3,0,3,INSUFFICIENT DATA,100.0,0.0
2026,H0391,Lindsey Dougherty,D,Electronic Processes,Official LIS subject,3,3,0,3,INSUFFICIENT DATA,100.0,0.0
2026,H0227,Luke E. Torian,D,Electronic Processes,Official LIS subject,3,2,0,2,INSUFFICIENT DATA,100.0,0.0
2026,H0401,Madison Whittle,R,Electronic Processes,Official LIS subject,4,4,0,4,INSUFFICIENT DATA,100.0,0.0
2026,H0284,"Marcia S. ""Cia"" Price",D,Electronic Processes,Official LIS subject,3,3,0,3,INSUFFICIENT DATA,100.0,0.0
2026,H0264,Marcus B. Simon,D,Electronic Processes,Official LIS subject,4,4,0,4,INSUFFICIENT DATA,100.0,0.0
2026,H0404,Margaret A. Franklin,D,Electronic Processes,Official LIS subject,3,3,0,3,INSUFFICIENT DATA,100.0,0.0
2026,H0392,Mark C. Downey,D,Electronic Processes,Official LIS subject,3,3,0,3,INSUFFICIENT DATA,100.0,0.0
2026,H0374,Marty Martinez,D,Electronic Processes,Official LIS subject,3,3,0,3,INSUFFICIENT DATA,100.0,0.0
2026,H0397,May Nivar,D,Electronic Processes,Official LIS subject,3,3,0,3,INSUFFICIENT DATA,100.0,0.0
2026,H0360,Michael B. Feggans,D,Electronic Processes,Official LIS subject,3,3,0,3,INSUFFICIENT DATA,100.0,0.0
2026,H0247,Michael J. Webert,R,Electronic Processes,Official LIS subject,3,3,0,3,INSUFFICIENT DATA,100.0,0.0
2026,H0340,Michelle Lopes Maldonado,D,Electronic Processes,Official LIS subject,4,4,0,4,INSUFFICIENT DATA,100.0,0.0
2026,H0335,Mike A. Cherry,R,Electronic Processes,Official LIS subject,3,3,0,3,INSUFFICIENT DATA,100.0,0.0
2026,H0390,Mitchell Cornett,R,Electronic Processes,Official LIS subject,3,3,0,3,INSUFFICIENT DATA,100.0,0.0
2026,H0336,Nadarius E. Clark,D,Electronic Processes,Official LIS subject,3,3,0,3,INSUFFICIENT DATA,100.0,0.0
2026,H0389,Nicole Cole,D,Electronic Processes,Official LIS subject,3,3,0,3,INSUFFICIENT DATA,100.0,0.0
2026,H0219,Patrick A. Hope,D,Electronic Processes,Official LIS subject,4,4,0,4,INSUFFICIENT DATA,100.0,0.0
2026,H0281,Paul E. Krizek,D,Electronic Processes,Official LIS subject,3,3,0,3,INSUFFICIENT DATA,100.0,0.0
2026,H0366,Phil M. Hernandez,D,Electronic Processes,Official LIS subject,4,4,0,4,INSUFFICIENT DATA,100.0,0.0
2026,H0124,R. Lee Ware,R,Electronic Processes,Official LIS subject,3,3,0,3,INSUFFICIENT DATA,100.0,0.0
2026,H0356,Rae Cousins,D,Electronic Processes,Official LIS subject,4,4,0,4,INSUFFICIENT DATA,100.0,0.0
2026,H0269,"Richard C. ""Rip"" Sullivan, Jr.",D,Electronic Processes,Official LIS subject,4,4,0,4,INSUFFICIENT DATA,100.0,0.0
2026,H0267,"Robert S. Bloxom, Jr.",R,Electronic Processes,Official LIS subject,3,3,0,3,INSUFFICIENT DATA,100.0,0.0
2026,H0327,Rodney T. Willett,D,Electronic Processes,Official LIS subject,3,3,0,3,INSUFFICIENT DATA,100.0,0.0
2026,H0365,"Rozia A. Henson, Jr.",D,Electronic Processes,Official LIS subject,3,3,0,3,INSUFFICIENT DATA,100.0,0.0
2026,H0266,Sam Rasoul,D,Electronic Processes,Official LIS subject,3,3,0,3,INSUFFICIENT DATA,100.0,0.0
2026,H0328,Scott A. Wyatt,R,Electronic Processes,Official LIS subject,3,3,0,3,INSUFFICIENT DATA,100.0,0.0
2026,H0323,Shelly A. Simonds,D,Electronic Processes,Official LIS subject,3,3,0,3,INSUFFICIENT DATA,100.0,0.0
2026,H0388,Stacey Annie Carroll,D,Electronic Processes,Official LIS subject,3,3,0,3,INSUFFICIENT DATA,100.0,0.0
2026,H0056,Terry G. Kilgore,R,Electronic Processes,Official LIS subject,4,4,0,4,INSUFFICIENT DATA,100.0,0.0
2026,H0253,Terry L. Austin,R,Electronic Processes,Official LIS subject,3,3,0,3,INSUFFICIENT DATA,100.0,0.0
2026,H0136,"Thomas C. Wright, Jr.",R,Electronic Processes,Official LIS subject,3,2,0,2,INSUFFICIENT DATA,100.0,0.0
2026,H0231,Tony O. Wilt,R,Electronic Processes,Official LIS subject,3,3,0,3,INSUFFICIENT DATA,100.0,0.0
2026,H0400,Virgil Thornton,D,Electronic Processes,Official LIS subject,4,4,0,4,INSUFFICIENT DATA,100.0,0.0
2026,H0108,Vivian E. Watts,D,Electronic Processes,Official LIS subject,4,3,0,3,INSUFFICIENT DATA,100.0,0.0
2026,H0325,Wendell S. Walker,R,Electronic Processes,Official LIS subject,3,2,0,2,INSUFFICIENT DATA,100.0,0.0
2026,H0357,Will Davis,R,Electronic Processes,Official LIS subject,4,4,0,4,INSUFFICIENT DATA,100.0,0.0
2026,H0348,Wren M. Williams,R,Electronic Processes,Official LIS subject,4,3,1,4,INSUFFICIENT DATA,75.0,25.0
2026,H0321,Chris S. Runion,R,Electronic Processes,Official LIS subject,3,2,1,3,INSUFFICIENT DATA,66.66666666666666,33.33333333333333
2026,H0383,Eric R. Zehr,R,Electronic Processes,Official LIS subject,3,2,1,3,INSUFFICIENT DATA,66.66666666666666,33.33333333333333
2026,H0242,Israel D. O'Quinn,R,Electronic Processes,Official LIS subject,3,2,1,3,INSUFFICIENT DATA,66.66666666666666,33.33333333333333
2026,H0238,M. Keith Hodges,R,Electronic Processes,Official LIS subject,3,2,1,3,INSUFFICIENT DATA,66.66666666666666,33.33333333333333
2026,H0342,Phillip A. Scott,R,Electronic Processes,Official LIS subject,3,2,1,3,INSUFFICIENT DATA,66.66666666666666,33.33333333333333
2026,H0362,"Thomas A. Garrett, Jr.",R,Electronic Processes,Official LIS subject,3,2,1,3,INSUFFICIENT DATA,66.66666666666666,33.33333333333333
2026,H0364,Timothy P. Griffin,R,Electronic Processes,Official LIS subject,3,2,1,3,INSUFFICIENT DATA,66.66666666666666,33.33333333333333
2026,H0206,Barry D. Knight,R,Energy and Utilities,Derived from LIS bill description,42,0,0,0,INSUFFICIENT DATA,0.0,0.0
2026,H0056,Terry G. Kilgore,R,Energy and Utilities,Derived from LIS bill description,279,171,95,266,MIXED,64.28571428571429,35.714285714285715
2026,H0308,Joseph P. McNamara,R,Energy and Utilities,Derived from LIS bill description,152,86,57,143,MIXED,60.13986013986013,39.86013986013986
2026,H0253,Terry L. Austin,R,Energy and Utilities,Derived from LIS bill description,165,98,66,164,MIXED,59.756097560975604,40.243902439024396
2026,H0348,Wren M. Williams,R,Energy and Utilities,Derived from LIS bill description,264,141,101,242,MIXED,58.26446280991735,41.735537190082646
2026,H0267,"Robert S. Bloxom, Jr.",R,Energy and Utilities,Derived from LIS bill description,174,98,73,171,MIXED,57.30994152046783,42.69005847953216
2026,H0224,James W. Morefield,R,Energy and Utilities,Derived from LIS bill description,170,94,75,169,MIXED,55.62130177514793,44.37869822485207
2026,H0350,Ellen H. McLaughlin,R,Energy and Utilities,Derived from LIS bill description,176,92,81,173,MIXED,53.179190751445084,46.82080924855491
2026,H0231,Tony O. Wilt,R,Energy and Utilities,Derived from LIS bill description,269,143,126,269,MIXED,53.159851301115246,46.84014869888476
2026,H0335,Mike A. Cherry,R,Energy and Utilities,Derived from LIS bill description,140,68,72,140,MIXED,48.57142857142857,51.42857142857142
2026,H0333,Jason S. Ballard,R,Energy and Utilities,Derived from LIS bill description,212,100,110,210,MIXED,47.61904761904761,52.38095238095239
2026,H0247,Michael J. Webert,R,Energy and Utilities,Derived from LIS bill description,220,100,111,211,MIXED,47.39336492890995,52.60663507109005
2026,H0242,Israel D. O'Quinn,R,Energy and Utilities,Derived from LIS bill description,215,101,113,214,MIXED,47.19626168224299,52.80373831775701
2026,H0347,"H. Otto Wachsmann, Jr.",R,Energy and Utilities,Derived from LIS bill description,140,65,75,140,MIXED,46.42857142857143,53.57142857142857
2026,H0325,Wendell S. Walker,R,Energy and Utilities,Derived from LIS bill description,141,61,71,132,MIXED,46.21212121212121,53.78787878787878
2026,H0124,R. Lee Ware,R,Energy and Utilities,Derived from LIS bill description,154,69,83,152,MIXED,45.39473684210527,54.60526315789473
2026,H0259,"Hyland F. ""Buddy"" Fowler, Jr.",R,Energy and Utilities,Derived from LIS bill description,151,66,81,147,MIXED,44.89795918367347,55.10204081632652
2026,H0238,M. Keith Hodges,R,Energy and Utilities,Derived from LIS bill description,168,75,93,168,MIXED,44.642857142857146,55.35714285714286
2026,H0329,Bill Wiley,R,Energy and Utilities,Derived from LIS bill description,169,75,94,169,MIXED,44.37869822485207,55.62130177514793
2026,H0321,Chris S. Runion,R,Energy and Utilities,Derived from LIS bill description,213,93,120,213,MIXED,43.66197183098591,56.33802816901409
2026,H0262,"James A. ""Jay"" Leftwich",R,Energy and Utilities,Derived from LIS bill description,140,61,79,140,MIXED,43.57142857142857,56.42857142857143
2026,H0345,Anne Ferrell Tata,R,Energy and Utilities,Derived from LIS bill description,150,64,85,149,MIXED,42.95302013422819,57.04697986577181
2026,H0384,Eric Phillips,R,Energy and Utilities,Derived from LIS bill description,140,60,80,140,MIXED,42.857142857142854,57.14285714285714
2026,H0390,Mitchell Cornett,R,Energy and Utilities,Derived from LIS bill description,140,59,81,140,MIXED,42.142857142857146,57.85714285714286
2026,H0357,Will Davis,R,Energy and Utilities,Derived from LIS bill description,143,60,83,143,MIXED,41.95804195804196,58.04195804195804
2026,H0398,Justin Pence,R,Energy and Utilities,Derived from LIS bill description,140,58,82,140,MIXED,41.42857142857143,58.57142857142858
2026,H0328,Scott A. Wyatt,R,Energy and Utilities,Derived from LIS bill description,167,67,100,167,MIXED,40.119760479041915,59.88023952095808
2026,H0377,Delores Oates,R,Energy and Utilities,Derived from LIS bill description,140,53,87,140,MIXED,37.857142857142854,62.142857142857146
2026,H0401,Madison Whittle,R,Energy and Utilities,Derived from LIS bill description,140,52,87,139,MIXED,37.410071942446045,62.589928057553955
2026,H0369,Hillary Pugh Kent,R,Energy and Utilities,Derived from LIS bill description,147,51,96,147,NO,34.69387755102041,65.3061224489796
2026,H0362,"Thomas A. Garrett, Jr.",R,Energy and Utilities,Derived from LIS bill description,141,38,93,131,NO,29.00763358778626,70.99236641221374
2026,H0383,Eric R. Zehr,R,Energy and Utilities,Derived from LIS bill description,140,40,98,138,NO,28.985507246376812,71.01449275362319
2026,H0394,Karen Hamilton,R,Energy and Utilities,Derived from LIS bill description,140,38,99,137,NO,27.73722627737226,72.26277372262774
2026,H0136,"Thomas C. Wright, Jr.",R,Energy and Utilities,Derived from LIS bill description,147,37,97,134,NO,27.611940298507463,72.38805970149254
2026,H0407,Andrew Rice,R,Energy and Utilities,Derived from LIS bill description,17,4,12,16,NO,25.0,75.0
2026,H0364,Timothy P. Griffin,R,Energy and Utilities,Derived from LIS bill description,140,33,100,133,NO,24.81203007518797,75.18796992481202
2026,H0342,Phillip A. Scott,R,Energy and Utilities,Derived from LIS bill description,140,31,103,134,NO,23.134328358208954,76.86567164179104
2026,H0269,"Richard C. ""Rip"" Sullivan, Jr.",D,Energy and Utilities,Derived from LIS bill description,280,271,9,280,YES,96.78571428571429,3.214285714285714
2026,H0397,May Nivar,D,Energy and Utilities,Derived from LIS bill description,274,263,10,273,YES,96.33699633699634,3.6630036630036633
2026,H0344,Irene Shin,D,Energy and Utilities,Derived from LIS bill description,276,262,10,272,YES,96.32352941176471,3.6764705882352944
2026,H0360,Michael B. Feggans,D,Energy and Utilities,Derived from LIS bill description,267,254,10,264,YES,96.21212121212122,3.787878787878788
2026,H0353,Bonita G. Anthony,D,Energy and Utilities,Derived from LIS bill description,267,248,11,259,YES,95.75289575289575,4.247104247104247
2026,H0317,Dan I. Helmer,D,Energy and Utilities,Derived from LIS bill description,236,224,10,234,YES,95.72649572649573,4.273504273504273
2026,H0173,Jeion A. Ward,D,Energy and Utilities,Derived from LIS bill description,230,213,10,223,YES,95.51569506726457,4.484304932735426
2026,H0239,Alfonso H. Lopez,D,Energy and Utilities,Derived from LIS bill description,217,205,10,215,YES,95.34883720930233,4.651162790697675
2026,H0385,JJ Singh,D,Energy and Utilities,Derived from LIS bill description,209,199,10,209,YES,95.21531100478468,4.784688995215311
2026,H0356,Rae Cousins,D,Energy and Utilities,Derived from LIS bill description,209,199,10,209,YES,95.21531100478468,4.784688995215311
2026,H0336,Nadarius E. Clark,D,Energy and Utilities,Derived from LIS bill description,271,217,11,228,YES,95.17543859649122,4.824561403508771
2026,H0295,Kelly K. Convirs-Fowler,D,Energy and Utilities,Derived from LIS bill description,212,175,9,184,YES,95.1086956521739,4.891304347826087
2026,H0372,Destiny LeVere Bolling,D,Energy and Utilities,Derived from LIS bill description,212,201,11,212,YES,94.81132075471697,5.188679245283019
2026,H0340,Michelle Lopes Maldonado,D,Energy and Utilities,Derived from LIS bill description,212,201,11,212,YES,94.81132075471697,5.188679245283019
2026,H0212,Betsy B. Carr,D,Energy and Utilities,Derived from LIS bill description,176,163,9,172,YES,94.76744186046511,5.232558139534884
2026,H0323,Shelly A. Simonds,D,Energy and Utilities,Derived from LIS bill description,172,162,9,171,YES,94.73684210526315,5.263157894736842
2026,H0355,Laura Jane Cohen,D,Energy and Utilities,Derived from LIS bill description,221,197,11,208,YES,94.71153846153845,5.288461538461538
2026,H0404,Margaret A. Franklin,D,Energy and Utilities,Derived from LIS bill description,150,138,8,146,YES,94.52054794520548,5.47945205479452
2026,H0334,Elizabeth B. Bennett-Parker,D,Energy and Utilities,Derived from LIS bill description,40,34,2,36,YES,94.44444444444444,5.555555555555555
2026,H0305,Kathy K.L. Tran,D,Energy and Utilities,Derived from LIS bill description,179,169,10,179,YES,94.41340782122904,5.58659217877095
2026,H0208,Charniele L. Herring,D,Energy and Utilities,Derived from LIS bill description,178,168,10,178,YES,94.3820224719101,5.617977528089887
2026,H0301,David A. Reid,D,Energy and Utilities,Derived from LIS bill description,157,148,9,157,YES,94.26751592356688,5.7324840764331215
2026,H0281,Paul E. Krizek,D,Energy and Utilities,Derived from LIS bill description,173,162,10,172,YES,94.18604651162791,5.813953488372093
2026,H0285,"C.E. Cliff Hayes, Jr.",D,Energy and Utilities,Derived from LIS bill description,173,161,10,171,YES,94.15204678362574,5.847953216374268
2026,H0327,Rodney T. Willett,D,Energy and Utilities,Derived from LIS bill description,171,160,10,170,YES,94.11764705882352,5.88235294117647
2026,H0371,Amy J. Laufer,D,Energy and Utilities,Derived from LIS bill description,170,158,10,168,YES,94.04761904761905,5.952380952380952
2026,H0343,Briana D. Sewell,D,Energy and Utilities,Derived from LIS bill description,168,158,10,168,YES,94.04761904761905,5.952380952380952
2026,H0311,Alex Q. Askew,D,Energy and Utilities,Derived from LIS bill description,166,156,10,166,YES,93.97590361445783,6.024096385542169
2026,H0227,Luke E. Torian,D,Energy and Utilities,Derived from LIS bill description,175,153,10,163,YES,93.86503067484662,6.134969325153374
2026,H0108,Vivian E. Watts,D,Energy and Utilities,Derived from LIS bill description,148,136,9,145,YES,93.79310344827586,6.206896551724138
2026,H0284,"Marcia S. ""Cia"" Price",D,Energy and Utilities,Derived from LIS bill description,160,150,10,160,YES,93.75,6.25
2026,H0382,Joshua E. Thomas,D,Energy and Utilities,Derived from LIS bill description,156,146,10,156,YES,93.58974358974359,6.41025641025641
2026,H0400,Virgil Thornton,D,Energy and Utilities,Derived from LIS bill description,156,146,10,156,YES,93.58974358974359,6.41025641025641
2026,H0207,Delores L. McQuinn,D,Energy and Utilities,Derived from LIS bill description,157,143,10,153,YES,93.4640522875817,6.535947712418301
2026,H0366,Phil M. Hernandez,D,Energy and Utilities,Derived from LIS bill description,153,143,10,153,YES,93.4640522875817,6.535947712418301
2026,H0386,Jessica L. Anderson,D,Energy and Utilities,Derived from LIS bill description,151,141,10,151,YES,93.37748344370861,6.622516556291391
2026,H0393,Lily V. Franklin,D,Energy and Utilities,Derived from LIS bill description,151,141,10,151,YES,93.37748344370861,6.622516556291391
2026,H0389,Nicole Cole,D,Energy and Utilities,Derived from LIS bill description,152,141,10,151,YES,93.37748344370861,6.622516556291391
2026,H0392,Mark C. Downey,D,Energy and Utilities,Derived from LIS bill description,151,140,10,150,YES,93.33333333333333,6.666666666666667
2026,H0264,Marcus B. Simon,D,Energy and Utilities,Derived from LIS bill description,150,139,10,149,YES,93.28859060402685,6.7114093959731544
2026,H0370,Karen Keys-Gamarra,D,Energy and Utilities,Derived from LIS bill description,151,137,10,147,YES,93.19727891156462,6.802721088435375
2026,H0399,Kimberly Pope Adams,D,Energy and Utilities,Derived from LIS bill description,147,137,10,147,YES,93.19727891156462,6.802721088435375
2026,H0322,Don Scott,D,Energy and Utilities,Derived from LIS bill description,148,136,10,146,YES,93.15068493150685,6.8493150684931505
2026,H0349,Jackie H. Glass,D,Energy and Utilities,Derived from LIS bill description,148,136,10,146,YES,93.15068493150685,6.8493150684931505
2026,H0375,Adele Y. McClure,D,Energy and Utilities,Derived from LIS bill description,143,133,10,143,YES,93.00699300699301,6.993006993006993
2026,H0361,Debra D. Gardner,D,Energy and Utilities,Derived from LIS bill description,143,133,10,143,YES,93.00699300699301,6.993006993006993
2026,H0403,Gretchen M. Bulova,D,Energy and Utilities,Derived from LIS bill description,143,133,10,143,YES,93.00699300699301,6.993006993006993
2026,H0294,Karrie K. Delaney,D,Energy and Utilities,Derived from LIS bill description,143,133,10,143,YES,93.00699300699301,6.993006993006993
2026,H0380,Atoosa R. Reaser,D,Energy and Utilities,Derived from LIS bill description,143,132,10,142,YES,92.95774647887323,7.042253521126761
2026,H0351,Holly M. Seibold,D,Energy and Utilities,Derived from LIS bill description,142,132,10,142,YES,92.95774647887323,7.042253521126761
2026,H0314,Joshua G. Cole,D,Energy and Utilities,Derived from LIS bill description,143,132,10,142,YES,92.95774647887323,7.042253521126761
2026,H0391,Lindsey Dougherty,D,Energy and Utilities,Derived from LIS bill description,141,131,10,141,YES,92.90780141843972,7.092198581560284
2026,H0219,Patrick A. Hope,D,Energy and Utilities,Derived from LIS bill description,146,131,10,141,YES,92.90780141843972,7.092198581560284
2026,H0387,"Karen R. ""Kacey"" Carnegie",D,Energy and Utilities,Derived from LIS bill description,140,130,10,140,YES,92.85714285714286,7.142857142857142
2026,H0354,Katrina Callsen,D,Energy and Utilities,Derived from LIS bill description,145,129,10,139,YES,92.80575539568345,7.194244604316546
2026,H0396,Leslie Chambers Mehta,D,Energy and Utilities,Derived from LIS bill description,140,129,10,139,YES,92.80575539568345,7.194244604316546
2026,H0402,Charlie Schmidt,D,Energy and Utilities,Derived from LIS bill description,140,128,10,138,YES,92.7536231884058,7.246376811594203
2026,H0405,Garrett McGuire,D,Energy and Utilities,Derived from LIS bill description,151,140,11,151,YES,92.71523178807946,7.28476821192053
2026,H0374,Marty Martinez,D,Energy and Utilities,Derived from LIS bill description,156,140,11,151,YES,92.71523178807946,7.28476821192053
2026,H0297,Elizabeth R. Guzman,D,Energy and Utilities,Derived from LIS bill description,143,123,10,133,YES,92.4812030075188,7.518796992481203
2026,H0395,John Chilton McAuliff,D,Energy and Utilities,Derived from LIS bill description,148,128,11,139,YES,92.08633093525181,7.913669064748201
2026,H0406,Kirk McPike,D,Energy and Utilities,Derived from LIS bill description,101,93,8,101,YES,92.07920792079209,7.920792079207921
2026,H0388,Stacey Annie Carroll,D,Energy and Utilities,Derived from LIS bill description,144,115,10,125,YES,92.0,8.0
2026,H0365,"Rozia A. Henson, Jr.",D,Energy and Utilities,Derived from LIS bill description,140,125,11,136,YES,91.91176470588235,8.088235294117647
2026,H0266,Sam Rasoul,D,Energy and Utilities,Derived from LIS bill description,140,126,13,139,YES,90.64748201438849,9.352517985611511
2026,H0407,Andrew Rice,R,Environment and Conservation,Derived from LIS bill description,4,1,3,4,INSUFFICIENT DATA,25.0,75.0
2026,H0206,Barry D. Knight,R,Environment and Conservation,Derived from LIS bill description,15,0,0,0,INSUFFICIENT DATA,0.0,0.0
2026,H0259,"Hyland F. ""Buddy"" Fowler, Jr.",R,Environment and Conservation,Derived from LIS bill description,56,32,24,56,MIXED,57.14285714285714,42.857142857142854
2026,H0267,"Robert S. Bloxom, Jr.",R,Environment and Conservation,Derived from LIS bill description,64,36,27,63,MIXED,57.14285714285714,42.857142857142854
2026,H0369,Hillary Pugh Kent,R,Environment and Conservation,Derived from LIS bill description,64,33,31,64,MIXED,51.5625,48.4375
2026,H0345,Anne Ferrell Tata,R,Environment and Conservation,Derived from LIS bill description,43,21,22,43,MIXED,48.837209302325576,51.162790697674424
2026,H0124,R. Lee Ware,R,Environment and Conservation,Derived from LIS bill description,63,28,35,63,MIXED,44.44444444444444,55.55555555555556
2026,H0253,Terry L. Austin,R,Environment and Conservation,Derived from LIS bill description,43,17,25,42,MIXED,40.476190476190474,59.523809523809526
2026,H0136,"Thomas C. Wright, Jr.",R,Environment and Conservation,Derived from LIS bill description,62,23,35,58,MIXED,39.6551724137931,60.3448275862069
2026,H0231,Tony O. Wilt,R,Environment and Conservation,Derived from LIS bill description,62,24,38,62,MIXED,38.70967741935484,61.29032258064516
2026,H0238,M. Keith Hodges,R,Environment and Conservation,Derived from LIS bill description,46,17,29,46,MIXED,36.95652173913043,63.04347826086957
2026,H0247,Michael J. Webert,R,Environment and Conservation,Derived from LIS bill description,61,21,39,60,NO,35.0,65.0
2026,H0348,Wren M. Williams,R,Environment and Conservation,Derived from LIS bill description,45,15,28,43,NO,34.883720930232556,65.11627906976744
2026,H0056,Terry G. Kilgore,R,Environment and Conservation,Derived from LIS bill description,47,16,30,46,NO,34.78260869565217,65.21739130434783
2026,H0308,Joseph P. McNamara,R,Environment and Conservation,Derived from LIS bill description,41,14,27,41,NO,34.146341463414636,65.85365853658537
2026,H0329,Bill Wiley,R,Environment and Conservation,Derived from LIS bill description,48,15,33,48,NO,31.25,68.75
2026,H0335,Mike A. Cherry,R,Environment and Conservation,Derived from LIS bill description,40,12,28,40,NO,30.0,70.0
2026,H0347,"H. Otto Wachsmann, Jr.",R,Environment and Conservation,Derived from LIS bill description,38,11,27,38,NO,28.947368421052634,71.05263157894737
2026,H0321,Chris S. Runion,R,Environment and Conservation,Derived from LIS bill description,42,12,30,42,NO,28.57142857142857,71.42857142857143
2026,H0350,Ellen H. McLaughlin,R,Environment and Conservation,Derived from LIS bill description,46,13,33,46,NO,28.26086956521739,71.73913043478261
2026,H0224,James W. Morefield,R,Environment and Conservation,Derived from LIS bill description,46,12,33,45,NO,26.666666666666668,73.33333333333333
2026,H0325,Wendell S. Walker,R,Environment and Conservation,Derived from LIS bill description,38,9,26,35,NO,25.71428571428571,74.28571428571429
2026,H0262,"James A. ""Jay"" Leftwich",R,Environment and Conservation,Derived from LIS bill description,40,10,30,40,NO,25.0,75.0
2026,H0328,Scott A. Wyatt,R,Environment and Conservation,Derived from LIS bill description,46,11,35,46,NO,23.91304347826087,76.08695652173914
2026,H0242,Israel D. O'Quinn,R,Environment and Conservation,Derived from LIS bill description,42,10,32,42,NO,23.809523809523807,76.19047619047619
2026,H0384,Eric Phillips,R,Environment and Conservation,Derived from LIS bill description,38,9,29,38,NO,23.684210526315788,76.31578947368422
2026,H0333,Jason S. Ballard,R,Environment and Conservation,Derived from LIS bill description,44,10,33,43,NO,23.25581395348837,76.74418604651163
2026,H0377,Delores Oates,R,Environment and Conservation,Derived from LIS bill description,38,8,30,38,NO,21.052631578947366,78.94736842105263
2026,H0390,Mitchell Cornett,R,Environment and Conservation,Derived from LIS bill description,38,8,30,38,NO,21.052631578947366,78.94736842105263
2026,H0357,Will Davis,R,Environment and Conservation,Derived from LIS bill description,39,8,31,39,NO,20.51282051282051,79.48717948717949
2026,H0394,Karen Hamilton,R,Environment and Conservation,Derived from LIS bill description,38,7,30,37,NO,18.91891891891892,81.08108108108108
2026,H0398,Justin Pence,R,Environment and Conservation,Derived from LIS bill description,39,7,32,39,NO,17.94871794871795,82.05128205128204
2026,H0362,"Thomas A. Garrett, Jr.",R,Environment and Conservation,Derived from LIS bill description,39,6,31,37,NO,16.216216216216218,83.78378378378379
2026,H0364,Timothy P. Griffin,R,Environment and Conservation,Derived from LIS bill description,38,6,32,38,NO,15.789473684210526,84.21052631578947
2026,H0383,Eric R. Zehr,R,Environment and Conservation,Derived from LIS bill description,39,6,33,39,NO,15.384615384615385,84.61538461538461
2026,H0401,Madison Whittle,R,Environment and Conservation,Derived from LIS bill description,40,6,34,40,NO,15.0,85.0
2026,H0342,Phillip A. Scott,R,Environment and Conservation,Derived from LIS bill description,39,5,34,39,NO,12.82051282051282,87.17948717948718
2026,H0239,Alfonso H. Lopez,D,Environment and Conservation,Derived from LIS bill description,59,56,0,56,YES,100.0,0.0
2026,H0207,Delores L. McQuinn,D,Environment and Conservation,Derived from LIS bill description,44,43,0,43,YES,100.0,0.0
2026,H0334,Elizabeth B. Bennett-Parker,D,Environment and Conservation,Derived from LIS bill description,16,14,0,14,YES,100.0,0.0
2026,H0355,Laura Jane Cohen,D,Environment and Conservation,Derived from LIS bill description,45,41,0,41,YES,100.0,0.0
2026,H0208,Charniele L. Herring,D,Environment and Conservation,Derived from LIS bill description,73,72,1,73,YES,98.63013698630137,1.36986301369863
2026,H0371,Amy J. Laufer,D,Environment and Conservation,Derived from LIS bill description,68,67,1,68,YES,98.52941176470588,1.4705882352941175
2026,H0305,Kathy K.L. Tran,D,Environment and Conservation,Derived from LIS bill description,68,67,1,68,YES,98.52941176470588,1.4705882352941175
2026,H0281,Paul E. Krizek,D,Environment and Conservation,Derived from LIS bill description,67,66,1,67,YES,98.50746268656717,1.4925373134328357
2026,H0327,Rodney T. Willett,D,Environment and Conservation,Derived from LIS bill description,66,65,1,66,YES,98.48484848484848,1.5151515151515151
2026,H0349,Jackie H. Glass,D,Environment and Conservation,Derived from LIS bill description,65,64,1,65,YES,98.46153846153847,1.5384615384615385
2026,H0366,Phil M. Hernandez,D,Environment and Conservation,Derived from LIS bill description,64,63,1,64,YES,98.4375,1.5625
2026,H0323,Shelly A. Simonds,D,Environment and Conservation,Derived from LIS bill description,64,63,1,64,YES,98.4375,1.5625
2026,H0393,Lily V. Franklin,D,Environment and Conservation,Derived from LIS bill description,62,61,1,62,YES,98.38709677419355,1.6129032258064515
2026,H0395,John Chilton McAuliff,D,Environment and Conservation,Derived from LIS bill description,65,60,1,61,YES,98.36065573770492,1.639344262295082
2026,H0400,Virgil Thornton,D,Environment and Conservation,Derived from LIS bill description,61,60,1,61,YES,98.36065573770492,1.639344262295082
2026,H0374,Marty Martinez,D,Environment and Conservation,Derived from LIS bill description,59,58,1,59,YES,98.30508474576271,1.694915254237288
2026,H0399,Kimberly Pope Adams,D,Environment and Conservation,Derived from LIS bill description,54,53,1,54,YES,98.14814814814815,1.8518518518518516
2026,H0311,Alex Q. Askew,D,Environment and Conservation,Derived from LIS bill description,48,47,1,48,YES,97.91666666666666,2.083333333333333
2026,H0212,Betsy B. Carr,D,Environment and Conservation,Derived from LIS bill description,48,47,1,48,YES,97.91666666666666,2.083333333333333
2026,H0343,Briana D. Sewell,D,Environment and Conservation,Derived from LIS bill description,47,46,1,47,YES,97.87234042553192,2.127659574468085
2026,H0397,May Nivar,D,Environment and Conservation,Derived from LIS bill description,47,46,1,47,YES,97.87234042553192,2.127659574468085
2026,H0269,"Richard C. ""Rip"" Sullivan, Jr.",D,Environment and Conservation,Derived from LIS bill description,47,46,1,47,YES,97.87234042553192,2.127659574468085
2026,H0317,Dan I. Helmer,D,Environment and Conservation,Derived from LIS bill description,46,45,1,46,YES,97.82608695652173,2.1739130434782608
2026,H0344,Irene Shin,D,Environment and Conservation,Derived from LIS bill description,47,45,1,46,YES,97.82608695652173,2.1739130434782608
2026,H0356,Rae Cousins,D,Environment and Conservation,Derived from LIS bill description,45,44,1,45,YES,97.77777777777777,2.2222222222222223
2026,H0353,Bonita G. Anthony,D,Environment and Conservation,Derived from LIS bill description,44,43,1,44,YES,97.72727272727273,2.272727272727273
2026,H0285,"C.E. Cliff Hayes, Jr.",D,Environment and Conservation,Derived from LIS bill description,44,43,1,44,YES,97.72727272727273,2.272727272727273
2026,H0372,Destiny LeVere Bolling,D,Environment and Conservation,Derived from LIS bill description,44,43,1,44,YES,97.72727272727273,2.272727272727273
2026,H0360,Michael B. Feggans,D,Environment and Conservation,Derived from LIS bill description,44,43,1,44,YES,97.72727272727273,2.272727272727273
2026,H0340,Michelle Lopes Maldonado,D,Environment and Conservation,Derived from LIS bill description,44,43,1,44,YES,97.72727272727273,2.272727272727273
2026,H0301,David A. Reid,D,Environment and Conservation,Derived from LIS bill description,43,42,1,43,YES,97.67441860465115,2.3255813953488373
2026,H0386,Jessica L. Anderson,D,Environment and Conservation,Derived from LIS bill description,43,42,1,43,YES,97.67441860465115,2.3255813953488373
2026,H0382,Joshua E. Thomas,D,Environment and Conservation,Derived from LIS bill description,43,42,1,43,YES,97.67441860465115,2.3255813953488373
2026,H0284,"Marcia S. ""Cia"" Price",D,Environment and Conservation,Derived from LIS bill description,43,42,1,43,YES,97.67441860465115,2.3255813953488373
2026,H0385,JJ Singh,D,Environment and Conservation,Derived from LIS bill description,42,41,1,42,YES,97.61904761904762,2.380952380952381
2026,H0173,Jeion A. Ward,D,Environment and Conservation,Derived from LIS bill description,43,41,1,42,YES,97.61904761904762,2.380952380952381
2026,H0227,Luke E. Torian,D,Environment and Conservation,Derived from LIS bill description,48,41,1,42,YES,97.61904761904762,2.380952380952381
2026,H0380,Atoosa R. Reaser,D,Environment and Conservation,Derived from LIS bill description,41,40,1,41,YES,97.5609756097561,2.4390243902439024
2026,H0404,Margaret A. Franklin,D,Environment and Conservation,Derived from LIS bill description,41,40,1,41,YES,97.5609756097561,2.4390243902439024
2026,H0392,Mark C. Downey,D,Environment and Conservation,Derived from LIS bill description,41,40,1,41,YES,97.5609756097561,2.4390243902439024
2026,H0389,Nicole Cole,D,Environment and Conservation,Derived from LIS bill description,41,40,1,41,YES,97.5609756097561,2.4390243902439024
2026,H0403,Gretchen M. Bulova,D,Environment and Conservation,Derived from LIS bill description,40,39,1,40,YES,97.5,2.5
2026,H0387,"Karen R. ""Kacey"" Carnegie",D,Environment and Conservation,Derived from LIS bill description,40,39,1,40,YES,97.5,2.5
2026,H0295,Kelly K. Convirs-Fowler,D,Environment and Conservation,Derived from LIS bill description,43,39,1,40,YES,97.5,2.5
2026,H0391,Lindsey Dougherty,D,Environment and Conservation,Derived from LIS bill description,40,39,1,40,YES,97.5,2.5
2026,H0264,Marcus B. Simon,D,Environment and Conservation,Derived from LIS bill description,40,39,1,40,YES,97.5,2.5
2026,H0402,Charlie Schmidt,D,Environment and Conservation,Derived from LIS bill description,39,38,1,39,YES,97.43589743589743,2.564102564102564
2026,H0294,Karrie K. Delaney,D,Environment and Conservation,Derived from LIS bill description,39,38,1,39,YES,97.43589743589743,2.564102564102564
2026,H0396,Leslie Chambers Mehta,D,Environment and Conservation,Derived from LIS bill description,39,38,1,39,YES,97.43589743589743,2.564102564102564
2026,H0219,Patrick A. Hope,D,Environment and Conservation,Derived from LIS bill description,39,38,1,39,YES,97.43589743589743,2.564102564102564
2026,H0266,Sam Rasoul,D,Environment and Conservation,Derived from LIS bill description,40,38,1,39,YES,97.43589743589743,2.564102564102564
2026,H0108,Vivian E. Watts,D,Environment and Conservation,Derived from LIS bill description,39,38,1,39,YES,97.43589743589743,2.564102564102564
2026,H0375,Adele Y. McClure,D,Environment and Conservation,Derived from LIS bill description,38,37,1,38,YES,97.36842105263158,2.631578947368421
2026,H0361,Debra D. Gardner,D,Environment and Conservation,Derived from LIS bill description,38,37,1,38,YES,97.36842105263158,2.631578947368421
2026,H0322,Don Scott,D,Environment and Conservation,Derived from LIS bill description,38,37,1,38,YES,97.36842105263158,2.631578947368421
2026,H0297,Elizabeth R. Guzman,D,Environment and Conservation,Derived from LIS bill description,39,37,1,38,YES,97.36842105263158,2.631578947368421
2026,H0351,Holly M. Seibold,D,Environment and Conservation,Derived from LIS bill description,38,37,1,38,YES,97.36842105263158,2.631578947368421
2026,H0314,Joshua G. Cole,D,Environment and Conservation,Derived from LIS bill description,38,37,1,38,YES,97.36842105263158,2.631578947368421
2026,H0370,Karen Keys-Gamarra,D,Environment and Conservation,Derived from LIS bill description,43,37,1,38,YES,97.36842105263158,2.631578947368421
2026,H0354,Katrina Callsen,D,Environment and Conservation,Derived from LIS bill description,39,37,1,38,YES,97.36842105263158,2.631578947368421
2026,H0365,"Rozia A. Henson, Jr.",D,Environment and Conservation,Derived from LIS bill description,38,37,1,38,YES,97.36842105263158,2.631578947368421
2026,H0388,Stacey Annie Carroll,D,Environment and Conservation,Derived from LIS bill description,38,33,1,34,YES,97.05882352941177,2.941176470588235
2026,H0336,Nadarius E. Clark,D,Environment and Conservation,Derived from LIS bill description,70,55,2,57,YES,96.49122807017544,3.508771929824561
2026,H0406,Kirk McPike,D,Environment and Conservation,Derived from LIS bill description,22,21,1,22,YES,95.45454545454545,4.545454545454546
2026,H0405,Garrett McGuire,D,Environment and Conservation,Derived from LIS bill description,41,39,2,41,YES,95.1219512195122,4.878048780487805
2026,H0375,Adele Y. McClure,D,Evidence,Official LIS subject,3,3,0,3,INSUFFICIENT DATA,100.0,0.0
2026,H0311,Alex Q. Askew,D,Evidence,Official LIS subject,3,3,0,3,INSUFFICIENT DATA,100.0,0.0
2026,H0239,Alfonso H. Lopez,D,Evidence,Official LIS subject,3,3,0,3,INSUFFICIENT DATA,100.0,0.0
2026,H0371,Amy J. Laufer,D,Evidence,Official LIS subject,3,3,0,3,INSUFFICIENT DATA,100.0,0.0
2026,H0407,Andrew Rice,R,Evidence,Official LIS subject,1,1,0,1,INSUFFICIENT DATA,100.0,0.0
2026,H0345,Anne Ferrell Tata,R,Evidence,Official LIS subject,3,3,0,3,INSUFFICIENT DATA,100.0,0.0
2026,H0380,Atoosa R. Reaser,D,Evidence,Official LIS subject,4,4,0,4,INSUFFICIENT DATA,100.0,0.0
2026,H0212,Betsy B. Carr,D,Evidence,Official LIS subject,3,3,0,3,INSUFFICIENT DATA,100.0,0.0
2026,H0329,Bill Wiley,R,Evidence,Official LIS subject,3,3,0,3,INSUFFICIENT DATA,100.0,0.0
2026,H0353,Bonita G. Anthony,D,Evidence,Official LIS subject,3,3,0,3,INSUFFICIENT DATA,100.0,0.0
2026,H0343,Briana D. Sewell,D,Evidence,Official LIS subject,3,3,0,3,INSUFFICIENT DATA,100.0,0.0
2026,H0285,"C.E. Cliff Hayes, Jr.",D,Evidence,Official LIS subject,3,3,0,3,INSUFFICIENT DATA,100.0,0.0
2026,H0402,Charlie Schmidt,D,Evidence,Official LIS subject,4,4,0,4,INSUFFICIENT DATA,100.0,0.0
2026,H0208,Charniele L. Herring,D,Evidence,Official LIS subject,3,3,0,3,INSUFFICIENT DATA,100.0,0.0
2026,H0317,Dan I. Helmer,D,Evidence,Official LIS subject,3,3,0,3,INSUFFICIENT DATA,100.0,0.0
2026,H0301,David A. Reid,D,Evidence,Official LIS subject,3,3,0,3,INSUFFICIENT DATA,100.0,0.0
2026,H0361,Debra D. Gardner,D,Evidence,Official LIS subject,3,3,0,3,INSUFFICIENT DATA,100.0,0.0
2026,H0207,Delores L. McQuinn,D,Evidence,Official LIS subject,3,3,0,3,INSUFFICIENT DATA,100.0,0.0
2026,H0377,Delores Oates,R,Evidence,Official LIS subject,3,3,0,3,INSUFFICIENT DATA,100.0,0.0
2026,H0372,Destiny LeVere Bolling,D,Evidence,Official LIS subject,3,3,0,3,INSUFFICIENT DATA,100.0,0.0
2026,H0322,Don Scott,D,Evidence,Official LIS subject,3,3,0,3,INSUFFICIENT DATA,100.0,0.0
2026,H0297,Elizabeth R. Guzman,D,Evidence,Official LIS subject,3,3,0,3,INSUFFICIENT DATA,100.0,0.0
2026,H0350,Ellen H. McLaughlin,R,Evidence,Official LIS subject,3,3,0,3,INSUFFICIENT DATA,100.0,0.0
2026,H0384,Eric Phillips,R,Evidence,Official LIS subject,3,3,0,3,INSUFFICIENT DATA,100.0,0.0
2026,H0405,Garrett McGuire,D,Evidence,Official LIS subject,3,3,0,3,INSUFFICIENT DATA,100.0,0.0
2026,H0403,Gretchen M. Bulova,D,Evidence,Official LIS subject,3,3,0,3,INSUFFICIENT DATA,100.0,0.0
2026,H0347,"H. Otto Wachsmann, Jr.",R,Evidence,Official LIS subject,3,3,0,3,INSUFFICIENT DATA,100.0,0.0
2026,H0369,Hillary Pugh Kent,R,Evidence,Official LIS subject,3,3,0,3,INSUFFICIENT DATA,100.0,0.0
2026,H0351,Holly M. Seibold,D,Evidence,Official LIS subject,3,3,0,3,INSUFFICIENT DATA,100.0,0.0
2026,H0259,"Hyland F. ""Buddy"" Fowler, Jr.",R,Evidence,Official LIS subject,3,2,0,2,INSUFFICIENT DATA,100.0,0.0
2026,H0344,Irene Shin,D,Evidence,Official LIS subject,3,3,0,3,INSUFFICIENT DATA,100.0,0.0
2026,H0385,JJ Singh,D,Evidence,Official LIS subject,3,3,0,3,INSUFFICIENT DATA,100.0,0.0
2026,H0349,Jackie H. Glass,D,Evidence,Official LIS subject,3,3,0,3,INSUFFICIENT DATA,100.0,0.0
2026,H0262,"James A. ""Jay"" Leftwich",R,Evidence,Official LIS subject,4,4,0,4,INSUFFICIENT DATA,100.0,0.0
2026,H0224,James W. Morefield,R,Evidence,Official LIS subject,3,3,0,3,INSUFFICIENT DATA,100.0,0.0
2026,H0333,Jason S. Ballard,R,Evidence,Official LIS subject,4,4,0,4,INSUFFICIENT DATA,100.0,0.0
2026,H0173,Jeion A. Ward,D,Evidence,Official LIS subject,3,2,0,2,INSUFFICIENT DATA,100.0,0.0
2026,H0386,Jessica L. Anderson,D,Evidence,Official LIS subject,3,3,0,3,INSUFFICIENT DATA,100.0,0.0
2026,H0395,John Chilton McAuliff,D,Evidence,Official LIS subject,3,3,0,3,INSUFFICIENT DATA,100.0,0.0
2026,H0308,Joseph P. McNamara,R,Evidence,Official LIS subject,3,3,0,3,INSUFFICIENT DATA,100.0,0.0
2026,H0382,Joshua E. Thomas,D,Evidence,Official LIS subject,3,3,0,3,INSUFFICIENT DATA,100.0,0.0
2026,H0314,Joshua G. Cole,D,Evidence,Official LIS subject,3,3,0,3,INSUFFICIENT DATA,100.0,0.0
2026,H0398,Justin Pence,R,Evidence,Official LIS subject,4,4,0,4,INSUFFICIENT DATA,100.0,0.0
2026,H0394,Karen Hamilton,R,Evidence,Official LIS subject,3,2,0,2,INSUFFICIENT DATA,100.0,0.0
2026,H0370,Karen Keys-Gamarra,D,Evidence,Official LIS subject,4,4,0,4,INSUFFICIENT DATA,100.0,0.0
2026,H0387,"Karen R. ""Kacey"" Carnegie",D,Evidence,Official LIS subject,4,4,0,4,INSUFFICIENT DATA,100.0,0.0
2026,H0294,Karrie K. Delaney,D,Evidence,Official LIS subject,4,4,0,4,INSUFFICIENT DATA,100.0,0.0
2026,H0305,Kathy K.L. Tran,D,Evidence,Official LIS subject,3,3,0,3,INSUFFICIENT DATA,100.0,0.0
2026,H0354,Katrina Callsen,D,Evidence,Official LIS subject,4,4,0,4,INSUFFICIENT DATA,100.0,0.0
2026,H0295,Kelly K. Convirs-Fowler,D,Evidence,Official LIS subject,3,3,0,3,INSUFFICIENT DATA,100.0,0.0
2026,H0399,Kimberly Pope Adams,D,Evidence,Official LIS subject,3,3,0,3,INSUFFICIENT DATA,100.0,0.0
2026,H0406,Kirk McPike,D,Evidence,Official LIS subject,3,3,0,3,INSUFFICIENT DATA,100.0,0.0
2026,H0355,Laura Jane Cohen,D,Evidence,Official LIS subject,3,3,0,3,INSUFFICIENT DATA,100.0,0.0
2026,H0396,Leslie Chambers Mehta,D,Evidence,Official LIS subject,4,4,0,4,INSUFFICIENT DATA,100.0,0.0
2026,H0393,Lily V. Franklin,D,Evidence,Official LIS subject,3,3,0,3,INSUFFICIENT DATA,100.0,0.0
2026,H0391,Lindsey Dougherty,D,Evidence,Official LIS subject,3,3,0,3,INSUFFICIENT DATA,100.0,0.0
2026,H0227,Luke E. Torian,D,Evidence,Official LIS subject,3,2,0,2,INSUFFICIENT DATA,100.0,0.0
2026,H0401,Madison Whittle,R,Evidence,Official LIS subject,4,4,0,4,INSUFFICIENT DATA,100.0,0.0
2026,H0284,"Marcia S. ""Cia"" Price",D,Evidence,Official LIS subject,3,3,0,3,INSUFFICIENT DATA,100.0,0.0
2026,H0264,Marcus B. Simon,D,Evidence,Official LIS subject,4,4,0,4,INSUFFICIENT DATA,100.0,0.0
2026,H0404,Margaret A. Franklin,D,Evidence,Official LIS subject,3,3,0,3,INSUFFICIENT DATA,100.0,0.0
2026,H0392,Mark C. Downey,D,Evidence,Official LIS subject,3,3,0,3,INSUFFICIENT DATA,100.0,0.0
2026,H0374,Marty Martinez,D,Evidence,Official LIS subject,3,3,0,3,INSUFFICIENT DATA,100.0,0.0
2026,H0397,May Nivar,D,Evidence,Official LIS subject,3,3,0,3,INSUFFICIENT DATA,100.0,0.0
2026,H0360,Michael B. Feggans,D,Evidence,Official LIS subject,3,3,0,3,INSUFFICIENT DATA,100.0,0.0
2026,H0247,Michael J. Webert,R,Evidence,Official LIS subject,3,3,0,3,INSUFFICIENT DATA,100.0,0.0
2026,H0340,Michelle Lopes Maldonado,D,Evidence,Official LIS subject,4,4,0,4,INSUFFICIENT DATA,100.0,0.0
2026,H0335,Mike A. Cherry,R,Evidence,Official LIS subject,3,3,0,3,INSUFFICIENT DATA,100.0,0.0
2026,H0390,Mitchell Cornett,R,Evidence,Official LIS subject,3,3,0,3,INSUFFICIENT DATA,100.0,0.0
2026,H0336,Nadarius E. Clark,D,Evidence,Official LIS subject,3,3,0,3,INSUFFICIENT DATA,100.0,0.0
2026,H0389,Nicole Cole,D,Evidence,Official LIS subject,3,3,0,3,INSUFFICIENT DATA,100.0,0.0
2026,H0219,Patrick A. Hope,D,Evidence,Official LIS subject,4,4,0,4,INSUFFICIENT DATA,100.0,0.0
2026,H0281,Paul E. Krizek,D,Evidence,Official LIS subject,3,3,0,3,INSUFFICIENT DATA,100.0,0.0
2026,H0366,Phil M. Hernandez,D,Evidence,Official LIS subject,4,4,0,4,INSUFFICIENT DATA,100.0,0.0
2026,H0124,R. Lee Ware,R,Evidence,Official LIS subject,3,3,0,3,INSUFFICIENT DATA,100.0,0.0
2026,H0356,Rae Cousins,D,Evidence,Official LIS subject,4,4,0,4,INSUFFICIENT DATA,100.0,0.0
2026,H0269,"Richard C. ""Rip"" Sullivan, Jr.",D,Evidence,Official LIS subject,4,4,0,4,INSUFFICIENT DATA,100.0,0.0
2026,H0267,"Robert S. Bloxom, Jr.",R,Evidence,Official LIS subject,3,3,0,3,INSUFFICIENT DATA,100.0,0.0
2026,H0327,Rodney T. Willett,D,Evidence,Official LIS subject,3,3,0,3,INSUFFICIENT DATA,100.0,0.0
2026,H0365,"Rozia A. Henson, Jr.",D,Evidence,Official LIS subject,3,3,0,3,INSUFFICIENT DATA,100.0,0.0
2026,H0266,Sam Rasoul,D,Evidence,Official LIS subject,3,3,0,3,INSUFFICIENT DATA,100.0,0.0
2026,H0328,Scott A. Wyatt,R,Evidence,Official LIS subject,3,3,0,3,INSUFFICIENT DATA,100.0,0.0
2026,H0323,Shelly A. Simonds,D,Evidence,Official LIS subject,3,3,0,3,INSUFFICIENT DATA,100.0,0.0
2026,H0388,Stacey Annie Carroll,D,Evidence,Official LIS subject,3,3,0,3,INSUFFICIENT DATA,100.0,0.0
2026,H0056,Terry G. Kilgore,R,Evidence,Official LIS subject,4,4,0,4,INSUFFICIENT DATA,100.0,0.0
2026,H0253,Terry L. Austin,R,Evidence,Official LIS subject,3,3,0,3,INSUFFICIENT DATA,100.0,0.0
2026,H0136,"Thomas C. Wright, Jr.",R,Evidence,Official LIS subject,3,2,0,2,INSUFFICIENT DATA,100.0,0.0
2026,H0231,Tony O. Wilt,R,Evidence,Official LIS subject,3,3,0,3,INSUFFICIENT DATA,100.0,0.0
2026,H0400,Virgil Thornton,D,Evidence,Official LIS subject,4,4,0,4,INSUFFICIENT DATA,100.0,0.0
2026,H0108,Vivian E. Watts,D,Evidence,Official LIS subject,4,3,0,3,INSUFFICIENT DATA,100.0,0.0
2026,H0325,Wendell S. Walker,R,Evidence,Official LIS subject,3,2,0,2,INSUFFICIENT DATA,100.0,0.0
2026,H0357,Will Davis,R,Evidence,Official LIS subject,4,4,0,4,INSUFFICIENT DATA,100.0,0.0
2026,H0348,Wren M. Williams,R,Evidence,Official LIS subject,4,3,1,4,INSUFFICIENT DATA,75.0,25.0
2026,H0321,Chris S. Runion,R,Evidence,Official LIS subject,3,2,1,3,INSUFFICIENT DATA,66.66666666666666,33.33333333333333
2026,H0383,Eric R. Zehr,R,Evidence,Official LIS subject,3,2,1,3,INSUFFICIENT DATA,66.66666666666666,33.33333333333333
2026,H0242,Israel D. O'Quinn,R,Evidence,Official LIS subject,3,2,1,3,INSUFFICIENT DATA,66.66666666666666,33.33333333333333
2026,H0238,M. Keith Hodges,R,Evidence,Official LIS subject,3,2,1,3,INSUFFICIENT DATA,66.66666666666666,33.33333333333333
2026,H0342,Phillip A. Scott,R,Evidence,Official LIS subject,3,2,1,3,INSUFFICIENT DATA,66.66666666666666,33.33333333333333
2026,H0362,"Thomas A. Garrett, Jr.",R,Evidence,Official LIS subject,3,2,1,3,INSUFFICIENT DATA,66.66666666666666,33.33333333333333
2026,H0364,Timothy P. Griffin,R,Evidence,Official LIS subject,3,2,1,3,INSUFFICIENT DATA,66.66666666666666,33.33333333333333
2026,H0407,Andrew Rice,R,Family and Children,Derived from LIS bill description,4,1,3,4,INSUFFICIENT DATA,25.0,75.0
2026,H0206,Barry D. Knight,R,Family and Children,Derived from LIS bill description,15,0,0,0,INSUFFICIENT DATA,0.0,0.0
2026,H0377,Delores Oates,R,Family and Children,Derived from LIS bill description,53,34,19,53,MIXED,64.15094339622641,35.84905660377358
2026,H0394,Karen Hamilton,R,Family and Children,Derived from LIS bill description,53,32,21,53,MIXED,60.37735849056604,39.62264150943396
2026,H0136,"Thomas C. Wright, Jr.",R,Family and Children,Derived from LIS bill description,45,23,16,39,MIXED,58.97435897435898,41.02564102564102
2026,H0362,"Thomas A. Garrett, Jr.",R,Family and Children,Derived from LIS bill description,49,21,19,40,MIXED,52.5,47.5
2026,H0342,Phillip A. Scott,R,Family and Children,Derived from LIS bill description,61,32,29,61,MIXED,52.459016393442624,47.540983606557376
2026,H0383,Eric R. Zehr,R,Family and Children,Derived from LIS bill description,59,29,28,57,MIXED,50.877192982456144,49.122807017543856
2026,H0364,Timothy P. Griffin,R,Family and Children,Derived from LIS bill description,45,17,21,38,MIXED,44.73684210526316,55.26315789473685
2026,H0334,Elizabeth B. Bennett-Parker,D,Family and Children,Derived from LIS bill description,21,20,0,20,YES,100.0,0.0
2026,H0354,Katrina Callsen,D,Family and Children,Derived from LIS bill description,69,65,1,66,YES,98.48484848484848,1.5151515151515151
2026,H0356,Rae Cousins,D,Family and Children,Derived from LIS bill description,85,83,2,85,YES,97.6470588235294,2.3529411764705883
2026,H0305,Kathy K.L. Tran,D,Family and Children,Derived from LIS bill description,84,82,2,84,YES,97.61904761904762,2.380952380952381
2026,H0361,Debra D. Gardner,D,Family and Children,Derived from LIS bill description,77,73,2,75,YES,97.33333333333334,2.666666666666667
2026,H0219,Patrick A. Hope,D,Family and Children,Derived from LIS bill description,82,73,2,75,YES,97.33333333333334,2.666666666666667
2026,H0344,Irene Shin,D,Family and Children,Derived from LIS bill description,74,71,2,73,YES,97.26027397260275,2.73972602739726
2026,H0327,Rodney T. Willett,D,Family and Children,Derived from LIS bill description,79,71,2,73,YES,97.26027397260275,2.73972602739726
2026,H0285,"C.E. Cliff Hayes, Jr.",D,Family and Children,Derived from LIS bill description,72,70,2,72,YES,97.22222222222221,2.7777777777777777
2026,H0208,Charniele L. Herring,D,Family and Children,Derived from LIS bill description,71,69,2,71,YES,97.1830985915493,2.8169014084507045
2026,H0389,Nicole Cole,D,Family and Children,Derived from LIS bill description,71,69,2,71,YES,97.1830985915493,2.8169014084507045
2026,H0266,Sam Rasoul,D,Family and Children,Derived from LIS bill description,75,69,2,71,YES,97.1830985915493,2.8169014084507045
2026,H0294,Karrie K. Delaney,D,Family and Children,Derived from LIS bill description,69,67,2,69,YES,97.10144927536231,2.898550724637681
2026,H0365,"Rozia A. Henson, Jr.",D,Family and Children,Derived from LIS bill description,70,67,2,69,YES,97.10144927536231,2.898550724637681
2026,H0311,Alex Q. Askew,D,Family and Children,Derived from LIS bill description,68,66,2,68,YES,97.05882352941177,2.941176470588235
2026,H0355,Laura Jane Cohen,D,Family and Children,Derived from LIS bill description,73,66,2,68,YES,97.05882352941177,2.941176470588235
2026,H0366,Phil M. Hernandez,D,Family and Children,Derived from LIS bill description,68,66,2,68,YES,97.05882352941177,2.941176470588235
2026,H0402,Charlie Schmidt,D,Family and Children,Derived from LIS bill description,66,64,2,66,YES,96.96969696969697,3.0303030303030303
2026,H0380,Atoosa R. Reaser,D,Family and Children,Derived from LIS bill description,70,63,2,65,YES,96.92307692307692,3.076923076923077
2026,H0212,Betsy B. Carr,D,Family and Children,Derived from LIS bill description,65,63,2,65,YES,96.92307692307692,3.076923076923077
2026,H0323,Shelly A. Simonds,D,Family and Children,Derived from LIS bill description,67,63,2,65,YES,96.92307692307692,3.076923076923077
2026,H0386,Jessica L. Anderson,D,Family and Children,Derived from LIS bill description,64,62,2,64,YES,96.875,3.125
2026,H0396,Leslie Chambers Mehta,D,Family and Children,Derived from LIS bill description,66,62,2,64,YES,96.875,3.125
2026,H0108,Vivian E. Watts,D,Family and Children,Derived from LIS bill description,65,62,2,64,YES,96.875,3.125
2026,H0340,Michelle Lopes Maldonado,D,Family and Children,Derived from LIS bill description,63,61,2,63,YES,96.82539682539682,3.1746031746031744
2026,H0281,Paul E. Krizek,D,Family and Children,Derived from LIS bill description,63,61,2,63,YES,96.82539682539682,3.1746031746031744
2026,H0387,"Karen R. ""Kacey"" Carnegie",D,Family and Children,Derived from LIS bill description,62,60,2,62,YES,96.7741935483871,3.225806451612903
2026,H0207,Delores L. McQuinn,D,Family and Children,Derived from LIS bill description,62,59,2,61,YES,96.72131147540983,3.278688524590164
2026,H0405,Garrett McGuire,D,Family and Children,Derived from LIS bill description,61,59,2,61,YES,96.72131147540983,3.278688524590164
2026,H0382,Joshua E. Thomas,D,Family and Children,Derived from LIS bill description,61,59,2,61,YES,96.72131147540983,3.278688524590164
2026,H0314,Joshua G. Cole,D,Family and Children,Derived from LIS bill description,61,59,2,61,YES,96.72131147540983,3.278688524590164
2026,H0269,"Richard C. ""Rip"" Sullivan, Jr.",D,Family and Children,Derived from LIS bill description,62,59,2,61,YES,96.72131147540983,3.278688524590164
2026,H0392,Mark C. Downey,D,Family and Children,Derived from LIS bill description,60,58,2,60,YES,96.66666666666667,3.3333333333333335
2026,H0371,Amy J. Laufer,D,Family and Children,Derived from LIS bill description,59,57,2,59,YES,96.61016949152543,3.389830508474576
2026,H0370,Karen Keys-Gamarra,D,Family and Children,Derived from LIS bill description,62,57,2,59,YES,96.61016949152543,3.389830508474576
2026,H0372,Destiny LeVere Bolling,D,Family and Children,Derived from LIS bill description,57,55,2,57,YES,96.49122807017544,3.508771929824561
2026,H0375,Adele Y. McClure,D,Family and Children,Derived from LIS bill description,57,54,2,56,YES,96.42857142857143,3.571428571428571
2026,H0239,Alfonso H. Lopez,D,Family and Children,Derived from LIS bill description,56,54,2,56,YES,96.42857142857143,3.571428571428571
2026,H0317,Dan I. Helmer,D,Family and Children,Derived from LIS bill description,57,54,2,56,YES,96.42857142857143,3.571428571428571
2026,H0227,Luke E. Torian,D,Family and Children,Derived from LIS bill description,67,54,2,56,YES,96.42857142857143,3.571428571428571
2026,H0301,David A. Reid,D,Family and Children,Derived from LIS bill description,56,53,2,55,YES,96.36363636363636,3.6363636363636362
2026,H0351,Holly M. Seibold,D,Family and Children,Derived from LIS bill description,56,53,2,55,YES,96.36363636363636,3.6363636363636362
2026,H0360,Michael B. Feggans,D,Family and Children,Derived from LIS bill description,57,53,2,55,YES,96.36363636363636,3.6363636363636362
2026,H0297,Elizabeth R. Guzman,D,Family and Children,Derived from LIS bill description,56,52,2,54,YES,96.29629629629629,3.7037037037037033
2026,H0403,Gretchen M. Bulova,D,Family and Children,Derived from LIS bill description,54,52,2,54,YES,96.29629629629629,3.7037037037037033
2026,H0391,Lindsey Dougherty,D,Family and Children,Derived from LIS bill description,54,48,2,50,YES,96.0,4.0
2026,H0353,Bonita G. Anthony,D,Family and Children,Derived from LIS bill description,48,46,2,48,YES,95.83333333333334,4.166666666666666
2026,H0385,JJ Singh,D,Family and Children,Derived from LIS bill description,48,46,2,48,YES,95.83333333333334,4.166666666666666
2026,H0295,Kelly K. Convirs-Fowler,D,Family and Children,Derived from LIS bill description,56,46,2,48,YES,95.83333333333334,4.166666666666666
2026,H0393,Lily V. Franklin,D,Family and Children,Derived from LIS bill description,48,46,2,48,YES,95.83333333333334,4.166666666666666
2026,H0397,May Nivar,D,Family and Children,Derived from LIS bill description,48,46,2,48,YES,95.83333333333334,4.166666666666666
2026,H0173,Jeion A. Ward,D,Family and Children,Derived from LIS bill description,47,45,2,47,YES,95.74468085106383,4.25531914893617
2026,H0374,Marty Martinez,D,Family and Children,Derived from LIS bill description,47,45,2,47,YES,95.74468085106383,4.25531914893617
2026,H0264,Marcus B. Simon,D,Family and Children,Derived from LIS bill description,69,65,3,68,YES,95.58823529411765,4.411764705882353
2026,H0322,Don Scott,D,Family and Children,Derived from LIS bill description,45,43,2,45,YES,95.55555555555556,4.444444444444445
2026,H0404,Margaret A. Franklin,D,Family and Children,Derived from LIS bill description,46,43,2,45,YES,95.55555555555556,4.444444444444445
2026,H0343,Briana D. Sewell,D,Family and Children,Derived from LIS bill description,67,64,3,67,YES,95.52238805970148,4.477611940298507
2026,H0388,Stacey Annie Carroll,D,Family and Children,Derived from LIS bill description,48,41,2,43,YES,95.34883720930233,4.651162790697675
2026,H0400,Virgil Thornton,D,Family and Children,Derived from LIS bill description,62,59,3,62,YES,95.16129032258065,4.838709677419355
2026,H0336,Nadarius E. Clark,D,Family and Children,Derived from LIS bill description,58,38,2,40,YES,95.0,5.0
2026,H0284,"Marcia S. ""Cia"" Price",D,Family and Children,Derived from LIS bill description,73,68,4,72,YES,94.44444444444444,5.555555555555555
2026,H0406,Kirk McPike,D,Family and Children,Derived from LIS bill description,31,29,2,31,YES,93.54838709677419,6.451612903225806
2026,H0349,Jackie H. Glass,D,Family and Children,Derived from LIS bill description,46,41,3,44,YES,93.18181818181817,6.8181818181818175
2026,H0399,Kimberly Pope Adams,D,Family and Children,Derived from LIS bill description,51,45,6,51,YES,88.23529411764706,11.76470588235294
2026,H0267,"Robert S. Bloxom, Jr.",R,Family and Children,Derived from LIS bill description,57,47,9,56,YES,83.92857142857143,16.071428571428573
2026,H0224,James W. Morefield,R,Family and Children,Derived from LIS bill description,59,49,10,59,YES,83.05084745762711,16.94915254237288
2026,H0350,Ellen H. McLaughlin,R,Family and Children,Derived from LIS bill description,67,53,12,65,YES,81.53846153846153,18.461538461538463
2026,H0253,Terry L. Austin,R,Family and Children,Derived from LIS bill description,58,47,11,58,YES,81.03448275862068,18.96551724137931
2026,H0395,John Chilton McAuliff,D,Family and Children,Derived from LIS bill description,45,34,8,42,YES,80.95238095238095,19.047619047619047
2026,H0401,Madison Whittle,R,Family and Children,Derived from LIS bill description,72,55,13,68,YES,80.88235294117648,19.11764705882353
2026,H0325,Wendell S. Walker,R,Family and Children,Derived from LIS bill description,71,55,14,69,YES,79.71014492753623,20.28985507246377
2026,H0238,M. Keith Hodges,R,Family and Children,Derived from LIS bill description,76,58,17,75,YES,77.33333333333333,22.666666666666664
2026,H0242,Israel D. O'Quinn,R,Family and Children,Derived from LIS bill description,48,37,11,48,YES,77.08333333333334,22.916666666666664
2026,H0329,Bill Wiley,R,Family and Children,Derived from LIS bill description,61,47,14,61,YES,77.04918032786885,22.950819672131146
2026,H0347,"H. Otto Wachsmann, Jr.",R,Family and Children,Derived from LIS bill description,59,45,14,59,YES,76.27118644067797,23.728813559322035
2026,H0357,Will Davis,R,Family and Children,Derived from LIS bill description,66,50,16,66,YES,75.75757575757575,24.242424242424242
2026,H0384,Eric Phillips,R,Family and Children,Derived from LIS bill description,50,37,12,49,YES,75.51020408163265,24.489795918367346
2026,H0328,Scott A. Wyatt,R,Family and Children,Derived from LIS bill description,57,43,14,57,YES,75.43859649122807,24.561403508771928
2026,H0056,Terry G. Kilgore,R,Family and Children,Derived from LIS bill description,62,46,15,61,YES,75.40983606557377,24.59016393442623
2026,H0335,Mike A. Cherry,R,Family and Children,Derived from LIS bill description,65,49,16,65,YES,75.38461538461539,24.615384615384617
2026,H0345,Anne Ferrell Tata,R,Family and Children,Derived from LIS bill description,54,40,14,54,YES,74.07407407407408,25.925925925925924
2026,H0321,Chris S. Runion,R,Family and Children,Derived from LIS bill description,49,36,13,49,YES,73.46938775510205,26.53061224489796
2026,H0369,Hillary Pugh Kent,R,Family and Children,Derived from LIS bill description,56,40,15,55,YES,72.72727272727273,27.27272727272727
2026,H0262,"James A. ""Jay"" Leftwich",R,Family and Children,Derived from LIS bill description,60,42,16,58,YES,72.41379310344827,27.586206896551722
2026,H0348,Wren M. Williams,R,Family and Children,Derived from LIS bill description,79,51,20,71,YES,71.83098591549296,28.169014084507044
2026,H0333,Jason S. Ballard,R,Family and Children,Derived from LIS bill description,64,45,19,64,YES,70.3125,29.6875
2026,H0247,Michael J. Webert,R,Family and Children,Derived from LIS bill description,54,36,16,52,YES,69.23076923076923,30.76923076923077
2026,H0259,"Hyland F. ""Buddy"" Fowler, Jr.",R,Family and Children,Derived from LIS bill description,50,32,15,47,YES,68.08510638297872,31.914893617021278
2026,H0231,Tony O. Wilt,R,Family and Children,Derived from LIS bill description,54,36,17,53,YES,67.9245283018868,32.075471698113205
2026,H0124,R. Lee Ware,R,Family and Children,Derived from LIS bill description,45,29,14,43,YES,67.44186046511628,32.55813953488372
2026,H0390,Mitchell Cornett,R,Family and Children,Derived from LIS bill description,74,49,25,74,YES,66.21621621621621,33.78378378378378
2026,H0398,Justin Pence,R,Family and Children,Derived from LIS bill description,56,37,19,56,YES,66.07142857142857,33.92857142857143
2026,H0308,Joseph P. McNamara,R,Family and Children,Derived from LIS bill description,48,31,16,47,YES,65.95744680851064,34.04255319148936
2026,H0375,Adele Y. McClure,D,Firearms,Official LIS subject,3,3,0,3,INSUFFICIENT DATA,100.0,0.0
2026,H0311,Alex Q. Askew,D,Firearms,Official LIS subject,2,2,0,2,INSUFFICIENT DATA,100.0,0.0
2026,H0239,Alfonso H. Lopez,D,Firearms,Official LIS subject,3,3,0,3,INSUFFICIENT DATA,100.0,0.0
2026,H0371,Amy J. Laufer,D,Firearms,Official LIS subject,2,2,0,2,INSUFFICIENT DATA,100.0,0.0
2026,H0380,Atoosa R. Reaser,D,Firearms,Official LIS subject,2,2,0,2,INSUFFICIENT DATA,100.0,0.0
2026,H0212,Betsy B. Carr,D,Firearms,Official LIS subject,2,2,0,2,INSUFFICIENT DATA,100.0,0.0
2026,H0353,Bonita G. Anthony,D,Firearms,Official LIS subject,2,2,0,2,INSUFFICIENT DATA,100.0,0.0
2026,H0343,Briana D. Sewell,D,Firearms,Official LIS subject,2,2,0,2,INSUFFICIENT DATA,100.0,0.0
2026,H0285,"C.E. Cliff Hayes, Jr.",D,Firearms,Official LIS subject,2,2,0,2,INSUFFICIENT DATA,100.0,0.0
2026,H0402,Charlie Schmidt,D,Firearms,Official LIS subject,2,2,0,2,INSUFFICIENT DATA,100.0,0.0
2026,H0208,Charniele L. Herring,D,Firearms,Official LIS subject,2,2,0,2,INSUFFICIENT DATA,100.0,0.0
2026,H0317,Dan I. Helmer,D,Firearms,Official LIS subject,3,3,0,3,INSUFFICIENT DATA,100.0,0.0
2026,H0301,David A. Reid,D,Firearms,Official LIS subject,2,2,0,2,INSUFFICIENT DATA,100.0,0.0
2026,H0361,Debra D. Gardner,D,Firearms,Official LIS subject,3,3,0,3,INSUFFICIENT DATA,100.0,0.0
2026,H0207,Delores L. McQuinn,D,Firearms,Official LIS subject,2,2,0,2,INSUFFICIENT DATA,100.0,0.0
2026,H0372,Destiny LeVere Bolling,D,Firearms,Official LIS subject,2,2,0,2,INSUFFICIENT DATA,100.0,0.0
2026,H0322,Don Scott,D,Firearms,Official LIS subject,2,2,0,2,INSUFFICIENT DATA,100.0,0.0
2026,H0334,Elizabeth B. Bennett-Parker,D,Firearms,Official LIS subject,2,2,0,2,INSUFFICIENT DATA,100.0,0.0
2026,H0297,Elizabeth R. Guzman,D,Firearms,Official LIS subject,2,2,0,2,INSUFFICIENT DATA,100.0,0.0
2026,H0405,Garrett McGuire,D,Firearms,Official LIS subject,2,2,0,2,INSUFFICIENT DATA,100.0,0.0
2026,H0403,Gretchen M. Bulova,D,Firearms,Official LIS subject,2,2,0,2,INSUFFICIENT DATA,100.0,0.0
2026,H0351,Holly M. Seibold,D,Firearms,Official LIS subject,3,2,0,2,INSUFFICIENT DATA,100.0,0.0
2026,H0344,Irene Shin,D,Firearms,Official LIS subject,2,1,0,1,INSUFFICIENT DATA,100.0,0.0
2026,H0385,JJ Singh,D,Firearms,Official LIS subject,2,2,0,2,INSUFFICIENT DATA,100.0,0.0
2026,H0349,Jackie H. Glass,D,Firearms,Official LIS subject,2,2,0,2,INSUFFICIENT DATA,100.0,0.0
2026,H0173,Jeion A. Ward,D,Firearms,Official LIS subject,2,2,0,2,INSUFFICIENT DATA,100.0,0.0
2026,H0386,Jessica L. Anderson,D,Firearms,Official LIS subject,3,3,0,3,INSUFFICIENT DATA,100.0,0.0
2026,H0382,Joshua E. Thomas,D,Firearms,Official LIS subject,3,3,0,3,INSUFFICIENT DATA,100.0,0.0
2026,H0314,Joshua G. Cole,D,Firearms,Official LIS subject,2,2,0,2,INSUFFICIENT DATA,100.0,0.0
2026,H0370,Karen Keys-Gamarra,D,Firearms,Official LIS subject,2,2,0,2,INSUFFICIENT DATA,100.0,0.0
2026,H0387,"Karen R. ""Kacey"" Carnegie",D,Firearms,Official LIS subject,2,2,0,2,INSUFFICIENT DATA,100.0,0.0
2026,H0294,Karrie K. Delaney,D,Firearms,Official LIS subject,2,2,0,2,INSUFFICIENT DATA,100.0,0.0
2026,H0305,Kathy K.L. Tran,D,Firearms,Official LIS subject,2,2,0,2,INSUFFICIENT DATA,100.0,0.0
2026,H0354,Katrina Callsen,D,Firearms,Official LIS subject,2,2,0,2,INSUFFICIENT DATA,100.0,0.0
2026,H0295,Kelly K. Convirs-Fowler,D,Firearms,Official LIS subject,2,2,0,2,INSUFFICIENT DATA,100.0,0.0
2026,H0399,Kimberly Pope Adams,D,Firearms,Official LIS subject,3,3,0,3,INSUFFICIENT DATA,100.0,0.0
2026,H0406,Kirk McPike,D,Firearms,Official LIS subject,1,1,0,1,INSUFFICIENT DATA,100.0,0.0
2026,H0355,Laura Jane Cohen,D,Firearms,Official LIS subject,2,1,0,1,INSUFFICIENT DATA,100.0,0.0
2026,H0396,Leslie Chambers Mehta,D,Firearms,Official LIS subject,2,2,0,2,INSUFFICIENT DATA,100.0,0.0
2026,H0393,Lily V. Franklin,D,Firearms,Official LIS subject,2,2,0,2,INSUFFICIENT DATA,100.0,0.0
2026,H0391,Lindsey Dougherty,D,Firearms,Official LIS subject,2,2,0,2,INSUFFICIENT DATA,100.0,0.0
2026,H0227,Luke E. Torian,D,Firearms,Official LIS subject,2,2,0,2,INSUFFICIENT DATA,100.0,0.0
2026,H0284,"Marcia S. ""Cia"" Price",D,Firearms,Official LIS subject,2,2,0,2,INSUFFICIENT DATA,100.0,0.0
2026,H0264,Marcus B. Simon,D,Firearms,Official LIS subject,3,3,0,3,INSUFFICIENT DATA,100.0,0.0
2026,H0404,Margaret A. Franklin,D,Firearms,Official LIS subject,2,2,0,2,INSUFFICIENT DATA,100.0,0.0
2026,H0392,Mark C. Downey,D,Firearms,Official LIS subject,2,2,0,2,INSUFFICIENT DATA,100.0,0.0
2026,H0374,Marty Martinez,D,Firearms,Official LIS subject,2,2,0,2,INSUFFICIENT DATA,100.0,0.0
2026,H0397,May Nivar,D,Firearms,Official LIS subject,2,2,0,2,INSUFFICIENT DATA,100.0,0.0
2026,H0360,Michael B. Feggans,D,Firearms,Official LIS subject,3,3,0,3,INSUFFICIENT DATA,100.0,0.0
2026,H0340,Michelle Lopes Maldonado,D,Firearms,Official LIS subject,2,2,0,2,INSUFFICIENT DATA,100.0,0.0
2026,H0336,Nadarius E. Clark,D,Firearms,Official LIS subject,3,1,0,1,INSUFFICIENT DATA,100.0,0.0
2026,H0389,Nicole Cole,D,Firearms,Official LIS subject,2,2,0,2,INSUFFICIENT DATA,100.0,0.0
2026,H0219,Patrick A. Hope,D,Firearms,Official LIS subject,3,3,0,3,INSUFFICIENT DATA,100.0,0.0
2026,H0281,Paul E. Krizek,D,Firearms,Official LIS subject,2,2,0,2,INSUFFICIENT DATA,100.0,0.0
2026,H0366,Phil M. Hernandez,D,Firearms,Official LIS subject,2,2,0,2,INSUFFICIENT DATA,100.0,0.0
2026,H0356,Rae Cousins,D,Firearms,Official LIS subject,3,3,0,3,INSUFFICIENT DATA,100.0,0.0
2026,H0269,"Richard C. ""Rip"" Sullivan, Jr.",D,Firearms,Official LIS subject,2,2,0,2,INSUFFICIENT DATA,100.0,0.0
2026,H0327,Rodney T. Willett,D,Firearms,Official LIS subject,2,2,0,2,INSUFFICIENT DATA,100.0,0.0
2026,H0365,"Rozia A. Henson, Jr.",D,Firearms,Official LIS subject,2,2,0,2,INSUFFICIENT DATA,100.0,0.0
2026,H0266,Sam Rasoul,D,Firearms,Official LIS subject,3,3,0,3,INSUFFICIENT DATA,100.0,0.0
2026,H0323,Shelly A. Simonds,D,Firearms,Official LIS subject,2,2,0,2,INSUFFICIENT DATA,100.0,0.0
2026,H0388,Stacey Annie Carroll,D,Firearms,Official LIS subject,2,2,0,2,INSUFFICIENT DATA,100.0,0.0
2026,H0400,Virgil Thornton,D,Firearms,Official LIS subject,2,2,0,2,INSUFFICIENT DATA,100.0,0.0
2026,H0108,Vivian E. Watts,D,Firearms,Official LIS subject,2,2,0,2,INSUFFICIENT DATA,100.0,0.0
2026,H0407,Andrew Rice,R,Firearms,Derived from LIS bill description,9,1,8,9,INSUFFICIENT DATA,11.11111111111111,88.88888888888889
2026,H0345,Anne Ferrell Tata,R,Firearms,Official LIS subject,2,0,2,2,INSUFFICIENT DATA,0.0,100.0
2026,H0206,Barry D. Knight,R,Firearms,Derived from LIS bill description,22,0,0,0,INSUFFICIENT DATA,0.0,0.0
2026,H0206,Barry D. Knight,R,Firearms,Official LIS subject,1,0,0,0,INSUFFICIENT DATA,0.0,0.0
2026,H0329,Bill Wiley,R,Firearms,Official LIS subject,2,0,2,2,INSUFFICIENT DATA,0.0,100.0
2026,H0321,Chris S. Runion,R,Firearms,Official LIS subject,2,0,2,2,INSUFFICIENT DATA,0.0,100.0
2026,H0377,Delores Oates,R,Firearms,Official LIS subject,3,0,3,3,INSUFFICIENT DATA,0.0,100.0
2026,H0350,Ellen H. McLaughlin,R,Firearms,Official LIS subject,2,0,2,2,INSUFFICIENT DATA,0.0,100.0
2026,H0384,Eric Phillips,R,Firearms,Official LIS subject,3,0,3,3,INSUFFICIENT DATA,0.0,100.0
2026,H0383,Eric R. Zehr,R,Firearms,Official LIS subject,3,0,3,3,INSUFFICIENT DATA,0.0,100.0
2026,H0347,"H. Otto Wachsmann, Jr.",R,Firearms,Official LIS subject,2,0,2,2,INSUFFICIENT DATA,0.0,100.0
2026,H0369,Hillary Pugh Kent,R,Firearms,Official LIS subject,2,0,2,2,INSUFFICIENT DATA,0.0,100.0
2026,H0259,"Hyland F. ""Buddy"" Fowler, Jr.",R,Firearms,Official LIS subject,2,0,2,2,INSUFFICIENT DATA,0.0,100.0
2026,H0242,Israel D. O'Quinn,R,Firearms,Official LIS subject,2,0,2,2,INSUFFICIENT DATA,0.0,100.0
2026,H0262,"James A. ""Jay"" Leftwich",R,Firearms,Official LIS subject,2,0,2,2,INSUFFICIENT DATA,0.0,100.0
2026,H0224,James W. Morefield,R,Firearms,Official LIS subject,2,0,2,2,INSUFFICIENT DATA,0.0,100.0
2026,H0333,Jason S. Ballard,R,Firearms,Official LIS subject,2,0,2,2,INSUFFICIENT DATA,0.0,100.0
2026,H0395,John Chilton McAuliff,D,Firearms,Official LIS subject,2,0,2,2,INSUFFICIENT DATA,0.0,100.0
2026,H0308,Joseph P. McNamara,R,Firearms,Official LIS subject,2,0,2,2,INSUFFICIENT DATA,0.0,100.0
2026,H0398,Justin Pence,R,Firearms,Official LIS subject,2,0,2,2,INSUFFICIENT DATA,0.0,100.0
2026,H0394,Karen Hamilton,R,Firearms,Official LIS subject,3,0,3,3,INSUFFICIENT DATA,0.0,100.0
2026,H0238,M. Keith Hodges,R,Firearms,Official LIS subject,2,0,2,2,INSUFFICIENT DATA,0.0,100.0
2026,H0401,Madison Whittle,R,Firearms,Official LIS subject,2,0,2,2,INSUFFICIENT DATA,0.0,100.0
2026,H0247,Michael J. Webert,R,Firearms,Official LIS subject,3,0,3,3,INSUFFICIENT DATA,0.0,100.0
2026,H0335,Mike A. Cherry,R,Firearms,Official LIS subject,2,0,2,2,INSUFFICIENT DATA,0.0,100.0
2026,H0390,Mitchell Cornett,R,Firearms,Official LIS subject,3,0,3,3,INSUFFICIENT DATA,0.0,100.0
2026,H0342,Phillip A. Scott,R,Firearms,Official LIS subject,2,0,2,2,INSUFFICIENT DATA,0.0,100.0
2026,H0124,R. Lee Ware,R,Firearms,Official LIS subject,2,0,2,2,INSUFFICIENT DATA,0.0,100.0
2026,H0267,"Robert S. Bloxom, Jr.",R,Firearms,Official LIS subject,2,0,2,2,INSUFFICIENT DATA,0.0,100.0
2026,H0328,Scott A. Wyatt,R,Firearms,Official LIS subject,2,0,2,2,INSUFFICIENT DATA,0.0,100.0
2026,H0056,Terry G. Kilgore,R,Firearms,Official LIS subject,2,0,2,2,INSUFFICIENT DATA,0.0,100.0
2026,H0253,Terry L. Austin,R,Firearms,Official LIS subject,2,0,2,2,INSUFFICIENT DATA,0.0,100.0
2026,H0362,"Thomas A. Garrett, Jr.",R,Firearms,Official LIS subject,2,0,2,2,INSUFFICIENT DATA,0.0,100.0
2026,H0136,"Thomas C. Wright, Jr.",R,Firearms,Official LIS subject,2,0,2,2,INSUFFICIENT DATA,0.0,100.0
2026,H0364,Timothy P. Griffin,R,Firearms,Official LIS subject,2,0,2,2,INSUFFICIENT DATA,0.0,100.0
2026,H0231,Tony O. Wilt,R,Firearms,Official LIS subject,3,0,3,3,INSUFFICIENT DATA,0.0,100.0
2026,H0325,Wendell S. Walker,R,Firearms,Official LIS subject,2,0,2,2,INSUFFICIENT DATA,0.0,100.0
2026,H0357,Will Davis,R,Firearms,Official LIS subject,2,0,2,2,INSUFFICIENT DATA,0.0,100.0
2026,H0348,Wren M. Williams,R,Firearms,Official LIS subject,2,0,2,2,INSUFFICIENT DATA,0.0,100.0
2026,H0395,John Chilton McAuliff,D,Firearms,Derived from LIS bill description,65,34,27,61,MIXED,55.73770491803278,44.26229508196721
2026,H0348,Wren M. Williams,R,Firearms,Derived from LIS bill description,70,10,58,68,NO,14.705882352941178,85.29411764705883
2026,H0262,"James A. ""Jay"" Leftwich",R,Firearms,Derived from LIS bill description,70,10,59,69,NO,14.492753623188406,85.5072463768116
2026,H0124,R. Lee Ware,R,Firearms,Derived from LIS bill description,69,10,59,69,NO,14.492753623188406,85.5072463768116
2026,H0056,Terry G. Kilgore,R,Firearms,Derived from LIS bill description,70,10,60,70,NO,14.285714285714285,85.71428571428571
2026,H0357,Will Davis,R,Firearms,Derived from LIS bill description,71,10,61,71,NO,14.084507042253522,85.91549295774648
2026,H0333,Jason S. Ballard,R,Firearms,Derived from LIS bill description,70,9,56,65,NO,13.846153846153847,86.15384615384616
2026,H0401,Madison Whittle,R,Firearms,Derived from LIS bill description,72,9,59,68,NO,13.23529411764706,86.76470588235294
2026,H0384,Eric Phillips,R,Firearms,Derived from LIS bill description,96,12,83,95,NO,12.631578947368421,87.36842105263159
2026,H0231,Tony O. Wilt,R,Firearms,Derived from LIS bill description,122,15,106,121,NO,12.396694214876034,87.60330578512396
2026,H0325,Wendell S. Walker,R,Firearms,Derived from LIS bill description,69,8,58,66,NO,12.121212121212121,87.87878787878788
2026,H0267,"Robert S. Bloxom, Jr.",R,Firearms,Derived from LIS bill description,69,8,60,68,NO,11.76470588235294,88.23529411764706
2026,H0398,Justin Pence,R,Firearms,Derived from LIS bill description,69,8,61,69,NO,11.594202898550725,88.40579710144928
2026,H0238,M. Keith Hodges,R,Firearms,Derived from LIS bill description,69,8,61,69,NO,11.594202898550725,88.40579710144928
2026,H0335,Mike A. Cherry,R,Firearms,Derived from LIS bill description,69,8,61,69,NO,11.594202898550725,88.40579710144928
2026,H0259,"Hyland F. ""Buddy"" Fowler, Jr.",R,Firearms,Derived from LIS bill description,66,7,56,63,NO,11.11111111111111,88.88888888888889
2026,H0136,"Thomas C. Wright, Jr.",R,Firearms,Derived from LIS bill description,65,6,48,54,NO,11.11111111111111,88.88888888888889
2026,H0242,Israel D. O'Quinn,R,Firearms,Derived from LIS bill description,65,7,58,65,NO,10.76923076923077,89.23076923076924
2026,H0247,Michael J. Webert,R,Firearms,Derived from LIS bill description,96,9,75,84,NO,10.714285714285714,89.28571428571429
2026,H0377,Delores Oates,R,Firearms,Derived from LIS bill description,122,13,109,122,NO,10.655737704918032,89.34426229508196
2026,H0308,Joseph P. McNamara,R,Firearms,Derived from LIS bill description,66,7,59,66,NO,10.606060606060606,89.39393939393939
2026,H0350,Ellen H. McLaughlin,R,Firearms,Derived from LIS bill description,69,7,60,67,NO,10.44776119402985,89.55223880597015
2026,H0390,Mitchell Cornett,R,Firearms,Derived from LIS bill description,96,10,86,96,NO,10.416666666666668,89.58333333333334
2026,H0253,Terry L. Austin,R,Firearms,Derived from LIS bill description,72,7,64,71,NO,9.859154929577464,90.14084507042254
2026,H0362,"Thomas A. Garrett, Jr.",R,Firearms,Derived from LIS bill description,71,6,56,62,NO,9.67741935483871,90.32258064516128
2026,H0364,Timothy P. Griffin,R,Firearms,Derived from LIS bill description,65,6,56,62,NO,9.67741935483871,90.32258064516128
2026,H0394,Karen Hamilton,R,Firearms,Derived from LIS bill description,96,9,87,96,NO,9.375,90.625
2026,H0347,"H. Otto Wachsmann, Jr.",R,Firearms,Derived from LIS bill description,65,6,59,65,NO,9.230769230769232,90.76923076923077
2026,H0321,Chris S. Runion,R,Firearms,Derived from LIS bill description,66,6,60,66,NO,9.090909090909092,90.9090909090909
2026,H0383,Eric R. Zehr,R,Firearms,Derived from LIS bill description,124,11,113,124,NO,8.870967741935484,91.12903225806451
2026,H0345,Anne Ferrell Tata,R,Firearms,Derived from LIS bill description,69,6,63,69,NO,8.695652173913043,91.30434782608695
2026,H0329,Bill Wiley,R,Firearms,Derived from LIS bill description,69,6,63,69,NO,8.695652173913043,91.30434782608695
2026,H0369,Hillary Pugh Kent,R,Firearms,Derived from LIS bill description,69,6,63,69,NO,8.695652173913043,91.30434782608695
2026,H0224,James W. Morefield,R,Firearms,Derived from LIS bill description,69,6,63,69,NO,8.695652173913043,91.30434782608695
2026,H0328,Scott A. Wyatt,R,Firearms,Derived from LIS bill description,72,6,66,72,NO,8.333333333333332,91.66666666666666
2026,H0342,Phillip A. Scott,R,Firearms,Derived from LIS bill description,67,5,60,65,NO,7.6923076923076925,92.3076923076923
2026,H0334,Elizabeth B. Bennett-Parker,D,Firearms,Derived from LIS bill description,53,50,0,50,YES,100.0,0.0
2026,H0391,Lindsey Dougherty,D,Firearms,Derived from LIS bill description,73,68,2,70,YES,97.14285714285714,2.857142857142857
2026,H0239,Alfonso H. Lopez,D,Firearms,Derived from LIS bill description,122,118,4,122,YES,96.72131147540983,3.278688524590164
2026,H0361,Debra D. Gardner,D,Firearms,Derived from LIS bill description,123,118,4,122,YES,96.72131147540983,3.278688524590164
2026,H0355,Laura Jane Cohen,D,Firearms,Derived from LIS bill description,65,59,2,61,YES,96.72131147540983,3.278688524590164
2026,H0317,Dan I. Helmer,D,Firearms,Derived from LIS bill description,122,117,4,121,YES,96.69421487603306,3.3057851239669422
2026,H0360,Michael B. Feggans,D,Firearms,Derived from LIS bill description,122,117,4,121,YES,96.69421487603306,3.3057851239669422
2026,H0375,Adele Y. McClure,D,Firearms,Derived from LIS bill description,122,113,4,117,YES,96.58119658119658,3.418803418803419
2026,H0356,Rae Cousins,D,Firearms,Derived from LIS bill description,105,101,4,105,YES,96.19047619047619,3.8095238095238098
2026,H0108,Vivian E. Watts,D,Firearms,Derived from LIS bill description,74,71,3,74,YES,95.94594594594594,4.054054054054054
2026,H0219,Patrick A. Hope,D,Firearms,Derived from LIS bill description,100,93,4,97,YES,95.87628865979381,4.123711340206185
2026,H0266,Sam Rasoul,D,Firearms,Derived from LIS bill description,98,92,4,96,YES,95.83333333333334,4.166666666666666
2026,H0340,Michelle Lopes Maldonado,D,Firearms,Derived from LIS bill description,71,68,3,71,YES,95.77464788732394,4.225352112676056
2026,H0336,Nadarius E. Clark,D,Firearms,Derived from LIS bill description,124,88,4,92,YES,95.65217391304348,4.3478260869565215
2026,H0351,Holly M. Seibold,D,Firearms,Derived from LIS bill description,96,86,4,90,YES,95.55555555555556,4.444444444444445
2026,H0387,"Karen R. ""Kacey"" Carnegie",D,Firearms,Derived from LIS bill description,77,73,4,77,YES,94.8051948051948,5.194805194805195
2026,H0311,Alex Q. Askew,D,Firearms,Derived from LIS bill description,76,72,4,76,YES,94.73684210526315,5.263157894736842
2026,H0323,Shelly A. Simonds,D,Firearms,Derived from LIS bill description,73,69,4,73,YES,94.52054794520548,5.47945205479452
2026,H0301,David A. Reid,D,Firearms,Derived from LIS bill description,72,68,4,72,YES,94.44444444444444,5.555555555555555
2026,H0207,Delores L. McQuinn,D,Firearms,Derived from LIS bill description,74,68,4,72,YES,94.44444444444444,5.555555555555555
2026,H0264,Marcus B. Simon,D,Firearms,Derived from LIS bill description,113,102,6,108,YES,94.44444444444444,5.555555555555555
2026,H0281,Paul E. Krizek,D,Firearms,Derived from LIS bill description,72,68,4,72,YES,94.44444444444444,5.555555555555555
2026,H0354,Katrina Callsen,D,Firearms,Derived from LIS bill description,71,67,4,71,YES,94.36619718309859,5.633802816901409
2026,H0366,Phil M. Hernandez,D,Firearms,Derived from LIS bill description,71,67,4,71,YES,94.36619718309859,5.633802816901409
2026,H0269,"Richard C. ""Rip"" Sullivan, Jr.",D,Firearms,Derived from LIS bill description,71,67,4,71,YES,94.36619718309859,5.633802816901409
2026,H0371,Amy J. Laufer,D,Firearms,Derived from LIS bill description,71,66,4,70,YES,94.28571428571428,5.714285714285714
2026,H0343,Briana D. Sewell,D,Firearms,Derived from LIS bill description,71,66,4,70,YES,94.28571428571428,5.714285714285714
2026,H0403,Gretchen M. Bulova,D,Firearms,Derived from LIS bill description,70,66,4,70,YES,94.28571428571428,5.714285714285714
2026,H0370,Karen Keys-Gamarra,D,Firearms,Derived from LIS bill description,74,66,4,70,YES,94.28571428571428,5.714285714285714
2026,H0380,Atoosa R. Reaser,D,Firearms,Derived from LIS bill description,72,65,4,69,YES,94.20289855072464,5.797101449275362
2026,H0353,Bonita G. Anthony,D,Firearms,Derived from LIS bill description,69,65,4,69,YES,94.20289855072464,5.797101449275362
2026,H0285,"C.E. Cliff Hayes, Jr.",D,Firearms,Derived from LIS bill description,69,65,4,69,YES,94.20289855072464,5.797101449275362
2026,H0402,Charlie Schmidt,D,Firearms,Derived from LIS bill description,70,65,4,69,YES,94.20289855072464,5.797101449275362
2026,H0208,Charniele L. Herring,D,Firearms,Derived from LIS bill description,69,65,4,69,YES,94.20289855072464,5.797101449275362
2026,H0372,Destiny LeVere Bolling,D,Firearms,Derived from LIS bill description,69,65,4,69,YES,94.20289855072464,5.797101449275362
2026,H0305,Kathy K.L. Tran,D,Firearms,Derived from LIS bill description,69,65,4,69,YES,94.20289855072464,5.797101449275362
2026,H0396,Leslie Chambers Mehta,D,Firearms,Derived from LIS bill description,70,65,4,69,YES,94.20289855072464,5.797101449275362
2026,H0284,"Marcia S. ""Cia"" Price",D,Firearms,Derived from LIS bill description,69,65,4,69,YES,94.20289855072464,5.797101449275362
2026,H0327,Rodney T. Willett,D,Firearms,Derived from LIS bill description,69,65,4,69,YES,94.20289855072464,5.797101449275362
2026,H0212,Betsy B. Carr,D,Firearms,Derived from LIS bill description,69,64,4,68,YES,94.11764705882352,5.88235294117647
2026,H0227,Luke E. Torian,D,Firearms,Derived from LIS bill description,72,64,4,68,YES,94.11764705882352,5.88235294117647
2026,H0322,Don Scott,D,Firearms,Derived from LIS bill description,65,61,4,65,YES,93.84615384615384,6.153846153846154
2026,H0297,Elizabeth R. Guzman,D,Firearms,Derived from LIS bill description,67,61,4,65,YES,93.84615384615384,6.153846153846154
2026,H0385,JJ Singh,D,Firearms,Derived from LIS bill description,65,61,4,65,YES,93.84615384615384,6.153846153846154
2026,H0173,Jeion A. Ward,D,Firearms,Derived from LIS bill description,65,61,4,65,YES,93.84615384615384,6.153846153846154
2026,H0392,Mark C. Downey,D,Firearms,Derived from LIS bill description,65,61,4,65,YES,93.84615384615384,6.153846153846154
2026,H0397,May Nivar,D,Firearms,Derived from LIS bill description,65,61,4,65,YES,93.84615384615384,6.153846153846154
2026,H0405,Garrett McGuire,D,Firearms,Derived from LIS bill description,65,60,4,64,YES,93.75,6.25
2026,H0344,Irene Shin,D,Firearms,Derived from LIS bill description,65,60,4,64,YES,93.75,6.25
2026,H0314,Joshua G. Cole,D,Firearms,Derived from LIS bill description,65,60,4,64,YES,93.75,6.25
2026,H0374,Marty Martinez,D,Firearms,Derived from LIS bill description,65,60,4,64,YES,93.75,6.25
2026,H0294,Karrie K. Delaney,D,Firearms,Derived from LIS bill description,70,59,4,63,YES,93.65079365079364,6.349206349206349
2026,H0365,"Rozia A. Henson, Jr.",D,Firearms,Derived from LIS bill description,65,59,4,63,YES,93.65079365079364,6.349206349206349
2026,H0404,Margaret A. Franklin,D,Firearms,Derived from LIS bill description,69,56,4,60,YES,93.33333333333333,6.666666666666667
2026,H0400,Virgil Thornton,D,Firearms,Derived from LIS bill description,70,65,5,70,YES,92.85714285714286,7.142857142857142
2026,H0406,Kirk McPike,D,Firearms,Derived from LIS bill description,49,45,4,49,YES,91.83673469387756,8.16326530612245
2026,H0295,Kelly K. Convirs-Fowler,D,Firearms,Derived from LIS bill description,67,54,5,59,YES,91.52542372881356,8.47457627118644
2026,H0349,Jackie H. Glass,D,Firearms,Derived from LIS bill description,65,51,5,56,YES,91.07142857142857,8.928571428571429
2026,H0389,Nicole Cole,D,Firearms,Derived from LIS bill description,69,61,6,67,YES,91.04477611940298,8.955223880597014
2026,H0386,Jessica L. Anderson,D,Firearms,Derived from LIS bill description,100,84,10,94,YES,89.36170212765957,10.638297872340425
2026,H0399,Kimberly Pope Adams,D,Firearms,Derived from LIS bill description,114,94,13,107,YES,87.85046728971963,12.149532710280374
2026,H0382,Joshua E. Thomas,D,Firearms,Derived from LIS bill description,103,90,13,103,YES,87.37864077669903,12.62135922330097
2026,H0393,Lily V. Franklin,D,Firearms,Derived from LIS bill description,65,53,9,62,YES,85.48387096774194,14.516129032258066
2026,H0388,Stacey Annie Carroll,D,Firearms,Derived from LIS bill description,69,51,9,60,YES,85.0,15.0
2026,H0375,Adele Y. McClure,D,General Assembly,Official LIS subject,1,1,0,1,INSUFFICIENT DATA,100.0,0.0
2026,H0311,Alex Q. Askew,D,General Assembly,Official LIS subject,1,1,0,1,INSUFFICIENT DATA,100.0,0.0
2026,H0371,Amy J. Laufer,D,General Assembly,Official LIS subject,1,1,0,1,INSUFFICIENT DATA,100.0,0.0
2026,H0380,Atoosa R. Reaser,D,General Assembly,Official LIS subject,1,1,0,1,INSUFFICIENT DATA,100.0,0.0
2026,H0212,Betsy B. Carr,D,General Assembly,Official LIS subject,1,1,0,1,INSUFFICIENT DATA,100.0,0.0
2026,H0353,Bonita G. Anthony,D,General Assembly,Official LIS subject,2,2,0,2,INSUFFICIENT DATA,100.0,0.0
2026,H0343,Briana D. Sewell,D,General Assembly,Official LIS subject,1,1,0,1,INSUFFICIENT DATA,100.0,0.0
2026,H0285,"C.E. Cliff Hayes, Jr.",D,General Assembly,Official LIS subject,1,1,0,1,INSUFFICIENT DATA,100.0,0.0
2026,H0330,Candi Mundon King,D,General Assembly,Official LIS subject,1,1,0,1,INSUFFICIENT DATA,100.0,0.0
2026,H0208,Charniele L. Herring,D,General Assembly,Official LIS subject,1,1,0,1,INSUFFICIENT DATA,100.0,0.0
2026,H0317,Dan I. Helmer,D,General Assembly,Official LIS subject,1,1,0,1,INSUFFICIENT DATA,100.0,0.0
2026,H0301,David A. Reid,D,General Assembly,Official LIS subject,2,2,0,2,INSUFFICIENT DATA,100.0,0.0
2026,H0177,David L. Bulova,D,General Assembly,Official LIS subject,2,2,0,2,INSUFFICIENT DATA,100.0,0.0
2026,H0361,Debra D. Gardner,D,General Assembly,Official LIS subject,1,1,0,1,INSUFFICIENT DATA,100.0,0.0
2026,H0207,Delores L. McQuinn,D,General Assembly,Official LIS subject,1,1,0,1,INSUFFICIENT DATA,100.0,0.0
2026,H0372,Destiny LeVere Bolling,D,General Assembly,Official LIS subject,2,2,0,2,INSUFFICIENT DATA,100.0,0.0
2026,H0322,Don Scott,D,General Assembly,Official LIS subject,1,1,0,1,INSUFFICIENT DATA,100.0,0.0
2026,H0334,Elizabeth B. Bennett-Parker,D,General Assembly,Official LIS subject,1,1,0,1,INSUFFICIENT DATA,100.0,0.0
2026,H0297,Elizabeth R. Guzman,D,General Assembly,Official LIS subject,1,1,0,1,INSUFFICIENT DATA,100.0,0.0
2026,H0351,Holly M. Seibold,D,General Assembly,Official LIS subject,1,1,0,1,INSUFFICIENT DATA,100.0,0.0
2026,H0344,Irene Shin,D,General Assembly,Official LIS subject,1,1,0,1,INSUFFICIENT DATA,100.0,0.0
2026,H0385,JJ Singh,D,General Assembly,Official LIS subject,2,2,0,2,INSUFFICIENT DATA,100.0,0.0
2026,H0349,Jackie H. Glass,D,General Assembly,Official LIS subject,2,2,0,2,INSUFFICIENT DATA,100.0,0.0
2026,H0173,Jeion A. Ward,D,General Assembly,Official LIS subject,1,1,0,1,INSUFFICIENT DATA,100.0,0.0
2026,H0386,Jessica L. Anderson,D,General Assembly,Official LIS subject,1,1,0,1,INSUFFICIENT DATA,100.0,0.0
2026,H0395,John Chilton McAuliff,D,General Assembly,Official LIS subject,2,2,0,2,INSUFFICIENT DATA,100.0,0.0
2026,H0382,Joshua E. Thomas,D,General Assembly,Official LIS subject,1,1,0,1,INSUFFICIENT DATA,100.0,0.0
2026,H0314,Joshua G. Cole,D,General Assembly,Official LIS subject,2,2,0,2,INSUFFICIENT DATA,100.0,0.0
2026,H0370,Karen Keys-Gamarra,D,General Assembly,Official LIS subject,1,1,0,1,INSUFFICIENT DATA,100.0,0.0
2026,H0387,"Karen R. ""Kacey"" Carnegie",D,General Assembly,Official LIS subject,2,2,0,2,INSUFFICIENT DATA,100.0,0.0
2026,H0305,Kathy K.L. Tran,D,General Assembly,Official LIS subject,1,1,0,1,INSUFFICIENT DATA,100.0,0.0
2026,H0354,Katrina Callsen,D,General Assembly,Official LIS subject,1,1,0,1,INSUFFICIENT DATA,100.0,0.0
2026,H0295,Kelly K. Convirs-Fowler,D,General Assembly,Official LIS subject,2,2,0,2,INSUFFICIENT DATA,100.0,0.0
2026,H0399,Kimberly Pope Adams,D,General Assembly,Official LIS subject,1,1,0,1,INSUFFICIENT DATA,100.0,0.0
2026,H0355,Laura Jane Cohen,D,General Assembly,Official LIS subject,1,1,0,1,INSUFFICIENT DATA,100.0,0.0
2026,H0396,Leslie Chambers Mehta,D,General Assembly,Official LIS subject,1,1,0,1,INSUFFICIENT DATA,100.0,0.0
2026,H0393,Lily V. Franklin,D,General Assembly,Official LIS subject,1,1,0,1,INSUFFICIENT DATA,100.0,0.0
2026,H0391,Lindsey Dougherty,D,General Assembly,Official LIS subject,1,1,0,1,INSUFFICIENT DATA,100.0,0.0
2026,H0227,Luke E. Torian,D,General Assembly,Official LIS subject,1,1,0,1,INSUFFICIENT DATA,100.0,0.0
2026,H0284,"Marcia S. ""Cia"" Price",D,General Assembly,Official LIS subject,2,2,0,2,INSUFFICIENT DATA,100.0,0.0
2026,H0264,Marcus B. Simon,D,General Assembly,Official LIS subject,1,1,0,1,INSUFFICIENT DATA,100.0,0.0
2026,H0392,Mark C. Downey,D,General Assembly,Official LIS subject,1,1,0,1,INSUFFICIENT DATA,100.0,0.0
2026,H0172,Mark D. Sickles,D,General Assembly,Official LIS subject,1,1,0,1,INSUFFICIENT DATA,100.0,0.0
2026,H0374,Marty Martinez,D,General Assembly,Official LIS subject,1,1,0,1,INSUFFICIENT DATA,100.0,0.0
2026,H0397,May Nivar,D,General Assembly,Official LIS subject,1,1,0,1,INSUFFICIENT DATA,100.0,0.0
2026,H0360,Michael B. Feggans,D,General Assembly,Official LIS subject,1,1,0,1,INSUFFICIENT DATA,100.0,0.0
2026,H0340,Michelle Lopes Maldonado,D,General Assembly,Official LIS subject,1,1,0,1,INSUFFICIENT DATA,100.0,0.0
2026,H0336,Nadarius E. Clark,D,General Assembly,Official LIS subject,1,1,0,1,INSUFFICIENT DATA,100.0,0.0
2026,H0389,Nicole Cole,D,General Assembly,Official LIS subject,2,2,0,2,INSUFFICIENT DATA,100.0,0.0
2026,H0219,Patrick A. Hope,D,General Assembly,Official LIS subject,1,1,0,1,INSUFFICIENT DATA,100.0,0.0
2026,H0281,Paul E. Krizek,D,General Assembly,Official LIS subject,2,2,0,2,INSUFFICIENT DATA,100.0,0.0
2026,H0366,Phil M. Hernandez,D,General Assembly,Official LIS subject,1,1,0,1,INSUFFICIENT DATA,100.0,0.0
2026,H0356,Rae Cousins,D,General Assembly,Official LIS subject,1,1,0,1,INSUFFICIENT DATA,100.0,0.0
2026,H0269,"Richard C. ""Rip"" Sullivan, Jr.",D,General Assembly,Official LIS subject,1,1,0,1,INSUFFICIENT DATA,100.0,0.0
2026,H0327,Rodney T. Willett,D,General Assembly,Official LIS subject,1,1,0,1,INSUFFICIENT DATA,100.0,0.0
2026,H0365,"Rozia A. Henson, Jr.",D,General Assembly,Official LIS subject,2,2,0,2,INSUFFICIENT DATA,100.0,0.0
2026,H0266,Sam Rasoul,D,General Assembly,Official LIS subject,1,1,0,1,INSUFFICIENT DATA,100.0,0.0
2026,H0323,Shelly A. Simonds,D,General Assembly,Official LIS subject,1,1,0,1,INSUFFICIENT DATA,100.0,0.0
2026,H0388,Stacey Annie Carroll,D,General Assembly,Official LIS subject,2,2,0,2,INSUFFICIENT DATA,100.0,0.0
2026,H0400,Virgil Thornton,D,General Assembly,Official LIS subject,1,1,0,1,INSUFFICIENT DATA,100.0,0.0
2026,H0108,Vivian E. Watts,D,General Assembly,Official LIS subject,1,1,0,1,INSUFFICIENT DATA,100.0,0.0
2026,H0239,Alfonso H. Lopez,D,General Assembly,Official LIS subject,1,0,0,0,INSUFFICIENT DATA,0.0,0.0
2026,H0345,Anne Ferrell Tata,R,General Assembly,Official LIS subject,1,0,1,1,INSUFFICIENT DATA,0.0,100.0
2026,H0206,Barry D. Knight,R,General Assembly,Official LIS subject,1,0,0,0,INSUFFICIENT DATA,0.0,0.0
2026,H0329,Bill Wiley,R,General Assembly,Official LIS subject,1,0,1,1,INSUFFICIENT DATA,0.0,100.0
2026,H0321,Chris S. Runion,R,General Assembly,Official LIS subject,1,0,0,0,INSUFFICIENT DATA,0.0,0.0
2026,H0377,Delores Oates,R,General Assembly,Official LIS subject,1,0,1,1,INSUFFICIENT DATA,0.0,100.0
2026,H0350,Ellen H. McLaughlin,R,General Assembly,Official LIS subject,1,0,1,1,INSUFFICIENT DATA,0.0,100.0
2026,H0384,Eric Phillips,R,General Assembly,Official LIS subject,2,0,2,2,INSUFFICIENT DATA,0.0,100.0
2026,H0383,Eric R. Zehr,R,General Assembly,Official LIS subject,1,0,1,1,INSUFFICIENT DATA,0.0,100.0
2026,H0347,"H. Otto Wachsmann, Jr.",R,General Assembly,Official LIS subject,2,0,2,2,INSUFFICIENT DATA,0.0,100.0
2026,H0369,Hillary Pugh Kent,R,General Assembly,Official LIS subject,1,0,1,1,INSUFFICIENT DATA,0.0,100.0
2026,H0259,"Hyland F. ""Buddy"" Fowler, Jr.",R,General Assembly,Official LIS subject,1,0,1,1,INSUFFICIENT DATA,0.0,100.0
2026,H0242,Israel D. O'Quinn,R,General Assembly,Official LIS subject,2,0,2,2,INSUFFICIENT DATA,0.0,100.0
2026,H0262,"James A. ""Jay"" Leftwich",R,General Assembly,Official LIS subject,2,0,2,2,INSUFFICIENT DATA,0.0,100.0
2026,H0224,James W. Morefield,R,General Assembly,Official LIS subject,1,0,1,1,INSUFFICIENT DATA,0.0,100.0
2026,H0333,Jason S. Ballard,R,General Assembly,Official LIS subject,1,0,1,1,INSUFFICIENT DATA,0.0,100.0
2026,H0308,Joseph P. McNamara,R,General Assembly,Official LIS subject,1,0,1,1,INSUFFICIENT DATA,0.0,100.0
2026,H0398,Justin Pence,R,General Assembly,Official LIS subject,1,0,1,1,INSUFFICIENT DATA,0.0,100.0
2026,H0394,Karen Hamilton,R,General Assembly,Official LIS subject,1,0,1,1,INSUFFICIENT DATA,0.0,100.0
2026,H0294,Karrie K. Delaney,D,General Assembly,Official LIS subject,1,0,0,0,INSUFFICIENT DATA,0.0,0.0
2026,H0238,M. Keith Hodges,R,General Assembly,Official LIS subject,1,0,1,1,INSUFFICIENT DATA,0.0,100.0
2026,H0401,Madison Whittle,R,General Assembly,Official LIS subject,1,0,1,1,INSUFFICIENT DATA,0.0,100.0
2026,H0247,Michael J. Webert,R,General Assembly,Official LIS subject,1,0,1,1,INSUFFICIENT DATA,0.0,100.0
2026,H0335,Mike A. Cherry,R,General Assembly,Official LIS subject,2,0,2,2,INSUFFICIENT DATA,0.0,100.0
2026,H0390,Mitchell Cornett,R,General Assembly,Official LIS subject,1,0,1,1,INSUFFICIENT DATA,0.0,100.0
2026,H0342,Phillip A. Scott,R,General Assembly,Official LIS subject,2,0,2,2,INSUFFICIENT DATA,0.0,100.0
2026,H0124,R. Lee Ware,R,General Assembly,Official LIS subject,1,0,1,1,INSUFFICIENT DATA,0.0,100.0
2026,H0267,"Robert S. Bloxom, Jr.",R,General Assembly,Official LIS subject,2,0,2,2,INSUFFICIENT DATA,0.0,100.0
2026,H0328,Scott A. Wyatt,R,General Assembly,Official LIS subject,1,0,1,1,INSUFFICIENT DATA,0.0,100.0
2026,H0056,Terry G. Kilgore,R,General Assembly,Official LIS subject,1,0,1,1,INSUFFICIENT DATA,0.0,100.0
2026,H0253,Terry L. Austin,R,General Assembly,Official LIS subject,1,0,0,0,INSUFFICIENT DATA,0.0,0.0
2026,H0362,"Thomas A. Garrett, Jr.",R,General Assembly,Official LIS subject,1,0,1,1,INSUFFICIENT DATA,0.0,100.0
2026,H0136,"Thomas C. Wright, Jr.",R,General Assembly,Official LIS subject,1,0,1,1,INSUFFICIENT DATA,0.0,100.0
2026,H0364,Timothy P. Griffin,R,General Assembly,Official LIS subject,1,0,1,1,INSUFFICIENT DATA,0.0,100.0
2026,H0231,Tony O. Wilt,R,General Assembly,Official LIS subject,1,0,1,1,INSUFFICIENT DATA,0.0,100.0
2026,H0325,Wendell S. Walker,R,General Assembly,Official LIS subject,1,0,1,1,INSUFFICIENT DATA,0.0,100.0
2026,H0357,Will Davis,R,General Assembly,Official LIS subject,1,0,1,1,INSUFFICIENT DATA,0.0,100.0
2026,H0348,Wren M. Williams,R,General Assembly,Official LIS subject,1,0,1,1,INSUFFICIENT DATA,0.0,100.0
2026,H0334,Elizabeth B. Bennett-Parker,D,Health,Official LIS subject,1,1,0,1,INSUFFICIENT DATA,100.0,0.0
2026,H0297,Elizabeth R. Guzman,D,Health,Official LIS subject,3,3,0,3,INSUFFICIENT DATA,100.0,0.0
2026,H0208,Charniele L. Herring,D,Health,Official LIS subject,5,4,1,5,INSUFFICIENT DATA,80.0,20.0
2026,H0344,Irene Shin,D,Health,Official LIS subject,5,4,1,5,INSUFFICIENT DATA,80.0,20.0
2026,H0284,"Marcia S. ""Cia"" Price",D,Health,Official LIS subject,5,4,1,5,INSUFFICIENT DATA,80.0,20.0
2026,H0392,Mark C. Downey,D,Health,Official LIS subject,5,4,1,5,INSUFFICIENT DATA,80.0,20.0
2026,H0219,Patrick A. Hope,D,Health,Official LIS subject,5,4,1,5,INSUFFICIENT DATA,80.0,20.0
2026,H0266,Sam Rasoul,D,Health,Official LIS subject,5,4,1,5,INSUFFICIENT DATA,80.0,20.0
2026,H0285,"C.E. Cliff Hayes, Jr.",D,Health,Official LIS subject,4,3,1,4,INSUFFICIENT DATA,75.0,25.0
2026,H0361,Debra D. Gardner,D,Health,Official LIS subject,4,3,1,4,INSUFFICIENT DATA,75.0,25.0
2026,H0405,Garrett McGuire,D,Health,Official LIS subject,4,3,1,4,INSUFFICIENT DATA,75.0,25.0
2026,H0314,Joshua G. Cole,D,Health,Official LIS subject,4,3,1,4,INSUFFICIENT DATA,75.0,25.0
2026,H0305,Kathy K.L. Tran,D,Health,Official LIS subject,4,3,1,4,INSUFFICIENT DATA,75.0,25.0
2026,H0355,Laura Jane Cohen,D,Health,Official LIS subject,4,3,1,4,INSUFFICIENT DATA,75.0,25.0
2026,H0389,Nicole Cole,D,Health,Official LIS subject,4,3,1,4,INSUFFICIENT DATA,75.0,25.0
2026,H0327,Rodney T. Willett,D,Health,Official LIS subject,4,3,1,4,INSUFFICIENT DATA,75.0,25.0
2026,H0365,"Rozia A. Henson, Jr.",D,Health,Official LIS subject,4,3,1,4,INSUFFICIENT DATA,75.0,25.0
2026,H0375,Adele Y. McClure,D,Health,Official LIS subject,3,2,1,3,INSUFFICIENT DATA,66.66666666666666,33.33333333333333
2026,H0311,Alex Q. Askew,D,Health,Official LIS subject,3,2,1,3,INSUFFICIENT DATA,66.66666666666666,33.33333333333333
2026,H0239,Alfonso H. Lopez,D,Health,Official LIS subject,3,2,1,3,INSUFFICIENT DATA,66.66666666666666,33.33333333333333
2026,H0371,Amy J. Laufer,D,Health,Official LIS subject,3,2,1,3,INSUFFICIENT DATA,66.66666666666666,33.33333333333333
2026,H0380,Atoosa R. Reaser,D,Health,Official LIS subject,3,2,1,3,INSUFFICIENT DATA,66.66666666666666,33.33333333333333
2026,H0212,Betsy B. Carr,D,Health,Official LIS subject,3,2,1,3,INSUFFICIENT DATA,66.66666666666666,33.33333333333333
2026,H0353,Bonita G. Anthony,D,Health,Official LIS subject,3,2,1,3,INSUFFICIENT DATA,66.66666666666666,33.33333333333333
2026,H0343,Briana D. Sewell,D,Health,Official LIS subject,3,2,1,3,INSUFFICIENT DATA,66.66666666666666,33.33333333333333
2026,H0402,Charlie Schmidt,D,Health,Official LIS subject,3,2,1,3,INSUFFICIENT DATA,66.66666666666666,33.33333333333333
2026,H0317,Dan I. Helmer,D,Health,Official LIS subject,3,2,1,3,INSUFFICIENT DATA,66.66666666666666,33.33333333333333
2026,H0301,David A. Reid,D,Health,Official LIS subject,3,2,1,3,INSUFFICIENT DATA,66.66666666666666,33.33333333333333
2026,H0207,Delores L. McQuinn,D,Health,Official LIS subject,3,2,1,3,INSUFFICIENT DATA,66.66666666666666,33.33333333333333
2026,H0372,Destiny LeVere Bolling,D,Health,Official LIS subject,3,2,1,3,INSUFFICIENT DATA,66.66666666666666,33.33333333333333
2026,H0322,Don Scott,D,Health,Official LIS subject,3,2,1,3,INSUFFICIENT DATA,66.66666666666666,33.33333333333333
2026,H0403,Gretchen M. Bulova,D,Health,Official LIS subject,3,2,1,3,INSUFFICIENT DATA,66.66666666666666,33.33333333333333
2026,H0351,Holly M. Seibold,D,Health,Official LIS subject,3,2,1,3,INSUFFICIENT DATA,66.66666666666666,33.33333333333333
2026,H0385,JJ Singh,D,Health,Official LIS subject,3,2,1,3,INSUFFICIENT DATA,66.66666666666666,33.33333333333333
2026,H0349,Jackie H. Glass,D,Health,Official LIS subject,3,2,1,3,INSUFFICIENT DATA,66.66666666666666,33.33333333333333
2026,H0173,Jeion A. Ward,D,Health,Official LIS subject,3,2,1,3,INSUFFICIENT DATA,66.66666666666666,33.33333333333333
2026,H0386,Jessica L. Anderson,D,Health,Official LIS subject,3,2,1,3,INSUFFICIENT DATA,66.66666666666666,33.33333333333333
2026,H0395,John Chilton McAuliff,D,Health,Official LIS subject,3,2,1,3,INSUFFICIENT DATA,66.66666666666666,33.33333333333333
2026,H0382,Joshua E. Thomas,D,Health,Official LIS subject,3,2,1,3,INSUFFICIENT DATA,66.66666666666666,33.33333333333333
2026,H0370,Karen Keys-Gamarra,D,Health,Official LIS subject,3,2,1,3,INSUFFICIENT DATA,66.66666666666666,33.33333333333333
2026,H0387,"Karen R. ""Kacey"" Carnegie",D,Health,Official LIS subject,3,2,1,3,INSUFFICIENT DATA,66.66666666666666,33.33333333333333
2026,H0294,Karrie K. Delaney,D,Health,Official LIS subject,3,2,1,3,INSUFFICIENT DATA,66.66666666666666,33.33333333333333
2026,H0354,Katrina Callsen,D,Health,Official LIS subject,3,2,1,3,INSUFFICIENT DATA,66.66666666666666,33.33333333333333
2026,H0295,Kelly K. Convirs-Fowler,D,Health,Official LIS subject,3,2,1,3,INSUFFICIENT DATA,66.66666666666666,33.33333333333333
2026,H0399,Kimberly Pope Adams,D,Health,Official LIS subject,3,2,1,3,INSUFFICIENT DATA,66.66666666666666,33.33333333333333
2026,H0396,Leslie Chambers Mehta,D,Health,Official LIS subject,3,2,1,3,INSUFFICIENT DATA,66.66666666666666,33.33333333333333
2026,H0393,Lily V. Franklin,D,Health,Official LIS subject,3,2,1,3,INSUFFICIENT DATA,66.66666666666666,33.33333333333333
2026,H0391,Lindsey Dougherty,D,Health,Official LIS subject,3,2,1,3,INSUFFICIENT DATA,66.66666666666666,33.33333333333333
2026,H0227,Luke E. Torian,D,Health,Official LIS subject,3,2,1,3,INSUFFICIENT DATA,66.66666666666666,33.33333333333333
2026,H0264,Marcus B. Simon,D,Health,Official LIS subject,3,2,1,3,INSUFFICIENT DATA,66.66666666666666,33.33333333333333
2026,H0404,Margaret A. Franklin,D,Health,Official LIS subject,3,2,1,3,INSUFFICIENT DATA,66.66666666666666,33.33333333333333
2026,H0374,Marty Martinez,D,Health,Official LIS subject,3,2,1,3,INSUFFICIENT DATA,66.66666666666666,33.33333333333333
2026,H0397,May Nivar,D,Health,Official LIS subject,3,2,1,3,INSUFFICIENT DATA,66.66666666666666,33.33333333333333
2026,H0360,Michael B. Feggans,D,Health,Official LIS subject,3,2,1,3,INSUFFICIENT DATA,66.66666666666666,33.33333333333333
2026,H0340,Michelle Lopes Maldonado,D,Health,Official LIS subject,3,2,1,3,INSUFFICIENT DATA,66.66666666666666,33.33333333333333
2026,H0281,Paul E. Krizek,D,Health,Official LIS subject,3,2,1,3,INSUFFICIENT DATA,66.66666666666666,33.33333333333333
2026,H0366,Phil M. Hernandez,D,Health,Official LIS subject,3,2,1,3,INSUFFICIENT DATA,66.66666666666666,33.33333333333333
2026,H0356,Rae Cousins,D,Health,Official LIS subject,3,2,1,3,INSUFFICIENT DATA,66.66666666666666,33.33333333333333
2026,H0269,"Richard C. ""Rip"" Sullivan, Jr.",D,Health,Official LIS subject,3,2,1,3,INSUFFICIENT DATA,66.66666666666666,33.33333333333333
2026,H0267,"Robert S. Bloxom, Jr.",R,Health,Official LIS subject,3,2,1,3,INSUFFICIENT DATA,66.66666666666666,33.33333333333333
2026,H0323,Shelly A. Simonds,D,Health,Official LIS subject,3,2,1,3,INSUFFICIENT DATA,66.66666666666666,33.33333333333333
2026,H0388,Stacey Annie Carroll,D,Health,Official LIS subject,3,2,1,3,INSUFFICIENT DATA,66.66666666666666,33.33333333333333
2026,H0400,Virgil Thornton,D,Health,Official LIS subject,3,2,1,3,INSUFFICIENT DATA,66.66666666666666,33.33333333333333
2026,H0108,Vivian E. Watts,D,Health,Official LIS subject,3,2,1,3,INSUFFICIENT DATA,66.66666666666666,33.33333333333333
2026,H0406,Kirk McPike,D,Health,Official LIS subject,2,1,1,2,INSUFFICIENT DATA,50.0,50.0
2026,H0336,Nadarius E. Clark,D,Health,Official LIS subject,3,1,1,2,INSUFFICIENT DATA,50.0,50.0
2026,H0345,Anne Ferrell Tata,R,Health,Official LIS subject,3,0,3,3,INSUFFICIENT DATA,0.0,100.0
2026,H0206,Barry D. Knight,R,Health,Official LIS subject,1,0,0,0,INSUFFICIENT DATA,0.0,0.0
2026,H0329,Bill Wiley,R,Health,Official LIS subject,3,0,3,3,INSUFFICIENT DATA,0.0,100.0
2026,H0321,Chris S. Runion,R,Health,Official LIS subject,3,0,3,3,INSUFFICIENT DATA,0.0,100.0
2026,H0377,Delores Oates,R,Health,Official LIS subject,3,0,3,3,INSUFFICIENT DATA,0.0,100.0
2026,H0350,Ellen H. McLaughlin,R,Health,Official LIS subject,3,0,3,3,INSUFFICIENT DATA,0.0,100.0
2026,H0384,Eric Phillips,R,Health,Official LIS subject,3,0,3,3,INSUFFICIENT DATA,0.0,100.0
2026,H0383,Eric R. Zehr,R,Health,Official LIS subject,3,0,3,3,INSUFFICIENT DATA,0.0,100.0
2026,H0347,"H. Otto Wachsmann, Jr.",R,Health,Official LIS subject,5,0,5,5,INSUFFICIENT DATA,0.0,100.0
2026,H0369,Hillary Pugh Kent,R,Health,Official LIS subject,3,0,3,3,INSUFFICIENT DATA,0.0,100.0
2026,H0259,"Hyland F. ""Buddy"" Fowler, Jr.",R,Health,Official LIS subject,3,0,3,3,INSUFFICIENT DATA,0.0,100.0
2026,H0242,Israel D. O'Quinn,R,Health,Official LIS subject,3,0,3,3,INSUFFICIENT DATA,0.0,100.0
2026,H0262,"James A. ""Jay"" Leftwich",R,Health,Official LIS subject,3,0,3,3,INSUFFICIENT DATA,0.0,100.0
2026,H0224,James W. Morefield,R,Health,Official LIS subject,3,0,3,3,INSUFFICIENT DATA,0.0,100.0
2026,H0333,Jason S. Ballard,R,Health,Official LIS subject,3,0,3,3,INSUFFICIENT DATA,0.0,100.0
2026,H0308,Joseph P. McNamara,R,Health,Official LIS subject,3,0,3,3,INSUFFICIENT DATA,0.0,100.0
2026,H0398,Justin Pence,R,Health,Official LIS subject,3,0,3,3,INSUFFICIENT DATA,0.0,100.0
2026,H0394,Karen Hamilton,R,Health,Official LIS subject,3,0,3,3,INSUFFICIENT DATA,0.0,100.0
2026,H0238,M. Keith Hodges,R,Health,Official LIS subject,5,0,5,5,INSUFFICIENT DATA,0.0,100.0
2026,H0401,Madison Whittle,R,Health,Official LIS subject,3,0,3,3,INSUFFICIENT DATA,0.0,100.0
2026,H0247,Michael J. Webert,R,Health,Official LIS subject,3,0,3,3,INSUFFICIENT DATA,0.0,100.0
2026,H0335,Mike A. Cherry,R,Health,Official LIS subject,4,0,4,4,INSUFFICIENT DATA,0.0,100.0
2026,H0390,Mitchell Cornett,R,Health,Official LIS subject,4,0,4,4,INSUFFICIENT DATA,0.0,100.0
2026,H0342,Phillip A. Scott,R,Health,Official LIS subject,4,0,4,4,INSUFFICIENT DATA,0.0,100.0
2026,H0124,R. Lee Ware,R,Health,Official LIS subject,3,0,3,3,INSUFFICIENT DATA,0.0,100.0
2026,H0328,Scott A. Wyatt,R,Health,Official LIS subject,3,0,3,3,INSUFFICIENT DATA,0.0,100.0
2026,H0056,Terry G. Kilgore,R,Health,Official LIS subject,3,0,3,3,INSUFFICIENT DATA,0.0,100.0
2026,H0253,Terry L. Austin,R,Health,Official LIS subject,3,0,3,3,INSUFFICIENT DATA,0.0,100.0
2026,H0362,"Thomas A. Garrett, Jr.",R,Health,Official LIS subject,3,0,2,2,INSUFFICIENT DATA,0.0,100.0
2026,H0136,"Thomas C. Wright, Jr.",R,Health,Official LIS subject,3,0,2,2,INSUFFICIENT DATA,0.0,100.0
2026,H0364,Timothy P. Griffin,R,Health,Official LIS subject,4,0,3,3,INSUFFICIENT DATA,0.0,100.0
2026,H0231,Tony O. Wilt,R,Health,Official LIS subject,3,0,3,3,INSUFFICIENT DATA,0.0,100.0
2026,H0325,Wendell S. Walker,R,Health,Official LIS subject,5,0,5,5,INSUFFICIENT DATA,0.0,100.0
2026,H0357,Will Davis,R,Health,Official LIS subject,3,0,3,3,INSUFFICIENT DATA,0.0,100.0
2026,H0348,Wren M. Williams,R,Health,Official LIS subject,3,0,2,2,INSUFFICIENT DATA,0.0,100.0
2026,H0407,Andrew Rice,R,Health and Healthcare,Derived from LIS bill description,5,5,0,5,INSUFFICIENT DATA,100.0,0.0
2026,H0206,Barry D. Knight,R,Health and Healthcare,Derived from LIS bill description,22,0,0,0,INSUFFICIENT DATA,0.0,0.0
2026,H0398,Justin Pence,R,Health and Healthcare,Derived from LIS bill description,70,45,25,70,MIXED,64.28571428571429,35.714285714285715
2026,H0136,"Thomas C. Wright, Jr.",R,Health and Healthcare,Derived from LIS bill description,65,37,21,58,MIXED,63.793103448275865,36.206896551724135
2026,H0394,Karen Hamilton,R,Health and Healthcare,Derived from LIS bill description,67,41,24,65,MIXED,63.07692307692307,36.92307692307693
2026,H0342,Phillip A. Scott,R,Health and Healthcare,Derived from LIS bill description,124,73,45,118,MIXED,61.86440677966102,38.13559322033898
2026,H0383,Eric R. Zehr,R,Health and Healthcare,Derived from LIS bill description,70,42,28,70,MIXED,60.0,40.0
2026,H0364,Timothy P. Griffin,R,Health and Healthcare,Derived from LIS bill description,94,51,38,89,MIXED,57.30337078651685,42.69662921348314
2026,H0305,Kathy K.L. Tran,D,Health and Healthcare,Derived from LIS bill description,189,184,4,188,YES,97.87234042553192,2.127659574468085
2026,H0285,"C.E. Cliff Hayes, Jr.",D,Health and Healthcare,Derived from LIS bill description,175,171,4,175,YES,97.71428571428571,2.2857142857142856
2026,H0355,Laura Jane Cohen,D,Health and Healthcare,Derived from LIS bill description,152,145,4,149,YES,97.31543624161074,2.684563758389262
2026,H0208,Charniele L. Herring,D,Health and Healthcare,Derived from LIS bill description,151,143,4,147,YES,97.27891156462584,2.7210884353741496
2026,H0361,Debra D. Gardner,D,Health and Healthcare,Derived from LIS bill description,141,134,4,138,YES,97.10144927536231,2.898550724637681
2026,H0389,Nicole Cole,D,Health and Healthcare,Derived from LIS bill description,153,146,5,151,YES,96.68874172185431,3.3112582781456954
2026,H0405,Garrett McGuire,D,Health and Healthcare,Derived from LIS bill description,152,145,5,150,YES,96.66666666666667,3.3333333333333335
2026,H0314,Joshua G. Cole,D,Health and Healthcare,Derived from LIS bill description,144,139,5,144,YES,96.52777777777779,3.4722222222222223
2026,H0219,Patrick A. Hope,D,Health and Healthcare,Derived from LIS bill description,142,136,5,141,YES,96.45390070921985,3.546099290780142
2026,H0344,Irene Shin,D,Health and Healthcare,Derived from LIS bill description,164,155,6,161,YES,96.27329192546584,3.7267080745341614
2026,H0173,Jeion A. Ward,D,Health and Healthcare,Derived from LIS bill description,84,75,3,78,YES,96.15384615384616,3.8461538461538463
2026,H0392,Mark C. Downey,D,Health and Healthcare,Derived from LIS bill description,154,148,6,154,YES,96.1038961038961,3.896103896103896
2026,H0327,Rodney T. Willett,D,Health and Healthcare,Derived from LIS bill description,172,147,6,153,YES,96.07843137254902,3.9215686274509802
2026,H0294,Karrie K. Delaney,D,Health and Healthcare,Derived from LIS bill description,76,71,3,74,YES,95.94594594594594,4.054054054054054
2026,H0284,"Marcia S. ""Cia"" Price",D,Health and Healthcare,Derived from LIS bill description,169,158,7,165,YES,95.75757575757575,4.242424242424243
2026,H0356,Rae Cousins,D,Health and Healthcare,Derived from LIS bill description,94,88,4,92,YES,95.65217391304348,4.3478260869565215
2026,H0340,Michelle Lopes Maldonado,D,Health and Healthcare,Derived from LIS bill description,90,86,4,90,YES,95.55555555555556,4.444444444444445
2026,H0382,Joshua E. Thomas,D,Health and Healthcare,Derived from LIS bill description,84,80,4,84,YES,95.23809523809523,4.761904761904762
2026,H0404,Margaret A. Franklin,D,Health and Healthcare,Derived from LIS bill description,65,60,3,63,YES,95.23809523809523,4.761904761904762
2026,H0311,Alex Q. Askew,D,Health and Healthcare,Derived from LIS bill description,83,79,4,83,YES,95.18072289156626,4.819277108433735
2026,H0207,Delores L. McQuinn,D,Health and Healthcare,Derived from LIS bill description,84,79,4,83,YES,95.18072289156626,4.819277108433735
2026,H0343,Briana D. Sewell,D,Health and Healthcare,Derived from LIS bill description,82,78,4,82,YES,95.1219512195122,4.878048780487805
2026,H0212,Betsy B. Carr,D,Health and Healthcare,Derived from LIS bill description,100,95,5,100,YES,95.0,5.0
2026,H0317,Dan I. Helmer,D,Health and Healthcare,Derived from LIS bill description,81,76,4,80,YES,95.0,5.0
2026,H0301,David A. Reid,D,Health and Healthcare,Derived from LIS bill description,82,76,4,80,YES,95.0,5.0
2026,H0295,Kelly K. Convirs-Fowler,D,Health and Healthcare,Derived from LIS bill description,76,57,3,60,YES,95.0,5.0
2026,H0406,Kirk McPike,D,Health and Healthcare,Derived from LIS bill description,40,38,2,40,YES,95.0,5.0
2026,H0281,Paul E. Krizek,D,Health and Healthcare,Derived from LIS bill description,97,92,5,97,YES,94.84536082474226,5.154639175257731
2026,H0239,Alfonso H. Lopez,D,Health and Healthcare,Derived from LIS bill description,77,73,4,77,YES,94.8051948051948,5.194805194805195
2026,H0353,Bonita G. Anthony,D,Health and Healthcare,Derived from LIS bill description,78,73,4,77,YES,94.8051948051948,5.194805194805195
2026,H0227,Luke E. Torian,D,Health and Healthcare,Derived from LIS bill description,100,73,4,77,YES,94.8051948051948,5.194805194805195
2026,H0360,Michael B. Feggans,D,Health and Healthcare,Derived from LIS bill description,78,73,4,77,YES,94.8051948051948,5.194805194805195
2026,H0372,Destiny LeVere Bolling,D,Health and Healthcare,Derived from LIS bill description,77,72,4,76,YES,94.73684210526315,5.263157894736842
2026,H0396,Leslie Chambers Mehta,D,Health and Healthcare,Derived from LIS bill description,76,72,4,76,YES,94.73684210526315,5.263157894736842
2026,H0264,Marcus B. Simon,D,Health and Healthcare,Derived from LIS bill description,76,72,4,76,YES,94.73684210526315,5.263157894736842
2026,H0366,Phil M. Hernandez,D,Health and Healthcare,Derived from LIS bill description,76,72,4,76,YES,94.73684210526315,5.263157894736842
2026,H0108,Vivian E. Watts,D,Health and Healthcare,Derived from LIS bill description,75,71,4,75,YES,94.66666666666667,5.333333333333334
2026,H0380,Atoosa R. Reaser,D,Health and Healthcare,Derived from LIS bill description,75,70,4,74,YES,94.5945945945946,5.405405405405405
2026,H0354,Katrina Callsen,D,Health and Healthcare,Derived from LIS bill description,76,70,4,74,YES,94.5945945945946,5.405405405405405
2026,H0402,Charlie Schmidt,D,Health and Healthcare,Derived from LIS bill description,73,69,4,73,YES,94.52054794520548,5.47945205479452
2026,H0397,May Nivar,D,Health and Healthcare,Derived from LIS bill description,73,69,4,73,YES,94.52054794520548,5.47945205479452
2026,H0370,Karen Keys-Gamarra,D,Health and Healthcare,Derived from LIS bill description,72,68,4,72,YES,94.44444444444444,5.555555555555555
2026,H0387,"Karen R. ""Kacey"" Carnegie",D,Health and Healthcare,Derived from LIS bill description,72,68,4,72,YES,94.44444444444444,5.555555555555555
2026,H0400,Virgil Thornton,D,Health and Healthcare,Derived from LIS bill description,72,68,4,72,YES,94.44444444444444,5.555555555555555
2026,H0375,Adele Y. McClure,D,Health and Healthcare,Derived from LIS bill description,71,67,4,71,YES,94.36619718309859,5.633802816901409
2026,H0399,Kimberly Pope Adams,D,Health and Healthcare,Derived from LIS bill description,71,67,4,71,YES,94.36619718309859,5.633802816901409
2026,H0403,Gretchen M. Bulova,D,Health and Healthcare,Derived from LIS bill description,70,66,4,70,YES,94.28571428571428,5.714285714285714
2026,H0391,Lindsey Dougherty,D,Health and Healthcare,Derived from LIS bill description,68,63,4,67,YES,94.02985074626866,5.970149253731343
2026,H0323,Shelly A. Simonds,D,Health and Healthcare,Derived from LIS bill description,83,78,5,83,YES,93.97590361445783,6.024096385542169
2026,H0322,Don Scott,D,Health and Healthcare,Derived from LIS bill description,65,61,4,65,YES,93.84615384615384,6.153846153846154
2026,H0393,Lily V. Franklin,D,Health and Healthcare,Derived from LIS bill description,66,61,4,65,YES,93.84615384615384,6.153846153846154
2026,H0266,Sam Rasoul,D,Health and Healthcare,Derived from LIS bill description,142,122,8,130,YES,93.84615384615384,6.153846153846154
2026,H0371,Amy J. Laufer,D,Health and Healthcare,Derived from LIS bill description,81,76,5,81,YES,93.82716049382715,6.172839506172839
2026,H0385,JJ Singh,D,Health and Healthcare,Derived from LIS bill description,81,76,5,81,YES,93.82716049382715,6.172839506172839
2026,H0374,Marty Martinez,D,Health and Healthcare,Derived from LIS bill description,65,59,4,63,YES,93.65079365079364,6.349206349206349
2026,H0388,Stacey Annie Carroll,D,Health and Healthcare,Derived from LIS bill description,66,59,4,63,YES,93.65079365079364,6.349206349206349
2026,H0297,Elizabeth R. Guzman,D,Health and Healthcare,Derived from LIS bill description,69,58,4,62,YES,93.54838709677419,6.451612903225806
2026,H0365,"Rozia A. Henson, Jr.",D,Health and Healthcare,Derived from LIS bill description,136,126,9,135,YES,93.33333333333333,6.666666666666667
2026,H0386,Jessica L. Anderson,D,Health and Healthcare,Derived from LIS bill description,70,65,5,70,YES,92.85714285714286,7.142857142857142
2026,H0349,Jackie H. Glass,D,Health and Healthcare,Derived from LIS bill description,66,61,5,66,YES,92.42424242424242,7.575757575757576
2026,H0351,Holly M. Seibold,D,Health and Healthcare,Derived from LIS bill description,68,59,5,64,YES,92.1875,7.8125
2026,H0334,Elizabeth B. Bennett-Parker,D,Health and Healthcare,Derived from LIS bill description,29,23,2,25,YES,92.0,8.0
2026,H0395,John Chilton McAuliff,D,Health and Healthcare,Derived from LIS bill description,65,54,5,59,YES,91.52542372881356,8.47457627118644
2026,H0269,"Richard C. ""Rip"" Sullivan, Jr.",D,Health and Healthcare,Derived from LIS bill description,92,83,8,91,YES,91.20879120879121,8.791208791208792
2026,H0336,Nadarius E. Clark,D,Health and Healthcare,Derived from LIS bill description,78,51,5,56,YES,91.07142857142857,8.928571428571429
2026,H0238,M. Keith Hodges,R,Health and Healthcare,Derived from LIS bill description,186,155,21,176,YES,88.06818181818183,11.931818181818182
2026,H0325,Wendell S. Walker,R,Health and Healthcare,Derived from LIS bill description,148,127,18,145,YES,87.58620689655172,12.413793103448276
2026,H0335,Mike A. Cherry,R,Health and Healthcare,Derived from LIS bill description,145,118,22,140,YES,84.28571428571429,15.714285714285714
2026,H0369,Hillary Pugh Kent,R,Health and Healthcare,Derived from LIS bill description,68,57,11,68,YES,83.82352941176471,16.176470588235293
2026,H0350,Ellen H. McLaughlin,R,Health and Healthcare,Derived from LIS bill description,99,81,16,97,YES,83.50515463917526,16.49484536082474
2026,H0328,Scott A. Wyatt,R,Health and Healthcare,Derived from LIS bill description,80,66,14,80,YES,82.5,17.5
2026,H0267,"Robert S. Bloxom, Jr.",R,Health and Healthcare,Derived from LIS bill description,79,65,14,79,YES,82.27848101265823,17.72151898734177
2026,H0347,"H. Otto Wachsmann, Jr.",R,Health and Healthcare,Derived from LIS bill description,134,110,24,134,YES,82.08955223880598,17.91044776119403
2026,H0242,Israel D. O'Quinn,R,Health and Healthcare,Derived from LIS bill description,82,67,15,82,YES,81.70731707317073,18.29268292682927
2026,H0390,Mitchell Cornett,R,Health and Healthcare,Derived from LIS bill description,135,110,25,135,YES,81.48148148148148,18.51851851851852
2026,H0253,Terry L. Austin,R,Health and Healthcare,Derived from LIS bill description,81,65,15,80,YES,81.25,18.75
2026,H0247,Michael J. Webert,R,Health and Healthcare,Derived from LIS bill description,75,58,14,72,YES,80.55555555555556,19.444444444444446
2026,H0224,James W. Morefield,R,Health and Healthcare,Derived from LIS bill description,81,64,16,80,YES,80.0,20.0
2026,H0329,Bill Wiley,R,Health and Healthcare,Derived from LIS bill description,81,64,17,81,YES,79.01234567901234,20.98765432098765
2026,H0333,Jason S. Ballard,R,Health and Healthcare,Derived from LIS bill description,92,71,19,90,YES,78.88888888888889,21.11111111111111
2026,H0308,Joseph P. McNamara,R,Health and Healthcare,Derived from LIS bill description,67,52,14,66,YES,78.78787878787878,21.21212121212121
2026,H0124,R. Lee Ware,R,Health and Healthcare,Derived from LIS bill description,65,51,14,65,YES,78.46153846153847,21.53846153846154
2026,H0056,Terry G. Kilgore,R,Health and Healthcare,Derived from LIS bill description,92,72,20,92,YES,78.26086956521739,21.73913043478261
2026,H0345,Anne Ferrell Tata,R,Health and Healthcare,Derived from LIS bill description,68,53,15,68,YES,77.94117647058823,22.058823529411764
2026,H0262,"James A. ""Jay"" Leftwich",R,Health and Healthcare,Derived from LIS bill description,72,53,16,69,YES,76.81159420289855,23.18840579710145
2026,H0231,Tony O. Wilt,R,Health and Healthcare,Derived from LIS bill description,76,56,19,75,YES,74.66666666666667,25.333333333333336
2026,H0259,"Hyland F. ""Buddy"" Fowler, Jr.",R,Health and Healthcare,Derived from LIS bill description,68,50,17,67,YES,74.6268656716418,25.37313432835821
2026,H0321,Chris S. Runion,R,Health and Healthcare,Derived from LIS bill description,74,54,19,73,YES,73.97260273972603,26.027397260273972
2026,H0348,Wren M. Williams,R,Health and Healthcare,Derived from LIS bill description,128,81,29,110,YES,73.63636363636363,26.36363636363636
2026,H0384,Eric Phillips,R,Health and Healthcare,Derived from LIS bill description,68,50,18,68,YES,73.52941176470588,26.47058823529412
2026,H0377,Delores Oates,R,Health and Healthcare,Derived from LIS bill description,68,49,19,68,YES,72.05882352941177,27.941176470588236
2026,H0357,Will Davis,R,Health and Healthcare,Derived from LIS bill description,75,54,21,75,YES,72.0,28.000000000000004
2026,H0401,Madison Whittle,R,Health and Healthcare,Derived from LIS bill description,75,53,21,74,YES,71.62162162162163,28.37837837837838
2026,H0362,"Thomas A. Garrett, Jr.",R,Health and Healthcare,Derived from LIS bill description,67,38,18,56,YES,67.85714285714286,32.142857142857146
2026,H0406,Kirk McPike,D,Higher Education,Derived from LIS bill description,8,7,1,8,INSUFFICIENT DATA,87.5,12.5
2026,H0407,Andrew Rice,R,Higher Education,Derived from LIS bill description,1,0,1,1,INSUFFICIENT DATA,0.0,100.0
2026,H0206,Barry D. Knight,R,Higher Education,Derived from LIS bill description,8,0,0,0,INSUFFICIENT DATA,0.0,0.0
2026,H0321,Chris S. Runion,R,Higher Education,Derived from LIS bill description,17,11,6,17,MIXED,64.70588235294117,35.294117647058826
2026,H0347,"H. Otto Wachsmann, Jr.",R,Higher Education,Derived from LIS bill description,17,11,6,17,MIXED,64.70588235294117,35.294117647058826
2026,H0308,Joseph P. McNamara,R,Higher Education,Derived from LIS bill description,17,11,6,17,MIXED,64.70588235294117,35.294117647058826
2026,H0398,Justin Pence,R,Higher Education,Derived from LIS bill description,17,11,6,17,MIXED,64.70588235294117,35.294117647058826
2026,H0136,"Thomas C. Wright, Jr.",R,Higher Education,Derived from LIS bill description,17,11,6,17,MIXED,64.70588235294117,35.294117647058826
2026,H0325,Wendell S. Walker,R,Higher Education,Derived from LIS bill description,17,11,6,17,MIXED,64.70588235294117,35.294117647058826
2026,H0357,Will Davis,R,Higher Education,Derived from LIS bill description,17,11,6,17,MIXED,64.70588235294117,35.294117647058826
2026,H0056,Terry G. Kilgore,R,Higher Education,Derived from LIS bill description,19,12,7,19,MIXED,63.1578947368421,36.84210526315789
2026,H0262,"James A. ""Jay"" Leftwich",R,Higher Education,Derived from LIS bill description,17,10,6,16,MIXED,62.5,37.5
2026,H0384,Eric Phillips,R,Higher Education,Derived from LIS bill description,20,12,8,20,MIXED,60.0,40.0
2026,H0247,Michael J. Webert,R,Higher Education,Derived from LIS bill description,20,11,8,19,MIXED,57.89473684210527,42.10526315789473
2026,H0390,Mitchell Cornett,R,Higher Education,Derived from LIS bill description,19,11,8,19,MIXED,57.89473684210527,42.10526315789473
2026,H0124,R. Lee Ware,R,Higher Education,Derived from LIS bill description,18,10,8,18,MIXED,55.55555555555556,44.44444444444444
2026,H0377,Delores Oates,R,Higher Education,Derived from LIS bill description,20,11,9,20,MIXED,55.00000000000001,45.0
2026,H0231,Tony O. Wilt,R,Higher Education,Derived from LIS bill description,20,11,9,20,MIXED,55.00000000000001,45.0
2026,H0383,Eric R. Zehr,R,Higher Education,Derived from LIS bill description,29,15,14,29,MIXED,51.724137931034484,48.275862068965516
2026,H0362,"Thomas A. Garrett, Jr.",R,Higher Education,Derived from LIS bill description,31,13,16,29,MIXED,44.827586206896555,55.172413793103445
2026,H0342,Phillip A. Scott,R,Higher Education,Derived from LIS bill description,31,13,17,30,MIXED,43.333333333333336,56.666666666666664
2026,H0364,Timothy P. Griffin,R,Higher Education,Derived from LIS bill description,17,7,10,17,MIXED,41.17647058823529,58.82352941176471
2026,H0394,Karen Hamilton,R,Higher Education,Derived from LIS bill description,19,7,12,19,MIXED,36.84210526315789,63.1578947368421
2026,H0334,Elizabeth B. Bennett-Parker,D,Higher Education,Derived from LIS bill description,13,13,0,13,YES,100.0,0.0
2026,H0336,Nadarius E. Clark,D,Higher Education,Derived from LIS bill description,34,21,0,21,YES,100.0,0.0
2026,H0343,Briana D. Sewell,D,Higher Education,Derived from LIS bill description,38,37,1,38,YES,97.36842105263158,2.631578947368421
2026,H0207,Delores L. McQuinn,D,Higher Education,Derived from LIS bill description,37,35,1,36,YES,97.22222222222221,2.7777777777777777
2026,H0371,Amy J. Laufer,D,Higher Education,Derived from LIS bill description,34,32,1,33,YES,96.96969696969697,3.0303030303030303
2026,H0372,Destiny LeVere Bolling,D,Higher Education,Derived from LIS bill description,33,32,1,33,YES,96.96969696969697,3.0303030303030303
2026,H0403,Gretchen M. Bulova,D,Higher Education,Derived from LIS bill description,33,32,1,33,YES,96.96969696969697,3.0303030303030303
2026,H0391,Lindsey Dougherty,D,Higher Education,Derived from LIS bill description,33,31,1,32,YES,96.875,3.125
2026,H0311,Alex Q. Askew,D,Higher Education,Derived from LIS bill description,31,30,1,31,YES,96.7741935483871,3.225806451612903
2026,H0386,Jessica L. Anderson,D,Higher Education,Derived from LIS bill description,30,29,1,30,YES,96.66666666666667,3.3333333333333335
2026,H0356,Rae Cousins,D,Higher Education,Derived from LIS bill description,30,29,1,30,YES,96.66666666666667,3.3333333333333335
2026,H0266,Sam Rasoul,D,Higher Education,Derived from LIS bill description,31,29,1,30,YES,96.66666666666667,3.3333333333333335
2026,H0297,Elizabeth R. Guzman,D,Higher Education,Derived from LIS bill description,29,27,1,28,YES,96.42857142857143,3.571428571428571
2026,H0323,Shelly A. Simonds,D,Higher Education,Derived from LIS bill description,29,27,1,28,YES,96.42857142857143,3.571428571428571
2026,H0380,Atoosa R. Reaser,D,Higher Education,Derived from LIS bill description,26,23,1,24,YES,95.83333333333334,4.166666666666666
2026,H0382,Joshua E. Thomas,D,Higher Education,Derived from LIS bill description,24,23,1,24,YES,95.83333333333334,4.166666666666666
2026,H0375,Adele Y. McClure,D,Higher Education,Derived from LIS bill description,23,22,1,23,YES,95.65217391304348,4.3478260869565215
2026,H0301,David A. Reid,D,Higher Education,Derived from LIS bill description,23,22,1,23,YES,95.65217391304348,4.3478260869565215
2026,H0360,Michael B. Feggans,D,Higher Education,Derived from LIS bill description,23,22,1,23,YES,95.65217391304348,4.3478260869565215
2026,H0212,Betsy B. Carr,D,Higher Education,Derived from LIS bill description,23,21,1,22,YES,95.45454545454545,4.545454545454546
2026,H0285,"C.E. Cliff Hayes, Jr.",D,Higher Education,Derived from LIS bill description,22,21,1,22,YES,95.45454545454545,4.545454545454546
2026,H0317,Dan I. Helmer,D,Higher Education,Derived from LIS bill description,22,21,1,22,YES,95.45454545454545,4.545454545454546
2026,H0305,Kathy K.L. Tran,D,Higher Education,Derived from LIS bill description,21,20,1,21,YES,95.23809523809523,4.761904761904762
2026,H0399,Kimberly Pope Adams,D,Higher Education,Derived from LIS bill description,21,20,1,21,YES,95.23809523809523,4.761904761904762
2026,H0239,Alfonso H. Lopez,D,Higher Education,Derived from LIS bill description,20,19,1,20,YES,95.0,5.0
2026,H0353,Bonita G. Anthony,D,Higher Education,Derived from LIS bill description,20,19,1,20,YES,95.0,5.0
2026,H0208,Charniele L. Herring,D,Higher Education,Derived from LIS bill description,20,19,1,20,YES,95.0,5.0
2026,H0361,Debra D. Gardner,D,Higher Education,Derived from LIS bill description,20,19,1,20,YES,95.0,5.0
2026,H0173,Jeion A. Ward,D,Higher Education,Derived from LIS bill description,20,19,1,20,YES,95.0,5.0
2026,H0227,Luke E. Torian,D,Higher Education,Derived from LIS bill description,22,19,1,20,YES,95.0,5.0
2026,H0284,"Marcia S. ""Cia"" Price",D,Higher Education,Derived from LIS bill description,20,19,1,20,YES,95.0,5.0
2026,H0264,Marcus B. Simon,D,Higher Education,Derived from LIS bill description,20,19,1,20,YES,95.0,5.0
2026,H0108,Vivian E. Watts,D,Higher Education,Derived from LIS bill description,20,19,1,20,YES,95.0,5.0
2026,H0349,Jackie H. Glass,D,Higher Education,Derived from LIS bill description,19,18,1,19,YES,94.73684210526315,5.263157894736842
2026,H0294,Karrie K. Delaney,D,Higher Education,Derived from LIS bill description,19,18,1,19,YES,94.73684210526315,5.263157894736842
2026,H0396,Leslie Chambers Mehta,D,Higher Education,Derived from LIS bill description,19,18,1,19,YES,94.73684210526315,5.263157894736842
2026,H0219,Patrick A. Hope,D,Higher Education,Derived from LIS bill description,20,18,1,19,YES,94.73684210526315,5.263157894736842
2026,H0281,Paul E. Krizek,D,Higher Education,Derived from LIS bill description,19,18,1,19,YES,94.73684210526315,5.263157894736842
2026,H0269,"Richard C. ""Rip"" Sullivan, Jr.",D,Higher Education,Derived from LIS bill description,19,18,1,19,YES,94.73684210526315,5.263157894736842
2026,H0327,Rodney T. Willett,D,Higher Education,Derived from LIS bill description,19,18,1,19,YES,94.73684210526315,5.263157894736842
2026,H0322,Don Scott,D,Higher Education,Derived from LIS bill description,18,17,1,18,YES,94.44444444444444,5.555555555555555
2026,H0402,Charlie Schmidt,D,Higher Education,Derived from LIS bill description,17,16,1,17,YES,94.11764705882352,5.88235294117647
2026,H0405,Garrett McGuire,D,Higher Education,Derived from LIS bill description,17,16,1,17,YES,94.11764705882352,5.88235294117647
2026,H0351,Holly M. Seibold,D,Higher Education,Derived from LIS bill description,19,16,1,17,YES,94.11764705882352,5.88235294117647
2026,H0344,Irene Shin,D,Higher Education,Derived from LIS bill description,17,16,1,17,YES,94.11764705882352,5.88235294117647
2026,H0385,JJ Singh,D,Higher Education,Derived from LIS bill description,17,16,1,17,YES,94.11764705882352,5.88235294117647
2026,H0314,Joshua G. Cole,D,Higher Education,Derived from LIS bill description,17,16,1,17,YES,94.11764705882352,5.88235294117647
2026,H0370,Karen Keys-Gamarra,D,Higher Education,Derived from LIS bill description,17,16,1,17,YES,94.11764705882352,5.88235294117647
2026,H0387,"Karen R. ""Kacey"" Carnegie",D,Higher Education,Derived from LIS bill description,17,16,1,17,YES,94.11764705882352,5.88235294117647
2026,H0354,Katrina Callsen,D,Higher Education,Derived from LIS bill description,17,16,1,17,YES,94.11764705882352,5.88235294117647
2026,H0355,Laura Jane Cohen,D,Higher Education,Derived from LIS bill description,17,16,1,17,YES,94.11764705882352,5.88235294117647
2026,H0393,Lily V. Franklin,D,Higher Education,Derived from LIS bill description,17,16,1,17,YES,94.11764705882352,5.88235294117647
2026,H0392,Mark C. Downey,D,Higher Education,Derived from LIS bill description,17,16,1,17,YES,94.11764705882352,5.88235294117647
2026,H0374,Marty Martinez,D,Higher Education,Derived from LIS bill description,17,16,1,17,YES,94.11764705882352,5.88235294117647
2026,H0397,May Nivar,D,Higher Education,Derived from LIS bill description,17,16,1,17,YES,94.11764705882352,5.88235294117647
2026,H0340,Michelle Lopes Maldonado,D,Higher Education,Derived from LIS bill description,17,16,1,17,YES,94.11764705882352,5.88235294117647
2026,H0366,Phil M. Hernandez,D,Higher Education,Derived from LIS bill description,17,16,1,17,YES,94.11764705882352,5.88235294117647
2026,H0400,Virgil Thornton,D,Higher Education,Derived from LIS bill description,17,16,1,17,YES,94.11764705882352,5.88235294117647
2026,H0295,Kelly K. Convirs-Fowler,D,Higher Education,Derived from LIS bill description,26,15,1,16,YES,93.75,6.25
2026,H0365,"Rozia A. Henson, Jr.",D,Higher Education,Derived from LIS bill description,17,15,1,16,YES,93.75,6.25
2026,H0388,Stacey Annie Carroll,D,Higher Education,Derived from LIS bill description,17,15,1,16,YES,93.75,6.25
2026,H0395,John Chilton McAuliff,D,Higher Education,Derived from LIS bill description,17,14,1,15,YES,93.33333333333333,6.666666666666667
2026,H0404,Margaret A. Franklin,D,Higher Education,Derived from LIS bill description,17,14,1,15,YES,93.33333333333333,6.666666666666667
2026,H0389,Nicole Cole,D,Higher Education,Derived from LIS bill description,17,14,1,15,YES,93.33333333333333,6.666666666666667
2026,H0267,"Robert S. Bloxom, Jr.",R,Higher Education,Derived from LIS bill description,20,17,3,20,YES,85.0,15.0
2026,H0238,M. Keith Hodges,R,Higher Education,Derived from LIS bill description,19,15,3,18,YES,83.33333333333334,16.666666666666664
2026,H0253,Terry L. Austin,R,Higher Education,Derived from LIS bill description,24,20,4,24,YES,83.33333333333334,16.666666666666664
2026,H0259,"Hyland F. ""Buddy"" Fowler, Jr.",R,Higher Education,Derived from LIS bill description,17,14,3,17,YES,82.35294117647058,17.647058823529413
2026,H0335,Mike A. Cherry,R,Higher Education,Derived from LIS bill description,27,20,6,26,YES,76.92307692307693,23.076923076923077
2026,H0328,Scott A. Wyatt,R,Higher Education,Derived from LIS bill description,21,16,5,21,YES,76.19047619047619,23.809523809523807
2026,H0369,Hillary Pugh Kent,R,Higher Education,Derived from LIS bill description,28,21,7,28,YES,75.0,25.0
2026,H0350,Ellen H. McLaughlin,R,Higher Education,Derived from LIS bill description,20,14,5,19,YES,73.68421052631578,26.31578947368421
2026,H0401,Madison Whittle,R,Higher Education,Derived from LIS bill description,26,19,7,26,YES,73.07692307692307,26.923076923076923
2026,H0329,Bill Wiley,R,Higher Education,Derived from LIS bill description,22,16,6,22,YES,72.72727272727273,27.27272727272727
2026,H0333,Jason S. Ballard,R,Higher Education,Derived from LIS bill description,19,13,5,18,YES,72.22222222222221,27.77777777777778
2026,H0224,James W. Morefield,R,Higher Education,Derived from LIS bill description,21,15,6,21,YES,71.42857142857143,28.57142857142857
2026,H0348,Wren M. Williams,R,Higher Education,Derived from LIS bill description,18,12,5,17,YES,70.58823529411765,29.411764705882355
2026,H0345,Anne Ferrell Tata,R,Higher Education,Derived from LIS bill description,33,23,10,33,YES,69.6969696969697,30.303030303030305
2026,H0242,Israel D. O'Quinn,R,Higher Education,Derived from LIS bill description,21,14,7,21,YES,66.66666666666666,33.33333333333333
2026,H0375,Adele Y. McClure,D,Housing,Official LIS subject,4,4,0,4,INSUFFICIENT DATA,100.0,0.0
2026,H0311,Alex Q. Askew,D,Housing,Official LIS subject,3,3,0,3,INSUFFICIENT DATA,100.0,0.0
2026,H0239,Alfonso H. Lopez,D,Housing,Official LIS subject,5,5,0,5,INSUFFICIENT DATA,100.0,0.0
2026,H0371,Amy J. Laufer,D,Housing,Official LIS subject,3,3,0,3,INSUFFICIENT DATA,100.0,0.0
2026,H0380,Atoosa R. Reaser,D,Housing,Official LIS subject,4,4,0,4,INSUFFICIENT DATA,100.0,0.0
2026,H0212,Betsy B. Carr,D,Housing,Official LIS subject,5,5,0,5,INSUFFICIENT DATA,100.0,0.0
2026,H0353,Bonita G. Anthony,D,Housing,Official LIS subject,6,6,0,6,INSUFFICIENT DATA,100.0,0.0
2026,H0343,Briana D. Sewell,D,Housing,Official LIS subject,3,3,0,3,INSUFFICIENT DATA,100.0,0.0
2026,H0285,"C.E. Cliff Hayes, Jr.",D,Housing,Official LIS subject,3,3,0,3,INSUFFICIENT DATA,100.0,0.0
2026,H0402,Charlie Schmidt,D,Housing,Official LIS subject,3,3,0,3,INSUFFICIENT DATA,100.0,0.0
2026,H0208,Charniele L. Herring,D,Housing,Official LIS subject,3,3,0,3,INSUFFICIENT DATA,100.0,0.0
2026,H0317,Dan I. Helmer,D,Housing,Official LIS subject,5,5,0,5,INSUFFICIENT DATA,100.0,0.0
2026,H0301,David A. Reid,D,Housing,Official LIS subject,3,3,0,3,INSUFFICIENT DATA,100.0,0.0
2026,H0361,Debra D. Gardner,D,Housing,Official LIS subject,3,3,0,3,INSUFFICIENT DATA,100.0,0.0
2026,H0207,Delores L. McQuinn,D,Housing,Official LIS subject,3,3,0,3,INSUFFICIENT DATA,100.0,0.0
2026,H0372,Destiny LeVere Bolling,D,Housing,Official LIS subject,5,5,0,5,INSUFFICIENT DATA,100.0,0.0
2026,H0322,Don Scott,D,Housing,Official LIS subject,3,3,0,3,INSUFFICIENT DATA,100.0,0.0
2026,H0334,Elizabeth B. Bennett-Parker,D,Housing,Official LIS subject,2,2,0,2,INSUFFICIENT DATA,100.0,0.0
2026,H0297,Elizabeth R. Guzman,D,Housing,Official LIS subject,5,4,0,4,INSUFFICIENT DATA,100.0,0.0
2026,H0405,Garrett McGuire,D,Housing,Official LIS subject,3,3,0,3,INSUFFICIENT DATA,100.0,0.0
2026,H0403,Gretchen M. Bulova,D,Housing,Official LIS subject,3,3,0,3,INSUFFICIENT DATA,100.0,0.0
2026,H0351,Holly M. Seibold,D,Housing,Official LIS subject,4,4,0,4,INSUFFICIENT DATA,100.0,0.0
2026,H0344,Irene Shin,D,Housing,Official LIS subject,6,6,0,6,INSUFFICIENT DATA,100.0,0.0
2026,H0385,JJ Singh,D,Housing,Official LIS subject,5,5,0,5,INSUFFICIENT DATA,100.0,0.0
2026,H0349,Jackie H. Glass,D,Housing,Official LIS subject,3,3,0,3,INSUFFICIENT DATA,100.0,0.0
2026,H0173,Jeion A. Ward,D,Housing,Official LIS subject,5,5,0,5,INSUFFICIENT DATA,100.0,0.0
2026,H0386,Jessica L. Anderson,D,Housing,Official LIS subject,3,3,0,3,INSUFFICIENT DATA,100.0,0.0
2026,H0395,John Chilton McAuliff,D,Housing,Official LIS subject,3,3,0,3,INSUFFICIENT DATA,100.0,0.0
2026,H0382,Joshua E. Thomas,D,Housing,Official LIS subject,3,3,0,3,INSUFFICIENT DATA,100.0,0.0
2026,H0314,Joshua G. Cole,D,Housing,Official LIS subject,4,4,0,4,INSUFFICIENT DATA,100.0,0.0
2026,H0370,Karen Keys-Gamarra,D,Housing,Official LIS subject,3,3,0,3,INSUFFICIENT DATA,100.0,0.0
2026,H0387,"Karen R. ""Kacey"" Carnegie",D,Housing,Official LIS subject,3,3,0,3,INSUFFICIENT DATA,100.0,0.0
2026,H0294,Karrie K. Delaney,D,Housing,Official LIS subject,4,4,0,4,INSUFFICIENT DATA,100.0,0.0
2026,H0305,Kathy K.L. Tran,D,Housing,Official LIS subject,3,3,0,3,INSUFFICIENT DATA,100.0,0.0
2026,H0354,Katrina Callsen,D,Housing,Official LIS subject,4,4,0,4,INSUFFICIENT DATA,100.0,0.0
2026,H0295,Kelly K. Convirs-Fowler,D,Housing,Official LIS subject,5,4,0,4,INSUFFICIENT DATA,100.0,0.0
2026,H0399,Kimberly Pope Adams,D,Housing,Official LIS subject,3,3,0,3,INSUFFICIENT DATA,100.0,0.0
2026,H0406,Kirk McPike,D,Housing,Official LIS subject,1,1,0,1,INSUFFICIENT DATA,100.0,0.0
2026,H0355,Laura Jane Cohen,D,Housing,Official LIS subject,5,5,0,5,INSUFFICIENT DATA,100.0,0.0
2026,H0396,Leslie Chambers Mehta,D,Housing,Official LIS subject,3,3,0,3,INSUFFICIENT DATA,100.0,0.0
2026,H0393,Lily V. Franklin,D,Housing,Official LIS subject,5,5,0,5,INSUFFICIENT DATA,100.0,0.0
2026,H0391,Lindsey Dougherty,D,Housing,Official LIS subject,3,3,0,3,INSUFFICIENT DATA,100.0,0.0
2026,H0227,Luke E. Torian,D,Housing,Official LIS subject,4,4,0,4,INSUFFICIENT DATA,100.0,0.0
2026,H0284,"Marcia S. ""Cia"" Price",D,Housing,Official LIS subject,5,5,0,5,INSUFFICIENT DATA,100.0,0.0
2026,H0264,Marcus B. Simon,D,Housing,Official LIS subject,5,5,0,5,INSUFFICIENT DATA,100.0,0.0
2026,H0404,Margaret A. Franklin,D,Housing,Official LIS subject,3,3,0,3,INSUFFICIENT DATA,100.0,0.0
2026,H0392,Mark C. Downey,D,Housing,Official LIS subject,3,3,0,3,INSUFFICIENT DATA,100.0,0.0
2026,H0374,Marty Martinez,D,Housing,Official LIS subject,3,3,0,3,INSUFFICIENT DATA,100.0,0.0
2026,H0397,May Nivar,D,Housing,Official LIS subject,6,6,0,6,INSUFFICIENT DATA,100.0,0.0
2026,H0360,Michael B. Feggans,D,Housing,Official LIS subject,6,6,0,6,INSUFFICIENT DATA,100.0,0.0
2026,H0340,Michelle Lopes Maldonado,D,Housing,Official LIS subject,5,5,0,5,INSUFFICIENT DATA,100.0,0.0
2026,H0336,Nadarius E. Clark,D,Housing,Official LIS subject,6,6,0,6,INSUFFICIENT DATA,100.0,0.0
2026,H0389,Nicole Cole,D,Housing,Official LIS subject,3,3,0,3,INSUFFICIENT DATA,100.0,0.0
2026,H0219,Patrick A. Hope,D,Housing,Official LIS subject,3,3,0,3,INSUFFICIENT DATA,100.0,0.0
2026,H0281,Paul E. Krizek,D,Housing,Official LIS subject,4,4,0,4,INSUFFICIENT DATA,100.0,0.0
2026,H0366,Phil M. Hernandez,D,Housing,Official LIS subject,5,4,0,4,INSUFFICIENT DATA,100.0,0.0
2026,H0356,Rae Cousins,D,Housing,Official LIS subject,5,5,0,5,INSUFFICIENT DATA,100.0,0.0
2026,H0269,"Richard C. ""Rip"" Sullivan, Jr.",D,Housing,Official LIS subject,6,6,0,6,INSUFFICIENT DATA,100.0,0.0
2026,H0327,Rodney T. Willett,D,Housing,Official LIS subject,3,3,0,3,INSUFFICIENT DATA,100.0,0.0
2026,H0365,"Rozia A. Henson, Jr.",D,Housing,Official LIS subject,3,3,0,3,INSUFFICIENT DATA,100.0,0.0
2026,H0266,Sam Rasoul,D,Housing,Official LIS subject,3,3,0,3,INSUFFICIENT DATA,100.0,0.0
2026,H0323,Shelly A. Simonds,D,Housing,Official LIS subject,3,3,0,3,INSUFFICIENT DATA,100.0,0.0
2026,H0388,Stacey Annie Carroll,D,Housing,Official LIS subject,5,5,0,5,INSUFFICIENT DATA,100.0,0.0
2026,H0400,Virgil Thornton,D,Housing,Official LIS subject,3,3,0,3,INSUFFICIENT DATA,100.0,0.0
2026,H0108,Vivian E. Watts,D,Housing,Official LIS subject,3,3,0,3,INSUFFICIENT DATA,100.0,0.0
2026,H0056,Terry G. Kilgore,R,Housing,Official LIS subject,6,5,1,6,INSUFFICIENT DATA,83.33333333333334,16.666666666666664
2026,H0384,Eric Phillips,R,Housing,Official LIS subject,3,2,1,3,INSUFFICIENT DATA,66.66666666666666,33.33333333333333
2026,H0347,"H. Otto Wachsmann, Jr.",R,Housing,Official LIS subject,3,2,1,3,INSUFFICIENT DATA,66.66666666666666,33.33333333333333
2026,H0124,R. Lee Ware,R,Housing,Official LIS subject,3,2,1,3,INSUFFICIENT DATA,66.66666666666666,33.33333333333333
2026,H0357,Will Davis,R,Housing,Official LIS subject,3,2,1,3,INSUFFICIENT DATA,66.66666666666666,33.33333333333333
2026,H0333,Jason S. Ballard,R,Housing,Official LIS subject,5,3,2,5,INSUFFICIENT DATA,60.0,40.0
2026,H0224,James W. Morefield,R,Housing,Official LIS subject,4,2,2,4,INSUFFICIENT DATA,50.0,50.0
2026,H0348,Wren M. Williams,R,Housing,Official LIS subject,6,2,2,4,INSUFFICIENT DATA,50.0,50.0
2026,H0329,Bill Wiley,R,Housing,Official LIS subject,5,2,3,5,INSUFFICIENT DATA,40.0,60.0
2026,H0242,Israel D. O'Quinn,R,Housing,Official LIS subject,5,2,3,5,INSUFFICIENT DATA,40.0,60.0
2026,H0267,"Robert S. Bloxom, Jr.",R,Housing,Official LIS subject,5,2,3,5,INSUFFICIENT DATA,40.0,60.0
2026,H0377,Delores Oates,R,Housing,Official LIS subject,3,1,2,3,INSUFFICIENT DATA,33.33333333333333,66.66666666666666
2026,H0238,M. Keith Hodges,R,Housing,Official LIS subject,3,1,2,3,INSUFFICIENT DATA,33.33333333333333,66.66666666666666
2026,H0401,Madison Whittle,R,Housing,Official LIS subject,3,1,2,3,INSUFFICIENT DATA,33.33333333333333,66.66666666666666
2026,H0335,Mike A. Cherry,R,Housing,Official LIS subject,3,1,2,3,INSUFFICIENT DATA,33.33333333333333,66.66666666666666
2026,H0350,Ellen H. McLaughlin,R,Housing,Official LIS subject,4,1,3,4,INSUFFICIENT DATA,25.0,75.0
2026,H0259,"Hyland F. ""Buddy"" Fowler, Jr.",R,Housing,Official LIS subject,4,1,3,4,INSUFFICIENT DATA,25.0,75.0
2026,H0253,Terry L. Austin,R,Housing,Official LIS subject,5,1,4,5,INSUFFICIENT DATA,20.0,80.0
2026,H0345,Anne Ferrell Tata,R,Housing,Official LIS subject,3,0,3,3,INSUFFICIENT DATA,0.0,100.0
2026,H0206,Barry D. Knight,R,Housing,Derived from LIS bill description,59,0,0,0,INSUFFICIENT DATA,0.0,0.0
2026,H0206,Barry D. Knight,R,Housing,Official LIS subject,3,0,0,0,INSUFFICIENT DATA,0.0,0.0
2026,H0321,Chris S. Runion,R,Housing,Official LIS subject,5,0,5,5,INSUFFICIENT DATA,0.0,100.0
2026,H0383,Eric R. Zehr,R,Housing,Official LIS subject,3,0,3,3,INSUFFICIENT DATA,0.0,100.0
2026,H0369,Hillary Pugh Kent,R,Housing,Official LIS subject,3,0,3,3,INSUFFICIENT DATA,0.0,100.0
2026,H0262,"James A. ""Jay"" Leftwich",R,Housing,Official LIS subject,3,0,3,3,INSUFFICIENT DATA,0.0,100.0
2026,H0308,Joseph P. McNamara,R,Housing,Official LIS subject,3,0,3,3,INSUFFICIENT DATA,0.0,100.0
2026,H0398,Justin Pence,R,Housing,Official LIS subject,3,0,3,3,INSUFFICIENT DATA,0.0,100.0
2026,H0394,Karen Hamilton,R,Housing,Official LIS subject,3,0,3,3,INSUFFICIENT DATA,0.0,100.0
2026,H0247,Michael J. Webert,R,Housing,Official LIS subject,5,0,5,5,INSUFFICIENT DATA,0.0,100.0
2026,H0390,Mitchell Cornett,R,Housing,Official LIS subject,3,0,3,3,INSUFFICIENT DATA,0.0,100.0
2026,H0342,Phillip A. Scott,R,Housing,Official LIS subject,3,0,3,3,INSUFFICIENT DATA,0.0,100.0
2026,H0328,Scott A. Wyatt,R,Housing,Official LIS subject,3,0,3,3,INSUFFICIENT DATA,0.0,100.0
2026,H0362,"Thomas A. Garrett, Jr.",R,Housing,Official LIS subject,3,0,2,2,INSUFFICIENT DATA,0.0,100.0
2026,H0136,"Thomas C. Wright, Jr.",R,Housing,Official LIS subject,3,0,2,2,INSUFFICIENT DATA,0.0,100.0
2026,H0364,Timothy P. Griffin,R,Housing,Official LIS subject,3,0,3,3,INSUFFICIENT DATA,0.0,100.0
2026,H0231,Tony O. Wilt,R,Housing,Official LIS subject,6,0,6,6,INSUFFICIENT DATA,0.0,100.0
2026,H0325,Wendell S. Walker,R,Housing,Official LIS subject,3,0,3,3,INSUFFICIENT DATA,0.0,100.0
2026,H0267,"Robert S. Bloxom, Jr.",R,Housing,Derived from LIS bill description,150,81,68,149,MIXED,54.36241610738255,45.63758389261745
2026,H0224,James W. Morefield,R,Housing,Derived from LIS bill description,134,69,64,133,MIXED,51.8796992481203,48.1203007518797
2026,H0347,"H. Otto Wachsmann, Jr.",R,Housing,Derived from LIS bill description,85,39,46,85,MIXED,45.88235294117647,54.11764705882353
2026,H0350,Ellen H. McLaughlin,R,Housing,Derived from LIS bill description,130,51,71,122,MIXED,41.80327868852459,58.19672131147541
2026,H0253,Terry L. Austin,R,Housing,Derived from LIS bill description,145,57,88,145,MIXED,39.310344827586206,60.689655172413794
2026,H0056,Terry G. Kilgore,R,Housing,Derived from LIS bill description,91,34,56,90,MIXED,37.77777777777778,62.22222222222222
2026,H0329,Bill Wiley,R,Housing,Derived from LIS bill description,150,55,95,150,MIXED,36.666666666666664,63.33333333333333
2026,H0259,"Hyland F. ""Buddy"" Fowler, Jr.",R,Housing,Derived from LIS bill description,115,40,75,115,NO,34.78260869565217,65.21739130434783
2026,H0345,Anne Ferrell Tata,R,Housing,Derived from LIS bill description,93,30,63,93,NO,32.25806451612903,67.74193548387096
2026,H0231,Tony O. Wilt,R,Housing,Derived from LIS bill description,85,27,58,85,NO,31.76470588235294,68.23529411764706
2026,H0242,Israel D. O'Quinn,R,Housing,Derived from LIS bill description,86,27,59,86,NO,31.3953488372093,68.6046511627907
2026,H0333,Jason S. Ballard,R,Housing,Derived from LIS bill description,91,27,60,87,NO,31.03448275862069,68.96551724137932
2026,H0335,Mike A. Cherry,R,Housing,Derived from LIS bill description,84,26,58,84,NO,30.952380952380953,69.04761904761905
2026,H0308,Joseph P. McNamara,R,Housing,Derived from LIS bill description,93,28,63,91,NO,30.76923076923077,69.23076923076923
2026,H0238,M. Keith Hodges,R,Housing,Derived from LIS bill description,105,32,73,105,NO,30.476190476190478,69.52380952380952
2026,H0325,Wendell S. Walker,R,Housing,Derived from LIS bill description,85,24,59,83,NO,28.915662650602407,71.08433734939759
2026,H0401,Madison Whittle,R,Housing,Derived from LIS bill description,85,23,62,85,NO,27.058823529411764,72.94117647058823
2026,H0262,"James A. ""Jay"" Leftwich",R,Housing,Derived from LIS bill description,87,23,64,87,NO,26.436781609195403,73.5632183908046
2026,H0321,Chris S. Runion,R,Housing,Derived from LIS bill description,86,22,63,85,NO,25.882352941176475,74.11764705882354
2026,H0398,Justin Pence,R,Housing,Derived from LIS bill description,85,22,63,85,NO,25.882352941176475,74.11764705882354
2026,H0328,Scott A. Wyatt,R,Housing,Derived from LIS bill description,99,24,74,98,NO,24.489795918367346,75.51020408163265
2026,H0357,Will Davis,R,Housing,Derived from LIS bill description,86,21,65,86,NO,24.418604651162788,75.5813953488372
2026,H0384,Eric Phillips,R,Housing,Derived from LIS bill description,83,20,63,83,NO,24.096385542168676,75.90361445783132
2026,H0124,R. Lee Ware,R,Housing,Derived from LIS bill description,83,19,63,82,NO,23.170731707317074,76.82926829268293
2026,H0390,Mitchell Cornett,R,Housing,Derived from LIS bill description,84,19,65,84,NO,22.61904761904762,77.38095238095238
2026,H0348,Wren M. Williams,R,Housing,Derived from LIS bill description,88,19,68,87,NO,21.839080459770116,78.16091954022988
2026,H0247,Michael J. Webert,R,Housing,Derived from LIS bill description,85,17,64,81,NO,20.98765432098765,79.01234567901234
2026,H0369,Hillary Pugh Kent,R,Housing,Derived from LIS bill description,83,17,66,83,NO,20.481927710843372,79.51807228915662
2026,H0377,Delores Oates,R,Housing,Derived from LIS bill description,83,14,68,82,NO,17.073170731707318,82.92682926829268
2026,H0407,Andrew Rice,R,Housing,Derived from LIS bill description,12,2,10,12,NO,16.666666666666664,83.33333333333334
2026,H0136,"Thomas C. Wright, Jr.",R,Housing,Derived from LIS bill description,83,10,71,81,NO,12.345679012345679,87.65432098765432
2026,H0383,Eric R. Zehr,R,Housing,Derived from LIS bill description,83,8,73,81,NO,9.876543209876543,90.12345679012346
2026,H0394,Karen Hamilton,R,Housing,Derived from LIS bill description,83,8,75,83,NO,9.63855421686747,90.36144578313254
2026,H0342,Phillip A. Scott,R,Housing,Derived from LIS bill description,84,7,77,84,NO,8.333333333333332,91.66666666666666
2026,H0364,Timothy P. Griffin,R,Housing,Derived from LIS bill description,83,6,75,81,NO,7.4074074074074066,92.5925925925926
2026,H0362,"Thomas A. Garrett, Jr.",R,Housing,Derived from LIS bill description,83,5,76,81,NO,6.172839506172839,93.82716049382715
2026,H0334,Elizabeth B. Bennett-Parker,D,Housing,Derived from LIS bill description,33,21,0,21,YES,100.0,0.0
2026,H0212,Betsy B. Carr,D,Housing,Derived from LIS bill description,150,145,3,148,YES,97.97297297297297,2.027027027027027
2026,H0366,Phil M. Hernandez,D,Housing,Derived from LIS bill description,142,137,4,141,YES,97.16312056737588,2.8368794326241136
2026,H0297,Elizabeth R. Guzman,D,Housing,Derived from LIS bill description,139,133,4,137,YES,97.08029197080292,2.9197080291970803
2026,H0389,Nicole Cole,D,Housing,Derived from LIS bill description,98,94,3,97,YES,96.90721649484536,3.0927835051546393
2026,H0355,Laura Jane Cohen,D,Housing,Derived from LIS bill description,102,92,3,95,YES,96.84210526315789,3.1578947368421053
2026,H0281,Paul E. Krizek,D,Housing,Derived from LIS bill description,127,121,4,125,YES,96.8,3.2
2026,H0371,Amy J. Laufer,D,Housing,Derived from LIS bill description,94,88,3,91,YES,96.7032967032967,3.296703296703297
2026,H0227,Luke E. Torian,D,Housing,Derived from LIS bill description,125,115,4,119,YES,96.63865546218487,3.361344537815126
2026,H0380,Atoosa R. Reaser,D,Housing,Derived from LIS bill description,118,114,4,118,YES,96.61016949152543,3.389830508474576
2026,H0354,Katrina Callsen,D,Housing,Derived from LIS bill description,117,113,4,117,YES,96.58119658119658,3.418803418803419
2026,H0294,Karrie K. Delaney,D,Housing,Derived from LIS bill description,116,112,4,116,YES,96.55172413793103,3.4482758620689653
2026,H0314,Joshua G. Cole,D,Housing,Derived from LIS bill description,115,111,4,115,YES,96.52173913043478,3.4782608695652173
2026,H0239,Alfonso H. Lopez,D,Housing,Derived from LIS bill description,86,82,3,85,YES,96.47058823529412,3.5294117647058822
2026,H0351,Holly M. Seibold,D,Housing,Derived from LIS bill description,114,108,4,112,YES,96.42857142857143,3.571428571428571
2026,H0393,Lily V. Franklin,D,Housing,Derived from LIS bill description,139,134,5,139,YES,96.40287769784173,3.597122302158273
2026,H0207,Delores L. McQuinn,D,Housing,Derived from LIS bill description,89,80,3,83,YES,96.3855421686747,3.614457831325301
2026,H0388,Stacey Annie Carroll,D,Housing,Derived from LIS bill description,139,127,5,132,YES,96.21212121212122,3.787878787878788
2026,H0323,Shelly A. Simonds,D,Housing,Derived from LIS bill description,104,100,4,104,YES,96.15384615384616,3.8461538461538463
2026,H0400,Virgil Thornton,D,Housing,Derived from LIS bill description,101,97,4,101,YES,96.03960396039604,3.9603960396039604
2026,H0311,Alex Q. Askew,D,Housing,Derived from LIS bill description,99,95,4,99,YES,95.95959595959596,4.040404040404041
2026,H0344,Irene Shin,D,Housing,Derived from LIS bill description,99,94,4,98,YES,95.91836734693877,4.081632653061225
2026,H0370,Karen Keys-Gamarra,D,Housing,Derived from LIS bill description,97,93,4,97,YES,95.87628865979381,4.123711340206185
2026,H0264,Marcus B. Simon,D,Housing,Derived from LIS bill description,143,137,6,143,YES,95.8041958041958,4.195804195804196
2026,H0208,Charniele L. Herring,D,Housing,Derived from LIS bill description,96,91,4,95,YES,95.78947368421052,4.2105263157894735
2026,H0392,Mark C. Downey,D,Housing,Derived from LIS bill description,95,91,4,95,YES,95.78947368421052,4.2105263157894735
2026,H0397,May Nivar,D,Housing,Derived from LIS bill description,95,91,4,95,YES,95.78947368421052,4.2105263157894735
2026,H0386,Jessica L. Anderson,D,Housing,Derived from LIS bill description,93,89,4,93,YES,95.6989247311828,4.301075268817205
2026,H0327,Rodney T. Willett,D,Housing,Derived from LIS bill description,95,88,4,92,YES,95.65217391304348,4.3478260869565215
2026,H0305,Kathy K.L. Tran,D,Housing,Derived from LIS bill description,91,87,4,91,YES,95.6043956043956,4.395604395604396
2026,H0340,Michelle Lopes Maldonado,D,Housing,Derived from LIS bill description,91,87,4,91,YES,95.6043956043956,4.395604395604396
2026,H0375,Adele Y. McClure,D,Housing,Derived from LIS bill description,114,108,5,113,YES,95.57522123893806,4.424778761061947
2026,H0285,"C.E. Cliff Hayes, Jr.",D,Housing,Derived from LIS bill description,91,86,4,90,YES,95.55555555555556,4.444444444444445
2026,H0301,David A. Reid,D,Housing,Derived from LIS bill description,89,85,4,89,YES,95.50561797752809,4.49438202247191
2026,H0356,Rae Cousins,D,Housing,Derived from LIS bill description,88,84,4,88,YES,95.45454545454545,4.545454545454546
2026,H0382,Joshua E. Thomas,D,Housing,Derived from LIS bill description,89,83,4,87,YES,95.40229885057471,4.597701149425287
2026,H0387,"Karen R. ""Kacey"" Carnegie",D,Housing,Derived from LIS bill description,87,83,4,87,YES,95.40229885057471,4.597701149425287
2026,H0219,Patrick A. Hope,D,Housing,Derived from LIS bill description,87,83,4,87,YES,95.40229885057471,4.597701149425287
2026,H0353,Bonita G. Anthony,D,Housing,Derived from LIS bill description,86,82,4,86,YES,95.34883720930233,4.651162790697675
2026,H0372,Destiny LeVere Bolling,D,Housing,Derived from LIS bill description,86,82,4,86,YES,95.34883720930233,4.651162790697675
2026,H0108,Vivian E. Watts,D,Housing,Derived from LIS bill description,86,82,4,86,YES,95.34883720930233,4.651162790697675
2026,H0402,Charlie Schmidt,D,Housing,Derived from LIS bill description,85,81,4,85,YES,95.29411764705881,4.705882352941177
2026,H0361,Debra D. Gardner,D,Housing,Derived from LIS bill description,85,81,4,85,YES,95.29411764705881,4.705882352941177
2026,H0404,Margaret A. Franklin,D,Housing,Derived from LIS bill description,92,81,4,85,YES,95.29411764705881,4.705882352941177
2026,H0173,Jeion A. Ward,D,Housing,Derived from LIS bill description,86,80,4,84,YES,95.23809523809523,4.761904761904762
2026,H0295,Kelly K. Convirs-Fowler,D,Housing,Derived from LIS bill description,86,80,4,84,YES,95.23809523809523,4.761904761904762
2026,H0399,Kimberly Pope Adams,D,Housing,Derived from LIS bill description,84,80,4,84,YES,95.23809523809523,4.761904761904762
2026,H0396,Leslie Chambers Mehta,D,Housing,Derived from LIS bill description,85,80,4,84,YES,95.23809523809523,4.761904761904762
2026,H0365,"Rozia A. Henson, Jr.",D,Housing,Derived from LIS bill description,84,80,4,84,YES,95.23809523809523,4.761904761904762
2026,H0322,Don Scott,D,Housing,Derived from LIS bill description,83,79,4,83,YES,95.18072289156626,4.819277108433735
2026,H0391,Lindsey Dougherty,D,Housing,Derived from LIS bill description,83,75,4,79,YES,94.9367088607595,5.063291139240507
2026,H0269,"Richard C. ""Rip"" Sullivan, Jr.",D,Housing,Derived from LIS bill description,91,86,5,91,YES,94.5054945054945,5.4945054945054945
2026,H0284,"Marcia S. ""Cia"" Price",D,Housing,Derived from LIS bill description,147,135,8,143,YES,94.4055944055944,5.594405594405594
2026,H0374,Marty Martinez,D,Housing,Derived from LIS bill description,93,83,5,88,YES,94.31818181818183,5.681818181818182
2026,H0360,Michael B. Feggans,D,Housing,Derived from LIS bill description,86,81,5,86,YES,94.18604651162791,5.813953488372093
2026,H0385,JJ Singh,D,Housing,Derived from LIS bill description,86,80,5,85,YES,94.11764705882352,5.88235294117647
2026,H0336,Nadarius E. Clark,D,Housing,Derived from LIS bill description,85,64,4,68,YES,94.11764705882352,5.88235294117647
2026,H0266,Sam Rasoul,D,Housing,Derived from LIS bill description,85,80,5,85,YES,94.11764705882352,5.88235294117647
2026,H0317,Dan I. Helmer,D,Housing,Derived from LIS bill description,98,89,7,96,YES,92.70833333333334,7.291666666666667
2026,H0406,Kirk McPike,D,Housing,Derived from LIS bill description,50,46,4,50,YES,92.0,8.0
2026,H0349,Jackie H. Glass,D,Housing,Derived from LIS bill description,83,75,7,82,YES,91.46341463414635,8.536585365853659
2026,H0403,Gretchen M. Bulova,D,Housing,Derived from LIS bill description,84,76,8,84,YES,90.47619047619048,9.523809523809524
2026,H0405,Garrett McGuire,D,Housing,Derived from LIS bill description,99,87,10,97,YES,89.69072164948454,10.309278350515463
2026,H0343,Briana D. Sewell,D,Housing,Derived from LIS bill description,103,92,11,103,YES,89.32038834951457,10.679611650485436
2026,H0395,John Chilton McAuliff,D,Housing,Derived from LIS bill description,83,61,15,76,YES,80.26315789473685,19.736842105263158
2026,H0375,Adele Y. McClure,D,Human Rights,Official LIS subject,2,2,0,2,INSUFFICIENT DATA,100.0,0.0
2026,H0311,Alex Q. Askew,D,Human Rights,Official LIS subject,2,2,0,2,INSUFFICIENT DATA,100.0,0.0
2026,H0239,Alfonso H. Lopez,D,Human Rights,Official LIS subject,2,2,0,2,INSUFFICIENT DATA,100.0,0.0
2026,H0371,Amy J. Laufer,D,Human Rights,Official LIS subject,2,2,0,2,INSUFFICIENT DATA,100.0,0.0
2026,H0380,Atoosa R. Reaser,D,Human Rights,Official LIS subject,2,2,0,2,INSUFFICIENT DATA,100.0,0.0
2026,H0212,Betsy B. Carr,D,Human Rights,Official LIS subject,2,2,0,2,INSUFFICIENT DATA,100.0,0.0
2026,H0353,Bonita G. Anthony,D,Human Rights,Official LIS subject,4,4,0,4,INSUFFICIENT DATA,100.0,0.0
2026,H0343,Briana D. Sewell,D,Human Rights,Official LIS subject,2,2,0,2,INSUFFICIENT DATA,100.0,0.0
2026,H0285,"C.E. Cliff Hayes, Jr.",D,Human Rights,Official LIS subject,2,2,0,2,INSUFFICIENT DATA,100.0,0.0
2026,H0330,Candi Mundon King,D,Human Rights,Official LIS subject,1,1,0,1,INSUFFICIENT DATA,100.0,0.0
2026,H0402,Charlie Schmidt,D,Human Rights,Official LIS subject,1,1,0,1,INSUFFICIENT DATA,100.0,0.0
2026,H0208,Charniele L. Herring,D,Human Rights,Official LIS subject,2,2,0,2,INSUFFICIENT DATA,100.0,0.0
2026,H0317,Dan I. Helmer,D,Human Rights,Official LIS subject,2,2,0,2,INSUFFICIENT DATA,100.0,0.0
2026,H0301,David A. Reid,D,Human Rights,Official LIS subject,4,4,0,4,INSUFFICIENT DATA,100.0,0.0
2026,H0177,David L. Bulova,D,Human Rights,Official LIS subject,2,2,0,2,INSUFFICIENT DATA,100.0,0.0
2026,H0361,Debra D. Gardner,D,Human Rights,Official LIS subject,2,2,0,2,INSUFFICIENT DATA,100.0,0.0
2026,H0207,Delores L. McQuinn,D,Human Rights,Official LIS subject,2,2,0,2,INSUFFICIENT DATA,100.0,0.0
2026,H0372,Destiny LeVere Bolling,D,Human Rights,Official LIS subject,4,4,0,4,INSUFFICIENT DATA,100.0,0.0
2026,H0322,Don Scott,D,Human Rights,Official LIS subject,2,2,0,2,INSUFFICIENT DATA,100.0,0.0
2026,H0334,Elizabeth B. Bennett-Parker,D,Human Rights,Official LIS subject,2,2,0,2,INSUFFICIENT DATA,100.0,0.0
2026,H0297,Elizabeth R. Guzman,D,Human Rights,Official LIS subject,2,2,0,2,INSUFFICIENT DATA,100.0,0.0
2026,H0405,Garrett McGuire,D,Human Rights,Official LIS subject,1,1,0,1,INSUFFICIENT DATA,100.0,0.0
2026,H0403,Gretchen M. Bulova,D,Human Rights,Official LIS subject,2,2,0,2,INSUFFICIENT DATA,100.0,0.0
2026,H0351,Holly M. Seibold,D,Human Rights,Official LIS subject,2,2,0,2,INSUFFICIENT DATA,100.0,0.0
2026,H0344,Irene Shin,D,Human Rights,Official LIS subject,2,1,0,1,INSUFFICIENT DATA,100.0,0.0
2026,H0385,JJ Singh,D,Human Rights,Official LIS subject,4,4,0,4,INSUFFICIENT DATA,100.0,0.0
2026,H0349,Jackie H. Glass,D,Human Rights,Official LIS subject,4,4,0,4,INSUFFICIENT DATA,100.0,0.0
2026,H0173,Jeion A. Ward,D,Human Rights,Official LIS subject,2,2,0,2,INSUFFICIENT DATA,100.0,0.0
2026,H0386,Jessica L. Anderson,D,Human Rights,Official LIS subject,2,2,0,2,INSUFFICIENT DATA,100.0,0.0
2026,H0395,John Chilton McAuliff,D,Human Rights,Official LIS subject,4,4,0,4,INSUFFICIENT DATA,100.0,0.0
2026,H0382,Joshua E. Thomas,D,Human Rights,Official LIS subject,2,2,0,2,INSUFFICIENT DATA,100.0,0.0
2026,H0314,Joshua G. Cole,D,Human Rights,Official LIS subject,4,3,0,3,INSUFFICIENT DATA,100.0,0.0
2026,H0370,Karen Keys-Gamarra,D,Human Rights,Official LIS subject,2,2,0,2,INSUFFICIENT DATA,100.0,0.0
2026,H0387,"Karen R. ""Kacey"" Carnegie",D,Human Rights,Official LIS subject,4,4,0,4,INSUFFICIENT DATA,100.0,0.0
2026,H0294,Karrie K. Delaney,D,Human Rights,Official LIS subject,2,2,0,2,INSUFFICIENT DATA,100.0,0.0
2026,H0305,Kathy K.L. Tran,D,Human Rights,Official LIS subject,2,2,0,2,INSUFFICIENT DATA,100.0,0.0
2026,H0354,Katrina Callsen,D,Human Rights,Official LIS subject,3,3,0,3,INSUFFICIENT DATA,100.0,0.0
2026,H0295,Kelly K. Convirs-Fowler,D,Human Rights,Official LIS subject,4,4,0,4,INSUFFICIENT DATA,100.0,0.0
2026,H0399,Kimberly Pope Adams,D,Human Rights,Official LIS subject,2,2,0,2,INSUFFICIENT DATA,100.0,0.0
2026,H0355,Laura Jane Cohen,D,Human Rights,Official LIS subject,2,2,0,2,INSUFFICIENT DATA,100.0,0.0
2026,H0396,Leslie Chambers Mehta,D,Human Rights,Official LIS subject,2,2,0,2,INSUFFICIENT DATA,100.0,0.0
2026,H0393,Lily V. Franklin,D,Human Rights,Official LIS subject,2,2,0,2,INSUFFICIENT DATA,100.0,0.0
2026,H0391,Lindsey Dougherty,D,Human Rights,Official LIS subject,2,2,0,2,INSUFFICIENT DATA,100.0,0.0
2026,H0227,Luke E. Torian,D,Human Rights,Official LIS subject,2,2,0,2,INSUFFICIENT DATA,100.0,0.0
2026,H0284,"Marcia S. ""Cia"" Price",D,Human Rights,Official LIS subject,4,3,0,3,INSUFFICIENT DATA,100.0,0.0
2026,H0264,Marcus B. Simon,D,Human Rights,Official LIS subject,2,2,0,2,INSUFFICIENT DATA,100.0,0.0
2026,H0404,Margaret A. Franklin,D,Human Rights,Official LIS subject,1,1,0,1,INSUFFICIENT DATA,100.0,0.0
2026,H0392,Mark C. Downey,D,Human Rights,Official LIS subject,2,2,0,2,INSUFFICIENT DATA,100.0,0.0
2026,H0172,Mark D. Sickles,D,Human Rights,Official LIS subject,1,1,0,1,INSUFFICIENT DATA,100.0,0.0
2026,H0374,Marty Martinez,D,Human Rights,Official LIS subject,2,2,0,2,INSUFFICIENT DATA,100.0,0.0
2026,H0397,May Nivar,D,Human Rights,Official LIS subject,2,2,0,2,INSUFFICIENT DATA,100.0,0.0
2026,H0360,Michael B. Feggans,D,Human Rights,Official LIS subject,2,2,0,2,INSUFFICIENT DATA,100.0,0.0
2026,H0340,Michelle Lopes Maldonado,D,Human Rights,Official LIS subject,2,2,0,2,INSUFFICIENT DATA,100.0,0.0
2026,H0336,Nadarius E. Clark,D,Human Rights,Official LIS subject,2,2,0,2,INSUFFICIENT DATA,100.0,0.0
2026,H0389,Nicole Cole,D,Human Rights,Official LIS subject,3,3,0,3,INSUFFICIENT DATA,100.0,0.0
2026,H0219,Patrick A. Hope,D,Human Rights,Official LIS subject,2,1,0,1,INSUFFICIENT DATA,100.0,0.0
2026,H0281,Paul E. Krizek,D,Human Rights,Official LIS subject,4,4,0,4,INSUFFICIENT DATA,100.0,0.0
2026,H0366,Phil M. Hernandez,D,Human Rights,Official LIS subject,2,2,0,2,INSUFFICIENT DATA,100.0,0.0
2026,H0356,Rae Cousins,D,Human Rights,Official LIS subject,2,2,0,2,INSUFFICIENT DATA,100.0,0.0
2026,H0269,"Richard C. ""Rip"" Sullivan, Jr.",D,Human Rights,Official LIS subject,2,2,0,2,INSUFFICIENT DATA,100.0,0.0
2026,H0327,Rodney T. Willett,D,Human Rights,Official LIS subject,2,2,0,2,INSUFFICIENT DATA,100.0,0.0
2026,H0365,"Rozia A. Henson, Jr.",D,Human Rights,Official LIS subject,4,4,0,4,INSUFFICIENT DATA,100.0,0.0
2026,H0266,Sam Rasoul,D,Human Rights,Official LIS subject,2,1,0,1,INSUFFICIENT DATA,100.0,0.0
2026,H0323,Shelly A. Simonds,D,Human Rights,Official LIS subject,2,2,0,2,INSUFFICIENT DATA,100.0,0.0
2026,H0388,Stacey Annie Carroll,D,Human Rights,Official LIS subject,4,4,0,4,INSUFFICIENT DATA,100.0,0.0
2026,H0400,Virgil Thornton,D,Human Rights,Official LIS subject,2,2,0,2,INSUFFICIENT DATA,100.0,0.0
2026,H0108,Vivian E. Watts,D,Human Rights,Official LIS subject,2,2,0,2,INSUFFICIENT DATA,100.0,0.0
2026,H0345,Anne Ferrell Tata,R,Human Rights,Official LIS subject,2,0,2,2,INSUFFICIENT DATA,0.0,100.0
2026,H0206,Barry D. Knight,R,Human Rights,Official LIS subject,2,0,0,0,INSUFFICIENT DATA,0.0,0.0
2026,H0329,Bill Wiley,R,Human Rights,Official LIS subject,2,0,2,2,INSUFFICIENT DATA,0.0,100.0
2026,H0321,Chris S. Runion,R,Human Rights,Official LIS subject,2,0,2,2,INSUFFICIENT DATA,0.0,100.0
2026,H0377,Delores Oates,R,Human Rights,Official LIS subject,2,0,2,2,INSUFFICIENT DATA,0.0,100.0
2026,H0350,Ellen H. McLaughlin,R,Human Rights,Official LIS subject,2,0,2,2,INSUFFICIENT DATA,0.0,100.0
2026,H0384,Eric Phillips,R,Human Rights,Official LIS subject,4,0,4,4,INSUFFICIENT DATA,0.0,100.0
2026,H0383,Eric R. Zehr,R,Human Rights,Official LIS subject,2,0,2,2,INSUFFICIENT DATA,0.0,100.0
2026,H0347,"H. Otto Wachsmann, Jr.",R,Human Rights,Official LIS subject,4,0,4,4,INSUFFICIENT DATA,0.0,100.0
2026,H0369,Hillary Pugh Kent,R,Human Rights,Official LIS subject,2,0,2,2,INSUFFICIENT DATA,0.0,100.0
2026,H0259,"Hyland F. ""Buddy"" Fowler, Jr.",R,Human Rights,Official LIS subject,2,0,2,2,INSUFFICIENT DATA,0.0,100.0
2026,H0242,Israel D. O'Quinn,R,Human Rights,Official LIS subject,4,0,4,4,INSUFFICIENT DATA,0.0,100.0
2026,H0262,"James A. ""Jay"" Leftwich",R,Human Rights,Official LIS subject,4,0,4,4,INSUFFICIENT DATA,0.0,100.0
2026,H0224,James W. Morefield,R,Human Rights,Official LIS subject,2,0,2,2,INSUFFICIENT DATA,0.0,100.0
2026,H0333,Jason S. Ballard,R,Human Rights,Official LIS subject,2,0,2,2,INSUFFICIENT DATA,0.0,100.0
2026,H0308,Joseph P. McNamara,R,Human Rights,Official LIS subject,2,0,2,2,INSUFFICIENT DATA,0.0,100.0
2026,H0398,Justin Pence,R,Human Rights,Official LIS subject,2,0,2,2,INSUFFICIENT DATA,0.0,100.0
2026,H0394,Karen Hamilton,R,Human Rights,Official LIS subject,2,0,2,2,INSUFFICIENT DATA,0.0,100.0
2026,H0238,M. Keith Hodges,R,Human Rights,Official LIS subject,2,0,2,2,INSUFFICIENT DATA,0.0,100.0
2026,H0401,Madison Whittle,R,Human Rights,Official LIS subject,2,0,2,2,INSUFFICIENT DATA,0.0,100.0
2026,H0247,Michael J. Webert,R,Human Rights,Official LIS subject,2,0,2,2,INSUFFICIENT DATA,0.0,100.0
2026,H0335,Mike A. Cherry,R,Human Rights,Official LIS subject,4,0,4,4,INSUFFICIENT DATA,0.0,100.0
2026,H0390,Mitchell Cornett,R,Human Rights,Official LIS subject,2,0,2,2,INSUFFICIENT DATA,0.0,100.0
2026,H0342,Phillip A. Scott,R,Human Rights,Official LIS subject,4,0,4,4,INSUFFICIENT DATA,0.0,100.0
2026,H0124,R. Lee Ware,R,Human Rights,Official LIS subject,2,0,2,2,INSUFFICIENT DATA,0.0,100.0
2026,H0267,"Robert S. Bloxom, Jr.",R,Human Rights,Official LIS subject,4,0,4,4,INSUFFICIENT DATA,0.0,100.0
2026,H0328,Scott A. Wyatt,R,Human Rights,Official LIS subject,2,0,2,2,INSUFFICIENT DATA,0.0,100.0
2026,H0056,Terry G. Kilgore,R,Human Rights,Official LIS subject,2,0,2,2,INSUFFICIENT DATA,0.0,100.0
2026,H0253,Terry L. Austin,R,Human Rights,Official LIS subject,2,0,1,1,INSUFFICIENT DATA,0.0,100.0
2026,H0362,"Thomas A. Garrett, Jr.",R,Human Rights,Official LIS subject,2,0,2,2,INSUFFICIENT DATA,0.0,100.0
2026,H0136,"Thomas C. Wright, Jr.",R,Human Rights,Official LIS subject,2,0,2,2,INSUFFICIENT DATA,0.0,100.0
2026,H0364,Timothy P. Griffin,R,Human Rights,Official LIS subject,2,0,2,2,INSUFFICIENT DATA,0.0,100.0
2026,H0231,Tony O. Wilt,R,Human Rights,Official LIS subject,2,0,2,2,INSUFFICIENT DATA,0.0,100.0
2026,H0325,Wendell S. Walker,R,Human Rights,Official LIS subject,2,0,2,2,INSUFFICIENT DATA,0.0,100.0
2026,H0357,Will Davis,R,Human Rights,Official LIS subject,2,0,2,2,INSUFFICIENT DATA,0.0,100.0
2026,H0348,Wren M. Williams,R,Human Rights,Official LIS subject,2,0,2,2,INSUFFICIENT DATA,0.0,100.0
2026,H0375,Adele Y. McClure,D,Insurance,Official LIS subject,5,5,0,5,INSUFFICIENT DATA,100.0,0.0
2026,H0311,Alex Q. Askew,D,Insurance,Official LIS subject,6,6,0,6,INSUFFICIENT DATA,100.0,0.0
2026,H0239,Alfonso H. Lopez,D,Insurance,Official LIS subject,6,6,0,6,INSUFFICIENT DATA,100.0,0.0
2026,H0371,Amy J. Laufer,D,Insurance,Official LIS subject,6,6,0,6,INSUFFICIENT DATA,100.0,0.0
2026,H0380,Atoosa R. Reaser,D,Insurance,Official LIS subject,5,5,0,5,INSUFFICIENT DATA,100.0,0.0
2026,H0212,Betsy B. Carr,D,Insurance,Official LIS subject,6,6,0,6,INSUFFICIENT DATA,100.0,0.0
2026,H0353,Bonita G. Anthony,D,Insurance,Official LIS subject,6,6,0,6,INSUFFICIENT DATA,100.0,0.0
2026,H0343,Briana D. Sewell,D,Insurance,Official LIS subject,6,6,0,6,INSUFFICIENT DATA,100.0,0.0
2026,H0285,"C.E. Cliff Hayes, Jr.",D,Insurance,Official LIS subject,6,6,0,6,INSUFFICIENT DATA,100.0,0.0
2026,H0402,Charlie Schmidt,D,Insurance,Official LIS subject,5,5,0,5,INSUFFICIENT DATA,100.0,0.0
2026,H0208,Charniele L. Herring,D,Insurance,Official LIS subject,6,6,0,6,INSUFFICIENT DATA,100.0,0.0
2026,H0317,Dan I. Helmer,D,Insurance,Official LIS subject,6,6,0,6,INSUFFICIENT DATA,100.0,0.0
2026,H0301,David A. Reid,D,Insurance,Official LIS subject,6,6,0,6,INSUFFICIENT DATA,100.0,0.0
2026,H0361,Debra D. Gardner,D,Insurance,Official LIS subject,5,5,0,5,INSUFFICIENT DATA,100.0,0.0
2026,H0207,Delores L. McQuinn,D,Insurance,Official LIS subject,6,6,0,6,INSUFFICIENT DATA,100.0,0.0
2026,H0372,Destiny LeVere Bolling,D,Insurance,Official LIS subject,6,6,0,6,INSUFFICIENT DATA,100.0,0.0
2026,H0322,Don Scott,D,Insurance,Official LIS subject,5,5,0,5,INSUFFICIENT DATA,100.0,0.0
2026,H0297,Elizabeth R. Guzman,D,Insurance,Official LIS subject,5,5,0,5,INSUFFICIENT DATA,100.0,0.0
2026,H0405,Garrett McGuire,D,Insurance,Official LIS subject,5,5,0,5,INSUFFICIENT DATA,100.0,0.0
2026,H0403,Gretchen M. Bulova,D,Insurance,Official LIS subject,5,5,0,5,INSUFFICIENT DATA,100.0,0.0
2026,H0351,Holly M. Seibold,D,Insurance,Official LIS subject,5,5,0,5,INSUFFICIENT DATA,100.0,0.0
2026,H0344,Irene Shin,D,Insurance,Official LIS subject,6,6,0,6,INSUFFICIENT DATA,100.0,0.0
2026,H0385,JJ Singh,D,Insurance,Official LIS subject,6,6,0,6,INSUFFICIENT DATA,100.0,0.0
2026,H0349,Jackie H. Glass,D,Insurance,Official LIS subject,5,5,0,5,INSUFFICIENT DATA,100.0,0.0
2026,H0173,Jeion A. Ward,D,Insurance,Official LIS subject,6,6,0,6,INSUFFICIENT DATA,100.0,0.0
2026,H0386,Jessica L. Anderson,D,Insurance,Official LIS subject,5,5,0,5,INSUFFICIENT DATA,100.0,0.0
2026,H0395,John Chilton McAuliff,D,Insurance,Official LIS subject,5,5,0,5,INSUFFICIENT DATA,100.0,0.0
2026,H0382,Joshua E. Thomas,D,Insurance,Official LIS subject,6,6,0,6,INSUFFICIENT DATA,100.0,0.0
2026,H0314,Joshua G. Cole,D,Insurance,Official LIS subject,5,5,0,5,INSUFFICIENT DATA,100.0,0.0
2026,H0370,Karen Keys-Gamarra,D,Insurance,Official LIS subject,5,5,0,5,INSUFFICIENT DATA,100.0,0.0
2026,H0387,"Karen R. ""Kacey"" Carnegie",D,Insurance,Official LIS subject,5,5,0,5,INSUFFICIENT DATA,100.0,0.0
2026,H0294,Karrie K. Delaney,D,Insurance,Official LIS subject,5,5,0,5,INSUFFICIENT DATA,100.0,0.0
2026,H0305,Kathy K.L. Tran,D,Insurance,Official LIS subject,6,6,0,6,INSUFFICIENT DATA,100.0,0.0
2026,H0354,Katrina Callsen,D,Insurance,Official LIS subject,5,5,0,5,INSUFFICIENT DATA,100.0,0.0
2026,H0295,Kelly K. Convirs-Fowler,D,Insurance,Official LIS subject,6,6,0,6,INSUFFICIENT DATA,100.0,0.0
2026,H0399,Kimberly Pope Adams,D,Insurance,Official LIS subject,5,5,0,5,INSUFFICIENT DATA,100.0,0.0
2026,H0406,Kirk McPike,D,Insurance,Official LIS subject,5,5,0,5,INSUFFICIENT DATA,100.0,0.0
2026,H0355,Laura Jane Cohen,D,Insurance,Official LIS subject,6,6,0,6,INSUFFICIENT DATA,100.0,0.0
2026,H0396,Leslie Chambers Mehta,D,Insurance,Official LIS subject,5,5,0,5,INSUFFICIENT DATA,100.0,0.0
2026,H0393,Lily V. Franklin,D,Insurance,Official LIS subject,5,5,0,5,INSUFFICIENT DATA,100.0,0.0
2026,H0391,Lindsey Dougherty,D,Insurance,Official LIS subject,5,5,0,5,INSUFFICIENT DATA,100.0,0.0
2026,H0227,Luke E. Torian,D,Insurance,Official LIS subject,6,5,0,5,INSUFFICIENT DATA,100.0,0.0
2026,H0284,"Marcia S. ""Cia"" Price",D,Insurance,Official LIS subject,6,6,0,6,INSUFFICIENT DATA,100.0,0.0
2026,H0264,Marcus B. Simon,D,Insurance,Official LIS subject,5,5,0,5,INSUFFICIENT DATA,100.0,0.0
2026,H0404,Margaret A. Franklin,D,Insurance,Official LIS subject,5,5,0,5,INSUFFICIENT DATA,100.0,0.0
2026,H0392,Mark C. Downey,D,Insurance,Official LIS subject,5,5,0,5,INSUFFICIENT DATA,100.0,0.0
2026,H0374,Marty Martinez,D,Insurance,Official LIS subject,5,5,0,5,INSUFFICIENT DATA,100.0,0.0
2026,H0397,May Nivar,D,Insurance,Official LIS subject,6,6,0,6,INSUFFICIENT DATA,100.0,0.0
2026,H0360,Michael B. Feggans,D,Insurance,Official LIS subject,6,6,0,6,INSUFFICIENT DATA,100.0,0.0
2026,H0340,Michelle Lopes Maldonado,D,Insurance,Official LIS subject,6,6,0,6,INSUFFICIENT DATA,100.0,0.0
2026,H0336,Nadarius E. Clark,D,Insurance,Official LIS subject,6,5,0,5,INSUFFICIENT DATA,100.0,0.0
2026,H0389,Nicole Cole,D,Insurance,Official LIS subject,5,5,0,5,INSUFFICIENT DATA,100.0,0.0
2026,H0219,Patrick A. Hope,D,Insurance,Official LIS subject,5,5,0,5,INSUFFICIENT DATA,100.0,0.0
2026,H0281,Paul E. Krizek,D,Insurance,Official LIS subject,6,6,0,6,INSUFFICIENT DATA,100.0,0.0
2026,H0366,Phil M. Hernandez,D,Insurance,Official LIS subject,5,5,0,5,INSUFFICIENT DATA,100.0,0.0
2026,H0356,Rae Cousins,D,Insurance,Official LIS subject,6,6,0,6,INSUFFICIENT DATA,100.0,0.0
2026,H0269,"Richard C. ""Rip"" Sullivan, Jr.",D,Insurance,Official LIS subject,6,6,0,6,INSUFFICIENT DATA,100.0,0.0
2026,H0327,Rodney T. Willett,D,Insurance,Official LIS subject,6,6,0,6,INSUFFICIENT DATA,100.0,0.0
2026,H0365,"Rozia A. Henson, Jr.",D,Insurance,Official LIS subject,5,5,0,5,INSUFFICIENT DATA,100.0,0.0
2026,H0266,Sam Rasoul,D,Insurance,Official LIS subject,5,5,0,5,INSUFFICIENT DATA,100.0,0.0
2026,H0323,Shelly A. Simonds,D,Insurance,Official LIS subject,6,6,0,6,INSUFFICIENT DATA,100.0,0.0
2026,H0388,Stacey Annie Carroll,D,Insurance,Official LIS subject,5,4,0,4,INSUFFICIENT DATA,100.0,0.0
2026,H0400,Virgil Thornton,D,Insurance,Official LIS subject,5,5,0,5,INSUFFICIENT DATA,100.0,0.0
2026,H0108,Vivian E. Watts,D,Insurance,Official LIS subject,5,5,0,5,INSUFFICIENT DATA,100.0,0.0
2026,H0407,Andrew Rice,R,Insurance,Derived from LIS bill description,5,2,3,5,INSUFFICIENT DATA,40.0,60.0
2026,H0407,Andrew Rice,R,Insurance,Official LIS subject,1,0,1,1,INSUFFICIENT DATA,0.0,100.0
2026,H0345,Anne Ferrell Tata,R,Insurance,Official LIS subject,5,0,5,5,INSUFFICIENT DATA,0.0,100.0
2026,H0206,Barry D. Knight,R,Insurance,Derived from LIS bill description,10,0,0,0,INSUFFICIENT DATA,0.0,0.0
2026,H0329,Bill Wiley,R,Insurance,Official LIS subject,6,0,6,6,INSUFFICIENT DATA,0.0,100.0
2026,H0321,Chris S. Runion,R,Insurance,Official LIS subject,6,0,6,6,INSUFFICIENT DATA,0.0,100.0
2026,H0377,Delores Oates,R,Insurance,Official LIS subject,5,0,5,5,INSUFFICIENT DATA,0.0,100.0
2026,H0350,Ellen H. McLaughlin,R,Insurance,Official LIS subject,6,0,6,6,INSUFFICIENT DATA,0.0,100.0
2026,H0384,Eric Phillips,R,Insurance,Official LIS subject,5,0,5,5,INSUFFICIENT DATA,0.0,100.0
2026,H0383,Eric R. Zehr,R,Insurance,Official LIS subject,5,0,5,5,INSUFFICIENT DATA,0.0,100.0
2026,H0347,"H. Otto Wachsmann, Jr.",R,Insurance,Official LIS subject,5,0,5,5,INSUFFICIENT DATA,0.0,100.0
2026,H0369,Hillary Pugh Kent,R,Insurance,Official LIS subject,5,0,5,5,INSUFFICIENT DATA,0.0,100.0
2026,H0259,"Hyland F. ""Buddy"" Fowler, Jr.",R,Insurance,Official LIS subject,5,0,4,4,INSUFFICIENT DATA,0.0,100.0
2026,H0242,Israel D. O'Quinn,R,Insurance,Official LIS subject,6,0,6,6,INSUFFICIENT DATA,0.0,100.0
2026,H0262,"James A. ""Jay"" Leftwich",R,Insurance,Official LIS subject,5,0,5,5,INSUFFICIENT DATA,0.0,100.0
2026,H0224,James W. Morefield,R,Insurance,Official LIS subject,6,0,6,6,INSUFFICIENT DATA,0.0,100.0
2026,H0333,Jason S. Ballard,R,Insurance,Official LIS subject,6,0,6,6,INSUFFICIENT DATA,0.0,100.0
2026,H0308,Joseph P. McNamara,R,Insurance,Official LIS subject,5,0,5,5,INSUFFICIENT DATA,0.0,100.0
2026,H0398,Justin Pence,R,Insurance,Official LIS subject,5,0,5,5,INSUFFICIENT DATA,0.0,100.0
2026,H0394,Karen Hamilton,R,Insurance,Official LIS subject,5,0,5,5,INSUFFICIENT DATA,0.0,100.0
2026,H0238,M. Keith Hodges,R,Insurance,Official LIS subject,6,0,6,6,INSUFFICIENT DATA,0.0,100.0
2026,H0401,Madison Whittle,R,Insurance,Official LIS subject,5,0,5,5,INSUFFICIENT DATA,0.0,100.0
2026,H0247,Michael J. Webert,R,Insurance,Official LIS subject,6,0,6,6,INSUFFICIENT DATA,0.0,100.0
2026,H0335,Mike A. Cherry,R,Insurance,Official LIS subject,5,0,5,5,INSUFFICIENT DATA,0.0,100.0
2026,H0390,Mitchell Cornett,R,Insurance,Official LIS subject,5,0,5,5,INSUFFICIENT DATA,0.0,100.0
2026,H0342,Phillip A. Scott,R,Insurance,Official LIS subject,5,0,5,5,INSUFFICIENT DATA,0.0,100.0
2026,H0124,R. Lee Ware,R,Insurance,Official LIS subject,5,0,5,5,INSUFFICIENT DATA,0.0,100.0
2026,H0267,"Robert S. Bloxom, Jr.",R,Insurance,Official LIS subject,6,0,6,6,INSUFFICIENT DATA,0.0,100.0
2026,H0328,Scott A. Wyatt,R,Insurance,Official LIS subject,6,0,6,6,INSUFFICIENT DATA,0.0,100.0
2026,H0056,Terry G. Kilgore,R,Insurance,Official LIS subject,6,0,6,6,INSUFFICIENT DATA,0.0,100.0
2026,H0253,Terry L. Austin,R,Insurance,Official LIS subject,6,0,6,6,INSUFFICIENT DATA,0.0,100.0
2026,H0362,"Thomas A. Garrett, Jr.",R,Insurance,Official LIS subject,5,0,5,5,INSUFFICIENT DATA,0.0,100.0
2026,H0136,"Thomas C. Wright, Jr.",R,Insurance,Official LIS subject,5,0,3,3,INSUFFICIENT DATA,0.0,100.0
2026,H0364,Timothy P. Griffin,R,Insurance,Official LIS subject,5,0,5,5,INSUFFICIENT DATA,0.0,100.0
2026,H0231,Tony O. Wilt,R,Insurance,Official LIS subject,6,0,6,6,INSUFFICIENT DATA,0.0,100.0
2026,H0325,Wendell S. Walker,R,Insurance,Official LIS subject,5,0,4,4,INSUFFICIENT DATA,0.0,100.0
2026,H0357,Will Davis,R,Insurance,Official LIS subject,5,0,5,5,INSUFFICIENT DATA,0.0,100.0
2026,H0348,Wren M. Williams,R,Insurance,Official LIS subject,6,0,6,6,INSUFFICIENT DATA,0.0,100.0
2026,H0328,Scott A. Wyatt,R,Insurance,Derived from LIS bill description,54,35,19,54,MIXED,64.81481481481481,35.18518518518518
2026,H0398,Justin Pence,R,Insurance,Derived from LIS bill description,40,25,14,39,MIXED,64.1025641025641,35.8974358974359
2026,H0347,"H. Otto Wachsmann, Jr.",R,Insurance,Derived from LIS bill description,41,26,15,41,MIXED,63.41463414634146,36.58536585365854
2026,H0357,Will Davis,R,Insurance,Derived from LIS bill description,41,26,15,41,MIXED,63.41463414634146,36.58536585365854
2026,H0136,"Thomas C. Wright, Jr.",R,Insurance,Derived from LIS bill description,40,24,14,38,MIXED,63.1578947368421,36.84210526315789
2026,H0262,"James A. ""Jay"" Leftwich",R,Insurance,Derived from LIS bill description,40,25,15,40,MIXED,62.5,37.5
2026,H0259,"Hyland F. ""Buddy"" Fowler, Jr.",R,Insurance,Derived from LIS bill description,41,25,16,41,MIXED,60.97560975609756,39.02439024390244
2026,H0362,"Thomas A. Garrett, Jr.",R,Insurance,Derived from LIS bill description,40,22,17,39,MIXED,56.41025641025641,43.58974358974359
2026,H0377,Delores Oates,R,Insurance,Derived from LIS bill description,40,22,18,40,MIXED,55.00000000000001,45.0
2026,H0342,Phillip A. Scott,R,Insurance,Derived from LIS bill description,41,20,19,39,MIXED,51.28205128205128,48.717948717948715
2026,H0394,Karen Hamilton,R,Insurance,Derived from LIS bill description,40,20,20,40,MIXED,50.0,50.0
2026,H0364,Timothy P. Griffin,R,Insurance,Derived from LIS bill description,40,19,19,38,MIXED,50.0,50.0
2026,H0383,Eric R. Zehr,R,Insurance,Derived from LIS bill description,40,19,20,39,MIXED,48.717948717948715,51.28205128205128
2026,H0212,Betsy B. Carr,D,Insurance,Derived from LIS bill description,50,50,0,50,YES,100.0,0.0
2026,H0334,Elizabeth B. Bennett-Parker,D,Insurance,Derived from LIS bill description,16,16,0,16,YES,100.0,0.0
2026,H0108,Vivian E. Watts,D,Insurance,Derived from LIS bill description,41,40,0,40,YES,100.0,0.0
2026,H0344,Irene Shin,D,Insurance,Derived from LIS bill description,118,111,1,112,YES,99.10714285714286,0.8928571428571428
2026,H0353,Bonita G. Anthony,D,Insurance,Derived from LIS bill description,79,78,1,79,YES,98.73417721518987,1.2658227848101267
2026,H0173,Jeion A. Ward,D,Insurance,Derived from LIS bill description,116,78,1,79,YES,98.73417721518987,1.2658227848101267
2026,H0360,Michael B. Feggans,D,Insurance,Derived from LIS bill description,79,78,1,79,YES,98.73417721518987,1.2658227848101267
2026,H0239,Alfonso H. Lopez,D,Insurance,Derived from LIS bill description,78,77,1,78,YES,98.71794871794873,1.282051282051282
2026,H0372,Destiny LeVere Bolling,D,Insurance,Derived from LIS bill description,78,77,1,78,YES,98.71794871794873,1.282051282051282
2026,H0397,May Nivar,D,Insurance,Derived from LIS bill description,77,76,1,77,YES,98.7012987012987,1.2987012987012987
2026,H0295,Kelly K. Convirs-Fowler,D,Insurance,Derived from LIS bill description,78,63,1,64,YES,98.4375,1.5625
2026,H0305,Kathy K.L. Tran,D,Insurance,Derived from LIS bill description,58,57,1,58,YES,98.27586206896551,1.7241379310344827
2026,H0355,Laura Jane Cohen,D,Insurance,Derived from LIS bill description,118,114,2,116,YES,98.27586206896551,1.7241379310344827
2026,H0327,Rodney T. Willett,D,Insurance,Derived from LIS bill description,58,57,1,58,YES,98.27586206896551,1.7241379310344827
2026,H0340,Michelle Lopes Maldonado,D,Insurance,Derived from LIS bill description,117,113,2,115,YES,98.26086956521739,1.7391304347826086
2026,H0285,"C.E. Cliff Hayes, Jr.",D,Insurance,Derived from LIS bill description,57,56,1,57,YES,98.24561403508771,1.7543859649122806
2026,H0311,Alex Q. Askew,D,Insurance,Derived from LIS bill description,54,53,1,54,YES,98.14814814814815,1.8518518518518516
2026,H0323,Shelly A. Simonds,D,Insurance,Derived from LIS bill description,54,52,1,53,YES,98.11320754716981,1.8867924528301887
2026,H0284,"Marcia S. ""Cia"" Price",D,Insurance,Derived from LIS bill description,50,49,1,50,YES,98.0,2.0
2026,H0281,Paul E. Krizek,D,Insurance,Derived from LIS bill description,50,49,1,50,YES,98.0,2.0
2026,H0371,Amy J. Laufer,D,Insurance,Derived from LIS bill description,49,48,1,49,YES,97.95918367346938,2.0408163265306123
2026,H0208,Charniele L. Herring,D,Insurance,Derived from LIS bill description,50,48,1,49,YES,97.95918367346938,2.0408163265306123
2026,H0301,David A. Reid,D,Insurance,Derived from LIS bill description,48,47,1,48,YES,97.91666666666666,2.083333333333333
2026,H0207,Delores L. McQuinn,D,Insurance,Derived from LIS bill description,49,47,1,48,YES,97.91666666666666,2.083333333333333
2026,H0382,Joshua E. Thomas,D,Insurance,Derived from LIS bill description,48,47,1,48,YES,97.91666666666666,2.083333333333333
2026,H0343,Briana D. Sewell,D,Insurance,Derived from LIS bill description,49,46,1,47,YES,97.87234042553192,2.127659574468085
2026,H0227,Luke E. Torian,D,Insurance,Derived from LIS bill description,56,45,1,46,YES,97.82608695652173,2.1739130434782608
2026,H0361,Debra D. Gardner,D,Insurance,Derived from LIS bill description,43,42,1,43,YES,97.67441860465115,2.3255813953488373
2026,H0405,Garrett McGuire,D,Insurance,Derived from LIS bill description,42,41,1,42,YES,97.61904761904762,2.380952380952381
2026,H0314,Joshua G. Cole,D,Insurance,Derived from LIS bill description,42,41,1,42,YES,97.61904761904762,2.380952380952381
2026,H0392,Mark C. Downey,D,Insurance,Derived from LIS bill description,42,41,1,42,YES,97.61904761904762,2.380952380952381
2026,H0389,Nicole Cole,D,Insurance,Derived from LIS bill description,43,41,1,42,YES,97.61904761904762,2.380952380952381
2026,H0375,Adele Y. McClure,D,Insurance,Derived from LIS bill description,41,40,1,41,YES,97.5609756097561,2.4390243902439024
2026,H0403,Gretchen M. Bulova,D,Insurance,Derived from LIS bill description,41,40,1,41,YES,97.5609756097561,2.4390243902439024
2026,H0399,Kimberly Pope Adams,D,Insurance,Derived from LIS bill description,41,40,1,41,YES,97.5609756097561,2.4390243902439024
2026,H0219,Patrick A. Hope,D,Insurance,Derived from LIS bill description,41,40,1,41,YES,97.5609756097561,2.4390243902439024
2026,H0366,Phil M. Hernandez,D,Insurance,Derived from LIS bill description,41,40,1,41,YES,97.5609756097561,2.4390243902439024
2026,H0266,Sam Rasoul,D,Insurance,Derived from LIS bill description,41,40,1,41,YES,97.5609756097561,2.4390243902439024
2026,H0402,Charlie Schmidt,D,Insurance,Derived from LIS bill description,40,39,1,40,YES,97.5,2.5
2026,H0322,Don Scott,D,Insurance,Derived from LIS bill description,40,39,1,40,YES,97.5,2.5
2026,H0297,Elizabeth R. Guzman,D,Insurance,Derived from LIS bill description,41,39,1,40,YES,97.5,2.5
2026,H0349,Jackie H. Glass,D,Insurance,Derived from LIS bill description,40,39,1,40,YES,97.5,2.5
2026,H0386,Jessica L. Anderson,D,Insurance,Derived from LIS bill description,40,39,1,40,YES,97.5,2.5
2026,H0294,Karrie K. Delaney,D,Insurance,Derived from LIS bill description,40,39,1,40,YES,97.5,2.5
2026,H0396,Leslie Chambers Mehta,D,Insurance,Derived from LIS bill description,40,39,1,40,YES,97.5,2.5
2026,H0393,Lily V. Franklin,D,Insurance,Derived from LIS bill description,40,39,1,40,YES,97.5,2.5
2026,H0264,Marcus B. Simon,D,Insurance,Derived from LIS bill description,40,39,1,40,YES,97.5,2.5
2026,H0404,Margaret A. Franklin,D,Insurance,Derived from LIS bill description,40,39,1,40,YES,97.5,2.5
2026,H0374,Marty Martinez,D,Insurance,Derived from LIS bill description,40,39,1,40,YES,97.5,2.5
2026,H0388,Stacey Annie Carroll,D,Insurance,Derived from LIS bill description,40,39,1,40,YES,97.5,2.5
2026,H0400,Virgil Thornton,D,Insurance,Derived from LIS bill description,40,39,1,40,YES,97.5,2.5
2026,H0380,Atoosa R. Reaser,D,Insurance,Derived from LIS bill description,40,38,1,39,YES,97.43589743589743,2.564102564102564
2026,H0351,Holly M. Seibold,D,Insurance,Derived from LIS bill description,40,38,1,39,YES,97.43589743589743,2.564102564102564
2026,H0387,"Karen R. ""Kacey"" Carnegie",D,Insurance,Derived from LIS bill description,40,38,1,39,YES,97.43589743589743,2.564102564102564
2026,H0391,Lindsey Dougherty,D,Insurance,Derived from LIS bill description,40,38,1,39,YES,97.43589743589743,2.564102564102564
2026,H0269,"Richard C. ""Rip"" Sullivan, Jr.",D,Insurance,Derived from LIS bill description,116,113,3,116,YES,97.41379310344827,2.586206896551724
2026,H0317,Dan I. Helmer,D,Insurance,Derived from LIS bill description,78,75,2,77,YES,97.40259740259741,2.5974025974025974
2026,H0354,Katrina Callsen,D,Insurance,Derived from LIS bill description,41,37,1,38,YES,97.36842105263158,2.631578947368421
2026,H0356,Rae Cousins,D,Insurance,Derived from LIS bill description,116,110,3,113,YES,97.34513274336283,2.6548672566371683
2026,H0395,John Chilton McAuliff,D,Insurance,Derived from LIS bill description,40,34,1,35,YES,97.14285714285714,2.857142857142857
2026,H0406,Kirk McPike,D,Insurance,Derived from LIS bill description,25,24,1,25,YES,96.0,4.0
2026,H0365,"Rozia A. Henson, Jr.",D,Insurance,Derived from LIS bill description,42,40,2,42,YES,95.23809523809523,4.761904761904762
2026,H0370,Karen Keys-Gamarra,D,Insurance,Derived from LIS bill description,40,38,2,40,YES,95.0,5.0
2026,H0385,JJ Singh,D,Insurance,Derived from LIS bill description,116,110,6,116,YES,94.82758620689656,5.172413793103448
2026,H0336,Nadarius E. Clark,D,Insurance,Derived from LIS bill description,77,53,3,56,YES,94.64285714285714,5.357142857142857
2026,H0267,"Robert S. Bloxom, Jr.",R,Insurance,Derived from LIS bill description,49,40,9,49,YES,81.63265306122449,18.367346938775512
2026,H0308,Joseph P. McNamara,R,Insurance,Derived from LIS bill description,41,30,8,38,YES,78.94736842105263,21.052631578947366
2026,H0350,Ellen H. McLaughlin,R,Insurance,Derived from LIS bill description,49,35,10,45,YES,77.77777777777779,22.22222222222222
2026,H0224,James W. Morefield,R,Insurance,Derived from LIS bill description,48,37,11,48,YES,77.08333333333334,22.916666666666664
2026,H0333,Jason S. Ballard,R,Insurance,Derived from LIS bill description,117,90,27,117,YES,76.92307692307693,23.076923076923077
2026,H0253,Terry L. Austin,R,Insurance,Derived from LIS bill description,49,36,12,48,YES,75.0,25.0
2026,H0056,Terry G. Kilgore,R,Insurance,Derived from LIS bill description,116,83,28,111,YES,74.77477477477478,25.225225225225223
2026,H0242,Israel D. O'Quinn,R,Insurance,Derived from LIS bill description,117,87,30,117,YES,74.35897435897436,25.64102564102564
2026,H0335,Mike A. Cherry,R,Insurance,Derived from LIS bill description,42,31,11,42,YES,73.80952380952381,26.190476190476193
2026,H0238,M. Keith Hodges,R,Insurance,Derived from LIS bill description,57,42,15,57,YES,73.68421052631578,26.31578947368421
2026,H0321,Chris S. Runion,R,Insurance,Derived from LIS bill description,78,54,21,75,YES,72.0,28.000000000000004
2026,H0231,Tony O. Wilt,R,Insurance,Derived from LIS bill description,77,54,23,77,YES,70.12987012987013,29.87012987012987
2026,H0329,Bill Wiley,R,Insurance,Derived from LIS bill description,50,35,15,50,YES,70.0,30.0
2026,H0325,Wendell S. Walker,R,Insurance,Derived from LIS bill description,42,28,12,40,YES,70.0,30.0
2026,H0247,Michael J. Webert,R,Insurance,Derived from LIS bill description,77,47,21,68,YES,69.11764705882352,30.88235294117647
2026,H0345,Anne Ferrell Tata,R,Insurance,Derived from LIS bill description,40,27,13,40,YES,67.5,32.5
2026,H0390,Mitchell Cornett,R,Insurance,Derived from LIS bill description,42,28,14,42,YES,66.66666666666666,33.33333333333333
2026,H0348,Wren M. Williams,R,Insurance,Derived from LIS bill description,79,45,24,69,YES,65.21739130434783,34.78260869565217
2026,H0384,Eric Phillips,R,Insurance,Derived from LIS bill description,40,26,14,40,YES,65.0,35.0
2026,H0369,Hillary Pugh Kent,R,Insurance,Derived from LIS bill description,40,26,14,40,YES,65.0,35.0
2026,H0401,Madison Whittle,R,Insurance,Derived from LIS bill description,40,26,14,40,YES,65.0,35.0
2026,H0124,R. Lee Ware,R,Insurance,Derived from LIS bill description,40,26,14,40,YES,65.0,35.0
2026,H0334,Elizabeth B. Bennett-Parker,D,Labor and Employment,Official LIS subject,2,2,0,2,INSUFFICIENT DATA,100.0,0.0
2026,H0108,Vivian E. Watts,D,Labor and Employment,Official LIS subject,9,9,0,9,INSUFFICIENT DATA,100.0,0.0
2026,H0375,Adele Y. McClure,D,Labor and Employment,Official LIS subject,9,8,1,9,INSUFFICIENT DATA,88.88888888888889,11.11111111111111
2026,H0380,Atoosa R. Reaser,D,Labor and Employment,Official LIS subject,9,8,1,9,INSUFFICIENT DATA,88.88888888888889,11.11111111111111
2026,H0402,Charlie Schmidt,D,Labor and Employment,Official LIS subject,9,8,1,9,INSUFFICIENT DATA,88.88888888888889,11.11111111111111
2026,H0361,Debra D. Gardner,D,Labor and Employment,Official LIS subject,9,8,1,9,INSUFFICIENT DATA,88.88888888888889,11.11111111111111
2026,H0322,Don Scott,D,Labor and Employment,Official LIS subject,9,8,1,9,INSUFFICIENT DATA,88.88888888888889,11.11111111111111
2026,H0405,Garrett McGuire,D,Labor and Employment,Official LIS subject,9,8,1,9,INSUFFICIENT DATA,88.88888888888889,11.11111111111111
2026,H0403,Gretchen M. Bulova,D,Labor and Employment,Official LIS subject,9,8,1,9,INSUFFICIENT DATA,88.88888888888889,11.11111111111111
2026,H0351,Holly M. Seibold,D,Labor and Employment,Official LIS subject,9,8,1,9,INSUFFICIENT DATA,88.88888888888889,11.11111111111111
2026,H0349,Jackie H. Glass,D,Labor and Employment,Official LIS subject,9,8,1,9,INSUFFICIENT DATA,88.88888888888889,11.11111111111111
2026,H0386,Jessica L. Anderson,D,Labor and Employment,Official LIS subject,9,8,1,9,INSUFFICIENT DATA,88.88888888888889,11.11111111111111
2026,H0395,John Chilton McAuliff,D,Labor and Employment,Official LIS subject,9,8,1,9,INSUFFICIENT DATA,88.88888888888889,11.11111111111111
2026,H0382,Joshua E. Thomas,D,Labor and Employment,Official LIS subject,11,8,1,9,INSUFFICIENT DATA,88.88888888888889,11.11111111111111
2026,H0314,Joshua G. Cole,D,Labor and Employment,Official LIS subject,9,8,1,9,INSUFFICIENT DATA,88.88888888888889,11.11111111111111
2026,H0387,"Karen R. ""Kacey"" Carnegie",D,Labor and Employment,Official LIS subject,9,8,1,9,INSUFFICIENT DATA,88.88888888888889,11.11111111111111
2026,H0294,Karrie K. Delaney,D,Labor and Employment,Official LIS subject,9,8,1,9,INSUFFICIENT DATA,88.88888888888889,11.11111111111111
2026,H0354,Katrina Callsen,D,Labor and Employment,Official LIS subject,9,8,1,9,INSUFFICIENT DATA,88.88888888888889,11.11111111111111
2026,H0399,Kimberly Pope Adams,D,Labor and Employment,Official LIS subject,9,8,1,9,INSUFFICIENT DATA,88.88888888888889,11.11111111111111
2026,H0396,Leslie Chambers Mehta,D,Labor and Employment,Official LIS subject,9,8,1,9,INSUFFICIENT DATA,88.88888888888889,11.11111111111111
2026,H0393,Lily V. Franklin,D,Labor and Employment,Official LIS subject,9,8,1,9,INSUFFICIENT DATA,88.88888888888889,11.11111111111111
2026,H0391,Lindsey Dougherty,D,Labor and Employment,Official LIS subject,9,8,1,9,INSUFFICIENT DATA,88.88888888888889,11.11111111111111
2026,H0227,Luke E. Torian,D,Labor and Employment,Official LIS subject,12,8,1,9,INSUFFICIENT DATA,88.88888888888889,11.11111111111111
2026,H0264,Marcus B. Simon,D,Labor and Employment,Official LIS subject,9,8,1,9,INSUFFICIENT DATA,88.88888888888889,11.11111111111111
2026,H0404,Margaret A. Franklin,D,Labor and Employment,Official LIS subject,9,8,1,9,INSUFFICIENT DATA,88.88888888888889,11.11111111111111
2026,H0392,Mark C. Downey,D,Labor and Employment,Official LIS subject,9,8,1,9,INSUFFICIENT DATA,88.88888888888889,11.11111111111111
2026,H0374,Marty Martinez,D,Labor and Employment,Official LIS subject,9,8,1,9,INSUFFICIENT DATA,88.88888888888889,11.11111111111111
2026,H0389,Nicole Cole,D,Labor and Employment,Official LIS subject,9,8,1,9,INSUFFICIENT DATA,88.88888888888889,11.11111111111111
2026,H0219,Patrick A. Hope,D,Labor and Employment,Official LIS subject,9,8,1,9,INSUFFICIENT DATA,88.88888888888889,11.11111111111111
2026,H0366,Phil M. Hernandez,D,Labor and Employment,Official LIS subject,9,8,1,9,INSUFFICIENT DATA,88.88888888888889,11.11111111111111
2026,H0365,"Rozia A. Henson, Jr.",D,Labor and Employment,Official LIS subject,9,8,1,9,INSUFFICIENT DATA,88.88888888888889,11.11111111111111
2026,H0400,Virgil Thornton,D,Labor and Employment,Official LIS subject,9,8,1,9,INSUFFICIENT DATA,88.88888888888889,11.11111111111111
2026,H0297,Elizabeth R. Guzman,D,Labor and Employment,Official LIS subject,9,7,1,8,INSUFFICIENT DATA,87.5,12.5
2026,H0370,Karen Keys-Gamarra,D,Labor and Employment,Official LIS subject,9,7,1,8,INSUFFICIENT DATA,87.5,12.5
2026,H0266,Sam Rasoul,D,Labor and Employment,Official LIS subject,9,7,1,8,INSUFFICIENT DATA,87.5,12.5
2026,H0388,Stacey Annie Carroll,D,Labor and Employment,Official LIS subject,9,7,1,8,INSUFFICIENT DATA,87.5,12.5
2026,H0406,Kirk McPike,D,Labor and Employment,Official LIS subject,7,6,1,7,INSUFFICIENT DATA,85.71428571428571,14.285714285714285
2026,H0136,"Thomas C. Wright, Jr.",R,Labor and Employment,Official LIS subject,9,1,7,8,INSUFFICIENT DATA,12.5,87.5
2026,H0325,Wendell S. Walker,R,Labor and Employment,Official LIS subject,9,1,7,8,INSUFFICIENT DATA,12.5,87.5
2026,H0345,Anne Ferrell Tata,R,Labor and Employment,Official LIS subject,9,1,8,9,INSUFFICIENT DATA,11.11111111111111,88.88888888888889
2026,H0377,Delores Oates,R,Labor and Employment,Official LIS subject,9,1,8,9,INSUFFICIENT DATA,11.11111111111111,88.88888888888889
2026,H0384,Eric Phillips,R,Labor and Employment,Official LIS subject,9,1,8,9,INSUFFICIENT DATA,11.11111111111111,88.88888888888889
2026,H0383,Eric R. Zehr,R,Labor and Employment,Official LIS subject,9,1,8,9,INSUFFICIENT DATA,11.11111111111111,88.88888888888889
2026,H0347,"H. Otto Wachsmann, Jr.",R,Labor and Employment,Official LIS subject,9,1,8,9,INSUFFICIENT DATA,11.11111111111111,88.88888888888889
2026,H0369,Hillary Pugh Kent,R,Labor and Employment,Official LIS subject,9,1,8,9,INSUFFICIENT DATA,11.11111111111111,88.88888888888889
2026,H0259,"Hyland F. ""Buddy"" Fowler, Jr.",R,Labor and Employment,Official LIS subject,9,1,8,9,INSUFFICIENT DATA,11.11111111111111,88.88888888888889
2026,H0262,"James A. ""Jay"" Leftwich",R,Labor and Employment,Official LIS subject,9,1,8,9,INSUFFICIENT DATA,11.11111111111111,88.88888888888889
2026,H0308,Joseph P. McNamara,R,Labor and Employment,Official LIS subject,9,1,8,9,INSUFFICIENT DATA,11.11111111111111,88.88888888888889
2026,H0398,Justin Pence,R,Labor and Employment,Official LIS subject,9,1,8,9,INSUFFICIENT DATA,11.11111111111111,88.88888888888889
2026,H0394,Karen Hamilton,R,Labor and Employment,Official LIS subject,9,1,8,9,INSUFFICIENT DATA,11.11111111111111,88.88888888888889
2026,H0401,Madison Whittle,R,Labor and Employment,Official LIS subject,9,1,8,9,INSUFFICIENT DATA,11.11111111111111,88.88888888888889
2026,H0335,Mike A. Cherry,R,Labor and Employment,Official LIS subject,9,1,8,9,INSUFFICIENT DATA,11.11111111111111,88.88888888888889
2026,H0390,Mitchell Cornett,R,Labor and Employment,Official LIS subject,9,1,8,9,INSUFFICIENT DATA,11.11111111111111,88.88888888888889
2026,H0342,Phillip A. Scott,R,Labor and Employment,Official LIS subject,9,1,8,9,INSUFFICIENT DATA,11.11111111111111,88.88888888888889
2026,H0124,R. Lee Ware,R,Labor and Employment,Official LIS subject,9,1,8,9,INSUFFICIENT DATA,11.11111111111111,88.88888888888889
2026,H0357,Will Davis,R,Labor and Employment,Official LIS subject,9,1,8,9,INSUFFICIENT DATA,11.11111111111111,88.88888888888889
2026,H0407,Andrew Rice,R,Labor and Employment,Official LIS subject,1,0,1,1,INSUFFICIENT DATA,0.0,100.0
2026,H0206,Barry D. Knight,R,Labor and Employment,Derived from LIS bill description,54,0,0,0,INSUFFICIENT DATA,0.0,0.0
2026,H0206,Barry D. Knight,R,Labor and Employment,Official LIS subject,2,0,0,0,INSUFFICIENT DATA,0.0,0.0
2026,H0362,"Thomas A. Garrett, Jr.",R,Labor and Employment,Official LIS subject,9,0,7,7,INSUFFICIENT DATA,0.0,100.0
2026,H0364,Timothy P. Griffin,R,Labor and Employment,Official LIS subject,9,0,9,9,INSUFFICIENT DATA,0.0,100.0
2026,H0350,Ellen H. McLaughlin,R,Labor and Employment,Derived from LIS bill description,156,68,83,151,MIXED,45.033112582781456,54.966887417218544
2026,H0224,James W. Morefield,R,Labor and Employment,Derived from LIS bill description,152,64,86,150,MIXED,42.66666666666667,57.333333333333336
2026,H0335,Mike A. Cherry,R,Labor and Employment,Derived from LIS bill description,122,52,70,122,MIXED,42.62295081967213,57.377049180327866
2026,H0267,"Robert S. Bloxom, Jr.",R,Labor and Employment,Derived from LIS bill description,150,63,86,149,MIXED,42.281879194630875,57.71812080536913
2026,H0259,"Hyland F. ""Buddy"" Fowler, Jr.",R,Labor and Employment,Derived from LIS bill description,129,53,73,126,MIXED,42.06349206349206,57.936507936507944
2026,H0238,M. Keith Hodges,R,Labor and Employment,Derived from LIS bill description,150,62,87,149,MIXED,41.61073825503356,58.38926174496645
2026,H0253,Terry L. Austin,R,Labor and Employment,Derived from LIS bill description,143,57,86,143,MIXED,39.86013986013986,60.13986013986013
2026,H0242,Israel D. O'Quinn,R,Labor and Employment,Derived from LIS bill description,150,59,90,149,MIXED,39.59731543624161,60.40268456375839
2026,H0347,"H. Otto Wachsmann, Jr.",R,Labor and Employment,Derived from LIS bill description,113,44,69,113,MIXED,38.93805309734513,61.06194690265486
2026,H0329,Bill Wiley,R,Labor and Employment,Derived from LIS bill description,150,58,92,150,MIXED,38.666666666666664,61.33333333333333
2026,H0345,Anne Ferrell Tata,R,Labor and Employment,Derived from LIS bill description,121,46,74,120,MIXED,38.333333333333336,61.66666666666667
2026,H0325,Wendell S. Walker,R,Labor and Employment,Derived from LIS bill description,113,41,68,109,MIXED,37.61467889908257,62.38532110091744
2026,H0384,Eric Phillips,R,Labor and Employment,Derived from LIS bill description,110,39,70,109,MIXED,35.77981651376147,64.22018348623854
2026,H0231,Tony O. Wilt,R,Labor and Employment,Derived from LIS bill description,151,54,97,151,MIXED,35.76158940397351,64.23841059602648
2026,H0321,Chris S. Runion,R,Labor and Employment,Derived from LIS bill description,182,65,117,182,MIXED,35.714285714285715,64.28571428571429
2026,H0328,Scott A. Wyatt,R,Labor and Employment,Derived from LIS bill description,143,51,92,143,MIXED,35.66433566433567,64.33566433566433
2026,H0369,Hillary Pugh Kent,R,Labor and Employment,Derived from LIS bill description,117,41,76,117,MIXED,35.04273504273504,64.95726495726495
2026,H0247,Michael J. Webert,R,Labor and Employment,Derived from LIS bill description,151,49,95,144,NO,34.02777777777778,65.97222222222221
2026,H0056,Terry G. Kilgore,R,Labor and Employment,Derived from LIS bill description,156,53,103,156,NO,33.97435897435898,66.02564102564102
2026,H0401,Madison Whittle,R,Labor and Employment,Derived from LIS bill description,117,39,76,115,NO,33.91304347826087,66.08695652173913
2026,H0333,Jason S. Ballard,R,Labor and Employment,Derived from LIS bill description,185,60,123,183,NO,32.78688524590164,67.21311475409836
2026,H0308,Joseph P. McNamara,R,Labor and Employment,Derived from LIS bill description,117,38,78,116,NO,32.758620689655174,67.24137931034483
2026,H0348,Wren M. Williams,R,Labor and Employment,Derived from LIS bill description,156,48,99,147,NO,32.6530612244898,67.3469387755102
2026,H0390,Mitchell Cornett,R,Labor and Employment,Derived from LIS bill description,114,36,78,114,NO,31.57894736842105,68.42105263157895
2026,H0262,"James A. ""Jay"" Leftwich",R,Labor and Employment,Derived from LIS bill description,110,33,77,110,NO,30.0,70.0
2026,H0357,Will Davis,R,Labor and Employment,Derived from LIS bill description,115,34,81,115,NO,29.565217391304348,70.43478260869566
2026,H0398,Justin Pence,R,Labor and Employment,Derived from LIS bill description,111,32,79,111,NO,28.82882882882883,71.17117117117117
2026,H0124,R. Lee Ware,R,Labor and Employment,Derived from LIS bill description,108,30,76,106,NO,28.30188679245283,71.69811320754717
2026,H0377,Delores Oates,R,Labor and Employment,Derived from LIS bill description,110,30,79,109,NO,27.522935779816514,72.47706422018348
2026,H0383,Eric R. Zehr,R,Labor and Employment,Derived from LIS bill description,115,29,85,114,NO,25.438596491228072,74.56140350877193
2026,H0407,Andrew Rice,R,Labor and Employment,Derived from LIS bill description,12,3,9,12,NO,25.0,75.0
2026,H0342,Phillip A. Scott,R,Labor and Employment,Derived from LIS bill description,116,28,87,115,NO,24.347826086956523,75.65217391304347
2026,H0136,"Thomas C. Wright, Jr.",R,Labor and Employment,Derived from LIS bill description,108,24,75,99,NO,24.242424242424242,75.75757575757575
2026,H0394,Karen Hamilton,R,Labor and Employment,Derived from LIS bill description,111,26,83,109,NO,23.853211009174313,76.14678899082568
2026,H0362,"Thomas A. Garrett, Jr.",R,Labor and Employment,Derived from LIS bill description,113,23,85,108,NO,21.296296296296298,78.70370370370371
2026,H0350,Ellen H. McLaughlin,R,Labor and Employment,Official LIS subject,11,2,8,10,NO,20.0,80.0
2026,H0253,Terry L. Austin,R,Labor and Employment,Official LIS subject,11,2,9,11,NO,18.181818181818183,81.81818181818183
2026,H0364,Timothy P. Griffin,R,Labor and Employment,Derived from LIS bill description,112,19,87,106,NO,17.92452830188679,82.0754716981132
2026,H0242,Israel D. O'Quinn,R,Labor and Employment,Official LIS subject,14,2,12,14,NO,14.285714285714285,85.71428571428571
2026,H0056,Terry G. Kilgore,R,Labor and Employment,Official LIS subject,14,2,12,14,NO,14.285714285714285,85.71428571428571
2026,H0231,Tony O. Wilt,R,Labor and Employment,Official LIS subject,14,2,12,14,NO,14.285714285714285,85.71428571428571
2026,H0321,Chris S. Runion,R,Labor and Employment,Official LIS subject,15,2,13,15,NO,13.333333333333334,86.66666666666667
2026,H0333,Jason S. Ballard,R,Labor and Employment,Official LIS subject,15,2,13,15,NO,13.333333333333334,86.66666666666667
2026,H0224,James W. Morefield,R,Labor and Employment,Official LIS subject,11,1,10,11,NO,9.090909090909092,90.9090909090909
2026,H0238,M. Keith Hodges,R,Labor and Employment,Official LIS subject,11,1,10,11,NO,9.090909090909092,90.9090909090909
2026,H0267,"Robert S. Bloxom, Jr.",R,Labor and Employment,Official LIS subject,12,1,10,11,NO,9.090909090909092,90.9090909090909
2026,H0328,Scott A. Wyatt,R,Labor and Employment,Official LIS subject,11,1,10,11,NO,9.090909090909092,90.9090909090909
2026,H0329,Bill Wiley,R,Labor and Employment,Official LIS subject,12,1,11,12,NO,8.333333333333332,91.66666666666666
2026,H0247,Michael J. Webert,R,Labor and Employment,Official LIS subject,14,1,11,12,NO,8.333333333333332,91.66666666666666
2026,H0348,Wren M. Williams,R,Labor and Employment,Official LIS subject,14,1,12,13,NO,7.6923076923076925,92.3076923076923
2026,H0212,Betsy B. Carr,D,Labor and Employment,Official LIS subject,12,12,0,12,YES,100.0,0.0
2026,H0317,Dan I. Helmer,D,Labor and Employment,Official LIS subject,15,15,0,15,YES,100.0,0.0
2026,H0355,Laura Jane Cohen,D,Labor and Employment,Official LIS subject,14,12,0,12,YES,100.0,0.0
2026,H0334,Elizabeth B. Bennett-Parker,D,Labor and Employment,Derived from LIS bill description,47,38,1,39,YES,97.43589743589743,2.564102564102564
2026,H0317,Dan I. Helmer,D,Labor and Employment,Derived from LIS bill description,192,179,7,186,YES,96.23655913978494,3.763440860215054
2026,H0239,Alfonso H. Lopez,D,Labor and Employment,Derived from LIS bill description,185,176,7,183,YES,96.17486338797814,3.825136612021858
2026,H0295,Kelly K. Convirs-Fowler,D,Labor and Employment,Derived from LIS bill description,187,164,7,171,YES,95.90643274853801,4.093567251461988
2026,H0372,Destiny LeVere Bolling,D,Labor and Employment,Derived from LIS bill description,190,182,8,190,YES,95.78947368421052,4.2105263157894735
2026,H0356,Rae Cousins,D,Labor and Employment,Derived from LIS bill description,165,158,7,165,YES,95.75757575757575,4.242424242424243
2026,H0360,Michael B. Feggans,D,Labor and Employment,Derived from LIS bill description,186,178,8,186,YES,95.6989247311828,4.301075268817205
2026,H0344,Irene Shin,D,Labor and Employment,Derived from LIS bill description,161,152,7,159,YES,95.59748427672956,4.40251572327044
2026,H0340,Michelle Lopes Maldonado,D,Labor and Employment,Derived from LIS bill description,157,150,7,157,YES,95.54140127388536,4.45859872611465
2026,H0269,"Richard C. ""Rip"" Sullivan, Jr.",D,Labor and Employment,Derived from LIS bill description,157,150,7,157,YES,95.54140127388536,4.45859872611465
2026,H0355,Laura Jane Cohen,D,Labor and Employment,Derived from LIS bill description,160,148,7,155,YES,95.48387096774194,4.516129032258064
2026,H0397,May Nivar,D,Labor and Employment,Derived from LIS bill description,154,147,7,154,YES,95.45454545454545,4.545454545454546
2026,H0311,Alex Q. Askew,D,Labor and Employment,Derived from LIS bill description,153,146,7,153,YES,95.42483660130719,4.57516339869281
2026,H0353,Bonita G. Anthony,D,Labor and Employment,Derived from LIS bill description,154,146,7,153,YES,95.42483660130719,4.57516339869281
2026,H0212,Betsy B. Carr,D,Labor and Employment,Derived from LIS bill description,152,145,7,152,YES,95.39473684210526,4.605263157894736
2026,H0323,Shelly A. Simonds,D,Labor and Employment,Derived from LIS bill description,153,145,7,152,YES,95.39473684210526,4.605263157894736
2026,H0343,Briana D. Sewell,D,Labor and Employment,Derived from LIS bill description,151,144,7,151,YES,95.36423841059603,4.635761589403973
2026,H0285,"C.E. Cliff Hayes, Jr.",D,Labor and Employment,Derived from LIS bill description,153,144,7,151,YES,95.36423841059603,4.635761589403973
2026,H0284,"Marcia S. ""Cia"" Price",D,Labor and Employment,Derived from LIS bill description,151,144,7,151,YES,95.36423841059603,4.635761589403973
2026,H0294,Karrie K. Delaney,D,Labor and Employment,Derived from LIS bill description,130,123,6,129,YES,95.34883720930233,4.651162790697675
2026,H0173,Jeion A. Ward,D,Labor and Employment,Derived from LIS bill description,163,142,7,149,YES,95.30201342281879,4.697986577181208
2026,H0305,Kathy K.L. Tran,D,Labor and Employment,Derived from LIS bill description,148,140,7,147,YES,95.23809523809523,4.761904761904762
2026,H0327,Rodney T. Willett,D,Labor and Employment,Derived from LIS bill description,149,139,7,146,YES,95.2054794520548,4.794520547945205
2026,H0264,Marcus B. Simon,D,Labor and Employment,Derived from LIS bill description,123,116,6,122,YES,95.08196721311475,4.918032786885246
2026,H0371,Amy J. Laufer,D,Labor and Employment,Derived from LIS bill description,143,135,7,142,YES,95.07042253521126,4.929577464788732
2026,H0208,Charniele L. Herring,D,Labor and Employment,Derived from LIS bill description,142,135,7,142,YES,95.07042253521126,4.929577464788732
2026,H0301,David A. Reid,D,Labor and Employment,Derived from LIS bill description,138,130,7,137,YES,94.8905109489051,5.109489051094891
2026,H0227,Luke E. Torian,D,Labor and Employment,Derived from LIS bill description,161,130,7,137,YES,94.8905109489051,5.109489051094891
2026,H0207,Delores L. McQuinn,D,Labor and Employment,Derived from LIS bill description,143,129,7,136,YES,94.85294117647058,5.147058823529411
2026,H0382,Joshua E. Thomas,D,Labor and Employment,Derived from LIS bill description,136,127,7,134,YES,94.77611940298507,5.223880597014925
2026,H0314,Joshua G. Cole,D,Labor and Employment,Derived from LIS bill description,131,124,7,131,YES,94.65648854961832,5.343511450381679
2026,H0281,Paul E. Krizek,D,Labor and Employment,Derived from LIS bill description,153,140,8,148,YES,94.5945945945946,5.405405405405405
2026,H0404,Margaret A. Franklin,D,Labor and Employment,Derived from LIS bill description,113,104,6,110,YES,94.54545454545455,5.454545454545454
2026,H0354,Katrina Callsen,D,Labor and Employment,Derived from LIS bill description,132,121,7,128,YES,94.53125,5.46875
2026,H0386,Jessica L. Anderson,D,Labor and Employment,Derived from LIS bill description,125,118,7,125,YES,94.39999999999999,5.6000000000000005
2026,H0322,Don Scott,D,Labor and Employment,Derived from LIS bill description,107,101,6,107,YES,94.39252336448598,5.607476635514018
2026,H0380,Atoosa R. Reaser,D,Labor and Employment,Derived from LIS bill description,126,116,7,123,YES,94.3089430894309,5.691056910569105
2026,H0366,Phil M. Hernandez,D,Labor and Employment,Derived from LIS bill description,124,116,7,123,YES,94.3089430894309,5.691056910569105
2026,H0405,Garrett McGuire,D,Labor and Employment,Derived from LIS bill description,122,115,7,122,YES,94.26229508196722,5.737704918032787
2026,H0351,Holly M. Seibold,D,Labor and Employment,Derived from LIS bill description,129,115,7,122,YES,94.26229508196722,5.737704918032787
2026,H0403,Gretchen M. Bulova,D,Labor and Employment,Derived from LIS bill description,120,113,7,120,YES,94.16666666666667,5.833333333333333
2026,H0393,Lily V. Franklin,D,Labor and Employment,Derived from LIS bill description,119,112,7,119,YES,94.11764705882352,5.88235294117647
2026,H0266,Sam Rasoul,D,Labor and Employment,Derived from LIS bill description,120,112,7,119,YES,94.11764705882352,5.88235294117647
2026,H0391,Lindsey Dougherty,D,Labor and Employment,Derived from LIS bill description,118,111,7,118,YES,94.0677966101695,5.932203389830509
2026,H0392,Mark C. Downey,D,Labor and Employment,Derived from LIS bill description,118,111,7,118,YES,94.0677966101695,5.932203389830509
2026,H0361,Debra D. Gardner,D,Labor and Employment,Derived from LIS bill description,118,110,7,117,YES,94.01709401709401,5.982905982905983
2026,H0400,Virgil Thornton,D,Labor and Employment,Derived from LIS bill description,117,109,7,116,YES,93.96551724137932,6.0344827586206895
2026,H0370,Karen Keys-Gamarra,D,Labor and Employment,Derived from LIS bill description,117,107,7,114,YES,93.85964912280701,6.140350877192982
2026,H0297,Elizabeth R. Guzman,D,Labor and Employment,Derived from LIS bill description,132,122,8,130,YES,93.84615384615384,6.153846153846154
2026,H0396,Leslie Chambers Mehta,D,Labor and Employment,Derived from LIS bill description,113,106,7,113,YES,93.80530973451327,6.1946902654867255
2026,H0336,Nadarius E. Clark,D,Labor and Employment,Derived from LIS bill description,156,106,7,113,YES,93.80530973451327,6.1946902654867255
2026,H0388,Stacey Annie Carroll,D,Labor and Employment,Derived from LIS bill description,125,106,7,113,YES,93.80530973451327,6.1946902654867255
2026,H0375,Adele Y. McClure,D,Labor and Employment,Derived from LIS bill description,129,120,8,128,YES,93.75,6.25
2026,H0399,Kimberly Pope Adams,D,Labor and Employment,Derived from LIS bill description,112,105,7,112,YES,93.75,6.25
2026,H0402,Charlie Schmidt,D,Labor and Employment,Derived from LIS bill description,112,104,7,111,YES,93.69369369369369,6.306306306306306
2026,H0374,Marty Martinez,D,Labor and Employment,Derived from LIS bill description,113,104,7,111,YES,93.69369369369369,6.306306306306306
2026,H0108,Vivian E. Watts,D,Labor and Employment,Derived from LIS bill description,113,104,7,111,YES,93.69369369369369,6.306306306306306
2026,H0349,Jackie H. Glass,D,Labor and Employment,Derived from LIS bill description,111,103,7,110,YES,93.63636363636364,6.363636363636363
2026,H0387,"Karen R. ""Kacey"" Carnegie",D,Labor and Employment,Derived from LIS bill description,111,103,7,110,YES,93.63636363636364,6.363636363636363
2026,H0219,Patrick A. Hope,D,Labor and Employment,Derived from LIS bill description,115,103,7,110,YES,93.63636363636364,6.363636363636363
2026,H0365,"Rozia A. Henson, Jr.",D,Labor and Employment,Derived from LIS bill description,113,103,7,110,YES,93.63636363636364,6.363636363636363
2026,H0389,Nicole Cole,D,Labor and Employment,Derived from LIS bill description,122,113,8,121,YES,93.38842975206612,6.6115702479338845
2026,H0372,Destiny LeVere Bolling,D,Labor and Employment,Official LIS subject,15,14,1,15,YES,93.33333333333333,6.666666666666667
2026,H0360,Michael B. Feggans,D,Labor and Employment,Official LIS subject,15,14,1,15,YES,93.33333333333333,6.666666666666667
2026,H0385,JJ Singh,D,Labor and Employment,Derived from LIS bill description,149,137,10,147,YES,93.19727891156462,6.802721088435375
2026,H0239,Alfonso H. Lopez,D,Labor and Employment,Official LIS subject,15,13,1,14,YES,92.85714285714286,7.142857142857142
2026,H0353,Bonita G. Anthony,D,Labor and Employment,Official LIS subject,14,13,1,14,YES,92.85714285714286,7.142857142857142
2026,H0344,Irene Shin,D,Labor and Employment,Official LIS subject,14,13,1,14,YES,92.85714285714286,7.142857142857142
2026,H0385,JJ Singh,D,Labor and Employment,Official LIS subject,14,13,1,14,YES,92.85714285714286,7.142857142857142
2026,H0395,John Chilton McAuliff,D,Labor and Employment,Derived from LIS bill description,107,91,7,98,YES,92.85714285714286,7.142857142857142
2026,H0295,Kelly K. Convirs-Fowler,D,Labor and Employment,Official LIS subject,15,13,1,14,YES,92.85714285714286,7.142857142857142
2026,H0397,May Nivar,D,Labor and Employment,Official LIS subject,14,13,1,14,YES,92.85714285714286,7.142857142857142
2026,H0340,Michelle Lopes Maldonado,D,Labor and Employment,Official LIS subject,14,13,1,14,YES,92.85714285714286,7.142857142857142
2026,H0356,Rae Cousins,D,Labor and Employment,Official LIS subject,14,13,1,14,YES,92.85714285714286,7.142857142857142
2026,H0269,"Richard C. ""Rip"" Sullivan, Jr.",D,Labor and Employment,Official LIS subject,14,13,1,14,YES,92.85714285714286,7.142857142857142
2026,H0371,Amy J. Laufer,D,Labor and Employment,Official LIS subject,12,11,1,12,YES,91.66666666666666,8.333333333333332
2026,H0208,Charniele L. Herring,D,Labor and Employment,Official LIS subject,12,11,1,12,YES,91.66666666666666,8.333333333333332
2026,H0281,Paul E. Krizek,D,Labor and Employment,Official LIS subject,12,11,1,12,YES,91.66666666666666,8.333333333333332
2026,H0327,Rodney T. Willett,D,Labor and Employment,Official LIS subject,12,11,1,12,YES,91.66666666666666,8.333333333333332
2026,H0311,Alex Q. Askew,D,Labor and Employment,Official LIS subject,11,10,1,11,YES,90.9090909090909,9.090909090909092
2026,H0343,Briana D. Sewell,D,Labor and Employment,Official LIS subject,11,10,1,11,YES,90.9090909090909,9.090909090909092
2026,H0285,"C.E. Cliff Hayes, Jr.",D,Labor and Employment,Official LIS subject,11,10,1,11,YES,90.9090909090909,9.090909090909092
2026,H0301,David A. Reid,D,Labor and Employment,Official LIS subject,11,10,1,11,YES,90.9090909090909,9.090909090909092
2026,H0305,Kathy K.L. Tran,D,Labor and Employment,Official LIS subject,11,10,1,11,YES,90.9090909090909,9.090909090909092
2026,H0284,"Marcia S. ""Cia"" Price",D,Labor and Employment,Official LIS subject,11,10,1,11,YES,90.9090909090909,9.090909090909092
2026,H0323,Shelly A. Simonds,D,Labor and Employment,Official LIS subject,11,10,1,11,YES,90.9090909090909,9.090909090909092
2026,H0406,Kirk McPike,D,Labor and Employment,Derived from LIS bill description,65,59,6,65,YES,90.76923076923077,9.230769230769232
2026,H0207,Delores L. McQuinn,D,Labor and Employment,Official LIS subject,11,9,1,10,YES,90.0,10.0
2026,H0336,Nadarius E. Clark,D,Labor and Employment,Official LIS subject,14,9,1,10,YES,90.0,10.0
2026,H0173,Jeion A. Ward,D,Labor and Employment,Official LIS subject,15,12,2,14,YES,85.71428571428571,14.285714285714285
2026,H0375,Adele Y. McClure,D,Land Development and Use,Official LIS subject,1,1,0,1,INSUFFICIENT DATA,100.0,0.0
2026,H0311,Alex Q. Askew,D,Land Development and Use,Official LIS subject,2,2,0,2,INSUFFICIENT DATA,100.0,0.0
2026,H0239,Alfonso H. Lopez,D,Land Development and Use,Official LIS subject,1,1,0,1,INSUFFICIENT DATA,100.0,0.0
2026,H0371,Amy J. Laufer,D,Land Development and Use,Official LIS subject,1,1,0,1,INSUFFICIENT DATA,100.0,0.0
2026,H0380,Atoosa R. Reaser,D,Land Development and Use,Official LIS subject,1,1,0,1,INSUFFICIENT DATA,100.0,0.0
2026,H0212,Betsy B. Carr,D,Land Development and Use,Official LIS subject,1,1,0,1,INSUFFICIENT DATA,100.0,0.0
2026,H0353,Bonita G. Anthony,D,Land Development and Use,Official LIS subject,1,1,0,1,INSUFFICIENT DATA,100.0,0.0
2026,H0343,Briana D. Sewell,D,Land Development and Use,Official LIS subject,2,2,0,2,INSUFFICIENT DATA,100.0,0.0
2026,H0285,"C.E. Cliff Hayes, Jr.",D,Land Development and Use,Official LIS subject,1,1,0,1,INSUFFICIENT DATA,100.0,0.0
2026,H0402,Charlie Schmidt,D,Land Development and Use,Official LIS subject,1,1,0,1,INSUFFICIENT DATA,100.0,0.0
2026,H0208,Charniele L. Herring,D,Land Development and Use,Official LIS subject,1,1,0,1,INSUFFICIENT DATA,100.0,0.0
2026,H0321,Chris S. Runion,R,Land Development and Use,Official LIS subject,1,1,0,1,INSUFFICIENT DATA,100.0,0.0
2026,H0317,Dan I. Helmer,D,Land Development and Use,Official LIS subject,2,2,0,2,INSUFFICIENT DATA,100.0,0.0
2026,H0301,David A. Reid,D,Land Development and Use,Official LIS subject,1,1,0,1,INSUFFICIENT DATA,100.0,0.0
2026,H0361,Debra D. Gardner,D,Land Development and Use,Official LIS subject,1,1,0,1,INSUFFICIENT DATA,100.0,0.0
2026,H0207,Delores L. McQuinn,D,Land Development and Use,Official LIS subject,1,1,0,1,INSUFFICIENT DATA,100.0,0.0
2026,H0372,Destiny LeVere Bolling,D,Land Development and Use,Official LIS subject,1,1,0,1,INSUFFICIENT DATA,100.0,0.0
2026,H0322,Don Scott,D,Land Development and Use,Official LIS subject,1,1,0,1,INSUFFICIENT DATA,100.0,0.0
2026,H0297,Elizabeth R. Guzman,D,Land Development and Use,Official LIS subject,1,1,0,1,INSUFFICIENT DATA,100.0,0.0
2026,H0350,Ellen H. McLaughlin,R,Land Development and Use,Official LIS subject,2,2,0,2,INSUFFICIENT DATA,100.0,0.0
2026,H0405,Garrett McGuire,D,Land Development and Use,Official LIS subject,2,2,0,2,INSUFFICIENT DATA,100.0,0.0
2026,H0403,Gretchen M. Bulova,D,Land Development and Use,Official LIS subject,1,1,0,1,INSUFFICIENT DATA,100.0,0.0
2026,H0351,Holly M. Seibold,D,Land Development and Use,Official LIS subject,1,1,0,1,INSUFFICIENT DATA,100.0,0.0
2026,H0259,"Hyland F. ""Buddy"" Fowler, Jr.",R,Land Development and Use,Official LIS subject,1,1,0,1,INSUFFICIENT DATA,100.0,0.0
2026,H0344,Irene Shin,D,Land Development and Use,Official LIS subject,2,2,0,2,INSUFFICIENT DATA,100.0,0.0
2026,H0385,JJ Singh,D,Land Development and Use,Official LIS subject,1,1,0,1,INSUFFICIENT DATA,100.0,0.0
2026,H0349,Jackie H. Glass,D,Land Development and Use,Official LIS subject,1,1,0,1,INSUFFICIENT DATA,100.0,0.0
2026,H0224,James W. Morefield,R,Land Development and Use,Official LIS subject,2,2,0,2,INSUFFICIENT DATA,100.0,0.0
2026,H0173,Jeion A. Ward,D,Land Development and Use,Official LIS subject,1,1,0,1,INSUFFICIENT DATA,100.0,0.0
2026,H0386,Jessica L. Anderson,D,Land Development and Use,Official LIS subject,2,2,0,2,INSUFFICIENT DATA,100.0,0.0
2026,H0395,John Chilton McAuliff,D,Land Development and Use,Official LIS subject,1,1,0,1,INSUFFICIENT DATA,100.0,0.0
2026,H0382,Joshua E. Thomas,D,Land Development and Use,Official LIS subject,1,1,0,1,INSUFFICIENT DATA,100.0,0.0
2026,H0314,Joshua G. Cole,D,Land Development and Use,Official LIS subject,1,1,0,1,INSUFFICIENT DATA,100.0,0.0
2026,H0370,Karen Keys-Gamarra,D,Land Development and Use,Official LIS subject,2,2,0,2,INSUFFICIENT DATA,100.0,0.0
2026,H0387,"Karen R. ""Kacey"" Carnegie",D,Land Development and Use,Official LIS subject,1,1,0,1,INSUFFICIENT DATA,100.0,0.0
2026,H0294,Karrie K. Delaney,D,Land Development and Use,Official LIS subject,1,1,0,1,INSUFFICIENT DATA,100.0,0.0
2026,H0305,Kathy K.L. Tran,D,Land Development and Use,Official LIS subject,1,1,0,1,INSUFFICIENT DATA,100.0,0.0
2026,H0354,Katrina Callsen,D,Land Development and Use,Official LIS subject,1,1,0,1,INSUFFICIENT DATA,100.0,0.0
2026,H0295,Kelly K. Convirs-Fowler,D,Land Development and Use,Official LIS subject,1,1,0,1,INSUFFICIENT DATA,100.0,0.0
2026,H0399,Kimberly Pope Adams,D,Land Development and Use,Official LIS subject,1,1,0,1,INSUFFICIENT DATA,100.0,0.0
2026,H0406,Kirk McPike,D,Land Development and Use,Official LIS subject,1,1,0,1,INSUFFICIENT DATA,100.0,0.0
2026,H0355,Laura Jane Cohen,D,Land Development and Use,Official LIS subject,2,2,0,2,INSUFFICIENT DATA,100.0,0.0
2026,H0396,Leslie Chambers Mehta,D,Land Development and Use,Official LIS subject,1,1,0,1,INSUFFICIENT DATA,100.0,0.0
2026,H0393,Lily V. Franklin,D,Land Development and Use,Official LIS subject,1,1,0,1,INSUFFICIENT DATA,100.0,0.0
2026,H0391,Lindsey Dougherty,D,Land Development and Use,Official LIS subject,1,1,0,1,INSUFFICIENT DATA,100.0,0.0
2026,H0227,Luke E. Torian,D,Land Development and Use,Official LIS subject,1,1,0,1,INSUFFICIENT DATA,100.0,0.0
2026,H0238,M. Keith Hodges,R,Land Development and Use,Official LIS subject,2,2,0,2,INSUFFICIENT DATA,100.0,0.0
2026,H0284,"Marcia S. ""Cia"" Price",D,Land Development and Use,Official LIS subject,1,1,0,1,INSUFFICIENT DATA,100.0,0.0
2026,H0264,Marcus B. Simon,D,Land Development and Use,Official LIS subject,1,1,0,1,INSUFFICIENT DATA,100.0,0.0
2026,H0404,Margaret A. Franklin,D,Land Development and Use,Official LIS subject,2,2,0,2,INSUFFICIENT DATA,100.0,0.0
2026,H0392,Mark C. Downey,D,Land Development and Use,Official LIS subject,2,2,0,2,INSUFFICIENT DATA,100.0,0.0
2026,H0374,Marty Martinez,D,Land Development and Use,Official LIS subject,2,2,0,2,INSUFFICIENT DATA,100.0,0.0
2026,H0397,May Nivar,D,Land Development and Use,Official LIS subject,2,2,0,2,INSUFFICIENT DATA,100.0,0.0
2026,H0360,Michael B. Feggans,D,Land Development and Use,Official LIS subject,1,1,0,1,INSUFFICIENT DATA,100.0,0.0
2026,H0247,Michael J. Webert,R,Land Development and Use,Official LIS subject,1,1,0,1,INSUFFICIENT DATA,100.0,0.0
2026,H0340,Michelle Lopes Maldonado,D,Land Development and Use,Official LIS subject,1,1,0,1,INSUFFICIENT DATA,100.0,0.0
2026,H0335,Mike A. Cherry,R,Land Development and Use,Official LIS subject,1,1,0,1,INSUFFICIENT DATA,100.0,0.0
2026,H0336,Nadarius E. Clark,D,Land Development and Use,Official LIS subject,1,1,0,1,INSUFFICIENT DATA,100.0,0.0
2026,H0389,Nicole Cole,D,Land Development and Use,Official LIS subject,2,2,0,2,INSUFFICIENT DATA,100.0,0.0
2026,H0219,Patrick A. Hope,D,Land Development and Use,Official LIS subject,1,1,0,1,INSUFFICIENT DATA,100.0,0.0
2026,H0281,Paul E. Krizek,D,Land Development and Use,Official LIS subject,1,1,0,1,INSUFFICIENT DATA,100.0,0.0
2026,H0366,Phil M. Hernandez,D,Land Development and Use,Official LIS subject,1,1,0,1,INSUFFICIENT DATA,100.0,0.0
2026,H0124,R. Lee Ware,R,Land Development and Use,Official LIS subject,1,1,0,1,INSUFFICIENT DATA,100.0,0.0
2026,H0356,Rae Cousins,D,Land Development and Use,Official LIS subject,1,1,0,1,INSUFFICIENT DATA,100.0,0.0
2026,H0269,"Richard C. ""Rip"" Sullivan, Jr.",D,Land Development and Use,Official LIS subject,1,1,0,1,INSUFFICIENT DATA,100.0,0.0
2026,H0267,"Robert S. Bloxom, Jr.",R,Land Development and Use,Official LIS subject,1,1,0,1,INSUFFICIENT DATA,100.0,0.0
2026,H0327,Rodney T. Willett,D,Land Development and Use,Official LIS subject,1,1,0,1,INSUFFICIENT DATA,100.0,0.0
2026,H0365,"Rozia A. Henson, Jr.",D,Land Development and Use,Official LIS subject,1,1,0,1,INSUFFICIENT DATA,100.0,0.0
2026,H0266,Sam Rasoul,D,Land Development and Use,Official LIS subject,1,1,0,1,INSUFFICIENT DATA,100.0,0.0
2026,H0323,Shelly A. Simonds,D,Land Development and Use,Official LIS subject,2,2,0,2,INSUFFICIENT DATA,100.0,0.0
2026,H0388,Stacey Annie Carroll,D,Land Development and Use,Official LIS subject,1,1,0,1,INSUFFICIENT DATA,100.0,0.0
2026,H0056,Terry G. Kilgore,R,Land Development and Use,Official LIS subject,1,1,0,1,INSUFFICIENT DATA,100.0,0.0
2026,H0362,"Thomas A. Garrett, Jr.",R,Land Development and Use,Official LIS subject,1,1,0,1,INSUFFICIENT DATA,100.0,0.0
2026,H0400,Virgil Thornton,D,Land Development and Use,Official LIS subject,2,2,0,2,INSUFFICIENT DATA,100.0,0.0
2026,H0328,Scott A. Wyatt,R,Land Development and Use,Official LIS subject,2,1,1,2,INSUFFICIENT DATA,50.0,50.0
2026,H0345,Anne Ferrell Tata,R,Land Development and Use,Official LIS subject,2,0,2,2,INSUFFICIENT DATA,0.0,100.0
2026,H0329,Bill Wiley,R,Land Development and Use,Official LIS subject,1,0,1,1,INSUFFICIENT DATA,0.0,100.0
2026,H0377,Delores Oates,R,Land Development and Use,Official LIS subject,1,0,1,1,INSUFFICIENT DATA,0.0,100.0
2026,H0384,Eric Phillips,R,Land Development and Use,Official LIS subject,1,0,1,1,INSUFFICIENT DATA,0.0,100.0
2026,H0383,Eric R. Zehr,R,Land Development and Use,Official LIS subject,1,0,1,1,INSUFFICIENT DATA,0.0,100.0
2026,H0347,"H. Otto Wachsmann, Jr.",R,Land Development and Use,Official LIS subject,1,0,1,1,INSUFFICIENT DATA,0.0,100.0
2026,H0369,Hillary Pugh Kent,R,Land Development and Use,Official LIS subject,1,0,1,1,INSUFFICIENT DATA,0.0,100.0
2026,H0242,Israel D. O'Quinn,R,Land Development and Use,Official LIS subject,1,0,1,1,INSUFFICIENT DATA,0.0,100.0
2026,H0262,"James A. ""Jay"" Leftwich",R,Land Development and Use,Official LIS subject,1,0,1,1,INSUFFICIENT DATA,0.0,100.0
2026,H0333,Jason S. Ballard,R,Land Development and Use,Official LIS subject,1,0,1,1,INSUFFICIENT DATA,0.0,100.0
2026,H0308,Joseph P. McNamara,R,Land Development and Use,Official LIS subject,2,0,2,2,INSUFFICIENT DATA,0.0,100.0
2026,H0398,Justin Pence,R,Land Development and Use,Official LIS subject,1,0,1,1,INSUFFICIENT DATA,0.0,100.0
2026,H0394,Karen Hamilton,R,Land Development and Use,Official LIS subject,1,0,1,1,INSUFFICIENT DATA,0.0,100.0
2026,H0401,Madison Whittle,R,Land Development and Use,Official LIS subject,1,0,1,1,INSUFFICIENT DATA,0.0,100.0
2026,H0390,Mitchell Cornett,R,Land Development and Use,Official LIS subject,1,0,1,1,INSUFFICIENT DATA,0.0,100.0
2026,H0342,Phillip A. Scott,R,Land Development and Use,Official LIS subject,1,0,1,1,INSUFFICIENT DATA,0.0,100.0
2026,H0253,Terry L. Austin,R,Land Development and Use,Official LIS subject,1,0,0,0,INSUFFICIENT DATA,0.0,0.0
2026,H0136,"Thomas C. Wright, Jr.",R,Land Development and Use,Official LIS subject,1,0,1,1,INSUFFICIENT DATA,0.0,100.0
2026,H0364,Timothy P. Griffin,R,Land Development and Use,Official LIS subject,1,0,0,0,INSUFFICIENT DATA,0.0,0.0
2026,H0231,Tony O. Wilt,R,Land Development and Use,Official LIS subject,1,0,1,1,INSUFFICIENT DATA,0.0,100.0
2026,H0108,Vivian E. Watts,D,Land Development and Use,Official LIS subject,1,0,0,0,INSUFFICIENT DATA,0.0,0.0
2026,H0325,Wendell S. Walker,R,Land Development and Use,Official LIS subject,1,0,1,1,INSUFFICIENT DATA,0.0,100.0
2026,H0357,Will Davis,R,Land Development and Use,Official LIS subject,1,0,1,1,INSUFFICIENT DATA,0.0,100.0
2026,H0348,Wren M. Williams,R,Land Development and Use,Official LIS subject,1,0,1,1,INSUFFICIENT DATA,0.0,100.0
2026,H0206,Barry D. Knight,R,Local Government,Derived from LIS bill description,41,0,0,0,INSUFFICIENT DATA,0.0,0.0
2026,H0350,Ellen H. McLaughlin,R,Local Government,Derived from LIS bill description,67,41,23,64,MIXED,64.0625,35.9375
2026,H0238,M. Keith Hodges,R,Local Government,Derived from LIS bill description,66,41,23,64,MIXED,64.0625,35.9375
2026,H0345,Anne Ferrell Tata,R,Local Government,Derived from LIS bill description,65,41,24,65,MIXED,63.07692307692307,36.92307692307693
2026,H0259,"Hyland F. ""Buddy"" Fowler, Jr.",R,Local Government,Derived from LIS bill description,48,29,18,47,MIXED,61.702127659574465,38.297872340425535
2026,H0384,Eric Phillips,R,Local Government,Derived from LIS bill description,46,27,17,44,MIXED,61.36363636363637,38.63636363636363
2026,H0329,Bill Wiley,R,Local Government,Derived from LIS bill description,61,35,26,61,MIXED,57.377049180327866,42.62295081967213
2026,H0056,Terry G. Kilgore,R,Local Government,Derived from LIS bill description,49,28,21,49,MIXED,57.14285714285714,42.857142857142854
2026,H0242,Israel D. O'Quinn,R,Local Government,Derived from LIS bill description,51,28,22,50,MIXED,56.00000000000001,44.0
2026,H0325,Wendell S. Walker,R,Local Government,Derived from LIS bill description,42,23,19,42,MIXED,54.761904761904766,45.23809523809524
2026,H0347,"H. Otto Wachsmann, Jr.",R,Local Government,Derived from LIS bill description,43,22,21,43,MIXED,51.162790697674424,48.837209302325576
2026,H0401,Madison Whittle,R,Local Government,Derived from LIS bill description,44,22,21,43,MIXED,51.162790697674424,48.837209302325576
2026,H0333,Jason S. Ballard,R,Local Government,Derived from LIS bill description,58,29,28,57,MIXED,50.877192982456144,49.122807017543856
2026,H0390,Mitchell Cornett,R,Local Government,Derived from LIS bill description,42,21,21,42,MIXED,50.0,50.0
2026,H0262,"James A. ""Jay"" Leftwich",R,Local Government,Derived from LIS bill description,48,23,24,47,MIXED,48.93617021276596,51.06382978723404
2026,H0348,Wren M. Williams,R,Local Government,Derived from LIS bill description,50,23,25,48,MIXED,47.91666666666667,52.083333333333336
2026,H0308,Joseph P. McNamara,R,Local Government,Derived from LIS bill description,56,26,29,55,MIXED,47.27272727272727,52.72727272727272
2026,H0124,R. Lee Ware,R,Local Government,Derived from LIS bill description,42,19,22,41,MIXED,46.34146341463415,53.65853658536586
2026,H0369,Hillary Pugh Kent,R,Local Government,Derived from LIS bill description,44,20,24,44,MIXED,45.45454545454545,54.54545454545454
2026,H0231,Tony O. Wilt,R,Local Government,Derived from LIS bill description,45,20,25,45,MIXED,44.44444444444444,55.55555555555556
2026,H0335,Mike A. Cherry,R,Local Government,Derived from LIS bill description,46,20,26,46,MIXED,43.47826086956522,56.52173913043478
2026,H0357,Will Davis,R,Local Government,Derived from LIS bill description,44,19,25,44,MIXED,43.18181818181818,56.81818181818182
2026,H0321,Chris S. Runion,R,Local Government,Derived from LIS bill description,45,18,25,43,MIXED,41.86046511627907,58.139534883720934
2026,H0377,Delores Oates,R,Local Government,Derived from LIS bill description,43,18,25,43,MIXED,41.86046511627907,58.139534883720934
2026,H0398,Justin Pence,R,Local Government,Derived from LIS bill description,44,18,26,44,MIXED,40.909090909090914,59.09090909090909
2026,H0136,"Thomas C. Wright, Jr.",R,Local Government,Derived from LIS bill description,42,15,26,41,MIXED,36.58536585365854,63.41463414634146
2026,H0394,Karen Hamilton,R,Local Government,Derived from LIS bill description,42,14,27,41,NO,34.146341463414636,65.85365853658537
2026,H0342,Phillip A. Scott,R,Local Government,Derived from LIS bill description,43,14,28,42,NO,33.33333333333333,66.66666666666666
2026,H0362,"Thomas A. Garrett, Jr.",R,Local Government,Derived from LIS bill description,42,13,26,39,NO,33.33333333333333,66.66666666666666
2026,H0383,Eric R. Zehr,R,Local Government,Derived from LIS bill description,43,13,30,43,NO,30.23255813953488,69.76744186046511
2026,H0247,Michael J. Webert,R,Local Government,Derived from LIS bill description,44,12,29,41,NO,29.268292682926827,70.73170731707317
2026,H0364,Timothy P. Griffin,R,Local Government,Derived from LIS bill description,42,11,29,40,NO,27.500000000000004,72.5
2026,H0207,Delores L. McQuinn,D,Local Government,Derived from LIS bill description,56,51,1,52,YES,98.07692307692307,1.9230769230769231
2026,H0404,Margaret A. Franklin,D,Local Government,Derived from LIS bill description,57,51,1,52,YES,98.07692307692307,1.9230769230769231
2026,H0323,Shelly A. Simonds,D,Local Government,Derived from LIS bill description,75,73,2,75,YES,97.33333333333334,2.666666666666667
2026,H0311,Alex Q. Askew,D,Local Government,Derived from LIS bill description,72,70,2,72,YES,97.22222222222221,2.7777777777777777
2026,H0343,Briana D. Sewell,D,Local Government,Derived from LIS bill description,72,70,2,72,YES,97.22222222222221,2.7777777777777777
2026,H0405,Garrett McGuire,D,Local Government,Derived from LIS bill description,61,59,2,61,YES,96.72131147540983,3.278688524590164
2026,H0386,Jessica L. Anderson,D,Local Government,Derived from LIS bill description,59,57,2,59,YES,96.61016949152543,3.389830508474576
2026,H0301,David A. Reid,D,Local Government,Derived from LIS bill description,58,56,2,58,YES,96.55172413793103,3.4482758620689653
2026,H0382,Joshua E. Thomas,D,Local Government,Derived from LIS bill description,57,55,2,57,YES,96.49122807017544,3.508771929824561
2026,H0392,Mark C. Downey,D,Local Government,Derived from LIS bill description,57,55,2,57,YES,96.49122807017544,3.508771929824561
2026,H0297,Elizabeth R. Guzman,D,Local Government,Derived from LIS bill description,55,52,2,54,YES,96.29629629629629,3.7037037037037033
2026,H0374,Marty Martinez,D,Local Government,Derived from LIS bill description,57,51,2,53,YES,96.22641509433963,3.7735849056603774
2026,H0396,Leslie Chambers Mehta,D,Local Government,Derived from LIS bill description,52,50,2,52,YES,96.15384615384616,3.8461538461538463
2026,H0354,Katrina Callsen,D,Local Government,Derived from LIS bill description,50,48,2,50,YES,96.0,4.0
2026,H0393,Lily V. Franklin,D,Local Government,Derived from LIS bill description,50,48,2,50,YES,96.0,4.0
2026,H0227,Luke E. Torian,D,Local Government,Derived from LIS bill description,54,48,2,50,YES,96.0,4.0
2026,H0314,Joshua G. Cole,D,Local Government,Derived from LIS bill description,49,47,2,49,YES,95.91836734693877,4.081632653061225
2026,H0372,Destiny LeVere Bolling,D,Local Government,Derived from LIS bill description,48,46,2,48,YES,95.83333333333334,4.166666666666666
2026,H0334,Elizabeth B. Bennett-Parker,D,Local Government,Derived from LIS bill description,26,23,1,24,YES,95.83333333333334,4.166666666666666
2026,H0356,Rae Cousins,D,Local Government,Derived from LIS bill description,48,46,2,48,YES,95.83333333333334,4.166666666666666
2026,H0285,"C.E. Cliff Hayes, Jr.",D,Local Government,Derived from LIS bill description,47,44,2,46,YES,95.65217391304348,4.3478260869565215
2026,H0399,Kimberly Pope Adams,D,Local Government,Derived from LIS bill description,46,44,2,46,YES,95.65217391304348,4.3478260869565215
2026,H0388,Stacey Annie Carroll,D,Local Government,Derived from LIS bill description,50,43,2,45,YES,95.55555555555556,4.444444444444445
2026,H0400,Virgil Thornton,D,Local Government,Derived from LIS bill description,66,63,3,66,YES,95.45454545454545,4.545454545454546
2026,H0355,Laura Jane Cohen,D,Local Government,Derived from LIS bill description,70,62,3,65,YES,95.38461538461539,4.615384615384616
2026,H0397,May Nivar,D,Local Government,Derived from LIS bill description,65,62,3,65,YES,95.38461538461539,4.615384615384616
2026,H0361,Debra D. Gardner,D,Local Government,Derived from LIS bill description,43,41,2,43,YES,95.34883720930233,4.651162790697675
2026,H0219,Patrick A. Hope,D,Local Government,Derived from LIS bill description,44,41,2,43,YES,95.34883720930233,4.651162790697675
2026,H0365,"Rozia A. Henson, Jr.",D,Local Government,Derived from LIS bill description,44,41,2,43,YES,95.34883720930233,4.651162790697675
2026,H0322,Don Scott,D,Local Government,Derived from LIS bill description,42,40,2,42,YES,95.23809523809523,4.761904761904762
2026,H0406,Kirk McPike,D,Local Government,Derived from LIS bill description,21,20,1,21,YES,95.23809523809523,4.761904761904762
2026,H0389,Nicole Cole,D,Local Government,Derived from LIS bill description,61,58,3,61,YES,95.08196721311475,4.918032786885246
2026,H0395,John Chilton McAuliff,D,Local Government,Derived from LIS bill description,43,37,2,39,YES,94.87179487179486,5.128205128205128
2026,H0353,Bonita G. Anthony,D,Local Government,Derived from LIS bill description,55,52,3,55,YES,94.54545454545455,5.454545454545454
2026,H0360,Michael B. Feggans,D,Local Government,Derived from LIS bill description,52,49,3,52,YES,94.23076923076923,5.769230769230769
2026,H0366,Phil M. Hernandez,D,Local Government,Derived from LIS bill description,51,48,3,51,YES,94.11764705882352,5.88235294117647
2026,H0371,Amy J. Laufer,D,Local Government,Derived from LIS bill description,48,45,3,48,YES,93.75,6.25
2026,H0327,Rodney T. Willett,D,Local Government,Derived from LIS bill description,47,44,3,47,YES,93.61702127659575,6.382978723404255
2026,H0212,Betsy B. Carr,D,Local Government,Derived from LIS bill description,62,58,4,62,YES,93.54838709677419,6.451612903225806
2026,H0239,Alfonso H. Lopez,D,Local Government,Derived from LIS bill description,46,41,3,44,YES,93.18181818181817,6.8181818181818175
2026,H0402,Charlie Schmidt,D,Local Government,Derived from LIS bill description,44,41,3,44,YES,93.18181818181817,6.8181818181818175
2026,H0295,Kelly K. Convirs-Fowler,D,Local Government,Derived from LIS bill description,47,40,3,43,YES,93.02325581395348,6.976744186046512
2026,H0391,Lindsey Dougherty,D,Local Government,Derived from LIS bill description,44,37,3,40,YES,92.5,7.5
2026,H0344,Irene Shin,D,Local Government,Derived from LIS bill description,66,60,5,65,YES,92.3076923076923,7.6923076923076925
2026,H0173,Jeion A. Ward,D,Local Government,Derived from LIS bill description,52,46,4,50,YES,92.0,8.0
2026,H0317,Dan I. Helmer,D,Local Government,Derived from LIS bill description,65,56,5,61,YES,91.80327868852459,8.19672131147541
2026,H0387,"Karen R. ""Kacey"" Carnegie",D,Local Government,Derived from LIS bill description,49,44,4,48,YES,91.66666666666666,8.333333333333332
2026,H0294,Karrie K. Delaney,D,Local Government,Derived from LIS bill description,56,51,5,56,YES,91.07142857142857,8.928571428571429
2026,H0375,Adele Y. McClure,D,Local Government,Derived from LIS bill description,55,49,5,54,YES,90.74074074074075,9.25925925925926
2026,H0370,Karen Keys-Gamarra,D,Local Government,Derived from LIS bill description,61,54,6,60,YES,90.0,10.0
2026,H0340,Michelle Lopes Maldonado,D,Local Government,Derived from LIS bill description,49,44,5,49,YES,89.79591836734694,10.204081632653061
2026,H0108,Vivian E. Watts,D,Local Government,Derived from LIS bill description,50,44,5,49,YES,89.79591836734694,10.204081632653061
2026,H0403,Gretchen M. Bulova,D,Local Government,Derived from LIS bill description,46,41,5,46,YES,89.13043478260869,10.869565217391305
2026,H0385,JJ Singh,D,Local Government,Derived from LIS bill description,45,40,5,45,YES,88.88888888888889,11.11111111111111
2026,H0380,Atoosa R. Reaser,D,Local Government,Derived from LIS bill description,53,46,6,52,YES,88.46153846153845,11.538461538461538
2026,H0266,Sam Rasoul,D,Local Government,Derived from LIS bill description,43,37,5,42,YES,88.09523809523809,11.904761904761903
2026,H0264,Marcus B. Simon,D,Local Government,Derived from LIS bill description,56,49,7,56,YES,87.5,12.5
2026,H0336,Nadarius E. Clark,D,Local Government,Derived from LIS bill description,45,28,4,32,YES,87.5,12.5
2026,H0208,Charniele L. Herring,D,Local Government,Derived from LIS bill description,47,41,6,47,YES,87.2340425531915,12.76595744680851
2026,H0351,Holly M. Seibold,D,Local Government,Derived from LIS bill description,47,41,6,47,YES,87.2340425531915,12.76595744680851
2026,H0349,Jackie H. Glass,D,Local Government,Derived from LIS bill description,50,41,6,47,YES,87.2340425531915,12.76595744680851
2026,H0305,Kathy K.L. Tran,D,Local Government,Derived from LIS bill description,47,41,6,47,YES,87.2340425531915,12.76595744680851
2026,H0281,Paul E. Krizek,D,Local Government,Derived from LIS bill description,55,47,7,54,YES,87.03703703703704,12.962962962962962
2026,H0269,"Richard C. ""Rip"" Sullivan, Jr.",D,Local Government,Derived from LIS bill description,49,42,7,49,YES,85.71428571428571,14.285714285714285
2026,H0284,"Marcia S. ""Cia"" Price",D,Local Government,Derived from LIS bill description,55,47,8,55,YES,85.45454545454545,14.545454545454545
2026,H0224,James W. Morefield,R,Local Government,Derived from LIS bill description,72,51,19,70,YES,72.85714285714285,27.142857142857142
2026,H0267,"Robert S. Bloxom, Jr.",R,Local Government,Derived from LIS bill description,57,41,16,57,YES,71.9298245614035,28.07017543859649
2026,H0328,Scott A. Wyatt,R,Local Government,Derived from LIS bill description,69,46,21,67,YES,68.65671641791045,31.343283582089555
2026,H0253,Terry L. Austin,R,Local Government,Derived from LIS bill description,63,43,20,63,YES,68.25396825396825,31.746031746031743
2026,H0212,Betsy B. Carr,D,Local Government and Officials,Official LIS subject,5,5,0,5,INSUFFICIENT DATA,100.0,0.0
2026,H0317,Dan I. Helmer,D,Local Government and Officials,Official LIS subject,5,5,0,5,INSUFFICIENT DATA,100.0,0.0
2026,H0334,Elizabeth B. Bennett-Parker,D,Local Government and Officials,Official LIS subject,1,1,0,1,INSUFFICIENT DATA,100.0,0.0
2026,H0355,Laura Jane Cohen,D,Local Government and Officials,Official LIS subject,4,3,0,3,INSUFFICIENT DATA,100.0,0.0
2026,H0108,Vivian E. Watts,D,Local Government and Officials,Official LIS subject,3,3,0,3,INSUFFICIENT DATA,100.0,0.0
2026,H0239,Alfonso H. Lopez,D,Local Government and Officials,Official LIS subject,5,4,1,5,INSUFFICIENT DATA,80.0,20.0
2026,H0371,Amy J. Laufer,D,Local Government and Officials,Official LIS subject,5,4,1,5,INSUFFICIENT DATA,80.0,20.0
2026,H0208,Charniele L. Herring,D,Local Government and Officials,Official LIS subject,5,4,1,5,INSUFFICIENT DATA,80.0,20.0
2026,H0372,Destiny LeVere Bolling,D,Local Government and Officials,Official LIS subject,5,4,1,5,INSUFFICIENT DATA,80.0,20.0
2026,H0295,Kelly K. Convirs-Fowler,D,Local Government and Officials,Official LIS subject,5,4,1,5,INSUFFICIENT DATA,80.0,20.0
2026,H0360,Michael B. Feggans,D,Local Government and Officials,Official LIS subject,5,4,1,5,INSUFFICIENT DATA,80.0,20.0
2026,H0281,Paul E. Krizek,D,Local Government and Officials,Official LIS subject,5,4,1,5,INSUFFICIENT DATA,80.0,20.0
2026,H0327,Rodney T. Willett,D,Local Government and Officials,Official LIS subject,5,4,1,5,INSUFFICIENT DATA,80.0,20.0
2026,H0311,Alex Q. Askew,D,Local Government and Officials,Official LIS subject,4,3,1,4,INSUFFICIENT DATA,75.0,25.0
2026,H0353,Bonita G. Anthony,D,Local Government and Officials,Official LIS subject,4,3,1,4,INSUFFICIENT DATA,75.0,25.0
2026,H0343,Briana D. Sewell,D,Local Government and Officials,Official LIS subject,4,3,1,4,INSUFFICIENT DATA,75.0,25.0
2026,H0285,"C.E. Cliff Hayes, Jr.",D,Local Government and Officials,Official LIS subject,4,3,1,4,INSUFFICIENT DATA,75.0,25.0
2026,H0301,David A. Reid,D,Local Government and Officials,Official LIS subject,4,3,1,4,INSUFFICIENT DATA,75.0,25.0
2026,H0207,Delores L. McQuinn,D,Local Government and Officials,Official LIS subject,4,3,1,4,INSUFFICIENT DATA,75.0,25.0
2026,H0344,Irene Shin,D,Local Government and Officials,Official LIS subject,4,3,1,4,INSUFFICIENT DATA,75.0,25.0
2026,H0385,JJ Singh,D,Local Government and Officials,Official LIS subject,4,3,1,4,INSUFFICIENT DATA,75.0,25.0
2026,H0173,Jeion A. Ward,D,Local Government and Officials,Official LIS subject,5,3,1,4,INSUFFICIENT DATA,75.0,25.0
2026,H0382,Joshua E. Thomas,D,Local Government and Officials,Official LIS subject,4,3,1,4,INSUFFICIENT DATA,75.0,25.0
2026,H0305,Kathy K.L. Tran,D,Local Government and Officials,Official LIS subject,4,3,1,4,INSUFFICIENT DATA,75.0,25.0
2026,H0284,"Marcia S. ""Cia"" Price",D,Local Government and Officials,Official LIS subject,4,3,1,4,INSUFFICIENT DATA,75.0,25.0
2026,H0397,May Nivar,D,Local Government and Officials,Official LIS subject,4,3,1,4,INSUFFICIENT DATA,75.0,25.0
2026,H0340,Michelle Lopes Maldonado,D,Local Government and Officials,Official LIS subject,4,3,1,4,INSUFFICIENT DATA,75.0,25.0
2026,H0356,Rae Cousins,D,Local Government and Officials,Official LIS subject,4,3,1,4,INSUFFICIENT DATA,75.0,25.0
2026,H0269,"Richard C. ""Rip"" Sullivan, Jr.",D,Local Government and Officials,Official LIS subject,4,3,1,4,INSUFFICIENT DATA,75.0,25.0
2026,H0323,Shelly A. Simonds,D,Local Government and Officials,Official LIS subject,4,3,1,4,INSUFFICIENT DATA,75.0,25.0
2026,H0375,Adele Y. McClure,D,Local Government and Officials,Official LIS subject,3,2,1,3,INSUFFICIENT DATA,66.66666666666666,33.33333333333333
2026,H0380,Atoosa R. Reaser,D,Local Government and Officials,Official LIS subject,3,2,1,3,INSUFFICIENT DATA,66.66666666666666,33.33333333333333
2026,H0402,Charlie Schmidt,D,Local Government and Officials,Official LIS subject,3,2,1,3,INSUFFICIENT DATA,66.66666666666666,33.33333333333333
2026,H0361,Debra D. Gardner,D,Local Government and Officials,Official LIS subject,3,2,1,3,INSUFFICIENT DATA,66.66666666666666,33.33333333333333
2026,H0322,Don Scott,D,Local Government and Officials,Official LIS subject,3,2,1,3,INSUFFICIENT DATA,66.66666666666666,33.33333333333333
2026,H0297,Elizabeth R. Guzman,D,Local Government and Officials,Official LIS subject,3,2,1,3,INSUFFICIENT DATA,66.66666666666666,33.33333333333333
2026,H0405,Garrett McGuire,D,Local Government and Officials,Official LIS subject,3,2,1,3,INSUFFICIENT DATA,66.66666666666666,33.33333333333333
2026,H0403,Gretchen M. Bulova,D,Local Government and Officials,Official LIS subject,3,2,1,3,INSUFFICIENT DATA,66.66666666666666,33.33333333333333
2026,H0351,Holly M. Seibold,D,Local Government and Officials,Official LIS subject,3,2,1,3,INSUFFICIENT DATA,66.66666666666666,33.33333333333333
2026,H0349,Jackie H. Glass,D,Local Government and Officials,Official LIS subject,3,2,1,3,INSUFFICIENT DATA,66.66666666666666,33.33333333333333
2026,H0386,Jessica L. Anderson,D,Local Government and Officials,Official LIS subject,3,2,1,3,INSUFFICIENT DATA,66.66666666666666,33.33333333333333
2026,H0395,John Chilton McAuliff,D,Local Government and Officials,Official LIS subject,3,2,1,3,INSUFFICIENT DATA,66.66666666666666,33.33333333333333
2026,H0314,Joshua G. Cole,D,Local Government and Officials,Official LIS subject,3,2,1,3,INSUFFICIENT DATA,66.66666666666666,33.33333333333333
2026,H0370,Karen Keys-Gamarra,D,Local Government and Officials,Official LIS subject,3,2,1,3,INSUFFICIENT DATA,66.66666666666666,33.33333333333333
2026,H0387,"Karen R. ""Kacey"" Carnegie",D,Local Government and Officials,Official LIS subject,3,2,1,3,INSUFFICIENT DATA,66.66666666666666,33.33333333333333
2026,H0294,Karrie K. Delaney,D,Local Government and Officials,Official LIS subject,3,2,1,3,INSUFFICIENT DATA,66.66666666666666,33.33333333333333
2026,H0354,Katrina Callsen,D,Local Government and Officials,Official LIS subject,3,2,1,3,INSUFFICIENT DATA,66.66666666666666,33.33333333333333
2026,H0399,Kimberly Pope Adams,D,Local Government and Officials,Official LIS subject,3,2,1,3,INSUFFICIENT DATA,66.66666666666666,33.33333333333333
2026,H0396,Leslie Chambers Mehta,D,Local Government and Officials,Official LIS subject,3,2,1,3,INSUFFICIENT DATA,66.66666666666666,33.33333333333333
2026,H0393,Lily V. Franklin,D,Local Government and Officials,Official LIS subject,3,2,1,3,INSUFFICIENT DATA,66.66666666666666,33.33333333333333
2026,H0391,Lindsey Dougherty,D,Local Government and Officials,Official LIS subject,3,2,1,3,INSUFFICIENT DATA,66.66666666666666,33.33333333333333
2026,H0227,Luke E. Torian,D,Local Government and Officials,Official LIS subject,5,2,1,3,INSUFFICIENT DATA,66.66666666666666,33.33333333333333
2026,H0264,Marcus B. Simon,D,Local Government and Officials,Official LIS subject,3,2,1,3,INSUFFICIENT DATA,66.66666666666666,33.33333333333333
2026,H0404,Margaret A. Franklin,D,Local Government and Officials,Official LIS subject,3,2,1,3,INSUFFICIENT DATA,66.66666666666666,33.33333333333333
2026,H0392,Mark C. Downey,D,Local Government and Officials,Official LIS subject,3,2,1,3,INSUFFICIENT DATA,66.66666666666666,33.33333333333333
2026,H0374,Marty Martinez,D,Local Government and Officials,Official LIS subject,3,2,1,3,INSUFFICIENT DATA,66.66666666666666,33.33333333333333
2026,H0389,Nicole Cole,D,Local Government and Officials,Official LIS subject,3,2,1,3,INSUFFICIENT DATA,66.66666666666666,33.33333333333333
2026,H0219,Patrick A. Hope,D,Local Government and Officials,Official LIS subject,3,2,1,3,INSUFFICIENT DATA,66.66666666666666,33.33333333333333
2026,H0366,Phil M. Hernandez,D,Local Government and Officials,Official LIS subject,3,2,1,3,INSUFFICIENT DATA,66.66666666666666,33.33333333333333
2026,H0365,"Rozia A. Henson, Jr.",D,Local Government and Officials,Official LIS subject,3,2,1,3,INSUFFICIENT DATA,66.66666666666666,33.33333333333333
2026,H0266,Sam Rasoul,D,Local Government and Officials,Official LIS subject,3,2,1,3,INSUFFICIENT DATA,66.66666666666666,33.33333333333333
2026,H0400,Virgil Thornton,D,Local Government and Officials,Official LIS subject,3,2,1,3,INSUFFICIENT DATA,66.66666666666666,33.33333333333333
2026,H0406,Kirk McPike,D,Local Government and Officials,Official LIS subject,2,1,1,2,INSUFFICIENT DATA,50.0,50.0
2026,H0336,Nadarius E. Clark,D,Local Government and Officials,Official LIS subject,4,1,1,2,INSUFFICIENT DATA,50.0,50.0
2026,H0388,Stacey Annie Carroll,D,Local Government and Officials,Official LIS subject,3,1,1,2,INSUFFICIENT DATA,50.0,50.0
2026,H0345,Anne Ferrell Tata,R,Local Government and Officials,Official LIS subject,3,0,3,3,INSUFFICIENT DATA,0.0,100.0
2026,H0206,Barry D. Knight,R,Local Government and Officials,Official LIS subject,1,0,0,0,INSUFFICIENT DATA,0.0,0.0
2026,H0329,Bill Wiley,R,Local Government and Officials,Official LIS subject,5,0,5,5,INSUFFICIENT DATA,0.0,100.0
2026,H0321,Chris S. Runion,R,Local Government and Officials,Official LIS subject,5,0,5,5,INSUFFICIENT DATA,0.0,100.0
2026,H0377,Delores Oates,R,Local Government and Officials,Official LIS subject,3,0,3,3,INSUFFICIENT DATA,0.0,100.0
2026,H0350,Ellen H. McLaughlin,R,Local Government and Officials,Official LIS subject,4,0,4,4,INSUFFICIENT DATA,0.0,100.0
2026,H0384,Eric Phillips,R,Local Government and Officials,Official LIS subject,3,0,3,3,INSUFFICIENT DATA,0.0,100.0
2026,H0383,Eric R. Zehr,R,Local Government and Officials,Official LIS subject,3,0,3,3,INSUFFICIENT DATA,0.0,100.0
2026,H0347,"H. Otto Wachsmann, Jr.",R,Local Government and Officials,Official LIS subject,3,0,3,3,INSUFFICIENT DATA,0.0,100.0
2026,H0369,Hillary Pugh Kent,R,Local Government and Officials,Official LIS subject,3,0,3,3,INSUFFICIENT DATA,0.0,100.0
2026,H0259,"Hyland F. ""Buddy"" Fowler, Jr.",R,Local Government and Officials,Official LIS subject,3,0,3,3,INSUFFICIENT DATA,0.0,100.0
2026,H0242,Israel D. O'Quinn,R,Local Government and Officials,Official LIS subject,4,0,4,4,INSUFFICIENT DATA,0.0,100.0
2026,H0262,"James A. ""Jay"" Leftwich",R,Local Government and Officials,Official LIS subject,3,0,3,3,INSUFFICIENT DATA,0.0,100.0
2026,H0224,James W. Morefield,R,Local Government and Officials,Official LIS subject,4,0,4,4,INSUFFICIENT DATA,0.0,100.0
2026,H0333,Jason S. Ballard,R,Local Government and Officials,Official LIS subject,5,0,5,5,INSUFFICIENT DATA,0.0,100.0
2026,H0308,Joseph P. McNamara,R,Local Government and Officials,Official LIS subject,3,0,3,3,INSUFFICIENT DATA,0.0,100.0
2026,H0398,Justin Pence,R,Local Government and Officials,Official LIS subject,3,0,3,3,INSUFFICIENT DATA,0.0,100.0
2026,H0394,Karen Hamilton,R,Local Government and Officials,Official LIS subject,3,0,3,3,INSUFFICIENT DATA,0.0,100.0
2026,H0238,M. Keith Hodges,R,Local Government and Officials,Official LIS subject,4,0,4,4,INSUFFICIENT DATA,0.0,100.0
2026,H0401,Madison Whittle,R,Local Government and Officials,Official LIS subject,3,0,3,3,INSUFFICIENT DATA,0.0,100.0
2026,H0247,Michael J. Webert,R,Local Government and Officials,Official LIS subject,4,0,4,4,INSUFFICIENT DATA,0.0,100.0
2026,H0335,Mike A. Cherry,R,Local Government and Officials,Official LIS subject,3,0,3,3,INSUFFICIENT DATA,0.0,100.0
2026,H0390,Mitchell Cornett,R,Local Government and Officials,Official LIS subject,3,0,3,3,INSUFFICIENT DATA,0.0,100.0
2026,H0342,Phillip A. Scott,R,Local Government and Officials,Official LIS subject,3,0,3,3,INSUFFICIENT DATA,0.0,100.0
2026,H0124,R. Lee Ware,R,Local Government and Officials,Official LIS subject,3,0,3,3,INSUFFICIENT DATA,0.0,100.0
2026,H0267,"Robert S. Bloxom, Jr.",R,Local Government and Officials,Official LIS subject,5,0,4,4,INSUFFICIENT DATA,0.0,100.0
2026,H0328,Scott A. Wyatt,R,Local Government and Officials,Official LIS subject,4,0,4,4,INSUFFICIENT DATA,0.0,100.0
2026,H0056,Terry G. Kilgore,R,Local Government and Officials,Official LIS subject,4,0,4,4,INSUFFICIENT DATA,0.0,100.0
2026,H0253,Terry L. Austin,R,Local Government and Officials,Official LIS subject,4,0,4,4,INSUFFICIENT DATA,0.0,100.0
2026,H0362,"Thomas A. Garrett, Jr.",R,Local Government and Officials,Official LIS subject,3,0,3,3,INSUFFICIENT DATA,0.0,100.0
2026,H0136,"Thomas C. Wright, Jr.",R,Local Government and Officials,Official LIS subject,3,0,3,3,INSUFFICIENT DATA,0.0,100.0
2026,H0364,Timothy P. Griffin,R,Local Government and Officials,Official LIS subject,3,0,3,3,INSUFFICIENT DATA,0.0,100.0
2026,H0231,Tony O. Wilt,R,Local Government and Officials,Official LIS subject,4,0,4,4,INSUFFICIENT DATA,0.0,100.0
2026,H0325,Wendell S. Walker,R,Local Government and Officials,Official LIS subject,3,0,3,3,INSUFFICIENT DATA,0.0,100.0
2026,H0357,Will Davis,R,Local Government and Officials,Official LIS subject,3,0,3,3,INSUFFICIENT DATA,0.0,100.0
2026,H0348,Wren M. Williams,R,Local Government and Officials,Official LIS subject,4,0,4,4,INSUFFICIENT DATA,0.0,100.0
2026,H0375,Adele Y. McClure,D,Marriage,Official LIS subject,2,2,0,2,INSUFFICIENT DATA,100.0,0.0
2026,H0311,Alex Q. Askew,D,Marriage,Official LIS subject,2,2,0,2,INSUFFICIENT DATA,100.0,0.0
2026,H0239,Alfonso H. Lopez,D,Marriage,Official LIS subject,2,2,0,2,INSUFFICIENT DATA,100.0,0.0
2026,H0371,Amy J. Laufer,D,Marriage,Official LIS subject,2,2,0,2,INSUFFICIENT DATA,100.0,0.0
2026,H0380,Atoosa R. Reaser,D,Marriage,Official LIS subject,2,2,0,2,INSUFFICIENT DATA,100.0,0.0
2026,H0212,Betsy B. Carr,D,Marriage,Official LIS subject,2,2,0,2,INSUFFICIENT DATA,100.0,0.0
2026,H0353,Bonita G. Anthony,D,Marriage,Official LIS subject,4,4,0,4,INSUFFICIENT DATA,100.0,0.0
2026,H0343,Briana D. Sewell,D,Marriage,Official LIS subject,2,2,0,2,INSUFFICIENT DATA,100.0,0.0
2026,H0285,"C.E. Cliff Hayes, Jr.",D,Marriage,Official LIS subject,2,2,0,2,INSUFFICIENT DATA,100.0,0.0
2026,H0330,Candi Mundon King,D,Marriage,Official LIS subject,1,1,0,1,INSUFFICIENT DATA,100.0,0.0
2026,H0402,Charlie Schmidt,D,Marriage,Official LIS subject,1,1,0,1,INSUFFICIENT DATA,100.0,0.0
2026,H0208,Charniele L. Herring,D,Marriage,Official LIS subject,2,2,0,2,INSUFFICIENT DATA,100.0,0.0
2026,H0317,Dan I. Helmer,D,Marriage,Official LIS subject,2,2,0,2,INSUFFICIENT DATA,100.0,0.0
2026,H0301,David A. Reid,D,Marriage,Official LIS subject,4,4,0,4,INSUFFICIENT DATA,100.0,0.0
2026,H0177,David L. Bulova,D,Marriage,Official LIS subject,2,2,0,2,INSUFFICIENT DATA,100.0,0.0
2026,H0361,Debra D. Gardner,D,Marriage,Official LIS subject,2,2,0,2,INSUFFICIENT DATA,100.0,0.0
2026,H0207,Delores L. McQuinn,D,Marriage,Official LIS subject,2,2,0,2,INSUFFICIENT DATA,100.0,0.0
2026,H0372,Destiny LeVere Bolling,D,Marriage,Official LIS subject,4,4,0,4,INSUFFICIENT DATA,100.0,0.0
2026,H0322,Don Scott,D,Marriage,Official LIS subject,2,2,0,2,INSUFFICIENT DATA,100.0,0.0
2026,H0334,Elizabeth B. Bennett-Parker,D,Marriage,Official LIS subject,2,2,0,2,INSUFFICIENT DATA,100.0,0.0
2026,H0297,Elizabeth R. Guzman,D,Marriage,Official LIS subject,2,2,0,2,INSUFFICIENT DATA,100.0,0.0
2026,H0405,Garrett McGuire,D,Marriage,Official LIS subject,1,1,0,1,INSUFFICIENT DATA,100.0,0.0
2026,H0403,Gretchen M. Bulova,D,Marriage,Official LIS subject,2,2,0,2,INSUFFICIENT DATA,100.0,0.0
2026,H0351,Holly M. Seibold,D,Marriage,Official LIS subject,2,2,0,2,INSUFFICIENT DATA,100.0,0.0
2026,H0344,Irene Shin,D,Marriage,Official LIS subject,2,1,0,1,INSUFFICIENT DATA,100.0,0.0
2026,H0385,JJ Singh,D,Marriage,Official LIS subject,4,4,0,4,INSUFFICIENT DATA,100.0,0.0
2026,H0349,Jackie H. Glass,D,Marriage,Official LIS subject,4,4,0,4,INSUFFICIENT DATA,100.0,0.0
2026,H0173,Jeion A. Ward,D,Marriage,Official LIS subject,2,2,0,2,INSUFFICIENT DATA,100.0,0.0
2026,H0386,Jessica L. Anderson,D,Marriage,Official LIS subject,2,2,0,2,INSUFFICIENT DATA,100.0,0.0
2026,H0395,John Chilton McAuliff,D,Marriage,Official LIS subject,4,4,0,4,INSUFFICIENT DATA,100.0,0.0
2026,H0308,Joseph P. McNamara,R,Marriage,Official LIS subject,2,2,0,2,INSUFFICIENT DATA,100.0,0.0
2026,H0382,Joshua E. Thomas,D,Marriage,Official LIS subject,2,2,0,2,INSUFFICIENT DATA,100.0,0.0
2026,H0314,Joshua G. Cole,D,Marriage,Official LIS subject,4,3,0,3,INSUFFICIENT DATA,100.0,0.0
2026,H0370,Karen Keys-Gamarra,D,Marriage,Official LIS subject,2,2,0,2,INSUFFICIENT DATA,100.0,0.0
2026,H0387,"Karen R. ""Kacey"" Carnegie",D,Marriage,Official LIS subject,4,4,0,4,INSUFFICIENT DATA,100.0,0.0
2026,H0294,Karrie K. Delaney,D,Marriage,Official LIS subject,2,2,0,2,INSUFFICIENT DATA,100.0,0.0
2026,H0305,Kathy K.L. Tran,D,Marriage,Official LIS subject,2,2,0,2,INSUFFICIENT DATA,100.0,0.0
2026,H0354,Katrina Callsen,D,Marriage,Official LIS subject,3,3,0,3,INSUFFICIENT DATA,100.0,0.0
2026,H0295,Kelly K. Convirs-Fowler,D,Marriage,Official LIS subject,4,4,0,4,INSUFFICIENT DATA,100.0,0.0
2026,H0399,Kimberly Pope Adams,D,Marriage,Official LIS subject,2,2,0,2,INSUFFICIENT DATA,100.0,0.0
2026,H0355,Laura Jane Cohen,D,Marriage,Official LIS subject,2,2,0,2,INSUFFICIENT DATA,100.0,0.0
2026,H0396,Leslie Chambers Mehta,D,Marriage,Official LIS subject,2,2,0,2,INSUFFICIENT DATA,100.0,0.0
2026,H0393,Lily V. Franklin,D,Marriage,Official LIS subject,2,2,0,2,INSUFFICIENT DATA,100.0,0.0
2026,H0391,Lindsey Dougherty,D,Marriage,Official LIS subject,2,2,0,2,INSUFFICIENT DATA,100.0,0.0
2026,H0227,Luke E. Torian,D,Marriage,Official LIS subject,2,2,0,2,INSUFFICIENT DATA,100.0,0.0
2026,H0284,"Marcia S. ""Cia"" Price",D,Marriage,Official LIS subject,4,3,0,3,INSUFFICIENT DATA,100.0,0.0
2026,H0264,Marcus B. Simon,D,Marriage,Official LIS subject,2,2,0,2,INSUFFICIENT DATA,100.0,0.0
2026,H0404,Margaret A. Franklin,D,Marriage,Official LIS subject,1,1,0,1,INSUFFICIENT DATA,100.0,0.0
2026,H0392,Mark C. Downey,D,Marriage,Official LIS subject,2,2,0,2,INSUFFICIENT DATA,100.0,0.0
2026,H0172,Mark D. Sickles,D,Marriage,Official LIS subject,1,1,0,1,INSUFFICIENT DATA,100.0,0.0
2026,H0374,Marty Martinez,D,Marriage,Official LIS subject,2,2,0,2,INSUFFICIENT DATA,100.0,0.0
2026,H0397,May Nivar,D,Marriage,Official LIS subject,2,2,0,2,INSUFFICIENT DATA,100.0,0.0
2026,H0360,Michael B. Feggans,D,Marriage,Official LIS subject,2,2,0,2,INSUFFICIENT DATA,100.0,0.0
2026,H0340,Michelle Lopes Maldonado,D,Marriage,Official LIS subject,2,2,0,2,INSUFFICIENT DATA,100.0,0.0
2026,H0336,Nadarius E. Clark,D,Marriage,Official LIS subject,2,2,0,2,INSUFFICIENT DATA,100.0,0.0
2026,H0389,Nicole Cole,D,Marriage,Official LIS subject,3,3,0,3,INSUFFICIENT DATA,100.0,0.0
2026,H0219,Patrick A. Hope,D,Marriage,Official LIS subject,2,1,0,1,INSUFFICIENT DATA,100.0,0.0
2026,H0281,Paul E. Krizek,D,Marriage,Official LIS subject,4,4,0,4,INSUFFICIENT DATA,100.0,0.0
2026,H0366,Phil M. Hernandez,D,Marriage,Official LIS subject,2,2,0,2,INSUFFICIENT DATA,100.0,0.0
2026,H0356,Rae Cousins,D,Marriage,Official LIS subject,2,2,0,2,INSUFFICIENT DATA,100.0,0.0
2026,H0269,"Richard C. ""Rip"" Sullivan, Jr.",D,Marriage,Official LIS subject,2,2,0,2,INSUFFICIENT DATA,100.0,0.0
2026,H0267,"Robert S. Bloxom, Jr.",R,Marriage,Official LIS subject,4,4,0,4,INSUFFICIENT DATA,100.0,0.0
2026,H0327,Rodney T. Willett,D,Marriage,Official LIS subject,2,2,0,2,INSUFFICIENT DATA,100.0,0.0
2026,H0365,"Rozia A. Henson, Jr.",D,Marriage,Official LIS subject,4,4,0,4,INSUFFICIENT DATA,100.0,0.0
2026,H0266,Sam Rasoul,D,Marriage,Official LIS subject,2,1,0,1,INSUFFICIENT DATA,100.0,0.0
2026,H0323,Shelly A. Simonds,D,Marriage,Official LIS subject,2,2,0,2,INSUFFICIENT DATA,100.0,0.0
2026,H0388,Stacey Annie Carroll,D,Marriage,Official LIS subject,4,4,0,4,INSUFFICIENT DATA,100.0,0.0
2026,H0362,"Thomas A. Garrett, Jr.",R,Marriage,Official LIS subject,2,1,0,1,INSUFFICIENT DATA,100.0,0.0
2026,H0400,Virgil Thornton,D,Marriage,Official LIS subject,2,2,0,2,INSUFFICIENT DATA,100.0,0.0
2026,H0108,Vivian E. Watts,D,Marriage,Official LIS subject,2,2,0,2,INSUFFICIENT DATA,100.0,0.0
2026,H0345,Anne Ferrell Tata,R,Marriage,Official LIS subject,2,0,2,2,INSUFFICIENT DATA,0.0,100.0
2026,H0206,Barry D. Knight,R,Marriage,Official LIS subject,2,0,0,0,INSUFFICIENT DATA,0.0,0.0
2026,H0329,Bill Wiley,R,Marriage,Official LIS subject,2,0,2,2,INSUFFICIENT DATA,0.0,100.0
2026,H0321,Chris S. Runion,R,Marriage,Official LIS subject,2,0,2,2,INSUFFICIENT DATA,0.0,100.0
2026,H0377,Delores Oates,R,Marriage,Official LIS subject,2,0,2,2,INSUFFICIENT DATA,0.0,100.0
2026,H0350,Ellen H. McLaughlin,R,Marriage,Official LIS subject,2,0,2,2,INSUFFICIENT DATA,0.0,100.0
2026,H0384,Eric Phillips,R,Marriage,Official LIS subject,4,0,4,4,INSUFFICIENT DATA,0.0,100.0
2026,H0383,Eric R. Zehr,R,Marriage,Official LIS subject,2,0,2,2,INSUFFICIENT DATA,0.0,100.0
2026,H0347,"H. Otto Wachsmann, Jr.",R,Marriage,Official LIS subject,4,0,4,4,INSUFFICIENT DATA,0.0,100.0
2026,H0369,Hillary Pugh Kent,R,Marriage,Official LIS subject,2,0,2,2,INSUFFICIENT DATA,0.0,100.0
2026,H0259,"Hyland F. ""Buddy"" Fowler, Jr.",R,Marriage,Official LIS subject,2,0,2,2,INSUFFICIENT DATA,0.0,100.0
2026,H0242,Israel D. O'Quinn,R,Marriage,Official LIS subject,4,0,4,4,INSUFFICIENT DATA,0.0,100.0
2026,H0262,"James A. ""Jay"" Leftwich",R,Marriage,Official LIS subject,4,0,4,4,INSUFFICIENT DATA,0.0,100.0
2026,H0224,James W. Morefield,R,Marriage,Official LIS subject,2,0,2,2,INSUFFICIENT DATA,0.0,100.0
2026,H0333,Jason S. Ballard,R,Marriage,Official LIS subject,2,0,2,2,INSUFFICIENT DATA,0.0,100.0
2026,H0398,Justin Pence,R,Marriage,Official LIS subject,2,0,2,2,INSUFFICIENT DATA,0.0,100.0
2026,H0394,Karen Hamilton,R,Marriage,Official LIS subject,2,0,2,2,INSUFFICIENT DATA,0.0,100.0
2026,H0238,M. Keith Hodges,R,Marriage,Official LIS subject,2,0,2,2,INSUFFICIENT DATA,0.0,100.0
2026,H0401,Madison Whittle,R,Marriage,Official LIS subject,2,0,2,2,INSUFFICIENT DATA,0.0,100.0
2026,H0247,Michael J. Webert,R,Marriage,Official LIS subject,2,0,2,2,INSUFFICIENT DATA,0.0,100.0
2026,H0335,Mike A. Cherry,R,Marriage,Official LIS subject,4,0,4,4,INSUFFICIENT DATA,0.0,100.0
2026,H0390,Mitchell Cornett,R,Marriage,Official LIS subject,2,0,2,2,INSUFFICIENT DATA,0.0,100.0
2026,H0342,Phillip A. Scott,R,Marriage,Official LIS subject,4,0,4,4,INSUFFICIENT DATA,0.0,100.0
2026,H0124,R. Lee Ware,R,Marriage,Official LIS subject,2,0,2,2,INSUFFICIENT DATA,0.0,100.0
2026,H0328,Scott A. Wyatt,R,Marriage,Official LIS subject,2,0,2,2,INSUFFICIENT DATA,0.0,100.0
2026,H0056,Terry G. Kilgore,R,Marriage,Official LIS subject,2,0,2,2,INSUFFICIENT DATA,0.0,100.0
2026,H0253,Terry L. Austin,R,Marriage,Official LIS subject,2,0,1,1,INSUFFICIENT DATA,0.0,100.0
2026,H0136,"Thomas C. Wright, Jr.",R,Marriage,Official LIS subject,2,0,2,2,INSUFFICIENT DATA,0.0,100.0
2026,H0364,Timothy P. Griffin,R,Marriage,Official LIS subject,2,0,2,2,INSUFFICIENT DATA,0.0,100.0
2026,H0231,Tony O. Wilt,R,Marriage,Official LIS subject,2,0,2,2,INSUFFICIENT DATA,0.0,100.0
2026,H0325,Wendell S. Walker,R,Marriage,Official LIS subject,2,0,2,2,INSUFFICIENT DATA,0.0,100.0
2026,H0357,Will Davis,R,Marriage,Official LIS subject,2,0,2,2,INSUFFICIENT DATA,0.0,100.0
2026,H0348,Wren M. Williams,R,Marriage,Official LIS subject,2,0,2,2,INSUFFICIENT DATA,0.0,100.0
2026,H0334,Elizabeth B. Bennett-Parker,D,Marriage and Domestic Relations,Derived from LIS bill description,9,6,0,6,INSUFFICIENT DATA,100.0,0.0
2026,H0406,Kirk McPike,D,Marriage and Domestic Relations,Derived from LIS bill description,7,7,0,7,INSUFFICIENT DATA,100.0,0.0
2026,H0206,Barry D. Knight,R,Marriage and Domestic Relations,Derived from LIS bill description,6,0,0,0,INSUFFICIENT DATA,0.0,0.0
2026,H0362,"Thomas A. Garrett, Jr.",R,Marriage and Domestic Relations,Derived from LIS bill description,16,9,5,14,MIXED,64.28571428571429,35.714285714285715
2026,H0321,Chris S. Runion,R,Marriage and Domestic Relations,Derived from LIS bill description,16,10,6,16,MIXED,62.5,37.5
2026,H0335,Mike A. Cherry,R,Marriage and Domestic Relations,Derived from LIS bill description,16,10,6,16,MIXED,62.5,37.5
2026,H0325,Wendell S. Walker,R,Marriage and Domestic Relations,Derived from LIS bill description,16,10,6,16,MIXED,62.5,37.5
2026,H0329,Bill Wiley,R,Marriage and Domestic Relations,Derived from LIS bill description,14,8,6,14,MIXED,57.14285714285714,42.857142857142854
2026,H0377,Delores Oates,R,Marriage and Domestic Relations,Derived from LIS bill description,14,8,6,14,MIXED,57.14285714285714,42.857142857142854
2026,H0247,Michael J. Webert,R,Marriage and Domestic Relations,Derived from LIS bill description,14,8,6,14,MIXED,57.14285714285714,42.857142857142854
2026,H0231,Tony O. Wilt,R,Marriage and Domestic Relations,Derived from LIS bill description,14,8,6,14,MIXED,57.14285714285714,42.857142857142854
2026,H0347,"H. Otto Wachsmann, Jr.",R,Marriage and Domestic Relations,Derived from LIS bill description,16,9,7,16,MIXED,56.25,43.75
2026,H0364,Timothy P. Griffin,R,Marriage and Domestic Relations,Derived from LIS bill description,14,7,6,13,MIXED,53.84615384615385,46.15384615384615
2026,H0262,"James A. ""Jay"" Leftwich",R,Marriage and Domestic Relations,Derived from LIS bill description,30,16,14,30,MIXED,53.333333333333336,46.666666666666664
2026,H0384,Eric Phillips,R,Marriage and Domestic Relations,Derived from LIS bill description,16,8,8,16,MIXED,50.0,50.0
2026,H0383,Eric R. Zehr,R,Marriage and Domestic Relations,Derived from LIS bill description,14,7,7,14,MIXED,50.0,50.0
2026,H0369,Hillary Pugh Kent,R,Marriage and Domestic Relations,Derived from LIS bill description,14,7,7,14,MIXED,50.0,50.0
2026,H0242,Israel D. O'Quinn,R,Marriage and Domestic Relations,Derived from LIS bill description,16,8,8,16,MIXED,50.0,50.0
2026,H0394,Karen Hamilton,R,Marriage and Domestic Relations,Derived from LIS bill description,14,7,7,14,MIXED,50.0,50.0
2026,H0390,Mitchell Cornett,R,Marriage and Domestic Relations,Derived from LIS bill description,14,7,7,14,MIXED,50.0,50.0
2026,H0328,Scott A. Wyatt,R,Marriage and Domestic Relations,Derived from LIS bill description,14,7,7,14,MIXED,50.0,50.0
2026,H0136,"Thomas C. Wright, Jr.",R,Marriage and Domestic Relations,Derived from LIS bill description,14,7,7,14,MIXED,50.0,50.0
2026,H0342,Phillip A. Scott,R,Marriage and Domestic Relations,Derived from LIS bill description,16,7,9,16,MIXED,43.75,56.25
2026,H0375,Adele Y. McClure,D,Marriage and Domestic Relations,Derived from LIS bill description,14,14,0,14,YES,100.0,0.0
2026,H0311,Alex Q. Askew,D,Marriage and Domestic Relations,Derived from LIS bill description,14,14,0,14,YES,100.0,0.0
2026,H0239,Alfonso H. Lopez,D,Marriage and Domestic Relations,Derived from LIS bill description,14,14,0,14,YES,100.0,0.0
2026,H0371,Amy J. Laufer,D,Marriage and Domestic Relations,Derived from LIS bill description,14,14,0,14,YES,100.0,0.0
2026,H0380,Atoosa R. Reaser,D,Marriage and Domestic Relations,Derived from LIS bill description,28,25,0,25,YES,100.0,0.0
2026,H0212,Betsy B. Carr,D,Marriage and Domestic Relations,Derived from LIS bill description,14,14,0,14,YES,100.0,0.0
2026,H0353,Bonita G. Anthony,D,Marriage and Domestic Relations,Derived from LIS bill description,19,19,0,19,YES,100.0,0.0
2026,H0343,Briana D. Sewell,D,Marriage and Domestic Relations,Derived from LIS bill description,14,14,0,14,YES,100.0,0.0
2026,H0285,"C.E. Cliff Hayes, Jr.",D,Marriage and Domestic Relations,Derived from LIS bill description,14,14,0,14,YES,100.0,0.0
2026,H0402,Charlie Schmidt,D,Marriage and Domestic Relations,Derived from LIS bill description,23,20,0,20,YES,100.0,0.0
2026,H0208,Charniele L. Herring,D,Marriage and Domestic Relations,Derived from LIS bill description,14,14,0,14,YES,100.0,0.0
2026,H0317,Dan I. Helmer,D,Marriage and Domestic Relations,Derived from LIS bill description,14,14,0,14,YES,100.0,0.0
2026,H0301,David A. Reid,D,Marriage and Domestic Relations,Derived from LIS bill description,16,16,0,16,YES,100.0,0.0
2026,H0361,Debra D. Gardner,D,Marriage and Domestic Relations,Derived from LIS bill description,17,17,0,17,YES,100.0,0.0
2026,H0207,Delores L. McQuinn,D,Marriage and Domestic Relations,Derived from LIS bill description,14,14,0,14,YES,100.0,0.0
2026,H0372,Destiny LeVere Bolling,D,Marriage and Domestic Relations,Derived from LIS bill description,16,16,0,16,YES,100.0,0.0
2026,H0322,Don Scott,D,Marriage and Domestic Relations,Derived from LIS bill description,14,14,0,14,YES,100.0,0.0
2026,H0297,Elizabeth R. Guzman,D,Marriage and Domestic Relations,Derived from LIS bill description,14,14,0,14,YES,100.0,0.0
2026,H0405,Garrett McGuire,D,Marriage and Domestic Relations,Derived from LIS bill description,14,14,0,14,YES,100.0,0.0
2026,H0403,Gretchen M. Bulova,D,Marriage and Domestic Relations,Derived from LIS bill description,19,19,0,19,YES,100.0,0.0
2026,H0351,Holly M. Seibold,D,Marriage and Domestic Relations,Derived from LIS bill description,14,14,0,14,YES,100.0,0.0
2026,H0344,Irene Shin,D,Marriage and Domestic Relations,Derived from LIS bill description,14,14,0,14,YES,100.0,0.0
2026,H0385,JJ Singh,D,Marriage and Domestic Relations,Derived from LIS bill description,16,16,0,16,YES,100.0,0.0
2026,H0349,Jackie H. Glass,D,Marriage and Domestic Relations,Derived from LIS bill description,16,16,0,16,YES,100.0,0.0
2026,H0173,Jeion A. Ward,D,Marriage and Domestic Relations,Derived from LIS bill description,14,14,0,14,YES,100.0,0.0
2026,H0386,Jessica L. Anderson,D,Marriage and Domestic Relations,Derived from LIS bill description,14,13,0,13,YES,100.0,0.0
2026,H0395,John Chilton McAuliff,D,Marriage and Domestic Relations,Derived from LIS bill description,16,15,0,15,YES,100.0,0.0
2026,H0382,Joshua E. Thomas,D,Marriage and Domestic Relations,Derived from LIS bill description,14,14,0,14,YES,100.0,0.0
2026,H0314,Joshua G. Cole,D,Marriage and Domestic Relations,Derived from LIS bill description,16,16,0,16,YES,100.0,0.0
2026,H0370,Karen Keys-Gamarra,D,Marriage and Domestic Relations,Derived from LIS bill description,30,29,0,29,YES,100.0,0.0
2026,H0387,"Karen R. ""Kacey"" Carnegie",D,Marriage and Domestic Relations,Derived from LIS bill description,30,30,0,30,YES,100.0,0.0
2026,H0294,Karrie K. Delaney,D,Marriage and Domestic Relations,Derived from LIS bill description,23,23,0,23,YES,100.0,0.0
2026,H0305,Kathy K.L. Tran,D,Marriage and Domestic Relations,Derived from LIS bill description,14,14,0,14,YES,100.0,0.0
2026,H0354,Katrina Callsen,D,Marriage and Domestic Relations,Derived from LIS bill description,28,27,0,27,YES,100.0,0.0
2026,H0295,Kelly K. Convirs-Fowler,D,Marriage and Domestic Relations,Derived from LIS bill description,16,15,0,15,YES,100.0,0.0
2026,H0399,Kimberly Pope Adams,D,Marriage and Domestic Relations,Derived from LIS bill description,17,17,0,17,YES,100.0,0.0
2026,H0396,Leslie Chambers Mehta,D,Marriage and Domestic Relations,Derived from LIS bill description,23,23,0,23,YES,100.0,0.0
2026,H0393,Lily V. Franklin,D,Marriage and Domestic Relations,Derived from LIS bill description,14,14,0,14,YES,100.0,0.0
2026,H0391,Lindsey Dougherty,D,Marriage and Domestic Relations,Derived from LIS bill description,16,16,0,16,YES,100.0,0.0
2026,H0227,Luke E. Torian,D,Marriage and Domestic Relations,Derived from LIS bill description,14,11,0,11,YES,100.0,0.0
2026,H0284,"Marcia S. ""Cia"" Price",D,Marriage and Domestic Relations,Derived from LIS bill description,16,16,0,16,YES,100.0,0.0
2026,H0404,Margaret A. Franklin,D,Marriage and Domestic Relations,Derived from LIS bill description,16,16,0,16,YES,100.0,0.0
2026,H0392,Mark C. Downey,D,Marriage and Domestic Relations,Derived from LIS bill description,14,14,0,14,YES,100.0,0.0
2026,H0374,Marty Martinez,D,Marriage and Domestic Relations,Derived from LIS bill description,14,14,0,14,YES,100.0,0.0
2026,H0397,May Nivar,D,Marriage and Domestic Relations,Derived from LIS bill description,14,14,0,14,YES,100.0,0.0
2026,H0360,Michael B. Feggans,D,Marriage and Domestic Relations,Derived from LIS bill description,14,14,0,14,YES,100.0,0.0
2026,H0340,Michelle Lopes Maldonado,D,Marriage and Domestic Relations,Derived from LIS bill description,31,31,0,31,YES,100.0,0.0
2026,H0336,Nadarius E. Clark,D,Marriage and Domestic Relations,Derived from LIS bill description,14,10,0,10,YES,100.0,0.0
2026,H0389,Nicole Cole,D,Marriage and Domestic Relations,Derived from LIS bill description,16,16,0,16,YES,100.0,0.0
2026,H0219,Patrick A. Hope,D,Marriage and Domestic Relations,Derived from LIS bill description,25,25,0,25,YES,100.0,0.0
2026,H0281,Paul E. Krizek,D,Marriage and Domestic Relations,Derived from LIS bill description,16,16,0,16,YES,100.0,0.0
2026,H0366,Phil M. Hernandez,D,Marriage and Domestic Relations,Derived from LIS bill description,26,26,0,26,YES,100.0,0.0
2026,H0356,Rae Cousins,D,Marriage and Domestic Relations,Derived from LIS bill description,23,23,0,23,YES,100.0,0.0
2026,H0269,"Richard C. ""Rip"" Sullivan, Jr.",D,Marriage and Domestic Relations,Derived from LIS bill description,30,29,0,29,YES,100.0,0.0
2026,H0327,Rodney T. Willett,D,Marriage and Domestic Relations,Derived from LIS bill description,14,14,0,14,YES,100.0,0.0
2026,H0365,"Rozia A. Henson, Jr.",D,Marriage and Domestic Relations,Derived from LIS bill description,16,16,0,16,YES,100.0,0.0
2026,H0266,Sam Rasoul,D,Marriage and Domestic Relations,Derived from LIS bill description,14,14,0,14,YES,100.0,0.0
2026,H0323,Shelly A. Simonds,D,Marriage and Domestic Relations,Derived from LIS bill description,14,14,0,14,YES,100.0,0.0
2026,H0388,Stacey Annie Carroll,D,Marriage and Domestic Relations,Derived from LIS bill description,18,14,0,14,YES,100.0,0.0
2026,H0400,Virgil Thornton,D,Marriage and Domestic Relations,Derived from LIS bill description,28,26,0,26,YES,100.0,0.0
2026,H0108,Vivian E. Watts,D,Marriage and Domestic Relations,Derived from LIS bill description,25,25,0,25,YES,100.0,0.0
2026,H0264,Marcus B. Simon,D,Marriage and Domestic Relations,Derived from LIS bill description,28,27,1,28,YES,96.42857142857143,3.571428571428571
2026,H0355,Laura Jane Cohen,D,Marriage and Domestic Relations,Derived from LIS bill description,14,13,1,14,YES,92.85714285714286,7.142857142857142
2026,H0308,Joseph P. McNamara,R,Marriage and Domestic Relations,Derived from LIS bill description,17,15,2,17,YES,88.23529411764706,11.76470588235294
2026,H0267,"Robert S. Bloxom, Jr.",R,Marriage and Domestic Relations,Derived from LIS bill description,16,14,2,16,YES,87.5,12.5
2026,H0401,Madison Whittle,R,Marriage and Domestic Relations,Derived from LIS bill description,23,19,4,23,YES,82.6086956521739,17.391304347826086
2026,H0398,Justin Pence,R,Marriage and Domestic Relations,Derived from LIS bill description,22,17,5,22,YES,77.27272727272727,22.727272727272727
2026,H0348,Wren M. Williams,R,Marriage and Domestic Relations,Derived from LIS bill description,23,17,5,22,YES,77.27272727272727,22.727272727272727
2026,H0333,Jason S. Ballard,R,Marriage and Domestic Relations,Derived from LIS bill description,28,19,7,26,YES,73.07692307692307,26.923076923076923
2026,H0056,Terry G. Kilgore,R,Marriage and Domestic Relations,Derived from LIS bill description,28,19,7,26,YES,73.07692307692307,26.923076923076923
2026,H0357,Will Davis,R,Marriage and Domestic Relations,Derived from LIS bill description,26,19,7,26,YES,73.07692307692307,26.923076923076923
2026,H0345,Anne Ferrell Tata,R,Marriage and Domestic Relations,Derived from LIS bill description,14,10,4,14,YES,71.42857142857143,28.57142857142857
2026,H0224,James W. Morefield,R,Marriage and Domestic Relations,Derived from LIS bill description,14,10,4,14,YES,71.42857142857143,28.57142857142857
2026,H0238,M. Keith Hodges,R,Marriage and Domestic Relations,Derived from LIS bill description,14,10,4,14,YES,71.42857142857143,28.57142857142857
2026,H0253,Terry L. Austin,R,Marriage and Domestic Relations,Derived from LIS bill description,14,10,4,14,YES,71.42857142857143,28.57142857142857
2026,H0259,"Hyland F. ""Buddy"" Fowler, Jr.",R,Marriage and Domestic Relations,Derived from LIS bill description,17,11,5,16,YES,68.75,31.25
2026,H0124,R. Lee Ware,R,Marriage and Domestic Relations,Derived from LIS bill description,16,11,5,16,YES,68.75,31.25
2026,H0350,Ellen H. McLaughlin,R,Marriage and Domestic Relations,Derived from LIS bill description,14,8,4,12,YES,66.66666666666666,33.33333333333333
2026,H0375,Adele Y. McClure,D,Motor Vehicles,Official LIS subject,2,2,0,2,INSUFFICIENT DATA,100.0,0.0
2026,H0311,Alex Q. Askew,D,Motor Vehicles,Official LIS subject,1,1,0,1,INSUFFICIENT DATA,100.0,0.0
2026,H0239,Alfonso H. Lopez,D,Motor Vehicles,Official LIS subject,1,1,0,1,INSUFFICIENT DATA,100.0,0.0
2026,H0371,Amy J. Laufer,D,Motor Vehicles,Official LIS subject,1,1,0,1,INSUFFICIENT DATA,100.0,0.0
2026,H0345,Anne Ferrell Tata,R,Motor Vehicles,Official LIS subject,1,1,0,1,INSUFFICIENT DATA,100.0,0.0
2026,H0380,Atoosa R. Reaser,D,Motor Vehicles,Official LIS subject,1,1,0,1,INSUFFICIENT DATA,100.0,0.0
2026,H0212,Betsy B. Carr,D,Motor Vehicles,Official LIS subject,2,2,0,2,INSUFFICIENT DATA,100.0,0.0
2026,H0329,Bill Wiley,R,Motor Vehicles,Official LIS subject,2,2,0,2,INSUFFICIENT DATA,100.0,0.0
2026,H0353,Bonita G. Anthony,D,Motor Vehicles,Official LIS subject,2,2,0,2,INSUFFICIENT DATA,100.0,0.0
2026,H0343,Briana D. Sewell,D,Motor Vehicles,Official LIS subject,2,2,0,2,INSUFFICIENT DATA,100.0,0.0
2026,H0285,"C.E. Cliff Hayes, Jr.",D,Motor Vehicles,Official LIS subject,1,1,0,1,INSUFFICIENT DATA,100.0,0.0
2026,H0402,Charlie Schmidt,D,Motor Vehicles,Official LIS subject,1,1,0,1,INSUFFICIENT DATA,100.0,0.0
2026,H0208,Charniele L. Herring,D,Motor Vehicles,Official LIS subject,1,1,0,1,INSUFFICIENT DATA,100.0,0.0
2026,H0321,Chris S. Runion,R,Motor Vehicles,Official LIS subject,1,1,0,1,INSUFFICIENT DATA,100.0,0.0
2026,H0317,Dan I. Helmer,D,Motor Vehicles,Official LIS subject,1,1,0,1,INSUFFICIENT DATA,100.0,0.0
2026,H0301,David A. Reid,D,Motor Vehicles,Official LIS subject,2,2,0,2,INSUFFICIENT DATA,100.0,0.0
2026,H0361,Debra D. Gardner,D,Motor Vehicles,Official LIS subject,1,1,0,1,INSUFFICIENT DATA,100.0,0.0
2026,H0207,Delores L. McQuinn,D,Motor Vehicles,Official LIS subject,2,2,0,2,INSUFFICIENT DATA,100.0,0.0
2026,H0377,Delores Oates,R,Motor Vehicles,Official LIS subject,1,1,0,1,INSUFFICIENT DATA,100.0,0.0
2026,H0372,Destiny LeVere Bolling,D,Motor Vehicles,Official LIS subject,1,1,0,1,INSUFFICIENT DATA,100.0,0.0
2026,H0322,Don Scott,D,Motor Vehicles,Official LIS subject,1,1,0,1,INSUFFICIENT DATA,100.0,0.0
2026,H0297,Elizabeth R. Guzman,D,Motor Vehicles,Official LIS subject,2,1,0,1,INSUFFICIENT DATA,100.0,0.0
2026,H0350,Ellen H. McLaughlin,R,Motor Vehicles,Official LIS subject,1,1,0,1,INSUFFICIENT DATA,100.0,0.0
2026,H0384,Eric Phillips,R,Motor Vehicles,Official LIS subject,2,2,0,2,INSUFFICIENT DATA,100.0,0.0
2026,H0383,Eric R. Zehr,R,Motor Vehicles,Official LIS subject,1,1,0,1,INSUFFICIENT DATA,100.0,0.0
2026,H0405,Garrett McGuire,D,Motor Vehicles,Official LIS subject,1,1,0,1,INSUFFICIENT DATA,100.0,0.0
2026,H0403,Gretchen M. Bulova,D,Motor Vehicles,Official LIS subject,1,1,0,1,INSUFFICIENT DATA,100.0,0.0
2026,H0347,"H. Otto Wachsmann, Jr.",R,Motor Vehicles,Official LIS subject,1,1,0,1,INSUFFICIENT DATA,100.0,0.0
2026,H0369,Hillary Pugh Kent,R,Motor Vehicles,Official LIS subject,1,1,0,1,INSUFFICIENT DATA,100.0,0.0
2026,H0351,Holly M. Seibold,D,Motor Vehicles,Official LIS subject,1,1,0,1,INSUFFICIENT DATA,100.0,0.0
2026,H0259,"Hyland F. ""Buddy"" Fowler, Jr.",R,Motor Vehicles,Official LIS subject,1,1,0,1,INSUFFICIENT DATA,100.0,0.0
2026,H0344,Irene Shin,D,Motor Vehicles,Official LIS subject,1,1,0,1,INSUFFICIENT DATA,100.0,0.0
2026,H0242,Israel D. O'Quinn,R,Motor Vehicles,Official LIS subject,2,2,0,2,INSUFFICIENT DATA,100.0,0.0
2026,H0385,JJ Singh,D,Motor Vehicles,Official LIS subject,1,1,0,1,INSUFFICIENT DATA,100.0,0.0
2026,H0349,Jackie H. Glass,D,Motor Vehicles,Official LIS subject,2,2,0,2,INSUFFICIENT DATA,100.0,0.0
2026,H0262,"James A. ""Jay"" Leftwich",R,Motor Vehicles,Official LIS subject,1,1,0,1,INSUFFICIENT DATA,100.0,0.0
2026,H0224,James W. Morefield,R,Motor Vehicles,Official LIS subject,1,1,0,1,INSUFFICIENT DATA,100.0,0.0
2026,H0333,Jason S. Ballard,R,Motor Vehicles,Official LIS subject,2,2,0,2,INSUFFICIENT DATA,100.0,0.0
2026,H0173,Jeion A. Ward,D,Motor Vehicles,Official LIS subject,2,2,0,2,INSUFFICIENT DATA,100.0,0.0
2026,H0386,Jessica L. Anderson,D,Motor Vehicles,Official LIS subject,1,1,0,1,INSUFFICIENT DATA,100.0,0.0
2026,H0395,John Chilton McAuliff,D,Motor Vehicles,Official LIS subject,1,1,0,1,INSUFFICIENT DATA,100.0,0.0
2026,H0308,Joseph P. McNamara,R,Motor Vehicles,Official LIS subject,1,1,0,1,INSUFFICIENT DATA,100.0,0.0
2026,H0382,Joshua E. Thomas,D,Motor Vehicles,Official LIS subject,2,2,0,2,INSUFFICIENT DATA,100.0,0.0
2026,H0314,Joshua G. Cole,D,Motor Vehicles,Official LIS subject,1,1,0,1,INSUFFICIENT DATA,100.0,0.0
2026,H0398,Justin Pence,R,Motor Vehicles,Official LIS subject,1,1,0,1,INSUFFICIENT DATA,100.0,0.0
2026,H0394,Karen Hamilton,R,Motor Vehicles,Official LIS subject,1,1,0,1,INSUFFICIENT DATA,100.0,0.0
2026,H0370,Karen Keys-Gamarra,D,Motor Vehicles,Official LIS subject,1,1,0,1,INSUFFICIENT DATA,100.0,0.0
2026,H0387,"Karen R. ""Kacey"" Carnegie",D,Motor Vehicles,Official LIS subject,1,1,0,1,INSUFFICIENT DATA,100.0,0.0
2026,H0294,Karrie K. Delaney,D,Motor Vehicles,Official LIS subject,2,2,0,2,INSUFFICIENT DATA,100.0,0.0
2026,H0305,Kathy K.L. Tran,D,Motor Vehicles,Official LIS subject,1,1,0,1,INSUFFICIENT DATA,100.0,0.0
2026,H0354,Katrina Callsen,D,Motor Vehicles,Official LIS subject,1,1,0,1,INSUFFICIENT DATA,100.0,0.0
2026,H0399,Kimberly Pope Adams,D,Motor Vehicles,Official LIS subject,2,2,0,2,INSUFFICIENT DATA,100.0,0.0
2026,H0406,Kirk McPike,D,Motor Vehicles,Official LIS subject,1,1,0,1,INSUFFICIENT DATA,100.0,0.0
2026,H0355,Laura Jane Cohen,D,Motor Vehicles,Official LIS subject,1,1,0,1,INSUFFICIENT DATA,100.0,0.0
2026,H0396,Leslie Chambers Mehta,D,Motor Vehicles,Official LIS subject,2,2,0,2,INSUFFICIENT DATA,100.0,0.0
2026,H0393,Lily V. Franklin,D,Motor Vehicles,Official LIS subject,1,1,0,1,INSUFFICIENT DATA,100.0,0.0
2026,H0391,Lindsey Dougherty,D,Motor Vehicles,Official LIS subject,1,1,0,1,INSUFFICIENT DATA,100.0,0.0
2026,H0227,Luke E. Torian,D,Motor Vehicles,Official LIS subject,1,1,0,1,INSUFFICIENT DATA,100.0,0.0
2026,H0238,M. Keith Hodges,R,Motor Vehicles,Official LIS subject,1,1,0,1,INSUFFICIENT DATA,100.0,0.0
2026,H0401,Madison Whittle,R,Motor Vehicles,Official LIS subject,1,1,0,1,INSUFFICIENT DATA,100.0,0.0
2026,H0284,"Marcia S. ""Cia"" Price",D,Motor Vehicles,Official LIS subject,1,1,0,1,INSUFFICIENT DATA,100.0,0.0
2026,H0264,Marcus B. Simon,D,Motor Vehicles,Official LIS subject,1,1,0,1,INSUFFICIENT DATA,100.0,0.0
2026,H0404,Margaret A. Franklin,D,Motor Vehicles,Official LIS subject,1,1,0,1,INSUFFICIENT DATA,100.0,0.0
2026,H0392,Mark C. Downey,D,Motor Vehicles,Official LIS subject,1,1,0,1,INSUFFICIENT DATA,100.0,0.0
2026,H0374,Marty Martinez,D,Motor Vehicles,Official LIS subject,1,1,0,1,INSUFFICIENT DATA,100.0,0.0
2026,H0397,May Nivar,D,Motor Vehicles,Official LIS subject,1,1,0,1,INSUFFICIENT DATA,100.0,0.0
2026,H0360,Michael B. Feggans,D,Motor Vehicles,Official LIS subject,2,2,0,2,INSUFFICIENT DATA,100.0,0.0
2026,H0247,Michael J. Webert,R,Motor Vehicles,Official LIS subject,1,1,0,1,INSUFFICIENT DATA,100.0,0.0
2026,H0340,Michelle Lopes Maldonado,D,Motor Vehicles,Official LIS subject,1,1,0,1,INSUFFICIENT DATA,100.0,0.0
2026,H0335,Mike A. Cherry,R,Motor Vehicles,Official LIS subject,1,1,0,1,INSUFFICIENT DATA,100.0,0.0
2026,H0390,Mitchell Cornett,R,Motor Vehicles,Official LIS subject,1,1,0,1,INSUFFICIENT DATA,100.0,0.0
2026,H0336,Nadarius E. Clark,D,Motor Vehicles,Official LIS subject,1,1,0,1,INSUFFICIENT DATA,100.0,0.0
2026,H0389,Nicole Cole,D,Motor Vehicles,Official LIS subject,1,1,0,1,INSUFFICIENT DATA,100.0,0.0
2026,H0219,Patrick A. Hope,D,Motor Vehicles,Official LIS subject,1,1,0,1,INSUFFICIENT DATA,100.0,0.0
2026,H0281,Paul E. Krizek,D,Motor Vehicles,Official LIS subject,1,1,0,1,INSUFFICIENT DATA,100.0,0.0
2026,H0366,Phil M. Hernandez,D,Motor Vehicles,Official LIS subject,1,1,0,1,INSUFFICIENT DATA,100.0,0.0
2026,H0342,Phillip A. Scott,R,Motor Vehicles,Official LIS subject,1,1,0,1,INSUFFICIENT DATA,100.0,0.0
2026,H0124,R. Lee Ware,R,Motor Vehicles,Official LIS subject,1,1,0,1,INSUFFICIENT DATA,100.0,0.0
2026,H0356,Rae Cousins,D,Motor Vehicles,Official LIS subject,1,1,0,1,INSUFFICIENT DATA,100.0,0.0
2026,H0269,"Richard C. ""Rip"" Sullivan, Jr.",D,Motor Vehicles,Official LIS subject,1,1,0,1,INSUFFICIENT DATA,100.0,0.0
2026,H0267,"Robert S. Bloxom, Jr.",R,Motor Vehicles,Official LIS subject,1,1,0,1,INSUFFICIENT DATA,100.0,0.0
2026,H0327,Rodney T. Willett,D,Motor Vehicles,Official LIS subject,1,1,0,1,INSUFFICIENT DATA,100.0,0.0
2026,H0365,"Rozia A. Henson, Jr.",D,Motor Vehicles,Official LIS subject,1,1,0,1,INSUFFICIENT DATA,100.0,0.0
2026,H0266,Sam Rasoul,D,Motor Vehicles,Official LIS subject,1,1,0,1,INSUFFICIENT DATA,100.0,0.0
2026,H0328,Scott A. Wyatt,R,Motor Vehicles,Official LIS subject,2,2,0,2,INSUFFICIENT DATA,100.0,0.0
2026,H0323,Shelly A. Simonds,D,Motor Vehicles,Official LIS subject,1,1,0,1,INSUFFICIENT DATA,100.0,0.0
2026,H0388,Stacey Annie Carroll,D,Motor Vehicles,Official LIS subject,1,1,0,1,INSUFFICIENT DATA,100.0,0.0
2026,H0056,Terry G. Kilgore,R,Motor Vehicles,Official LIS subject,1,1,0,1,INSUFFICIENT DATA,100.0,0.0
2026,H0253,Terry L. Austin,R,Motor Vehicles,Official LIS subject,2,2,0,2,INSUFFICIENT DATA,100.0,0.0
2026,H0136,"Thomas C. Wright, Jr.",R,Motor Vehicles,Official LIS subject,1,1,0,1,INSUFFICIENT DATA,100.0,0.0
2026,H0364,Timothy P. Griffin,R,Motor Vehicles,Official LIS subject,1,1,0,1,INSUFFICIENT DATA,100.0,0.0
2026,H0231,Tony O. Wilt,R,Motor Vehicles,Official LIS subject,1,1,0,1,INSUFFICIENT DATA,100.0,0.0
2026,H0400,Virgil Thornton,D,Motor Vehicles,Official LIS subject,1,1,0,1,INSUFFICIENT DATA,100.0,0.0
2026,H0108,Vivian E. Watts,D,Motor Vehicles,Official LIS subject,2,2,0,2,INSUFFICIENT DATA,100.0,0.0
2026,H0325,Wendell S. Walker,R,Motor Vehicles,Official LIS subject,1,1,0,1,INSUFFICIENT DATA,100.0,0.0
2026,H0357,Will Davis,R,Motor Vehicles,Official LIS subject,1,1,0,1,INSUFFICIENT DATA,100.0,0.0
2026,H0348,Wren M. Williams,R,Motor Vehicles,Official LIS subject,1,1,0,1,INSUFFICIENT DATA,100.0,0.0
2026,H0295,Kelly K. Convirs-Fowler,D,Motor Vehicles,Official LIS subject,1,0,0,0,INSUFFICIENT DATA,0.0,0.0
2026,H0362,"Thomas A. Garrett, Jr.",R,Motor Vehicles,Official LIS subject,1,0,0,0,INSUFFICIENT DATA,0.0,0.0
2026,H0375,Adele Y. McClure,D,Professional and Occupational Regulation,Official LIS subject,1,1,0,1,INSUFFICIENT DATA,100.0,0.0
2026,H0311,Alex Q. Askew,D,Professional and Occupational Regulation,Official LIS subject,1,1,0,1,INSUFFICIENT DATA,100.0,0.0
2026,H0239,Alfonso H. Lopez,D,Professional and Occupational Regulation,Official LIS subject,1,1,0,1,INSUFFICIENT DATA,100.0,0.0
2026,H0371,Amy J. Laufer,D,Professional and Occupational Regulation,Official LIS subject,1,1,0,1,INSUFFICIENT DATA,100.0,0.0
2026,H0380,Atoosa R. Reaser,D,Professional and Occupational Regulation,Official LIS subject,1,1,0,1,INSUFFICIENT DATA,100.0,0.0
2026,H0212,Betsy B. Carr,D,Professional and Occupational Regulation,Official LIS subject,1,1,0,1,INSUFFICIENT DATA,100.0,0.0
2026,H0353,Bonita G. Anthony,D,Professional and Occupational Regulation,Official LIS subject,1,1,0,1,INSUFFICIENT DATA,100.0,0.0
2026,H0343,Briana D. Sewell,D,Professional and Occupational Regulation,Official LIS subject,1,1,0,1,INSUFFICIENT DATA,100.0,0.0
2026,H0285,"C.E. Cliff Hayes, Jr.",D,Professional and Occupational Regulation,Official LIS subject,2,2,0,2,INSUFFICIENT DATA,100.0,0.0
2026,H0402,Charlie Schmidt,D,Professional and Occupational Regulation,Official LIS subject,1,1,0,1,INSUFFICIENT DATA,100.0,0.0
2026,H0208,Charniele L. Herring,D,Professional and Occupational Regulation,Official LIS subject,2,2,0,2,INSUFFICIENT DATA,100.0,0.0
2026,H0317,Dan I. Helmer,D,Professional and Occupational Regulation,Official LIS subject,1,1,0,1,INSUFFICIENT DATA,100.0,0.0
2026,H0301,David A. Reid,D,Professional and Occupational Regulation,Official LIS subject,1,1,0,1,INSUFFICIENT DATA,100.0,0.0
2026,H0361,Debra D. Gardner,D,Professional and Occupational Regulation,Official LIS subject,2,1,0,1,INSUFFICIENT DATA,100.0,0.0
2026,H0207,Delores L. McQuinn,D,Professional and Occupational Regulation,Official LIS subject,1,1,0,1,INSUFFICIENT DATA,100.0,0.0
2026,H0372,Destiny LeVere Bolling,D,Professional and Occupational Regulation,Official LIS subject,1,1,0,1,INSUFFICIENT DATA,100.0,0.0
2026,H0322,Don Scott,D,Professional and Occupational Regulation,Official LIS subject,1,1,0,1,INSUFFICIENT DATA,100.0,0.0
2026,H0297,Elizabeth R. Guzman,D,Professional and Occupational Regulation,Official LIS subject,1,1,0,1,INSUFFICIENT DATA,100.0,0.0
2026,H0405,Garrett McGuire,D,Professional and Occupational Regulation,Official LIS subject,2,2,0,2,INSUFFICIENT DATA,100.0,0.0
2026,H0403,Gretchen M. Bulova,D,Professional and Occupational Regulation,Official LIS subject,1,1,0,1,INSUFFICIENT DATA,100.0,0.0
2026,H0351,Holly M. Seibold,D,Professional and Occupational Regulation,Official LIS subject,1,1,0,1,INSUFFICIENT DATA,100.0,0.0
2026,H0344,Irene Shin,D,Professional and Occupational Regulation,Official LIS subject,2,2,0,2,INSUFFICIENT DATA,100.0,0.0
2026,H0385,JJ Singh,D,Professional and Occupational Regulation,Official LIS subject,1,1,0,1,INSUFFICIENT DATA,100.0,0.0
2026,H0349,Jackie H. Glass,D,Professional and Occupational Regulation,Official LIS subject,1,1,0,1,INSUFFICIENT DATA,100.0,0.0
2026,H0386,Jessica L. Anderson,D,Professional and Occupational Regulation,Official LIS subject,1,1,0,1,INSUFFICIENT DATA,100.0,0.0
2026,H0395,John Chilton McAuliff,D,Professional and Occupational Regulation,Official LIS subject,1,1,0,1,INSUFFICIENT DATA,100.0,0.0
2026,H0382,Joshua E. Thomas,D,Professional and Occupational Regulation,Official LIS subject,1,1,0,1,INSUFFICIENT DATA,100.0,0.0
2026,H0314,Joshua G. Cole,D,Professional and Occupational Regulation,Official LIS subject,2,2,0,2,INSUFFICIENT DATA,100.0,0.0
2026,H0370,Karen Keys-Gamarra,D,Professional and Occupational Regulation,Official LIS subject,1,1,0,1,INSUFFICIENT DATA,100.0,0.0
2026,H0387,"Karen R. ""Kacey"" Carnegie",D,Professional and Occupational Regulation,Official LIS subject,1,1,0,1,INSUFFICIENT DATA,100.0,0.0
2026,H0294,Karrie K. Delaney,D,Professional and Occupational Regulation,Official LIS subject,1,1,0,1,INSUFFICIENT DATA,100.0,0.0
2026,H0305,Kathy K.L. Tran,D,Professional and Occupational Regulation,Official LIS subject,2,2,0,2,INSUFFICIENT DATA,100.0,0.0
2026,H0354,Katrina Callsen,D,Professional and Occupational Regulation,Official LIS subject,1,1,0,1,INSUFFICIENT DATA,100.0,0.0
2026,H0295,Kelly K. Convirs-Fowler,D,Professional and Occupational Regulation,Official LIS subject,1,1,0,1,INSUFFICIENT DATA,100.0,0.0
2026,H0399,Kimberly Pope Adams,D,Professional and Occupational Regulation,Official LIS subject,1,1,0,1,INSUFFICIENT DATA,100.0,0.0
2026,H0406,Kirk McPike,D,Professional and Occupational Regulation,Official LIS subject,1,1,0,1,INSUFFICIENT DATA,100.0,0.0
2026,H0355,Laura Jane Cohen,D,Professional and Occupational Regulation,Official LIS subject,2,2,0,2,INSUFFICIENT DATA,100.0,0.0
2026,H0396,Leslie Chambers Mehta,D,Professional and Occupational Regulation,Official LIS subject,1,1,0,1,INSUFFICIENT DATA,100.0,0.0
2026,H0393,Lily V. Franklin,D,Professional and Occupational Regulation,Official LIS subject,1,1,0,1,INSUFFICIENT DATA,100.0,0.0
2026,H0391,Lindsey Dougherty,D,Professional and Occupational Regulation,Official LIS subject,1,1,0,1,INSUFFICIENT DATA,100.0,0.0
2026,H0227,Luke E. Torian,D,Professional and Occupational Regulation,Official LIS subject,1,1,0,1,INSUFFICIENT DATA,100.0,0.0
2026,H0284,"Marcia S. ""Cia"" Price",D,Professional and Occupational Regulation,Official LIS subject,2,2,0,2,INSUFFICIENT DATA,100.0,0.0
2026,H0264,Marcus B. Simon,D,Professional and Occupational Regulation,Official LIS subject,1,1,0,1,INSUFFICIENT DATA,100.0,0.0
2026,H0404,Margaret A. Franklin,D,Professional and Occupational Regulation,Official LIS subject,1,1,0,1,INSUFFICIENT DATA,100.0,0.0
2026,H0392,Mark C. Downey,D,Professional and Occupational Regulation,Official LIS subject,2,2,0,2,INSUFFICIENT DATA,100.0,0.0
2026,H0374,Marty Martinez,D,Professional and Occupational Regulation,Official LIS subject,1,1,0,1,INSUFFICIENT DATA,100.0,0.0
2026,H0397,May Nivar,D,Professional and Occupational Regulation,Official LIS subject,1,1,0,1,INSUFFICIENT DATA,100.0,0.0
2026,H0360,Michael B. Feggans,D,Professional and Occupational Regulation,Official LIS subject,1,1,0,1,INSUFFICIENT DATA,100.0,0.0
2026,H0340,Michelle Lopes Maldonado,D,Professional and Occupational Regulation,Official LIS subject,1,1,0,1,INSUFFICIENT DATA,100.0,0.0
2026,H0336,Nadarius E. Clark,D,Professional and Occupational Regulation,Official LIS subject,1,1,0,1,INSUFFICIENT DATA,100.0,0.0
2026,H0389,Nicole Cole,D,Professional and Occupational Regulation,Official LIS subject,2,2,0,2,INSUFFICIENT DATA,100.0,0.0
2026,H0219,Patrick A. Hope,D,Professional and Occupational Regulation,Official LIS subject,2,2,0,2,INSUFFICIENT DATA,100.0,0.0
2026,H0281,Paul E. Krizek,D,Professional and Occupational Regulation,Official LIS subject,1,1,0,1,INSUFFICIENT DATA,100.0,0.0
2026,H0366,Phil M. Hernandez,D,Professional and Occupational Regulation,Official LIS subject,1,1,0,1,INSUFFICIENT DATA,100.0,0.0
2026,H0356,Rae Cousins,D,Professional and Occupational Regulation,Official LIS subject,1,1,0,1,INSUFFICIENT DATA,100.0,0.0
2026,H0269,"Richard C. ""Rip"" Sullivan, Jr.",D,Professional and Occupational Regulation,Official LIS subject,1,1,0,1,INSUFFICIENT DATA,100.0,0.0
2026,H0327,Rodney T. Willett,D,Professional and Occupational Regulation,Official LIS subject,2,2,0,2,INSUFFICIENT DATA,100.0,0.0
2026,H0365,"Rozia A. Henson, Jr.",D,Professional and Occupational Regulation,Official LIS subject,2,2,0,2,INSUFFICIENT DATA,100.0,0.0
2026,H0266,Sam Rasoul,D,Professional and Occupational Regulation,Official LIS subject,2,2,0,2,INSUFFICIENT DATA,100.0,0.0
2026,H0323,Shelly A. Simonds,D,Professional and Occupational Regulation,Official LIS subject,1,1,0,1,INSUFFICIENT DATA,100.0,0.0
2026,H0388,Stacey Annie Carroll,D,Professional and Occupational Regulation,Official LIS subject,1,1,0,1,INSUFFICIENT DATA,100.0,0.0
2026,H0400,Virgil Thornton,D,Professional and Occupational Regulation,Official LIS subject,1,1,0,1,INSUFFICIENT DATA,100.0,0.0
2026,H0108,Vivian E. Watts,D,Professional and Occupational Regulation,Official LIS subject,1,1,0,1,INSUFFICIENT DATA,100.0,0.0
2026,H0325,Wendell S. Walker,R,Professional and Occupational Regulation,Official LIS subject,2,1,1,2,INSUFFICIENT DATA,50.0,50.0
2026,H0345,Anne Ferrell Tata,R,Professional and Occupational Regulation,Official LIS subject,1,0,1,1,INSUFFICIENT DATA,0.0,100.0
2026,H0329,Bill Wiley,R,Professional and Occupational Regulation,Official LIS subject,1,0,1,1,INSUFFICIENT DATA,0.0,100.0
2026,H0321,Chris S. Runion,R,Professional and Occupational Regulation,Official LIS subject,1,0,1,1,INSUFFICIENT DATA,0.0,100.0
2026,H0377,Delores Oates,R,Professional and Occupational Regulation,Official LIS subject,1,0,1,1,INSUFFICIENT DATA,0.0,100.0
2026,H0350,Ellen H. McLaughlin,R,Professional and Occupational Regulation,Official LIS subject,1,0,0,0,INSUFFICIENT DATA,0.0,0.0
2026,H0384,Eric Phillips,R,Professional and Occupational Regulation,Official LIS subject,1,0,1,1,INSUFFICIENT DATA,0.0,100.0
2026,H0383,Eric R. Zehr,R,Professional and Occupational Regulation,Official LIS subject,1,0,1,1,INSUFFICIENT DATA,0.0,100.0
2026,H0347,"H. Otto Wachsmann, Jr.",R,Professional and Occupational Regulation,Official LIS subject,2,0,2,2,INSUFFICIENT DATA,0.0,100.0
2026,H0369,Hillary Pugh Kent,R,Professional and Occupational Regulation,Official LIS subject,1,0,1,1,INSUFFICIENT DATA,0.0,100.0
2026,H0259,"Hyland F. ""Buddy"" Fowler, Jr.",R,Professional and Occupational Regulation,Official LIS subject,1,0,1,1,INSUFFICIENT DATA,0.0,100.0
2026,H0242,Israel D. O'Quinn,R,Professional and Occupational Regulation,Official LIS subject,1,0,1,1,INSUFFICIENT DATA,0.0,100.0
2026,H0262,"James A. ""Jay"" Leftwich",R,Professional and Occupational Regulation,Official LIS subject,1,0,1,1,INSUFFICIENT DATA,0.0,100.0
2026,H0224,James W. Morefield,R,Professional and Occupational Regulation,Official LIS subject,1,0,1,1,INSUFFICIENT DATA,0.0,100.0
2026,H0333,Jason S. Ballard,R,Professional and Occupational Regulation,Official LIS subject,1,0,1,1,INSUFFICIENT DATA,0.0,100.0
2026,H0173,Jeion A. Ward,D,Professional and Occupational Regulation,Official LIS subject,1,0,0,0,INSUFFICIENT DATA,0.0,0.0
2026,H0308,Joseph P. McNamara,R,Professional and Occupational Regulation,Official LIS subject,1,0,1,1,INSUFFICIENT DATA,0.0,100.0
2026,H0398,Justin Pence,R,Professional and Occupational Regulation,Official LIS subject,1,0,1,1,INSUFFICIENT DATA,0.0,100.0
2026,H0394,Karen Hamilton,R,Professional and Occupational Regulation,Official LIS subject,1,0,1,1,INSUFFICIENT DATA,0.0,100.0
2026,H0238,M. Keith Hodges,R,Professional and Occupational Regulation,Official LIS subject,2,0,2,2,INSUFFICIENT DATA,0.0,100.0
2026,H0401,Madison Whittle,R,Professional and Occupational Regulation,Official LIS subject,1,0,1,1,INSUFFICIENT DATA,0.0,100.0
2026,H0247,Michael J. Webert,R,Professional and Occupational Regulation,Official LIS subject,1,0,1,1,INSUFFICIENT DATA,0.0,100.0
2026,H0335,Mike A. Cherry,R,Professional and Occupational Regulation,Official LIS subject,2,0,2,2,INSUFFICIENT DATA,0.0,100.0
2026,H0390,Mitchell Cornett,R,Professional and Occupational Regulation,Official LIS subject,2,0,2,2,INSUFFICIENT DATA,0.0,100.0
2026,H0342,Phillip A. Scott,R,Professional and Occupational Regulation,Official LIS subject,2,0,2,2,INSUFFICIENT DATA,0.0,100.0
2026,H0124,R. Lee Ware,R,Professional and Occupational Regulation,Official LIS subject,1,0,1,1,INSUFFICIENT DATA,0.0,100.0
2026,H0267,"Robert S. Bloxom, Jr.",R,Professional and Occupational Regulation,Official LIS subject,1,0,1,1,INSUFFICIENT DATA,0.0,100.0
2026,H0328,Scott A. Wyatt,R,Professional and Occupational Regulation,Official LIS subject,1,0,1,1,INSUFFICIENT DATA,0.0,100.0
2026,H0056,Terry G. Kilgore,R,Professional and Occupational Regulation,Official LIS subject,1,0,1,1,INSUFFICIENT DATA,0.0,100.0
2026,H0253,Terry L. Austin,R,Professional and Occupational Regulation,Official LIS subject,1,0,1,1,INSUFFICIENT DATA,0.0,100.0
2026,H0362,"Thomas A. Garrett, Jr.",R,Professional and Occupational Regulation,Official LIS subject,1,0,1,1,INSUFFICIENT DATA,0.0,100.0
2026,H0136,"Thomas C. Wright, Jr.",R,Professional and Occupational Regulation,Official LIS subject,1,0,1,1,INSUFFICIENT DATA,0.0,100.0
2026,H0364,Timothy P. Griffin,R,Professional and Occupational Regulation,Official LIS subject,1,0,1,1,INSUFFICIENT DATA,0.0,100.0
2026,H0231,Tony O. Wilt,R,Professional and Occupational Regulation,Official LIS subject,1,0,1,1,INSUFFICIENT DATA,0.0,100.0
2026,H0357,Will Davis,R,Professional and Occupational Regulation,Official LIS subject,1,0,1,1,INSUFFICIENT DATA,0.0,100.0
2026,H0348,Wren M. Williams,R,Professional and Occupational Regulation,Official LIS subject,2,0,2,2,INSUFFICIENT DATA,0.0,100.0
2026,H0407,Andrew Rice,R,Public Safety,Derived from LIS bill description,2,0,2,2,INSUFFICIENT DATA,0.0,100.0
2026,H0206,Barry D. Knight,R,Public Safety,Derived from LIS bill description,17,0,0,0,INSUFFICIENT DATA,0.0,0.0
2026,H0347,"H. Otto Wachsmann, Jr.",R,Public Safety,Derived from LIS bill description,37,24,13,37,MIXED,64.86486486486487,35.13513513513514
2026,H0401,Madison Whittle,R,Public Safety,Derived from LIS bill description,39,25,14,39,MIXED,64.1025641025641,35.8974358974359
2026,H0350,Ellen H. McLaughlin,R,Public Safety,Derived from LIS bill description,35,22,13,35,MIXED,62.857142857142854,37.142857142857146
2026,H0253,Terry L. Austin,R,Public Safety,Derived from LIS bill description,40,25,15,40,MIXED,62.5,37.5
2026,H0333,Jason S. Ballard,R,Public Safety,Derived from LIS bill description,50,31,19,50,MIXED,62.0,38.0
2026,H0124,R. Lee Ware,R,Public Safety,Derived from LIS bill description,32,19,12,31,MIXED,61.29032258064516,38.70967741935484
2026,H0357,Will Davis,R,Public Safety,Derived from LIS bill description,40,24,16,40,MIXED,60.0,40.0
2026,H0308,Joseph P. McNamara,R,Public Safety,Derived from LIS bill description,33,19,13,32,MIXED,59.375,40.625
2026,H0390,Mitchell Cornett,R,Public Safety,Derived from LIS bill description,41,24,17,41,MIXED,58.536585365853654,41.46341463414634
2026,H0398,Justin Pence,R,Public Safety,Derived from LIS bill description,36,21,15,36,MIXED,58.333333333333336,41.66666666666667
2026,H0259,"Hyland F. ""Buddy"" Fowler, Jr.",R,Public Safety,Derived from LIS bill description,33,18,13,31,MIXED,58.06451612903226,41.935483870967744
2026,H0056,Terry G. Kilgore,R,Public Safety,Derived from LIS bill description,40,23,17,40,MIXED,57.49999999999999,42.5
2026,H0321,Chris S. Runion,R,Public Safety,Derived from LIS bill description,36,20,15,35,MIXED,57.14285714285714,42.857142857142854
2026,H0224,James W. Morefield,R,Public Safety,Derived from LIS bill description,35,20,15,35,MIXED,57.14285714285714,42.857142857142854
2026,H0262,"James A. ""Jay"" Leftwich",R,Public Safety,Derived from LIS bill description,38,21,16,37,MIXED,56.75675675675676,43.24324324324324
2026,H0345,Anne Ferrell Tata,R,Public Safety,Derived from LIS bill description,32,18,14,32,MIXED,56.25,43.75
2026,H0384,Eric Phillips,R,Public Safety,Derived from LIS bill description,42,23,19,42,MIXED,54.761904761904766,45.23809523809524
2026,H0247,Michael J. Webert,R,Public Safety,Derived from LIS bill description,42,22,19,41,MIXED,53.65853658536586,46.34146341463415
2026,H0231,Tony O. Wilt,R,Public Safety,Derived from LIS bill description,42,22,19,41,MIXED,53.65853658536586,46.34146341463415
2026,H0369,Hillary Pugh Kent,R,Public Safety,Derived from LIS bill description,32,17,15,32,MIXED,53.125,46.875
2026,H0377,Delores Oates,R,Public Safety,Derived from LIS bill description,38,20,18,38,MIXED,52.63157894736842,47.368421052631575
2026,H0342,Phillip A. Scott,R,Public Safety,Derived from LIS bill description,37,17,19,36,MIXED,47.22222222222222,52.77777777777778
2026,H0136,"Thomas C. Wright, Jr.",R,Public Safety,Derived from LIS bill description,32,12,15,27,MIXED,44.44444444444444,55.55555555555556
2026,H0364,Timothy P. Griffin,R,Public Safety,Derived from LIS bill description,34,15,19,34,MIXED,44.11764705882353,55.88235294117647
2026,H0394,Karen Hamilton,R,Public Safety,Derived from LIS bill description,40,17,23,40,MIXED,42.5,57.49999999999999
2026,H0383,Eric R. Zehr,R,Public Safety,Derived from LIS bill description,38,16,22,38,MIXED,42.10526315789473,57.89473684210527
2026,H0362,"Thomas A. Garrett, Jr.",R,Public Safety,Derived from LIS bill description,32,13,18,31,MIXED,41.935483870967744,58.06451612903226
2026,H0334,Elizabeth B. Bennett-Parker,D,Public Safety,Derived from LIS bill description,26,25,0,25,YES,100.0,0.0
2026,H0297,Elizabeth R. Guzman,D,Public Safety,Derived from LIS bill description,38,35,2,37,YES,94.5945945945946,5.405405405405405
2026,H0295,Kelly K. Convirs-Fowler,D,Public Safety,Derived from LIS bill description,38,33,2,35,YES,94.28571428571428,5.714285714285714
2026,H0389,Nicole Cole,D,Public Safety,Derived from LIS bill description,35,33,2,35,YES,94.28571428571428,5.714285714285714
2026,H0382,Joshua E. Thomas,D,Public Safety,Derived from LIS bill description,51,48,3,51,YES,94.11764705882352,5.88235294117647
2026,H0356,Rae Cousins,D,Public Safety,Derived from LIS bill description,50,47,3,50,YES,94.0,6.0
2026,H0396,Leslie Chambers Mehta,D,Public Safety,Derived from LIS bill description,48,45,3,48,YES,93.75,6.25
2026,H0393,Lily V. Franklin,D,Public Safety,Derived from LIS bill description,32,30,2,32,YES,93.75,6.25
2026,H0360,Michael B. Feggans,D,Public Safety,Derived from LIS bill description,48,45,3,48,YES,93.75,6.25
2026,H0219,Patrick A. Hope,D,Public Safety,Derived from LIS bill description,48,45,3,48,YES,93.75,6.25
2026,H0375,Adele Y. McClure,D,Public Safety,Derived from LIS bill description,46,43,3,46,YES,93.47826086956522,6.521739130434782
2026,H0353,Bonita G. Anthony,D,Public Safety,Derived from LIS bill description,46,42,3,45,YES,93.33333333333333,6.666666666666667
2026,H0264,Marcus B. Simon,D,Public Safety,Derived from LIS bill description,45,42,3,45,YES,93.33333333333333,6.666666666666667
2026,H0266,Sam Rasoul,D,Public Safety,Derived from LIS bill description,45,42,3,45,YES,93.33333333333333,6.666666666666667
2026,H0317,Dan I. Helmer,D,Public Safety,Derived from LIS bill description,44,41,3,44,YES,93.18181818181817,6.8181818181818175
2026,H0301,David A. Reid,D,Public Safety,Derived from LIS bill description,44,41,3,44,YES,93.18181818181817,6.8181818181818175
2026,H0207,Delores L. McQuinn,D,Public Safety,Derived from LIS bill description,44,41,3,44,YES,93.18181818181817,6.8181818181818175
2026,H0361,Debra D. Gardner,D,Public Safety,Derived from LIS bill description,43,40,3,43,YES,93.02325581395348,6.976744186046512
2026,H0294,Karrie K. Delaney,D,Public Safety,Derived from LIS bill description,43,40,3,43,YES,93.02325581395348,6.976744186046512
2026,H0108,Vivian E. Watts,D,Public Safety,Derived from LIS bill description,44,40,3,43,YES,93.02325581395348,6.976744186046512
2026,H0239,Alfonso H. Lopez,D,Public Safety,Derived from LIS bill description,42,39,3,42,YES,92.85714285714286,7.142857142857142
2026,H0343,Briana D. Sewell,D,Public Safety,Derived from LIS bill description,41,38,3,41,YES,92.6829268292683,7.317073170731707
2026,H0285,"C.E. Cliff Hayes, Jr.",D,Public Safety,Derived from LIS bill description,41,38,3,41,YES,92.6829268292683,7.317073170731707
2026,H0173,Jeion A. Ward,D,Public Safety,Derived from LIS bill description,44,38,3,41,YES,92.6829268292683,7.317073170731707
2026,H0305,Kathy K.L. Tran,D,Public Safety,Derived from LIS bill description,41,38,3,41,YES,92.6829268292683,7.317073170731707
2026,H0399,Kimberly Pope Adams,D,Public Safety,Derived from LIS bill description,41,38,3,41,YES,92.6829268292683,7.317073170731707
2026,H0340,Michelle Lopes Maldonado,D,Public Safety,Derived from LIS bill description,41,38,3,41,YES,92.6829268292683,7.317073170731707
2026,H0327,Rodney T. Willett,D,Public Safety,Derived from LIS bill description,41,38,3,41,YES,92.6829268292683,7.317073170731707
2026,H0212,Betsy B. Carr,D,Public Safety,Derived from LIS bill description,40,37,3,40,YES,92.5,7.5
2026,H0386,Jessica L. Anderson,D,Public Safety,Derived from LIS bill description,40,37,3,40,YES,92.5,7.5
2026,H0387,"Karen R. ""Kacey"" Carnegie",D,Public Safety,Derived from LIS bill description,40,37,3,40,YES,92.5,7.5
2026,H0284,"Marcia S. ""Cia"" Price",D,Public Safety,Derived from LIS bill description,40,37,3,40,YES,92.5,7.5
2026,H0366,Phil M. Hernandez,D,Public Safety,Derived from LIS bill description,40,37,3,40,YES,92.5,7.5
2026,H0269,"Richard C. ""Rip"" Sullivan, Jr.",D,Public Safety,Derived from LIS bill description,40,37,3,40,YES,92.5,7.5
2026,H0402,Charlie Schmidt,D,Public Safety,Derived from LIS bill description,39,36,3,39,YES,92.3076923076923,7.6923076923076925
2026,H0208,Charniele L. Herring,D,Public Safety,Derived from LIS bill description,40,36,3,39,YES,92.3076923076923,7.6923076923076925
2026,H0351,Holly M. Seibold,D,Public Safety,Derived from LIS bill description,40,36,3,39,YES,92.3076923076923,7.6923076923076925
2026,H0344,Irene Shin,D,Public Safety,Derived from LIS bill description,39,36,3,39,YES,92.3076923076923,7.6923076923076925
2026,H0349,Jackie H. Glass,D,Public Safety,Derived from LIS bill description,39,36,3,39,YES,92.3076923076923,7.6923076923076925
2026,H0355,Laura Jane Cohen,D,Public Safety,Derived from LIS bill description,39,36,3,39,YES,92.3076923076923,7.6923076923076925
2026,H0311,Alex Q. Askew,D,Public Safety,Derived from LIS bill description,38,35,3,38,YES,92.10526315789474,7.894736842105263
2026,H0354,Katrina Callsen,D,Public Safety,Derived from LIS bill description,41,35,3,38,YES,92.10526315789474,7.894736842105263
2026,H0365,"Rozia A. Henson, Jr.",D,Public Safety,Derived from LIS bill description,38,35,3,38,YES,92.10526315789474,7.894736842105263
2026,H0372,Destiny LeVere Bolling,D,Public Safety,Derived from LIS bill description,37,34,3,37,YES,91.8918918918919,8.108108108108109
2026,H0314,Joshua G. Cole,D,Public Safety,Derived from LIS bill description,37,34,3,37,YES,91.8918918918919,8.108108108108109
2026,H0323,Shelly A. Simonds,D,Public Safety,Derived from LIS bill description,38,34,3,37,YES,91.8918918918919,8.108108108108109
2026,H0400,Virgil Thornton,D,Public Safety,Derived from LIS bill description,37,34,3,37,YES,91.8918918918919,8.108108108108109
2026,H0380,Atoosa R. Reaser,D,Public Safety,Derived from LIS bill description,37,33,3,36,YES,91.66666666666666,8.333333333333332
2026,H0405,Garrett McGuire,D,Public Safety,Derived from LIS bill description,36,33,3,36,YES,91.66666666666666,8.333333333333332
2026,H0385,JJ Singh,D,Public Safety,Derived from LIS bill description,36,33,3,36,YES,91.66666666666666,8.333333333333332
2026,H0392,Mark C. Downey,D,Public Safety,Derived from LIS bill description,36,33,3,36,YES,91.66666666666666,8.333333333333332
2026,H0281,Paul E. Krizek,D,Public Safety,Derived from LIS bill description,36,33,3,36,YES,91.66666666666666,8.333333333333332
2026,H0371,Amy J. Laufer,D,Public Safety,Derived from LIS bill description,35,32,3,35,YES,91.42857142857143,8.571428571428571
2026,H0403,Gretchen M. Bulova,D,Public Safety,Derived from LIS bill description,35,32,3,35,YES,91.42857142857143,8.571428571428571
2026,H0370,Karen Keys-Gamarra,D,Public Safety,Derived from LIS bill description,37,32,3,35,YES,91.42857142857143,8.571428571428571
2026,H0397,May Nivar,D,Public Safety,Derived from LIS bill description,34,31,3,34,YES,91.17647058823529,8.823529411764707
2026,H0227,Luke E. Torian,D,Public Safety,Derived from LIS bill description,38,30,3,33,YES,90.9090909090909,9.090909090909092
2026,H0322,Don Scott,D,Public Safety,Derived from LIS bill description,32,29,3,32,YES,90.625,9.375
2026,H0395,John Chilton McAuliff,D,Public Safety,Derived from LIS bill description,33,29,3,32,YES,90.625,9.375
2026,H0404,Margaret A. Franklin,D,Public Safety,Derived from LIS bill description,32,29,3,32,YES,90.625,9.375
2026,H0374,Marty Martinez,D,Public Safety,Derived from LIS bill description,32,29,3,32,YES,90.625,9.375
2026,H0391,Lindsey Dougherty,D,Public Safety,Derived from LIS bill description,32,28,3,31,YES,90.32258064516128,9.67741935483871
2026,H0336,Nadarius E. Clark,D,Public Safety,Derived from LIS bill description,40,26,3,29,YES,89.65517241379311,10.344827586206897
2026,H0388,Stacey Annie Carroll,D,Public Safety,Derived from LIS bill description,33,25,3,28,YES,89.28571428571429,10.714285714285714
2026,H0406,Kirk McPike,D,Public Safety,Derived from LIS bill description,20,17,3,20,YES,85.0,15.0
2026,H0328,Scott A. Wyatt,R,Public Safety,Derived from LIS bill description,43,30,13,43,YES,69.76744186046511,30.23255813953488
2026,H0329,Bill Wiley,R,Public Safety,Derived from LIS bill description,41,28,13,41,YES,68.29268292682927,31.70731707317073
2026,H0267,"Robert S. Bloxom, Jr.",R,Public Safety,Derived from LIS bill description,37,25,12,37,YES,67.56756756756756,32.432432432432435
2026,H0348,Wren M. Williams,R,Public Safety,Derived from LIS bill description,47,29,14,43,YES,67.44186046511628,32.55813953488372
2026,H0242,Israel D. O'Quinn,R,Public Safety,Derived from LIS bill description,42,28,14,42,YES,66.66666666666666,33.33333333333333
2026,H0238,M. Keith Hodges,R,Public Safety,Derived from LIS bill description,42,28,14,42,YES,66.66666666666666,33.33333333333333
2026,H0335,Mike A. Cherry,R,Public Safety,Derived from LIS bill description,38,25,13,38,YES,65.78947368421053,34.21052631578947
2026,H0325,Wendell S. Walker,R,Public Safety,Derived from LIS bill description,36,23,12,35,YES,65.71428571428571,34.285714285714285
2026,H0375,Adele Y. McClure,D,Public Service Companies,Official LIS subject,2,2,0,2,INSUFFICIENT DATA,100.0,0.0
2026,H0311,Alex Q. Askew,D,Public Service Companies,Official LIS subject,2,2,0,2,INSUFFICIENT DATA,100.0,0.0
2026,H0239,Alfonso H. Lopez,D,Public Service Companies,Official LIS subject,3,3,0,3,INSUFFICIENT DATA,100.0,0.0
2026,H0371,Amy J. Laufer,D,Public Service Companies,Official LIS subject,2,2,0,2,INSUFFICIENT DATA,100.0,0.0
2026,H0380,Atoosa R. Reaser,D,Public Service Companies,Official LIS subject,2,2,0,2,INSUFFICIENT DATA,100.0,0.0
2026,H0212,Betsy B. Carr,D,Public Service Companies,Official LIS subject,2,2,0,2,INSUFFICIENT DATA,100.0,0.0
2026,H0353,Bonita G. Anthony,D,Public Service Companies,Official LIS subject,4,4,0,4,INSUFFICIENT DATA,100.0,0.0
2026,H0343,Briana D. Sewell,D,Public Service Companies,Official LIS subject,2,2,0,2,INSUFFICIENT DATA,100.0,0.0
2026,H0285,"C.E. Cliff Hayes, Jr.",D,Public Service Companies,Official LIS subject,2,2,0,2,INSUFFICIENT DATA,100.0,0.0
2026,H0402,Charlie Schmidt,D,Public Service Companies,Official LIS subject,2,2,0,2,INSUFFICIENT DATA,100.0,0.0
2026,H0208,Charniele L. Herring,D,Public Service Companies,Official LIS subject,2,2,0,2,INSUFFICIENT DATA,100.0,0.0
2026,H0317,Dan I. Helmer,D,Public Service Companies,Official LIS subject,3,2,0,2,INSUFFICIENT DATA,100.0,0.0
2026,H0301,David A. Reid,D,Public Service Companies,Official LIS subject,2,2,0,2,INSUFFICIENT DATA,100.0,0.0
2026,H0361,Debra D. Gardner,D,Public Service Companies,Official LIS subject,2,2,0,2,INSUFFICIENT DATA,100.0,0.0
2026,H0207,Delores L. McQuinn,D,Public Service Companies,Official LIS subject,2,2,0,2,INSUFFICIENT DATA,100.0,0.0
2026,H0372,Destiny LeVere Bolling,D,Public Service Companies,Official LIS subject,3,3,0,3,INSUFFICIENT DATA,100.0,0.0
2026,H0322,Don Scott,D,Public Service Companies,Official LIS subject,2,2,0,2,INSUFFICIENT DATA,100.0,0.0
2026,H0334,Elizabeth B. Bennett-Parker,D,Public Service Companies,Official LIS subject,1,1,0,1,INSUFFICIENT DATA,100.0,0.0
2026,H0297,Elizabeth R. Guzman,D,Public Service Companies,Official LIS subject,2,2,0,2,INSUFFICIENT DATA,100.0,0.0
2026,H0405,Garrett McGuire,D,Public Service Companies,Official LIS subject,2,2,0,2,INSUFFICIENT DATA,100.0,0.0
2026,H0403,Gretchen M. Bulova,D,Public Service Companies,Official LIS subject,2,2,0,2,INSUFFICIENT DATA,100.0,0.0
2026,H0351,Holly M. Seibold,D,Public Service Companies,Official LIS subject,2,2,0,2,INSUFFICIENT DATA,100.0,0.0
2026,H0344,Irene Shin,D,Public Service Companies,Official LIS subject,4,4,0,4,INSUFFICIENT DATA,100.0,0.0
2026,H0385,JJ Singh,D,Public Service Companies,Official LIS subject,3,3,0,3,INSUFFICIENT DATA,100.0,0.0
2026,H0349,Jackie H. Glass,D,Public Service Companies,Official LIS subject,2,2,0,2,INSUFFICIENT DATA,100.0,0.0
2026,H0173,Jeion A. Ward,D,Public Service Companies,Official LIS subject,3,3,0,3,INSUFFICIENT DATA,100.0,0.0
2026,H0386,Jessica L. Anderson,D,Public Service Companies,Official LIS subject,2,2,0,2,INSUFFICIENT DATA,100.0,0.0
2026,H0395,John Chilton McAuliff,D,Public Service Companies,Official LIS subject,2,2,0,2,INSUFFICIENT DATA,100.0,0.0
2026,H0382,Joshua E. Thomas,D,Public Service Companies,Official LIS subject,2,2,0,2,INSUFFICIENT DATA,100.0,0.0
2026,H0314,Joshua G. Cole,D,Public Service Companies,Official LIS subject,2,2,0,2,INSUFFICIENT DATA,100.0,0.0
2026,H0370,Karen Keys-Gamarra,D,Public Service Companies,Official LIS subject,2,2,0,2,INSUFFICIENT DATA,100.0,0.0
2026,H0387,"Karen R. ""Kacey"" Carnegie",D,Public Service Companies,Official LIS subject,2,2,0,2,INSUFFICIENT DATA,100.0,0.0
2026,H0294,Karrie K. Delaney,D,Public Service Companies,Official LIS subject,2,2,0,2,INSUFFICIENT DATA,100.0,0.0
2026,H0305,Kathy K.L. Tran,D,Public Service Companies,Official LIS subject,2,2,0,2,INSUFFICIENT DATA,100.0,0.0
2026,H0354,Katrina Callsen,D,Public Service Companies,Official LIS subject,2,2,0,2,INSUFFICIENT DATA,100.0,0.0
2026,H0295,Kelly K. Convirs-Fowler,D,Public Service Companies,Official LIS subject,3,3,0,3,INSUFFICIENT DATA,100.0,0.0
2026,H0399,Kimberly Pope Adams,D,Public Service Companies,Official LIS subject,2,2,0,2,INSUFFICIENT DATA,100.0,0.0
2026,H0406,Kirk McPike,D,Public Service Companies,Official LIS subject,1,1,0,1,INSUFFICIENT DATA,100.0,0.0
2026,H0355,Laura Jane Cohen,D,Public Service Companies,Official LIS subject,3,3,0,3,INSUFFICIENT DATA,100.0,0.0
2026,H0396,Leslie Chambers Mehta,D,Public Service Companies,Official LIS subject,2,2,0,2,INSUFFICIENT DATA,100.0,0.0
2026,H0393,Lily V. Franklin,D,Public Service Companies,Official LIS subject,2,2,0,2,INSUFFICIENT DATA,100.0,0.0
2026,H0391,Lindsey Dougherty,D,Public Service Companies,Official LIS subject,2,2,0,2,INSUFFICIENT DATA,100.0,0.0
2026,H0227,Luke E. Torian,D,Public Service Companies,Official LIS subject,2,2,0,2,INSUFFICIENT DATA,100.0,0.0
2026,H0284,"Marcia S. ""Cia"" Price",D,Public Service Companies,Official LIS subject,2,2,0,2,INSUFFICIENT DATA,100.0,0.0
2026,H0264,Marcus B. Simon,D,Public Service Companies,Official LIS subject,2,2,0,2,INSUFFICIENT DATA,100.0,0.0
2026,H0404,Margaret A. Franklin,D,Public Service Companies,Official LIS subject,2,1,0,1,INSUFFICIENT DATA,100.0,0.0
2026,H0392,Mark C. Downey,D,Public Service Companies,Official LIS subject,2,2,0,2,INSUFFICIENT DATA,100.0,0.0
2026,H0374,Marty Martinez,D,Public Service Companies,Official LIS subject,2,2,0,2,INSUFFICIENT DATA,100.0,0.0
2026,H0397,May Nivar,D,Public Service Companies,Official LIS subject,4,4,0,4,INSUFFICIENT DATA,100.0,0.0
2026,H0360,Michael B. Feggans,D,Public Service Companies,Official LIS subject,4,4,0,4,INSUFFICIENT DATA,100.0,0.0
2026,H0340,Michelle Lopes Maldonado,D,Public Service Companies,Official LIS subject,3,3,0,3,INSUFFICIENT DATA,100.0,0.0
2026,H0336,Nadarius E. Clark,D,Public Service Companies,Official LIS subject,4,4,0,4,INSUFFICIENT DATA,100.0,0.0
2026,H0389,Nicole Cole,D,Public Service Companies,Official LIS subject,2,2,0,2,INSUFFICIENT DATA,100.0,0.0
2026,H0219,Patrick A. Hope,D,Public Service Companies,Official LIS subject,2,2,0,2,INSUFFICIENT DATA,100.0,0.0
2026,H0281,Paul E. Krizek,D,Public Service Companies,Official LIS subject,2,2,0,2,INSUFFICIENT DATA,100.0,0.0
2026,H0366,Phil M. Hernandez,D,Public Service Companies,Official LIS subject,2,2,0,2,INSUFFICIENT DATA,100.0,0.0
2026,H0356,Rae Cousins,D,Public Service Companies,Official LIS subject,3,3,0,3,INSUFFICIENT DATA,100.0,0.0
2026,H0269,"Richard C. ""Rip"" Sullivan, Jr.",D,Public Service Companies,Official LIS subject,4,4,0,4,INSUFFICIENT DATA,100.0,0.0
2026,H0267,"Robert S. Bloxom, Jr.",R,Public Service Companies,Official LIS subject,2,2,0,2,INSUFFICIENT DATA,100.0,0.0
2026,H0327,Rodney T. Willett,D,Public Service Companies,Official LIS subject,2,2,0,2,INSUFFICIENT DATA,100.0,0.0
2026,H0365,"Rozia A. Henson, Jr.",D,Public Service Companies,Official LIS subject,2,2,0,2,INSUFFICIENT DATA,100.0,0.0
2026,H0266,Sam Rasoul,D,Public Service Companies,Official LIS subject,2,2,0,2,INSUFFICIENT DATA,100.0,0.0
2026,H0323,Shelly A. Simonds,D,Public Service Companies,Official LIS subject,2,2,0,2,INSUFFICIENT DATA,100.0,0.0
2026,H0388,Stacey Annie Carroll,D,Public Service Companies,Official LIS subject,2,2,0,2,INSUFFICIENT DATA,100.0,0.0
2026,H0400,Virgil Thornton,D,Public Service Companies,Official LIS subject,2,2,0,2,INSUFFICIENT DATA,100.0,0.0
2026,H0108,Vivian E. Watts,D,Public Service Companies,Official LIS subject,2,2,0,2,INSUFFICIENT DATA,100.0,0.0
2026,H0348,Wren M. Williams,R,Public Service Companies,Official LIS subject,4,2,1,3,INSUFFICIENT DATA,66.66666666666666,33.33333333333333
2026,H0224,James W. Morefield,R,Public Service Companies,Official LIS subject,2,1,1,2,INSUFFICIENT DATA,50.0,50.0
2026,H0407,Andrew Rice,R,Public Service Companies,Official LIS subject,1,0,1,1,INSUFFICIENT DATA,0.0,100.0
2026,H0345,Anne Ferrell Tata,R,Public Service Companies,Official LIS subject,2,0,2,2,INSUFFICIENT DATA,0.0,100.0
2026,H0206,Barry D. Knight,R,Public Service Companies,Official LIS subject,1,0,0,0,INSUFFICIENT DATA,0.0,0.0
2026,H0329,Bill Wiley,R,Public Service Companies,Official LIS subject,2,0,2,2,INSUFFICIENT DATA,0.0,100.0
2026,H0321,Chris S. Runion,R,Public Service Companies,Official LIS subject,3,0,3,3,INSUFFICIENT DATA,0.0,100.0
2026,H0377,Delores Oates,R,Public Service Companies,Official LIS subject,2,0,2,2,INSUFFICIENT DATA,0.0,100.0
2026,H0350,Ellen H. McLaughlin,R,Public Service Companies,Official LIS subject,2,0,2,2,INSUFFICIENT DATA,0.0,100.0
2026,H0384,Eric Phillips,R,Public Service Companies,Official LIS subject,2,0,2,2,INSUFFICIENT DATA,0.0,100.0
2026,H0383,Eric R. Zehr,R,Public Service Companies,Official LIS subject,2,0,2,2,INSUFFICIENT DATA,0.0,100.0
2026,H0347,"H. Otto Wachsmann, Jr.",R,Public Service Companies,Official LIS subject,2,0,2,2,INSUFFICIENT DATA,0.0,100.0
2026,H0369,Hillary Pugh Kent,R,Public Service Companies,Official LIS subject,2,0,2,2,INSUFFICIENT DATA,0.0,100.0
2026,H0259,"Hyland F. ""Buddy"" Fowler, Jr.",R,Public Service Companies,Official LIS subject,2,0,2,2,INSUFFICIENT DATA,0.0,100.0
2026,H0242,Israel D. O'Quinn,R,Public Service Companies,Official LIS subject,3,0,3,3,INSUFFICIENT DATA,0.0,100.0
2026,H0262,"James A. ""Jay"" Leftwich",R,Public Service Companies,Official LIS subject,2,0,2,2,INSUFFICIENT DATA,0.0,100.0
2026,H0333,Jason S. Ballard,R,Public Service Companies,Official LIS subject,3,0,3,3,INSUFFICIENT DATA,0.0,100.0
2026,H0308,Joseph P. McNamara,R,Public Service Companies,Official LIS subject,2,0,2,2,INSUFFICIENT DATA,0.0,100.0
2026,H0398,Justin Pence,R,Public Service Companies,Official LIS subject,2,0,2,2,INSUFFICIENT DATA,0.0,100.0
2026,H0394,Karen Hamilton,R,Public Service Companies,Official LIS subject,2,0,2,2,INSUFFICIENT DATA,0.0,100.0
2026,H0238,M. Keith Hodges,R,Public Service Companies,Official LIS subject,2,0,2,2,INSUFFICIENT DATA,0.0,100.0
2026,H0401,Madison Whittle,R,Public Service Companies,Official LIS subject,2,0,2,2,INSUFFICIENT DATA,0.0,100.0
2026,H0247,Michael J. Webert,R,Public Service Companies,Official LIS subject,3,0,3,3,INSUFFICIENT DATA,0.0,100.0
2026,H0335,Mike A. Cherry,R,Public Service Companies,Official LIS subject,2,0,2,2,INSUFFICIENT DATA,0.0,100.0
2026,H0390,Mitchell Cornett,R,Public Service Companies,Official LIS subject,2,0,2,2,INSUFFICIENT DATA,0.0,100.0
2026,H0342,Phillip A. Scott,R,Public Service Companies,Official LIS subject,2,0,2,2,INSUFFICIENT DATA,0.0,100.0
2026,H0124,R. Lee Ware,R,Public Service Companies,Official LIS subject,2,0,2,2,INSUFFICIENT DATA,0.0,100.0
2026,H0328,Scott A. Wyatt,R,Public Service Companies,Official LIS subject,2,0,2,2,INSUFFICIENT DATA,0.0,100.0
2026,H0056,Terry G. Kilgore,R,Public Service Companies,Official LIS subject,4,0,4,4,INSUFFICIENT DATA,0.0,100.0
2026,H0253,Terry L. Austin,R,Public Service Companies,Official LIS subject,2,0,2,2,INSUFFICIENT DATA,0.0,100.0
2026,H0362,"Thomas A. Garrett, Jr.",R,Public Service Companies,Official LIS subject,2,0,1,1,INSUFFICIENT DATA,0.0,100.0
2026,H0136,"Thomas C. Wright, Jr.",R,Public Service Companies,Official LIS subject,2,0,1,1,INSUFFICIENT DATA,0.0,100.0
2026,H0364,Timothy P. Griffin,R,Public Service Companies,Official LIS subject,2,0,2,2,INSUFFICIENT DATA,0.0,100.0
2026,H0231,Tony O. Wilt,R,Public Service Companies,Official LIS subject,4,0,4,4,INSUFFICIENT DATA,0.0,100.0
2026,H0325,Wendell S. Walker,R,Public Service Companies,Official LIS subject,2,0,2,2,INSUFFICIENT DATA,0.0,100.0
2026,H0357,Will Davis,R,Public Service Companies,Official LIS subject,2,0,2,2,INSUFFICIENT DATA,0.0,100.0
2026,H0375,Adele Y. McClure,D,Reapportionment,Official LIS subject,1,1,0,1,INSUFFICIENT DATA,100.0,0.0
2026,H0311,Alex Q. Askew,D,Reapportionment,Official LIS subject,1,1,0,1,INSUFFICIENT DATA,100.0,0.0
2026,H0371,Amy J. Laufer,D,Reapportionment,Official LIS subject,1,1,0,1,INSUFFICIENT DATA,100.0,0.0
2026,H0380,Atoosa R. Reaser,D,Reapportionment,Official LIS subject,1,1,0,1,INSUFFICIENT DATA,100.0,0.0
2026,H0212,Betsy B. Carr,D,Reapportionment,Official LIS subject,1,1,0,1,INSUFFICIENT DATA,100.0,0.0
2026,H0353,Bonita G. Anthony,D,Reapportionment,Official LIS subject,2,2,0,2,INSUFFICIENT DATA,100.0,0.0
2026,H0343,Briana D. Sewell,D,Reapportionment,Official LIS subject,1,1,0,1,INSUFFICIENT DATA,100.0,0.0
2026,H0285,"C.E. Cliff Hayes, Jr.",D,Reapportionment,Official LIS subject,1,1,0,1,INSUFFICIENT DATA,100.0,0.0
2026,H0330,Candi Mundon King,D,Reapportionment,Official LIS subject,1,1,0,1,INSUFFICIENT DATA,100.0,0.0
2026,H0208,Charniele L. Herring,D,Reapportionment,Official LIS subject,1,1,0,1,INSUFFICIENT DATA,100.0,0.0
2026,H0317,Dan I. Helmer,D,Reapportionment,Official LIS subject,1,1,0,1,INSUFFICIENT DATA,100.0,0.0
2026,H0301,David A. Reid,D,Reapportionment,Official LIS subject,2,2,0,2,INSUFFICIENT DATA,100.0,0.0
2026,H0177,David L. Bulova,D,Reapportionment,Official LIS subject,2,2,0,2,INSUFFICIENT DATA,100.0,0.0
2026,H0361,Debra D. Gardner,D,Reapportionment,Official LIS subject,1,1,0,1,INSUFFICIENT DATA,100.0,0.0
2026,H0207,Delores L. McQuinn,D,Reapportionment,Official LIS subject,1,1,0,1,INSUFFICIENT DATA,100.0,0.0
2026,H0372,Destiny LeVere Bolling,D,Reapportionment,Official LIS subject,2,2,0,2,INSUFFICIENT DATA,100.0,0.0
2026,H0322,Don Scott,D,Reapportionment,Official LIS subject,1,1,0,1,INSUFFICIENT DATA,100.0,0.0
2026,H0334,Elizabeth B. Bennett-Parker,D,Reapportionment,Official LIS subject,1,1,0,1,INSUFFICIENT DATA,100.0,0.0
2026,H0297,Elizabeth R. Guzman,D,Reapportionment,Official LIS subject,1,1,0,1,INSUFFICIENT DATA,100.0,0.0
2026,H0351,Holly M. Seibold,D,Reapportionment,Official LIS subject,1,1,0,1,INSUFFICIENT DATA,100.0,0.0
2026,H0344,Irene Shin,D,Reapportionment,Official LIS subject,1,1,0,1,INSUFFICIENT DATA,100.0,0.0
2026,H0385,JJ Singh,D,Reapportionment,Official LIS subject,2,2,0,2,INSUFFICIENT DATA,100.0,0.0
2026,H0349,Jackie H. Glass,D,Reapportionment,Official LIS subject,2,2,0,2,INSUFFICIENT DATA,100.0,0.0
2026,H0173,Jeion A. Ward,D,Reapportionment,Official LIS subject,1,1,0,1,INSUFFICIENT DATA,100.0,0.0
2026,H0386,Jessica L. Anderson,D,Reapportionment,Official LIS subject,1,1,0,1,INSUFFICIENT DATA,100.0,0.0
2026,H0395,John Chilton McAuliff,D,Reapportionment,Official LIS subject,2,2,0,2,INSUFFICIENT DATA,100.0,0.0
2026,H0382,Joshua E. Thomas,D,Reapportionment,Official LIS subject,1,1,0,1,INSUFFICIENT DATA,100.0,0.0
2026,H0314,Joshua G. Cole,D,Reapportionment,Official LIS subject,2,2,0,2,INSUFFICIENT DATA,100.0,0.0
2026,H0370,Karen Keys-Gamarra,D,Reapportionment,Official LIS subject,1,1,0,1,INSUFFICIENT DATA,100.0,0.0
2026,H0387,"Karen R. ""Kacey"" Carnegie",D,Reapportionment,Official LIS subject,2,2,0,2,INSUFFICIENT DATA,100.0,0.0
2026,H0305,Kathy K.L. Tran,D,Reapportionment,Official LIS subject,1,1,0,1,INSUFFICIENT DATA,100.0,0.0
2026,H0354,Katrina Callsen,D,Reapportionment,Official LIS subject,1,1,0,1,INSUFFICIENT DATA,100.0,0.0
2026,H0295,Kelly K. Convirs-Fowler,D,Reapportionment,Official LIS subject,2,2,0,2,INSUFFICIENT DATA,100.0,0.0
2026,H0399,Kimberly Pope Adams,D,Reapportionment,Official LIS subject,1,1,0,1,INSUFFICIENT DATA,100.0,0.0
2026,H0355,Laura Jane Cohen,D,Reapportionment,Official LIS subject,1,1,0,1,INSUFFICIENT DATA,100.0,0.0
2026,H0396,Leslie Chambers Mehta,D,Reapportionment,Official LIS subject,1,1,0,1,INSUFFICIENT DATA,100.0,0.0
2026,H0393,Lily V. Franklin,D,Reapportionment,Official LIS subject,1,1,0,1,INSUFFICIENT DATA,100.0,0.0
2026,H0391,Lindsey Dougherty,D,Reapportionment,Official LIS subject,1,1,0,1,INSUFFICIENT DATA,100.0,0.0
2026,H0227,Luke E. Torian,D,Reapportionment,Official LIS subject,1,1,0,1,INSUFFICIENT DATA,100.0,0.0
2026,H0284,"Marcia S. ""Cia"" Price",D,Reapportionment,Official LIS subject,2,2,0,2,INSUFFICIENT DATA,100.0,0.0
2026,H0264,Marcus B. Simon,D,Reapportionment,Official LIS subject,1,1,0,1,INSUFFICIENT DATA,100.0,0.0
2026,H0392,Mark C. Downey,D,Reapportionment,Official LIS subject,1,1,0,1,INSUFFICIENT DATA,100.0,0.0
2026,H0172,Mark D. Sickles,D,Reapportionment,Official LIS subject,1,1,0,1,INSUFFICIENT DATA,100.0,0.0
2026,H0374,Marty Martinez,D,Reapportionment,Official LIS subject,1,1,0,1,INSUFFICIENT DATA,100.0,0.0
2026,H0397,May Nivar,D,Reapportionment,Official LIS subject,1,1,0,1,INSUFFICIENT DATA,100.0,0.0
2026,H0360,Michael B. Feggans,D,Reapportionment,Official LIS subject,1,1,0,1,INSUFFICIENT DATA,100.0,0.0
2026,H0340,Michelle Lopes Maldonado,D,Reapportionment,Official LIS subject,1,1,0,1,INSUFFICIENT DATA,100.0,0.0
2026,H0336,Nadarius E. Clark,D,Reapportionment,Official LIS subject,1,1,0,1,INSUFFICIENT DATA,100.0,0.0
2026,H0389,Nicole Cole,D,Reapportionment,Official LIS subject,2,2,0,2,INSUFFICIENT DATA,100.0,0.0
2026,H0219,Patrick A. Hope,D,Reapportionment,Official LIS subject,1,1,0,1,INSUFFICIENT DATA,100.0,0.0
2026,H0281,Paul E. Krizek,D,Reapportionment,Official LIS subject,2,2,0,2,INSUFFICIENT DATA,100.0,0.0
2026,H0366,Phil M. Hernandez,D,Reapportionment,Official LIS subject,1,1,0,1,INSUFFICIENT DATA,100.0,0.0
2026,H0356,Rae Cousins,D,Reapportionment,Official LIS subject,1,1,0,1,INSUFFICIENT DATA,100.0,0.0
2026,H0269,"Richard C. ""Rip"" Sullivan, Jr.",D,Reapportionment,Official LIS subject,1,1,0,1,INSUFFICIENT DATA,100.0,0.0
2026,H0327,Rodney T. Willett,D,Reapportionment,Official LIS subject,1,1,0,1,INSUFFICIENT DATA,100.0,0.0
2026,H0365,"Rozia A. Henson, Jr.",D,Reapportionment,Official LIS subject,2,2,0,2,INSUFFICIENT DATA,100.0,0.0
2026,H0266,Sam Rasoul,D,Reapportionment,Official LIS subject,1,1,0,1,INSUFFICIENT DATA,100.0,0.0
2026,H0323,Shelly A. Simonds,D,Reapportionment,Official LIS subject,1,1,0,1,INSUFFICIENT DATA,100.0,0.0
2026,H0388,Stacey Annie Carroll,D,Reapportionment,Official LIS subject,2,2,0,2,INSUFFICIENT DATA,100.0,0.0
2026,H0400,Virgil Thornton,D,Reapportionment,Official LIS subject,1,1,0,1,INSUFFICIENT DATA,100.0,0.0
2026,H0108,Vivian E. Watts,D,Reapportionment,Official LIS subject,1,1,0,1,INSUFFICIENT DATA,100.0,0.0
2026,H0239,Alfonso H. Lopez,D,Reapportionment,Official LIS subject,1,0,0,0,INSUFFICIENT DATA,0.0,0.0
2026,H0345,Anne Ferrell Tata,R,Reapportionment,Official LIS subject,1,0,1,1,INSUFFICIENT DATA,0.0,100.0
2026,H0206,Barry D. Knight,R,Reapportionment,Official LIS subject,1,0,0,0,INSUFFICIENT DATA,0.0,0.0
2026,H0329,Bill Wiley,R,Reapportionment,Official LIS subject,1,0,1,1,INSUFFICIENT DATA,0.0,100.0
2026,H0321,Chris S. Runion,R,Reapportionment,Official LIS subject,1,0,0,0,INSUFFICIENT DATA,0.0,0.0
2026,H0377,Delores Oates,R,Reapportionment,Official LIS subject,1,0,1,1,INSUFFICIENT DATA,0.0,100.0
2026,H0350,Ellen H. McLaughlin,R,Reapportionment,Official LIS subject,1,0,1,1,INSUFFICIENT DATA,0.0,100.0
2026,H0384,Eric Phillips,R,Reapportionment,Official LIS subject,2,0,2,2,INSUFFICIENT DATA,0.0,100.0
2026,H0383,Eric R. Zehr,R,Reapportionment,Official LIS subject,1,0,1,1,INSUFFICIENT DATA,0.0,100.0
2026,H0347,"H. Otto Wachsmann, Jr.",R,Reapportionment,Official LIS subject,2,0,2,2,INSUFFICIENT DATA,0.0,100.0
2026,H0369,Hillary Pugh Kent,R,Reapportionment,Official LIS subject,1,0,1,1,INSUFFICIENT DATA,0.0,100.0
2026,H0259,"Hyland F. ""Buddy"" Fowler, Jr.",R,Reapportionment,Official LIS subject,1,0,1,1,INSUFFICIENT DATA,0.0,100.0
2026,H0242,Israel D. O'Quinn,R,Reapportionment,Official LIS subject,2,0,2,2,INSUFFICIENT DATA,0.0,100.0
2026,H0262,"James A. ""Jay"" Leftwich",R,Reapportionment,Official LIS subject,2,0,2,2,INSUFFICIENT DATA,0.0,100.0
2026,H0224,James W. Morefield,R,Reapportionment,Official LIS subject,1,0,1,1,INSUFFICIENT DATA,0.0,100.0
2026,H0333,Jason S. Ballard,R,Reapportionment,Official LIS subject,1,0,1,1,INSUFFICIENT DATA,0.0,100.0
2026,H0308,Joseph P. McNamara,R,Reapportionment,Official LIS subject,1,0,1,1,INSUFFICIENT DATA,0.0,100.0
2026,H0398,Justin Pence,R,Reapportionment,Official LIS subject,1,0,1,1,INSUFFICIENT DATA,0.0,100.0
2026,H0394,Karen Hamilton,R,Reapportionment,Official LIS subject,1,0,1,1,INSUFFICIENT DATA,0.0,100.0
2026,H0294,Karrie K. Delaney,D,Reapportionment,Official LIS subject,1,0,0,0,INSUFFICIENT DATA,0.0,0.0
2026,H0238,M. Keith Hodges,R,Reapportionment,Official LIS subject,1,0,1,1,INSUFFICIENT DATA,0.0,100.0
2026,H0401,Madison Whittle,R,Reapportionment,Official LIS subject,1,0,1,1,INSUFFICIENT DATA,0.0,100.0
2026,H0247,Michael J. Webert,R,Reapportionment,Official LIS subject,1,0,1,1,INSUFFICIENT DATA,0.0,100.0
2026,H0335,Mike A. Cherry,R,Reapportionment,Official LIS subject,2,0,2,2,INSUFFICIENT DATA,0.0,100.0
2026,H0390,Mitchell Cornett,R,Reapportionment,Official LIS subject,1,0,1,1,INSUFFICIENT DATA,0.0,100.0
2026,H0342,Phillip A. Scott,R,Reapportionment,Official LIS subject,2,0,2,2,INSUFFICIENT DATA,0.0,100.0
2026,H0124,R. Lee Ware,R,Reapportionment,Official LIS subject,1,0,1,1,INSUFFICIENT DATA,0.0,100.0
2026,H0267,"Robert S. Bloxom, Jr.",R,Reapportionment,Official LIS subject,2,0,2,2,INSUFFICIENT DATA,0.0,100.0
2026,H0328,Scott A. Wyatt,R,Reapportionment,Official LIS subject,1,0,1,1,INSUFFICIENT DATA,0.0,100.0
2026,H0056,Terry G. Kilgore,R,Reapportionment,Official LIS subject,1,0,1,1,INSUFFICIENT DATA,0.0,100.0
2026,H0253,Terry L. Austin,R,Reapportionment,Official LIS subject,1,0,0,0,INSUFFICIENT DATA,0.0,0.0
2026,H0362,"Thomas A. Garrett, Jr.",R,Reapportionment,Official LIS subject,1,0,1,1,INSUFFICIENT DATA,0.0,100.0
2026,H0136,"Thomas C. Wright, Jr.",R,Reapportionment,Official LIS subject,1,0,1,1,INSUFFICIENT DATA,0.0,100.0
2026,H0364,Timothy P. Griffin,R,Reapportionment,Official LIS subject,1,0,1,1,INSUFFICIENT DATA,0.0,100.0
2026,H0231,Tony O. Wilt,R,Reapportionment,Official LIS subject,1,0,1,1,INSUFFICIENT DATA,0.0,100.0
2026,H0325,Wendell S. Walker,R,Reapportionment,Official LIS subject,1,0,1,1,INSUFFICIENT DATA,0.0,100.0
2026,H0357,Will Davis,R,Reapportionment,Official LIS subject,1,0,1,1,INSUFFICIENT DATA,0.0,100.0
2026,H0348,Wren M. Williams,R,Reapportionment,Official LIS subject,1,0,1,1,INSUFFICIENT DATA,0.0,100.0
2026,H0375,Adele Y. McClure,D,Social Services,Derived from LIS bill description,9,9,0,9,INSUFFICIENT DATA,100.0,0.0
2026,H0239,Alfonso H. Lopez,D,Social Services,Derived from LIS bill description,9,9,0,9,INSUFFICIENT DATA,100.0,0.0
2026,H0353,Bonita G. Anthony,D,Social Services,Derived from LIS bill description,9,9,0,9,INSUFFICIENT DATA,100.0,0.0
2026,H0334,Elizabeth B. Bennett-Parker,D,Social Services,Derived from LIS bill description,8,7,0,7,INSUFFICIENT DATA,100.0,0.0
2026,H0351,Holly M. Seibold,D,Social Services,Derived from LIS bill description,9,9,0,9,INSUFFICIENT DATA,100.0,0.0
2026,H0385,JJ Singh,D,Social Services,Derived from LIS bill description,9,9,0,9,INSUFFICIENT DATA,100.0,0.0
2026,H0349,Jackie H. Glass,D,Social Services,Derived from LIS bill description,9,9,0,9,INSUFFICIENT DATA,100.0,0.0
2026,H0395,John Chilton McAuliff,D,Social Services,Derived from LIS bill description,9,8,0,8,INSUFFICIENT DATA,100.0,0.0
2026,H0370,Karen Keys-Gamarra,D,Social Services,Derived from LIS bill description,9,9,0,9,INSUFFICIENT DATA,100.0,0.0
2026,H0387,"Karen R. ""Kacey"" Carnegie",D,Social Services,Derived from LIS bill description,9,9,0,9,INSUFFICIENT DATA,100.0,0.0
2026,H0295,Kelly K. Convirs-Fowler,D,Social Services,Derived from LIS bill description,10,9,0,9,INSUFFICIENT DATA,100.0,0.0
2026,H0399,Kimberly Pope Adams,D,Social Services,Derived from LIS bill description,9,9,0,9,INSUFFICIENT DATA,100.0,0.0
2026,H0406,Kirk McPike,D,Social Services,Derived from LIS bill description,1,1,0,1,INSUFFICIENT DATA,100.0,0.0
2026,H0393,Lily V. Franklin,D,Social Services,Derived from LIS bill description,9,9,0,9,INSUFFICIENT DATA,100.0,0.0
2026,H0404,Margaret A. Franklin,D,Social Services,Derived from LIS bill description,9,9,0,9,INSUFFICIENT DATA,100.0,0.0
2026,H0374,Marty Martinez,D,Social Services,Derived from LIS bill description,9,9,0,9,INSUFFICIENT DATA,100.0,0.0
2026,H0397,May Nivar,D,Social Services,Derived from LIS bill description,9,9,0,9,INSUFFICIENT DATA,100.0,0.0
2026,H0360,Michael B. Feggans,D,Social Services,Derived from LIS bill description,9,9,0,9,INSUFFICIENT DATA,100.0,0.0
2026,H0247,Michael J. Webert,R,Social Services,Derived from LIS bill description,10,9,0,9,INSUFFICIENT DATA,100.0,0.0
2026,H0340,Michelle Lopes Maldonado,D,Social Services,Derived from LIS bill description,9,9,0,9,INSUFFICIENT DATA,100.0,0.0
2026,H0336,Nadarius E. Clark,D,Social Services,Derived from LIS bill description,11,7,0,7,INSUFFICIENT DATA,100.0,0.0
2026,H0388,Stacey Annie Carroll,D,Social Services,Derived from LIS bill description,9,9,0,9,INSUFFICIENT DATA,100.0,0.0
2026,H0400,Virgil Thornton,D,Social Services,Derived from LIS bill description,9,9,0,9,INSUFFICIENT DATA,100.0,0.0
2026,H0321,Chris S. Runion,R,Social Services,Derived from LIS bill description,9,8,1,9,INSUFFICIENT DATA,88.88888888888889,11.11111111111111
2026,H0377,Delores Oates,R,Social Services,Derived from LIS bill description,9,8,1,9,INSUFFICIENT DATA,88.88888888888889,11.11111111111111
2026,H0308,Joseph P. McNamara,R,Social Services,Derived from LIS bill description,9,8,1,9,INSUFFICIENT DATA,88.88888888888889,11.11111111111111
2026,H0231,Tony O. Wilt,R,Social Services,Derived from LIS bill description,9,8,1,9,INSUFFICIENT DATA,88.88888888888889,11.11111111111111
2026,H0384,Eric Phillips,R,Social Services,Derived from LIS bill description,9,7,2,9,INSUFFICIENT DATA,77.77777777777779,22.22222222222222
2026,H0259,"Hyland F. ""Buddy"" Fowler, Jr.",R,Social Services,Derived from LIS bill description,9,7,2,9,INSUFFICIENT DATA,77.77777777777779,22.22222222222222
2026,H0333,Jason S. Ballard,R,Social Services,Derived from LIS bill description,9,7,2,9,INSUFFICIENT DATA,77.77777777777779,22.22222222222222
2026,H0398,Justin Pence,R,Social Services,Derived from LIS bill description,9,7,2,9,INSUFFICIENT DATA,77.77777777777779,22.22222222222222
2026,H0262,"James A. ""Jay"" Leftwich",R,Social Services,Derived from LIS bill description,9,6,3,9,INSUFFICIENT DATA,66.66666666666666,33.33333333333333
2026,H0136,"Thomas C. Wright, Jr.",R,Social Services,Derived from LIS bill description,9,6,3,9,INSUFFICIENT DATA,66.66666666666666,33.33333333333333
2026,H0357,Will Davis,R,Social Services,Derived from LIS bill description,10,6,3,9,INSUFFICIENT DATA,66.66666666666666,33.33333333333333
2026,H0394,Karen Hamilton,R,Social Services,Derived from LIS bill description,9,5,4,9,INSUFFICIENT DATA,55.55555555555556,44.44444444444444
2026,H0364,Timothy P. Griffin,R,Social Services,Derived from LIS bill description,11,4,5,9,INSUFFICIENT DATA,44.44444444444444,55.55555555555556
2026,H0206,Barry D. Knight,R,Social Services,Derived from LIS bill description,7,0,0,0,INSUFFICIENT DATA,0.0,0.0
2026,H0390,Mitchell Cornett,R,Social Services,Derived from LIS bill description,22,14,8,22,MIXED,63.63636363636363,36.36363636363637
2026,H0348,Wren M. Williams,R,Social Services,Derived from LIS bill description,15,6,5,11,MIXED,54.54545454545454,45.45454545454545
2026,H0383,Eric R. Zehr,R,Social Services,Derived from LIS bill description,10,5,5,10,MIXED,50.0,50.0
2026,H0342,Phillip A. Scott,R,Social Services,Derived from LIS bill description,18,9,9,18,MIXED,50.0,50.0
2026,H0362,"Thomas A. Garrett, Jr.",R,Social Services,Derived from LIS bill description,11,5,5,10,MIXED,50.0,50.0
2026,H0311,Alex Q. Askew,D,Social Services,Derived from LIS bill description,12,12,0,12,YES,100.0,0.0
2026,H0371,Amy J. Laufer,D,Social Services,Derived from LIS bill description,13,13,0,13,YES,100.0,0.0
2026,H0380,Atoosa R. Reaser,D,Social Services,Derived from LIS bill description,10,10,0,10,YES,100.0,0.0
2026,H0212,Betsy B. Carr,D,Social Services,Derived from LIS bill description,14,14,0,14,YES,100.0,0.0
2026,H0343,Briana D. Sewell,D,Social Services,Derived from LIS bill description,14,14,0,14,YES,100.0,0.0
2026,H0285,"C.E. Cliff Hayes, Jr.",D,Social Services,Derived from LIS bill description,23,23,0,23,YES,100.0,0.0
2026,H0402,Charlie Schmidt,D,Social Services,Derived from LIS bill description,10,10,0,10,YES,100.0,0.0
2026,H0208,Charniele L. Herring,D,Social Services,Derived from LIS bill description,21,21,0,21,YES,100.0,0.0
2026,H0317,Dan I. Helmer,D,Social Services,Derived from LIS bill description,12,12,0,12,YES,100.0,0.0
2026,H0301,David A. Reid,D,Social Services,Derived from LIS bill description,11,10,0,10,YES,100.0,0.0
2026,H0361,Debra D. Gardner,D,Social Services,Derived from LIS bill description,22,22,0,22,YES,100.0,0.0
2026,H0207,Delores L. McQuinn,D,Social Services,Derived from LIS bill description,14,13,0,13,YES,100.0,0.0
2026,H0372,Destiny LeVere Bolling,D,Social Services,Derived from LIS bill description,11,11,0,11,YES,100.0,0.0
2026,H0322,Don Scott,D,Social Services,Derived from LIS bill description,10,10,0,10,YES,100.0,0.0
2026,H0297,Elizabeth R. Guzman,D,Social Services,Derived from LIS bill description,10,10,0,10,YES,100.0,0.0
2026,H0405,Garrett McGuire,D,Social Services,Derived from LIS bill description,17,17,0,17,YES,100.0,0.0
2026,H0403,Gretchen M. Bulova,D,Social Services,Derived from LIS bill description,11,11,0,11,YES,100.0,0.0
2026,H0344,Irene Shin,D,Social Services,Derived from LIS bill description,23,23,0,23,YES,100.0,0.0
2026,H0173,Jeion A. Ward,D,Social Services,Derived from LIS bill description,10,10,0,10,YES,100.0,0.0
2026,H0386,Jessica L. Anderson,D,Social Services,Derived from LIS bill description,10,10,0,10,YES,100.0,0.0
2026,H0382,Joshua E. Thomas,D,Social Services,Derived from LIS bill description,11,11,0,11,YES,100.0,0.0
2026,H0294,Karrie K. Delaney,D,Social Services,Derived from LIS bill description,10,10,0,10,YES,100.0,0.0
2026,H0305,Kathy K.L. Tran,D,Social Services,Derived from LIS bill description,29,29,0,29,YES,100.0,0.0
2026,H0354,Katrina Callsen,D,Social Services,Derived from LIS bill description,10,10,0,10,YES,100.0,0.0
2026,H0355,Laura Jane Cohen,D,Social Services,Derived from LIS bill description,22,22,0,22,YES,100.0,0.0
2026,H0396,Leslie Chambers Mehta,D,Social Services,Derived from LIS bill description,10,10,0,10,YES,100.0,0.0
2026,H0391,Lindsey Dougherty,D,Social Services,Derived from LIS bill description,11,11,0,11,YES,100.0,0.0
2026,H0227,Luke E. Torian,D,Social Services,Derived from LIS bill description,15,11,0,11,YES,100.0,0.0
2026,H0284,"Marcia S. ""Cia"" Price",D,Social Services,Derived from LIS bill description,20,20,0,20,YES,100.0,0.0
2026,H0264,Marcus B. Simon,D,Social Services,Derived from LIS bill description,10,10,0,10,YES,100.0,0.0
2026,H0392,Mark C. Downey,D,Social Services,Derived from LIS bill description,17,17,0,17,YES,100.0,0.0
2026,H0389,Nicole Cole,D,Social Services,Derived from LIS bill description,22,22,0,22,YES,100.0,0.0
2026,H0219,Patrick A. Hope,D,Social Services,Derived from LIS bill description,18,18,0,18,YES,100.0,0.0
2026,H0281,Paul E. Krizek,D,Social Services,Derived from LIS bill description,13,13,0,13,YES,100.0,0.0
2026,H0366,Phil M. Hernandez,D,Social Services,Derived from LIS bill description,10,10,0,10,YES,100.0,0.0
2026,H0356,Rae Cousins,D,Social Services,Derived from LIS bill description,11,11,0,11,YES,100.0,0.0
2026,H0269,"Richard C. ""Rip"" Sullivan, Jr.",D,Social Services,Derived from LIS bill description,12,12,0,12,YES,100.0,0.0
2026,H0327,Rodney T. Willett,D,Social Services,Derived from LIS bill description,23,20,0,20,YES,100.0,0.0
2026,H0266,Sam Rasoul,D,Social Services,Derived from LIS bill description,19,18,0,18,YES,100.0,0.0
2026,H0323,Shelly A. Simonds,D,Social Services,Derived from LIS bill description,13,12,0,12,YES,100.0,0.0
2026,H0108,Vivian E. Watts,D,Social Services,Derived from LIS bill description,11,11,0,11,YES,100.0,0.0
2026,H0365,"Rozia A. Henson, Jr.",D,Social Services,Derived from LIS bill description,22,21,1,22,YES,95.45454545454545,4.545454545454546
2026,H0350,Ellen H. McLaughlin,R,Social Services,Derived from LIS bill description,15,14,1,15,YES,93.33333333333333,6.666666666666667
2026,H0345,Anne Ferrell Tata,R,Social Services,Derived from LIS bill description,11,10,1,11,YES,90.9090909090909,9.090909090909092
2026,H0224,James W. Morefield,R,Social Services,Derived from LIS bill description,11,10,1,11,YES,90.9090909090909,9.090909090909092
2026,H0267,"Robert S. Bloxom, Jr.",R,Social Services,Derived from LIS bill description,11,10,1,11,YES,90.9090909090909,9.090909090909092
2026,H0314,Joshua G. Cole,D,Social Services,Derived from LIS bill description,16,14,2,16,YES,87.5,12.5
2026,H0329,Bill Wiley,R,Social Services,Derived from LIS bill description,12,10,2,12,YES,83.33333333333334,16.666666666666664
2026,H0056,Terry G. Kilgore,R,Social Services,Derived from LIS bill description,12,10,2,12,YES,83.33333333333334,16.666666666666664
2026,H0253,Terry L. Austin,R,Social Services,Derived from LIS bill description,12,10,2,12,YES,83.33333333333334,16.666666666666664
2026,H0347,"H. Otto Wachsmann, Jr.",R,Social Services,Derived from LIS bill description,17,14,3,17,YES,82.35294117647058,17.647058823529413
2026,H0328,Scott A. Wyatt,R,Social Services,Derived from LIS bill description,11,9,2,11,YES,81.81818181818183,18.181818181818183
2026,H0238,M. Keith Hodges,R,Social Services,Derived from LIS bill description,21,17,4,21,YES,80.95238095238095,19.047619047619047
2026,H0369,Hillary Pugh Kent,R,Social Services,Derived from LIS bill description,10,8,2,10,YES,80.0,20.0
2026,H0242,Israel D. O'Quinn,R,Social Services,Derived from LIS bill description,10,8,2,10,YES,80.0,20.0
2026,H0124,R. Lee Ware,R,Social Services,Derived from LIS bill description,10,8,2,10,YES,80.0,20.0
2026,H0335,Mike A. Cherry,R,Social Services,Derived from LIS bill description,17,13,4,17,YES,76.47058823529412,23.52941176470588
2026,H0401,Madison Whittle,R,Social Services,Derived from LIS bill description,11,8,3,11,YES,72.72727272727273,27.27272727272727
2026,H0325,Wendell S. Walker,R,Social Services,Derived from LIS bill description,23,16,7,23,YES,69.56521739130434,30.434782608695656
2026,H0375,Adele Y. McClure,D,Solar Energy,Official LIS subject,1,1,0,1,INSUFFICIENT DATA,100.0,0.0
2026,H0311,Alex Q. Askew,D,Solar Energy,Official LIS subject,2,2,0,2,INSUFFICIENT DATA,100.0,0.0
2026,H0239,Alfonso H. Lopez,D,Solar Energy,Official LIS subject,1,1,0,1,INSUFFICIENT DATA,100.0,0.0
2026,H0371,Amy J. Laufer,D,Solar Energy,Official LIS subject,1,1,0,1,INSUFFICIENT DATA,100.0,0.0
2026,H0380,Atoosa R. Reaser,D,Solar Energy,Official LIS subject,1,1,0,1,INSUFFICIENT DATA,100.0,0.0
2026,H0212,Betsy B. Carr,D,Solar Energy,Official LIS subject,1,1,0,1,INSUFFICIENT DATA,100.0,0.0
2026,H0353,Bonita G. Anthony,D,Solar Energy,Official LIS subject,1,1,0,1,INSUFFICIENT DATA,100.0,0.0
2026,H0343,Briana D. Sewell,D,Solar Energy,Official LIS subject,2,2,0,2,INSUFFICIENT DATA,100.0,0.0
2026,H0285,"C.E. Cliff Hayes, Jr.",D,Solar Energy,Official LIS subject,1,1,0,1,INSUFFICIENT DATA,100.0,0.0
2026,H0402,Charlie Schmidt,D,Solar Energy,Official LIS subject,1,1,0,1,INSUFFICIENT DATA,100.0,0.0
2026,H0208,Charniele L. Herring,D,Solar Energy,Official LIS subject,1,1,0,1,INSUFFICIENT DATA,100.0,0.0
2026,H0321,Chris S. Runion,R,Solar Energy,Official LIS subject,1,1,0,1,INSUFFICIENT DATA,100.0,0.0
2026,H0317,Dan I. Helmer,D,Solar Energy,Official LIS subject,2,2,0,2,INSUFFICIENT DATA,100.0,0.0
2026,H0301,David A. Reid,D,Solar Energy,Official LIS subject,1,1,0,1,INSUFFICIENT DATA,100.0,0.0
2026,H0361,Debra D. Gardner,D,Solar Energy,Official LIS subject,1,1,0,1,INSUFFICIENT DATA,100.0,0.0
2026,H0207,Delores L. McQuinn,D,Solar Energy,Official LIS subject,1,1,0,1,INSUFFICIENT DATA,100.0,0.0
2026,H0372,Destiny LeVere Bolling,D,Solar Energy,Official LIS subject,1,1,0,1,INSUFFICIENT DATA,100.0,0.0
2026,H0322,Don Scott,D,Solar Energy,Official LIS subject,1,1,0,1,INSUFFICIENT DATA,100.0,0.0
2026,H0297,Elizabeth R. Guzman,D,Solar Energy,Official LIS subject,1,1,0,1,INSUFFICIENT DATA,100.0,0.0
2026,H0350,Ellen H. McLaughlin,R,Solar Energy,Official LIS subject,2,2,0,2,INSUFFICIENT DATA,100.0,0.0
2026,H0405,Garrett McGuire,D,Solar Energy,Official LIS subject,2,2,0,2,INSUFFICIENT DATA,100.0,0.0
2026,H0403,Gretchen M. Bulova,D,Solar Energy,Official LIS subject,1,1,0,1,INSUFFICIENT DATA,100.0,0.0
2026,H0351,Holly M. Seibold,D,Solar Energy,Official LIS subject,1,1,0,1,INSUFFICIENT DATA,100.0,0.0
2026,H0259,"Hyland F. ""Buddy"" Fowler, Jr.",R,Solar Energy,Official LIS subject,1,1,0,1,INSUFFICIENT DATA,100.0,0.0
2026,H0344,Irene Shin,D,Solar Energy,Official LIS subject,2,2,0,2,INSUFFICIENT DATA,100.0,0.0
2026,H0385,JJ Singh,D,Solar Energy,Official LIS subject,1,1,0,1,INSUFFICIENT DATA,100.0,0.0
2026,H0349,Jackie H. Glass,D,Solar Energy,Official LIS subject,1,1,0,1,INSUFFICIENT DATA,100.0,0.0
2026,H0224,James W. Morefield,R,Solar Energy,Official LIS subject,2,2,0,2,INSUFFICIENT DATA,100.0,0.0
2026,H0173,Jeion A. Ward,D,Solar Energy,Official LIS subject,1,1,0,1,INSUFFICIENT DATA,100.0,0.0
2026,H0386,Jessica L. Anderson,D,Solar Energy,Official LIS subject,2,2,0,2,INSUFFICIENT DATA,100.0,0.0
2026,H0395,John Chilton McAuliff,D,Solar Energy,Official LIS subject,1,1,0,1,INSUFFICIENT DATA,100.0,0.0
2026,H0382,Joshua E. Thomas,D,Solar Energy,Official LIS subject,1,1,0,1,INSUFFICIENT DATA,100.0,0.0
2026,H0314,Joshua G. Cole,D,Solar Energy,Official LIS subject,1,1,0,1,INSUFFICIENT DATA,100.0,0.0
2026,H0370,Karen Keys-Gamarra,D,Solar Energy,Official LIS subject,2,2,0,2,INSUFFICIENT DATA,100.0,0.0
2026,H0387,"Karen R. ""Kacey"" Carnegie",D,Solar Energy,Official LIS subject,1,1,0,1,INSUFFICIENT DATA,100.0,0.0
2026,H0294,Karrie K. Delaney,D,Solar Energy,Official LIS subject,1,1,0,1,INSUFFICIENT DATA,100.0,0.0
2026,H0305,Kathy K.L. Tran,D,Solar Energy,Official LIS subject,1,1,0,1,INSUFFICIENT DATA,100.0,0.0
2026,H0354,Katrina Callsen,D,Solar Energy,Official LIS subject,1,1,0,1,INSUFFICIENT DATA,100.0,0.0
2026,H0295,Kelly K. Convirs-Fowler,D,Solar Energy,Official LIS subject,1,1,0,1,INSUFFICIENT DATA,100.0,0.0
2026,H0399,Kimberly Pope Adams,D,Solar Energy,Official LIS subject,1,1,0,1,INSUFFICIENT DATA,100.0,0.0
2026,H0406,Kirk McPike,D,Solar Energy,Official LIS subject,1,1,0,1,INSUFFICIENT DATA,100.0,0.0
2026,H0355,Laura Jane Cohen,D,Solar Energy,Official LIS subject,2,2,0,2,INSUFFICIENT DATA,100.0,0.0
2026,H0396,Leslie Chambers Mehta,D,Solar Energy,Official LIS subject,1,1,0,1,INSUFFICIENT DATA,100.0,0.0
2026,H0393,Lily V. Franklin,D,Solar Energy,Official LIS subject,1,1,0,1,INSUFFICIENT DATA,100.0,0.0
2026,H0391,Lindsey Dougherty,D,Solar Energy,Official LIS subject,1,1,0,1,INSUFFICIENT DATA,100.0,0.0
2026,H0227,Luke E. Torian,D,Solar Energy,Official LIS subject,1,1,0,1,INSUFFICIENT DATA,100.0,0.0
2026,H0238,M. Keith Hodges,R,Solar Energy,Official LIS subject,2,2,0,2,INSUFFICIENT DATA,100.0,0.0
2026,H0284,"Marcia S. ""Cia"" Price",D,Solar Energy,Official LIS subject,1,1,0,1,INSUFFICIENT DATA,100.0,0.0
2026,H0264,Marcus B. Simon,D,Solar Energy,Official LIS subject,1,1,0,1,INSUFFICIENT DATA,100.0,0.0
2026,H0404,Margaret A. Franklin,D,Solar Energy,Official LIS subject,2,2,0,2,INSUFFICIENT DATA,100.0,0.0
2026,H0392,Mark C. Downey,D,Solar Energy,Official LIS subject,2,2,0,2,INSUFFICIENT DATA,100.0,0.0
2026,H0374,Marty Martinez,D,Solar Energy,Official LIS subject,2,2,0,2,INSUFFICIENT DATA,100.0,0.0
2026,H0397,May Nivar,D,Solar Energy,Official LIS subject,2,2,0,2,INSUFFICIENT DATA,100.0,0.0
2026,H0360,Michael B. Feggans,D,Solar Energy,Official LIS subject,1,1,0,1,INSUFFICIENT DATA,100.0,0.0
2026,H0247,Michael J. Webert,R,Solar Energy,Official LIS subject,1,1,0,1,INSUFFICIENT DATA,100.0,0.0
2026,H0340,Michelle Lopes Maldonado,D,Solar Energy,Official LIS subject,1,1,0,1,INSUFFICIENT DATA,100.0,0.0
2026,H0335,Mike A. Cherry,R,Solar Energy,Official LIS subject,1,1,0,1,INSUFFICIENT DATA,100.0,0.0
2026,H0336,Nadarius E. Clark,D,Solar Energy,Official LIS subject,1,1,0,1,INSUFFICIENT DATA,100.0,0.0
2026,H0389,Nicole Cole,D,Solar Energy,Official LIS subject,2,2,0,2,INSUFFICIENT DATA,100.0,0.0
2026,H0219,Patrick A. Hope,D,Solar Energy,Official LIS subject,1,1,0,1,INSUFFICIENT DATA,100.0,0.0
2026,H0281,Paul E. Krizek,D,Solar Energy,Official LIS subject,1,1,0,1,INSUFFICIENT DATA,100.0,0.0
2026,H0366,Phil M. Hernandez,D,Solar Energy,Official LIS subject,1,1,0,1,INSUFFICIENT DATA,100.0,0.0
2026,H0124,R. Lee Ware,R,Solar Energy,Official LIS subject,1,1,0,1,INSUFFICIENT DATA,100.0,0.0
2026,H0356,Rae Cousins,D,Solar Energy,Official LIS subject,1,1,0,1,INSUFFICIENT DATA,100.0,0.0
2026,H0269,"Richard C. ""Rip"" Sullivan, Jr.",D,Solar Energy,Official LIS subject,1,1,0,1,INSUFFICIENT DATA,100.0,0.0
2026,H0267,"Robert S. Bloxom, Jr.",R,Solar Energy,Official LIS subject,1,1,0,1,INSUFFICIENT DATA,100.0,0.0
2026,H0327,Rodney T. Willett,D,Solar Energy,Official LIS subject,1,1,0,1,INSUFFICIENT DATA,100.0,0.0
2026,H0365,"Rozia A. Henson, Jr.",D,Solar Energy,Official LIS subject,1,1,0,1,INSUFFICIENT DATA,100.0,0.0
2026,H0266,Sam Rasoul,D,Solar Energy,Official LIS subject,1,1,0,1,INSUFFICIENT DATA,100.0,0.0
2026,H0323,Shelly A. Simonds,D,Solar Energy,Official LIS subject,2,2,0,2,INSUFFICIENT DATA,100.0,0.0
2026,H0388,Stacey Annie Carroll,D,Solar Energy,Official LIS subject,1,1,0,1,INSUFFICIENT DATA,100.0,0.0
2026,H0056,Terry G. Kilgore,R,Solar Energy,Official LIS subject,1,1,0,1,INSUFFICIENT DATA,100.0,0.0
2026,H0362,"Thomas A. Garrett, Jr.",R,Solar Energy,Official LIS subject,1,1,0,1,INSUFFICIENT DATA,100.0,0.0
2026,H0400,Virgil Thornton,D,Solar Energy,Official LIS subject,2,2,0,2,INSUFFICIENT DATA,100.0,0.0
2026,H0328,Scott A. Wyatt,R,Solar Energy,Official LIS subject,2,1,1,2,INSUFFICIENT DATA,50.0,50.0
2026,H0345,Anne Ferrell Tata,R,Solar Energy,Official LIS subject,2,0,2,2,INSUFFICIENT DATA,0.0,100.0
2026,H0329,Bill Wiley,R,Solar Energy,Official LIS subject,1,0,1,1,INSUFFICIENT DATA,0.0,100.0
2026,H0377,Delores Oates,R,Solar Energy,Official LIS subject,1,0,1,1,INSUFFICIENT DATA,0.0,100.0
2026,H0384,Eric Phillips,R,Solar Energy,Official LIS subject,1,0,1,1,INSUFFICIENT DATA,0.0,100.0
2026,H0383,Eric R. Zehr,R,Solar Energy,Official LIS subject,1,0,1,1,INSUFFICIENT DATA,0.0,100.0
2026,H0347,"H. Otto Wachsmann, Jr.",R,Solar Energy,Official LIS subject,1,0,1,1,INSUFFICIENT DATA,0.0,100.0
2026,H0369,Hillary Pugh Kent,R,Solar Energy,Official LIS subject,1,0,1,1,INSUFFICIENT DATA,0.0,100.0
2026,H0242,Israel D. O'Quinn,R,Solar Energy,Official LIS subject,1,0,1,1,INSUFFICIENT DATA,0.0,100.0
2026,H0262,"James A. ""Jay"" Leftwich",R,Solar Energy,Official LIS subject,1,0,1,1,INSUFFICIENT DATA,0.0,100.0
2026,H0333,Jason S. Ballard,R,Solar Energy,Official LIS subject,1,0,1,1,INSUFFICIENT DATA,0.0,100.0
2026,H0308,Joseph P. McNamara,R,Solar Energy,Official LIS subject,2,0,2,2,INSUFFICIENT DATA,0.0,100.0
2026,H0398,Justin Pence,R,Solar Energy,Official LIS subject,1,0,1,1,INSUFFICIENT DATA,0.0,100.0
2026,H0394,Karen Hamilton,R,Solar Energy,Official LIS subject,1,0,1,1,INSUFFICIENT DATA,0.0,100.0
2026,H0401,Madison Whittle,R,Solar Energy,Official LIS subject,1,0,1,1,INSUFFICIENT DATA,0.0,100.0
2026,H0390,Mitchell Cornett,R,Solar Energy,Official LIS subject,1,0,1,1,INSUFFICIENT DATA,0.0,100.0
2026,H0342,Phillip A. Scott,R,Solar Energy,Official LIS subject,1,0,1,1,INSUFFICIENT DATA,0.0,100.0
2026,H0253,Terry L. Austin,R,Solar Energy,Official LIS subject,1,0,0,0,INSUFFICIENT DATA,0.0,0.0
2026,H0136,"Thomas C. Wright, Jr.",R,Solar Energy,Official LIS subject,1,0,1,1,INSUFFICIENT DATA,0.0,100.0
2026,H0364,Timothy P. Griffin,R,Solar Energy,Official LIS subject,1,0,0,0,INSUFFICIENT DATA,0.0,0.0
2026,H0231,Tony O. Wilt,R,Solar Energy,Official LIS subject,1,0,1,1,INSUFFICIENT DATA,0.0,100.0
2026,H0108,Vivian E. Watts,D,Solar Energy,Official LIS subject,1,0,0,0,INSUFFICIENT DATA,0.0,0.0
2026,H0325,Wendell S. Walker,R,Solar Energy,Official LIS subject,1,0,1,1,INSUFFICIENT DATA,0.0,100.0
2026,H0357,Will Davis,R,Solar Energy,Official LIS subject,1,0,1,1,INSUFFICIENT DATA,0.0,100.0
2026,H0348,Wren M. Williams,R,Solar Energy,Official LIS subject,1,0,1,1,INSUFFICIENT DATA,0.0,100.0
2026,H0212,Betsy B. Carr,D,State Employees,Official LIS subject,5,5,0,5,INSUFFICIENT DATA,100.0,0.0
2026,H0317,Dan I. Helmer,D,State Employees,Official LIS subject,5,5,0,5,INSUFFICIENT DATA,100.0,0.0
2026,H0334,Elizabeth B. Bennett-Parker,D,State Employees,Official LIS subject,1,1,0,1,INSUFFICIENT DATA,100.0,0.0
2026,H0355,Laura Jane Cohen,D,State Employees,Official LIS subject,4,3,0,3,INSUFFICIENT DATA,100.0,0.0
2026,H0108,Vivian E. Watts,D,State Employees,Official LIS subject,3,3,0,3,INSUFFICIENT DATA,100.0,0.0
2026,H0239,Alfonso H. Lopez,D,State Employees,Official LIS subject,5,4,1,5,INSUFFICIENT DATA,80.0,20.0
2026,H0371,Amy J. Laufer,D,State Employees,Official LIS subject,5,4,1,5,INSUFFICIENT DATA,80.0,20.0
2026,H0208,Charniele L. Herring,D,State Employees,Official LIS subject,5,4,1,5,INSUFFICIENT DATA,80.0,20.0
2026,H0372,Destiny LeVere Bolling,D,State Employees,Official LIS subject,5,4,1,5,INSUFFICIENT DATA,80.0,20.0
2026,H0295,Kelly K. Convirs-Fowler,D,State Employees,Official LIS subject,5,4,1,5,INSUFFICIENT DATA,80.0,20.0
2026,H0360,Michael B. Feggans,D,State Employees,Official LIS subject,5,4,1,5,INSUFFICIENT DATA,80.0,20.0
2026,H0281,Paul E. Krizek,D,State Employees,Official LIS subject,5,4,1,5,INSUFFICIENT DATA,80.0,20.0
2026,H0327,Rodney T. Willett,D,State Employees,Official LIS subject,5,4,1,5,INSUFFICIENT DATA,80.0,20.0
2026,H0311,Alex Q. Askew,D,State Employees,Official LIS subject,4,3,1,4,INSUFFICIENT DATA,75.0,25.0
2026,H0353,Bonita G. Anthony,D,State Employees,Official LIS subject,4,3,1,4,INSUFFICIENT DATA,75.0,25.0
2026,H0343,Briana D. Sewell,D,State Employees,Official LIS subject,4,3,1,4,INSUFFICIENT DATA,75.0,25.0
2026,H0285,"C.E. Cliff Hayes, Jr.",D,State Employees,Official LIS subject,4,3,1,4,INSUFFICIENT DATA,75.0,25.0
2026,H0301,David A. Reid,D,State Employees,Official LIS subject,4,3,1,4,INSUFFICIENT DATA,75.0,25.0
2026,H0207,Delores L. McQuinn,D,State Employees,Official LIS subject,4,3,1,4,INSUFFICIENT DATA,75.0,25.0
2026,H0344,Irene Shin,D,State Employees,Official LIS subject,4,3,1,4,INSUFFICIENT DATA,75.0,25.0
2026,H0385,JJ Singh,D,State Employees,Official LIS subject,4,3,1,4,INSUFFICIENT DATA,75.0,25.0
2026,H0173,Jeion A. Ward,D,State Employees,Official LIS subject,5,3,1,4,INSUFFICIENT DATA,75.0,25.0
2026,H0382,Joshua E. Thomas,D,State Employees,Official LIS subject,4,3,1,4,INSUFFICIENT DATA,75.0,25.0
2026,H0305,Kathy K.L. Tran,D,State Employees,Official LIS subject,4,3,1,4,INSUFFICIENT DATA,75.0,25.0
2026,H0284,"Marcia S. ""Cia"" Price",D,State Employees,Official LIS subject,4,3,1,4,INSUFFICIENT DATA,75.0,25.0
2026,H0397,May Nivar,D,State Employees,Official LIS subject,4,3,1,4,INSUFFICIENT DATA,75.0,25.0
2026,H0340,Michelle Lopes Maldonado,D,State Employees,Official LIS subject,4,3,1,4,INSUFFICIENT DATA,75.0,25.0
2026,H0356,Rae Cousins,D,State Employees,Official LIS subject,4,3,1,4,INSUFFICIENT DATA,75.0,25.0
2026,H0269,"Richard C. ""Rip"" Sullivan, Jr.",D,State Employees,Official LIS subject,4,3,1,4,INSUFFICIENT DATA,75.0,25.0
2026,H0323,Shelly A. Simonds,D,State Employees,Official LIS subject,4,3,1,4,INSUFFICIENT DATA,75.0,25.0
2026,H0375,Adele Y. McClure,D,State Employees,Official LIS subject,3,2,1,3,INSUFFICIENT DATA,66.66666666666666,33.33333333333333
2026,H0380,Atoosa R. Reaser,D,State Employees,Official LIS subject,3,2,1,3,INSUFFICIENT DATA,66.66666666666666,33.33333333333333
2026,H0402,Charlie Schmidt,D,State Employees,Official LIS subject,3,2,1,3,INSUFFICIENT DATA,66.66666666666666,33.33333333333333
2026,H0361,Debra D. Gardner,D,State Employees,Official LIS subject,3,2,1,3,INSUFFICIENT DATA,66.66666666666666,33.33333333333333
2026,H0322,Don Scott,D,State Employees,Official LIS subject,3,2,1,3,INSUFFICIENT DATA,66.66666666666666,33.33333333333333
2026,H0297,Elizabeth R. Guzman,D,State Employees,Official LIS subject,3,2,1,3,INSUFFICIENT DATA,66.66666666666666,33.33333333333333
2026,H0405,Garrett McGuire,D,State Employees,Official LIS subject,3,2,1,3,INSUFFICIENT DATA,66.66666666666666,33.33333333333333
2026,H0403,Gretchen M. Bulova,D,State Employees,Official LIS subject,3,2,1,3,INSUFFICIENT DATA,66.66666666666666,33.33333333333333
2026,H0351,Holly M. Seibold,D,State Employees,Official LIS subject,3,2,1,3,INSUFFICIENT DATA,66.66666666666666,33.33333333333333
2026,H0349,Jackie H. Glass,D,State Employees,Official LIS subject,3,2,1,3,INSUFFICIENT DATA,66.66666666666666,33.33333333333333
2026,H0386,Jessica L. Anderson,D,State Employees,Official LIS subject,3,2,1,3,INSUFFICIENT DATA,66.66666666666666,33.33333333333333
2026,H0395,John Chilton McAuliff,D,State Employees,Official LIS subject,3,2,1,3,INSUFFICIENT DATA,66.66666666666666,33.33333333333333
2026,H0314,Joshua G. Cole,D,State Employees,Official LIS subject,3,2,1,3,INSUFFICIENT DATA,66.66666666666666,33.33333333333333
2026,H0370,Karen Keys-Gamarra,D,State Employees,Official LIS subject,3,2,1,3,INSUFFICIENT DATA,66.66666666666666,33.33333333333333
2026,H0387,"Karen R. ""Kacey"" Carnegie",D,State Employees,Official LIS subject,3,2,1,3,INSUFFICIENT DATA,66.66666666666666,33.33333333333333
2026,H0294,Karrie K. Delaney,D,State Employees,Official LIS subject,3,2,1,3,INSUFFICIENT DATA,66.66666666666666,33.33333333333333
2026,H0354,Katrina Callsen,D,State Employees,Official LIS subject,3,2,1,3,INSUFFICIENT DATA,66.66666666666666,33.33333333333333
2026,H0399,Kimberly Pope Adams,D,State Employees,Official LIS subject,3,2,1,3,INSUFFICIENT DATA,66.66666666666666,33.33333333333333
2026,H0396,Leslie Chambers Mehta,D,State Employees,Official LIS subject,3,2,1,3,INSUFFICIENT DATA,66.66666666666666,33.33333333333333
2026,H0393,Lily V. Franklin,D,State Employees,Official LIS subject,3,2,1,3,INSUFFICIENT DATA,66.66666666666666,33.33333333333333
2026,H0391,Lindsey Dougherty,D,State Employees,Official LIS subject,3,2,1,3,INSUFFICIENT DATA,66.66666666666666,33.33333333333333
2026,H0227,Luke E. Torian,D,State Employees,Official LIS subject,5,2,1,3,INSUFFICIENT DATA,66.66666666666666,33.33333333333333
2026,H0264,Marcus B. Simon,D,State Employees,Official LIS subject,3,2,1,3,INSUFFICIENT DATA,66.66666666666666,33.33333333333333
2026,H0404,Margaret A. Franklin,D,State Employees,Official LIS subject,3,2,1,3,INSUFFICIENT DATA,66.66666666666666,33.33333333333333
2026,H0392,Mark C. Downey,D,State Employees,Official LIS subject,3,2,1,3,INSUFFICIENT DATA,66.66666666666666,33.33333333333333
2026,H0374,Marty Martinez,D,State Employees,Official LIS subject,3,2,1,3,INSUFFICIENT DATA,66.66666666666666,33.33333333333333
2026,H0389,Nicole Cole,D,State Employees,Official LIS subject,3,2,1,3,INSUFFICIENT DATA,66.66666666666666,33.33333333333333
2026,H0219,Patrick A. Hope,D,State Employees,Official LIS subject,3,2,1,3,INSUFFICIENT DATA,66.66666666666666,33.33333333333333
2026,H0366,Phil M. Hernandez,D,State Employees,Official LIS subject,3,2,1,3,INSUFFICIENT DATA,66.66666666666666,33.33333333333333
2026,H0365,"Rozia A. Henson, Jr.",D,State Employees,Official LIS subject,3,2,1,3,INSUFFICIENT DATA,66.66666666666666,33.33333333333333
2026,H0266,Sam Rasoul,D,State Employees,Official LIS subject,3,2,1,3,INSUFFICIENT DATA,66.66666666666666,33.33333333333333
2026,H0400,Virgil Thornton,D,State Employees,Official LIS subject,3,2,1,3,INSUFFICIENT DATA,66.66666666666666,33.33333333333333
2026,H0406,Kirk McPike,D,State Employees,Official LIS subject,2,1,1,2,INSUFFICIENT DATA,50.0,50.0
2026,H0336,Nadarius E. Clark,D,State Employees,Official LIS subject,4,1,1,2,INSUFFICIENT DATA,50.0,50.0
2026,H0388,Stacey Annie Carroll,D,State Employees,Official LIS subject,3,1,1,2,INSUFFICIENT DATA,50.0,50.0
2026,H0345,Anne Ferrell Tata,R,State Employees,Official LIS subject,3,0,3,3,INSUFFICIENT DATA,0.0,100.0
2026,H0206,Barry D. Knight,R,State Employees,Official LIS subject,1,0,0,0,INSUFFICIENT DATA,0.0,0.0
2026,H0329,Bill Wiley,R,State Employees,Official LIS subject,5,0,5,5,INSUFFICIENT DATA,0.0,100.0
2026,H0321,Chris S. Runion,R,State Employees,Official LIS subject,5,0,5,5,INSUFFICIENT DATA,0.0,100.0
2026,H0377,Delores Oates,R,State Employees,Official LIS subject,3,0,3,3,INSUFFICIENT DATA,0.0,100.0
2026,H0350,Ellen H. McLaughlin,R,State Employees,Official LIS subject,4,0,4,4,INSUFFICIENT DATA,0.0,100.0
2026,H0384,Eric Phillips,R,State Employees,Official LIS subject,3,0,3,3,INSUFFICIENT DATA,0.0,100.0
2026,H0383,Eric R. Zehr,R,State Employees,Official LIS subject,3,0,3,3,INSUFFICIENT DATA,0.0,100.0
2026,H0347,"H. Otto Wachsmann, Jr.",R,State Employees,Official LIS subject,3,0,3,3,INSUFFICIENT DATA,0.0,100.0
2026,H0369,Hillary Pugh Kent,R,State Employees,Official LIS subject,3,0,3,3,INSUFFICIENT DATA,0.0,100.0
2026,H0259,"Hyland F. ""Buddy"" Fowler, Jr.",R,State Employees,Official LIS subject,3,0,3,3,INSUFFICIENT DATA,0.0,100.0
2026,H0242,Israel D. O'Quinn,R,State Employees,Official LIS subject,4,0,4,4,INSUFFICIENT DATA,0.0,100.0
2026,H0262,"James A. ""Jay"" Leftwich",R,State Employees,Official LIS subject,3,0,3,3,INSUFFICIENT DATA,0.0,100.0
2026,H0224,James W. Morefield,R,State Employees,Official LIS subject,4,0,4,4,INSUFFICIENT DATA,0.0,100.0
2026,H0333,Jason S. Ballard,R,State Employees,Official LIS subject,5,0,5,5,INSUFFICIENT DATA,0.0,100.0
2026,H0308,Joseph P. McNamara,R,State Employees,Official LIS subject,3,0,3,3,INSUFFICIENT DATA,0.0,100.0
2026,H0398,Justin Pence,R,State Employees,Official LIS subject,3,0,3,3,INSUFFICIENT DATA,0.0,100.0
2026,H0394,Karen Hamilton,R,State Employees,Official LIS subject,3,0,3,3,INSUFFICIENT DATA,0.0,100.0
2026,H0238,M. Keith Hodges,R,State Employees,Official LIS subject,4,0,4,4,INSUFFICIENT DATA,0.0,100.0
2026,H0401,Madison Whittle,R,State Employees,Official LIS subject,3,0,3,3,INSUFFICIENT DATA,0.0,100.0
2026,H0247,Michael J. Webert,R,State Employees,Official LIS subject,4,0,4,4,INSUFFICIENT DATA,0.0,100.0
2026,H0335,Mike A. Cherry,R,State Employees,Official LIS subject,3,0,3,3,INSUFFICIENT DATA,0.0,100.0
2026,H0390,Mitchell Cornett,R,State Employees,Official LIS subject,3,0,3,3,INSUFFICIENT DATA,0.0,100.0
2026,H0342,Phillip A. Scott,R,State Employees,Official LIS subject,3,0,3,3,INSUFFICIENT DATA,0.0,100.0
2026,H0124,R. Lee Ware,R,State Employees,Official LIS subject,3,0,3,3,INSUFFICIENT DATA,0.0,100.0
2026,H0267,"Robert S. Bloxom, Jr.",R,State Employees,Official LIS subject,5,0,4,4,INSUFFICIENT DATA,0.0,100.0
2026,H0328,Scott A. Wyatt,R,State Employees,Official LIS subject,4,0,4,4,INSUFFICIENT DATA,0.0,100.0
2026,H0056,Terry G. Kilgore,R,State Employees,Official LIS subject,4,0,4,4,INSUFFICIENT DATA,0.0,100.0
2026,H0253,Terry L. Austin,R,State Employees,Official LIS subject,4,0,4,4,INSUFFICIENT DATA,0.0,100.0
2026,H0362,"Thomas A. Garrett, Jr.",R,State Employees,Official LIS subject,3,0,3,3,INSUFFICIENT DATA,0.0,100.0
2026,H0136,"Thomas C. Wright, Jr.",R,State Employees,Official LIS subject,3,0,3,3,INSUFFICIENT DATA,0.0,100.0
2026,H0364,Timothy P. Griffin,R,State Employees,Official LIS subject,3,0,3,3,INSUFFICIENT DATA,0.0,100.0
2026,H0231,Tony O. Wilt,R,State Employees,Official LIS subject,4,0,4,4,INSUFFICIENT DATA,0.0,100.0
2026,H0325,Wendell S. Walker,R,State Employees,Official LIS subject,3,0,3,3,INSUFFICIENT DATA,0.0,100.0
2026,H0357,Will Davis,R,State Employees,Official LIS subject,3,0,3,3,INSUFFICIENT DATA,0.0,100.0
2026,H0348,Wren M. Williams,R,State Employees,Official LIS subject,4,0,4,4,INSUFFICIENT DATA,0.0,100.0
2026,H0406,Kirk McPike,D,State Government,Derived from LIS bill description,7,7,0,7,INSUFFICIENT DATA,100.0,0.0
2026,H0334,Elizabeth B. Bennett-Parker,D,State Government,Derived from LIS bill description,10,6,2,8,INSUFFICIENT DATA,75.0,25.0
2026,H0206,Barry D. Knight,R,State Government,Derived from LIS bill description,14,0,0,0,INSUFFICIENT DATA,0.0,0.0
2026,H0345,Anne Ferrell Tata,R,State Government,Derived from LIS bill description,17,11,6,17,MIXED,64.70588235294117,35.294117647058826
2026,H0333,Jason S. Ballard,R,State Government,Derived from LIS bill description,15,9,5,14,MIXED,64.28571428571429,35.714285714285715
2026,H0308,Joseph P. McNamara,R,State Government,Derived from LIS bill description,15,9,5,14,MIXED,64.28571428571429,35.714285714285715
2026,H0390,Mitchell Cornett,R,State Government,Derived from LIS bill description,19,12,7,19,MIXED,63.1578947368421,36.84210526315789
2026,H0369,Hillary Pugh Kent,R,State Government,Derived from LIS bill description,16,10,6,16,MIXED,62.5,37.5
2026,H0231,Tony O. Wilt,R,State Government,Derived from LIS bill description,16,10,6,16,MIXED,62.5,37.5
2026,H0348,Wren M. Williams,R,State Government,Derived from LIS bill description,18,10,6,16,MIXED,62.5,37.5
2026,H0253,Terry L. Austin,R,State Government,Derived from LIS bill description,26,16,10,26,MIXED,61.53846153846154,38.46153846153847
2026,H0362,"Thomas A. Garrett, Jr.",R,State Government,Derived from LIS bill description,17,8,5,13,MIXED,61.53846153846154,38.46153846153847
2026,H0136,"Thomas C. Wright, Jr.",R,State Government,Derived from LIS bill description,15,8,5,13,MIXED,61.53846153846154,38.46153846153847
2026,H0321,Chris S. Runion,R,State Government,Derived from LIS bill description,15,9,6,15,MIXED,60.0,40.0
2026,H0242,Israel D. O'Quinn,R,State Government,Derived from LIS bill description,15,9,6,15,MIXED,60.0,40.0
2026,H0262,"James A. ""Jay"" Leftwich",R,State Government,Derived from LIS bill description,15,9,6,15,MIXED,60.0,40.0
2026,H0398,Justin Pence,R,State Government,Derived from LIS bill description,15,9,6,15,MIXED,60.0,40.0
2026,H0328,Scott A. Wyatt,R,State Government,Derived from LIS bill description,20,12,8,20,MIXED,60.0,40.0
2026,H0357,Will Davis,R,State Government,Derived from LIS bill description,15,9,6,15,MIXED,60.0,40.0
2026,H0056,Terry G. Kilgore,R,State Government,Derived from LIS bill description,17,10,7,17,MIXED,58.82352941176471,41.17647058823529
2026,H0259,"Hyland F. ""Buddy"" Fowler, Jr.",R,State Government,Derived from LIS bill description,26,15,11,26,MIXED,57.692307692307686,42.30769230769231
2026,H0224,James W. Morefield,R,State Government,Derived from LIS bill description,29,16,12,28,MIXED,57.14285714285714,42.857142857142854
2026,H0364,Timothy P. Griffin,R,State Government,Derived from LIS bill description,15,8,6,14,MIXED,57.14285714285714,42.857142857142854
2026,H0377,Delores Oates,R,State Government,Derived from LIS bill description,16,9,7,16,MIXED,56.25,43.75
2026,H0350,Ellen H. McLaughlin,R,State Government,Derived from LIS bill description,31,16,13,29,MIXED,55.172413793103445,44.827586206896555
2026,H0267,"Robert S. Bloxom, Jr.",R,State Government,Derived from LIS bill description,30,16,13,29,MIXED,55.172413793103445,44.827586206896555
2026,H0342,Phillip A. Scott,R,State Government,Derived from LIS bill description,20,11,9,20,MIXED,55.00000000000001,45.0
2026,H0383,Eric R. Zehr,R,State Government,Derived from LIS bill description,17,9,8,17,MIXED,52.94117647058824,47.05882352941176
2026,H0247,Michael J. Webert,R,State Government,Derived from LIS bill description,17,8,8,16,MIXED,50.0,50.0
2026,H0394,Karen Hamilton,R,State Government,Derived from LIS bill description,17,7,9,16,MIXED,43.75,56.25
2026,H0311,Alex Q. Askew,D,State Government,Derived from LIS bill description,21,21,0,21,YES,100.0,0.0
2026,H0239,Alfonso H. Lopez,D,State Government,Derived from LIS bill description,16,16,0,16,YES,100.0,0.0
2026,H0380,Atoosa R. Reaser,D,State Government,Derived from LIS bill description,22,22,0,22,YES,100.0,0.0
2026,H0212,Betsy B. Carr,D,State Government,Derived from LIS bill description,27,27,0,27,YES,100.0,0.0
2026,H0353,Bonita G. Anthony,D,State Government,Derived from LIS bill description,15,15,0,15,YES,100.0,0.0
2026,H0402,Charlie Schmidt,D,State Government,Derived from LIS bill description,15,15,0,15,YES,100.0,0.0
2026,H0208,Charniele L. Herring,D,State Government,Derived from LIS bill description,26,26,0,26,YES,100.0,0.0
2026,H0317,Dan I. Helmer,D,State Government,Derived from LIS bill description,18,18,0,18,YES,100.0,0.0
2026,H0301,David A. Reid,D,State Government,Derived from LIS bill description,23,23,0,23,YES,100.0,0.0
2026,H0361,Debra D. Gardner,D,State Government,Derived from LIS bill description,19,18,0,18,YES,100.0,0.0
2026,H0207,Delores L. McQuinn,D,State Government,Derived from LIS bill description,25,24,0,24,YES,100.0,0.0
2026,H0372,Destiny LeVere Bolling,D,State Government,Derived from LIS bill description,17,16,0,16,YES,100.0,0.0
2026,H0322,Don Scott,D,State Government,Derived from LIS bill description,15,15,0,15,YES,100.0,0.0
2026,H0297,Elizabeth R. Guzman,D,State Government,Derived from LIS bill description,27,26,0,26,YES,100.0,0.0
2026,H0405,Garrett McGuire,D,State Government,Derived from LIS bill description,20,20,0,20,YES,100.0,0.0
2026,H0403,Gretchen M. Bulova,D,State Government,Derived from LIS bill description,17,17,0,17,YES,100.0,0.0
2026,H0351,Holly M. Seibold,D,State Government,Derived from LIS bill description,28,26,0,26,YES,100.0,0.0
2026,H0173,Jeion A. Ward,D,State Government,Derived from LIS bill description,15,14,0,14,YES,100.0,0.0
2026,H0395,John Chilton McAuliff,D,State Government,Derived from LIS bill description,15,11,0,11,YES,100.0,0.0
2026,H0382,Joshua E. Thomas,D,State Government,Derived from LIS bill description,21,21,0,21,YES,100.0,0.0
2026,H0314,Joshua G. Cole,D,State Government,Derived from LIS bill description,29,29,0,29,YES,100.0,0.0
2026,H0370,Karen Keys-Gamarra,D,State Government,Derived from LIS bill description,15,14,0,14,YES,100.0,0.0
2026,H0387,"Karen R. ""Kacey"" Carnegie",D,State Government,Derived from LIS bill description,15,15,0,15,YES,100.0,0.0
2026,H0294,Karrie K. Delaney,D,State Government,Derived from LIS bill description,26,26,0,26,YES,100.0,0.0
2026,H0354,Katrina Callsen,D,State Government,Derived from LIS bill description,26,25,0,25,YES,100.0,0.0
2026,H0295,Kelly K. Convirs-Fowler,D,State Government,Derived from LIS bill description,16,13,0,13,YES,100.0,0.0
2026,H0399,Kimberly Pope Adams,D,State Government,Derived from LIS bill description,16,16,0,16,YES,100.0,0.0
2026,H0396,Leslie Chambers Mehta,D,State Government,Derived from LIS bill description,15,14,0,14,YES,100.0,0.0
2026,H0391,Lindsey Dougherty,D,State Government,Derived from LIS bill description,17,17,0,17,YES,100.0,0.0
2026,H0227,Luke E. Torian,D,State Government,Derived from LIS bill description,30,26,0,26,YES,100.0,0.0
2026,H0264,Marcus B. Simon,D,State Government,Derived from LIS bill description,22,22,0,22,YES,100.0,0.0
2026,H0404,Margaret A. Franklin,D,State Government,Derived from LIS bill description,15,15,0,15,YES,100.0,0.0
2026,H0392,Mark C. Downey,D,State Government,Derived from LIS bill description,20,20,0,20,YES,100.0,0.0
2026,H0374,Marty Martinez,D,State Government,Derived from LIS bill description,15,15,0,15,YES,100.0,0.0
2026,H0397,May Nivar,D,State Government,Derived from LIS bill description,15,15,0,15,YES,100.0,0.0
2026,H0360,Michael B. Feggans,D,State Government,Derived from LIS bill description,16,16,0,16,YES,100.0,0.0
2026,H0336,Nadarius E. Clark,D,State Government,Derived from LIS bill description,18,10,0,10,YES,100.0,0.0
2026,H0389,Nicole Cole,D,State Government,Derived from LIS bill description,18,18,0,18,YES,100.0,0.0
2026,H0219,Patrick A. Hope,D,State Government,Derived from LIS bill description,21,21,0,21,YES,100.0,0.0
2026,H0281,Paul E. Krizek,D,State Government,Derived from LIS bill description,29,27,0,27,YES,100.0,0.0
2026,H0366,Phil M. Hernandez,D,State Government,Derived from LIS bill description,21,21,0,21,YES,100.0,0.0
2026,H0356,Rae Cousins,D,State Government,Derived from LIS bill description,18,18,0,18,YES,100.0,0.0
2026,H0269,"Richard C. ""Rip"" Sullivan, Jr.",D,State Government,Derived from LIS bill description,17,17,0,17,YES,100.0,0.0
2026,H0327,Rodney T. Willett,D,State Government,Derived from LIS bill description,24,24,0,24,YES,100.0,0.0
2026,H0323,Shelly A. Simonds,D,State Government,Derived from LIS bill description,21,21,0,21,YES,100.0,0.0
2026,H0400,Virgil Thornton,D,State Government,Derived from LIS bill description,15,15,0,15,YES,100.0,0.0
2026,H0108,Vivian E. Watts,D,State Government,Derived from LIS bill description,15,15,0,15,YES,100.0,0.0
2026,H0285,"C.E. Cliff Hayes, Jr.",D,State Government,Derived from LIS bill description,28,27,1,28,YES,96.42857142857143,3.571428571428571
2026,H0343,Briana D. Sewell,D,State Government,Derived from LIS bill description,25,24,1,25,YES,96.0,4.0
2026,H0371,Amy J. Laufer,D,State Government,Derived from LIS bill description,23,22,1,23,YES,95.65217391304348,4.3478260869565215
2026,H0266,Sam Rasoul,D,State Government,Derived from LIS bill description,24,21,1,22,YES,95.45454545454545,4.545454545454546
2026,H0365,"Rozia A. Henson, Jr.",D,State Government,Derived from LIS bill description,18,17,1,18,YES,94.44444444444444,5.555555555555555
2026,H0385,JJ Singh,D,State Government,Derived from LIS bill description,15,14,1,15,YES,93.33333333333333,6.666666666666667
2026,H0340,Michelle Lopes Maldonado,D,State Government,Derived from LIS bill description,15,14,1,15,YES,93.33333333333333,6.666666666666667
2026,H0305,Kathy K.L. Tran,D,State Government,Derived from LIS bill description,25,23,2,25,YES,92.0,8.0
2026,H0393,Lily V. Franklin,D,State Government,Derived from LIS bill description,21,19,2,21,YES,90.47619047619048,9.523809523809524
2026,H0344,Irene Shin,D,State Government,Derived from LIS bill description,20,18,2,20,YES,90.0,10.0
2026,H0386,Jessica L. Anderson,D,State Government,Derived from LIS bill description,18,16,2,18,YES,88.88888888888889,11.11111111111111
2026,H0388,Stacey Annie Carroll,D,State Government,Derived from LIS bill description,26,23,3,26,YES,88.46153846153845,11.538461538461538
2026,H0284,"Marcia S. ""Cia"" Price",D,State Government,Derived from LIS bill description,34,29,4,33,YES,87.87878787878788,12.121212121212121
2026,H0355,Laura Jane Cohen,D,State Government,Derived from LIS bill description,18,14,2,16,YES,87.5,12.5
2026,H0349,Jackie H. Glass,D,State Government,Derived from LIS bill description,15,13,2,15,YES,86.66666666666667,13.333333333333334
2026,H0375,Adele Y. McClure,D,State Government,Derived from LIS bill description,27,23,4,27,YES,85.18518518518519,14.814814814814813
2026,H0347,"H. Otto Wachsmann, Jr.",R,State Government,Derived from LIS bill description,20,15,5,20,YES,75.0,25.0
2026,H0335,Mike A. Cherry,R,State Government,Derived from LIS bill description,19,14,5,19,YES,73.68421052631578,26.31578947368421
2026,H0329,Bill Wiley,R,State Government,Derived from LIS bill description,27,19,8,27,YES,70.37037037037037,29.629629629629626
2026,H0325,Wendell S. Walker,R,State Government,Derived from LIS bill description,20,14,6,20,YES,70.0,30.0
2026,H0384,Eric Phillips,R,State Government,Derived from LIS bill description,16,11,5,16,YES,68.75,31.25
2026,H0401,Madison Whittle,R,State Government,Derived from LIS bill description,16,11,5,16,YES,68.75,31.25
2026,H0238,M. Keith Hodges,R,State Government,Derived from LIS bill description,25,16,8,24,YES,66.66666666666666,33.33333333333333
2026,H0124,R. Lee Ware,R,State Government,Derived from LIS bill description,15,10,5,15,YES,66.66666666666666,33.33333333333333
2026,H0334,Elizabeth B. Bennett-Parker,D,"Study Commissions, Committees, and Reports",Official LIS subject,2,2,0,2,INSUFFICIENT DATA,100.0,0.0
2026,H0297,Elizabeth R. Guzman,D,"Study Commissions, Committees, and Reports",Official LIS subject,10,9,0,9,INSUFFICIENT DATA,100.0,0.0
2026,H0406,Kirk McPike,D,"Study Commissions, Committees, and Reports",Official LIS subject,8,8,0,8,INSUFFICIENT DATA,100.0,0.0
2026,H0404,Margaret A. Franklin,D,"Study Commissions, Committees, and Reports",Official LIS subject,10,9,0,9,INSUFFICIENT DATA,100.0,0.0
2026,H0366,Phil M. Hernandez,D,"Study Commissions, Committees, and Reports",Official LIS subject,10,9,0,9,INSUFFICIENT DATA,100.0,0.0
2026,H0388,Stacey Annie Carroll,D,"Study Commissions, Committees, and Reports",Official LIS subject,10,9,0,9,INSUFFICIENT DATA,100.0,0.0
2026,H0259,"Hyland F. ""Buddy"" Fowler, Jr.",R,"Study Commissions, Committees, and Reports",Official LIS subject,10,2,7,9,INSUFFICIENT DATA,22.22222222222222,77.77777777777779
2026,H0136,"Thomas C. Wright, Jr.",R,"Study Commissions, Committees, and Reports",Official LIS subject,10,1,5,6,INSUFFICIENT DATA,16.666666666666664,83.33333333333334
2026,H0325,Wendell S. Walker,R,"Study Commissions, Committees, and Reports",Official LIS subject,10,1,8,9,INSUFFICIENT DATA,11.11111111111111,88.88888888888889
2026,H0407,Andrew Rice,R,"Study Commissions, Committees, and Reports",Official LIS subject,2,0,2,2,INSUFFICIENT DATA,0.0,100.0
2026,H0206,Barry D. Knight,R,"Study Commissions, Committees, and Reports",Official LIS subject,2,0,0,0,INSUFFICIENT DATA,0.0,0.0
2026,H0362,"Thomas A. Garrett, Jr.",R,"Study Commissions, Committees, and Reports",Official LIS subject,10,0,8,8,INSUFFICIENT DATA,0.0,100.0
2026,H0364,Timothy P. Griffin,R,"Study Commissions, Committees, and Reports",Official LIS subject,10,0,9,9,INSUFFICIENT DATA,0.0,100.0
2026,H0267,"Robert S. Bloxom, Jr.",R,"Study Commissions, Committees, and Reports",Official LIS subject,12,6,6,12,MIXED,50.0,50.0
2026,H0224,James W. Morefield,R,"Study Commissions, Committees, and Reports",Official LIS subject,12,5,7,12,MIXED,41.66666666666667,58.333333333333336
2026,H0348,Wren M. Williams,R,"Study Commissions, Committees, and Reports",Official LIS subject,16,5,8,13,MIXED,38.46153846153847,61.53846153846154
2026,H0056,Terry G. Kilgore,R,"Study Commissions, Committees, and Reports",Official LIS subject,16,6,10,16,MIXED,37.5,62.5
2026,H0329,Bill Wiley,R,"Study Commissions, Committees, and Reports",Official LIS subject,12,4,8,12,NO,33.33333333333333,66.66666666666666
2026,H0384,Eric Phillips,R,"Study Commissions, Committees, and Reports",Official LIS subject,10,3,7,10,NO,30.0,70.0
2026,H0347,"H. Otto Wachsmann, Jr.",R,"Study Commissions, Committees, and Reports",Official LIS subject,10,3,7,10,NO,30.0,70.0
2026,H0124,R. Lee Ware,R,"Study Commissions, Committees, and Reports",Official LIS subject,10,3,7,10,NO,30.0,70.0
2026,H0357,Will Davis,R,"Study Commissions, Committees, and Reports",Official LIS subject,10,3,7,10,NO,30.0,70.0
2026,H0333,Jason S. Ballard,R,"Study Commissions, Committees, and Reports",Official LIS subject,14,4,10,14,NO,28.57142857142857,71.42857142857143
2026,H0350,Ellen H. McLaughlin,R,"Study Commissions, Committees, and Reports",Official LIS subject,12,3,9,12,NO,25.0,75.0
2026,H0238,M. Keith Hodges,R,"Study Commissions, Committees, and Reports",Official LIS subject,12,3,9,12,NO,25.0,75.0
2026,H0253,Terry L. Austin,R,"Study Commissions, Committees, and Reports",Official LIS subject,12,3,9,12,NO,25.0,75.0
2026,H0242,Israel D. O'Quinn,R,"Study Commissions, Committees, and Reports",Official LIS subject,14,3,11,14,NO,21.428571428571427,78.57142857142857
2026,H0401,Madison Whittle,R,"Study Commissions, Committees, and Reports",Official LIS subject,10,2,8,10,NO,20.0,80.0
2026,H0335,Mike A. Cherry,R,"Study Commissions, Committees, and Reports",Official LIS subject,10,2,8,10,NO,20.0,80.0
2026,H0328,Scott A. Wyatt,R,"Study Commissions, Committees, and Reports",Official LIS subject,12,2,10,12,NO,16.666666666666664,83.33333333333334
2026,H0345,Anne Ferrell Tata,R,"Study Commissions, Committees, and Reports",Official LIS subject,10,1,9,10,NO,10.0,90.0
2026,H0377,Delores Oates,R,"Study Commissions, Committees, and Reports",Official LIS subject,10,1,9,10,NO,10.0,90.0
2026,H0369,Hillary Pugh Kent,R,"Study Commissions, Committees, and Reports",Official LIS subject,10,1,9,10,NO,10.0,90.0
2026,H0262,"James A. ""Jay"" Leftwich",R,"Study Commissions, Committees, and Reports",Official LIS subject,10,1,9,10,NO,10.0,90.0
2026,H0308,Joseph P. McNamara,R,"Study Commissions, Committees, and Reports",Official LIS subject,10,1,9,10,NO,10.0,90.0
2026,H0398,Justin Pence,R,"Study Commissions, Committees, and Reports",Official LIS subject,10,1,9,10,NO,10.0,90.0
2026,H0390,Mitchell Cornett,R,"Study Commissions, Committees, and Reports",Official LIS subject,10,1,9,10,NO,10.0,90.0
2026,H0321,Chris S. Runion,R,"Study Commissions, Committees, and Reports",Official LIS subject,14,1,13,14,NO,7.142857142857142,92.85714285714286
2026,H0247,Michael J. Webert,R,"Study Commissions, Committees, and Reports",Official LIS subject,14,1,13,14,NO,7.142857142857142,92.85714285714286
2026,H0231,Tony O. Wilt,R,"Study Commissions, Committees, and Reports",Official LIS subject,16,1,15,16,NO,6.25,93.75
2026,H0383,Eric R. Zehr,R,"Study Commissions, Committees, and Reports",Official LIS subject,10,0,10,10,NO,0.0,100.0
2026,H0394,Karen Hamilton,R,"Study Commissions, Committees, and Reports",Official LIS subject,10,0,10,10,NO,0.0,100.0
2026,H0342,Phillip A. Scott,R,"Study Commissions, Committees, and Reports",Official LIS subject,10,0,10,10,NO,0.0,100.0
2026,H0375,Adele Y. McClure,D,"Study Commissions, Committees, and Reports",Official LIS subject,10,10,0,10,YES,100.0,0.0
2026,H0311,Alex Q. Askew,D,"Study Commissions, Committees, and Reports",Official LIS subject,12,12,0,12,YES,100.0,0.0
2026,H0239,Alfonso H. Lopez,D,"Study Commissions, Committees, and Reports",Official LIS subject,14,14,0,14,YES,100.0,0.0
2026,H0371,Amy J. Laufer,D,"Study Commissions, Committees, and Reports",Official LIS subject,12,12,0,12,YES,100.0,0.0
2026,H0380,Atoosa R. Reaser,D,"Study Commissions, Committees, and Reports",Official LIS subject,10,10,0,10,YES,100.0,0.0
2026,H0212,Betsy B. Carr,D,"Study Commissions, Committees, and Reports",Official LIS subject,12,12,0,12,YES,100.0,0.0
2026,H0353,Bonita G. Anthony,D,"Study Commissions, Committees, and Reports",Official LIS subject,16,16,0,16,YES,100.0,0.0
2026,H0343,Briana D. Sewell,D,"Study Commissions, Committees, and Reports",Official LIS subject,12,12,0,12,YES,100.0,0.0
2026,H0285,"C.E. Cliff Hayes, Jr.",D,"Study Commissions, Committees, and Reports",Official LIS subject,12,12,0,12,YES,100.0,0.0
2026,H0402,Charlie Schmidt,D,"Study Commissions, Committees, and Reports",Official LIS subject,10,10,0,10,YES,100.0,0.0
2026,H0208,Charniele L. Herring,D,"Study Commissions, Committees, and Reports",Official LIS subject,12,12,0,12,YES,100.0,0.0
2026,H0317,Dan I. Helmer,D,"Study Commissions, Committees, and Reports",Official LIS subject,14,13,0,13,YES,100.0,0.0
2026,H0301,David A. Reid,D,"Study Commissions, Committees, and Reports",Official LIS subject,12,12,0,12,YES,100.0,0.0
2026,H0361,Debra D. Gardner,D,"Study Commissions, Committees, and Reports",Official LIS subject,10,10,0,10,YES,100.0,0.0
2026,H0207,Delores L. McQuinn,D,"Study Commissions, Committees, and Reports",Official LIS subject,12,12,0,12,YES,100.0,0.0
2026,H0372,Destiny LeVere Bolling,D,"Study Commissions, Committees, and Reports",Official LIS subject,14,14,0,14,YES,100.0,0.0
2026,H0322,Don Scott,D,"Study Commissions, Committees, and Reports",Official LIS subject,10,10,0,10,YES,100.0,0.0
2026,H0405,Garrett McGuire,D,"Study Commissions, Committees, and Reports",Official LIS subject,10,10,0,10,YES,100.0,0.0
2026,H0403,Gretchen M. Bulova,D,"Study Commissions, Committees, and Reports",Official LIS subject,10,10,0,10,YES,100.0,0.0
2026,H0351,Holly M. Seibold,D,"Study Commissions, Committees, and Reports",Official LIS subject,10,10,0,10,YES,100.0,0.0
2026,H0344,Irene Shin,D,"Study Commissions, Committees, and Reports",Official LIS subject,16,16,0,16,YES,100.0,0.0
2026,H0385,JJ Singh,D,"Study Commissions, Committees, and Reports",Official LIS subject,14,14,0,14,YES,100.0,0.0
2026,H0349,Jackie H. Glass,D,"Study Commissions, Committees, and Reports",Official LIS subject,10,10,0,10,YES,100.0,0.0
2026,H0173,Jeion A. Ward,D,"Study Commissions, Committees, and Reports",Official LIS subject,14,14,0,14,YES,100.0,0.0
2026,H0386,Jessica L. Anderson,D,"Study Commissions, Committees, and Reports",Official LIS subject,10,10,0,10,YES,100.0,0.0
2026,H0395,John Chilton McAuliff,D,"Study Commissions, Committees, and Reports",Official LIS subject,10,10,0,10,YES,100.0,0.0
2026,H0382,Joshua E. Thomas,D,"Study Commissions, Committees, and Reports",Official LIS subject,12,12,0,12,YES,100.0,0.0
2026,H0314,Joshua G. Cole,D,"Study Commissions, Committees, and Reports",Official LIS subject,10,10,0,10,YES,100.0,0.0
2026,H0370,Karen Keys-Gamarra,D,"Study Commissions, Committees, and Reports",Official LIS subject,10,10,0,10,YES,100.0,0.0
2026,H0387,"Karen R. ""Kacey"" Carnegie",D,"Study Commissions, Committees, and Reports",Official LIS subject,10,10,0,10,YES,100.0,0.0
2026,H0294,Karrie K. Delaney,D,"Study Commissions, Committees, and Reports",Official LIS subject,10,10,0,10,YES,100.0,0.0
2026,H0305,Kathy K.L. Tran,D,"Study Commissions, Committees, and Reports",Official LIS subject,12,12,0,12,YES,100.0,0.0
2026,H0354,Katrina Callsen,D,"Study Commissions, Committees, and Reports",Official LIS subject,10,10,0,10,YES,100.0,0.0
2026,H0295,Kelly K. Convirs-Fowler,D,"Study Commissions, Committees, and Reports",Official LIS subject,14,13,0,13,YES,100.0,0.0
2026,H0399,Kimberly Pope Adams,D,"Study Commissions, Committees, and Reports",Official LIS subject,10,10,0,10,YES,100.0,0.0
2026,H0355,Laura Jane Cohen,D,"Study Commissions, Committees, and Reports",Official LIS subject,14,14,0,14,YES,100.0,0.0
2026,H0396,Leslie Chambers Mehta,D,"Study Commissions, Committees, and Reports",Official LIS subject,10,10,0,10,YES,100.0,0.0
2026,H0393,Lily V. Franklin,D,"Study Commissions, Committees, and Reports",Official LIS subject,10,10,0,10,YES,100.0,0.0
2026,H0391,Lindsey Dougherty,D,"Study Commissions, Committees, and Reports",Official LIS subject,10,10,0,10,YES,100.0,0.0
2026,H0227,Luke E. Torian,D,"Study Commissions, Committees, and Reports",Official LIS subject,12,11,0,11,YES,100.0,0.0
2026,H0284,"Marcia S. ""Cia"" Price",D,"Study Commissions, Committees, and Reports",Official LIS subject,12,12,0,12,YES,100.0,0.0
2026,H0264,Marcus B. Simon,D,"Study Commissions, Committees, and Reports",Official LIS subject,10,10,0,10,YES,100.0,0.0
2026,H0392,Mark C. Downey,D,"Study Commissions, Committees, and Reports",Official LIS subject,10,10,0,10,YES,100.0,0.0
2026,H0374,Marty Martinez,D,"Study Commissions, Committees, and Reports",Official LIS subject,10,10,0,10,YES,100.0,0.0
2026,H0397,May Nivar,D,"Study Commissions, Committees, and Reports",Official LIS subject,16,16,0,16,YES,100.0,0.0
2026,H0360,Michael B. Feggans,D,"Study Commissions, Committees, and Reports",Official LIS subject,16,16,0,16,YES,100.0,0.0
2026,H0340,Michelle Lopes Maldonado,D,"Study Commissions, Committees, and Reports",Official LIS subject,14,14,0,14,YES,100.0,0.0
2026,H0336,Nadarius E. Clark,D,"Study Commissions, Committees, and Reports",Official LIS subject,16,15,0,15,YES,100.0,0.0
2026,H0389,Nicole Cole,D,"Study Commissions, Committees, and Reports",Official LIS subject,10,10,0,10,YES,100.0,0.0
2026,H0219,Patrick A. Hope,D,"Study Commissions, Committees, and Reports",Official LIS subject,10,10,0,10,YES,100.0,0.0
2026,H0281,Paul E. Krizek,D,"Study Commissions, Committees, and Reports",Official LIS subject,12,12,0,12,YES,100.0,0.0
2026,H0356,Rae Cousins,D,"Study Commissions, Committees, and Reports",Official LIS subject,14,14,0,14,YES,100.0,0.0
2026,H0269,"Richard C. ""Rip"" Sullivan, Jr.",D,"Study Commissions, Committees, and Reports",Official LIS subject,16,16,0,16,YES,100.0,0.0
2026,H0327,Rodney T. Willett,D,"Study Commissions, Committees, and Reports",Official LIS subject,12,12,0,12,YES,100.0,0.0
2026,H0365,"Rozia A. Henson, Jr.",D,"Study Commissions, Committees, and Reports",Official LIS subject,10,10,0,10,YES,100.0,0.0
2026,H0266,Sam Rasoul,D,"Study Commissions, Committees, and Reports",Official LIS subject,10,10,0,10,YES,100.0,0.0
2026,H0323,Shelly A. Simonds,D,"Study Commissions, Committees, and Reports",Official LIS subject,12,12,0,12,YES,100.0,0.0
2026,H0400,Virgil Thornton,D,"Study Commissions, Committees, and Reports",Official LIS subject,10,10,0,10,YES,100.0,0.0
2026,H0108,Vivian E. Watts,D,"Study Commissions, Committees, and Reports",Official LIS subject,10,10,0,10,YES,100.0,0.0
2026,H0407,Andrew Rice,R,Taxes and Revenue,Derived from LIS bill description,3,2,1,3,INSUFFICIENT DATA,66.66666666666666,33.33333333333333
2026,H0206,Barry D. Knight,R,Taxes and Revenue,Derived from LIS bill description,15,0,0,0,INSUFFICIENT DATA,0.0,0.0
2026,H0124,R. Lee Ware,R,Taxes and Revenue,Derived from LIS bill description,88,56,31,87,MIXED,64.36781609195403,35.63218390804598
2026,H0231,Tony O. Wilt,R,Taxes and Revenue,Derived from LIS bill description,37,23,14,37,MIXED,62.16216216216216,37.83783783783784
2026,H0335,Mike A. Cherry,R,Taxes and Revenue,Derived from LIS bill description,37,22,15,37,MIXED,59.45945945945946,40.54054054054054
2026,H0348,Wren M. Williams,R,Taxes and Revenue,Derived from LIS bill description,38,22,15,37,MIXED,59.45945945945946,40.54054054054054
2026,H0056,Terry G. Kilgore,R,Taxes and Revenue,Derived from LIS bill description,41,24,17,41,MIXED,58.536585365853654,41.46341463414634
2026,H0345,Anne Ferrell Tata,R,Taxes and Revenue,Derived from LIS bill description,37,21,16,37,MIXED,56.75675675675676,43.24324324324324
2026,H0321,Chris S. Runion,R,Taxes and Revenue,Derived from LIS bill description,66,37,29,66,MIXED,56.060606060606055,43.93939393939394
2026,H0398,Justin Pence,R,Taxes and Revenue,Derived from LIS bill description,38,19,16,35,MIXED,54.285714285714285,45.714285714285715
2026,H0308,Joseph P. McNamara,R,Taxes and Revenue,Derived from LIS bill description,93,47,40,87,MIXED,54.02298850574713,45.97701149425287
2026,H0328,Scott A. Wyatt,R,Taxes and Revenue,Derived from LIS bill description,41,22,19,41,MIXED,53.65853658536586,46.34146341463415
2026,H0357,Will Davis,R,Taxes and Revenue,Derived from LIS bill description,94,50,44,94,MIXED,53.191489361702125,46.808510638297875
2026,H0329,Bill Wiley,R,Taxes and Revenue,Derived from LIS bill description,49,26,23,49,MIXED,53.06122448979592,46.93877551020408
2026,H0262,"James A. ""Jay"" Leftwich",R,Taxes and Revenue,Derived from LIS bill description,39,20,19,39,MIXED,51.28205128205128,48.717948717948715
2026,H0242,Israel D. O'Quinn,R,Taxes and Revenue,Derived from LIS bill description,40,20,20,40,MIXED,50.0,50.0
2026,H0247,Michael J. Webert,R,Taxes and Revenue,Derived from LIS bill description,39,19,19,38,MIXED,50.0,50.0
2026,H0401,Madison Whittle,R,Taxes and Revenue,Derived from LIS bill description,38,18,20,38,MIXED,47.368421052631575,52.63157894736842
2026,H0390,Mitchell Cornett,R,Taxes and Revenue,Derived from LIS bill description,37,17,20,37,MIXED,45.94594594594595,54.054054054054056
2026,H0333,Jason S. Ballard,R,Taxes and Revenue,Derived from LIS bill description,40,18,22,40,MIXED,45.0,55.00000000000001
2026,H0362,"Thomas A. Garrett, Jr.",R,Taxes and Revenue,Derived from LIS bill description,87,34,43,77,MIXED,44.15584415584416,55.84415584415584
2026,H0383,Eric R. Zehr,R,Taxes and Revenue,Derived from LIS bill description,37,16,21,37,MIXED,43.24324324324324,56.75675675675676
2026,H0136,"Thomas C. Wright, Jr.",R,Taxes and Revenue,Derived from LIS bill description,36,12,19,31,MIXED,38.70967741935484,61.29032258064516
2026,H0377,Delores Oates,R,Taxes and Revenue,Derived from LIS bill description,37,14,23,37,MIXED,37.83783783783784,62.16216216216216
2026,H0369,Hillary Pugh Kent,R,Taxes and Revenue,Derived from LIS bill description,37,14,23,37,MIXED,37.83783783783784,62.16216216216216
2026,H0394,Karen Hamilton,R,Taxes and Revenue,Derived from LIS bill description,38,11,26,37,NO,29.72972972972973,70.27027027027027
2026,H0364,Timothy P. Griffin,R,Taxes and Revenue,Derived from LIS bill description,36,10,26,36,NO,27.77777777777778,72.22222222222221
2026,H0342,Phillip A. Scott,R,Taxes and Revenue,Derived from LIS bill description,36,9,26,35,NO,25.71428571428571,74.28571428571429
2026,H0399,Kimberly Pope Adams,D,Taxes and Revenue,Derived from LIS bill description,94,93,1,94,YES,98.93617021276596,1.0638297872340425
2026,H0361,Debra D. Gardner,D,Taxes and Revenue,Derived from LIS bill description,93,90,1,91,YES,98.9010989010989,1.098901098901099
2026,H0389,Nicole Cole,D,Taxes and Revenue,Derived from LIS bill description,87,81,1,82,YES,98.78048780487805,1.2195121951219512
2026,H0269,"Richard C. ""Rip"" Sullivan, Jr.",D,Taxes and Revenue,Derived from LIS bill description,71,70,1,71,YES,98.59154929577466,1.4084507042253522
2026,H0340,Michelle Lopes Maldonado,D,Taxes and Revenue,Derived from LIS bill description,95,92,2,94,YES,97.87234042553192,2.127659574468085
2026,H0108,Vivian E. Watts,D,Taxes and Revenue,Derived from LIS bill description,95,92,2,94,YES,97.87234042553192,2.127659574468085
2026,H0264,Marcus B. Simon,D,Taxes and Revenue,Derived from LIS bill description,46,44,1,45,YES,97.77777777777777,2.2222222222222223
2026,H0343,Briana D. Sewell,D,Taxes and Revenue,Derived from LIS bill description,44,43,1,44,YES,97.72727272727273,2.272727272727273
2026,H0285,"C.E. Cliff Hayes, Jr.",D,Taxes and Revenue,Derived from LIS bill description,43,42,1,43,YES,97.67441860465115,2.3255813953488373
2026,H0297,Elizabeth R. Guzman,D,Taxes and Revenue,Derived from LIS bill description,43,42,1,43,YES,97.67441860465115,2.3255813953488373
2026,H0391,Lindsey Dougherty,D,Taxes and Revenue,Derived from LIS bill description,88,83,2,85,YES,97.6470588235294,2.3529411764705883
2026,H0371,Amy J. Laufer,D,Taxes and Revenue,Derived from LIS bill description,42,41,1,42,YES,97.61904761904762,2.380952380952381
2026,H0301,David A. Reid,D,Taxes and Revenue,Derived from LIS bill description,42,41,1,42,YES,97.61904761904762,2.380952380952381
2026,H0207,Delores L. McQuinn,D,Taxes and Revenue,Derived from LIS bill description,44,40,1,41,YES,97.5609756097561,2.4390243902439024
2026,H0314,Joshua G. Cole,D,Taxes and Revenue,Derived from LIS bill description,41,40,1,41,YES,97.5609756097561,2.4390243902439024
2026,H0327,Rodney T. Willett,D,Taxes and Revenue,Derived from LIS bill description,42,40,1,41,YES,97.5609756097561,2.4390243902439024
2026,H0323,Shelly A. Simonds,D,Taxes and Revenue,Derived from LIS bill description,41,40,1,41,YES,97.5609756097561,2.4390243902439024
2026,H0311,Alex Q. Askew,D,Taxes and Revenue,Derived from LIS bill description,41,39,1,40,YES,97.5,2.5
2026,H0294,Karrie K. Delaney,D,Taxes and Revenue,Derived from LIS bill description,42,39,1,40,YES,97.5,2.5
2026,H0393,Lily V. Franklin,D,Taxes and Revenue,Derived from LIS bill description,40,39,1,40,YES,97.5,2.5
2026,H0360,Michael B. Feggans,D,Taxes and Revenue,Derived from LIS bill description,40,39,1,40,YES,97.5,2.5
2026,H0387,"Karen R. ""Kacey"" Carnegie",D,Taxes and Revenue,Derived from LIS bill description,39,38,1,39,YES,97.43589743589743,2.564102564102564
2026,H0396,Leslie Chambers Mehta,D,Taxes and Revenue,Derived from LIS bill description,39,38,1,39,YES,97.43589743589743,2.564102564102564
2026,H0400,Virgil Thornton,D,Taxes and Revenue,Derived from LIS bill description,39,38,1,39,YES,97.43589743589743,2.564102564102564
2026,H0317,Dan I. Helmer,D,Taxes and Revenue,Derived from LIS bill description,39,37,1,38,YES,97.36842105263158,2.631578947368421
2026,H0372,Destiny LeVere Bolling,D,Taxes and Revenue,Derived from LIS bill description,37,36,1,37,YES,97.2972972972973,2.7027027027027026
2026,H0322,Don Scott,D,Taxes and Revenue,Derived from LIS bill description,37,36,1,37,YES,97.2972972972973,2.7027027027027026
2026,H0385,JJ Singh,D,Taxes and Revenue,Derived from LIS bill description,36,35,1,36,YES,97.22222222222221,2.7777777777777777
2026,H0365,"Rozia A. Henson, Jr.",D,Taxes and Revenue,Derived from LIS bill description,36,35,1,36,YES,97.22222222222221,2.7777777777777777
2026,H0392,Mark C. Downey,D,Taxes and Revenue,Derived from LIS bill description,36,34,1,35,YES,97.14285714285714,2.857142857142857
2026,H0374,Marty Martinez,D,Taxes and Revenue,Derived from LIS bill description,36,34,1,35,YES,97.14285714285714,2.857142857142857
2026,H0173,Jeion A. Ward,D,Taxes and Revenue,Derived from LIS bill description,37,33,1,34,YES,97.05882352941177,2.941176470588235
2026,H0295,Kelly K. Convirs-Fowler,D,Taxes and Revenue,Derived from LIS bill description,36,33,1,34,YES,97.05882352941177,2.941176470588235
2026,H0403,Gretchen M. Bulova,D,Taxes and Revenue,Derived from LIS bill description,93,89,3,92,YES,96.73913043478261,3.260869565217391
2026,H0353,Bonita G. Anthony,D,Taxes and Revenue,Derived from LIS bill description,119,109,4,113,YES,96.46017699115043,3.5398230088495577
2026,H0370,Karen Keys-Gamarra,D,Taxes and Revenue,Derived from LIS bill description,90,80,3,83,YES,96.3855421686747,3.614457831325301
2026,H0334,Elizabeth B. Bennett-Parker,D,Taxes and Revenue,Derived from LIS bill description,66,52,2,54,YES,96.29629629629629,3.7037037037037033
2026,H0354,Katrina Callsen,D,Taxes and Revenue,Derived from LIS bill description,99,94,4,98,YES,95.91836734693877,4.081632653061225
2026,H0212,Betsy B. Carr,D,Taxes and Revenue,Derived from LIS bill description,48,46,2,48,YES,95.83333333333334,4.166666666666666
2026,H0404,Margaret A. Franklin,D,Taxes and Revenue,Derived from LIS bill description,88,83,4,87,YES,95.40229885057471,4.597701149425287
2026,H0219,Patrick A. Hope,D,Taxes and Revenue,Derived from LIS bill description,40,38,2,40,YES,95.0,5.0
2026,H0366,Phil M. Hernandez,D,Taxes and Revenue,Derived from LIS bill description,100,95,5,100,YES,95.0,5.0
2026,H0239,Alfonso H. Lopez,D,Taxes and Revenue,Derived from LIS bill description,37,35,2,37,YES,94.5945945945946,5.405405405405405
2026,H0397,May Nivar,D,Taxes and Revenue,Derived from LIS bill description,36,34,2,36,YES,94.44444444444444,5.555555555555555
2026,H0388,Stacey Annie Carroll,D,Taxes and Revenue,Derived from LIS bill description,92,83,5,88,YES,94.31818181818183,5.681818181818182
2026,H0355,Laura Jane Cohen,D,Taxes and Revenue,Derived from LIS bill description,36,30,2,32,YES,93.75,6.25
2026,H0281,Paul E. Krizek,D,Taxes and Revenue,Derived from LIS bill description,47,42,3,45,YES,93.33333333333333,6.666666666666667
2026,H0375,Adele Y. McClure,D,Taxes and Revenue,Derived from LIS bill description,44,41,3,44,YES,93.18181818181817,6.8181818181818175
2026,H0336,Nadarius E. Clark,D,Taxes and Revenue,Derived from LIS bill description,37,22,2,24,YES,91.66666666666666,8.333333333333332
2026,H0405,Garrett McGuire,D,Taxes and Revenue,Derived from LIS bill description,36,32,3,35,YES,91.42857142857143,8.571428571428571
2026,H0344,Irene Shin,D,Taxes and Revenue,Derived from LIS bill description,36,30,3,33,YES,90.9090909090909,9.090909090909092
2026,H0208,Charniele L. Herring,D,Taxes and Revenue,Derived from LIS bill description,43,38,4,42,YES,90.47619047619048,9.523809523809524
2026,H0305,Kathy K.L. Tran,D,Taxes and Revenue,Derived from LIS bill description,42,38,4,42,YES,90.47619047619048,9.523809523809524
2026,H0227,Luke E. Torian,D,Taxes and Revenue,Derived from LIS bill description,49,37,4,41,YES,90.2439024390244,9.75609756097561
2026,H0356,Rae Cousins,D,Taxes and Revenue,Derived from LIS bill description,41,37,4,41,YES,90.2439024390244,9.75609756097561
2026,H0386,Jessica L. Anderson,D,Taxes and Revenue,Derived from LIS bill description,39,35,4,39,YES,89.74358974358975,10.256410256410255
2026,H0402,Charlie Schmidt,D,Taxes and Revenue,Derived from LIS bill description,38,34,4,38,YES,89.47368421052632,10.526315789473683
2026,H0349,Jackie H. Glass,D,Taxes and Revenue,Derived from LIS bill description,37,33,4,37,YES,89.1891891891892,10.81081081081081
2026,H0380,Atoosa R. Reaser,D,Taxes and Revenue,Derived from LIS bill description,44,39,5,44,YES,88.63636363636364,11.363636363636363
2026,H0284,"Marcia S. ""Cia"" Price",D,Taxes and Revenue,Derived from LIS bill description,46,40,6,46,YES,86.95652173913044,13.043478260869565
2026,H0351,Holly M. Seibold,D,Taxes and Revenue,Derived from LIS bill description,43,36,6,42,YES,85.71428571428571,14.285714285714285
2026,H0382,Joshua E. Thomas,D,Taxes and Revenue,Derived from LIS bill description,42,36,6,42,YES,85.71428571428571,14.285714285714285
2026,H0406,Kirk McPike,D,Taxes and Revenue,Derived from LIS bill description,26,22,4,26,YES,84.61538461538461,15.384615384615385
2026,H0266,Sam Rasoul,D,Taxes and Revenue,Derived from LIS bill description,39,32,7,39,YES,82.05128205128204,17.94871794871795
2026,H0267,"Robert S. Bloxom, Jr.",R,Taxes and Revenue,Derived from LIS bill description,47,38,9,47,YES,80.85106382978722,19.148936170212767
2026,H0395,John Chilton McAuliff,D,Taxes and Revenue,Derived from LIS bill description,36,25,6,31,YES,80.64516129032258,19.35483870967742
2026,H0384,Eric Phillips,R,Taxes and Revenue,Derived from LIS bill description,37,28,7,35,YES,80.0,20.0
2026,H0224,James W. Morefield,R,Taxes and Revenue,Derived from LIS bill description,46,35,11,46,YES,76.08695652173914,23.91304347826087
2026,H0238,M. Keith Hodges,R,Taxes and Revenue,Derived from LIS bill description,40,30,10,40,YES,75.0,25.0
2026,H0350,Ellen H. McLaughlin,R,Taxes and Revenue,Derived from LIS bill description,45,27,11,38,YES,71.05263157894737,28.947368421052634
2026,H0347,"H. Otto Wachsmann, Jr.",R,Taxes and Revenue,Derived from LIS bill description,36,24,12,36,YES,66.66666666666666,33.33333333333333
2026,H0253,Terry L. Austin,R,Taxes and Revenue,Derived from LIS bill description,50,33,17,50,YES,66.0,34.0
2026,H0259,"Hyland F. ""Buddy"" Fowler, Jr.",R,Taxes and Revenue,Derived from LIS bill description,96,55,29,84,YES,65.47619047619048,34.523809523809526
2026,H0325,Wendell S. Walker,R,Taxes and Revenue,Derived from LIS bill description,87,55,29,84,YES,65.47619047619048,34.523809523809526
2026,H0334,Elizabeth B. Bennett-Parker,D,Technology and Data,Derived from LIS bill description,10,8,1,9,INSUFFICIENT DATA,88.88888888888889,11.11111111111111
2026,H0206,Barry D. Knight,R,Technology and Data,Derived from LIS bill description,9,0,0,0,INSUFFICIENT DATA,0.0,0.0
2026,H0347,"H. Otto Wachsmann, Jr.",R,Technology and Data,Derived from LIS bill description,28,18,10,28,MIXED,64.28571428571429,35.714285714285715
2026,H0259,"Hyland F. ""Buddy"" Fowler, Jr.",R,Technology and Data,Derived from LIS bill description,24,14,8,22,MIXED,63.63636363636363,36.36363636363637
2026,H0384,Eric Phillips,R,Technology and Data,Derived from LIS bill description,19,12,7,19,MIXED,63.1578947368421,36.84210526315789
2026,H0329,Bill Wiley,R,Technology and Data,Derived from LIS bill description,26,16,10,26,MIXED,61.53846153846154,38.46153846153847
2026,H0377,Delores Oates,R,Technology and Data,Derived from LIS bill description,27,16,11,27,MIXED,59.25925925925925,40.74074074074074
2026,H0383,Eric R. Zehr,R,Technology and Data,Derived from LIS bill description,22,13,9,22,MIXED,59.09090909090909,40.909090909090914
2026,H0362,"Thomas A. Garrett, Jr.",R,Technology and Data,Derived from LIS bill description,22,12,9,21,MIXED,57.14285714285714,42.857142857142854
2026,H0321,Chris S. Runion,R,Technology and Data,Derived from LIS bill description,18,10,8,18,MIXED,55.55555555555556,44.44444444444444
2026,H0308,Joseph P. McNamara,R,Technology and Data,Derived from LIS bill description,26,14,12,26,MIXED,53.84615384615385,46.15384615384615
2026,H0342,Phillip A. Scott,R,Technology and Data,Derived from LIS bill description,21,11,10,21,MIXED,52.38095238095239,47.61904761904761
2026,H0328,Scott A. Wyatt,R,Technology and Data,Derived from LIS bill description,23,12,11,23,MIXED,52.17391304347826,47.82608695652174
2026,H0394,Karen Hamilton,R,Technology and Data,Derived from LIS bill description,28,13,15,28,MIXED,46.42857142857143,53.57142857142857
2026,H0364,Timothy P. Griffin,R,Technology and Data,Derived from LIS bill description,27,12,14,26,MIXED,46.15384615384615,53.84615384615385
2026,H0136,"Thomas C. Wright, Jr.",R,Technology and Data,Derived from LIS bill description,25,9,12,21,MIXED,42.857142857142854,57.14285714285714
2026,H0344,Irene Shin,D,Technology and Data,Derived from LIS bill description,28,26,1,27,YES,96.29629629629629,3.7037037037037033
2026,H0285,"C.E. Cliff Hayes, Jr.",D,Technology and Data,Derived from LIS bill description,41,36,2,38,YES,94.73684210526315,5.263157894736842
2026,H0393,Lily V. Franklin,D,Technology and Data,Derived from LIS bill description,32,30,2,32,YES,93.75,6.25
2026,H0239,Alfonso H. Lopez,D,Technology and Data,Derived from LIS bill description,30,28,2,30,YES,93.33333333333333,6.666666666666667
2026,H0349,Jackie H. Glass,D,Technology and Data,Derived from LIS bill description,30,28,2,30,YES,93.33333333333333,6.666666666666667
2026,H0391,Lindsey Dougherty,D,Technology and Data,Derived from LIS bill description,31,28,2,30,YES,93.33333333333333,6.666666666666667
2026,H0343,Briana D. Sewell,D,Technology and Data,Derived from LIS bill description,29,27,2,29,YES,93.10344827586206,6.896551724137931
2026,H0227,Luke E. Torian,D,Technology and Data,Derived from LIS bill description,35,27,2,29,YES,93.10344827586206,6.896551724137931
2026,H0340,Michelle Lopes Maldonado,D,Technology and Data,Derived from LIS bill description,29,27,2,29,YES,93.10344827586206,6.896551724137931
2026,H0281,Paul E. Krizek,D,Technology and Data,Derived from LIS bill description,31,27,2,29,YES,93.10344827586206,6.896551724137931
2026,H0311,Alex Q. Askew,D,Technology and Data,Derived from LIS bill description,28,26,2,28,YES,92.85714285714286,7.142857142857142
2026,H0402,Charlie Schmidt,D,Technology and Data,Derived from LIS bill description,28,26,2,28,YES,92.85714285714286,7.142857142857142
2026,H0208,Charniele L. Herring,D,Technology and Data,Derived from LIS bill description,27,25,2,27,YES,92.5925925925926,7.4074074074074066
2026,H0301,David A. Reid,D,Technology and Data,Derived from LIS bill description,27,25,2,27,YES,92.5925925925926,7.4074074074074066
2026,H0207,Delores L. McQuinn,D,Technology and Data,Derived from LIS bill description,30,25,2,27,YES,92.5925925925926,7.4074074074074066
2026,H0370,Karen Keys-Gamarra,D,Technology and Data,Derived from LIS bill description,27,25,2,27,YES,92.5925925925926,7.4074074074074066
2026,H0374,Marty Martinez,D,Technology and Data,Derived from LIS bill description,28,25,2,27,YES,92.5925925925926,7.4074074074074066
2026,H0323,Shelly A. Simonds,D,Technology and Data,Derived from LIS bill description,28,25,2,27,YES,92.5925925925926,7.4074074074074066
2026,H0173,Jeion A. Ward,D,Technology and Data,Derived from LIS bill description,27,24,2,26,YES,92.3076923076923,7.6923076923076925
2026,H0269,"Richard C. ""Rip"" Sullivan, Jr.",D,Technology and Data,Derived from LIS bill description,25,23,2,25,YES,92.0,8.0
2026,H0327,Rodney T. Willett,D,Technology and Data,Derived from LIS bill description,25,23,2,25,YES,92.0,8.0
2026,H0351,Holly M. Seibold,D,Technology and Data,Derived from LIS bill description,37,33,3,36,YES,91.66666666666666,8.333333333333332
2026,H0382,Joshua E. Thomas,D,Technology and Data,Derived from LIS bill description,24,22,2,24,YES,91.66666666666666,8.333333333333332
2026,H0294,Karrie K. Delaney,D,Technology and Data,Derived from LIS bill description,24,22,2,24,YES,91.66666666666666,8.333333333333332
2026,H0372,Destiny LeVere Bolling,D,Technology and Data,Derived from LIS bill description,23,21,2,23,YES,91.30434782608695,8.695652173913043
2026,H0108,Vivian E. Watts,D,Technology and Data,Derived from LIS bill description,23,21,2,23,YES,91.30434782608695,8.695652173913043
2026,H0322,Don Scott,D,Technology and Data,Derived from LIS bill description,21,19,2,21,YES,90.47619047619048,9.523809523809524
2026,H0219,Patrick A. Hope,D,Technology and Data,Derived from LIS bill description,24,19,2,21,YES,90.47619047619048,9.523809523809524
2026,H0348,Wren M. Williams,R,Technology and Data,Derived from LIS bill description,20,18,2,20,YES,90.0,10.0
2026,H0212,Betsy B. Carr,D,Technology and Data,Derived from LIS bill description,29,26,3,29,YES,89.65517241379311,10.344827586206897
2026,H0305,Kathy K.L. Tran,D,Technology and Data,Derived from LIS bill description,29,26,3,29,YES,89.65517241379311,10.344827586206897
2026,H0361,Debra D. Gardner,D,Technology and Data,Derived from LIS bill description,19,17,2,19,YES,89.47368421052632,10.526315789473683
2026,H0387,"Karen R. ""Kacey"" Carnegie",D,Technology and Data,Derived from LIS bill description,19,17,2,19,YES,89.47368421052632,10.526315789473683
2026,H0360,Michael B. Feggans,D,Technology and Data,Derived from LIS bill description,19,17,2,19,YES,89.47368421052632,10.526315789473683
2026,H0388,Stacey Annie Carroll,D,Technology and Data,Derived from LIS bill description,22,17,2,19,YES,89.47368421052632,10.526315789473683
2026,H0371,Amy J. Laufer,D,Technology and Data,Derived from LIS bill description,28,25,3,28,YES,89.28571428571429,10.714285714285714
2026,H0353,Bonita G. Anthony,D,Technology and Data,Derived from LIS bill description,18,16,2,18,YES,88.88888888888889,11.11111111111111
2026,H0295,Kelly K. Convirs-Fowler,D,Technology and Data,Derived from LIS bill description,21,16,2,18,YES,88.88888888888889,11.11111111111111
2026,H0404,Margaret A. Franklin,D,Technology and Data,Derived from LIS bill description,18,16,2,18,YES,88.88888888888889,11.11111111111111
2026,H0397,May Nivar,D,Technology and Data,Derived from LIS bill description,18,16,2,18,YES,88.88888888888889,11.11111111111111
2026,H0389,Nicole Cole,D,Technology and Data,Derived from LIS bill description,18,16,2,18,YES,88.88888888888889,11.11111111111111
2026,H0356,Rae Cousins,D,Technology and Data,Derived from LIS bill description,27,24,3,27,YES,88.88888888888889,11.11111111111111
2026,H0385,JJ Singh,D,Technology and Data,Derived from LIS bill description,26,23,3,26,YES,88.46153846153845,11.538461538461538
2026,H0264,Marcus B. Simon,D,Technology and Data,Derived from LIS bill description,27,23,3,26,YES,88.46153846153845,11.538461538461538
2026,H0395,John Chilton McAuliff,D,Technology and Data,Derived from LIS bill description,20,15,2,17,YES,88.23529411764706,11.76470588235294
2026,H0355,Laura Jane Cohen,D,Technology and Data,Derived from LIS bill description,18,15,2,17,YES,88.23529411764706,11.76470588235294
2026,H0317,Dan I. Helmer,D,Technology and Data,Derived from LIS bill description,25,22,3,25,YES,88.0,12.0
2026,H0386,Jessica L. Anderson,D,Technology and Data,Derived from LIS bill description,25,22,3,25,YES,88.0,12.0
2026,H0336,Nadarius E. Clark,D,Technology and Data,Derived from LIS bill description,23,14,2,16,YES,87.5,12.5
2026,H0403,Gretchen M. Bulova,D,Technology and Data,Derived from LIS bill description,23,20,3,23,YES,86.95652173913044,13.043478260869565
2026,H0314,Joshua G. Cole,D,Technology and Data,Derived from LIS bill description,23,20,3,23,YES,86.95652173913044,13.043478260869565
2026,H0266,Sam Rasoul,D,Technology and Data,Derived from LIS bill description,23,20,3,23,YES,86.95652173913044,13.043478260869565
2026,H0056,Terry G. Kilgore,R,Technology and Data,Derived from LIS bill description,25,20,3,23,YES,86.95652173913044,13.043478260869565
2026,H0238,M. Keith Hodges,R,Technology and Data,Derived from LIS bill description,22,19,3,22,YES,86.36363636363636,13.636363636363635
2026,H0224,James W. Morefield,R,Technology and Data,Derived from LIS bill description,30,24,4,28,YES,85.71428571428571,14.285714285714285
2026,H0400,Virgil Thornton,D,Technology and Data,Derived from LIS bill description,21,18,3,21,YES,85.71428571428571,14.285714285714285
2026,H0399,Kimberly Pope Adams,D,Technology and Data,Derived from LIS bill description,20,17,3,20,YES,85.0,15.0
2026,H0396,Leslie Chambers Mehta,D,Technology and Data,Derived from LIS bill description,20,17,3,20,YES,85.0,15.0
2026,H0380,Atoosa R. Reaser,D,Technology and Data,Derived from LIS bill description,26,21,4,25,YES,84.0,16.0
2026,H0297,Elizabeth R. Guzman,D,Technology and Data,Derived from LIS bill description,25,21,4,25,YES,84.0,16.0
2026,H0405,Garrett McGuire,D,Technology and Data,Derived from LIS bill description,28,21,4,25,YES,84.0,16.0
2026,H0392,Mark C. Downey,D,Technology and Data,Derived from LIS bill description,18,15,3,18,YES,83.33333333333334,16.666666666666664
2026,H0365,"Rozia A. Henson, Jr.",D,Technology and Data,Derived from LIS bill description,26,20,4,24,YES,83.33333333333334,16.666666666666664
2026,H0284,"Marcia S. ""Cia"" Price",D,Technology and Data,Derived from LIS bill description,30,24,5,29,YES,82.75862068965517,17.24137931034483
2026,H0375,Adele Y. McClure,D,Technology and Data,Derived from LIS bill description,23,19,4,23,YES,82.6086956521739,17.391304347826086
2026,H0406,Kirk McPike,D,Technology and Data,Derived from LIS bill description,10,8,2,10,YES,80.0,20.0
2026,H0366,Phil M. Hernandez,D,Technology and Data,Derived from LIS bill description,25,20,5,25,YES,80.0,20.0
2026,H0247,Michael J. Webert,R,Technology and Data,Derived from LIS bill description,25,19,5,24,YES,79.16666666666666,20.833333333333336
2026,H0345,Anne Ferrell Tata,R,Technology and Data,Derived from LIS bill description,23,18,5,23,YES,78.26086956521739,21.73913043478261
2026,H0253,Terry L. Austin,R,Technology and Data,Derived from LIS bill description,30,23,7,30,YES,76.66666666666667,23.333333333333332
2026,H0242,Israel D. O'Quinn,R,Technology and Data,Derived from LIS bill description,21,16,5,21,YES,76.19047619047619,23.809523809523807
2026,H0231,Tony O. Wilt,R,Technology and Data,Derived from LIS bill description,21,15,6,21,YES,71.42857142857143,28.57142857142857
2026,H0369,Hillary Pugh Kent,R,Technology and Data,Derived from LIS bill description,24,17,7,24,YES,70.83333333333334,29.166666666666668
2026,H0357,Will Davis,R,Technology and Data,Derived from LIS bill description,20,14,6,20,YES,70.0,30.0
2026,H0350,Ellen H. McLaughlin,R,Technology and Data,Derived from LIS bill description,29,18,8,26,YES,69.23076923076923,30.76923076923077
2026,H0262,"James A. ""Jay"" Leftwich",R,Technology and Data,Derived from LIS bill description,19,13,6,19,YES,68.42105263157895,31.57894736842105
2026,H0333,Jason S. Ballard,R,Technology and Data,Derived from LIS bill description,19,13,6,19,YES,68.42105263157895,31.57894736842105
2026,H0390,Mitchell Cornett,R,Technology and Data,Derived from LIS bill description,19,13,6,19,YES,68.42105263157895,31.57894736842105
2026,H0124,R. Lee Ware,R,Technology and Data,Derived from LIS bill description,22,15,7,22,YES,68.18181818181817,31.818181818181817
2026,H0354,Katrina Callsen,D,Technology and Data,Derived from LIS bill description,25,17,8,25,YES,68.0,32.0
2026,H0267,"Robert S. Bloxom, Jr.",R,Technology and Data,Derived from LIS bill description,31,20,10,30,YES,66.66666666666666,33.33333333333333
2026,H0325,Wendell S. Walker,R,Technology and Data,Derived from LIS bill description,18,12,6,18,YES,66.66666666666666,33.33333333333333
2026,H0398,Justin Pence,R,Technology and Data,Derived from LIS bill description,29,19,10,29,YES,65.51724137931035,34.48275862068966
2026,H0401,Madison Whittle,R,Technology and Data,Derived from LIS bill description,23,15,8,23,YES,65.21739130434783,34.78260869565217
2026,H0335,Mike A. Cherry,R,Technology and Data,Derived from LIS bill description,23,15,8,23,YES,65.21739130434783,34.78260869565217
2026,H0375,Adele Y. McClure,D,Trade and Commerce,Official LIS subject,3,3,0,3,INSUFFICIENT DATA,100.0,0.0
2026,H0311,Alex Q. Askew,D,Trade and Commerce,Official LIS subject,2,2,0,2,INSUFFICIENT DATA,100.0,0.0
2026,H0239,Alfonso H. Lopez,D,Trade and Commerce,Official LIS subject,3,3,0,3,INSUFFICIENT DATA,100.0,0.0
2026,H0371,Amy J. Laufer,D,Trade and Commerce,Official LIS subject,2,2,0,2,INSUFFICIENT DATA,100.0,0.0
2026,H0380,Atoosa R. Reaser,D,Trade and Commerce,Official LIS subject,2,2,0,2,INSUFFICIENT DATA,100.0,0.0
2026,H0212,Betsy B. Carr,D,Trade and Commerce,Official LIS subject,2,2,0,2,INSUFFICIENT DATA,100.0,0.0
2026,H0353,Bonita G. Anthony,D,Trade and Commerce,Official LIS subject,2,2,0,2,INSUFFICIENT DATA,100.0,0.0
2026,H0343,Briana D. Sewell,D,Trade and Commerce,Official LIS subject,2,2,0,2,INSUFFICIENT DATA,100.0,0.0
2026,H0285,"C.E. Cliff Hayes, Jr.",D,Trade and Commerce,Official LIS subject,2,2,0,2,INSUFFICIENT DATA,100.0,0.0
2026,H0402,Charlie Schmidt,D,Trade and Commerce,Official LIS subject,2,2,0,2,INSUFFICIENT DATA,100.0,0.0
2026,H0208,Charniele L. Herring,D,Trade and Commerce,Official LIS subject,2,2,0,2,INSUFFICIENT DATA,100.0,0.0
2026,H0317,Dan I. Helmer,D,Trade and Commerce,Official LIS subject,3,3,0,3,INSUFFICIENT DATA,100.0,0.0
2026,H0301,David A. Reid,D,Trade and Commerce,Official LIS subject,2,2,0,2,INSUFFICIENT DATA,100.0,0.0
2026,H0361,Debra D. Gardner,D,Trade and Commerce,Official LIS subject,3,3,0,3,INSUFFICIENT DATA,100.0,0.0
2026,H0207,Delores L. McQuinn,D,Trade and Commerce,Official LIS subject,2,2,0,2,INSUFFICIENT DATA,100.0,0.0
2026,H0372,Destiny LeVere Bolling,D,Trade and Commerce,Official LIS subject,2,2,0,2,INSUFFICIENT DATA,100.0,0.0
2026,H0322,Don Scott,D,Trade and Commerce,Official LIS subject,2,2,0,2,INSUFFICIENT DATA,100.0,0.0
2026,H0334,Elizabeth B. Bennett-Parker,D,Trade and Commerce,Official LIS subject,2,2,0,2,INSUFFICIENT DATA,100.0,0.0
2026,H0297,Elizabeth R. Guzman,D,Trade and Commerce,Official LIS subject,2,2,0,2,INSUFFICIENT DATA,100.0,0.0
2026,H0405,Garrett McGuire,D,Trade and Commerce,Official LIS subject,2,2,0,2,INSUFFICIENT DATA,100.0,0.0
2026,H0403,Gretchen M. Bulova,D,Trade and Commerce,Official LIS subject,2,2,0,2,INSUFFICIENT DATA,100.0,0.0
2026,H0351,Holly M. Seibold,D,Trade and Commerce,Official LIS subject,3,2,0,2,INSUFFICIENT DATA,100.0,0.0
2026,H0344,Irene Shin,D,Trade and Commerce,Official LIS subject,2,1,0,1,INSUFFICIENT DATA,100.0,0.0
2026,H0385,JJ Singh,D,Trade and Commerce,Official LIS subject,2,2,0,2,INSUFFICIENT DATA,100.0,0.0
2026,H0349,Jackie H. Glass,D,Trade and Commerce,Official LIS subject,2,2,0,2,INSUFFICIENT DATA,100.0,0.0
2026,H0173,Jeion A. Ward,D,Trade and Commerce,Official LIS subject,2,2,0,2,INSUFFICIENT DATA,100.0,0.0
2026,H0386,Jessica L. Anderson,D,Trade and Commerce,Official LIS subject,3,3,0,3,INSUFFICIENT DATA,100.0,0.0
2026,H0382,Joshua E. Thomas,D,Trade and Commerce,Official LIS subject,3,3,0,3,INSUFFICIENT DATA,100.0,0.0
2026,H0314,Joshua G. Cole,D,Trade and Commerce,Official LIS subject,2,2,0,2,INSUFFICIENT DATA,100.0,0.0
2026,H0370,Karen Keys-Gamarra,D,Trade and Commerce,Official LIS subject,2,2,0,2,INSUFFICIENT DATA,100.0,0.0
2026,H0387,"Karen R. ""Kacey"" Carnegie",D,Trade and Commerce,Official LIS subject,2,2,0,2,INSUFFICIENT DATA,100.0,0.0
2026,H0294,Karrie K. Delaney,D,Trade and Commerce,Official LIS subject,2,2,0,2,INSUFFICIENT DATA,100.0,0.0
2026,H0305,Kathy K.L. Tran,D,Trade and Commerce,Official LIS subject,2,2,0,2,INSUFFICIENT DATA,100.0,0.0
2026,H0354,Katrina Callsen,D,Trade and Commerce,Official LIS subject,2,2,0,2,INSUFFICIENT DATA,100.0,0.0
2026,H0295,Kelly K. Convirs-Fowler,D,Trade and Commerce,Official LIS subject,2,2,0,2,INSUFFICIENT DATA,100.0,0.0
2026,H0399,Kimberly Pope Adams,D,Trade and Commerce,Official LIS subject,3,3,0,3,INSUFFICIENT DATA,100.0,0.0
2026,H0406,Kirk McPike,D,Trade and Commerce,Official LIS subject,1,1,0,1,INSUFFICIENT DATA,100.0,0.0
2026,H0355,Laura Jane Cohen,D,Trade and Commerce,Official LIS subject,2,1,0,1,INSUFFICIENT DATA,100.0,0.0
2026,H0396,Leslie Chambers Mehta,D,Trade and Commerce,Official LIS subject,2,2,0,2,INSUFFICIENT DATA,100.0,0.0
2026,H0393,Lily V. Franklin,D,Trade and Commerce,Official LIS subject,2,2,0,2,INSUFFICIENT DATA,100.0,0.0
2026,H0391,Lindsey Dougherty,D,Trade and Commerce,Official LIS subject,2,2,0,2,INSUFFICIENT DATA,100.0,0.0
2026,H0227,Luke E. Torian,D,Trade and Commerce,Official LIS subject,2,2,0,2,INSUFFICIENT DATA,100.0,0.0
2026,H0284,"Marcia S. ""Cia"" Price",D,Trade and Commerce,Official LIS subject,2,2,0,2,INSUFFICIENT DATA,100.0,0.0
2026,H0264,Marcus B. Simon,D,Trade and Commerce,Official LIS subject,3,3,0,3,INSUFFICIENT DATA,100.0,0.0
2026,H0404,Margaret A. Franklin,D,Trade and Commerce,Official LIS subject,2,2,0,2,INSUFFICIENT DATA,100.0,0.0
2026,H0392,Mark C. Downey,D,Trade and Commerce,Official LIS subject,2,2,0,2,INSUFFICIENT DATA,100.0,0.0
2026,H0374,Marty Martinez,D,Trade and Commerce,Official LIS subject,2,2,0,2,INSUFFICIENT DATA,100.0,0.0
2026,H0397,May Nivar,D,Trade and Commerce,Official LIS subject,2,2,0,2,INSUFFICIENT DATA,100.0,0.0
2026,H0360,Michael B. Feggans,D,Trade and Commerce,Official LIS subject,3,3,0,3,INSUFFICIENT DATA,100.0,0.0
2026,H0340,Michelle Lopes Maldonado,D,Trade and Commerce,Official LIS subject,2,2,0,2,INSUFFICIENT DATA,100.0,0.0
2026,H0336,Nadarius E. Clark,D,Trade and Commerce,Official LIS subject,3,1,0,1,INSUFFICIENT DATA,100.0,0.0
2026,H0389,Nicole Cole,D,Trade and Commerce,Official LIS subject,2,2,0,2,INSUFFICIENT DATA,100.0,0.0
2026,H0219,Patrick A. Hope,D,Trade and Commerce,Official LIS subject,3,3,0,3,INSUFFICIENT DATA,100.0,0.0
2026,H0281,Paul E. Krizek,D,Trade and Commerce,Official LIS subject,2,2,0,2,INSUFFICIENT DATA,100.0,0.0
2026,H0366,Phil M. Hernandez,D,Trade and Commerce,Official LIS subject,2,2,0,2,INSUFFICIENT DATA,100.0,0.0
2026,H0356,Rae Cousins,D,Trade and Commerce,Official LIS subject,3,3,0,3,INSUFFICIENT DATA,100.0,0.0
2026,H0269,"Richard C. ""Rip"" Sullivan, Jr.",D,Trade and Commerce,Official LIS subject,2,2,0,2,INSUFFICIENT DATA,100.0,0.0
2026,H0327,Rodney T. Willett,D,Trade and Commerce,Official LIS subject,2,2,0,2,INSUFFICIENT DATA,100.0,0.0
2026,H0365,"Rozia A. Henson, Jr.",D,Trade and Commerce,Official LIS subject,2,2,0,2,INSUFFICIENT DATA,100.0,0.0
2026,H0266,Sam Rasoul,D,Trade and Commerce,Official LIS subject,3,3,0,3,INSUFFICIENT DATA,100.0,0.0
2026,H0323,Shelly A. Simonds,D,Trade and Commerce,Official LIS subject,2,2,0,2,INSUFFICIENT DATA,100.0,0.0
2026,H0388,Stacey Annie Carroll,D,Trade and Commerce,Official LIS subject,2,2,0,2,INSUFFICIENT DATA,100.0,0.0
2026,H0400,Virgil Thornton,D,Trade and Commerce,Official LIS subject,2,2,0,2,INSUFFICIENT DATA,100.0,0.0
2026,H0108,Vivian E. Watts,D,Trade and Commerce,Official LIS subject,2,2,0,2,INSUFFICIENT DATA,100.0,0.0
2026,H0345,Anne Ferrell Tata,R,Trade and Commerce,Official LIS subject,2,0,2,2,INSUFFICIENT DATA,0.0,100.0
2026,H0206,Barry D. Knight,R,Trade and Commerce,Official LIS subject,1,0,0,0,INSUFFICIENT DATA,0.0,0.0
2026,H0329,Bill Wiley,R,Trade and Commerce,Official LIS subject,2,0,2,2,INSUFFICIENT DATA,0.0,100.0
2026,H0321,Chris S. Runion,R,Trade and Commerce,Official LIS subject,2,0,2,2,INSUFFICIENT DATA,0.0,100.0
2026,H0377,Delores Oates,R,Trade and Commerce,Official LIS subject,3,0,3,3,INSUFFICIENT DATA,0.0,100.0
2026,H0350,Ellen H. McLaughlin,R,Trade and Commerce,Official LIS subject,2,0,2,2,INSUFFICIENT DATA,0.0,100.0
2026,H0384,Eric Phillips,R,Trade and Commerce,Official LIS subject,3,0,3,3,INSUFFICIENT DATA,0.0,100.0
2026,H0383,Eric R. Zehr,R,Trade and Commerce,Official LIS subject,3,0,3,3,INSUFFICIENT DATA,0.0,100.0
2026,H0347,"H. Otto Wachsmann, Jr.",R,Trade and Commerce,Official LIS subject,2,0,2,2,INSUFFICIENT DATA,0.0,100.0
2026,H0369,Hillary Pugh Kent,R,Trade and Commerce,Official LIS subject,2,0,2,2,INSUFFICIENT DATA,0.0,100.0
2026,H0259,"Hyland F. ""Buddy"" Fowler, Jr.",R,Trade and Commerce,Official LIS subject,2,0,2,2,INSUFFICIENT DATA,0.0,100.0
2026,H0242,Israel D. O'Quinn,R,Trade and Commerce,Official LIS subject,2,0,2,2,INSUFFICIENT DATA,0.0,100.0
2026,H0262,"James A. ""Jay"" Leftwich",R,Trade and Commerce,Official LIS subject,2,0,2,2,INSUFFICIENT DATA,0.0,100.0
2026,H0224,James W. Morefield,R,Trade and Commerce,Official LIS subject,2,0,2,2,INSUFFICIENT DATA,0.0,100.0
2026,H0333,Jason S. Ballard,R,Trade and Commerce,Official LIS subject,2,0,2,2,INSUFFICIENT DATA,0.0,100.0
2026,H0395,John Chilton McAuliff,D,Trade and Commerce,Official LIS subject,2,0,2,2,INSUFFICIENT DATA,0.0,100.0
2026,H0308,Joseph P. McNamara,R,Trade and Commerce,Official LIS subject,2,0,2,2,INSUFFICIENT DATA,0.0,100.0
2026,H0398,Justin Pence,R,Trade and Commerce,Official LIS subject,2,0,2,2,INSUFFICIENT DATA,0.0,100.0
2026,H0394,Karen Hamilton,R,Trade and Commerce,Official LIS subject,3,0,3,3,INSUFFICIENT DATA,0.0,100.0
2026,H0238,M. Keith Hodges,R,Trade and Commerce,Official LIS subject,2,0,2,2,INSUFFICIENT DATA,0.0,100.0
2026,H0401,Madison Whittle,R,Trade and Commerce,Official LIS subject,2,0,2,2,INSUFFICIENT DATA,0.0,100.0
2026,H0247,Michael J. Webert,R,Trade and Commerce,Official LIS subject,3,0,3,3,INSUFFICIENT DATA,0.0,100.0
2026,H0335,Mike A. Cherry,R,Trade and Commerce,Official LIS subject,2,0,2,2,INSUFFICIENT DATA,0.0,100.0
2026,H0390,Mitchell Cornett,R,Trade and Commerce,Official LIS subject,3,0,3,3,INSUFFICIENT DATA,0.0,100.0
2026,H0342,Phillip A. Scott,R,Trade and Commerce,Official LIS subject,2,0,2,2,INSUFFICIENT DATA,0.0,100.0
2026,H0124,R. Lee Ware,R,Trade and Commerce,Official LIS subject,2,0,2,2,INSUFFICIENT DATA,0.0,100.0
2026,H0267,"Robert S. Bloxom, Jr.",R,Trade and Commerce,Official LIS subject,2,0,2,2,INSUFFICIENT DATA,0.0,100.0
2026,H0328,Scott A. Wyatt,R,Trade and Commerce,Official LIS subject,2,0,2,2,INSUFFICIENT DATA,0.0,100.0
2026,H0056,Terry G. Kilgore,R,Trade and Commerce,Official LIS subject,2,0,2,2,INSUFFICIENT DATA,0.0,100.0
2026,H0253,Terry L. Austin,R,Trade and Commerce,Official LIS subject,2,0,2,2,INSUFFICIENT DATA,0.0,100.0
2026,H0362,"Thomas A. Garrett, Jr.",R,Trade and Commerce,Official LIS subject,2,0,2,2,INSUFFICIENT DATA,0.0,100.0
2026,H0136,"Thomas C. Wright, Jr.",R,Trade and Commerce,Official LIS subject,2,0,2,2,INSUFFICIENT DATA,0.0,100.0
2026,H0364,Timothy P. Griffin,R,Trade and Commerce,Official LIS subject,2,0,2,2,INSUFFICIENT DATA,0.0,100.0
2026,H0231,Tony O. Wilt,R,Trade and Commerce,Official LIS subject,3,0,3,3,INSUFFICIENT DATA,0.0,100.0
2026,H0325,Wendell S. Walker,R,Trade and Commerce,Official LIS subject,2,0,2,2,INSUFFICIENT DATA,0.0,100.0
2026,H0357,Will Davis,R,Trade and Commerce,Official LIS subject,2,0,2,2,INSUFFICIENT DATA,0.0,100.0
2026,H0348,Wren M. Williams,R,Trade and Commerce,Official LIS subject,2,0,2,2,INSUFFICIENT DATA,0.0,100.0
2026,H0206,Barry D. Knight,R,Transportation,Derived from LIS bill description,64,0,0,0,INSUFFICIENT DATA,0.0,0.0
2026,H0267,"Robert S. Bloxom, Jr.",R,Transportation,Derived from LIS bill description,85,54,31,85,MIXED,63.52941176470588,36.470588235294116
2026,H0335,Mike A. Cherry,R,Transportation,Derived from LIS bill description,87,55,32,87,MIXED,63.2183908045977,36.7816091954023
2026,H0347,"H. Otto Wachsmann, Jr.",R,Transportation,Derived from LIS bill description,85,53,32,85,MIXED,62.35294117647059,37.64705882352941
2026,H0238,M. Keith Hodges,R,Transportation,Derived from LIS bill description,91,56,35,91,MIXED,61.53846153846154,38.46153846153847
2026,H0357,Will Davis,R,Transportation,Derived from LIS bill description,92,56,36,92,MIXED,60.86956521739131,39.130434782608695
2026,H0384,Eric Phillips,R,Transportation,Derived from LIS bill description,107,65,42,107,MIXED,60.747663551401864,39.25233644859813
2026,H0325,Wendell S. Walker,R,Transportation,Derived from LIS bill description,87,50,33,83,MIXED,60.24096385542169,39.75903614457831
2026,H0350,Ellen H. McLaughlin,R,Transportation,Derived from LIS bill description,89,51,35,86,MIXED,59.30232558139535,40.69767441860465
2026,H0401,Madison Whittle,R,Transportation,Derived from LIS bill description,92,53,37,90,MIXED,58.88888888888889,41.11111111111111
2026,H0259,"Hyland F. ""Buddy"" Fowler, Jr.",R,Transportation,Derived from LIS bill description,82,47,33,80,MIXED,58.75,41.25
2026,H0056,Terry G. Kilgore,R,Transportation,Derived from LIS bill description,116,66,47,113,MIXED,58.4070796460177,41.5929203539823
2026,H0124,R. Lee Ware,R,Transportation,Derived from LIS bill description,85,49,35,84,MIXED,58.333333333333336,41.66666666666667
2026,H0345,Anne Ferrell Tata,R,Transportation,Derived from LIS bill description,84,48,35,83,MIXED,57.831325301204814,42.168674698795186
2026,H0398,Justin Pence,R,Transportation,Derived from LIS bill description,87,49,37,86,MIXED,56.97674418604651,43.02325581395349
2026,H0224,James W. Morefield,R,Transportation,Derived from LIS bill description,86,48,37,85,MIXED,56.470588235294116,43.529411764705884
2026,H0262,"James A. ""Jay"" Leftwich",R,Transportation,Derived from LIS bill description,89,49,39,88,MIXED,55.68181818181818,44.31818181818182
2026,H0231,Tony O. Wilt,R,Transportation,Derived from LIS bill description,105,57,47,104,MIXED,54.807692307692314,45.19230769230769
2026,H0321,Chris S. Runion,R,Transportation,Derived from LIS bill description,98,53,44,97,MIXED,54.63917525773196,45.36082474226804
2026,H0369,Hillary Pugh Kent,R,Transportation,Derived from LIS bill description,83,45,38,83,MIXED,54.21686746987952,45.78313253012048
2026,H0308,Joseph P. McNamara,R,Transportation,Derived from LIS bill description,83,42,40,82,MIXED,51.21951219512195,48.78048780487805
2026,H0377,Delores Oates,R,Transportation,Derived from LIS bill description,88,44,44,88,MIXED,50.0,50.0
2026,H0390,Mitchell Cornett,R,Transportation,Derived from LIS bill description,88,44,44,88,MIXED,50.0,50.0
2026,H0247,Michael J. Webert,R,Transportation,Derived from LIS bill description,101,46,51,97,MIXED,47.42268041237113,52.57731958762887
2026,H0136,"Thomas C. Wright, Jr.",R,Transportation,Derived from LIS bill description,81,31,39,70,MIXED,44.285714285714285,55.714285714285715
2026,H0407,Andrew Rice,R,Transportation,Derived from LIS bill description,12,4,6,10,MIXED,40.0,60.0
2026,H0362,"Thomas A. Garrett, Jr.",R,Transportation,Derived from LIS bill description,84,30,45,75,MIXED,40.0,60.0
2026,H0342,Phillip A. Scott,R,Transportation,Derived from LIS bill description,86,29,53,82,MIXED,35.36585365853659,64.63414634146342
2026,H0383,Eric R. Zehr,R,Transportation,Derived from LIS bill description,89,28,59,87,NO,32.18390804597701,67.81609195402298
2026,H0364,Timothy P. Griffin,R,Transportation,Derived from LIS bill description,81,25,53,78,NO,32.05128205128205,67.94871794871796
2026,H0394,Karen Hamilton,R,Transportation,Derived from LIS bill description,85,24,59,83,NO,28.915662650602407,71.08433734939759
2026,H0334,Elizabeth B. Bennett-Parker,D,Transportation,Derived from LIS bill description,86,72,0,72,YES,100.0,0.0
2026,H0360,Michael B. Feggans,D,Transportation,Derived from LIS bill description,173,167,5,172,YES,97.09302325581395,2.9069767441860463
2026,H0301,David A. Reid,D,Transportation,Derived from LIS bill description,156,150,5,155,YES,96.7741935483871,3.225806451612903
2026,H0207,Delores L. McQuinn,D,Transportation,Derived from LIS bill description,159,150,5,155,YES,96.7741935483871,3.225806451612903
2026,H0353,Bonita G. Anthony,D,Transportation,Derived from LIS bill description,183,177,6,183,YES,96.72131147540983,3.278688524590164
2026,H0108,Vivian E. Watts,D,Transportation,Derived from LIS bill description,150,144,5,149,YES,96.64429530201343,3.3557046979865772
2026,H0297,Elizabeth R. Guzman,D,Transportation,Derived from LIS bill description,148,139,5,144,YES,96.52777777777779,3.4722222222222223
2026,H0396,Leslie Chambers Mehta,D,Transportation,Derived from LIS bill description,167,159,6,165,YES,96.36363636363636,3.6363636363636362
2026,H0294,Karrie K. Delaney,D,Transportation,Derived from LIS bill description,140,131,5,136,YES,96.32352941176471,3.6764705882352944
2026,H0375,Adele Y. McClure,D,Transportation,Derived from LIS bill description,154,147,6,153,YES,96.07843137254902,3.9215686274509802
2026,H0212,Betsy B. Carr,D,Transportation,Derived from LIS bill description,152,145,6,151,YES,96.02649006622516,3.9735099337748347
2026,H0355,Laura Jane Cohen,D,Transportation,Derived from LIS bill description,104,95,4,99,YES,95.95959595959596,4.040404040404041
2026,H0173,Jeion A. Ward,D,Transportation,Derived from LIS bill description,155,139,6,145,YES,95.86206896551724,4.137931034482759
2026,H0269,"Richard C. ""Rip"" Sullivan, Jr.",D,Transportation,Derived from LIS bill description,117,112,5,117,YES,95.72649572649573,4.273504273504273
2026,H0349,Jackie H. Glass,D,Transportation,Derived from LIS bill description,145,134,6,140,YES,95.71428571428572,4.285714285714286
2026,H0343,Briana D. Sewell,D,Transportation,Derived from LIS bill description,153,146,7,153,YES,95.42483660130719,4.57516339869281
2026,H0389,Nicole Cole,D,Transportation,Derived from LIS bill description,87,82,4,86,YES,95.34883720930233,4.651162790697675
2026,H0354,Katrina Callsen,D,Transportation,Derived from LIS bill description,92,81,4,85,YES,95.29411764705881,4.705882352941177
2026,H0239,Alfonso H. Lopez,D,Transportation,Derived from LIS bill description,104,99,5,104,YES,95.1923076923077,4.807692307692308
2026,H0393,Lily V. Franklin,D,Transportation,Derived from LIS bill description,81,77,4,81,YES,95.06172839506173,4.938271604938271
2026,H0399,Kimberly Pope Adams,D,Transportation,Derived from LIS bill description,101,96,5,101,YES,95.04950495049505,4.9504950495049505
2026,H0285,"C.E. Cliff Hayes, Jr.",D,Transportation,Derived from LIS bill description,95,90,5,95,YES,94.73684210526315,5.263157894736842
2026,H0219,Patrick A. Hope,D,Transportation,Derived from LIS bill description,100,90,5,95,YES,94.73684210526315,5.263157894736842
2026,H0208,Charniele L. Herring,D,Transportation,Derived from LIS bill description,92,86,5,91,YES,94.5054945054945,5.4945054945054945
2026,H0387,"Karen R. ""Kacey"" Carnegie",D,Transportation,Derived from LIS bill description,91,86,5,91,YES,94.5054945054945,5.4945054945054945
2026,H0317,Dan I. Helmer,D,Transportation,Derived from LIS bill description,111,103,6,109,YES,94.4954128440367,5.5045871559633035
2026,H0327,Rodney T. Willett,D,Transportation,Derived from LIS bill description,89,84,5,89,YES,94.3820224719101,5.617977528089887
2026,H0344,Irene Shin,D,Transportation,Derived from LIS bill description,107,100,6,106,YES,94.33962264150944,5.660377358490567
2026,H0386,Jessica L. Anderson,D,Transportation,Derived from LIS bill description,88,83,5,88,YES,94.31818181818183,5.681818181818182
2026,H0323,Shelly A. Simonds,D,Transportation,Derived from LIS bill description,88,83,5,88,YES,94.31818181818183,5.681818181818182
2026,H0405,Garrett McGuire,D,Transportation,Derived from LIS bill description,86,81,5,86,YES,94.18604651162791,5.813953488372093
2026,H0392,Mark C. Downey,D,Transportation,Derived from LIS bill description,86,81,5,86,YES,94.18604651162791,5.813953488372093
2026,H0351,Holly M. Seibold,D,Transportation,Derived from LIS bill description,85,80,5,85,YES,94.11764705882352,5.88235294117647
2026,H0295,Kelly K. Convirs-Fowler,D,Transportation,Derived from LIS bill description,98,80,5,85,YES,94.11764705882352,5.88235294117647
2026,H0403,Gretchen M. Bulova,D,Transportation,Derived from LIS bill description,84,79,5,84,YES,94.04761904761905,5.952380952380952
2026,H0322,Don Scott,D,Transportation,Derived from LIS bill description,83,78,5,83,YES,93.97590361445783,6.024096385542169
2026,H0391,Lindsey Dougherty,D,Transportation,Derived from LIS bill description,85,78,5,83,YES,93.97590361445783,6.024096385542169
2026,H0404,Margaret A. Franklin,D,Transportation,Derived from LIS bill description,84,78,5,83,YES,93.97590361445783,6.024096385542169
2026,H0372,Destiny LeVere Bolling,D,Transportation,Derived from LIS bill description,99,93,6,99,YES,93.93939393939394,6.0606060606060606
2026,H0397,May Nivar,D,Transportation,Derived from LIS bill description,99,93,6,99,YES,93.93939393939394,6.0606060606060606
2026,H0374,Marty Martinez,D,Transportation,Derived from LIS bill description,82,76,5,81,YES,93.82716049382715,6.172839506172839
2026,H0305,Kathy K.L. Tran,D,Transportation,Derived from LIS bill description,95,89,6,95,YES,93.6842105263158,6.315789473684211
2026,H0340,Michelle Lopes Maldonado,D,Transportation,Derived from LIS bill description,108,101,7,108,YES,93.51851851851852,6.481481481481481
2026,H0311,Alex Q. Askew,D,Transportation,Derived from LIS bill description,92,86,6,92,YES,93.47826086956522,6.521739130434782
2026,H0361,Debra D. Gardner,D,Transportation,Derived from LIS bill description,93,86,6,92,YES,93.47826086956522,6.521739130434782
2026,H0366,Phil M. Hernandez,D,Transportation,Derived from LIS bill description,92,86,6,92,YES,93.47826086956522,6.521739130434782
2026,H0281,Paul E. Krizek,D,Transportation,Derived from LIS bill description,90,84,6,90,YES,93.33333333333333,6.666666666666667
2026,H0400,Virgil Thornton,D,Transportation,Derived from LIS bill description,90,84,6,90,YES,93.33333333333333,6.666666666666667
2026,H0388,Stacey Annie Carroll,D,Transportation,Derived from LIS bill description,83,68,5,73,YES,93.15068493150685,6.8493150684931505
2026,H0371,Amy J. Laufer,D,Transportation,Derived from LIS bill description,86,80,6,86,YES,93.02325581395348,6.976744186046512
2026,H0227,Luke E. Torian,D,Transportation,Derived from LIS bill description,92,79,6,85,YES,92.94117647058823,7.0588235294117645
2026,H0365,"Rozia A. Henson, Jr.",D,Transportation,Derived from LIS bill description,85,78,6,84,YES,92.85714285714286,7.142857142857142
2026,H0264,Marcus B. Simon,D,Transportation,Derived from LIS bill description,95,88,7,95,YES,92.63157894736842,7.368421052631578
2026,H0402,Charlie Schmidt,D,Transportation,Derived from LIS bill description,91,84,7,91,YES,92.3076923076923,7.6923076923076925
2026,H0356,Rae Cousins,D,Transportation,Derived from LIS bill description,115,106,9,115,YES,92.17391304347827,7.82608695652174
2026,H0284,"Marcia S. ""Cia"" Price",D,Transportation,Derived from LIS bill description,89,82,7,89,YES,92.13483146067416,7.865168539325842
2026,H0370,Karen Keys-Gamarra,D,Transportation,Derived from LIS bill description,92,81,7,88,YES,92.04545454545455,7.954545454545454
2026,H0380,Atoosa R. Reaser,D,Transportation,Derived from LIS bill description,90,80,7,87,YES,91.95402298850574,8.045977011494253
2026,H0336,Nadarius E. Clark,D,Transportation,Derived from LIS bill description,106,75,7,82,YES,91.46341463414635,8.536585365853659
2026,H0382,Joshua E. Thomas,D,Transportation,Derived from LIS bill description,160,146,14,160,YES,91.25,8.75
2026,H0406,Kirk McPike,D,Transportation,Derived from LIS bill description,56,51,5,56,YES,91.07142857142857,8.928571428571429
2026,H0385,JJ Singh,D,Transportation,Derived from LIS bill description,99,90,9,99,YES,90.9090909090909,9.090909090909092
2026,H0266,Sam Rasoul,D,Transportation,Derived from LIS bill description,91,79,10,89,YES,88.76404494382022,11.235955056179774
2026,H0314,Joshua G. Cole,D,Transportation,Derived from LIS bill description,85,74,10,84,YES,88.09523809523809,11.904761904761903
2026,H0395,John Chilton McAuliff,D,Transportation,Derived from LIS bill description,81,60,16,76,YES,78.94736842105263,21.052631578947366
2026,H0329,Bill Wiley,R,Transportation,Derived from LIS bill description,151,112,39,151,YES,74.17218543046357,25.82781456953642
2026,H0333,Jason S. Ballard,R,Transportation,Derived from LIS bill description,176,126,48,174,YES,72.41379310344827,27.586206896551722
2026,H0253,Terry L. Austin,R,Transportation,Derived from LIS bill description,162,117,45,162,YES,72.22222222222221,27.77777777777778
2026,H0328,Scott A. Wyatt,R,Transportation,Derived from LIS bill description,154,110,44,154,YES,71.42857142857143,28.57142857142857
2026,H0242,Israel D. O'Quinn,R,Transportation,Derived from LIS bill description,167,117,49,166,YES,70.48192771084338,29.518072289156628
2026,H0348,Wren M. Williams,R,Transportation,Derived from LIS bill description,142,83,42,125,YES,66.4,33.6
2026,H0375,Adele Y. McClure,D,Uncodified Legislation,Official LIS subject,6,6,0,6,INSUFFICIENT DATA,100.0,0.0
2026,H0311,Alex Q. Askew,D,Uncodified Legislation,Official LIS subject,8,8,0,8,INSUFFICIENT DATA,100.0,0.0
2026,H0371,Amy J. Laufer,D,Uncodified Legislation,Official LIS subject,8,8,0,8,INSUFFICIENT DATA,100.0,0.0
2026,H0380,Atoosa R. Reaser,D,Uncodified Legislation,Official LIS subject,6,6,0,6,INSUFFICIENT DATA,100.0,0.0
2026,H0212,Betsy B. Carr,D,Uncodified Legislation,Official LIS subject,8,8,0,8,INSUFFICIENT DATA,100.0,0.0
2026,H0343,Briana D. Sewell,D,Uncodified Legislation,Official LIS subject,8,8,0,8,INSUFFICIENT DATA,100.0,0.0
2026,H0285,"C.E. Cliff Hayes, Jr.",D,Uncodified Legislation,Official LIS subject,8,8,0,8,INSUFFICIENT DATA,100.0,0.0
2026,H0402,Charlie Schmidt,D,Uncodified Legislation,Official LIS subject,6,6,0,6,INSUFFICIENT DATA,100.0,0.0
2026,H0208,Charniele L. Herring,D,Uncodified Legislation,Official LIS subject,8,8,0,8,INSUFFICIENT DATA,100.0,0.0
2026,H0301,David A. Reid,D,Uncodified Legislation,Official LIS subject,8,8,0,8,INSUFFICIENT DATA,100.0,0.0
2026,H0361,Debra D. Gardner,D,Uncodified Legislation,Official LIS subject,6,6,0,6,INSUFFICIENT DATA,100.0,0.0
2026,H0207,Delores L. McQuinn,D,Uncodified Legislation,Official LIS subject,8,8,0,8,INSUFFICIENT DATA,100.0,0.0
2026,H0322,Don Scott,D,Uncodified Legislation,Official LIS subject,6,6,0,6,INSUFFICIENT DATA,100.0,0.0
2026,H0334,Elizabeth B. Bennett-Parker,D,Uncodified Legislation,Official LIS subject,2,2,0,2,INSUFFICIENT DATA,100.0,0.0
2026,H0297,Elizabeth R. Guzman,D,Uncodified Legislation,Official LIS subject,6,5,0,5,INSUFFICIENT DATA,100.0,0.0
2026,H0405,Garrett McGuire,D,Uncodified Legislation,Official LIS subject,6,6,0,6,INSUFFICIENT DATA,100.0,0.0
2026,H0403,Gretchen M. Bulova,D,Uncodified Legislation,Official LIS subject,6,6,0,6,INSUFFICIENT DATA,100.0,0.0
2026,H0351,Holly M. Seibold,D,Uncodified Legislation,Official LIS subject,6,6,0,6,INSUFFICIENT DATA,100.0,0.0
2026,H0349,Jackie H. Glass,D,Uncodified Legislation,Official LIS subject,6,6,0,6,INSUFFICIENT DATA,100.0,0.0
2026,H0386,Jessica L. Anderson,D,Uncodified Legislation,Official LIS subject,6,6,0,6,INSUFFICIENT DATA,100.0,0.0
2026,H0395,John Chilton McAuliff,D,Uncodified Legislation,Official LIS subject,6,6,0,6,INSUFFICIENT DATA,100.0,0.0
2026,H0382,Joshua E. Thomas,D,Uncodified Legislation,Official LIS subject,8,8,0,8,INSUFFICIENT DATA,100.0,0.0
2026,H0314,Joshua G. Cole,D,Uncodified Legislation,Official LIS subject,6,6,0,6,INSUFFICIENT DATA,100.0,0.0
2026,H0370,Karen Keys-Gamarra,D,Uncodified Legislation,Official LIS subject,6,6,0,6,INSUFFICIENT DATA,100.0,0.0
2026,H0387,"Karen R. ""Kacey"" Carnegie",D,Uncodified Legislation,Official LIS subject,6,6,0,6,INSUFFICIENT DATA,100.0,0.0
2026,H0294,Karrie K. Delaney,D,Uncodified Legislation,Official LIS subject,6,6,0,6,INSUFFICIENT DATA,100.0,0.0
2026,H0305,Kathy K.L. Tran,D,Uncodified Legislation,Official LIS subject,8,8,0,8,INSUFFICIENT DATA,100.0,0.0
2026,H0354,Katrina Callsen,D,Uncodified Legislation,Official LIS subject,6,6,0,6,INSUFFICIENT DATA,100.0,0.0
2026,H0399,Kimberly Pope Adams,D,Uncodified Legislation,Official LIS subject,6,6,0,6,INSUFFICIENT DATA,100.0,0.0
2026,H0406,Kirk McPike,D,Uncodified Legislation,Official LIS subject,4,4,0,4,INSUFFICIENT DATA,100.0,0.0
2026,H0396,Leslie Chambers Mehta,D,Uncodified Legislation,Official LIS subject,6,6,0,6,INSUFFICIENT DATA,100.0,0.0
2026,H0393,Lily V. Franklin,D,Uncodified Legislation,Official LIS subject,6,6,0,6,INSUFFICIENT DATA,100.0,0.0
2026,H0391,Lindsey Dougherty,D,Uncodified Legislation,Official LIS subject,6,6,0,6,INSUFFICIENT DATA,100.0,0.0
2026,H0227,Luke E. Torian,D,Uncodified Legislation,Official LIS subject,8,8,0,8,INSUFFICIENT DATA,100.0,0.0
2026,H0284,"Marcia S. ""Cia"" Price",D,Uncodified Legislation,Official LIS subject,8,7,0,7,INSUFFICIENT DATA,100.0,0.0
2026,H0264,Marcus B. Simon,D,Uncodified Legislation,Official LIS subject,6,6,0,6,INSUFFICIENT DATA,100.0,0.0
2026,H0404,Margaret A. Franklin,D,Uncodified Legislation,Official LIS subject,6,5,0,5,INSUFFICIENT DATA,100.0,0.0
2026,H0392,Mark C. Downey,D,Uncodified Legislation,Official LIS subject,6,6,0,6,INSUFFICIENT DATA,100.0,0.0
2026,H0374,Marty Martinez,D,Uncodified Legislation,Official LIS subject,6,6,0,6,INSUFFICIENT DATA,100.0,0.0
2026,H0389,Nicole Cole,D,Uncodified Legislation,Official LIS subject,6,6,0,6,INSUFFICIENT DATA,100.0,0.0
2026,H0219,Patrick A. Hope,D,Uncodified Legislation,Official LIS subject,6,6,0,6,INSUFFICIENT DATA,100.0,0.0
2026,H0281,Paul E. Krizek,D,Uncodified Legislation,Official LIS subject,8,8,0,8,INSUFFICIENT DATA,100.0,0.0
2026,H0366,Phil M. Hernandez,D,Uncodified Legislation,Official LIS subject,6,5,0,5,INSUFFICIENT DATA,100.0,0.0
2026,H0267,"Robert S. Bloxom, Jr.",R,Uncodified Legislation,Official LIS subject,8,8,0,8,INSUFFICIENT DATA,100.0,0.0
2026,H0327,Rodney T. Willett,D,Uncodified Legislation,Official LIS subject,8,8,0,8,INSUFFICIENT DATA,100.0,0.0
2026,H0365,"Rozia A. Henson, Jr.",D,Uncodified Legislation,Official LIS subject,6,6,0,6,INSUFFICIENT DATA,100.0,0.0
2026,H0266,Sam Rasoul,D,Uncodified Legislation,Official LIS subject,6,6,0,6,INSUFFICIENT DATA,100.0,0.0
2026,H0323,Shelly A. Simonds,D,Uncodified Legislation,Official LIS subject,8,8,0,8,INSUFFICIENT DATA,100.0,0.0
2026,H0388,Stacey Annie Carroll,D,Uncodified Legislation,Official LIS subject,6,6,0,6,INSUFFICIENT DATA,100.0,0.0
2026,H0400,Virgil Thornton,D,Uncodified Legislation,Official LIS subject,6,6,0,6,INSUFFICIENT DATA,100.0,0.0
2026,H0108,Vivian E. Watts,D,Uncodified Legislation,Official LIS subject,6,6,0,6,INSUFFICIENT DATA,100.0,0.0
2026,H0224,James W. Morefield,R,Uncodified Legislation,Official LIS subject,8,7,1,8,INSUFFICIENT DATA,87.5,12.5
2026,H0329,Bill Wiley,R,Uncodified Legislation,Official LIS subject,8,6,2,8,INSUFFICIENT DATA,75.0,25.0
2026,H0348,Wren M. Williams,R,Uncodified Legislation,Official LIS subject,13,6,2,8,INSUFFICIENT DATA,75.0,25.0
2026,H0384,Eric Phillips,R,Uncodified Legislation,Official LIS subject,6,4,2,6,INSUFFICIENT DATA,66.66666666666666,33.33333333333333
2026,H0347,"H. Otto Wachsmann, Jr.",R,Uncodified Legislation,Official LIS subject,6,4,2,6,INSUFFICIENT DATA,66.66666666666666,33.33333333333333
2026,H0357,Will Davis,R,Uncodified Legislation,Official LIS subject,6,4,2,6,INSUFFICIENT DATA,66.66666666666666,33.33333333333333
2026,H0350,Ellen H. McLaughlin,R,Uncodified Legislation,Official LIS subject,8,5,3,8,INSUFFICIENT DATA,62.5,37.5
2026,H0238,M. Keith Hodges,R,Uncodified Legislation,Official LIS subject,8,5,3,8,INSUFFICIENT DATA,62.5,37.5
2026,H0253,Terry L. Austin,R,Uncodified Legislation,Official LIS subject,8,5,3,8,INSUFFICIENT DATA,62.5,37.5
2026,H0401,Madison Whittle,R,Uncodified Legislation,Official LIS subject,6,3,3,6,INSUFFICIENT DATA,50.0,50.0
2026,H0335,Mike A. Cherry,R,Uncodified Legislation,Official LIS subject,6,3,3,6,INSUFFICIENT DATA,50.0,50.0
2026,H0124,R. Lee Ware,R,Uncodified Legislation,Official LIS subject,6,3,3,6,INSUFFICIENT DATA,50.0,50.0
2026,H0328,Scott A. Wyatt,R,Uncodified Legislation,Official LIS subject,8,4,4,8,INSUFFICIENT DATA,50.0,50.0
2026,H0345,Anne Ferrell Tata,R,Uncodified Legislation,Official LIS subject,6,2,4,6,INSUFFICIENT DATA,33.33333333333333,66.66666666666666
2026,H0377,Delores Oates,R,Uncodified Legislation,Official LIS subject,6,2,4,6,INSUFFICIENT DATA,33.33333333333333,66.66666666666666
2026,H0259,"Hyland F. ""Buddy"" Fowler, Jr.",R,Uncodified Legislation,Official LIS subject,6,2,4,6,INSUFFICIENT DATA,33.33333333333333,66.66666666666666
2026,H0262,"James A. ""Jay"" Leftwich",R,Uncodified Legislation,Official LIS subject,6,2,4,6,INSUFFICIENT DATA,33.33333333333333,66.66666666666666
2026,H0390,Mitchell Cornett,R,Uncodified Legislation,Official LIS subject,6,2,4,6,INSUFFICIENT DATA,33.33333333333333,66.66666666666666
2026,H0325,Wendell S. Walker,R,Uncodified Legislation,Official LIS subject,6,2,4,6,INSUFFICIENT DATA,33.33333333333333,66.66666666666666
2026,H0136,"Thomas C. Wright, Jr.",R,Uncodified Legislation,Official LIS subject,6,1,3,4,INSUFFICIENT DATA,25.0,75.0
2026,H0369,Hillary Pugh Kent,R,Uncodified Legislation,Official LIS subject,6,1,5,6,INSUFFICIENT DATA,16.666666666666664,83.33333333333334
2026,H0308,Joseph P. McNamara,R,Uncodified Legislation,Official LIS subject,6,1,5,6,INSUFFICIENT DATA,16.666666666666664,83.33333333333334
2026,H0398,Justin Pence,R,Uncodified Legislation,Official LIS subject,6,1,5,6,INSUFFICIENT DATA,16.666666666666664,83.33333333333334
2026,H0407,Andrew Rice,R,Uncodified Legislation,Official LIS subject,1,0,1,1,INSUFFICIENT DATA,0.0,100.0
2026,H0206,Barry D. Knight,R,Uncodified Legislation,Official LIS subject,2,0,0,0,INSUFFICIENT DATA,0.0,0.0
2026,H0383,Eric R. Zehr,R,Uncodified Legislation,Official LIS subject,6,0,6,6,INSUFFICIENT DATA,0.0,100.0
2026,H0394,Karen Hamilton,R,Uncodified Legislation,Official LIS subject,6,0,6,6,INSUFFICIENT DATA,0.0,100.0
2026,H0342,Phillip A. Scott,R,Uncodified Legislation,Official LIS subject,6,0,6,6,INSUFFICIENT DATA,0.0,100.0
2026,H0362,"Thomas A. Garrett, Jr.",R,Uncodified Legislation,Official LIS subject,6,0,4,4,INSUFFICIENT DATA,0.0,100.0
2026,H0364,Timothy P. Griffin,R,Uncodified Legislation,Official LIS subject,6,0,5,5,INSUFFICIENT DATA,0.0,100.0
2026,H0333,Jason S. Ballard,R,Uncodified Legislation,Official LIS subject,11,7,4,11,MIXED,63.63636363636363,36.36363636363637
2026,H0242,Israel D. O'Quinn,R,Uncodified Legislation,Official LIS subject,11,6,5,11,MIXED,54.54545454545454,45.45454545454545
2026,H0231,Tony O. Wilt,R,Uncodified Legislation,Official LIS subject,13,4,9,13,NO,30.76923076923077,69.23076923076923
2026,H0321,Chris S. Runion,R,Uncodified Legislation,Official LIS subject,11,2,9,11,NO,18.181818181818183,81.81818181818183
2026,H0247,Michael J. Webert,R,Uncodified Legislation,Official LIS subject,11,2,9,11,NO,18.181818181818183,81.81818181818183
2026,H0239,Alfonso H. Lopez,D,Uncodified Legislation,Official LIS subject,11,11,0,11,YES,100.0,0.0
2026,H0353,Bonita G. Anthony,D,Uncodified Legislation,Official LIS subject,13,13,0,13,YES,100.0,0.0
2026,H0317,Dan I. Helmer,D,Uncodified Legislation,Official LIS subject,11,10,0,10,YES,100.0,0.0
2026,H0372,Destiny LeVere Bolling,D,Uncodified Legislation,Official LIS subject,11,11,0,11,YES,100.0,0.0
2026,H0344,Irene Shin,D,Uncodified Legislation,Official LIS subject,13,13,0,13,YES,100.0,0.0
2026,H0385,JJ Singh,D,Uncodified Legislation,Official LIS subject,11,11,0,11,YES,100.0,0.0
2026,H0173,Jeion A. Ward,D,Uncodified Legislation,Official LIS subject,11,11,0,11,YES,100.0,0.0
2026,H0295,Kelly K. Convirs-Fowler,D,Uncodified Legislation,Official LIS subject,11,10,0,10,YES,100.0,0.0
2026,H0355,Laura Jane Cohen,D,Uncodified Legislation,Official LIS subject,11,11,0,11,YES,100.0,0.0
2026,H0397,May Nivar,D,Uncodified Legislation,Official LIS subject,13,13,0,13,YES,100.0,0.0
2026,H0360,Michael B. Feggans,D,Uncodified Legislation,Official LIS subject,13,13,0,13,YES,100.0,0.0
2026,H0340,Michelle Lopes Maldonado,D,Uncodified Legislation,Official LIS subject,11,11,0,11,YES,100.0,0.0
2026,H0336,Nadarius E. Clark,D,Uncodified Legislation,Official LIS subject,13,13,0,13,YES,100.0,0.0
2026,H0356,Rae Cousins,D,Uncodified Legislation,Official LIS subject,11,11,0,11,YES,100.0,0.0
2026,H0269,"Richard C. ""Rip"" Sullivan, Jr.",D,Uncodified Legislation,Official LIS subject,13,13,0,13,YES,100.0,0.0
2026,H0056,Terry G. Kilgore,R,Uncodified Legislation,Official LIS subject,13,9,4,13,YES,69.23076923076923,30.76923076923077
2026,H0375,Adele Y. McClure,D,Unemployment Compensation,Official LIS subject,5,5,0,5,INSUFFICIENT DATA,100.0,0.0
2026,H0311,Alex Q. Askew,D,Unemployment Compensation,Official LIS subject,6,6,0,6,INSUFFICIENT DATA,100.0,0.0
2026,H0239,Alfonso H. Lopez,D,Unemployment Compensation,Official LIS subject,6,6,0,6,INSUFFICIENT DATA,100.0,0.0
2026,H0371,Amy J. Laufer,D,Unemployment Compensation,Official LIS subject,6,6,0,6,INSUFFICIENT DATA,100.0,0.0
2026,H0380,Atoosa R. Reaser,D,Unemployment Compensation,Official LIS subject,5,5,0,5,INSUFFICIENT DATA,100.0,0.0
2026,H0212,Betsy B. Carr,D,Unemployment Compensation,Official LIS subject,6,6,0,6,INSUFFICIENT DATA,100.0,0.0
2026,H0353,Bonita G. Anthony,D,Unemployment Compensation,Official LIS subject,6,6,0,6,INSUFFICIENT DATA,100.0,0.0
2026,H0343,Briana D. Sewell,D,Unemployment Compensation,Official LIS subject,6,6,0,6,INSUFFICIENT DATA,100.0,0.0
2026,H0285,"C.E. Cliff Hayes, Jr.",D,Unemployment Compensation,Official LIS subject,6,6,0,6,INSUFFICIENT DATA,100.0,0.0
2026,H0402,Charlie Schmidt,D,Unemployment Compensation,Official LIS subject,5,5,0,5,INSUFFICIENT DATA,100.0,0.0
2026,H0208,Charniele L. Herring,D,Unemployment Compensation,Official LIS subject,6,6,0,6,INSUFFICIENT DATA,100.0,0.0
2026,H0317,Dan I. Helmer,D,Unemployment Compensation,Official LIS subject,6,6,0,6,INSUFFICIENT DATA,100.0,0.0
2026,H0301,David A. Reid,D,Unemployment Compensation,Official LIS subject,6,6,0,6,INSUFFICIENT DATA,100.0,0.0
2026,H0361,Debra D. Gardner,D,Unemployment Compensation,Official LIS subject,5,5,0,5,INSUFFICIENT DATA,100.0,0.0
2026,H0207,Delores L. McQuinn,D,Unemployment Compensation,Official LIS subject,6,6,0,6,INSUFFICIENT DATA,100.0,0.0
2026,H0372,Destiny LeVere Bolling,D,Unemployment Compensation,Official LIS subject,6,6,0,6,INSUFFICIENT DATA,100.0,0.0
2026,H0322,Don Scott,D,Unemployment Compensation,Official LIS subject,5,5,0,5,INSUFFICIENT DATA,100.0,0.0
2026,H0297,Elizabeth R. Guzman,D,Unemployment Compensation,Official LIS subject,5,5,0,5,INSUFFICIENT DATA,100.0,0.0
2026,H0405,Garrett McGuire,D,Unemployment Compensation,Official LIS subject,5,5,0,5,INSUFFICIENT DATA,100.0,0.0
2026,H0403,Gretchen M. Bulova,D,Unemployment Compensation,Official LIS subject,5,5,0,5,INSUFFICIENT DATA,100.0,0.0
2026,H0351,Holly M. Seibold,D,Unemployment Compensation,Official LIS subject,5,5,0,5,INSUFFICIENT DATA,100.0,0.0
2026,H0344,Irene Shin,D,Unemployment Compensation,Official LIS subject,6,6,0,6,INSUFFICIENT DATA,100.0,0.0
2026,H0385,JJ Singh,D,Unemployment Compensation,Official LIS subject,6,6,0,6,INSUFFICIENT DATA,100.0,0.0
2026,H0349,Jackie H. Glass,D,Unemployment Compensation,Official LIS subject,5,5,0,5,INSUFFICIENT DATA,100.0,0.0
2026,H0173,Jeion A. Ward,D,Unemployment Compensation,Official LIS subject,6,6,0,6,INSUFFICIENT DATA,100.0,0.0
2026,H0386,Jessica L. Anderson,D,Unemployment Compensation,Official LIS subject,5,5,0,5,INSUFFICIENT DATA,100.0,0.0
2026,H0395,John Chilton McAuliff,D,Unemployment Compensation,Official LIS subject,5,5,0,5,INSUFFICIENT DATA,100.0,0.0
2026,H0382,Joshua E. Thomas,D,Unemployment Compensation,Official LIS subject,6,6,0,6,INSUFFICIENT DATA,100.0,0.0
2026,H0314,Joshua G. Cole,D,Unemployment Compensation,Official LIS subject,5,5,0,5,INSUFFICIENT DATA,100.0,0.0
2026,H0370,Karen Keys-Gamarra,D,Unemployment Compensation,Official LIS subject,5,5,0,5,INSUFFICIENT DATA,100.0,0.0
2026,H0387,"Karen R. ""Kacey"" Carnegie",D,Unemployment Compensation,Official LIS subject,5,5,0,5,INSUFFICIENT DATA,100.0,0.0
2026,H0294,Karrie K. Delaney,D,Unemployment Compensation,Official LIS subject,5,5,0,5,INSUFFICIENT DATA,100.0,0.0
2026,H0305,Kathy K.L. Tran,D,Unemployment Compensation,Official LIS subject,6,6,0,6,INSUFFICIENT DATA,100.0,0.0
2026,H0354,Katrina Callsen,D,Unemployment Compensation,Official LIS subject,5,5,0,5,INSUFFICIENT DATA,100.0,0.0
2026,H0295,Kelly K. Convirs-Fowler,D,Unemployment Compensation,Official LIS subject,6,6,0,6,INSUFFICIENT DATA,100.0,0.0
2026,H0399,Kimberly Pope Adams,D,Unemployment Compensation,Official LIS subject,5,5,0,5,INSUFFICIENT DATA,100.0,0.0
2026,H0406,Kirk McPike,D,Unemployment Compensation,Official LIS subject,5,5,0,5,INSUFFICIENT DATA,100.0,0.0
2026,H0355,Laura Jane Cohen,D,Unemployment Compensation,Official LIS subject,6,6,0,6,INSUFFICIENT DATA,100.0,0.0
2026,H0396,Leslie Chambers Mehta,D,Unemployment Compensation,Official LIS subject,5,5,0,5,INSUFFICIENT DATA,100.0,0.0
2026,H0393,Lily V. Franklin,D,Unemployment Compensation,Official LIS subject,5,5,0,5,INSUFFICIENT DATA,100.0,0.0
2026,H0391,Lindsey Dougherty,D,Unemployment Compensation,Official LIS subject,5,5,0,5,INSUFFICIENT DATA,100.0,0.0
2026,H0227,Luke E. Torian,D,Unemployment Compensation,Official LIS subject,6,5,0,5,INSUFFICIENT DATA,100.0,0.0
2026,H0284,"Marcia S. ""Cia"" Price",D,Unemployment Compensation,Official LIS subject,6,6,0,6,INSUFFICIENT DATA,100.0,0.0
2026,H0264,Marcus B. Simon,D,Unemployment Compensation,Official LIS subject,5,5,0,5,INSUFFICIENT DATA,100.0,0.0
2026,H0404,Margaret A. Franklin,D,Unemployment Compensation,Official LIS subject,5,5,0,5,INSUFFICIENT DATA,100.0,0.0
2026,H0392,Mark C. Downey,D,Unemployment Compensation,Official LIS subject,5,5,0,5,INSUFFICIENT DATA,100.0,0.0
2026,H0374,Marty Martinez,D,Unemployment Compensation,Official LIS subject,5,5,0,5,INSUFFICIENT DATA,100.0,0.0
2026,H0397,May Nivar,D,Unemployment Compensation,Official LIS subject,6,6,0,6,INSUFFICIENT DATA,100.0,0.0
2026,H0360,Michael B. Feggans,D,Unemployment Compensation,Official LIS subject,6,6,0,6,INSUFFICIENT DATA,100.0,0.0
2026,H0340,Michelle Lopes Maldonado,D,Unemployment Compensation,Official LIS subject,6,6,0,6,INSUFFICIENT DATA,100.0,0.0
2026,H0336,Nadarius E. Clark,D,Unemployment Compensation,Official LIS subject,6,5,0,5,INSUFFICIENT DATA,100.0,0.0
2026,H0389,Nicole Cole,D,Unemployment Compensation,Official LIS subject,5,5,0,5,INSUFFICIENT DATA,100.0,0.0
2026,H0219,Patrick A. Hope,D,Unemployment Compensation,Official LIS subject,5,5,0,5,INSUFFICIENT DATA,100.0,0.0
2026,H0281,Paul E. Krizek,D,Unemployment Compensation,Official LIS subject,6,6,0,6,INSUFFICIENT DATA,100.0,0.0
2026,H0366,Phil M. Hernandez,D,Unemployment Compensation,Official LIS subject,5,5,0,5,INSUFFICIENT DATA,100.0,0.0
2026,H0356,Rae Cousins,D,Unemployment Compensation,Official LIS subject,6,6,0,6,INSUFFICIENT DATA,100.0,0.0
2026,H0269,"Richard C. ""Rip"" Sullivan, Jr.",D,Unemployment Compensation,Official LIS subject,6,6,0,6,INSUFFICIENT DATA,100.0,0.0
2026,H0327,Rodney T. Willett,D,Unemployment Compensation,Official LIS subject,6,6,0,6,INSUFFICIENT DATA,100.0,0.0
2026,H0365,"Rozia A. Henson, Jr.",D,Unemployment Compensation,Official LIS subject,5,5,0,5,INSUFFICIENT DATA,100.0,0.0
2026,H0266,Sam Rasoul,D,Unemployment Compensation,Official LIS subject,5,5,0,5,INSUFFICIENT DATA,100.0,0.0
2026,H0323,Shelly A. Simonds,D,Unemployment Compensation,Official LIS subject,6,6,0,6,INSUFFICIENT DATA,100.0,0.0
2026,H0388,Stacey Annie Carroll,D,Unemployment Compensation,Official LIS subject,5,4,0,4,INSUFFICIENT DATA,100.0,0.0
2026,H0400,Virgil Thornton,D,Unemployment Compensation,Official LIS subject,5,5,0,5,INSUFFICIENT DATA,100.0,0.0
2026,H0108,Vivian E. Watts,D,Unemployment Compensation,Official LIS subject,5,5,0,5,INSUFFICIENT DATA,100.0,0.0
2026,H0407,Andrew Rice,R,Unemployment Compensation,Official LIS subject,1,0,1,1,INSUFFICIENT DATA,0.0,100.0
2026,H0345,Anne Ferrell Tata,R,Unemployment Compensation,Official LIS subject,5,0,5,5,INSUFFICIENT DATA,0.0,100.0
2026,H0329,Bill Wiley,R,Unemployment Compensation,Official LIS subject,6,0,6,6,INSUFFICIENT DATA,0.0,100.0
2026,H0321,Chris S. Runion,R,Unemployment Compensation,Official LIS subject,6,0,6,6,INSUFFICIENT DATA,0.0,100.0
2026,H0377,Delores Oates,R,Unemployment Compensation,Official LIS subject,5,0,5,5,INSUFFICIENT DATA,0.0,100.0
2026,H0350,Ellen H. McLaughlin,R,Unemployment Compensation,Official LIS subject,6,0,6,6,INSUFFICIENT DATA,0.0,100.0
2026,H0384,Eric Phillips,R,Unemployment Compensation,Official LIS subject,5,0,5,5,INSUFFICIENT DATA,0.0,100.0
2026,H0383,Eric R. Zehr,R,Unemployment Compensation,Official LIS subject,5,0,5,5,INSUFFICIENT DATA,0.0,100.0
2026,H0347,"H. Otto Wachsmann, Jr.",R,Unemployment Compensation,Official LIS subject,5,0,5,5,INSUFFICIENT DATA,0.0,100.0
2026,H0369,Hillary Pugh Kent,R,Unemployment Compensation,Official LIS subject,5,0,5,5,INSUFFICIENT DATA,0.0,100.0
2026,H0259,"Hyland F. ""Buddy"" Fowler, Jr.",R,Unemployment Compensation,Official LIS subject,5,0,4,4,INSUFFICIENT DATA,0.0,100.0
2026,H0242,Israel D. O'Quinn,R,Unemployment Compensation,Official LIS subject,6,0,6,6,INSUFFICIENT DATA,0.0,100.0
2026,H0262,"James A. ""Jay"" Leftwich",R,Unemployment Compensation,Official LIS subject,5,0,5,5,INSUFFICIENT DATA,0.0,100.0
2026,H0224,James W. Morefield,R,Unemployment Compensation,Official LIS subject,6,0,6,6,INSUFFICIENT DATA,0.0,100.0
2026,H0333,Jason S. Ballard,R,Unemployment Compensation,Official LIS subject,6,0,6,6,INSUFFICIENT DATA,0.0,100.0
2026,H0308,Joseph P. McNamara,R,Unemployment Compensation,Official LIS subject,5,0,5,5,INSUFFICIENT DATA,0.0,100.0
2026,H0398,Justin Pence,R,Unemployment Compensation,Official LIS subject,5,0,5,5,INSUFFICIENT DATA,0.0,100.0
2026,H0394,Karen Hamilton,R,Unemployment Compensation,Official LIS subject,5,0,5,5,INSUFFICIENT DATA,0.0,100.0
2026,H0238,M. Keith Hodges,R,Unemployment Compensation,Official LIS subject,6,0,6,6,INSUFFICIENT DATA,0.0,100.0
2026,H0401,Madison Whittle,R,Unemployment Compensation,Official LIS subject,5,0,5,5,INSUFFICIENT DATA,0.0,100.0
2026,H0247,Michael J. Webert,R,Unemployment Compensation,Official LIS subject,6,0,6,6,INSUFFICIENT DATA,0.0,100.0
2026,H0335,Mike A. Cherry,R,Unemployment Compensation,Official LIS subject,5,0,5,5,INSUFFICIENT DATA,0.0,100.0
2026,H0390,Mitchell Cornett,R,Unemployment Compensation,Official LIS subject,5,0,5,5,INSUFFICIENT DATA,0.0,100.0
2026,H0342,Phillip A. Scott,R,Unemployment Compensation,Official LIS subject,5,0,5,5,INSUFFICIENT DATA,0.0,100.0
2026,H0124,R. Lee Ware,R,Unemployment Compensation,Official LIS subject,5,0,5,5,INSUFFICIENT DATA,0.0,100.0
2026,H0267,"Robert S. Bloxom, Jr.",R,Unemployment Compensation,Official LIS subject,6,0,6,6,INSUFFICIENT DATA,0.0,100.0
2026,H0328,Scott A. Wyatt,R,Unemployment Compensation,Official LIS subject,6,0,6,6,INSUFFICIENT DATA,0.0,100.0
2026,H0056,Terry G. Kilgore,R,Unemployment Compensation,Official LIS subject,6,0,6,6,INSUFFICIENT DATA,0.0,100.0
2026,H0253,Terry L. Austin,R,Unemployment Compensation,Official LIS subject,6,0,6,6,INSUFFICIENT DATA,0.0,100.0
2026,H0362,"Thomas A. Garrett, Jr.",R,Unemployment Compensation,Official LIS subject,5,0,5,5,INSUFFICIENT DATA,0.0,100.0
2026,H0136,"Thomas C. Wright, Jr.",R,Unemployment Compensation,Official LIS subject,5,0,3,3,INSUFFICIENT DATA,0.0,100.0
2026,H0364,Timothy P. Griffin,R,Unemployment Compensation,Official LIS subject,5,0,5,5,INSUFFICIENT DATA,0.0,100.0
2026,H0231,Tony O. Wilt,R,Unemployment Compensation,Official LIS subject,6,0,6,6,INSUFFICIENT DATA,0.0,100.0
2026,H0325,Wendell S. Walker,R,Unemployment Compensation,Official LIS subject,5,0,4,4,INSUFFICIENT DATA,0.0,100.0
2026,H0357,Will Davis,R,Unemployment Compensation,Official LIS subject,5,0,5,5,INSUFFICIENT DATA,0.0,100.0
2026,H0348,Wren M. Williams,R,Unemployment Compensation,Official LIS subject,6,0,6,6,INSUFFICIENT DATA,0.0,100.0
2026,H0375,Adele Y. McClure,D,Voters and Voting,Official LIS subject,4,4,0,4,INSUFFICIENT DATA,100.0,0.0
2026,H0311,Alex Q. Askew,D,Voters and Voting,Official LIS subject,4,4,0,4,INSUFFICIENT DATA,100.0,0.0
2026,H0239,Alfonso H. Lopez,D,Voters and Voting,Official LIS subject,4,4,0,4,INSUFFICIENT DATA,100.0,0.0
2026,H0371,Amy J. Laufer,D,Voters and Voting,Official LIS subject,4,4,0,4,INSUFFICIENT DATA,100.0,0.0
2026,H0380,Atoosa R. Reaser,D,Voters and Voting,Official LIS subject,4,4,0,4,INSUFFICIENT DATA,100.0,0.0
2026,H0212,Betsy B. Carr,D,Voters and Voting,Official LIS subject,4,4,0,4,INSUFFICIENT DATA,100.0,0.0
2026,H0353,Bonita G. Anthony,D,Voters and Voting,Official LIS subject,7,7,0,7,INSUFFICIENT DATA,100.0,0.0
2026,H0343,Briana D. Sewell,D,Voters and Voting,Official LIS subject,4,4,0,4,INSUFFICIENT DATA,100.0,0.0
2026,H0285,"C.E. Cliff Hayes, Jr.",D,Voters and Voting,Official LIS subject,4,4,0,4,INSUFFICIENT DATA,100.0,0.0
2026,H0330,Candi Mundon King,D,Voters and Voting,Official LIS subject,1,1,0,1,INSUFFICIENT DATA,100.0,0.0
2026,H0402,Charlie Schmidt,D,Voters and Voting,Official LIS subject,3,3,0,3,INSUFFICIENT DATA,100.0,0.0
2026,H0208,Charniele L. Herring,D,Voters and Voting,Official LIS subject,4,3,0,3,INSUFFICIENT DATA,100.0,0.0
2026,H0317,Dan I. Helmer,D,Voters and Voting,Official LIS subject,4,4,0,4,INSUFFICIENT DATA,100.0,0.0
2026,H0301,David A. Reid,D,Voters and Voting,Official LIS subject,7,7,0,7,INSUFFICIENT DATA,100.0,0.0
2026,H0177,David L. Bulova,D,Voters and Voting,Official LIS subject,2,2,0,2,INSUFFICIENT DATA,100.0,0.0
2026,H0361,Debra D. Gardner,D,Voters and Voting,Official LIS subject,4,4,0,4,INSUFFICIENT DATA,100.0,0.0
2026,H0207,Delores L. McQuinn,D,Voters and Voting,Official LIS subject,4,4,0,4,INSUFFICIENT DATA,100.0,0.0
2026,H0372,Destiny LeVere Bolling,D,Voters and Voting,Official LIS subject,7,7,0,7,INSUFFICIENT DATA,100.0,0.0
2026,H0322,Don Scott,D,Voters and Voting,Official LIS subject,4,4,0,4,INSUFFICIENT DATA,100.0,0.0
2026,H0334,Elizabeth B. Bennett-Parker,D,Voters and Voting,Official LIS subject,4,4,0,4,INSUFFICIENT DATA,100.0,0.0
2026,H0297,Elizabeth R. Guzman,D,Voters and Voting,Official LIS subject,4,4,0,4,INSUFFICIENT DATA,100.0,0.0
2026,H0405,Garrett McGuire,D,Voters and Voting,Official LIS subject,3,3,0,3,INSUFFICIENT DATA,100.0,0.0
2026,H0403,Gretchen M. Bulova,D,Voters and Voting,Official LIS subject,5,5,0,5,INSUFFICIENT DATA,100.0,0.0
2026,H0351,Holly M. Seibold,D,Voters and Voting,Official LIS subject,4,4,0,4,INSUFFICIENT DATA,100.0,0.0
2026,H0344,Irene Shin,D,Voters and Voting,Official LIS subject,4,3,0,3,INSUFFICIENT DATA,100.0,0.0
2026,H0385,JJ Singh,D,Voters and Voting,Official LIS subject,7,7,0,7,INSUFFICIENT DATA,100.0,0.0
2026,H0349,Jackie H. Glass,D,Voters and Voting,Official LIS subject,7,7,0,7,INSUFFICIENT DATA,100.0,0.0
2026,H0173,Jeion A. Ward,D,Voters and Voting,Official LIS subject,4,4,0,4,INSUFFICIENT DATA,100.0,0.0
2026,H0386,Jessica L. Anderson,D,Voters and Voting,Official LIS subject,4,4,0,4,INSUFFICIENT DATA,100.0,0.0
2026,H0395,John Chilton McAuliff,D,Voters and Voting,Official LIS subject,7,7,0,7,INSUFFICIENT DATA,100.0,0.0
2026,H0382,Joshua E. Thomas,D,Voters and Voting,Official LIS subject,4,4,0,4,INSUFFICIENT DATA,100.0,0.0
2026,H0314,Joshua G. Cole,D,Voters and Voting,Official LIS subject,7,6,0,6,INSUFFICIENT DATA,100.0,0.0
2026,H0370,Karen Keys-Gamarra,D,Voters and Voting,Official LIS subject,4,4,0,4,INSUFFICIENT DATA,100.0,0.0
2026,H0387,"Karen R. ""Kacey"" Carnegie",D,Voters and Voting,Official LIS subject,7,7,0,7,INSUFFICIENT DATA,100.0,0.0
2026,H0294,Karrie K. Delaney,D,Voters and Voting,Official LIS subject,4,4,0,4,INSUFFICIENT DATA,100.0,0.0
2026,H0305,Kathy K.L. Tran,D,Voters and Voting,Official LIS subject,4,4,0,4,INSUFFICIENT DATA,100.0,0.0
2026,H0354,Katrina Callsen,D,Voters and Voting,Official LIS subject,6,6,0,6,INSUFFICIENT DATA,100.0,0.0
2026,H0295,Kelly K. Convirs-Fowler,D,Voters and Voting,Official LIS subject,7,7,0,7,INSUFFICIENT DATA,100.0,0.0
2026,H0399,Kimberly Pope Adams,D,Voters and Voting,Official LIS subject,4,4,0,4,INSUFFICIENT DATA,100.0,0.0
2026,H0355,Laura Jane Cohen,D,Voters and Voting,Official LIS subject,4,4,0,4,INSUFFICIENT DATA,100.0,0.0
2026,H0396,Leslie Chambers Mehta,D,Voters and Voting,Official LIS subject,4,4,0,4,INSUFFICIENT DATA,100.0,0.0
2026,H0393,Lily V. Franklin,D,Voters and Voting,Official LIS subject,4,4,0,4,INSUFFICIENT DATA,100.0,0.0
2026,H0391,Lindsey Dougherty,D,Voters and Voting,Official LIS subject,4,4,0,4,INSUFFICIENT DATA,100.0,0.0
2026,H0227,Luke E. Torian,D,Voters and Voting,Official LIS subject,4,4,0,4,INSUFFICIENT DATA,100.0,0.0
2026,H0284,"Marcia S. ""Cia"" Price",D,Voters and Voting,Official LIS subject,7,6,0,6,INSUFFICIENT DATA,100.0,0.0
2026,H0264,Marcus B. Simon,D,Voters and Voting,Official LIS subject,4,4,0,4,INSUFFICIENT DATA,100.0,0.0
2026,H0404,Margaret A. Franklin,D,Voters and Voting,Official LIS subject,3,3,0,3,INSUFFICIENT DATA,100.0,0.0
2026,H0392,Mark C. Downey,D,Voters and Voting,Official LIS subject,4,4,0,4,INSUFFICIENT DATA,100.0,0.0
2026,H0172,Mark D. Sickles,D,Voters and Voting,Official LIS subject,1,1,0,1,INSUFFICIENT DATA,100.0,0.0
2026,H0374,Marty Martinez,D,Voters and Voting,Official LIS subject,4,4,0,4,INSUFFICIENT DATA,100.0,0.0
2026,H0397,May Nivar,D,Voters and Voting,Official LIS subject,4,4,0,4,INSUFFICIENT DATA,100.0,0.0
2026,H0360,Michael B. Feggans,D,Voters and Voting,Official LIS subject,4,4,0,4,INSUFFICIENT DATA,100.0,0.0
2026,H0340,Michelle Lopes Maldonado,D,Voters and Voting,Official LIS subject,4,4,0,4,INSUFFICIENT DATA,100.0,0.0
2026,H0336,Nadarius E. Clark,D,Voters and Voting,Official LIS subject,4,4,0,4,INSUFFICIENT DATA,100.0,0.0
2026,H0389,Nicole Cole,D,Voters and Voting,Official LIS subject,5,5,0,5,INSUFFICIENT DATA,100.0,0.0
2026,H0219,Patrick A. Hope,D,Voters and Voting,Official LIS subject,4,3,0,3,INSUFFICIENT DATA,100.0,0.0
2026,H0281,Paul E. Krizek,D,Voters and Voting,Official LIS subject,7,7,0,7,INSUFFICIENT DATA,100.0,0.0
2026,H0366,Phil M. Hernandez,D,Voters and Voting,Official LIS subject,4,4,0,4,INSUFFICIENT DATA,100.0,0.0
2026,H0356,Rae Cousins,D,Voters and Voting,Official LIS subject,4,4,0,4,INSUFFICIENT DATA,100.0,0.0
2026,H0269,"Richard C. ""Rip"" Sullivan, Jr.",D,Voters and Voting,Official LIS subject,4,4,0,4,INSUFFICIENT DATA,100.0,0.0
2026,H0327,Rodney T. Willett,D,Voters and Voting,Official LIS subject,4,4,0,4,INSUFFICIENT DATA,100.0,0.0
2026,H0365,"Rozia A. Henson, Jr.",D,Voters and Voting,Official LIS subject,7,7,0,7,INSUFFICIENT DATA,100.0,0.0
2026,H0266,Sam Rasoul,D,Voters and Voting,Official LIS subject,4,3,0,3,INSUFFICIENT DATA,100.0,0.0
2026,H0323,Shelly A. Simonds,D,Voters and Voting,Official LIS subject,4,4,0,4,INSUFFICIENT DATA,100.0,0.0
2026,H0388,Stacey Annie Carroll,D,Voters and Voting,Official LIS subject,7,7,0,7,INSUFFICIENT DATA,100.0,0.0
2026,H0400,Virgil Thornton,D,Voters and Voting,Official LIS subject,4,4,0,4,INSUFFICIENT DATA,100.0,0.0
2026,H0108,Vivian E. Watts,D,Voters and Voting,Official LIS subject,4,4,0,4,INSUFFICIENT DATA,100.0,0.0
2026,H0335,Mike A. Cherry,R,Voters and Voting,Official LIS subject,7,4,2,6,INSUFFICIENT DATA,66.66666666666666,33.33333333333333
2026,H0345,Anne Ferrell Tata,R,Voters and Voting,Official LIS subject,4,0,4,4,INSUFFICIENT DATA,0.0,100.0
2026,H0206,Barry D. Knight,R,Voters and Voting,Official LIS subject,4,0,0,0,INSUFFICIENT DATA,0.0,0.0
2026,H0329,Bill Wiley,R,Voters and Voting,Official LIS subject,4,0,4,4,INSUFFICIENT DATA,0.0,100.0
2026,H0321,Chris S. Runion,R,Voters and Voting,Official LIS subject,4,0,4,4,INSUFFICIENT DATA,0.0,100.0
2026,H0377,Delores Oates,R,Voters and Voting,Official LIS subject,4,0,4,4,INSUFFICIENT DATA,0.0,100.0
2026,H0350,Ellen H. McLaughlin,R,Voters and Voting,Official LIS subject,4,0,4,4,INSUFFICIENT DATA,0.0,100.0
2026,H0384,Eric Phillips,R,Voters and Voting,Official LIS subject,7,0,7,7,INSUFFICIENT DATA,0.0,100.0
2026,H0383,Eric R. Zehr,R,Voters and Voting,Official LIS subject,4,0,4,4,INSUFFICIENT DATA,0.0,100.0
2026,H0347,"H. Otto Wachsmann, Jr.",R,Voters and Voting,Official LIS subject,7,0,7,7,INSUFFICIENT DATA,0.0,100.0
2026,H0369,Hillary Pugh Kent,R,Voters and Voting,Official LIS subject,4,0,4,4,INSUFFICIENT DATA,0.0,100.0
2026,H0259,"Hyland F. ""Buddy"" Fowler, Jr.",R,Voters and Voting,Official LIS subject,4,0,4,4,INSUFFICIENT DATA,0.0,100.0
2026,H0242,Israel D. O'Quinn,R,Voters and Voting,Official LIS subject,7,0,7,7,INSUFFICIENT DATA,0.0,100.0
2026,H0262,"James A. ""Jay"" Leftwich",R,Voters and Voting,Official LIS subject,7,0,7,7,INSUFFICIENT DATA,0.0,100.0
2026,H0224,James W. Morefield,R,Voters and Voting,Official LIS subject,4,0,4,4,INSUFFICIENT DATA,0.0,100.0
2026,H0333,Jason S. Ballard,R,Voters and Voting,Official LIS subject,4,0,4,4,INSUFFICIENT DATA,0.0,100.0
2026,H0308,Joseph P. McNamara,R,Voters and Voting,Official LIS subject,4,0,4,4,INSUFFICIENT DATA,0.0,100.0
2026,H0398,Justin Pence,R,Voters and Voting,Official LIS subject,4,0,4,4,INSUFFICIENT DATA,0.0,100.0
2026,H0394,Karen Hamilton,R,Voters and Voting,Official LIS subject,4,0,4,4,INSUFFICIENT DATA,0.0,100.0
2026,H0238,M. Keith Hodges,R,Voters and Voting,Official LIS subject,4,0,4,4,INSUFFICIENT DATA,0.0,100.0
2026,H0401,Madison Whittle,R,Voters and Voting,Official LIS subject,4,0,4,4,INSUFFICIENT DATA,0.0,100.0
2026,H0247,Michael J. Webert,R,Voters and Voting,Official LIS subject,4,0,4,4,INSUFFICIENT DATA,0.0,100.0
2026,H0390,Mitchell Cornett,R,Voters and Voting,Official LIS subject,4,0,4,4,INSUFFICIENT DATA,0.0,100.0
2026,H0342,Phillip A. Scott,R,Voters and Voting,Official LIS subject,7,0,7,7,INSUFFICIENT DATA,0.0,100.0
2026,H0124,R. Lee Ware,R,Voters and Voting,Official LIS subject,4,0,4,4,INSUFFICIENT DATA,0.0,100.0
2026,H0267,"Robert S. Bloxom, Jr.",R,Voters and Voting,Official LIS subject,7,0,7,7,INSUFFICIENT DATA,0.0,100.0
2026,H0328,Scott A. Wyatt,R,Voters and Voting,Official LIS subject,4,0,4,4,INSUFFICIENT DATA,0.0,100.0
2026,H0056,Terry G. Kilgore,R,Voters and Voting,Official LIS subject,4,0,4,4,INSUFFICIENT DATA,0.0,100.0
2026,H0253,Terry L. Austin,R,Voters and Voting,Official LIS subject,4,0,3,3,INSUFFICIENT DATA,0.0,100.0
2026,H0362,"Thomas A. Garrett, Jr.",R,Voters and Voting,Official LIS subject,4,0,4,4,INSUFFICIENT DATA,0.0,100.0
2026,H0136,"Thomas C. Wright, Jr.",R,Voters and Voting,Official LIS subject,4,0,4,4,INSUFFICIENT DATA,0.0,100.0
2026,H0364,Timothy P. Griffin,R,Voters and Voting,Official LIS subject,4,0,4,4,INSUFFICIENT DATA,0.0,100.0
2026,H0231,Tony O. Wilt,R,Voters and Voting,Official LIS subject,4,0,4,4,INSUFFICIENT DATA,0.0,100.0
2026,H0325,Wendell S. Walker,R,Voters and Voting,Official LIS subject,4,0,4,4,INSUFFICIENT DATA,0.0,100.0
2026,H0357,Will Davis,R,Voters and Voting,Official LIS subject,4,0,4,4,INSUFFICIENT DATA,0.0,100.0
2026,H0348,Wren M. Williams,R,Voters and Voting,Official LIS subject,4,0,4,4,INSUFFICIENT DATA,0.0,100.0
2026,H0375,Adele Y. McClure,D,Wages,Official LIS subject,2,2,0,2,INSUFFICIENT DATA,100.0,0.0
2026,H0311,Alex Q. Askew,D,Wages,Official LIS subject,3,3,0,3,INSUFFICIENT DATA,100.0,0.0
2026,H0239,Alfonso H. Lopez,D,Wages,Official LIS subject,4,4,0,4,INSUFFICIENT DATA,100.0,0.0
2026,H0371,Amy J. Laufer,D,Wages,Official LIS subject,3,3,0,3,INSUFFICIENT DATA,100.0,0.0
2026,H0380,Atoosa R. Reaser,D,Wages,Official LIS subject,2,2,0,2,INSUFFICIENT DATA,100.0,0.0
2026,H0212,Betsy B. Carr,D,Wages,Official LIS subject,3,3,0,3,INSUFFICIENT DATA,100.0,0.0
2026,H0353,Bonita G. Anthony,D,Wages,Official LIS subject,4,4,0,4,INSUFFICIENT DATA,100.0,0.0
2026,H0343,Briana D. Sewell,D,Wages,Official LIS subject,3,3,0,3,INSUFFICIENT DATA,100.0,0.0
2026,H0285,"C.E. Cliff Hayes, Jr.",D,Wages,Official LIS subject,3,3,0,3,INSUFFICIENT DATA,100.0,0.0
2026,H0402,Charlie Schmidt,D,Wages,Official LIS subject,2,2,0,2,INSUFFICIENT DATA,100.0,0.0
2026,H0208,Charniele L. Herring,D,Wages,Official LIS subject,3,3,0,3,INSUFFICIENT DATA,100.0,0.0
2026,H0317,Dan I. Helmer,D,Wages,Official LIS subject,4,4,0,4,INSUFFICIENT DATA,100.0,0.0
2026,H0301,David A. Reid,D,Wages,Official LIS subject,3,3,0,3,INSUFFICIENT DATA,100.0,0.0
2026,H0361,Debra D. Gardner,D,Wages,Official LIS subject,2,2,0,2,INSUFFICIENT DATA,100.0,0.0
2026,H0207,Delores L. McQuinn,D,Wages,Official LIS subject,3,3,0,3,INSUFFICIENT DATA,100.0,0.0
2026,H0372,Destiny LeVere Bolling,D,Wages,Official LIS subject,4,4,0,4,INSUFFICIENT DATA,100.0,0.0
2026,H0322,Don Scott,D,Wages,Official LIS subject,2,2,0,2,INSUFFICIENT DATA,100.0,0.0
2026,H0334,Elizabeth B. Bennett-Parker,D,Wages,Official LIS subject,1,1,0,1,INSUFFICIENT DATA,100.0,0.0
2026,H0297,Elizabeth R. Guzman,D,Wages,Official LIS subject,2,1,0,1,INSUFFICIENT DATA,100.0,0.0
2026,H0405,Garrett McGuire,D,Wages,Official LIS subject,2,2,0,2,INSUFFICIENT DATA,100.0,0.0
2026,H0403,Gretchen M. Bulova,D,Wages,Official LIS subject,2,2,0,2,INSUFFICIENT DATA,100.0,0.0
2026,H0351,Holly M. Seibold,D,Wages,Official LIS subject,2,2,0,2,INSUFFICIENT DATA,100.0,0.0
2026,H0344,Irene Shin,D,Wages,Official LIS subject,4,4,0,4,INSUFFICIENT DATA,100.0,0.0
2026,H0385,JJ Singh,D,Wages,Official LIS subject,4,4,0,4,INSUFFICIENT DATA,100.0,0.0
2026,H0349,Jackie H. Glass,D,Wages,Official LIS subject,2,2,0,2,INSUFFICIENT DATA,100.0,0.0
2026,H0173,Jeion A. Ward,D,Wages,Official LIS subject,4,4,0,4,INSUFFICIENT DATA,100.0,0.0
2026,H0386,Jessica L. Anderson,D,Wages,Official LIS subject,2,2,0,2,INSUFFICIENT DATA,100.0,0.0
2026,H0395,John Chilton McAuliff,D,Wages,Official LIS subject,2,2,0,2,INSUFFICIENT DATA,100.0,0.0
2026,H0382,Joshua E. Thomas,D,Wages,Official LIS subject,3,3,0,3,INSUFFICIENT DATA,100.0,0.0
2026,H0314,Joshua G. Cole,D,Wages,Official LIS subject,2,2,0,2,INSUFFICIENT DATA,100.0,0.0
2026,H0370,Karen Keys-Gamarra,D,Wages,Official LIS subject,2,1,0,1,INSUFFICIENT DATA,100.0,0.0
2026,H0387,"Karen R. ""Kacey"" Carnegie",D,Wages,Official LIS subject,2,2,0,2,INSUFFICIENT DATA,100.0,0.0
2026,H0294,Karrie K. Delaney,D,Wages,Official LIS subject,2,2,0,2,INSUFFICIENT DATA,100.0,0.0
2026,H0305,Kathy K.L. Tran,D,Wages,Official LIS subject,3,3,0,3,INSUFFICIENT DATA,100.0,0.0
2026,H0354,Katrina Callsen,D,Wages,Official LIS subject,2,2,0,2,INSUFFICIENT DATA,100.0,0.0
2026,H0295,Kelly K. Convirs-Fowler,D,Wages,Official LIS subject,4,3,0,3,INSUFFICIENT DATA,100.0,0.0
2026,H0399,Kimberly Pope Adams,D,Wages,Official LIS subject,2,2,0,2,INSUFFICIENT DATA,100.0,0.0
2026,H0406,Kirk McPike,D,Wages,Official LIS subject,1,1,0,1,INSUFFICIENT DATA,100.0,0.0
2026,H0355,Laura Jane Cohen,D,Wages,Official LIS subject,4,4,0,4,INSUFFICIENT DATA,100.0,0.0
2026,H0396,Leslie Chambers Mehta,D,Wages,Official LIS subject,2,2,0,2,INSUFFICIENT DATA,100.0,0.0
2026,H0393,Lily V. Franklin,D,Wages,Official LIS subject,2,2,0,2,INSUFFICIENT DATA,100.0,0.0
2026,H0391,Lindsey Dougherty,D,Wages,Official LIS subject,2,2,0,2,INSUFFICIENT DATA,100.0,0.0
2026,H0227,Luke E. Torian,D,Wages,Official LIS subject,3,3,0,3,INSUFFICIENT DATA,100.0,0.0
2026,H0284,"Marcia S. ""Cia"" Price",D,Wages,Official LIS subject,3,3,0,3,INSUFFICIENT DATA,100.0,0.0
2026,H0264,Marcus B. Simon,D,Wages,Official LIS subject,2,2,0,2,INSUFFICIENT DATA,100.0,0.0
2026,H0404,Margaret A. Franklin,D,Wages,Official LIS subject,2,2,0,2,INSUFFICIENT DATA,100.0,0.0
2026,H0392,Mark C. Downey,D,Wages,Official LIS subject,2,2,0,2,INSUFFICIENT DATA,100.0,0.0
2026,H0374,Marty Martinez,D,Wages,Official LIS subject,2,2,0,2,INSUFFICIENT DATA,100.0,0.0
2026,H0397,May Nivar,D,Wages,Official LIS subject,4,4,0,4,INSUFFICIENT DATA,100.0,0.0
2026,H0360,Michael B. Feggans,D,Wages,Official LIS subject,4,4,0,4,INSUFFICIENT DATA,100.0,0.0
2026,H0340,Michelle Lopes Maldonado,D,Wages,Official LIS subject,4,4,0,4,INSUFFICIENT DATA,100.0,0.0
2026,H0336,Nadarius E. Clark,D,Wages,Official LIS subject,4,4,0,4,INSUFFICIENT DATA,100.0,0.0
2026,H0389,Nicole Cole,D,Wages,Official LIS subject,2,2,0,2,INSUFFICIENT DATA,100.0,0.0
2026,H0219,Patrick A. Hope,D,Wages,Official LIS subject,2,2,0,2,INSUFFICIENT DATA,100.0,0.0
2026,H0281,Paul E. Krizek,D,Wages,Official LIS subject,3,3,0,3,INSUFFICIENT DATA,100.0,0.0
2026,H0366,Phil M. Hernandez,D,Wages,Official LIS subject,2,2,0,2,INSUFFICIENT DATA,100.0,0.0
2026,H0356,Rae Cousins,D,Wages,Official LIS subject,4,4,0,4,INSUFFICIENT DATA,100.0,0.0
2026,H0269,"Richard C. ""Rip"" Sullivan, Jr.",D,Wages,Official LIS subject,4,4,0,4,INSUFFICIENT DATA,100.0,0.0
2026,H0327,Rodney T. Willett,D,Wages,Official LIS subject,3,3,0,3,INSUFFICIENT DATA,100.0,0.0
2026,H0365,"Rozia A. Henson, Jr.",D,Wages,Official LIS subject,2,2,0,2,INSUFFICIENT DATA,100.0,0.0
2026,H0266,Sam Rasoul,D,Wages,Official LIS subject,2,2,0,2,INSUFFICIENT DATA,100.0,0.0
2026,H0323,Shelly A. Simonds,D,Wages,Official LIS subject,3,3,0,3,INSUFFICIENT DATA,100.0,0.0
2026,H0388,Stacey Annie Carroll,D,Wages,Official LIS subject,2,2,0,2,INSUFFICIENT DATA,100.0,0.0
2026,H0400,Virgil Thornton,D,Wages,Official LIS subject,2,2,0,2,INSUFFICIENT DATA,100.0,0.0
2026,H0108,Vivian E. Watts,D,Wages,Official LIS subject,2,2,0,2,INSUFFICIENT DATA,100.0,0.0
2026,H0253,Terry L. Austin,R,Wages,Official LIS subject,3,1,2,3,INSUFFICIENT DATA,33.33333333333333,66.66666666666666
2026,H0345,Anne Ferrell Tata,R,Wages,Official LIS subject,2,0,2,2,INSUFFICIENT DATA,0.0,100.0
2026,H0206,Barry D. Knight,R,Wages,Official LIS subject,1,0,0,0,INSUFFICIENT DATA,0.0,0.0
2026,H0329,Bill Wiley,R,Wages,Official LIS subject,3,0,3,3,INSUFFICIENT DATA,0.0,100.0
2026,H0321,Chris S. Runion,R,Wages,Official LIS subject,4,0,4,4,INSUFFICIENT DATA,0.0,100.0
2026,H0377,Delores Oates,R,Wages,Official LIS subject,2,0,2,2,INSUFFICIENT DATA,0.0,100.0
2026,H0350,Ellen H. McLaughlin,R,Wages,Official LIS subject,3,0,3,3,INSUFFICIENT DATA,0.0,100.0
2026,H0384,Eric Phillips,R,Wages,Official LIS subject,2,0,2,2,INSUFFICIENT DATA,0.0,100.0
2026,H0383,Eric R. Zehr,R,Wages,Official LIS subject,2,0,2,2,INSUFFICIENT DATA,0.0,100.0
2026,H0347,"H. Otto Wachsmann, Jr.",R,Wages,Official LIS subject,2,0,2,2,INSUFFICIENT DATA,0.0,100.0
2026,H0369,Hillary Pugh Kent,R,Wages,Official LIS subject,2,0,2,2,INSUFFICIENT DATA,0.0,100.0
2026,H0259,"Hyland F. ""Buddy"" Fowler, Jr.",R,Wages,Official LIS subject,2,0,2,2,INSUFFICIENT DATA,0.0,100.0
2026,H0242,Israel D. O'Quinn,R,Wages,Official LIS subject,4,0,4,4,INSUFFICIENT DATA,0.0,100.0
2026,H0262,"James A. ""Jay"" Leftwich",R,Wages,Official LIS subject,2,0,2,2,INSUFFICIENT DATA,0.0,100.0
2026,H0224,James W. Morefield,R,Wages,Official LIS subject,3,0,3,3,INSUFFICIENT DATA,0.0,100.0
2026,H0333,Jason S. Ballard,R,Wages,Official LIS subject,4,0,4,4,INSUFFICIENT DATA,0.0,100.0
2026,H0308,Joseph P. McNamara,R,Wages,Official LIS subject,2,0,2,2,INSUFFICIENT DATA,0.0,100.0
2026,H0398,Justin Pence,R,Wages,Official LIS subject,2,0,2,2,INSUFFICIENT DATA,0.0,100.0
2026,H0394,Karen Hamilton,R,Wages,Official LIS subject,2,0,2,2,INSUFFICIENT DATA,0.0,100.0
2026,H0238,M. Keith Hodges,R,Wages,Official LIS subject,3,0,3,3,INSUFFICIENT DATA,0.0,100.0
2026,H0401,Madison Whittle,R,Wages,Official LIS subject,2,0,2,2,INSUFFICIENT DATA,0.0,100.0
2026,H0247,Michael J. Webert,R,Wages,Official LIS subject,4,0,4,4,INSUFFICIENT DATA,0.0,100.0
2026,H0335,Mike A. Cherry,R,Wages,Official LIS subject,2,0,2,2,INSUFFICIENT DATA,0.0,100.0
2026,H0390,Mitchell Cornett,R,Wages,Official LIS subject,2,0,2,2,INSUFFICIENT DATA,0.0,100.0
2026,H0342,Phillip A. Scott,R,Wages,Official LIS subject,2,0,2,2,INSUFFICIENT DATA,0.0,100.0
2026,H0124,R. Lee Ware,R,Wages,Official LIS subject,2,0,2,2,INSUFFICIENT DATA,0.0,100.0
2026,H0267,"Robert S. Bloxom, Jr.",R,Wages,Official LIS subject,3,0,3,3,INSUFFICIENT DATA,0.0,100.0
2026,H0328,Scott A. Wyatt,R,Wages,Official LIS subject,3,0,3,3,INSUFFICIENT DATA,0.0,100.0
2026,H0056,Terry G. Kilgore,R,Wages,Official LIS subject,4,0,4,4,INSUFFICIENT DATA,0.0,100.0
2026,H0362,"Thomas A. Garrett, Jr.",R,Wages,Official LIS subject,2,0,1,1,INSUFFICIENT DATA,0.0,100.0
2026,H0136,"Thomas C. Wright, Jr.",R,Wages,Official LIS subject,2,0,2,2,INSUFFICIENT DATA,0.0,100.0
2026,H0364,Timothy P. Griffin,R,Wages,Official LIS subject,2,0,2,2,INSUFFICIENT DATA,0.0,100.0
2026,H0231,Tony O. Wilt,R,Wages,Official LIS subject,4,0,4,4,INSUFFICIENT DATA,0.0,100.0
2026,H0325,Wendell S. Walker,R,Wages,Official LIS subject,2,0,2,2,INSUFFICIENT DATA,0.0,100.0
2026,H0357,Will Davis,R,Wages,Official LIS subject,2,0,2,2,INSUFFICIENT DATA,0.0,100.0
2026,H0348,Wren M. Williams,R,Wages,Official LIS subject,4,0,4,4,INSUFFICIENT DATA,0.0,100.0
2026,H0375,Adele Y. McClure,D,Wind Energy,Official LIS subject,1,1,0,1,INSUFFICIENT DATA,100.0,0.0
2026,H0311,Alex Q. Askew,D,Wind Energy,Official LIS subject,2,2,0,2,INSUFFICIENT DATA,100.0,0.0
2026,H0239,Alfonso H. Lopez,D,Wind Energy,Official LIS subject,3,3,0,3,INSUFFICIENT DATA,100.0,0.0
2026,H0371,Amy J. Laufer,D,Wind Energy,Official LIS subject,2,2,0,2,INSUFFICIENT DATA,100.0,0.0
2026,H0345,Anne Ferrell Tata,R,Wind Energy,Official LIS subject,1,1,0,1,INSUFFICIENT DATA,100.0,0.0
2026,H0380,Atoosa R. Reaser,D,Wind Energy,Official LIS subject,1,1,0,1,INSUFFICIENT DATA,100.0,0.0
2026,H0212,Betsy B. Carr,D,Wind Energy,Official LIS subject,2,2,0,2,INSUFFICIENT DATA,100.0,0.0
2026,H0329,Bill Wiley,R,Wind Energy,Official LIS subject,2,2,0,2,INSUFFICIENT DATA,100.0,0.0
2026,H0353,Bonita G. Anthony,D,Wind Energy,Official LIS subject,3,3,0,3,INSUFFICIENT DATA,100.0,0.0
2026,H0343,Briana D. Sewell,D,Wind Energy,Official LIS subject,2,2,0,2,INSUFFICIENT DATA,100.0,0.0
2026,H0285,"C.E. Cliff Hayes, Jr.",D,Wind Energy,Official LIS subject,2,2,0,2,INSUFFICIENT DATA,100.0,0.0
2026,H0402,Charlie Schmidt,D,Wind Energy,Official LIS subject,1,1,0,1,INSUFFICIENT DATA,100.0,0.0
2026,H0208,Charniele L. Herring,D,Wind Energy,Official LIS subject,2,2,0,2,INSUFFICIENT DATA,100.0,0.0
2026,H0317,Dan I. Helmer,D,Wind Energy,Official LIS subject,3,3,0,3,INSUFFICIENT DATA,100.0,0.0
2026,H0301,David A. Reid,D,Wind Energy,Official LIS subject,2,2,0,2,INSUFFICIENT DATA,100.0,0.0
2026,H0361,Debra D. Gardner,D,Wind Energy,Official LIS subject,1,1,0,1,INSUFFICIENT DATA,100.0,0.0
2026,H0207,Delores L. McQuinn,D,Wind Energy,Official LIS subject,2,2,0,2,INSUFFICIENT DATA,100.0,0.0
2026,H0377,Delores Oates,R,Wind Energy,Official LIS subject,1,1,0,1,INSUFFICIENT DATA,100.0,0.0
2026,H0372,Destiny LeVere Bolling,D,Wind Energy,Official LIS subject,3,3,0,3,INSUFFICIENT DATA,100.0,0.0
2026,H0322,Don Scott,D,Wind Energy,Official LIS subject,1,1,0,1,INSUFFICIENT DATA,100.0,0.0
2026,H0297,Elizabeth R. Guzman,D,Wind Energy,Official LIS subject,1,1,0,1,INSUFFICIENT DATA,100.0,0.0
2026,H0350,Ellen H. McLaughlin,R,Wind Energy,Official LIS subject,2,2,0,2,INSUFFICIENT DATA,100.0,0.0
2026,H0384,Eric Phillips,R,Wind Energy,Official LIS subject,1,1,0,1,INSUFFICIENT DATA,100.0,0.0
2026,H0405,Garrett McGuire,D,Wind Energy,Official LIS subject,1,1,0,1,INSUFFICIENT DATA,100.0,0.0
2026,H0403,Gretchen M. Bulova,D,Wind Energy,Official LIS subject,1,1,0,1,INSUFFICIENT DATA,100.0,0.0
2026,H0347,"H. Otto Wachsmann, Jr.",R,Wind Energy,Official LIS subject,1,1,0,1,INSUFFICIENT DATA,100.0,0.0
2026,H0351,Holly M. Seibold,D,Wind Energy,Official LIS subject,1,1,0,1,INSUFFICIENT DATA,100.0,0.0
2026,H0344,Irene Shin,D,Wind Energy,Official LIS subject,3,3,0,3,INSUFFICIENT DATA,100.0,0.0
2026,H0242,Israel D. O'Quinn,R,Wind Energy,Official LIS subject,3,3,0,3,INSUFFICIENT DATA,100.0,0.0
2026,H0385,JJ Singh,D,Wind Energy,Official LIS subject,3,3,0,3,INSUFFICIENT DATA,100.0,0.0
2026,H0349,Jackie H. Glass,D,Wind Energy,Official LIS subject,1,1,0,1,INSUFFICIENT DATA,100.0,0.0
2026,H0262,"James A. ""Jay"" Leftwich",R,Wind Energy,Official LIS subject,1,1,0,1,INSUFFICIENT DATA,100.0,0.0
2026,H0224,James W. Morefield,R,Wind Energy,Official LIS subject,2,2,0,2,INSUFFICIENT DATA,100.0,0.0
2026,H0333,Jason S. Ballard,R,Wind Energy,Official LIS subject,3,3,0,3,INSUFFICIENT DATA,100.0,0.0
2026,H0173,Jeion A. Ward,D,Wind Energy,Official LIS subject,3,3,0,3,INSUFFICIENT DATA,100.0,0.0
2026,H0386,Jessica L. Anderson,D,Wind Energy,Official LIS subject,1,1,0,1,INSUFFICIENT DATA,100.0,0.0
2026,H0395,John Chilton McAuliff,D,Wind Energy,Official LIS subject,1,1,0,1,INSUFFICIENT DATA,100.0,0.0
2026,H0382,Joshua E. Thomas,D,Wind Energy,Official LIS subject,2,2,0,2,INSUFFICIENT DATA,100.0,0.0
2026,H0314,Joshua G. Cole,D,Wind Energy,Official LIS subject,1,1,0,1,INSUFFICIENT DATA,100.0,0.0
2026,H0370,Karen Keys-Gamarra,D,Wind Energy,Official LIS subject,1,1,0,1,INSUFFICIENT DATA,100.0,0.0
2026,H0387,"Karen R. ""Kacey"" Carnegie",D,Wind Energy,Official LIS subject,1,1,0,1,INSUFFICIENT DATA,100.0,0.0
2026,H0294,Karrie K. Delaney,D,Wind Energy,Official LIS subject,1,1,0,1,INSUFFICIENT DATA,100.0,0.0
2026,H0305,Kathy K.L. Tran,D,Wind Energy,Official LIS subject,2,2,0,2,INSUFFICIENT DATA,100.0,0.0
2026,H0354,Katrina Callsen,D,Wind Energy,Official LIS subject,1,1,0,1,INSUFFICIENT DATA,100.0,0.0
2026,H0295,Kelly K. Convirs-Fowler,D,Wind Energy,Official LIS subject,3,3,0,3,INSUFFICIENT DATA,100.0,0.0
2026,H0399,Kimberly Pope Adams,D,Wind Energy,Official LIS subject,1,1,0,1,INSUFFICIENT DATA,100.0,0.0
2026,H0406,Kirk McPike,D,Wind Energy,Official LIS subject,1,1,0,1,INSUFFICIENT DATA,100.0,0.0
2026,H0355,Laura Jane Cohen,D,Wind Energy,Official LIS subject,3,3,0,3,INSUFFICIENT DATA,100.0,0.0
2026,H0396,Leslie Chambers Mehta,D,Wind Energy,Official LIS subject,1,1,0,1,INSUFFICIENT DATA,100.0,0.0
2026,H0393,Lily V. Franklin,D,Wind Energy,Official LIS subject,1,1,0,1,INSUFFICIENT DATA,100.0,0.0
2026,H0391,Lindsey Dougherty,D,Wind Energy,Official LIS subject,1,1,0,1,INSUFFICIENT DATA,100.0,0.0
2026,H0227,Luke E. Torian,D,Wind Energy,Official LIS subject,2,2,0,2,INSUFFICIENT DATA,100.0,0.0
2026,H0238,M. Keith Hodges,R,Wind Energy,Official LIS subject,2,2,0,2,INSUFFICIENT DATA,100.0,0.0
2026,H0401,Madison Whittle,R,Wind Energy,Official LIS subject,1,1,0,1,INSUFFICIENT DATA,100.0,0.0
2026,H0284,"Marcia S. ""Cia"" Price",D,Wind Energy,Official LIS subject,2,1,0,1,INSUFFICIENT DATA,100.0,0.0
2026,H0264,Marcus B. Simon,D,Wind Energy,Official LIS subject,1,1,0,1,INSUFFICIENT DATA,100.0,0.0
2026,H0404,Margaret A. Franklin,D,Wind Energy,Official LIS subject,1,1,0,1,INSUFFICIENT DATA,100.0,0.0
2026,H0392,Mark C. Downey,D,Wind Energy,Official LIS subject,1,1,0,1,INSUFFICIENT DATA,100.0,0.0
2026,H0374,Marty Martinez,D,Wind Energy,Official LIS subject,1,1,0,1,INSUFFICIENT DATA,100.0,0.0
2026,H0397,May Nivar,D,Wind Energy,Official LIS subject,3,3,0,3,INSUFFICIENT DATA,100.0,0.0
2026,H0360,Michael B. Feggans,D,Wind Energy,Official LIS subject,3,3,0,3,INSUFFICIENT DATA,100.0,0.0
2026,H0340,Michelle Lopes Maldonado,D,Wind Energy,Official LIS subject,3,3,0,3,INSUFFICIENT DATA,100.0,0.0
2026,H0335,Mike A. Cherry,R,Wind Energy,Official LIS subject,1,1,0,1,INSUFFICIENT DATA,100.0,0.0
2026,H0390,Mitchell Cornett,R,Wind Energy,Official LIS subject,1,1,0,1,INSUFFICIENT DATA,100.0,0.0
2026,H0336,Nadarius E. Clark,D,Wind Energy,Official LIS subject,3,3,0,3,INSUFFICIENT DATA,100.0,0.0
2026,H0389,Nicole Cole,D,Wind Energy,Official LIS subject,1,1,0,1,INSUFFICIENT DATA,100.0,0.0
2026,H0219,Patrick A. Hope,D,Wind Energy,Official LIS subject,1,1,0,1,INSUFFICIENT DATA,100.0,0.0
2026,H0281,Paul E. Krizek,D,Wind Energy,Official LIS subject,2,2,0,2,INSUFFICIENT DATA,100.0,0.0
2026,H0366,Phil M. Hernandez,D,Wind Energy,Official LIS subject,1,1,0,1,INSUFFICIENT DATA,100.0,0.0
2026,H0356,Rae Cousins,D,Wind Energy,Official LIS subject,3,3,0,3,INSUFFICIENT DATA,100.0,0.0
2026,H0269,"Richard C. ""Rip"" Sullivan, Jr.",D,Wind Energy,Official LIS subject,3,3,0,3,INSUFFICIENT DATA,100.0,0.0
2026,H0267,"Robert S. Bloxom, Jr.",R,Wind Energy,Official LIS subject,2,2,0,2,INSUFFICIENT DATA,100.0,0.0
2026,H0327,Rodney T. Willett,D,Wind Energy,Official LIS subject,2,2,0,2,INSUFFICIENT DATA,100.0,0.0
2026,H0365,"Rozia A. Henson, Jr.",D,Wind Energy,Official LIS subject,1,1,0,1,INSUFFICIENT DATA,100.0,0.0
2026,H0266,Sam Rasoul,D,Wind Energy,Official LIS subject,1,1,0,1,INSUFFICIENT DATA,100.0,0.0
2026,H0328,Scott A. Wyatt,R,Wind Energy,Official LIS subject,2,2,0,2,INSUFFICIENT DATA,100.0,0.0
2026,H0323,Shelly A. Simonds,D,Wind Energy,Official LIS subject,2,2,0,2,INSUFFICIENT DATA,100.0,0.0
2026,H0388,Stacey Annie Carroll,D,Wind Energy,Official LIS subject,1,1,0,1,INSUFFICIENT DATA,100.0,0.0
2026,H0056,Terry G. Kilgore,R,Wind Energy,Official LIS subject,3,3,0,3,INSUFFICIENT DATA,100.0,0.0
2026,H0253,Terry L. Austin,R,Wind Energy,Official LIS subject,2,2,0,2,INSUFFICIENT DATA,100.0,0.0
2026,H0231,Tony O. Wilt,R,Wind Energy,Official LIS subject,3,3,0,3,INSUFFICIENT DATA,100.0,0.0
2026,H0400,Virgil Thornton,D,Wind Energy,Official LIS subject,1,1,0,1,INSUFFICIENT DATA,100.0,0.0
2026,H0108,Vivian E. Watts,D,Wind Energy,Official LIS subject,1,1,0,1,INSUFFICIENT DATA,100.0,0.0
2026,H0325,Wendell S. Walker,R,Wind Energy,Official LIS subject,1,1,0,1,INSUFFICIENT DATA,100.0,0.0
2026,H0357,Will Davis,R,Wind Energy,Official LIS subject,1,1,0,1,INSUFFICIENT DATA,100.0,0.0
2026,H0348,Wren M. Williams,R,Wind Energy,Official LIS subject,3,1,0,1,INSUFFICIENT DATA,100.0,0.0
2026,H0321,Chris S. Runion,R,Wind Energy,Official LIS subject,3,1,2,3,INSUFFICIENT DATA,33.33333333333333,66.66666666666666
2026,H0247,Michael J. Webert,R,Wind Energy,Official LIS subject,3,1,2,3,INSUFFICIENT DATA,33.33333333333333,66.66666666666666
2026,H0383,Eric R. Zehr,R,Wind Energy,Official LIS subject,1,0,1,1,INSUFFICIENT DATA,0.0,100.0
2026,H0369,Hillary Pugh Kent,R,Wind Energy,Official LIS subject,1,0,1,1,INSUFFICIENT DATA,0.0,100.0
2026,H0259,"Hyland F. ""Buddy"" Fowler, Jr.",R,Wind Energy,Official LIS subject,1,0,1,1,INSUFFICIENT DATA,0.0,100.0
2026,H0308,Joseph P. McNamara,R,Wind Energy,Official LIS subject,1,0,1,1,INSUFFICIENT DATA,0.0,100.0
2026,H0398,Justin Pence,R,Wind Energy,Official LIS subject,1,0,1,1,INSUFFICIENT DATA,0.0,100.0
2026,H0394,Karen Hamilton,R,Wind Energy,Official LIS subject,1,0,1,1,INSUFFICIENT DATA,0.0,100.0
2026,H0342,Phillip A. Scott,R,Wind Energy,Official LIS subject,1,0,1,1,INSUFFICIENT DATA,0.0,100.0
2026,H0124,R. Lee Ware,R,Wind Energy,Official LIS subject,1,0,1,1,INSUFFICIENT DATA,0.0,100.0
2026,H0362,"Thomas A. Garrett, Jr.",R,Wind Energy,Official LIS subject,1,0,1,1,INSUFFICIENT DATA,0.0,100.0
2026,H0136,"Thomas C. Wright, Jr.",R,Wind Energy,Official LIS subject,1,0,1,1,INSUFFICIENT DATA,0.0,100.0
2026,H0364,Timothy P. Griffin,R,Wind Energy,Official LIS subject,1,0,1,1,INSUFFICIENT DATA,0.0,100.0
2026,H0375,Adele Y. McClure,D,Workforce,Official LIS subject,1,1,0,1,INSUFFICIENT DATA,100.0,0.0
2026,H0311,Alex Q. Askew,D,Workforce,Official LIS subject,2,2,0,2,INSUFFICIENT DATA,100.0,0.0
2026,H0239,Alfonso H. Lopez,D,Workforce,Official LIS subject,3,3,0,3,INSUFFICIENT DATA,100.0,0.0
2026,H0371,Amy J. Laufer,D,Workforce,Official LIS subject,2,2,0,2,INSUFFICIENT DATA,100.0,0.0
2026,H0345,Anne Ferrell Tata,R,Workforce,Official LIS subject,1,1,0,1,INSUFFICIENT DATA,100.0,0.0
2026,H0380,Atoosa R. Reaser,D,Workforce,Official LIS subject,1,1,0,1,INSUFFICIENT DATA,100.0,0.0
2026,H0212,Betsy B. Carr,D,Workforce,Official LIS subject,2,2,0,2,INSUFFICIENT DATA,100.0,0.0
2026,H0329,Bill Wiley,R,Workforce,Official LIS subject,2,2,0,2,INSUFFICIENT DATA,100.0,0.0
2026,H0353,Bonita G. Anthony,D,Workforce,Official LIS subject,3,3,0,3,INSUFFICIENT DATA,100.0,0.0
2026,H0343,Briana D. Sewell,D,Workforce,Official LIS subject,2,2,0,2,INSUFFICIENT DATA,100.0,0.0
2026,H0285,"C.E. Cliff Hayes, Jr.",D,Workforce,Official LIS subject,2,2,0,2,INSUFFICIENT DATA,100.0,0.0
2026,H0402,Charlie Schmidt,D,Workforce,Official LIS subject,1,1,0,1,INSUFFICIENT DATA,100.0,0.0
2026,H0208,Charniele L. Herring,D,Workforce,Official LIS subject,2,2,0,2,INSUFFICIENT DATA,100.0,0.0
2026,H0317,Dan I. Helmer,D,Workforce,Official LIS subject,3,3,0,3,INSUFFICIENT DATA,100.0,0.0
2026,H0301,David A. Reid,D,Workforce,Official LIS subject,2,2,0,2,INSUFFICIENT DATA,100.0,0.0
2026,H0361,Debra D. Gardner,D,Workforce,Official LIS subject,1,1,0,1,INSUFFICIENT DATA,100.0,0.0
2026,H0207,Delores L. McQuinn,D,Workforce,Official LIS subject,2,2,0,2,INSUFFICIENT DATA,100.0,0.0
2026,H0377,Delores Oates,R,Workforce,Official LIS subject,1,1,0,1,INSUFFICIENT DATA,100.0,0.0
2026,H0372,Destiny LeVere Bolling,D,Workforce,Official LIS subject,3,3,0,3,INSUFFICIENT DATA,100.0,0.0
2026,H0322,Don Scott,D,Workforce,Official LIS subject,1,1,0,1,INSUFFICIENT DATA,100.0,0.0
2026,H0297,Elizabeth R. Guzman,D,Workforce,Official LIS subject,1,1,0,1,INSUFFICIENT DATA,100.0,0.0
2026,H0350,Ellen H. McLaughlin,R,Workforce,Official LIS subject,2,2,0,2,INSUFFICIENT DATA,100.0,0.0
2026,H0384,Eric Phillips,R,Workforce,Official LIS subject,1,1,0,1,INSUFFICIENT DATA,100.0,0.0
2026,H0405,Garrett McGuire,D,Workforce,Official LIS subject,1,1,0,1,INSUFFICIENT DATA,100.0,0.0
2026,H0403,Gretchen M. Bulova,D,Workforce,Official LIS subject,1,1,0,1,INSUFFICIENT DATA,100.0,0.0
2026,H0347,"H. Otto Wachsmann, Jr.",R,Workforce,Official LIS subject,1,1,0,1,INSUFFICIENT DATA,100.0,0.0
2026,H0351,Holly M. Seibold,D,Workforce,Official LIS subject,1,1,0,1,INSUFFICIENT DATA,100.0,0.0
2026,H0344,Irene Shin,D,Workforce,Official LIS subject,3,3,0,3,INSUFFICIENT DATA,100.0,0.0
2026,H0242,Israel D. O'Quinn,R,Workforce,Official LIS subject,3,3,0,3,INSUFFICIENT DATA,100.0,0.0
2026,H0385,JJ Singh,D,Workforce,Official LIS subject,3,3,0,3,INSUFFICIENT DATA,100.0,0.0
2026,H0349,Jackie H. Glass,D,Workforce,Official LIS subject,1,1,0,1,INSUFFICIENT DATA,100.0,0.0
2026,H0262,"James A. ""Jay"" Leftwich",R,Workforce,Official LIS subject,1,1,0,1,INSUFFICIENT DATA,100.0,0.0
2026,H0224,James W. Morefield,R,Workforce,Official LIS subject,2,2,0,2,INSUFFICIENT DATA,100.0,0.0
2026,H0333,Jason S. Ballard,R,Workforce,Official LIS subject,3,3,0,3,INSUFFICIENT DATA,100.0,0.0
2026,H0173,Jeion A. Ward,D,Workforce,Official LIS subject,3,3,0,3,INSUFFICIENT DATA,100.0,0.0
2026,H0386,Jessica L. Anderson,D,Workforce,Official LIS subject,1,1,0,1,INSUFFICIENT DATA,100.0,0.0
2026,H0395,John Chilton McAuliff,D,Workforce,Official LIS subject,1,1,0,1,INSUFFICIENT DATA,100.0,0.0
2026,H0382,Joshua E. Thomas,D,Workforce,Official LIS subject,2,2,0,2,INSUFFICIENT DATA,100.0,0.0
2026,H0314,Joshua G. Cole,D,Workforce,Official LIS subject,1,1,0,1,INSUFFICIENT DATA,100.0,0.0
2026,H0370,Karen Keys-Gamarra,D,Workforce,Official LIS subject,1,1,0,1,INSUFFICIENT DATA,100.0,0.0
2026,H0387,"Karen R. ""Kacey"" Carnegie",D,Workforce,Official LIS subject,1,1,0,1,INSUFFICIENT DATA,100.0,0.0
2026,H0294,Karrie K. Delaney,D,Workforce,Official LIS subject,1,1,0,1,INSUFFICIENT DATA,100.0,0.0
2026,H0305,Kathy K.L. Tran,D,Workforce,Official LIS subject,2,2,0,2,INSUFFICIENT DATA,100.0,0.0
2026,H0354,Katrina Callsen,D,Workforce,Official LIS subject,1,1,0,1,INSUFFICIENT DATA,100.0,0.0
2026,H0295,Kelly K. Convirs-Fowler,D,Workforce,Official LIS subject,3,3,0,3,INSUFFICIENT DATA,100.0,0.0
2026,H0399,Kimberly Pope Adams,D,Workforce,Official LIS subject,1,1,0,1,INSUFFICIENT DATA,100.0,0.0
2026,H0406,Kirk McPike,D,Workforce,Official LIS subject,1,1,0,1,INSUFFICIENT DATA,100.0,0.0
2026,H0355,Laura Jane Cohen,D,Workforce,Official LIS subject,3,3,0,3,INSUFFICIENT DATA,100.0,0.0
2026,H0396,Leslie Chambers Mehta,D,Workforce,Official LIS subject,1,1,0,1,INSUFFICIENT DATA,100.0,0.0
2026,H0393,Lily V. Franklin,D,Workforce,Official LIS subject,1,1,0,1,INSUFFICIENT DATA,100.0,0.0
2026,H0391,Lindsey Dougherty,D,Workforce,Official LIS subject,1,1,0,1,INSUFFICIENT DATA,100.0,0.0
2026,H0227,Luke E. Torian,D,Workforce,Official LIS subject,2,2,0,2,INSUFFICIENT DATA,100.0,0.0
2026,H0238,M. Keith Hodges,R,Workforce,Official LIS subject,2,2,0,2,INSUFFICIENT DATA,100.0,0.0
2026,H0401,Madison Whittle,R,Workforce,Official LIS subject,1,1,0,1,INSUFFICIENT DATA,100.0,0.0
2026,H0284,"Marcia S. ""Cia"" Price",D,Workforce,Official LIS subject,2,1,0,1,INSUFFICIENT DATA,100.0,0.0
2026,H0264,Marcus B. Simon,D,Workforce,Official LIS subject,1,1,0,1,INSUFFICIENT DATA,100.0,0.0
2026,H0404,Margaret A. Franklin,D,Workforce,Official LIS subject,1,1,0,1,INSUFFICIENT DATA,100.0,0.0
2026,H0392,Mark C. Downey,D,Workforce,Official LIS subject,1,1,0,1,INSUFFICIENT DATA,100.0,0.0
2026,H0374,Marty Martinez,D,Workforce,Official LIS subject,1,1,0,1,INSUFFICIENT DATA,100.0,0.0
2026,H0397,May Nivar,D,Workforce,Official LIS subject,3,3,0,3,INSUFFICIENT DATA,100.0,0.0
2026,H0360,Michael B. Feggans,D,Workforce,Official LIS subject,3,3,0,3,INSUFFICIENT DATA,100.0,0.0
2026,H0340,Michelle Lopes Maldonado,D,Workforce,Official LIS subject,3,3,0,3,INSUFFICIENT DATA,100.0,0.0
2026,H0335,Mike A. Cherry,R,Workforce,Official LIS subject,1,1,0,1,INSUFFICIENT DATA,100.0,0.0
2026,H0390,Mitchell Cornett,R,Workforce,Official LIS subject,1,1,0,1,INSUFFICIENT DATA,100.0,0.0
2026,H0336,Nadarius E. Clark,D,Workforce,Official LIS subject,3,3,0,3,INSUFFICIENT DATA,100.0,0.0
2026,H0389,Nicole Cole,D,Workforce,Official LIS subject,1,1,0,1,INSUFFICIENT DATA,100.0,0.0
2026,H0219,Patrick A. Hope,D,Workforce,Official LIS subject,1,1,0,1,INSUFFICIENT DATA,100.0,0.0
2026,H0281,Paul E. Krizek,D,Workforce,Official LIS subject,2,2,0,2,INSUFFICIENT DATA,100.0,0.0
2026,H0366,Phil M. Hernandez,D,Workforce,Official LIS subject,1,1,0,1,INSUFFICIENT DATA,100.0,0.0
2026,H0356,Rae Cousins,D,Workforce,Official LIS subject,3,3,0,3,INSUFFICIENT DATA,100.0,0.0
2026,H0269,"Richard C. ""Rip"" Sullivan, Jr.",D,Workforce,Official LIS subject,3,3,0,3,INSUFFICIENT DATA,100.0,0.0
2026,H0267,"Robert S. Bloxom, Jr.",R,Workforce,Official LIS subject,2,2,0,2,INSUFFICIENT DATA,100.0,0.0
2026,H0327,Rodney T. Willett,D,Workforce,Official LIS subject,2,2,0,2,INSUFFICIENT DATA,100.0,0.0
2026,H0365,"Rozia A. Henson, Jr.",D,Workforce,Official LIS subject,1,1,0,1,INSUFFICIENT DATA,100.0,0.0
2026,H0266,Sam Rasoul,D,Workforce,Official LIS subject,1,1,0,1,INSUFFICIENT DATA,100.0,0.0
2026,H0328,Scott A. Wyatt,R,Workforce,Official LIS subject,2,2,0,2,INSUFFICIENT DATA,100.0,0.0
2026,H0323,Shelly A. Simonds,D,Workforce,Official LIS subject,2,2,0,2,INSUFFICIENT DATA,100.0,0.0
2026,H0388,Stacey Annie Carroll,D,Workforce,Official LIS subject,1,1,0,1,INSUFFICIENT DATA,100.0,0.0
2026,H0056,Terry G. Kilgore,R,Workforce,Official LIS subject,3,3,0,3,INSUFFICIENT DATA,100.0,0.0
2026,H0253,Terry L. Austin,R,Workforce,Official LIS subject,2,2,0,2,INSUFFICIENT DATA,100.0,0.0
2026,H0231,Tony O. Wilt,R,Workforce,Official LIS subject,3,3,0,3,INSUFFICIENT DATA,100.0,0.0
2026,H0400,Virgil Thornton,D,Workforce,Official LIS subject,1,1,0,1,INSUFFICIENT DATA,100.0,0.0
2026,H0108,Vivian E. Watts,D,Workforce,Official LIS subject,1,1,0,1,INSUFFICIENT DATA,100.0,0.0
2026,H0325,Wendell S. Walker,R,Workforce,Official LIS subject,1,1,0,1,INSUFFICIENT DATA,100.0,0.0
2026,H0357,Will Davis,R,Workforce,Official LIS subject,1,1,0,1,INSUFFICIENT DATA,100.0,0.0
2026,H0348,Wren M. Williams,R,Workforce,Official LIS subject,3,1,0,1,INSUFFICIENT DATA,100.0,0.0
2026,H0321,Chris S. Runion,R,Workforce,Official LIS subject,3,1,2,3,INSUFFICIENT DATA,33.33333333333333,66.66666666666666
2026,H0247,Michael J. Webert,R,Workforce,Official LIS subject,3,1,2,3,INSUFFICIENT DATA,33.33333333333333,66.66666666666666
2026,H0383,Eric R. Zehr,R,Workforce,Official LIS subject,1,0,1,1,INSUFFICIENT DATA,0.0,100.0
2026,H0369,Hillary Pugh Kent,R,Workforce,Official LIS subject,1,0,1,1,INSUFFICIENT DATA,0.0,100.0
2026,H0259,"Hyland F. ""Buddy"" Fowler, Jr.",R,Workforce,Official LIS subject,1,0,1,1,INSUFFICIENT DATA,0.0,100.0
2026,H0308,Joseph P. McNamara,R,Workforce,Official LIS subject,1,0,1,1,INSUFFICIENT DATA,0.0,100.0
2026,H0398,Justin Pence,R,Workforce,Official LIS subject,1,0,1,1,INSUFFICIENT DATA,0.0,100.0
2026,H0394,Karen Hamilton,R,Workforce,Official LIS subject,1,0,1,1,INSUFFICIENT DATA,0.0,100.0
2026,H0342,Phillip A. Scott,R,Workforce,Official LIS subject,1,0,1,1,INSUFFICIENT DATA,0.0,100.0
2026,H0124,R. Lee Ware,R,Workforce,Official LIS subject,1,0,1,1,INSUFFICIENT DATA,0.0,100.0
2026,H0362,"Thomas A. Garrett, Jr.",R,Workforce,Official LIS subject,1,0,1,1,INSUFFICIENT DATA,0.0,100.0
2026,H0136,"Thomas C. Wright, Jr.",R,Workforce,Official LIS subject,1,0,1,1,INSUFFICIENT DATA,0.0,100.0
2026,H0364,Timothy P. Griffin,R,Workforce,Official LIS subject,1,0,1,1,INSUFFICIENT DATA,0.0,100.0
