year,member_id,MBR_NAME,party,topic_name,classification,topic_vote_events,yes_votes,no_votes,directional_topic_votes,voting_tendency,yes_pct,no_pct
2025,H0368,Michael J. Jones,D,Agriculture and Food,Derived from LIS bill description,11,9,0,9,INSUFFICIENT DATA,100.0,0.0
2025,H0362,"Thomas A. Garrett, Jr.",R,Agriculture and Food,Derived from LIS bill description,10,9,0,9,INSUFFICIENT DATA,100.0,0.0
2025,H0337,A.C. Cordoza,R,Agriculture and Food,Derived from LIS bill description,9,8,1,9,INSUFFICIENT DATA,88.88888888888889,11.11111111111111
2025,H0378,Chris Obenshain,R,Agriculture and Food,Derived from LIS bill description,9,8,1,9,INSUFFICIENT DATA,88.88888888888889,11.11111111111111
2025,H0379,David Owen,R,Agriculture and Food,Derived from LIS bill description,9,8,1,9,INSUFFICIENT DATA,88.88888888888889,11.11111111111111
2025,H0377,Delores Oates,R,Agriculture and Food,Derived from LIS bill description,9,8,1,9,INSUFFICIENT DATA,88.88888888888889,11.11111111111111
2025,H0384,Eric Phillips,R,Agriculture and Food,Derived from LIS bill description,9,8,1,9,INSUFFICIENT DATA,88.88888888888889,11.11111111111111
2025,H0367,Geary Higgins,R,Agriculture and Food,Derived from LIS bill description,9,8,1,9,INSUFFICIENT DATA,88.88888888888889,11.11111111111111
2025,H0373,Ian T. Lovejoy,R,Agriculture and Food,Derived from LIS bill description,9,8,1,9,INSUFFICIENT DATA,88.88888888888889,11.11111111111111
2025,H0262,"James A. ""Jay"" Leftwich",R,Agriculture and Food,Derived from LIS bill description,9,8,1,9,INSUFFICIENT DATA,88.88888888888889,11.11111111111111
2025,H0352,"Jonathan ""Jed"" Arnold",R,Agriculture and Food,Derived from LIS bill description,9,8,1,9,INSUFFICIENT DATA,88.88888888888889,11.11111111111111
2025,H0358,"Mark L. Earley, Jr.",R,Agriculture and Food,Derived from LIS bill description,9,8,1,9,INSUFFICIENT DATA,88.88888888888889,11.11111111111111
2025,H0376,Paul V. Milde,R,Agriculture and Food,Derived from LIS bill description,10,8,1,9,INSUFFICIENT DATA,88.88888888888889,11.11111111111111
2025,H0325,Wendell S. Walker,R,Agriculture and Food,Derived from LIS bill description,9,8,1,9,INSUFFICIENT DATA,88.88888888888889,11.11111111111111
2025,H0357,Will Davis,R,Agriculture and Food,Derived from LIS bill description,9,8,1,9,INSUFFICIENT DATA,88.88888888888889,11.11111111111111
2025,H0322,Don Scott,D,Agriculture and Food,Derived from LIS bill description,9,7,2,9,INSUFFICIENT DATA,77.77777777777779,22.22222222222222
2025,H0334,Elizabeth B. Bennett-Parker,D,Agriculture and Food,Derived from LIS bill description,9,7,2,9,INSUFFICIENT DATA,77.77777777777779,22.22222222222222
2025,H0351,Holly M. Seibold,D,Agriculture and Food,Derived from LIS bill description,9,7,2,9,INSUFFICIENT DATA,77.77777777777779,22.22222222222222
2025,H0382,Joshua E. Thomas,D,Agriculture and Food,Derived from LIS bill description,9,7,2,9,INSUFFICIENT DATA,77.77777777777779,22.22222222222222
2025,H0370,Karen Keys-Gamarra,D,Agriculture and Food,Derived from LIS bill description,9,7,2,9,INSUFFICIENT DATA,77.77777777777779,22.22222222222222
2025,H0354,Katrina Callsen,D,Agriculture and Food,Derived from LIS bill description,9,7,2,9,INSUFFICIENT DATA,77.77777777777779,22.22222222222222
2025,H0264,Marcus B. Simon,D,Agriculture and Food,Derived from LIS bill description,9,7,2,9,INSUFFICIENT DATA,77.77777777777779,22.22222222222222
2025,H0374,Marty Martinez,D,Agriculture and Food,Derived from LIS bill description,9,7,2,9,INSUFFICIENT DATA,77.77777777777779,22.22222222222222
2025,H0365,"Rozia A. Henson, Jr.",D,Agriculture and Food,Derived from LIS bill description,9,7,2,9,INSUFFICIENT DATA,77.77777777777779,22.22222222222222
2025,H0206,Barry D. Knight,R,Agriculture and Food,Derived from LIS bill description,10,3,1,4,INSUFFICIENT DATA,75.0,25.0
2025,H0385,JJ Singh,D,Agriculture and Food,Derived from LIS bill description,9,6,2,8,INSUFFICIENT DATA,75.0,25.0
2025,H0224,James W. Morefield,R,Agriculture and Food,Derived from LIS bill description,10,6,2,8,INSUFFICIENT DATA,75.0,25.0
2025,H0314,Joshua G. Cole,D,Agriculture and Food,Derived from LIS bill description,9,6,2,8,INSUFFICIENT DATA,75.0,25.0
2025,H0361,Debra D. Gardner,D,Agriculture and Food,Derived from LIS bill description,9,5,2,7,INSUFFICIENT DATA,71.42857142857143,28.57142857142857
2025,H0150,"Daniel W. Marshall, III",R,Agriculture and Food,Derived from LIS bill description,19,5,5,10,MIXED,50.0,50.0
2025,H0383,Eric R. Zehr,R,Agriculture and Food,Derived from LIS bill description,12,11,1,12,YES,91.66666666666666,8.333333333333332
2025,H0335,Mike A. Cherry,R,Agriculture and Food,Derived from LIS bill description,11,10,1,11,YES,90.9090909090909,9.090909090909092
2025,H0136,"Thomas C. Wright, Jr.",R,Agriculture and Food,Derived from LIS bill description,14,10,1,11,YES,90.9090909090909,9.090909090909092
2025,H0363,W. Chad Green,R,Agriculture and Food,Derived from LIS bill description,11,10,1,11,YES,90.9090909090909,9.090909090909092
2025,H0313,Amanda E. Batten,R,Agriculture and Food,Derived from LIS bill description,10,9,1,10,YES,90.0,10.0
2025,H0347,"H. Otto Wachsmann, Jr.",R,Agriculture and Food,Derived from LIS bill description,10,9,1,10,YES,90.0,10.0
2025,H0346,Kim A. Taylor,R,Agriculture and Food,Derived from LIS bill description,10,9,1,10,YES,90.0,10.0
2025,H0279,Nicholas J. Freitas,R,Agriculture and Food,Derived from LIS bill description,10,9,1,10,YES,90.0,10.0
2025,H0342,Phillip A. Scott,R,Agriculture and Food,Derived from LIS bill description,10,9,1,10,YES,90.0,10.0
2025,H0364,Timothy P. Griffin,R,Agriculture and Food,Derived from LIS bill description,10,9,1,10,YES,90.0,10.0
2025,H0371,Amy J. Laufer,D,Agriculture and Food,Derived from LIS bill description,18,15,2,17,YES,88.23529411764706,11.76470588235294
2025,H0177,David L. Bulova,D,Agriculture and Food,Derived from LIS bill description,17,15,2,17,YES,88.23529411764706,11.76470588235294
2025,H0259,"Hyland F. ""Buddy"" Fowler, Jr.",R,Agriculture and Food,Derived from LIS bill description,17,15,2,17,YES,88.23529411764706,11.76470588235294
2025,H0336,Nadarius E. Clark,D,Agriculture and Food,Derived from LIS bill description,18,15,2,17,YES,88.23529411764706,11.76470588235294
2025,H0281,Paul E. Krizek,D,Agriculture and Food,Derived from LIS bill description,16,14,2,16,YES,87.5,12.5
2025,H0366,Phil M. Hernandez,D,Agriculture and Food,Derived from LIS bill description,17,14,2,16,YES,87.5,12.5
2025,H0323,Shelly A. Simonds,D,Agriculture and Food,Derived from LIS bill description,16,14,2,16,YES,87.5,12.5
2025,H0369,Hillary Pugh Kent,R,Agriculture and Food,Derived from LIS bill description,14,12,2,14,YES,85.71428571428571,14.285714285714285
2025,H0305,Kathy K.L. Tran,D,Agriculture and Food,Derived from LIS bill description,14,12,2,14,YES,85.71428571428571,14.285714285714285
2025,H0124,R. Lee Ware,R,Agriculture and Food,Derived from LIS bill description,14,12,2,14,YES,85.71428571428571,14.285714285714285
2025,H0311,Alex Q. Askew,D,Agriculture and Food,Derived from LIS bill description,13,11,2,13,YES,84.61538461538461,15.384615384615385
2025,H0343,Briana D. Sewell,D,Agriculture and Food,Derived from LIS bill description,14,11,2,13,YES,84.61538461538461,15.384615384615385
2025,H0207,Delores L. McQuinn,D,Agriculture and Food,Derived from LIS bill description,14,11,2,13,YES,84.61538461538461,15.384615384615385
2025,H0372,Destiny LeVere Bolling,D,Agriculture and Food,Derived from LIS bill description,13,11,2,13,YES,84.61538461538461,15.384615384615385
2025,H0360,Michael B. Feggans,D,Agriculture and Food,Derived from LIS bill description,13,11,2,13,YES,84.61538461538461,15.384615384615385
2025,H0073,"Robert D. Orrock, Sr.",R,Agriculture and Food,Derived from LIS bill description,14,11,2,13,YES,84.61538461538461,15.384615384615385
2025,H0317,Dan I. Helmer,D,Agriculture and Food,Derived from LIS bill description,19,16,3,19,YES,84.21052631578947,15.789473684210526
2025,H0329,Bill Wiley,R,Agriculture and Food,Derived from LIS bill description,12,10,2,12,YES,83.33333333333334,16.666666666666664
2025,H0173,Jeion A. Ward,D,Agriculture and Food,Derived from LIS bill description,12,10,2,12,YES,83.33333333333334,16.666666666666664
2025,H0295,Kelly K. Convirs-Fowler,D,Agriculture and Food,Derived from LIS bill description,12,10,2,12,YES,83.33333333333334,16.666666666666664
2025,H0266,Sam Rasoul,D,Agriculture and Food,Derived from LIS bill description,13,10,2,12,YES,83.33333333333334,16.666666666666664
2025,H0253,Terry L. Austin,R,Agriculture and Food,Derived from LIS bill description,12,10,2,12,YES,83.33333333333334,16.666666666666664
2025,H0239,Alfonso H. Lopez,D,Agriculture and Food,Derived from LIS bill description,19,14,3,17,YES,82.35294117647058,17.647058823529413
2025,H0208,Charniele L. Herring,D,Agriculture and Food,Derived from LIS bill description,17,14,3,17,YES,82.35294117647058,17.647058823529413
2025,H0349,Jackie H. Glass,D,Agriculture and Food,Derived from LIS bill description,18,14,3,17,YES,82.35294117647058,17.647058823529413
2025,H0375,Adele Y. McClure,D,Agriculture and Food,Derived from LIS bill description,11,9,2,11,YES,81.81818181818183,18.181818181818183
2025,H0380,Atoosa R. Reaser,D,Agriculture and Food,Derived from LIS bill description,11,9,2,11,YES,81.81818181818183,18.181818181818183
2025,H0212,Betsy B. Carr,D,Agriculture and Food,Derived from LIS bill description,12,9,2,11,YES,81.81818181818183,18.181818181818183
2025,H0353,Bonita G. Anthony,D,Agriculture and Food,Derived from LIS bill description,11,9,2,11,YES,81.81818181818183,18.181818181818183
2025,H0330,Candi Mundon King,D,Agriculture and Food,Derived from LIS bill description,11,9,2,11,YES,81.81818181818183,18.181818181818183
2025,H0301,David A. Reid,D,Agriculture and Food,Derived from LIS bill description,11,9,2,11,YES,81.81818181818183,18.181818181818183
2025,H0333,Jason S. Ballard,R,Agriculture and Food,Derived from LIS bill description,12,9,2,11,YES,81.81818181818183,18.181818181818183
2025,H0355,Laura Jane Cohen,D,Agriculture and Food,Derived from LIS bill description,11,9,2,11,YES,81.81818181818183,18.181818181818183
2025,H0238,M. Keith Hodges,R,Agriculture and Food,Derived from LIS bill description,11,9,2,11,YES,81.81818181818183,18.181818181818183
2025,H0172,Mark D. Sickles,D,Agriculture and Food,Derived from LIS bill description,12,9,2,11,YES,81.81818181818183,18.181818181818183
2025,H0340,Michelle Lopes Maldonado,D,Agriculture and Food,Derived from LIS bill description,11,9,2,11,YES,81.81818181818183,18.181818181818183
2025,H0356,Rae Cousins,D,Agriculture and Food,Derived from LIS bill description,11,9,2,11,YES,81.81818181818183,18.181818181818183
2025,H0269,"Richard C. ""Rip"" Sullivan, Jr.",D,Agriculture and Food,Derived from LIS bill description,11,9,2,11,YES,81.81818181818183,18.181818181818183
2025,H0285,"C.E. Cliff Hayes, Jr.",D,Agriculture and Food,Derived from LIS bill description,10,8,2,10,YES,80.0,20.0
2025,H0227,Luke E. Torian,D,Agriculture and Food,Derived from LIS bill description,12,8,2,10,YES,80.0,20.0
2025,H0359,N. Baxter Ennis,R,Agriculture and Food,Derived from LIS bill description,10,8,2,10,YES,80.0,20.0
2025,H0327,Rodney T. Willett,D,Agriculture and Food,Derived from LIS bill description,20,16,4,20,YES,80.0,20.0
2025,H0328,Scott A. Wyatt,R,Agriculture and Food,Derived from LIS bill description,11,8,2,10,YES,80.0,20.0
2025,H0108,Vivian E. Watts,D,Agriculture and Food,Derived from LIS bill description,10,8,2,10,YES,80.0,20.0
2025,H0247,Michael J. Webert,R,Agriculture and Food,Derived from LIS bill description,19,15,4,19,YES,78.94736842105263,21.052631578947366
2025,H0345,Anne Ferrell Tata,R,Agriculture and Food,Derived from LIS bill description,12,9,3,12,YES,75.0,25.0
2025,H0344,Irene Shin,D,Agriculture and Food,Derived from LIS bill description,12,9,3,12,YES,75.0,25.0
2025,H0242,Israel D. O'Quinn,R,Agriculture and Food,Derived from LIS bill description,12,9,3,12,YES,75.0,25.0
2025,H0267,"Robert S. Bloxom, Jr.",R,Agriculture and Food,Derived from LIS bill description,16,12,4,16,YES,75.0,25.0
2025,H0348,Wren M. Williams,R,Agriculture and Food,Derived from LIS bill description,12,9,3,12,YES,75.0,25.0
2025,H0321,Chris S. Runion,R,Agriculture and Food,Derived from LIS bill description,19,14,5,19,YES,73.68421052631578,26.31578947368421
2025,H0231,Tony O. Wilt,R,Agriculture and Food,Derived from LIS bill description,19,14,5,19,YES,73.68421052631578,26.31578947368421
2025,H0181,C. Todd Gilbert,R,Agriculture and Food,Derived from LIS bill description,11,8,3,11,YES,72.72727272727273,27.27272727272727
2025,H0315,Carrie E. Coyner,R,Agriculture and Food,Derived from LIS bill description,13,8,3,11,YES,72.72727272727273,27.27272727272727
2025,H0350,Ellen H. Campbell,R,Agriculture and Food,Derived from LIS bill description,11,8,3,11,YES,72.72727272727273,27.27272727272727
2025,H0308,Joseph P. McNamara,R,Agriculture and Food,Derived from LIS bill description,11,8,3,11,YES,72.72727272727273,27.27272727272727
2025,H0056,Terry G. Kilgore,R,Agriculture and Food,Derived from LIS bill description,11,8,3,11,YES,72.72727272727273,27.27272727272727
2025,H0294,Karrie K. Delaney,D,Agriculture and Food,Derived from LIS bill description,11,7,3,10,YES,70.0,30.0
2025,H0284,"Marcia S. ""Cia"" Price",D,Agriculture and Food,Derived from LIS bill description,10,7,3,10,YES,70.0,30.0
2025,H0219,Patrick A. Hope,D,Agriculture and Food,Derived from LIS bill description,10,7,3,10,YES,70.0,30.0
2025,H0150,"Daniel W. Marshall, III",R,Behavioral Health,Derived from LIS bill description,32,3,3,6,INSUFFICIENT DATA,50.0,50.0
2025,H0242,Israel D. O'Quinn,R,Behavioral Health,Derived from LIS bill description,30,18,10,28,MIXED,64.28571428571429,35.714285714285715
2025,H0342,Phillip A. Scott,R,Behavioral Health,Derived from LIS bill description,51,32,19,51,MIXED,62.745098039215684,37.254901960784316
2025,H0378,Chris Obenshain,R,Behavioral Health,Derived from LIS bill description,29,18,11,29,MIXED,62.06896551724138,37.93103448275862
2025,H0384,Eric Phillips,R,Behavioral Health,Derived from LIS bill description,28,17,11,28,MIXED,60.71428571428571,39.285714285714285
2025,H0352,"Jonathan ""Jed"" Arnold",R,Behavioral Health,Derived from LIS bill description,29,16,11,27,MIXED,59.25925925925925,40.74074074074074
2025,H0358,"Mark L. Earley, Jr.",R,Behavioral Health,Derived from LIS bill description,27,16,11,27,MIXED,59.25925925925925,40.74074074074074
2025,H0308,Joseph P. McNamara,R,Behavioral Health,Derived from LIS bill description,29,17,12,29,MIXED,58.620689655172406,41.37931034482759
2025,H0136,"Thomas C. Wright, Jr.",R,Behavioral Health,Derived from LIS bill description,26,14,10,24,MIXED,58.333333333333336,41.66666666666667
2025,H0376,Paul V. Milde,R,Behavioral Health,Derived from LIS bill description,26,15,11,26,MIXED,57.692307692307686,42.30769230769231
2025,H0321,Chris S. Runion,R,Behavioral Health,Derived from LIS bill description,27,15,12,27,MIXED,55.55555555555556,44.44444444444444
2025,H0357,Will Davis,R,Behavioral Health,Derived from LIS bill description,27,15,12,27,MIXED,55.55555555555556,44.44444444444444
2025,H0181,C. Todd Gilbert,R,Behavioral Health,Derived from LIS bill description,30,16,13,29,MIXED,55.172413793103445,44.827586206896555
2025,H0247,Michael J. Webert,R,Behavioral Health,Derived from LIS bill description,32,17,14,31,MIXED,54.83870967741935,45.16129032258064
2025,H0362,"Thomas A. Garrett, Jr.",R,Behavioral Health,Derived from LIS bill description,33,17,14,31,MIXED,54.83870967741935,45.16129032258064
2025,H0124,R. Lee Ware,R,Behavioral Health,Derived from LIS bill description,26,14,12,26,MIXED,53.84615384615385,46.15384615384615
2025,H0313,Amanda E. Batten,R,Behavioral Health,Derived from LIS bill description,36,19,17,36,MIXED,52.77777777777778,47.22222222222222
2025,H0279,Nicholas J. Freitas,R,Behavioral Health,Derived from LIS bill description,32,16,15,31,MIXED,51.61290322580645,48.38709677419355
2025,H0377,Delores Oates,R,Behavioral Health,Derived from LIS bill description,28,14,14,28,MIXED,50.0,50.0
2025,H0364,Timothy P. Griffin,R,Behavioral Health,Derived from LIS bill description,26,13,13,26,MIXED,50.0,50.0
2025,H0383,Eric R. Zehr,R,Behavioral Health,Derived from LIS bill description,33,16,17,33,MIXED,48.484848484848484,51.515151515151516
2025,H0231,Tony O. Wilt,R,Behavioral Health,Derived from LIS bill description,31,15,16,31,MIXED,48.38709677419355,51.61290322580645
2025,H0375,Adele Y. McClure,D,Behavioral Health,Derived from LIS bill description,32,31,0,31,YES,100.0,0.0
2025,H0311,Alex Q. Askew,D,Behavioral Health,Derived from LIS bill description,41,41,0,41,YES,100.0,0.0
2025,H0239,Alfonso H. Lopez,D,Behavioral Health,Derived from LIS bill description,30,29,0,29,YES,100.0,0.0
2025,H0371,Amy J. Laufer,D,Behavioral Health,Derived from LIS bill description,33,32,0,32,YES,100.0,0.0
2025,H0380,Atoosa R. Reaser,D,Behavioral Health,Derived from LIS bill description,37,37,0,37,YES,100.0,0.0
2025,H0212,Betsy B. Carr,D,Behavioral Health,Derived from LIS bill description,36,36,0,36,YES,100.0,0.0
2025,H0353,Bonita G. Anthony,D,Behavioral Health,Derived from LIS bill description,26,26,0,26,YES,100.0,0.0
2025,H0343,Briana D. Sewell,D,Behavioral Health,Derived from LIS bill description,38,38,0,38,YES,100.0,0.0
2025,H0285,"C.E. Cliff Hayes, Jr.",D,Behavioral Health,Derived from LIS bill description,46,43,0,43,YES,100.0,0.0
2025,H0330,Candi Mundon King,D,Behavioral Health,Derived from LIS bill description,29,29,0,29,YES,100.0,0.0
2025,H0208,Charniele L. Herring,D,Behavioral Health,Derived from LIS bill description,49,49,0,49,YES,100.0,0.0
2025,H0317,Dan I. Helmer,D,Behavioral Health,Derived from LIS bill description,33,33,0,33,YES,100.0,0.0
2025,H0301,David A. Reid,D,Behavioral Health,Derived from LIS bill description,30,30,0,30,YES,100.0,0.0
2025,H0177,David L. Bulova,D,Behavioral Health,Derived from LIS bill description,34,33,0,33,YES,100.0,0.0
2025,H0361,Debra D. Gardner,D,Behavioral Health,Derived from LIS bill description,45,45,0,45,YES,100.0,0.0
2025,H0207,Delores L. McQuinn,D,Behavioral Health,Derived from LIS bill description,38,35,0,35,YES,100.0,0.0
2025,H0372,Destiny LeVere Bolling,D,Behavioral Health,Derived from LIS bill description,40,39,0,39,YES,100.0,0.0
2025,H0322,Don Scott,D,Behavioral Health,Derived from LIS bill description,29,29,0,29,YES,100.0,0.0
2025,H0334,Elizabeth B. Bennett-Parker,D,Behavioral Health,Derived from LIS bill description,28,28,0,28,YES,100.0,0.0
2025,H0351,Holly M. Seibold,D,Behavioral Health,Derived from LIS bill description,31,31,0,31,YES,100.0,0.0
2025,H0344,Irene Shin,D,Behavioral Health,Derived from LIS bill description,43,43,0,43,YES,100.0,0.0
2025,H0385,JJ Singh,D,Behavioral Health,Derived from LIS bill description,39,37,0,37,YES,100.0,0.0
2025,H0349,Jackie H. Glass,D,Behavioral Health,Derived from LIS bill description,26,26,0,26,YES,100.0,0.0
2025,H0173,Jeion A. Ward,D,Behavioral Health,Derived from LIS bill description,32,30,0,30,YES,100.0,0.0
2025,H0382,Joshua E. Thomas,D,Behavioral Health,Derived from LIS bill description,31,31,0,31,YES,100.0,0.0
2025,H0314,Joshua G. Cole,D,Behavioral Health,Derived from LIS bill description,47,45,0,45,YES,100.0,0.0
2025,H0370,Karen Keys-Gamarra,D,Behavioral Health,Derived from LIS bill description,27,27,0,27,YES,100.0,0.0
2025,H0294,Karrie K. Delaney,D,Behavioral Health,Derived from LIS bill description,31,31,0,31,YES,100.0,0.0
2025,H0305,Kathy K.L. Tran,D,Behavioral Health,Derived from LIS bill description,42,42,0,42,YES,100.0,0.0
2025,H0354,Katrina Callsen,D,Behavioral Health,Derived from LIS bill description,28,28,0,28,YES,100.0,0.0
2025,H0295,Kelly K. Convirs-Fowler,D,Behavioral Health,Derived from LIS bill description,33,33,0,33,YES,100.0,0.0
2025,H0355,Laura Jane Cohen,D,Behavioral Health,Derived from LIS bill description,33,33,0,33,YES,100.0,0.0
2025,H0284,"Marcia S. ""Cia"" Price",D,Behavioral Health,Derived from LIS bill description,41,41,0,41,YES,100.0,0.0
2025,H0264,Marcus B. Simon,D,Behavioral Health,Derived from LIS bill description,35,34,0,34,YES,100.0,0.0
2025,H0172,Mark D. Sickles,D,Behavioral Health,Derived from LIS bill description,54,45,0,45,YES,100.0,0.0
2025,H0374,Marty Martinez,D,Behavioral Health,Derived from LIS bill description,26,26,0,26,YES,100.0,0.0
2025,H0360,Michael B. Feggans,D,Behavioral Health,Derived from LIS bill description,30,30,0,30,YES,100.0,0.0
2025,H0368,Michael J. Jones,D,Behavioral Health,Derived from LIS bill description,27,26,0,26,YES,100.0,0.0
2025,H0340,Michelle Lopes Maldonado,D,Behavioral Health,Derived from LIS bill description,30,30,0,30,YES,100.0,0.0
2025,H0336,Nadarius E. Clark,D,Behavioral Health,Derived from LIS bill description,36,36,0,36,YES,100.0,0.0
2025,H0219,Patrick A. Hope,D,Behavioral Health,Derived from LIS bill description,43,42,0,42,YES,100.0,0.0
2025,H0281,Paul E. Krizek,D,Behavioral Health,Derived from LIS bill description,34,34,0,34,YES,100.0,0.0
2025,H0366,Phil M. Hernandez,D,Behavioral Health,Derived from LIS bill description,28,28,0,28,YES,100.0,0.0
2025,H0356,Rae Cousins,D,Behavioral Health,Derived from LIS bill description,41,41,0,41,YES,100.0,0.0
2025,H0269,"Richard C. ""Rip"" Sullivan, Jr.",D,Behavioral Health,Derived from LIS bill description,33,33,0,33,YES,100.0,0.0
2025,H0327,Rodney T. Willett,D,Behavioral Health,Derived from LIS bill description,49,49,0,49,YES,100.0,0.0
2025,H0365,"Rozia A. Henson, Jr.",D,Behavioral Health,Derived from LIS bill description,45,45,0,45,YES,100.0,0.0
2025,H0266,Sam Rasoul,D,Behavioral Health,Derived from LIS bill description,45,38,0,38,YES,100.0,0.0
2025,H0323,Shelly A. Simonds,D,Behavioral Health,Derived from LIS bill description,36,36,0,36,YES,100.0,0.0
2025,H0108,Vivian E. Watts,D,Behavioral Health,Derived from LIS bill description,31,31,0,31,YES,100.0,0.0
2025,H0227,Luke E. Torian,D,Behavioral Health,Derived from LIS bill description,37,34,1,35,YES,97.14285714285714,2.857142857142857
2025,H0359,N. Baxter Ennis,R,Behavioral Health,Derived from LIS bill description,53,42,9,51,YES,82.35294117647058,17.647058823529413
2025,H0315,Carrie E. Coyner,R,Behavioral Health,Derived from LIS bill description,47,34,9,43,YES,79.06976744186046,20.930232558139537
2025,H0379,David Owen,R,Behavioral Health,Derived from LIS bill description,41,32,9,41,YES,78.04878048780488,21.951219512195124
2025,H0073,"Robert D. Orrock, Sr.",R,Behavioral Health,Derived from LIS bill description,45,34,10,44,YES,77.27272727272727,22.727272727272727
2025,H0238,M. Keith Hodges,R,Behavioral Health,Derived from LIS bill description,44,33,11,44,YES,75.0,25.0
2025,H0363,W. Chad Green,R,Behavioral Health,Derived from LIS bill description,36,27,9,36,YES,75.0,25.0
2025,H0337,A.C. Cordoza,R,Behavioral Health,Derived from LIS bill description,31,23,8,31,YES,74.19354838709677,25.806451612903224
2025,H0253,Terry L. Austin,R,Behavioral Health,Derived from LIS bill description,35,25,9,34,YES,73.52941176470588,26.47058823529412
2025,H0335,Mike A. Cherry,R,Behavioral Health,Derived from LIS bill description,48,35,13,48,YES,72.91666666666666,27.083333333333332
2025,H0345,Anne Ferrell Tata,R,Behavioral Health,Derived from LIS bill description,37,26,10,36,YES,72.22222222222221,27.77777777777778
2025,H0346,Kim A. Taylor,R,Behavioral Health,Derived from LIS bill description,42,26,10,36,YES,72.22222222222221,27.77777777777778
2025,H0224,James W. Morefield,R,Behavioral Health,Derived from LIS bill description,32,23,9,32,YES,71.875,28.125
2025,H0325,Wendell S. Walker,R,Behavioral Health,Derived from LIS bill description,39,28,11,39,YES,71.7948717948718,28.205128205128204
2025,H0333,Jason S. Ballard,R,Behavioral Health,Derived from LIS bill description,28,20,8,28,YES,71.42857142857143,28.57142857142857
2025,H0350,Ellen H. Campbell,R,Behavioral Health,Derived from LIS bill description,35,24,10,34,YES,70.58823529411765,29.411764705882355
2025,H0206,Barry D. Knight,R,Behavioral Health,Derived from LIS bill description,28,7,3,10,YES,70.0,30.0
2025,H0367,Geary Higgins,R,Behavioral Health,Derived from LIS bill description,39,27,12,39,YES,69.23076923076923,30.76923076923077
2025,H0369,Hillary Pugh Kent,R,Behavioral Health,Derived from LIS bill description,26,18,8,26,YES,69.23076923076923,30.76923076923077
2025,H0373,Ian T. Lovejoy,R,Behavioral Health,Derived from LIS bill description,26,18,8,26,YES,69.23076923076923,30.76923076923077
2025,H0348,Wren M. Williams,R,Behavioral Health,Derived from LIS bill description,29,20,9,29,YES,68.96551724137932,31.03448275862069
2025,H0329,Bill Wiley,R,Behavioral Health,Derived from LIS bill description,32,22,10,32,YES,68.75,31.25
2025,H0267,"Robert S. Bloxom, Jr.",R,Behavioral Health,Derived from LIS bill description,32,22,10,32,YES,68.75,31.25
2025,H0056,Terry G. Kilgore,R,Behavioral Health,Derived from LIS bill description,33,22,10,32,YES,68.75,31.25
2025,H0347,"H. Otto Wachsmann, Jr.",R,Behavioral Health,Derived from LIS bill description,39,26,13,39,YES,66.66666666666666,33.33333333333333
2025,H0262,"James A. ""Jay"" Leftwich",R,Behavioral Health,Derived from LIS bill description,30,20,10,30,YES,66.66666666666666,33.33333333333333
2025,H0259,"Hyland F. ""Buddy"" Fowler, Jr.",R,Behavioral Health,Derived from LIS bill description,29,19,10,29,YES,65.51724137931035,34.48275862068966
2025,H0328,Scott A. Wyatt,R,Behavioral Health,Derived from LIS bill description,30,19,10,29,YES,65.51724137931035,34.48275862068966
2025,H0206,Barry D. Knight,R,Budget and Appropriations,Derived from LIS bill description,71,1,0,1,INSUFFICIENT DATA,100.0,0.0
2025,H0150,"Daniel W. Marshall, III",R,Budget and Appropriations,Derived from LIS bill description,72,1,0,1,INSUFFICIENT DATA,100.0,0.0
2025,H0372,Destiny LeVere Bolling,D,Budget and Appropriations,Derived from LIS bill description,71,3,1,4,INSUFFICIENT DATA,75.0,25.0
2025,H0267,"Robert S. Bloxom, Jr.",R,Budget and Appropriations,Derived from LIS bill description,72,24,37,61,MIXED,39.34426229508197,60.65573770491803
2025,H0315,Carrie E. Coyner,R,Budget and Appropriations,Derived from LIS bill description,72,24,46,70,NO,34.285714285714285,65.71428571428571
2025,H0224,James W. Morefield,R,Budget and Appropriations,Derived from LIS bill description,72,24,46,70,NO,34.285714285714285,65.71428571428571
2025,H0124,R. Lee Ware,R,Budget and Appropriations,Derived from LIS bill description,72,24,46,70,NO,34.285714285714285,65.71428571428571
2025,H0253,Terry L. Austin,R,Budget and Appropriations,Derived from LIS bill description,72,24,48,72,NO,33.33333333333333,66.66666666666666
2025,H0345,Anne Ferrell Tata,R,Budget and Appropriations,Derived from LIS bill description,72,23,48,71,NO,32.3943661971831,67.6056338028169
2025,H0378,Chris Obenshain,R,Budget and Appropriations,Derived from LIS bill description,71,23,48,71,NO,32.3943661971831,67.6056338028169
2025,H0056,Terry G. Kilgore,R,Budget and Appropriations,Derived from LIS bill description,71,22,46,68,NO,32.35294117647059,67.64705882352942
2025,H0329,Bill Wiley,R,Budget and Appropriations,Derived from LIS bill description,72,23,49,72,NO,31.944444444444443,68.05555555555556
2025,H0328,Scott A. Wyatt,R,Budget and Appropriations,Derived from LIS bill description,72,23,49,72,NO,31.944444444444443,68.05555555555556
2025,H0350,Ellen H. Campbell,R,Budget and Appropriations,Derived from LIS bill description,73,23,50,73,NO,31.506849315068493,68.4931506849315
2025,H0337,A.C. Cordoza,R,Budget and Appropriations,Derived from LIS bill description,71,22,48,70,NO,31.428571428571427,68.57142857142857
2025,H0347,"H. Otto Wachsmann, Jr.",R,Budget and Appropriations,Derived from LIS bill description,71,22,48,70,NO,31.428571428571427,68.57142857142857
2025,H0073,"Robert D. Orrock, Sr.",R,Budget and Appropriations,Derived from LIS bill description,72,22,48,70,NO,31.428571428571427,68.57142857142857
2025,H0379,David Owen,R,Budget and Appropriations,Derived from LIS bill description,71,22,49,71,NO,30.985915492957744,69.01408450704226
2025,H0373,Ian T. Lovejoy,R,Budget and Appropriations,Derived from LIS bill description,71,22,49,71,NO,30.985915492957744,69.01408450704226
2025,H0231,Tony O. Wilt,R,Budget and Appropriations,Derived from LIS bill description,71,22,49,71,NO,30.985915492957744,69.01408450704226
2025,H0369,Hillary Pugh Kent,R,Budget and Appropriations,Derived from LIS bill description,72,22,50,72,NO,30.555555555555557,69.44444444444444
2025,H0238,M. Keith Hodges,R,Budget and Appropriations,Derived from LIS bill description,72,22,50,72,NO,30.555555555555557,69.44444444444444
2025,H0357,Will Davis,R,Budget and Appropriations,Derived from LIS bill description,72,22,50,72,NO,30.555555555555557,69.44444444444444
2025,H0242,Israel D. O'Quinn,R,Budget and Appropriations,Derived from LIS bill description,71,21,49,70,NO,30.0,70.0
2025,H0308,Joseph P. McNamara,R,Budget and Appropriations,Derived from LIS bill description,72,21,49,70,NO,30.0,70.0
2025,H0346,Kim A. Taylor,R,Budget and Appropriations,Derived from LIS bill description,71,21,50,71,NO,29.577464788732392,70.4225352112676
2025,H0325,Wendell S. Walker,R,Budget and Appropriations,Derived from LIS bill description,72,21,50,71,NO,29.577464788732392,70.4225352112676
2025,H0333,Jason S. Ballard,R,Budget and Appropriations,Derived from LIS bill description,71,20,50,70,NO,28.57142857142857,71.42857142857143
2025,H0321,Chris S. Runion,R,Budget and Appropriations,Derived from LIS bill description,72,20,51,71,NO,28.169014084507044,71.83098591549296
2025,H0352,"Jonathan ""Jed"" Arnold",R,Budget and Appropriations,Derived from LIS bill description,71,20,51,71,NO,28.169014084507044,71.83098591549296
2025,H0363,W. Chad Green,R,Budget and Appropriations,Derived from LIS bill description,71,20,51,71,NO,28.169014084507044,71.83098591549296
2025,H0384,Eric Phillips,R,Budget and Appropriations,Derived from LIS bill description,71,19,49,68,NO,27.941176470588236,72.05882352941177
2025,H0259,"Hyland F. ""Buddy"" Fowler, Jr.",R,Budget and Appropriations,Derived from LIS bill description,72,20,52,72,NO,27.77777777777778,72.22222222222221
2025,H0359,N. Baxter Ennis,R,Budget and Appropriations,Derived from LIS bill description,71,19,51,70,NO,27.142857142857142,72.85714285714285
2025,H0313,Amanda E. Batten,R,Budget and Appropriations,Derived from LIS bill description,71,19,52,71,NO,26.76056338028169,73.23943661971832
2025,H0358,"Mark L. Earley, Jr.",R,Budget and Appropriations,Derived from LIS bill description,71,19,52,71,NO,26.76056338028169,73.23943661971832
2025,H0335,Mike A. Cherry,R,Budget and Appropriations,Derived from LIS bill description,71,19,52,71,NO,26.76056338028169,73.23943661971832
2025,H0376,Paul V. Milde,R,Budget and Appropriations,Derived from LIS bill description,71,17,53,70,NO,24.285714285714285,75.71428571428571
2025,H0247,Michael J. Webert,R,Budget and Appropriations,Derived from LIS bill description,71,17,54,71,NO,23.943661971830984,76.05633802816901
2025,H0362,"Thomas A. Garrett, Jr.",R,Budget and Appropriations,Derived from LIS bill description,72,17,54,71,NO,23.943661971830984,76.05633802816901
2025,H0367,Geary Higgins,R,Budget and Appropriations,Derived from LIS bill description,72,17,55,72,NO,23.61111111111111,76.38888888888889
2025,H0383,Eric R. Zehr,R,Budget and Appropriations,Derived from LIS bill description,71,16,54,70,NO,22.857142857142858,77.14285714285715
2025,H0262,"James A. ""Jay"" Leftwich",R,Budget and Appropriations,Derived from LIS bill description,71,16,54,70,NO,22.857142857142858,77.14285714285715
2025,H0136,"Thomas C. Wright, Jr.",R,Budget and Appropriations,Derived from LIS bill description,71,16,54,70,NO,22.857142857142858,77.14285714285715
2025,H0364,Timothy P. Griffin,R,Budget and Appropriations,Derived from LIS bill description,71,16,54,70,NO,22.857142857142858,77.14285714285715
2025,H0181,C. Todd Gilbert,R,Budget and Appropriations,Derived from LIS bill description,71,16,55,71,NO,22.535211267605636,77.46478873239437
2025,H0342,Phillip A. Scott,R,Budget and Appropriations,Derived from LIS bill description,71,16,55,71,NO,22.535211267605636,77.46478873239437
2025,H0377,Delores Oates,R,Budget and Appropriations,Derived from LIS bill description,72,16,56,72,NO,22.22222222222222,77.77777777777779
2025,H0348,Wren M. Williams,R,Budget and Appropriations,Derived from LIS bill description,71,15,55,70,NO,21.428571428571427,78.57142857142857
2025,H0279,Nicholas J. Freitas,R,Budget and Appropriations,Derived from LIS bill description,72,14,55,69,NO,20.28985507246377,79.71014492753623
2025,H0207,Delores L. McQuinn,D,Budget and Appropriations,Derived from LIS bill description,72,68,1,69,YES,98.55072463768117,1.4492753623188406
2025,H0311,Alex Q. Askew,D,Budget and Appropriations,Derived from LIS bill description,73,71,2,73,YES,97.26027397260275,2.73972602739726
2025,H0361,Debra D. Gardner,D,Budget and Appropriations,Derived from LIS bill description,73,71,2,73,YES,97.26027397260275,2.73972602739726
2025,H0354,Katrina Callsen,D,Budget and Appropriations,Derived from LIS bill description,73,71,2,73,YES,97.26027397260275,2.73972602739726
2025,H0371,Amy J. Laufer,D,Budget and Appropriations,Derived from LIS bill description,72,70,2,72,YES,97.22222222222221,2.7777777777777777
2025,H0212,Betsy B. Carr,D,Budget and Appropriations,Derived from LIS bill description,72,70,2,72,YES,97.22222222222221,2.7777777777777777
2025,H0353,Bonita G. Anthony,D,Budget and Appropriations,Derived from LIS bill description,72,70,2,72,YES,97.22222222222221,2.7777777777777777
2025,H0343,Briana D. Sewell,D,Budget and Appropriations,Derived from LIS bill description,72,70,2,72,YES,97.22222222222221,2.7777777777777777
2025,H0285,"C.E. Cliff Hayes, Jr.",D,Budget and Appropriations,Derived from LIS bill description,72,70,2,72,YES,97.22222222222221,2.7777777777777777
2025,H0301,David A. Reid,D,Budget and Appropriations,Derived from LIS bill description,72,70,2,72,YES,97.22222222222221,2.7777777777777777
2025,H0177,David L. Bulova,D,Budget and Appropriations,Derived from LIS bill description,72,70,2,72,YES,97.22222222222221,2.7777777777777777
2025,H0334,Elizabeth B. Bennett-Parker,D,Budget and Appropriations,Derived from LIS bill description,72,70,2,72,YES,97.22222222222221,2.7777777777777777
2025,H0344,Irene Shin,D,Budget and Appropriations,Derived from LIS bill description,72,70,2,72,YES,97.22222222222221,2.7777777777777777
2025,H0227,Luke E. Torian,D,Budget and Appropriations,Derived from LIS bill description,72,70,2,72,YES,97.22222222222221,2.7777777777777777
2025,H0172,Mark D. Sickles,D,Budget and Appropriations,Derived from LIS bill description,72,70,2,72,YES,97.22222222222221,2.7777777777777777
2025,H0281,Paul E. Krizek,D,Budget and Appropriations,Derived from LIS bill description,72,70,2,72,YES,97.22222222222221,2.7777777777777777
2025,H0366,Phil M. Hernandez,D,Budget and Appropriations,Derived from LIS bill description,72,70,2,72,YES,97.22222222222221,2.7777777777777777
2025,H0269,"Richard C. ""Rip"" Sullivan, Jr.",D,Budget and Appropriations,Derived from LIS bill description,72,70,2,72,YES,97.22222222222221,2.7777777777777777
2025,H0327,Rodney T. Willett,D,Budget and Appropriations,Derived from LIS bill description,72,70,2,72,YES,97.22222222222221,2.7777777777777777
2025,H0323,Shelly A. Simonds,D,Budget and Appropriations,Derived from LIS bill description,73,70,2,72,YES,97.22222222222221,2.7777777777777777
2025,H0375,Adele Y. McClure,D,Budget and Appropriations,Derived from LIS bill description,71,69,2,71,YES,97.1830985915493,2.8169014084507045
2025,H0239,Alfonso H. Lopez,D,Budget and Appropriations,Derived from LIS bill description,71,69,2,71,YES,97.1830985915493,2.8169014084507045
2025,H0380,Atoosa R. Reaser,D,Budget and Appropriations,Derived from LIS bill description,71,69,2,71,YES,97.1830985915493,2.8169014084507045
2025,H0330,Candi Mundon King,D,Budget and Appropriations,Derived from LIS bill description,73,69,2,71,YES,97.1830985915493,2.8169014084507045
2025,H0208,Charniele L. Herring,D,Budget and Appropriations,Derived from LIS bill description,71,69,2,71,YES,97.1830985915493,2.8169014084507045
2025,H0317,Dan I. Helmer,D,Budget and Appropriations,Derived from LIS bill description,71,69,2,71,YES,97.1830985915493,2.8169014084507045
2025,H0322,Don Scott,D,Budget and Appropriations,Derived from LIS bill description,71,69,2,71,YES,97.1830985915493,2.8169014084507045
2025,H0351,Holly M. Seibold,D,Budget and Appropriations,Derived from LIS bill description,71,69,2,71,YES,97.1830985915493,2.8169014084507045
2025,H0385,JJ Singh,D,Budget and Appropriations,Derived from LIS bill description,71,69,2,71,YES,97.1830985915493,2.8169014084507045
2025,H0173,Jeion A. Ward,D,Budget and Appropriations,Derived from LIS bill description,71,69,2,71,YES,97.1830985915493,2.8169014084507045
2025,H0370,Karen Keys-Gamarra,D,Budget and Appropriations,Derived from LIS bill description,72,69,2,71,YES,97.1830985915493,2.8169014084507045
2025,H0294,Karrie K. Delaney,D,Budget and Appropriations,Derived from LIS bill description,71,69,2,71,YES,97.1830985915493,2.8169014084507045
2025,H0355,Laura Jane Cohen,D,Budget and Appropriations,Derived from LIS bill description,71,69,2,71,YES,97.1830985915493,2.8169014084507045
2025,H0264,Marcus B. Simon,D,Budget and Appropriations,Derived from LIS bill description,71,69,2,71,YES,97.1830985915493,2.8169014084507045
2025,H0374,Marty Martinez,D,Budget and Appropriations,Derived from LIS bill description,71,69,2,71,YES,97.1830985915493,2.8169014084507045
2025,H0340,Michelle Lopes Maldonado,D,Budget and Appropriations,Derived from LIS bill description,71,69,2,71,YES,97.1830985915493,2.8169014084507045
2025,H0219,Patrick A. Hope,D,Budget and Appropriations,Derived from LIS bill description,71,69,2,71,YES,97.1830985915493,2.8169014084507045
2025,H0356,Rae Cousins,D,Budget and Appropriations,Derived from LIS bill description,71,69,2,71,YES,97.1830985915493,2.8169014084507045
2025,H0266,Sam Rasoul,D,Budget and Appropriations,Derived from LIS bill description,72,69,2,71,YES,97.1830985915493,2.8169014084507045
2025,H0108,Vivian E. Watts,D,Budget and Appropriations,Derived from LIS bill description,72,69,2,71,YES,97.1830985915493,2.8169014084507045
2025,H0336,Nadarius E. Clark,D,Budget and Appropriations,Derived from LIS bill description,71,68,2,70,YES,97.14285714285714,2.857142857142857
2025,H0365,"Rozia A. Henson, Jr.",D,Budget and Appropriations,Derived from LIS bill description,71,68,2,70,YES,97.14285714285714,2.857142857142857
2025,H0295,Kelly K. Convirs-Fowler,D,Budget and Appropriations,Derived from LIS bill description,71,67,2,69,YES,97.10144927536231,2.898550724637681
2025,H0368,Michael J. Jones,D,Budget and Appropriations,Derived from LIS bill description,71,66,2,68,YES,97.05882352941177,2.941176470588235
2025,H0349,Jackie H. Glass,D,Budget and Appropriations,Derived from LIS bill description,71,67,3,70,YES,95.71428571428572,4.285714285714286
2025,H0284,"Marcia S. ""Cia"" Price",D,Budget and Appropriations,Derived from LIS bill description,71,67,3,70,YES,95.71428571428572,4.285714285714286
2025,H0360,Michael B. Feggans,D,Budget and Appropriations,Derived from LIS bill description,71,67,3,70,YES,95.71428571428572,4.285714285714286
2025,H0314,Joshua G. Cole,D,Budget and Appropriations,Derived from LIS bill description,71,66,3,69,YES,95.65217391304348,4.3478260869565215
2025,H0305,Kathy K.L. Tran,D,Budget and Appropriations,Derived from LIS bill description,72,68,4,72,YES,94.44444444444444,5.555555555555555
2025,H0382,Joshua E. Thomas,D,Budget and Appropriations,Derived from LIS bill description,71,63,5,68,YES,92.64705882352942,7.352941176470589
2025,H0150,"Daniel W. Marshall, III",R,Business and Commerce,Derived from LIS bill description,34,4,0,4,INSUFFICIENT DATA,100.0,0.0
2025,H0367,Geary Higgins,R,Business and Commerce,Derived from LIS bill description,32,20,11,31,MIXED,64.51612903225806,35.483870967741936
2025,H0242,Israel D. O'Quinn,R,Business and Commerce,Derived from LIS bill description,32,20,11,31,MIXED,64.51612903225806,35.483870967741936
2025,H0337,A.C. Cordoza,R,Business and Commerce,Derived from LIS bill description,36,23,13,36,MIXED,63.888888888888886,36.11111111111111
2025,H0333,Jason S. Ballard,R,Business and Commerce,Derived from LIS bill description,35,22,13,35,MIXED,62.857142857142854,37.142857142857146
2025,H0056,Terry G. Kilgore,R,Business and Commerce,Derived from LIS bill description,35,22,13,35,MIXED,62.857142857142854,37.142857142857146
2025,H0350,Ellen H. Campbell,R,Business and Commerce,Derived from LIS bill description,44,25,15,40,MIXED,62.5,37.5
2025,H0313,Amanda E. Batten,R,Business and Commerce,Derived from LIS bill description,34,21,13,34,MIXED,61.76470588235294,38.23529411764706
2025,H0348,Wren M. Williams,R,Business and Commerce,Derived from LIS bill description,36,22,14,36,MIXED,61.111111111111114,38.88888888888889
2025,H0181,C. Todd Gilbert,R,Business and Commerce,Derived from LIS bill description,34,20,14,34,MIXED,58.82352941176471,41.17647058823529
2025,H0383,Eric R. Zehr,R,Business and Commerce,Derived from LIS bill description,29,17,12,29,MIXED,58.620689655172406,41.37931034482759
2025,H0262,"James A. ""Jay"" Leftwich",R,Business and Commerce,Derived from LIS bill description,43,25,18,43,MIXED,58.139534883720934,41.86046511627907
2025,H0321,Chris S. Runion,R,Business and Commerce,Derived from LIS bill description,38,22,16,38,MIXED,57.89473684210527,42.10526315789473
2025,H0364,Timothy P. Griffin,R,Business and Commerce,Derived from LIS bill description,31,17,14,31,MIXED,54.83870967741935,45.16129032258064
2025,H0267,"Robert S. Bloxom, Jr.",R,Business and Commerce,Derived from LIS bill description,50,27,23,50,MIXED,54.0,46.0
2025,H0368,Michael J. Jones,D,Business and Commerce,Derived from LIS bill description,37,30,0,30,YES,100.0,0.0
2025,H0212,Betsy B. Carr,D,Business and Commerce,Derived from LIS bill description,51,49,1,50,YES,98.0,2.0
2025,H0294,Karrie K. Delaney,D,Business and Commerce,Derived from LIS bill description,53,50,2,52,YES,96.15384615384616,3.8461538461538463
2025,H0375,Adele Y. McClure,D,Business and Commerce,Derived from LIS bill description,48,46,2,48,YES,95.83333333333334,4.166666666666666
2025,H0314,Joshua G. Cole,D,Business and Commerce,Derived from LIS bill description,48,46,2,48,YES,95.83333333333334,4.166666666666666
2025,H0334,Elizabeth B. Bennett-Parker,D,Business and Commerce,Derived from LIS bill description,45,42,2,44,YES,95.45454545454545,4.545454545454546
2025,H0382,Joshua E. Thomas,D,Business and Commerce,Derived from LIS bill description,44,42,2,44,YES,95.45454545454545,4.545454545454546
2025,H0281,Paul E. Krizek,D,Business and Commerce,Derived from LIS bill description,43,41,2,43,YES,95.34883720930233,4.651162790697675
2025,H0177,David L. Bulova,D,Business and Commerce,Derived from LIS bill description,53,40,2,42,YES,95.23809523809523,4.761904761904762
2025,H0351,Holly M. Seibold,D,Business and Commerce,Derived from LIS bill description,45,40,2,42,YES,95.23809523809523,4.761904761904762
2025,H0354,Katrina Callsen,D,Business and Commerce,Derived from LIS bill description,41,39,2,41,YES,95.1219512195122,4.878048780487805
2025,H0370,Karen Keys-Gamarra,D,Business and Commerce,Derived from LIS bill description,39,37,2,39,YES,94.87179487179486,5.128205128205128
2025,H0366,Phil M. Hernandez,D,Business and Commerce,Derived from LIS bill description,39,37,2,39,YES,94.87179487179486,5.128205128205128
2025,H0269,"Richard C. ""Rip"" Sullivan, Jr.",D,Business and Commerce,Derived from LIS bill description,40,37,2,39,YES,94.87179487179486,5.128205128205128
2025,H0108,Vivian E. Watts,D,Business and Commerce,Derived from LIS bill description,38,36,2,38,YES,94.73684210526315,5.263157894736842
2025,H0239,Alfonso H. Lopez,D,Business and Commerce,Derived from LIS bill description,39,35,2,37,YES,94.5945945945946,5.405405405405405
2025,H0208,Charniele L. Herring,D,Business and Commerce,Derived from LIS bill description,36,34,2,36,YES,94.44444444444444,5.555555555555555
2025,H0344,Irene Shin,D,Business and Commerce,Derived from LIS bill description,36,34,2,36,YES,94.44444444444444,5.555555555555555
2025,H0336,Nadarius E. Clark,D,Business and Commerce,Derived from LIS bill description,37,34,2,36,YES,94.44444444444444,5.555555555555555
2025,H0323,Shelly A. Simonds,D,Business and Commerce,Derived from LIS bill description,36,34,2,36,YES,94.44444444444444,5.555555555555555
2025,H0371,Amy J. Laufer,D,Business and Commerce,Derived from LIS bill description,35,33,2,35,YES,94.28571428571428,5.714285714285714
2025,H0285,"C.E. Cliff Hayes, Jr.",D,Business and Commerce,Derived from LIS bill description,36,33,2,35,YES,94.28571428571428,5.714285714285714
2025,H0317,Dan I. Helmer,D,Business and Commerce,Derived from LIS bill description,35,33,2,35,YES,94.28571428571428,5.714285714285714
2025,H0374,Marty Martinez,D,Business and Commerce,Derived from LIS bill description,35,33,2,35,YES,94.28571428571428,5.714285714285714
2025,H0340,Michelle Lopes Maldonado,D,Business and Commerce,Derived from LIS bill description,35,33,2,35,YES,94.28571428571428,5.714285714285714
2025,H0380,Atoosa R. Reaser,D,Business and Commerce,Derived from LIS bill description,34,32,2,34,YES,94.11764705882352,5.88235294117647
2025,H0173,Jeion A. Ward,D,Business and Commerce,Derived from LIS bill description,37,32,2,34,YES,94.11764705882352,5.88235294117647
2025,H0356,Rae Cousins,D,Business and Commerce,Derived from LIS bill description,34,32,2,34,YES,94.11764705882352,5.88235294117647
2025,H0365,"Rozia A. Henson, Jr.",D,Business and Commerce,Derived from LIS bill description,34,32,2,34,YES,94.11764705882352,5.88235294117647
2025,H0349,Jackie H. Glass,D,Business and Commerce,Derived from LIS bill description,33,31,2,33,YES,93.93939393939394,6.0606060606060606
2025,H0311,Alex Q. Askew,D,Business and Commerce,Derived from LIS bill description,33,30,2,32,YES,93.75,6.25
2025,H0353,Bonita G. Anthony,D,Business and Commerce,Derived from LIS bill description,32,30,2,32,YES,93.75,6.25
2025,H0343,Briana D. Sewell,D,Business and Commerce,Derived from LIS bill description,32,30,2,32,YES,93.75,6.25
2025,H0327,Rodney T. Willett,D,Business and Commerce,Derived from LIS bill description,32,30,2,32,YES,93.75,6.25
2025,H0361,Debra D. Gardner,D,Business and Commerce,Derived from LIS bill description,34,29,2,31,YES,93.54838709677419,6.451612903225806
2025,H0372,Destiny LeVere Bolling,D,Business and Commerce,Derived from LIS bill description,32,29,2,31,YES,93.54838709677419,6.451612903225806
2025,H0295,Kelly K. Convirs-Fowler,D,Business and Commerce,Derived from LIS bill description,32,29,2,31,YES,93.54838709677419,6.451612903225806
2025,H0355,Laura Jane Cohen,D,Business and Commerce,Derived from LIS bill description,31,29,2,31,YES,93.54838709677419,6.451612903225806
2025,H0172,Mark D. Sickles,D,Business and Commerce,Derived from LIS bill description,31,29,2,31,YES,93.54838709677419,6.451612903225806
2025,H0360,Michael B. Feggans,D,Business and Commerce,Derived from LIS bill description,32,29,2,31,YES,93.54838709677419,6.451612903225806
2025,H0219,Patrick A. Hope,D,Business and Commerce,Derived from LIS bill description,35,29,2,31,YES,93.54838709677419,6.451612903225806
2025,H0301,David A. Reid,D,Business and Commerce,Derived from LIS bill description,30,28,2,30,YES,93.33333333333333,6.666666666666667
2025,H0322,Don Scott,D,Business and Commerce,Derived from LIS bill description,30,28,2,30,YES,93.33333333333333,6.666666666666667
2025,H0266,Sam Rasoul,D,Business and Commerce,Derived from LIS bill description,30,27,2,29,YES,93.10344827586206,6.896551724137931
2025,H0385,JJ Singh,D,Business and Commerce,Derived from LIS bill description,29,26,2,28,YES,92.85714285714286,7.142857142857142
2025,H0227,Luke E. Torian,D,Business and Commerce,Derived from LIS bill description,41,38,3,41,YES,92.6829268292683,7.317073170731707
2025,H0264,Marcus B. Simon,D,Business and Commerce,Derived from LIS bill description,53,49,4,53,YES,92.45283018867924,7.547169811320755
2025,H0207,Delores L. McQuinn,D,Business and Commerce,Derived from LIS bill description,30,23,2,25,YES,92.0,8.0
2025,H0330,Candi Mundon King,D,Business and Commerce,Derived from LIS bill description,37,31,3,34,YES,91.17647058823529,8.823529411764707
2025,H0284,"Marcia S. ""Cia"" Price",D,Business and Commerce,Derived from LIS bill description,41,37,4,41,YES,90.2439024390244,9.75609756097561
2025,H0305,Kathy K.L. Tran,D,Business and Commerce,Derived from LIS bill description,33,29,4,33,YES,87.87878787878788,12.121212121212121
2025,H0206,Barry D. Knight,R,Business and Commerce,Derived from LIS bill description,40,9,2,11,YES,81.81818181818183,18.181818181818183
2025,H0073,"Robert D. Orrock, Sr.",R,Business and Commerce,Derived from LIS bill description,33,24,6,30,YES,80.0,20.0
2025,H0378,Chris Obenshain,R,Business and Commerce,Derived from LIS bill description,31,24,7,31,YES,77.41935483870968,22.58064516129032
2025,H0238,M. Keith Hodges,R,Business and Commerce,Derived from LIS bill description,34,26,8,34,YES,76.47058823529412,23.52941176470588
2025,H0328,Scott A. Wyatt,R,Business and Commerce,Derived from LIS bill description,31,22,8,30,YES,73.33333333333333,26.666666666666668
2025,H0357,Will Davis,R,Business and Commerce,Derived from LIS bill description,33,24,9,33,YES,72.72727272727273,27.27272727272727
2025,H0335,Mike A. Cherry,R,Business and Commerce,Derived from LIS bill description,29,21,8,29,YES,72.41379310344827,27.586206896551722
2025,H0359,N. Baxter Ennis,R,Business and Commerce,Derived from LIS bill description,29,21,8,29,YES,72.41379310344827,27.586206896551722
2025,H0363,W. Chad Green,R,Business and Commerce,Derived from LIS bill description,29,21,8,29,YES,72.41379310344827,27.586206896551722
2025,H0369,Hillary Pugh Kent,R,Business and Commerce,Derived from LIS bill description,32,23,9,32,YES,71.875,28.125
2025,H0325,Wendell S. Walker,R,Business and Commerce,Derived from LIS bill description,32,23,9,32,YES,71.875,28.125
2025,H0346,Kim A. Taylor,R,Business and Commerce,Derived from LIS bill description,31,20,8,28,YES,71.42857142857143,28.57142857142857
2025,H0376,Paul V. Milde,R,Business and Commerce,Derived from LIS bill description,29,20,8,28,YES,71.42857142857143,28.57142857142857
2025,H0136,"Thomas C. Wright, Jr.",R,Business and Commerce,Derived from LIS bill description,32,20,8,28,YES,71.42857142857143,28.57142857142857
2025,H0231,Tony O. Wilt,R,Business and Commerce,Derived from LIS bill description,34,24,10,34,YES,70.58823529411765,29.411764705882355
2025,H0384,Eric Phillips,R,Business and Commerce,Derived from LIS bill description,29,19,8,27,YES,70.37037037037037,29.629629629629626
2025,H0347,"H. Otto Wachsmann, Jr.",R,Business and Commerce,Derived from LIS bill description,31,21,9,30,YES,70.0,30.0
2025,H0224,James W. Morefield,R,Business and Commerce,Derived from LIS bill description,42,28,12,40,YES,70.0,30.0
2025,H0253,Terry L. Austin,R,Business and Commerce,Derived from LIS bill description,43,30,13,43,YES,69.76744186046511,30.23255813953488
2025,H0279,Nicholas J. Freitas,R,Business and Commerce,Derived from LIS bill description,36,23,10,33,YES,69.6969696969697,30.303030303030305
2025,H0315,Carrie E. Coyner,R,Business and Commerce,Derived from LIS bill description,51,27,12,39,YES,69.23076923076923,30.76923076923077
2025,H0308,Joseph P. McNamara,R,Business and Commerce,Derived from LIS bill description,39,27,12,39,YES,69.23076923076923,30.76923076923077
2025,H0259,"Hyland F. ""Buddy"" Fowler, Jr.",R,Business and Commerce,Derived from LIS bill description,44,29,13,42,YES,69.04761904761905,30.952380952380953
2025,H0379,David Owen,R,Business and Commerce,Derived from LIS bill description,29,20,9,29,YES,68.96551724137932,31.03448275862069
2025,H0329,Bill Wiley,R,Business and Commerce,Derived from LIS bill description,48,33,15,48,YES,68.75,31.25
2025,H0342,Phillip A. Scott,R,Business and Commerce,Derived from LIS bill description,29,19,9,28,YES,67.85714285714286,32.142857142857146
2025,H0362,"Thomas A. Garrett, Jr.",R,Business and Commerce,Derived from LIS bill description,31,19,9,28,YES,67.85714285714286,32.142857142857146
2025,H0358,"Mark L. Earley, Jr.",R,Business and Commerce,Derived from LIS bill description,36,23,11,34,YES,67.64705882352942,32.35294117647059
2025,H0247,Michael J. Webert,R,Business and Commerce,Derived from LIS bill description,35,23,11,34,YES,67.64705882352942,32.35294117647059
2025,H0124,R. Lee Ware,R,Business and Commerce,Derived from LIS bill description,34,23,11,34,YES,67.64705882352942,32.35294117647059
2025,H0373,Ian T. Lovejoy,R,Business and Commerce,Derived from LIS bill description,35,22,11,33,YES,66.66666666666666,33.33333333333333
2025,H0345,Anne Ferrell Tata,R,Business and Commerce,Derived from LIS bill description,32,21,11,32,YES,65.625,34.375
2025,H0377,Delores Oates,R,Business and Commerce,Derived from LIS bill description,32,21,11,32,YES,65.625,34.375
2025,H0352,"Jonathan ""Jed"" Arnold",R,Business and Commerce,Derived from LIS bill description,43,26,14,40,YES,65.0,35.0
2025,H0375,Adele Y. McClure,D,Constitutional Amendments,Official LIS subject,5,5,0,5,INSUFFICIENT DATA,100.0,0.0
2025,H0311,Alex Q. Askew,D,Constitutional Amendments,Official LIS subject,5,5,0,5,INSUFFICIENT DATA,100.0,0.0
2025,H0239,Alfonso H. Lopez,D,Constitutional Amendments,Official LIS subject,5,5,0,5,INSUFFICIENT DATA,100.0,0.0
2025,H0371,Amy J. Laufer,D,Constitutional Amendments,Official LIS subject,5,5,0,5,INSUFFICIENT DATA,100.0,0.0
2025,H0380,Atoosa R. Reaser,D,Constitutional Amendments,Official LIS subject,5,5,0,5,INSUFFICIENT DATA,100.0,0.0
2025,H0212,Betsy B. Carr,D,Constitutional Amendments,Official LIS subject,5,5,0,5,INSUFFICIENT DATA,100.0,0.0
2025,H0353,Bonita G. Anthony,D,Constitutional Amendments,Official LIS subject,8,8,0,8,INSUFFICIENT DATA,100.0,0.0
2025,H0343,Briana D. Sewell,D,Constitutional Amendments,Official LIS subject,5,5,0,5,INSUFFICIENT DATA,100.0,0.0
2025,H0285,"C.E. Cliff Hayes, Jr.",D,Constitutional Amendments,Official LIS subject,5,5,0,5,INSUFFICIENT DATA,100.0,0.0
2025,H0330,Candi Mundon King,D,Constitutional Amendments,Official LIS subject,5,5,0,5,INSUFFICIENT DATA,100.0,0.0
2025,H0208,Charniele L. Herring,D,Constitutional Amendments,Official LIS subject,5,5,0,5,INSUFFICIENT DATA,100.0,0.0
2025,H0317,Dan I. Helmer,D,Constitutional Amendments,Official LIS subject,5,5,0,5,INSUFFICIENT DATA,100.0,0.0
2025,H0301,David A. Reid,D,Constitutional Amendments,Official LIS subject,8,8,0,8,INSUFFICIENT DATA,100.0,0.0
2025,H0177,David L. Bulova,D,Constitutional Amendments,Official LIS subject,5,5,0,5,INSUFFICIENT DATA,100.0,0.0
2025,H0361,Debra D. Gardner,D,Constitutional Amendments,Official LIS subject,5,5,0,5,INSUFFICIENT DATA,100.0,0.0
2025,H0207,Delores L. McQuinn,D,Constitutional Amendments,Official LIS subject,5,5,0,5,INSUFFICIENT DATA,100.0,0.0
2025,H0372,Destiny LeVere Bolling,D,Constitutional Amendments,Official LIS subject,8,8,0,8,INSUFFICIENT DATA,100.0,0.0
2025,H0322,Don Scott,D,Constitutional Amendments,Official LIS subject,5,5,0,5,INSUFFICIENT DATA,100.0,0.0
2025,H0334,Elizabeth B. Bennett-Parker,D,Constitutional Amendments,Official LIS subject,5,5,0,5,INSUFFICIENT DATA,100.0,0.0
2025,H0351,Holly M. Seibold,D,Constitutional Amendments,Official LIS subject,5,5,0,5,INSUFFICIENT DATA,100.0,0.0
2025,H0344,Irene Shin,D,Constitutional Amendments,Official LIS subject,5,5,0,5,INSUFFICIENT DATA,100.0,0.0
2025,H0385,JJ Singh,D,Constitutional Amendments,Official LIS subject,5,5,0,5,INSUFFICIENT DATA,100.0,0.0
2025,H0349,Jackie H. Glass,D,Constitutional Amendments,Official LIS subject,8,8,0,8,INSUFFICIENT DATA,100.0,0.0
2025,H0173,Jeion A. Ward,D,Constitutional Amendments,Official LIS subject,5,5,0,5,INSUFFICIENT DATA,100.0,0.0
2025,H0382,Joshua E. Thomas,D,Constitutional Amendments,Official LIS subject,5,5,0,5,INSUFFICIENT DATA,100.0,0.0
2025,H0314,Joshua G. Cole,D,Constitutional Amendments,Official LIS subject,8,8,0,8,INSUFFICIENT DATA,100.0,0.0
2025,H0381,Kannan Srinivasan,D,Constitutional Amendments,Official LIS subject,3,3,0,3,INSUFFICIENT DATA,100.0,0.0
2025,H0370,Karen Keys-Gamarra,D,Constitutional Amendments,Official LIS subject,5,5,0,5,INSUFFICIENT DATA,100.0,0.0
2025,H0294,Karrie K. Delaney,D,Constitutional Amendments,Official LIS subject,5,5,0,5,INSUFFICIENT DATA,100.0,0.0
2025,H0305,Kathy K.L. Tran,D,Constitutional Amendments,Official LIS subject,5,5,0,5,INSUFFICIENT DATA,100.0,0.0
2025,H0354,Katrina Callsen,D,Constitutional Amendments,Official LIS subject,5,5,0,5,INSUFFICIENT DATA,100.0,0.0
2025,H0295,Kelly K. Convirs-Fowler,D,Constitutional Amendments,Official LIS subject,8,8,0,8,INSUFFICIENT DATA,100.0,0.0
2025,H0355,Laura Jane Cohen,D,Constitutional Amendments,Official LIS subject,5,5,0,5,INSUFFICIENT DATA,100.0,0.0
2025,H0227,Luke E. Torian,D,Constitutional Amendments,Official LIS subject,5,5,0,5,INSUFFICIENT DATA,100.0,0.0
2025,H0284,"Marcia S. ""Cia"" Price",D,Constitutional Amendments,Official LIS subject,8,8,0,8,INSUFFICIENT DATA,100.0,0.0
2025,H0264,Marcus B. Simon,D,Constitutional Amendments,Official LIS subject,5,5,0,5,INSUFFICIENT DATA,100.0,0.0
2025,H0172,Mark D. Sickles,D,Constitutional Amendments,Official LIS subject,8,8,0,8,INSUFFICIENT DATA,100.0,0.0
2025,H0374,Marty Martinez,D,Constitutional Amendments,Official LIS subject,5,5,0,5,INSUFFICIENT DATA,100.0,0.0
2025,H0360,Michael B. Feggans,D,Constitutional Amendments,Official LIS subject,5,5,0,5,INSUFFICIENT DATA,100.0,0.0
2025,H0368,Michael J. Jones,D,Constitutional Amendments,Official LIS subject,5,5,0,5,INSUFFICIENT DATA,100.0,0.0
2025,H0340,Michelle Lopes Maldonado,D,Constitutional Amendments,Official LIS subject,8,8,0,8,INSUFFICIENT DATA,100.0,0.0
2025,H0336,Nadarius E. Clark,D,Constitutional Amendments,Official LIS subject,5,5,0,5,INSUFFICIENT DATA,100.0,0.0
2025,H0219,Patrick A. Hope,D,Constitutional Amendments,Official LIS subject,5,5,0,5,INSUFFICIENT DATA,100.0,0.0
2025,H0281,Paul E. Krizek,D,Constitutional Amendments,Official LIS subject,8,8,0,8,INSUFFICIENT DATA,100.0,0.0
2025,H0366,Phil M. Hernandez,D,Constitutional Amendments,Official LIS subject,5,5,0,5,INSUFFICIENT DATA,100.0,0.0
2025,H0356,Rae Cousins,D,Constitutional Amendments,Official LIS subject,5,5,0,5,INSUFFICIENT DATA,100.0,0.0
2025,H0269,"Richard C. ""Rip"" Sullivan, Jr.",D,Constitutional Amendments,Official LIS subject,5,5,0,5,INSUFFICIENT DATA,100.0,0.0
2025,H0327,Rodney T. Willett,D,Constitutional Amendments,Official LIS subject,5,5,0,5,INSUFFICIENT DATA,100.0,0.0
2025,H0365,"Rozia A. Henson, Jr.",D,Constitutional Amendments,Official LIS subject,8,8,0,8,INSUFFICIENT DATA,100.0,0.0
2025,H0266,Sam Rasoul,D,Constitutional Amendments,Official LIS subject,5,5,0,5,INSUFFICIENT DATA,100.0,0.0
2025,H0323,Shelly A. Simonds,D,Constitutional Amendments,Official LIS subject,5,5,0,5,INSUFFICIENT DATA,100.0,0.0
2025,H0108,Vivian E. Watts,D,Constitutional Amendments,Official LIS subject,5,5,0,5,INSUFFICIENT DATA,100.0,0.0
2025,H0315,Carrie E. Coyner,R,Constitutional Amendments,Official LIS subject,5,2,3,5,INSUFFICIENT DATA,40.0,60.0
2025,H0335,Mike A. Cherry,R,Constitutional Amendments,Official LIS subject,8,2,5,7,INSUFFICIENT DATA,28.57142857142857,71.42857142857143
2025,H0337,A.C. Cordoza,R,Constitutional Amendments,Official LIS subject,5,1,3,4,INSUFFICIENT DATA,25.0,75.0
2025,H0347,"H. Otto Wachsmann, Jr.",R,Constitutional Amendments,Official LIS subject,8,2,6,8,INSUFFICIENT DATA,25.0,75.0
2025,H0267,"Robert S. Bloxom, Jr.",R,Constitutional Amendments,Official LIS subject,8,2,6,8,INSUFFICIENT DATA,25.0,75.0
2025,H0363,W. Chad Green,R,Constitutional Amendments,Official LIS subject,8,2,6,8,INSUFFICIENT DATA,25.0,75.0
2025,H0378,Chris Obenshain,R,Constitutional Amendments,Official LIS subject,5,1,4,5,INSUFFICIENT DATA,20.0,80.0
2025,H0308,Joseph P. McNamara,R,Constitutional Amendments,Official LIS subject,5,1,4,5,INSUFFICIENT DATA,20.0,80.0
2025,H0346,Kim A. Taylor,R,Constitutional Amendments,Official LIS subject,5,1,4,5,INSUFFICIENT DATA,20.0,80.0
2025,H0359,N. Baxter Ennis,R,Constitutional Amendments,Official LIS subject,5,1,4,5,INSUFFICIENT DATA,20.0,80.0
2025,H0362,"Thomas A. Garrett, Jr.",R,Constitutional Amendments,Official LIS subject,5,1,4,5,INSUFFICIENT DATA,20.0,80.0
2025,H0313,Amanda E. Batten,R,Constitutional Amendments,Official LIS subject,5,0,4,4,INSUFFICIENT DATA,0.0,100.0
2025,H0345,Anne Ferrell Tata,R,Constitutional Amendments,Official LIS subject,5,0,5,5,INSUFFICIENT DATA,0.0,100.0
2025,H0206,Barry D. Knight,R,Constitutional Amendments,Official LIS subject,5,0,5,5,INSUFFICIENT DATA,0.0,100.0
2025,H0329,Bill Wiley,R,Constitutional Amendments,Official LIS subject,5,0,5,5,INSUFFICIENT DATA,0.0,100.0
2025,H0181,C. Todd Gilbert,R,Constitutional Amendments,Official LIS subject,8,0,8,8,INSUFFICIENT DATA,0.0,100.0
2025,H0321,Chris S. Runion,R,Constitutional Amendments,Official LIS subject,5,0,5,5,INSUFFICIENT DATA,0.0,100.0
2025,H0150,"Daniel W. Marshall, III",R,Constitutional Amendments,Official LIS subject,5,0,0,0,INSUFFICIENT DATA,0.0,0.0
2025,H0379,David Owen,R,Constitutional Amendments,Official LIS subject,5,0,4,4,INSUFFICIENT DATA,0.0,100.0
2025,H0377,Delores Oates,R,Constitutional Amendments,Official LIS subject,5,0,5,5,INSUFFICIENT DATA,0.0,100.0
2025,H0350,Ellen H. Campbell,R,Constitutional Amendments,Official LIS subject,5,0,5,5,INSUFFICIENT DATA,0.0,100.0
2025,H0384,Eric Phillips,R,Constitutional Amendments,Official LIS subject,8,0,5,5,INSUFFICIENT DATA,0.0,100.0
2025,H0383,Eric R. Zehr,R,Constitutional Amendments,Official LIS subject,5,0,5,5,INSUFFICIENT DATA,0.0,100.0
2025,H0367,Geary Higgins,R,Constitutional Amendments,Official LIS subject,5,0,5,5,INSUFFICIENT DATA,0.0,100.0
2025,H0369,Hillary Pugh Kent,R,Constitutional Amendments,Official LIS subject,5,0,5,5,INSUFFICIENT DATA,0.0,100.0
2025,H0259,"Hyland F. ""Buddy"" Fowler, Jr.",R,Constitutional Amendments,Official LIS subject,5,0,5,5,INSUFFICIENT DATA,0.0,100.0
2025,H0373,Ian T. Lovejoy,R,Constitutional Amendments,Official LIS subject,5,0,4,4,INSUFFICIENT DATA,0.0,100.0
2025,H0242,Israel D. O'Quinn,R,Constitutional Amendments,Official LIS subject,8,0,8,8,INSUFFICIENT DATA,0.0,100.0
2025,H0262,"James A. ""Jay"" Leftwich",R,Constitutional Amendments,Official LIS subject,8,0,8,8,INSUFFICIENT DATA,0.0,100.0
2025,H0224,James W. Morefield,R,Constitutional Amendments,Official LIS subject,5,0,5,5,INSUFFICIENT DATA,0.0,100.0
2025,H0333,Jason S. Ballard,R,Constitutional Amendments,Official LIS subject,5,0,5,5,INSUFFICIENT DATA,0.0,100.0
2025,H0352,"Jonathan ""Jed"" Arnold",R,Constitutional Amendments,Official LIS subject,5,0,5,5,INSUFFICIENT DATA,0.0,100.0
2025,H0238,M. Keith Hodges,R,Constitutional Amendments,Official LIS subject,5,0,5,5,INSUFFICIENT DATA,0.0,100.0
2025,H0358,"Mark L. Earley, Jr.",R,Constitutional Amendments,Official LIS subject,5,0,5,5,INSUFFICIENT DATA,0.0,100.0
2025,H0247,Michael J. Webert,R,Constitutional Amendments,Official LIS subject,5,0,5,5,INSUFFICIENT DATA,0.0,100.0
2025,H0279,Nicholas J. Freitas,R,Constitutional Amendments,Official LIS subject,5,0,5,5,INSUFFICIENT DATA,0.0,100.0
2025,H0376,Paul V. Milde,R,Constitutional Amendments,Official LIS subject,8,0,8,8,INSUFFICIENT DATA,0.0,100.0
2025,H0342,Phillip A. Scott,R,Constitutional Amendments,Official LIS subject,8,0,8,8,INSUFFICIENT DATA,0.0,100.0
2025,H0124,R. Lee Ware,R,Constitutional Amendments,Official LIS subject,5,0,5,5,INSUFFICIENT DATA,0.0,100.0
2025,H0073,"Robert D. Orrock, Sr.",R,Constitutional Amendments,Official LIS subject,5,0,4,4,INSUFFICIENT DATA,0.0,100.0
2025,H0328,Scott A. Wyatt,R,Constitutional Amendments,Official LIS subject,5,0,5,5,INSUFFICIENT DATA,0.0,100.0
2025,H0056,Terry G. Kilgore,R,Constitutional Amendments,Official LIS subject,5,0,5,5,INSUFFICIENT DATA,0.0,100.0
2025,H0253,Terry L. Austin,R,Constitutional Amendments,Official LIS subject,5,0,5,5,INSUFFICIENT DATA,0.0,100.0
2025,H0136,"Thomas C. Wright, Jr.",R,Constitutional Amendments,Official LIS subject,5,0,5,5,INSUFFICIENT DATA,0.0,100.0
2025,H0364,Timothy P. Griffin,R,Constitutional Amendments,Official LIS subject,5,0,5,5,INSUFFICIENT DATA,0.0,100.0
2025,H0231,Tony O. Wilt,R,Constitutional Amendments,Official LIS subject,5,0,5,5,INSUFFICIENT DATA,0.0,100.0
2025,H0325,Wendell S. Walker,R,Constitutional Amendments,Official LIS subject,5,0,5,5,INSUFFICIENT DATA,0.0,100.0
2025,H0357,Will Davis,R,Constitutional Amendments,Official LIS subject,5,0,5,5,INSUFFICIENT DATA,0.0,100.0
2025,H0348,Wren M. Williams,R,Constitutional Amendments,Official LIS subject,5,0,5,5,INSUFFICIENT DATA,0.0,100.0
2025,H0206,Barry D. Knight,R,Courts and Civil Law,Derived from LIS bill description,25,4,3,7,INSUFFICIENT DATA,57.14285714285714,42.857142857142854
2025,H0150,"Daniel W. Marshall, III",R,Courts and Civil Law,Derived from LIS bill description,29,2,4,6,INSUFFICIENT DATA,33.33333333333333,66.66666666666666
2025,H0352,"Jonathan ""Jed"" Arnold",R,Courts and Civil Law,Derived from LIS bill description,31,19,11,30,MIXED,63.33333333333333,36.666666666666664
2025,H0056,Terry G. Kilgore,R,Courts and Civil Law,Derived from LIS bill description,36,22,14,36,MIXED,61.111111111111114,38.88888888888889
2025,H0378,Chris Obenshain,R,Courts and Civil Law,Derived from LIS bill description,33,20,13,33,MIXED,60.60606060606061,39.39393939393939
2025,H0359,N. Baxter Ennis,R,Courts and Civil Law,Derived from LIS bill description,27,14,12,26,MIXED,53.84615384615385,46.15384615384615
2025,H0376,Paul V. Milde,R,Courts and Civil Law,Derived from LIS bill description,26,14,12,26,MIXED,53.84615384615385,46.15384615384615
2025,H0315,Carrie E. Coyner,R,Courts and Civil Law,Derived from LIS bill description,29,13,12,25,MIXED,52.0,48.0
2025,H0363,W. Chad Green,R,Courts and Civil Law,Derived from LIS bill description,25,13,12,25,MIXED,52.0,48.0
2025,H0347,"H. Otto Wachsmann, Jr.",R,Courts and Civil Law,Derived from LIS bill description,27,14,13,27,MIXED,51.85185185185185,48.148148148148145
2025,H0329,Bill Wiley,R,Courts and Civil Law,Derived from LIS bill description,28,14,14,28,MIXED,50.0,50.0
2025,H0367,Geary Higgins,R,Courts and Civil Law,Derived from LIS bill description,24,12,12,24,MIXED,50.0,50.0
2025,H0242,Israel D. O'Quinn,R,Courts and Civil Law,Derived from LIS bill description,26,13,13,26,MIXED,50.0,50.0
2025,H0224,James W. Morefield,R,Courts and Civil Law,Derived from LIS bill description,26,13,13,26,MIXED,50.0,50.0
2025,H0267,"Robert S. Bloxom, Jr.",R,Courts and Civil Law,Derived from LIS bill description,26,13,13,26,MIXED,50.0,50.0
2025,H0337,A.C. Cordoza,R,Courts and Civil Law,Derived from LIS bill description,35,17,18,35,MIXED,48.57142857142857,51.42857142857142
2025,H0313,Amanda E. Batten,R,Courts and Civil Law,Derived from LIS bill description,35,17,18,35,MIXED,48.57142857142857,51.42857142857142
2025,H0348,Wren M. Williams,R,Courts and Civil Law,Derived from LIS bill description,35,17,18,35,MIXED,48.57142857142857,51.42857142857142
2025,H0253,Terry L. Austin,R,Courts and Civil Law,Derived from LIS bill description,29,14,15,29,MIXED,48.275862068965516,51.724137931034484
2025,H0350,Ellen H. Campbell,R,Courts and Civil Law,Derived from LIS bill description,27,13,14,27,MIXED,48.148148148148145,51.85185185185185
2025,H0373,Ian T. Lovejoy,R,Courts and Civil Law,Derived from LIS bill description,25,12,13,25,MIXED,48.0,52.0
2025,H0073,"Robert D. Orrock, Sr.",R,Courts and Civil Law,Derived from LIS bill description,24,11,12,23,MIXED,47.82608695652174,52.17391304347826
2025,H0328,Scott A. Wyatt,R,Courts and Civil Law,Derived from LIS bill description,29,13,15,28,MIXED,46.42857142857143,53.57142857142857
2025,H0325,Wendell S. Walker,R,Courts and Civil Law,Derived from LIS bill description,24,11,13,24,MIXED,45.83333333333333,54.166666666666664
2025,H0262,"James A. ""Jay"" Leftwich",R,Courts and Civil Law,Derived from LIS bill description,35,16,19,35,MIXED,45.714285714285715,54.285714285714285
2025,H0259,"Hyland F. ""Buddy"" Fowler, Jr.",R,Courts and Civil Law,Derived from LIS bill description,23,9,11,20,MIXED,45.0,55.00000000000001
2025,H0238,M. Keith Hodges,R,Courts and Civil Law,Derived from LIS bill description,30,13,16,29,MIXED,44.827586206896555,55.172413793103445
2025,H0345,Anne Ferrell Tata,R,Courts and Civil Law,Derived from LIS bill description,27,12,15,27,MIXED,44.44444444444444,55.55555555555556
2025,H0346,Kim A. Taylor,R,Courts and Civil Law,Derived from LIS bill description,28,12,15,27,MIXED,44.44444444444444,55.55555555555556
2025,H0369,Hillary Pugh Kent,R,Courts and Civil Law,Derived from LIS bill description,23,10,13,23,MIXED,43.47826086956522,56.52173913043478
2025,H0379,David Owen,R,Courts and Civil Law,Derived from LIS bill description,26,11,15,26,MIXED,42.30769230769231,57.692307692307686
2025,H0383,Eric R. Zehr,R,Courts and Civil Law,Derived from LIS bill description,26,11,15,26,MIXED,42.30769230769231,57.692307692307686
2025,H0364,Timothy P. Griffin,R,Courts and Civil Law,Derived from LIS bill description,27,11,16,27,MIXED,40.74074074074074,59.25925925925925
2025,H0181,C. Todd Gilbert,R,Courts and Civil Law,Derived from LIS bill description,25,10,15,25,MIXED,40.0,60.0
2025,H0377,Delores Oates,R,Courts and Civil Law,Derived from LIS bill description,25,10,15,25,MIXED,40.0,60.0
2025,H0384,Eric Phillips,R,Courts and Civil Law,Derived from LIS bill description,25,10,15,25,MIXED,40.0,60.0
2025,H0342,Phillip A. Scott,R,Courts and Civil Law,Derived from LIS bill description,25,10,15,25,MIXED,40.0,60.0
2025,H0321,Chris S. Runion,R,Courts and Civil Law,Derived from LIS bill description,26,10,16,26,MIXED,38.46153846153847,61.53846153846154
2025,H0335,Mike A. Cherry,R,Courts and Civil Law,Derived from LIS bill description,26,10,16,26,MIXED,38.46153846153847,61.53846153846154
2025,H0231,Tony O. Wilt,R,Courts and Civil Law,Derived from LIS bill description,26,10,16,26,MIXED,38.46153846153847,61.53846153846154
2025,H0362,"Thomas A. Garrett, Jr.",R,Courts and Civil Law,Derived from LIS bill description,24,8,14,22,MIXED,36.36363636363637,63.63636363636363
2025,H0136,"Thomas C. Wright, Jr.",R,Courts and Civil Law,Derived from LIS bill description,25,8,14,22,MIXED,36.36363636363637,63.63636363636363
2025,H0124,R. Lee Ware,R,Courts and Civil Law,Derived from LIS bill description,23,8,15,23,NO,34.78260869565217,65.21739130434783
2025,H0247,Michael J. Webert,R,Courts and Civil Law,Derived from LIS bill description,26,9,17,26,NO,34.61538461538461,65.38461538461539
2025,H0279,Nicholas J. Freitas,R,Courts and Civil Law,Derived from LIS bill description,26,7,15,22,NO,31.818181818181817,68.18181818181817
2025,H0308,Joseph P. McNamara,R,Courts and Civil Law,Derived from LIS bill description,26,8,18,26,NO,30.76923076923077,69.23076923076923
2025,H0269,"Richard C. ""Rip"" Sullivan, Jr.",D,Courts and Civil Law,Derived from LIS bill description,37,27,1,28,YES,96.42857142857143,3.571428571428571
2025,H0317,Dan I. Helmer,D,Courts and Civil Law,Derived from LIS bill description,27,26,1,27,YES,96.29629629629629,3.7037037037037033
2025,H0368,Michael J. Jones,D,Courts and Civil Law,Derived from LIS bill description,26,21,1,22,YES,95.45454545454545,4.545454545454546
2025,H0380,Atoosa R. Reaser,D,Courts and Civil Law,Derived from LIS bill description,37,35,2,37,YES,94.5945945945946,5.405405405405405
2025,H0370,Karen Keys-Gamarra,D,Courts and Civil Law,Derived from LIS bill description,37,35,2,37,YES,94.5945945945946,5.405405405405405
2025,H0382,Joshua E. Thomas,D,Courts and Civil Law,Derived from LIS bill description,37,34,2,36,YES,94.44444444444444,5.555555555555555
2025,H0219,Patrick A. Hope,D,Courts and Civil Law,Derived from LIS bill description,40,34,2,36,YES,94.44444444444444,5.555555555555555
2025,H0356,Rae Cousins,D,Courts and Civil Law,Derived from LIS bill description,36,34,2,36,YES,94.44444444444444,5.555555555555555
2025,H0108,Vivian E. Watts,D,Courts and Civil Law,Derived from LIS bill description,35,33,2,35,YES,94.28571428571428,5.714285714285714
2025,H0294,Karrie K. Delaney,D,Courts and Civil Law,Derived from LIS bill description,35,32,2,34,YES,94.11764705882352,5.88235294117647
2025,H0340,Michelle Lopes Maldonado,D,Courts and Civil Law,Derived from LIS bill description,34,32,2,34,YES,94.11764705882352,5.88235294117647
2025,H0354,Katrina Callsen,D,Courts and Civil Law,Derived from LIS bill description,32,30,2,32,YES,93.75,6.25
2025,H0366,Phil M. Hernandez,D,Courts and Civil Law,Derived from LIS bill description,32,30,2,32,YES,93.75,6.25
2025,H0239,Alfonso H. Lopez,D,Courts and Civil Law,Derived from LIS bill description,30,28,2,30,YES,93.33333333333333,6.666666666666667
2025,H0343,Briana D. Sewell,D,Courts and Civil Law,Derived from LIS bill description,30,28,2,30,YES,93.33333333333333,6.666666666666667
2025,H0311,Alex Q. Askew,D,Courts and Civil Law,Derived from LIS bill description,29,27,2,29,YES,93.10344827586206,6.896551724137931
2025,H0212,Betsy B. Carr,D,Courts and Civil Law,Derived from LIS bill description,29,27,2,29,YES,93.10344827586206,6.896551724137931
2025,H0285,"C.E. Cliff Hayes, Jr.",D,Courts and Civil Law,Derived from LIS bill description,30,27,2,29,YES,93.10344827586206,6.896551724137931
2025,H0301,David A. Reid,D,Courts and Civil Law,Derived from LIS bill description,29,27,2,29,YES,93.10344827586206,6.896551724137931
2025,H0173,Jeion A. Ward,D,Courts and Civil Law,Derived from LIS bill description,30,27,2,29,YES,93.10344827586206,6.896551724137931
2025,H0360,Michael B. Feggans,D,Courts and Civil Law,Derived from LIS bill description,29,27,2,29,YES,93.10344827586206,6.896551724137931
2025,H0351,Holly M. Seibold,D,Courts and Civil Law,Derived from LIS bill description,28,26,2,28,YES,92.85714285714286,7.142857142857142
2025,H0344,Irene Shin,D,Courts and Civil Law,Derived from LIS bill description,28,26,2,28,YES,92.85714285714286,7.142857142857142
2025,H0336,Nadarius E. Clark,D,Courts and Civil Law,Derived from LIS bill description,28,26,2,28,YES,92.85714285714286,7.142857142857142
2025,H0327,Rodney T. Willett,D,Courts and Civil Law,Derived from LIS bill description,28,26,2,28,YES,92.85714285714286,7.142857142857142
2025,H0266,Sam Rasoul,D,Courts and Civil Law,Derived from LIS bill description,31,26,2,28,YES,92.85714285714286,7.142857142857142
2025,H0375,Adele Y. McClure,D,Courts and Civil Law,Derived from LIS bill description,27,25,2,27,YES,92.5925925925926,7.4074074074074066
2025,H0208,Charniele L. Herring,D,Courts and Civil Law,Derived from LIS bill description,27,25,2,27,YES,92.5925925925926,7.4074074074074066
2025,H0177,David L. Bulova,D,Courts and Civil Law,Derived from LIS bill description,27,25,2,27,YES,92.5925925925926,7.4074074074074066
2025,H0172,Mark D. Sickles,D,Courts and Civil Law,Derived from LIS bill description,28,25,2,27,YES,92.5925925925926,7.4074074074074066
2025,H0353,Bonita G. Anthony,D,Courts and Civil Law,Derived from LIS bill description,26,24,2,26,YES,92.3076923076923,7.6923076923076925
2025,H0330,Candi Mundon King,D,Courts and Civil Law,Derived from LIS bill description,26,24,2,26,YES,92.3076923076923,7.6923076923076925
2025,H0355,Laura Jane Cohen,D,Courts and Civil Law,Derived from LIS bill description,26,24,2,26,YES,92.3076923076923,7.6923076923076925
2025,H0227,Luke E. Torian,D,Courts and Civil Law,Derived from LIS bill description,27,24,2,26,YES,92.3076923076923,7.6923076923076925
2025,H0281,Paul E. Krizek,D,Courts and Civil Law,Derived from LIS bill description,26,24,2,26,YES,92.3076923076923,7.6923076923076925
2025,H0365,"Rozia A. Henson, Jr.",D,Courts and Civil Law,Derived from LIS bill description,26,24,2,26,YES,92.3076923076923,7.6923076923076925
2025,H0295,Kelly K. Convirs-Fowler,D,Courts and Civil Law,Derived from LIS bill description,26,23,2,25,YES,92.0,8.0
2025,H0284,"Marcia S. ""Cia"" Price",D,Courts and Civil Law,Derived from LIS bill description,25,23,2,25,YES,92.0,8.0
2025,H0374,Marty Martinez,D,Courts and Civil Law,Derived from LIS bill description,25,23,2,25,YES,92.0,8.0
2025,H0323,Shelly A. Simonds,D,Courts and Civil Law,Derived from LIS bill description,25,23,2,25,YES,92.0,8.0
2025,H0264,Marcus B. Simon,D,Courts and Civil Law,Derived from LIS bill description,37,34,3,37,YES,91.8918918918919,8.108108108108109
2025,H0371,Amy J. Laufer,D,Courts and Civil Law,Derived from LIS bill description,24,22,2,24,YES,91.66666666666666,8.333333333333332
2025,H0361,Debra D. Gardner,D,Courts and Civil Law,Derived from LIS bill description,24,22,2,24,YES,91.66666666666666,8.333333333333332
2025,H0372,Destiny LeVere Bolling,D,Courts and Civil Law,Derived from LIS bill description,27,22,2,24,YES,91.66666666666666,8.333333333333332
2025,H0305,Kathy K.L. Tran,D,Courts and Civil Law,Derived from LIS bill description,24,22,2,24,YES,91.66666666666666,8.333333333333332
2025,H0207,Delores L. McQuinn,D,Courts and Civil Law,Derived from LIS bill description,30,21,2,23,YES,91.30434782608695,8.695652173913043
2025,H0322,Don Scott,D,Courts and Civil Law,Derived from LIS bill description,23,21,2,23,YES,91.30434782608695,8.695652173913043
2025,H0385,JJ Singh,D,Courts and Civil Law,Derived from LIS bill description,24,21,2,23,YES,91.30434782608695,8.695652173913043
2025,H0314,Joshua G. Cole,D,Courts and Civil Law,Derived from LIS bill description,24,21,2,23,YES,91.30434782608695,8.695652173913043
2025,H0334,Elizabeth B. Bennett-Parker,D,Courts and Civil Law,Derived from LIS bill description,23,19,2,21,YES,90.47619047619048,9.523809523809524
2025,H0349,Jackie H. Glass,D,Courts and Civil Law,Derived from LIS bill description,28,25,3,28,YES,89.28571428571429,10.714285714285714
2025,H0357,Will Davis,R,Courts and Civil Law,Derived from LIS bill description,31,22,9,31,YES,70.96774193548387,29.03225806451613
2025,H0333,Jason S. Ballard,R,Courts and Civil Law,Derived from LIS bill description,39,27,12,39,YES,69.23076923076923,30.76923076923077
2025,H0358,"Mark L. Earley, Jr.",R,Courts and Civil Law,Derived from LIS bill description,33,22,11,33,YES,66.66666666666666,33.33333333333333
2025,H0150,"Daniel W. Marshall, III",R,Criminal Justice,Derived from LIS bill description,75,3,1,4,INSUFFICIENT DATA,75.0,25.0
2025,H0357,Will Davis,R,Criminal Justice,Derived from LIS bill description,102,66,36,102,MIXED,64.70588235294117,35.294117647058826
2025,H0333,Jason S. Ballard,R,Criminal Justice,Derived from LIS bill description,103,66,37,103,MIXED,64.07766990291263,35.92233009708738
2025,H0384,Eric Phillips,R,Criminal Justice,Derived from LIS bill description,85,53,30,83,MIXED,63.85542168674698,36.144578313253014
2025,H0224,James W. Morefield,R,Criminal Justice,Derived from LIS bill description,79,50,29,79,MIXED,63.29113924050633,36.708860759493675
2025,H0352,"Jonathan ""Jed"" Arnold",R,Criminal Justice,Derived from LIS bill description,105,63,37,100,MIXED,63.0,37.0
2025,H0373,Ian T. Lovejoy,R,Criminal Justice,Derived from LIS bill description,71,44,26,70,MIXED,62.857142857142854,37.142857142857146
2025,H0347,"H. Otto Wachsmann, Jr.",R,Criminal Justice,Derived from LIS bill description,78,48,30,78,MIXED,61.53846153846154,38.46153846153847
2025,H0313,Amanda E. Batten,R,Criminal Justice,Derived from LIS bill description,154,94,60,154,MIXED,61.038961038961034,38.961038961038966
2025,H0329,Bill Wiley,R,Criminal Justice,Derived from LIS bill description,78,47,30,77,MIXED,61.038961038961034,38.961038961038966
2025,H0325,Wendell S. Walker,R,Criminal Justice,Derived from LIS bill description,77,47,30,77,MIXED,61.038961038961034,38.961038961038966
2025,H0369,Hillary Pugh Kent,R,Criminal Justice,Derived from LIS bill description,71,42,29,71,MIXED,59.154929577464785,40.845070422535215
2025,H0231,Tony O. Wilt,R,Criminal Justice,Derived from LIS bill description,96,56,40,96,MIXED,58.333333333333336,41.66666666666667
2025,H0242,Israel D. O'Quinn,R,Criminal Justice,Derived from LIS bill description,73,42,31,73,MIXED,57.534246575342465,42.465753424657535
2025,H0377,Delores Oates,R,Criminal Justice,Derived from LIS bill description,84,48,36,84,MIXED,57.14285714285714,42.857142857142854
2025,H0308,Joseph P. McNamara,R,Criminal Justice,Derived from LIS bill description,71,40,30,70,MIXED,57.14285714285714,42.857142857142854
2025,H0342,Phillip A. Scott,R,Criminal Justice,Derived from LIS bill description,78,43,33,76,MIXED,56.57894736842105,43.42105263157895
2025,H0259,"Hyland F. ""Buddy"" Fowler, Jr.",R,Criminal Justice,Derived from LIS bill description,74,41,32,73,MIXED,56.16438356164384,43.83561643835616
2025,H0321,Chris S. Runion,R,Criminal Justice,Derived from LIS bill description,71,39,32,71,MIXED,54.929577464788736,45.07042253521127
2025,H0383,Eric R. Zehr,R,Criminal Justice,Derived from LIS bill description,71,39,32,71,MIXED,54.929577464788736,45.07042253521127
2025,H0124,R. Lee Ware,R,Criminal Justice,Derived from LIS bill description,71,39,32,71,MIXED,54.929577464788736,45.07042253521127
2025,H0376,Paul V. Milde,R,Criminal Justice,Derived from LIS bill description,72,36,30,66,MIXED,54.54545454545454,45.45454545454545
2025,H0328,Scott A. Wyatt,R,Criminal Justice,Derived from LIS bill description,77,41,35,76,MIXED,53.94736842105263,46.05263157894737
2025,H0136,"Thomas C. Wright, Jr.",R,Criminal Justice,Derived from LIS bill description,71,35,30,65,MIXED,53.84615384615385,46.15384615384615
2025,H0247,Michael J. Webert,R,Criminal Justice,Derived from LIS bill description,85,44,39,83,MIXED,53.01204819277109,46.98795180722892
2025,H0279,Nicholas J. Freitas,R,Criminal Justice,Derived from LIS bill description,71,37,33,70,MIXED,52.85714285714286,47.14285714285714
2025,H0364,Timothy P. Griffin,R,Criminal Justice,Derived from LIS bill description,71,37,34,71,MIXED,52.112676056338024,47.88732394366197
2025,H0181,C. Todd Gilbert,R,Criminal Justice,Derived from LIS bill description,73,38,35,73,MIXED,52.054794520547944,47.94520547945205
2025,H0362,"Thomas A. Garrett, Jr.",R,Criminal Justice,Derived from LIS bill description,71,32,30,62,MIXED,51.61290322580645,48.38709677419355
2025,H0294,Karrie K. Delaney,D,Criminal Justice,Derived from LIS bill description,132,123,7,130,YES,94.61538461538461,5.384615384615385
2025,H0108,Vivian E. Watts,D,Criminal Justice,Derived from LIS bill description,130,123,7,130,YES,94.61538461538461,5.384615384615385
2025,H0366,Phil M. Hernandez,D,Criminal Justice,Derived from LIS bill description,129,120,7,127,YES,94.48818897637796,5.511811023622047
2025,H0219,Patrick A. Hope,D,Criminal Justice,Derived from LIS bill description,149,118,7,125,YES,94.39999999999999,5.6000000000000005
2025,H0382,Joshua E. Thomas,D,Criminal Justice,Derived from LIS bill description,131,121,8,129,YES,93.7984496124031,6.2015503875969
2025,H0380,Atoosa R. Reaser,D,Criminal Justice,Derived from LIS bill description,104,97,7,104,YES,93.26923076923077,6.730769230769231
2025,H0269,"Richard C. ""Rip"" Sullivan, Jr.",D,Criminal Justice,Derived from LIS bill description,104,97,7,104,YES,93.26923076923077,6.730769230769231
2025,H0340,Michelle Lopes Maldonado,D,Criminal Justice,Derived from LIS bill description,103,96,7,103,YES,93.20388349514563,6.796116504854369
2025,H0354,Katrina Callsen,D,Criminal Justice,Derived from LIS bill description,129,120,9,129,YES,93.02325581395348,6.976744186046512
2025,H0172,Mark D. Sickles,D,Criminal Justice,Derived from LIS bill description,87,78,6,84,YES,92.85714285714286,7.142857142857142
2025,H0285,"C.E. Cliff Hayes, Jr.",D,Criminal Justice,Derived from LIS bill description,81,72,6,78,YES,92.3076923076923,7.6923076923076925
2025,H0370,Karen Keys-Gamarra,D,Criminal Justice,Derived from LIS bill description,103,95,8,103,YES,92.23300970873787,7.766990291262135
2025,H0351,Holly M. Seibold,D,Criminal Justice,Derived from LIS bill description,100,91,8,99,YES,91.91919191919192,8.080808080808081
2025,H0314,Joshua G. Cole,D,Criminal Justice,Derived from LIS bill description,81,68,6,74,YES,91.8918918918919,8.108108108108109
2025,H0375,Adele Y. McClure,D,Criminal Justice,Derived from LIS bill description,88,79,7,86,YES,91.86046511627907,8.13953488372093
2025,H0317,Dan I. Helmer,D,Criminal Justice,Derived from LIS bill description,86,79,7,86,YES,91.86046511627907,8.13953488372093
2025,H0239,Alfonso H. Lopez,D,Criminal Justice,Derived from LIS bill description,85,78,7,85,YES,91.76470588235294,8.235294117647058
2025,H0360,Michael B. Feggans,D,Criminal Justice,Derived from LIS bill description,85,77,7,84,YES,91.66666666666666,8.333333333333332
2025,H0336,Nadarius E. Clark,D,Criminal Justice,Derived from LIS bill description,85,76,7,83,YES,91.56626506024097,8.433734939759036
2025,H0353,Bonita G. Anthony,D,Criminal Justice,Derived from LIS bill description,72,65,6,71,YES,91.54929577464789,8.450704225352112
2025,H0266,Sam Rasoul,D,Criminal Justice,Derived from LIS bill description,101,86,8,94,YES,91.48936170212765,8.51063829787234
2025,H0281,Paul E. Krizek,D,Criminal Justice,Derived from LIS bill description,82,75,7,82,YES,91.46341463414635,8.536585365853659
2025,H0327,Rodney T. Willett,D,Criminal Justice,Derived from LIS bill description,82,75,7,82,YES,91.46341463414635,8.536585365853659
2025,H0207,Delores L. McQuinn,D,Criminal Justice,Derived from LIS bill description,77,64,6,70,YES,91.42857142857143,8.571428571428571
2025,H0349,Jackie H. Glass,D,Criminal Justice,Derived from LIS bill description,72,63,6,69,YES,91.30434782608695,8.695652173913043
2025,H0284,"Marcia S. ""Cia"" Price",D,Criminal Justice,Derived from LIS bill description,82,73,7,80,YES,91.25,8.75
2025,H0208,Charniele L. Herring,D,Criminal Justice,Derived from LIS bill description,79,72,7,79,YES,91.13924050632912,8.860759493670885
2025,H0227,Luke E. Torian,D,Criminal Justice,Derived from LIS bill description,82,72,7,79,YES,91.13924050632912,8.860759493670885
2025,H0365,"Rozia A. Henson, Jr.",D,Criminal Justice,Derived from LIS bill description,79,72,7,79,YES,91.13924050632912,8.860759493670885
2025,H0212,Betsy B. Carr,D,Criminal Justice,Derived from LIS bill description,79,71,7,78,YES,91.02564102564102,8.974358974358974
2025,H0177,David L. Bulova,D,Criminal Justice,Derived from LIS bill description,79,71,7,78,YES,91.02564102564102,8.974358974358974
2025,H0361,Debra D. Gardner,D,Criminal Justice,Derived from LIS bill description,78,71,7,78,YES,91.02564102564102,8.974358974358974
2025,H0343,Briana D. Sewell,D,Criminal Justice,Derived from LIS bill description,77,70,7,77,YES,90.9090909090909,9.090909090909092
2025,H0356,Rae Cousins,D,Criminal Justice,Derived from LIS bill description,144,130,13,143,YES,90.9090909090909,9.090909090909092
2025,H0301,David A. Reid,D,Criminal Justice,Derived from LIS bill description,76,69,7,76,YES,90.78947368421053,9.210526315789473
2025,H0344,Irene Shin,D,Criminal Justice,Derived from LIS bill description,78,69,7,76,YES,90.78947368421053,9.210526315789473
2025,H0385,JJ Singh,D,Criminal Justice,Derived from LIS bill description,78,69,7,76,YES,90.78947368421053,9.210526315789473
2025,H0368,Michael J. Jones,D,Criminal Justice,Derived from LIS bill description,71,57,6,63,YES,90.47619047619048,9.523809523809524
2025,H0322,Don Scott,D,Criminal Justice,Derived from LIS bill description,72,65,7,72,YES,90.27777777777779,9.722222222222223
2025,H0323,Shelly A. Simonds,D,Criminal Justice,Derived from LIS bill description,72,65,7,72,YES,90.27777777777779,9.722222222222223
2025,H0173,Jeion A. Ward,D,Criminal Justice,Derived from LIS bill description,72,64,7,71,YES,90.14084507042254,9.859154929577464
2025,H0295,Kelly K. Convirs-Fowler,D,Criminal Justice,Derived from LIS bill description,72,64,7,71,YES,90.14084507042254,9.859154929577464
2025,H0374,Marty Martinez,D,Criminal Justice,Derived from LIS bill description,71,64,7,71,YES,90.14084507042254,9.859154929577464
2025,H0371,Amy J. Laufer,D,Criminal Justice,Derived from LIS bill description,71,63,7,70,YES,90.0,10.0
2025,H0372,Destiny LeVere Bolling,D,Criminal Justice,Derived from LIS bill description,73,63,7,70,YES,90.0,10.0
2025,H0305,Kathy K.L. Tran,D,Criminal Justice,Derived from LIS bill description,78,70,8,78,YES,89.74358974358975,10.256410256410255
2025,H0330,Candi Mundon King,D,Criminal Justice,Derived from LIS bill description,96,82,10,92,YES,89.13043478260869,10.869565217391305
2025,H0311,Alex Q. Askew,D,Criminal Justice,Derived from LIS bill description,78,65,8,73,YES,89.04109589041096,10.95890410958904
2025,H0334,Elizabeth B. Bennett-Parker,D,Criminal Justice,Derived from LIS bill description,75,63,8,71,YES,88.73239436619718,11.267605633802818
2025,H0355,Laura Jane Cohen,D,Criminal Justice,Derived from LIS bill description,71,63,8,71,YES,88.73239436619718,11.267605633802818
2025,H0264,Marcus B. Simon,D,Criminal Justice,Derived from LIS bill description,133,107,14,121,YES,88.42975206611571,11.570247933884298
2025,H0348,Wren M. Williams,R,Criminal Justice,Derived from LIS bill description,129,110,19,129,YES,85.27131782945736,14.728682170542637
2025,H0337,A.C. Cordoza,R,Criminal Justice,Derived from LIS bill description,143,119,24,143,YES,83.21678321678321,16.783216783216783
2025,H0315,Carrie E. Coyner,R,Criminal Justice,Derived from LIS bill description,80,55,17,72,YES,76.38888888888889,23.61111111111111
2025,H0346,Kim A. Taylor,R,Criminal Justice,Derived from LIS bill description,91,58,20,78,YES,74.35897435897436,25.64102564102564
2025,H0359,N. Baxter Ennis,R,Criminal Justice,Derived from LIS bill description,91,67,24,91,YES,73.62637362637363,26.373626373626376
2025,H0358,"Mark L. Earley, Jr.",R,Criminal Justice,Derived from LIS bill description,102,74,28,102,YES,72.54901960784314,27.450980392156865
2025,H0206,Barry D. Knight,R,Criminal Justice,Derived from LIS bill description,75,17,7,24,YES,70.83333333333334,29.166666666666668
2025,H0056,Terry G. Kilgore,R,Criminal Justice,Derived from LIS bill description,104,72,31,103,YES,69.90291262135922,30.097087378640776
2025,H0367,Geary Higgins,R,Criminal Justice,Derived from LIS bill description,77,53,23,76,YES,69.73684210526315,30.263157894736842
2025,H0073,"Robert D. Orrock, Sr.",R,Criminal Justice,Derived from LIS bill description,78,53,24,77,YES,68.83116883116884,31.16883116883117
2025,H0378,Chris Obenshain,R,Criminal Justice,Derived from LIS bill description,115,79,36,115,YES,68.69565217391305,31.30434782608696
2025,H0363,W. Chad Green,R,Criminal Justice,Derived from LIS bill description,73,50,23,73,YES,68.4931506849315,31.506849315068493
2025,H0238,M. Keith Hodges,R,Criminal Justice,Derived from LIS bill description,81,55,26,81,YES,67.90123456790124,32.098765432098766
2025,H0350,Ellen H. Campbell,R,Criminal Justice,Derived from LIS bill description,78,48,23,71,YES,67.6056338028169,32.3943661971831
2025,H0262,"James A. ""Jay"" Leftwich",R,Criminal Justice,Derived from LIS bill description,108,72,35,107,YES,67.28971962616822,32.71028037383177
2025,H0379,David Owen,R,Criminal Justice,Derived from LIS bill description,90,59,30,89,YES,66.29213483146067,33.70786516853933
2025,H0267,"Robert S. Bloxom, Jr.",R,Criminal Justice,Derived from LIS bill description,79,52,27,79,YES,65.82278481012658,34.177215189873415
2025,H0345,Anne Ferrell Tata,R,Criminal Justice,Derived from LIS bill description,77,50,26,76,YES,65.78947368421053,34.21052631578947
2025,H0335,Mike A. Cherry,R,Criminal Justice,Derived from LIS bill description,78,50,26,76,YES,65.78947368421053,34.21052631578947
2025,H0253,Terry L. Austin,R,Criminal Justice,Derived from LIS bill description,81,53,28,81,YES,65.4320987654321,34.5679012345679
2025,H0267,"Robert S. Bloxom, Jr.",R,Education,Derived from LIS bill description,151,96,54,150,MIXED,64.0,36.0
2025,H0073,"Robert D. Orrock, Sr.",R,Education,Derived from LIS bill description,147,85,49,134,MIXED,63.43283582089553,36.56716417910448
2025,H0345,Anne Ferrell Tata,R,Education,Derived from LIS bill description,256,161,95,256,MIXED,62.890625,37.109375
2025,H0378,Chris Obenshain,R,Education,Derived from LIS bill description,133,83,50,133,MIXED,62.40601503759399,37.59398496240601
2025,H0379,David Owen,R,Education,Derived from LIS bill description,142,88,54,142,MIXED,61.97183098591549,38.028169014084504
2025,H0358,"Mark L. Earley, Jr.",R,Education,Derived from LIS bill description,133,81,50,131,MIXED,61.832061068702295,38.16793893129771
2025,H0224,James W. Morefield,R,Education,Derived from LIS bill description,150,88,55,143,MIXED,61.53846153846154,38.46153846153847
2025,H0373,Ian T. Lovejoy,R,Education,Derived from LIS bill description,132,81,51,132,MIXED,61.36363636363637,38.63636363636363
2025,H0337,A.C. Cordoza,R,Education,Derived from LIS bill description,133,80,51,131,MIXED,61.06870229007634,38.93129770992366
2025,H0056,Terry G. Kilgore,R,Education,Derived from LIS bill description,139,78,58,136,MIXED,57.35294117647059,42.64705882352941
2025,H0253,Terry L. Austin,R,Education,Derived from LIS bill description,155,88,66,154,MIXED,57.14285714285714,42.857142857142854
2025,H0335,Mike A. Cherry,R,Education,Derived from LIS bill description,320,182,137,319,MIXED,57.05329153605015,42.94670846394985
2025,H0350,Ellen H. Campbell,R,Education,Derived from LIS bill description,167,94,71,165,MIXED,56.96969696969697,43.03030303030303
2025,H0347,"H. Otto Wachsmann, Jr.",R,Education,Derived from LIS bill description,141,80,61,141,MIXED,56.73758865248227,43.262411347517734
2025,H0150,"Daniel W. Marshall, III",R,Education,Derived from LIS bill description,164,18,14,32,MIXED,56.25,43.75
2025,H0329,Bill Wiley,R,Education,Derived from LIS bill description,151,84,67,151,MIXED,55.62913907284768,44.370860927152314
2025,H0259,"Hyland F. ""Buddy"" Fowler, Jr.",R,Education,Derived from LIS bill description,136,70,58,128,MIXED,54.6875,45.3125
2025,H0333,Jason S. Ballard,R,Education,Derived from LIS bill description,134,73,61,134,MIXED,54.47761194029851,45.52238805970149
2025,H0238,M. Keith Hodges,R,Education,Derived from LIS bill description,159,86,72,158,MIXED,54.43037974683544,45.56962025316456
2025,H0262,"James A. ""Jay"" Leftwich",R,Education,Derived from LIS bill description,137,73,62,135,MIXED,54.074074074074076,45.925925925925924
2025,H0384,Eric Phillips,R,Education,Derived from LIS bill description,132,71,61,132,MIXED,53.78787878787878,46.21212121212121
2025,H0369,Hillary Pugh Kent,R,Education,Derived from LIS bill description,133,71,62,133,MIXED,53.383458646616546,46.616541353383454
2025,H0313,Amanda E. Batten,R,Education,Derived from LIS bill description,234,123,110,233,MIXED,52.78969957081545,47.21030042918455
2025,H0367,Geary Higgins,R,Education,Derived from LIS bill description,140,73,67,140,MIXED,52.142857142857146,47.85714285714286
2025,H0231,Tony O. Wilt,R,Education,Derived from LIS bill description,133,68,64,132,MIXED,51.515151515151516,48.484848484848484
2025,H0376,Paul V. Milde,R,Education,Derived from LIS bill description,132,64,61,125,MIXED,51.2,48.8
2025,H0357,Will Davis,R,Education,Derived from LIS bill description,133,68,65,133,MIXED,51.127819548872175,48.87218045112782
2025,H0206,Barry D. Knight,R,Education,Derived from LIS bill description,134,23,22,45,MIXED,51.11111111111111,48.888888888888886
2025,H0328,Scott A. Wyatt,R,Education,Derived from LIS bill description,148,75,72,147,MIXED,51.02040816326531,48.97959183673469
2025,H0242,Israel D. O'Quinn,R,Education,Derived from LIS bill description,137,68,67,135,MIXED,50.37037037037037,49.629629629629626
2025,H0325,Wendell S. Walker,R,Education,Derived from LIS bill description,144,72,72,144,MIXED,50.0,50.0
2025,H0352,"Jonathan ""Jed"" Arnold",R,Education,Derived from LIS bill description,135,67,68,135,MIXED,49.629629629629626,50.37037037037037
2025,H0247,Michael J. Webert,R,Education,Derived from LIS bill description,138,66,67,133,MIXED,49.62406015037594,50.37593984962406
2025,H0321,Chris S. Runion,R,Education,Derived from LIS bill description,133,65,67,132,MIXED,49.24242424242424,50.75757575757576
2025,H0362,"Thomas A. Garrett, Jr.",R,Education,Derived from LIS bill description,241,114,118,232,MIXED,49.137931034482754,50.86206896551724
2025,H0124,R. Lee Ware,R,Education,Derived from LIS bill description,138,66,70,136,MIXED,48.529411764705884,51.470588235294116
2025,H0383,Eric R. Zehr,R,Education,Derived from LIS bill description,241,113,124,237,MIXED,47.67932489451477,52.320675105485236
2025,H0342,Phillip A. Scott,R,Education,Derived from LIS bill description,250,116,132,248,MIXED,46.774193548387096,53.2258064516129
2025,H0181,C. Todd Gilbert,R,Education,Derived from LIS bill description,137,62,72,134,MIXED,46.26865671641791,53.73134328358209
2025,H0377,Delores Oates,R,Education,Derived from LIS bill description,133,61,71,132,MIXED,46.21212121212121,53.78787878787878
2025,H0279,Nicholas J. Freitas,R,Education,Derived from LIS bill description,233,102,123,225,MIXED,45.33333333333333,54.666666666666664
2025,H0136,"Thomas C. Wright, Jr.",R,Education,Derived from LIS bill description,133,53,64,117,MIXED,45.2991452991453,54.700854700854705
2025,H0308,Joseph P. McNamara,R,Education,Derived from LIS bill description,132,58,71,129,MIXED,44.96124031007752,55.03875968992248
2025,H0348,Wren M. Williams,R,Education,Derived from LIS bill description,133,58,74,132,MIXED,43.93939393939394,56.060606060606055
2025,H0364,Timothy P. Griffin,R,Education,Derived from LIS bill description,132,51,81,132,MIXED,38.63636363636363,61.36363636363637
2025,H0266,Sam Rasoul,D,Education,Derived from LIS bill description,357,274,12,286,YES,95.8041958041958,4.195804195804196
2025,H0323,Shelly A. Simonds,D,Education,Derived from LIS bill description,312,292,13,305,YES,95.73770491803279,4.2622950819672125
2025,H0311,Alex Q. Askew,D,Education,Derived from LIS bill description,347,330,15,345,YES,95.65217391304348,4.3478260869565215
2025,H0356,Rae Cousins,D,Education,Derived from LIS bill description,315,301,14,315,YES,95.55555555555556,4.444444444444445
2025,H0207,Delores L. McQuinn,D,Education,Derived from LIS bill description,272,221,12,233,YES,94.84978540772532,5.150214592274678
2025,H0380,Atoosa R. Reaser,D,Education,Derived from LIS bill description,312,294,17,311,YES,94.53376205787781,5.466237942122187
2025,H0372,Destiny LeVere Bolling,D,Education,Derived from LIS bill description,322,269,17,286,YES,94.05594405594405,5.944055944055944
2025,H0343,Briana D. Sewell,D,Education,Derived from LIS bill description,276,256,17,273,YES,93.77289377289377,6.227106227106227
2025,H0295,Kelly K. Convirs-Fowler,D,Education,Derived from LIS bill description,233,210,14,224,YES,93.75,6.25
2025,H0327,Rodney T. Willett,D,Education,Derived from LIS bill description,160,149,11,160,YES,93.125,6.875000000000001
2025,H0336,Nadarius E. Clark,D,Education,Derived from LIS bill description,242,217,17,234,YES,92.73504273504274,7.264957264957266
2025,H0172,Mark D. Sickles,D,Education,Derived from LIS bill description,167,149,12,161,YES,92.54658385093167,7.453416149068323
2025,H0285,"C.E. Cliff Hayes, Jr.",D,Education,Derived from LIS bill description,163,146,12,158,YES,92.40506329113924,7.59493670886076
2025,H0212,Betsy B. Carr,D,Education,Derived from LIS bill description,156,144,12,156,YES,92.3076923076923,7.6923076923076925
2025,H0227,Luke E. Torian,D,Education,Derived from LIS bill description,172,142,12,154,YES,92.20779220779221,7.792207792207792
2025,H0368,Michael J. Jones,D,Education,Derived from LIS bill description,132,106,9,115,YES,92.17391304347827,7.82608695652174
2025,H0301,David A. Reid,D,Education,Derived from LIS bill description,149,137,12,149,YES,91.94630872483222,8.053691275167784
2025,H0371,Amy J. Laufer,D,Education,Derived from LIS bill description,247,225,20,245,YES,91.83673469387756,8.16326530612245
2025,H0208,Charniele L. Herring,D,Education,Derived from LIS bill description,148,135,12,147,YES,91.83673469387756,8.16326530612245
2025,H0173,Jeion A. Ward,D,Education,Derived from LIS bill description,137,123,11,134,YES,91.7910447761194,8.208955223880597
2025,H0294,Karrie K. Delaney,D,Education,Derived from LIS bill description,136,123,11,134,YES,91.7910447761194,8.208955223880597
2025,H0177,David L. Bulova,D,Education,Derived from LIS bill description,168,154,14,168,YES,91.66666666666666,8.333333333333332
2025,H0281,Paul E. Krizek,D,Education,Derived from LIS bill description,151,138,13,151,YES,91.3907284768212,8.609271523178808
2025,H0269,"Richard C. ""Rip"" Sullivan, Jr.",D,Education,Derived from LIS bill description,144,127,12,139,YES,91.36690647482014,8.633093525179856
2025,H0322,Don Scott,D,Education,Derived from LIS bill description,137,124,12,136,YES,91.17647058823529,8.823529411764707
2025,H0239,Alfonso H. Lopez,D,Education,Derived from LIS bill description,133,120,12,132,YES,90.9090909090909,9.090909090909092
2025,H0108,Vivian E. Watts,D,Education,Derived from LIS bill description,143,130,13,143,YES,90.9090909090909,9.090909090909092
2025,H0360,Michael B. Feggans,D,Education,Derived from LIS bill description,132,119,12,131,YES,90.83969465648855,9.16030534351145
2025,H0219,Patrick A. Hope,D,Education,Derived from LIS bill description,142,128,13,141,YES,90.78014184397163,9.219858156028367
2025,H0330,Candi Mundon King,D,Education,Derived from LIS bill description,133,118,12,130,YES,90.76923076923077,9.230769230769232
2025,H0374,Marty Martinez,D,Education,Derived from LIS bill description,132,117,12,129,YES,90.69767441860465,9.30232558139535
2025,H0355,Laura Jane Cohen,D,Education,Derived from LIS bill description,245,222,23,245,YES,90.61224489795919,9.387755102040817
2025,H0351,Holly M. Seibold,D,Education,Derived from LIS bill description,135,122,13,135,YES,90.37037037037037,9.62962962962963
2025,H0382,Joshua E. Thomas,D,Education,Derived from LIS bill description,136,122,13,135,YES,90.37037037037037,9.62962962962963
2025,H0284,"Marcia S. ""Cia"" Price",D,Education,Derived from LIS bill description,146,131,14,145,YES,90.3448275862069,9.655172413793103
2025,H0361,Debra D. Gardner,D,Education,Derived from LIS bill description,142,121,13,134,YES,90.29850746268657,9.701492537313433
2025,H0314,Joshua G. Cole,D,Education,Derived from LIS bill description,147,129,14,143,YES,90.20979020979021,9.79020979020979
2025,H0385,JJ Singh,D,Education,Derived from LIS bill description,143,128,14,142,YES,90.14084507042254,9.859154929577464
2025,H0365,"Rozia A. Henson, Jr.",D,Education,Derived from LIS bill description,142,128,14,142,YES,90.14084507042254,9.859154929577464
2025,H0344,Irene Shin,D,Education,Derived from LIS bill description,141,127,14,141,YES,90.0709219858156,9.929078014184398
2025,H0264,Marcus B. Simon,D,Education,Derived from LIS bill description,141,126,14,140,YES,90.0,10.0
2025,H0354,Katrina Callsen,D,Education,Derived from LIS bill description,139,125,14,139,YES,89.92805755395683,10.071942446043165
2025,H0375,Adele Y. McClure,D,Education,Derived from LIS bill description,135,121,14,135,YES,89.62962962962962,10.37037037037037
2025,H0349,Jackie H. Glass,D,Education,Derived from LIS bill description,134,120,14,134,YES,89.55223880597015,10.44776119402985
2025,H0340,Michelle Lopes Maldonado,D,Education,Derived from LIS bill description,134,119,14,133,YES,89.47368421052632,10.526315789473683
2025,H0370,Karen Keys-Gamarra,D,Education,Derived from LIS bill description,134,118,14,132,YES,89.39393939393939,10.606060606060606
2025,H0305,Kathy K.L. Tran,D,Education,Derived from LIS bill description,148,132,16,148,YES,89.1891891891892,10.81081081081081
2025,H0353,Bonita G. Anthony,D,Education,Derived from LIS bill description,137,122,15,137,YES,89.05109489051095,10.948905109489052
2025,H0366,Phil M. Hernandez,D,Education,Derived from LIS bill description,134,119,15,134,YES,88.80597014925374,11.194029850746269
2025,H0334,Elizabeth B. Bennett-Parker,D,Education,Derived from LIS bill description,139,123,16,139,YES,88.48920863309353,11.510791366906476
2025,H0317,Dan I. Helmer,D,Education,Derived from LIS bill description,138,122,16,138,YES,88.40579710144928,11.594202898550725
2025,H0346,Kim A. Taylor,R,Education,Derived from LIS bill description,140,89,35,124,YES,71.7741935483871,28.225806451612907
2025,H0315,Carrie E. Coyner,R,Education,Derived from LIS bill description,348,224,89,313,YES,71.56549520766772,28.434504792332266
2025,H0359,N. Baxter Ennis,R,Education,Derived from LIS bill description,242,165,73,238,YES,69.32773109243698,30.672268907563026
2025,H0363,W. Chad Green,R,Education,Derived from LIS bill description,311,203,108,311,YES,65.27331189710611,34.726688102893895
2025,H0375,Adele Y. McClure,D,Elections,Official LIS subject,3,3,0,3,INSUFFICIENT DATA,100.0,0.0
2025,H0311,Alex Q. Askew,D,Elections,Official LIS subject,3,3,0,3,INSUFFICIENT DATA,100.0,0.0
2025,H0239,Alfonso H. Lopez,D,Elections,Official LIS subject,3,3,0,3,INSUFFICIENT DATA,100.0,0.0
2025,H0371,Amy J. Laufer,D,Elections,Official LIS subject,3,3,0,3,INSUFFICIENT DATA,100.0,0.0
2025,H0380,Atoosa R. Reaser,D,Elections,Official LIS subject,3,3,0,3,INSUFFICIENT DATA,100.0,0.0
2025,H0212,Betsy B. Carr,D,Elections,Official LIS subject,3,3,0,3,INSUFFICIENT DATA,100.0,0.0
2025,H0353,Bonita G. Anthony,D,Elections,Official LIS subject,4,4,0,4,INSUFFICIENT DATA,100.0,0.0
2025,H0343,Briana D. Sewell,D,Elections,Official LIS subject,3,3,0,3,INSUFFICIENT DATA,100.0,0.0
2025,H0285,"C.E. Cliff Hayes, Jr.",D,Elections,Official LIS subject,3,3,0,3,INSUFFICIENT DATA,100.0,0.0
2025,H0330,Candi Mundon King,D,Elections,Official LIS subject,3,3,0,3,INSUFFICIENT DATA,100.0,0.0
2025,H0208,Charniele L. Herring,D,Elections,Official LIS subject,3,3,0,3,INSUFFICIENT DATA,100.0,0.0
2025,H0317,Dan I. Helmer,D,Elections,Official LIS subject,3,3,0,3,INSUFFICIENT DATA,100.0,0.0
2025,H0301,David A. Reid,D,Elections,Official LIS subject,4,4,0,4,INSUFFICIENT DATA,100.0,0.0
2025,H0177,David L. Bulova,D,Elections,Official LIS subject,3,3,0,3,INSUFFICIENT DATA,100.0,0.0
2025,H0361,Debra D. Gardner,D,Elections,Official LIS subject,3,3,0,3,INSUFFICIENT DATA,100.0,0.0
2025,H0207,Delores L. McQuinn,D,Elections,Official LIS subject,3,3,0,3,INSUFFICIENT DATA,100.0,0.0
2025,H0372,Destiny LeVere Bolling,D,Elections,Official LIS subject,4,4,0,4,INSUFFICIENT DATA,100.0,0.0
2025,H0322,Don Scott,D,Elections,Official LIS subject,3,3,0,3,INSUFFICIENT DATA,100.0,0.0
2025,H0334,Elizabeth B. Bennett-Parker,D,Elections,Official LIS subject,3,3,0,3,INSUFFICIENT DATA,100.0,0.0
2025,H0351,Holly M. Seibold,D,Elections,Official LIS subject,3,3,0,3,INSUFFICIENT DATA,100.0,0.0
2025,H0344,Irene Shin,D,Elections,Official LIS subject,3,3,0,3,INSUFFICIENT DATA,100.0,0.0
2025,H0385,JJ Singh,D,Elections,Official LIS subject,3,3,0,3,INSUFFICIENT DATA,100.0,0.0
2025,H0349,Jackie H. Glass,D,Elections,Official LIS subject,4,4,0,4,INSUFFICIENT DATA,100.0,0.0
2025,H0173,Jeion A. Ward,D,Elections,Official LIS subject,3,3,0,3,INSUFFICIENT DATA,100.0,0.0
2025,H0382,Joshua E. Thomas,D,Elections,Official LIS subject,3,3,0,3,INSUFFICIENT DATA,100.0,0.0
2025,H0314,Joshua G. Cole,D,Elections,Official LIS subject,4,4,0,4,INSUFFICIENT DATA,100.0,0.0
2025,H0381,Kannan Srinivasan,D,Elections,Official LIS subject,1,1,0,1,INSUFFICIENT DATA,100.0,0.0
2025,H0370,Karen Keys-Gamarra,D,Elections,Official LIS subject,3,3,0,3,INSUFFICIENT DATA,100.0,0.0
2025,H0294,Karrie K. Delaney,D,Elections,Official LIS subject,3,3,0,3,INSUFFICIENT DATA,100.0,0.0
2025,H0305,Kathy K.L. Tran,D,Elections,Official LIS subject,3,3,0,3,INSUFFICIENT DATA,100.0,0.0
2025,H0354,Katrina Callsen,D,Elections,Official LIS subject,3,3,0,3,INSUFFICIENT DATA,100.0,0.0
2025,H0295,Kelly K. Convirs-Fowler,D,Elections,Official LIS subject,4,4,0,4,INSUFFICIENT DATA,100.0,0.0
2025,H0355,Laura Jane Cohen,D,Elections,Official LIS subject,3,3,0,3,INSUFFICIENT DATA,100.0,0.0
2025,H0227,Luke E. Torian,D,Elections,Official LIS subject,3,3,0,3,INSUFFICIENT DATA,100.0,0.0
2025,H0284,"Marcia S. ""Cia"" Price",D,Elections,Official LIS subject,4,4,0,4,INSUFFICIENT DATA,100.0,0.0
2025,H0264,Marcus B. Simon,D,Elections,Official LIS subject,3,3,0,3,INSUFFICIENT DATA,100.0,0.0
2025,H0172,Mark D. Sickles,D,Elections,Official LIS subject,4,4,0,4,INSUFFICIENT DATA,100.0,0.0
2025,H0374,Marty Martinez,D,Elections,Official LIS subject,3,3,0,3,INSUFFICIENT DATA,100.0,0.0
2025,H0360,Michael B. Feggans,D,Elections,Official LIS subject,3,3,0,3,INSUFFICIENT DATA,100.0,0.0
2025,H0368,Michael J. Jones,D,Elections,Official LIS subject,3,3,0,3,INSUFFICIENT DATA,100.0,0.0
2025,H0340,Michelle Lopes Maldonado,D,Elections,Official LIS subject,4,4,0,4,INSUFFICIENT DATA,100.0,0.0
2025,H0336,Nadarius E. Clark,D,Elections,Official LIS subject,3,3,0,3,INSUFFICIENT DATA,100.0,0.0
2025,H0219,Patrick A. Hope,D,Elections,Official LIS subject,3,3,0,3,INSUFFICIENT DATA,100.0,0.0
2025,H0281,Paul E. Krizek,D,Elections,Official LIS subject,4,4,0,4,INSUFFICIENT DATA,100.0,0.0
2025,H0366,Phil M. Hernandez,D,Elections,Official LIS subject,3,3,0,3,INSUFFICIENT DATA,100.0,0.0
2025,H0356,Rae Cousins,D,Elections,Official LIS subject,3,3,0,3,INSUFFICIENT DATA,100.0,0.0
2025,H0269,"Richard C. ""Rip"" Sullivan, Jr.",D,Elections,Official LIS subject,3,3,0,3,INSUFFICIENT DATA,100.0,0.0
2025,H0327,Rodney T. Willett,D,Elections,Official LIS subject,3,3,0,3,INSUFFICIENT DATA,100.0,0.0
2025,H0365,"Rozia A. Henson, Jr.",D,Elections,Official LIS subject,4,4,0,4,INSUFFICIENT DATA,100.0,0.0
2025,H0266,Sam Rasoul,D,Elections,Official LIS subject,3,3,0,3,INSUFFICIENT DATA,100.0,0.0
2025,H0323,Shelly A. Simonds,D,Elections,Official LIS subject,3,3,0,3,INSUFFICIENT DATA,100.0,0.0
2025,H0108,Vivian E. Watts,D,Elections,Official LIS subject,3,3,0,3,INSUFFICIENT DATA,100.0,0.0
2025,H0337,A.C. Cordoza,R,Elections,Official LIS subject,3,1,2,3,INSUFFICIENT DATA,33.33333333333333,66.66666666666666
2025,H0315,Carrie E. Coyner,R,Elections,Official LIS subject,3,1,2,3,INSUFFICIENT DATA,33.33333333333333,66.66666666666666
2025,H0346,Kim A. Taylor,R,Elections,Official LIS subject,3,1,2,3,INSUFFICIENT DATA,33.33333333333333,66.66666666666666
2025,H0359,N. Baxter Ennis,R,Elections,Official LIS subject,3,1,2,3,INSUFFICIENT DATA,33.33333333333333,66.66666666666666
2025,H0335,Mike A. Cherry,R,Elections,Official LIS subject,4,1,3,4,INSUFFICIENT DATA,25.0,75.0
2025,H0313,Amanda E. Batten,R,Elections,Official LIS subject,3,0,3,3,INSUFFICIENT DATA,0.0,100.0
2025,H0345,Anne Ferrell Tata,R,Elections,Official LIS subject,3,0,3,3,INSUFFICIENT DATA,0.0,100.0
2025,H0206,Barry D. Knight,R,Elections,Official LIS subject,3,0,3,3,INSUFFICIENT DATA,0.0,100.0
2025,H0329,Bill Wiley,R,Elections,Official LIS subject,3,0,3,3,INSUFFICIENT DATA,0.0,100.0
2025,H0181,C. Todd Gilbert,R,Elections,Official LIS subject,4,0,4,4,INSUFFICIENT DATA,0.0,100.0
2025,H0378,Chris Obenshain,R,Elections,Official LIS subject,3,0,3,3,INSUFFICIENT DATA,0.0,100.0
2025,H0321,Chris S. Runion,R,Elections,Official LIS subject,3,0,3,3,INSUFFICIENT DATA,0.0,100.0
2025,H0150,"Daniel W. Marshall, III",R,Elections,Official LIS subject,3,0,0,0,INSUFFICIENT DATA,0.0,0.0
2025,H0379,David Owen,R,Elections,Official LIS subject,3,0,3,3,INSUFFICIENT DATA,0.0,100.0
2025,H0377,Delores Oates,R,Elections,Official LIS subject,3,0,3,3,INSUFFICIENT DATA,0.0,100.0
2025,H0350,Ellen H. Campbell,R,Elections,Official LIS subject,3,0,3,3,INSUFFICIENT DATA,0.0,100.0
2025,H0384,Eric Phillips,R,Elections,Official LIS subject,4,0,3,3,INSUFFICIENT DATA,0.0,100.0
2025,H0383,Eric R. Zehr,R,Elections,Official LIS subject,3,0,3,3,INSUFFICIENT DATA,0.0,100.0
2025,H0367,Geary Higgins,R,Elections,Official LIS subject,3,0,3,3,INSUFFICIENT DATA,0.0,100.0
2025,H0347,"H. Otto Wachsmann, Jr.",R,Elections,Official LIS subject,4,0,4,4,INSUFFICIENT DATA,0.0,100.0
2025,H0369,Hillary Pugh Kent,R,Elections,Official LIS subject,3,0,3,3,INSUFFICIENT DATA,0.0,100.0
2025,H0259,"Hyland F. ""Buddy"" Fowler, Jr.",R,Elections,Official LIS subject,3,0,3,3,INSUFFICIENT DATA,0.0,100.0
2025,H0373,Ian T. Lovejoy,R,Elections,Official LIS subject,3,0,3,3,INSUFFICIENT DATA,0.0,100.0
2025,H0242,Israel D. O'Quinn,R,Elections,Official LIS subject,4,0,4,4,INSUFFICIENT DATA,0.0,100.0
2025,H0262,"James A. ""Jay"" Leftwich",R,Elections,Official LIS subject,4,0,4,4,INSUFFICIENT DATA,0.0,100.0
2025,H0224,James W. Morefield,R,Elections,Official LIS subject,3,0,3,3,INSUFFICIENT DATA,0.0,100.0
2025,H0333,Jason S. Ballard,R,Elections,Official LIS subject,3,0,3,3,INSUFFICIENT DATA,0.0,100.0
2025,H0352,"Jonathan ""Jed"" Arnold",R,Elections,Official LIS subject,3,0,3,3,INSUFFICIENT DATA,0.0,100.0
2025,H0308,Joseph P. McNamara,R,Elections,Official LIS subject,3,0,3,3,INSUFFICIENT DATA,0.0,100.0
2025,H0238,M. Keith Hodges,R,Elections,Official LIS subject,3,0,3,3,INSUFFICIENT DATA,0.0,100.0
2025,H0358,"Mark L. Earley, Jr.",R,Elections,Official LIS subject,3,0,3,3,INSUFFICIENT DATA,0.0,100.0
2025,H0247,Michael J. Webert,R,Elections,Official LIS subject,3,0,3,3,INSUFFICIENT DATA,0.0,100.0
2025,H0279,Nicholas J. Freitas,R,Elections,Official LIS subject,3,0,3,3,INSUFFICIENT DATA,0.0,100.0
2025,H0376,Paul V. Milde,R,Elections,Official LIS subject,4,0,4,4,INSUFFICIENT DATA,0.0,100.0
2025,H0342,Phillip A. Scott,R,Elections,Official LIS subject,4,0,4,4,INSUFFICIENT DATA,0.0,100.0
2025,H0124,R. Lee Ware,R,Elections,Official LIS subject,3,0,3,3,INSUFFICIENT DATA,0.0,100.0
2025,H0073,"Robert D. Orrock, Sr.",R,Elections,Official LIS subject,3,0,3,3,INSUFFICIENT DATA,0.0,100.0
2025,H0267,"Robert S. Bloxom, Jr.",R,Elections,Official LIS subject,4,0,4,4,INSUFFICIENT DATA,0.0,100.0
2025,H0328,Scott A. Wyatt,R,Elections,Official LIS subject,3,0,3,3,INSUFFICIENT DATA,0.0,100.0
2025,H0056,Terry G. Kilgore,R,Elections,Official LIS subject,3,0,3,3,INSUFFICIENT DATA,0.0,100.0
2025,H0253,Terry L. Austin,R,Elections,Official LIS subject,3,0,3,3,INSUFFICIENT DATA,0.0,100.0
2025,H0362,"Thomas A. Garrett, Jr.",R,Elections,Official LIS subject,3,0,3,3,INSUFFICIENT DATA,0.0,100.0
2025,H0136,"Thomas C. Wright, Jr.",R,Elections,Official LIS subject,3,0,3,3,INSUFFICIENT DATA,0.0,100.0
2025,H0364,Timothy P. Griffin,R,Elections,Official LIS subject,3,0,3,3,INSUFFICIENT DATA,0.0,100.0
2025,H0231,Tony O. Wilt,R,Elections,Official LIS subject,3,0,3,3,INSUFFICIENT DATA,0.0,100.0
2025,H0363,W. Chad Green,R,Elections,Official LIS subject,4,0,4,4,INSUFFICIENT DATA,0.0,100.0
2025,H0325,Wendell S. Walker,R,Elections,Official LIS subject,3,0,3,3,INSUFFICIENT DATA,0.0,100.0
2025,H0357,Will Davis,R,Elections,Official LIS subject,3,0,3,3,INSUFFICIENT DATA,0.0,100.0
2025,H0348,Wren M. Williams,R,Elections,Official LIS subject,3,0,3,3,INSUFFICIENT DATA,0.0,100.0
2025,H0150,"Daniel W. Marshall, III",R,Elections and Voting,Derived from LIS bill description,51,3,1,4,INSUFFICIENT DATA,75.0,25.0
2025,H0267,"Robert S. Bloxom, Jr.",R,Elections and Voting,Derived from LIS bill description,123,76,46,122,MIXED,62.295081967213115,37.704918032786885
2025,H0315,Carrie E. Coyner,R,Elections and Voting,Derived from LIS bill description,55,29,20,49,MIXED,59.183673469387756,40.816326530612244
2025,H0363,W. Chad Green,R,Elections and Voting,Derived from LIS bill description,118,62,56,118,MIXED,52.54237288135594,47.45762711864407
2025,H0359,N. Baxter Ennis,R,Elections and Voting,Derived from LIS bill description,48,25,23,48,MIXED,52.083333333333336,47.91666666666667
2025,H0350,Ellen H. Campbell,R,Elections and Voting,Derived from LIS bill description,57,28,28,56,MIXED,50.0,50.0
2025,H0373,Ian T. Lovejoy,R,Elections and Voting,Derived from LIS bill description,57,28,28,56,MIXED,50.0,50.0
2025,H0384,Eric Phillips,R,Elections and Voting,Derived from LIS bill description,82,39,40,79,MIXED,49.36708860759494,50.63291139240506
2025,H0347,"H. Otto Wachsmann, Jr.",R,Elections and Voting,Derived from LIS bill description,118,58,60,118,MIXED,49.152542372881356,50.847457627118644
2025,H0376,Paul V. Milde,R,Elections and Voting,Derived from LIS bill description,81,39,41,80,MIXED,48.75,51.24999999999999
2025,H0367,Geary Higgins,R,Elections and Voting,Derived from LIS bill description,53,25,28,53,MIXED,47.16981132075472,52.83018867924528
2025,H0253,Terry L. Austin,R,Elections and Voting,Derived from LIS bill description,56,26,30,56,MIXED,46.42857142857143,53.57142857142857
2025,H0346,Kim A. Taylor,R,Elections and Voting,Derived from LIS bill description,48,19,22,41,MIXED,46.34146341463415,53.65853658536586
2025,H0379,David Owen,R,Elections and Voting,Derived from LIS bill description,48,22,26,48,MIXED,45.83333333333333,54.166666666666664
2025,H0345,Anne Ferrell Tata,R,Elections and Voting,Derived from LIS bill description,59,27,32,59,MIXED,45.76271186440678,54.23728813559322
2025,H0262,"James A. ""Jay"" Leftwich",R,Elections and Voting,Derived from LIS bill description,81,36,44,80,MIXED,45.0,55.00000000000001
2025,H0224,James W. Morefield,R,Elections and Voting,Derived from LIS bill description,58,26,32,58,MIXED,44.827586206896555,55.172413793103445
2025,H0238,M. Keith Hodges,R,Elections and Voting,Derived from LIS bill description,57,25,31,56,MIXED,44.642857142857146,55.35714285714286
2025,H0073,"Robert D. Orrock, Sr.",R,Elections and Voting,Derived from LIS bill description,47,20,25,45,MIXED,44.44444444444444,55.55555555555556
2025,H0242,Israel D. O'Quinn,R,Elections and Voting,Derived from LIS bill description,85,35,47,82,MIXED,42.68292682926829,57.3170731707317
2025,H0378,Chris Obenshain,R,Elections and Voting,Derived from LIS bill description,49,20,29,49,MIXED,40.816326530612244,59.183673469387756
2025,H0335,Mike A. Cherry,R,Elections and Voting,Derived from LIS bill description,79,32,47,79,MIXED,40.50632911392405,59.49367088607595
2025,H0328,Scott A. Wyatt,R,Elections and Voting,Derived from LIS bill description,62,24,37,61,MIXED,39.34426229508197,60.65573770491803
2025,H0329,Bill Wiley,R,Elections and Voting,Derived from LIS bill description,51,20,31,51,MIXED,39.21568627450981,60.78431372549019
2025,H0056,Terry G. Kilgore,R,Elections and Voting,Derived from LIS bill description,53,20,31,51,MIXED,39.21568627450981,60.78431372549019
2025,H0337,A.C. Cordoza,R,Elections and Voting,Derived from LIS bill description,49,19,30,49,MIXED,38.775510204081634,61.224489795918366
2025,H0369,Hillary Pugh Kent,R,Elections and Voting,Derived from LIS bill description,47,18,29,47,MIXED,38.297872340425535,61.702127659574465
2025,H0308,Joseph P. McNamara,R,Elections and Voting,Derived from LIS bill description,57,21,34,55,MIXED,38.18181818181819,61.81818181818181
2025,H0333,Jason S. Ballard,R,Elections and Voting,Derived from LIS bill description,49,18,31,49,MIXED,36.734693877551024,63.26530612244898
2025,H0181,C. Todd Gilbert,R,Elections and Voting,Derived from LIS bill description,83,25,44,69,MIXED,36.231884057971016,63.76811594202898
2025,H0352,"Jonathan ""Jed"" Arnold",R,Elections and Voting,Derived from LIS bill description,48,17,30,47,MIXED,36.17021276595745,63.829787234042556
2025,H0357,Will Davis,R,Elections and Voting,Derived from LIS bill description,48,17,31,48,MIXED,35.41666666666667,64.58333333333334
2025,H0358,"Mark L. Earley, Jr.",R,Elections and Voting,Derived from LIS bill description,48,16,32,48,NO,33.33333333333333,66.66666666666666
2025,H0348,Wren M. Williams,R,Elections and Voting,Derived from LIS bill description,48,16,32,48,NO,33.33333333333333,66.66666666666666
2025,H0321,Chris S. Runion,R,Elections and Voting,Derived from LIS bill description,47,15,32,47,NO,31.914893617021278,68.08510638297872
2025,H0259,"Hyland F. ""Buddy"" Fowler, Jr.",R,Elections and Voting,Derived from LIS bill description,47,15,32,47,NO,31.914893617021278,68.08510638297872
2025,H0325,Wendell S. Walker,R,Elections and Voting,Derived from LIS bill description,47,15,32,47,NO,31.914893617021278,68.08510638297872
2025,H0377,Delores Oates,R,Elections and Voting,Derived from LIS bill description,54,17,37,54,NO,31.48148148148148,68.51851851851852
2025,H0231,Tony O. Wilt,R,Elections and Voting,Derived from LIS bill description,49,15,34,49,NO,30.612244897959183,69.38775510204081
2025,H0342,Phillip A. Scott,R,Elections and Voting,Derived from LIS bill description,79,22,52,74,NO,29.72972972972973,70.27027027027027
2025,H0247,Michael J. Webert,R,Elections and Voting,Derived from LIS bill description,52,15,37,52,NO,28.846153846153843,71.15384615384616
2025,H0383,Eric R. Zehr,R,Elections and Voting,Derived from LIS bill description,47,13,34,47,NO,27.659574468085108,72.3404255319149
2025,H0124,R. Lee Ware,R,Elections and Voting,Derived from LIS bill description,47,13,34,47,NO,27.659574468085108,72.3404255319149
2025,H0313,Amanda E. Batten,R,Elections and Voting,Derived from LIS bill description,50,12,38,50,NO,24.0,76.0
2025,H0362,"Thomas A. Garrett, Jr.",R,Elections and Voting,Derived from LIS bill description,47,10,32,42,NO,23.809523809523807,76.19047619047619
2025,H0136,"Thomas C. Wright, Jr.",R,Elections and Voting,Derived from LIS bill description,47,10,32,42,NO,23.809523809523807,76.19047619047619
2025,H0364,Timothy P. Griffin,R,Elections and Voting,Derived from LIS bill description,47,11,36,47,NO,23.404255319148938,76.59574468085107
2025,H0279,Nicholas J. Freitas,R,Elections and Voting,Derived from LIS bill description,47,9,36,45,NO,20.0,80.0
2025,H0301,David A. Reid,D,Elections and Voting,Derived from LIS bill description,84,79,5,84,YES,94.04761904761905,5.952380952380952
2025,H0353,Bonita G. Anthony,D,Elections and Voting,Derived from LIS bill description,81,75,5,80,YES,93.75,6.25
2025,H0372,Destiny LeVere Bolling,D,Elections and Voting,Derived from LIS bill description,77,72,5,77,YES,93.5064935064935,6.493506493506493
2025,H0172,Mark D. Sickles,D,Elections and Voting,Derived from LIS bill description,127,105,8,113,YES,92.92035398230088,7.079646017699115
2025,H0314,Joshua G. Cole,D,Elections and Voting,Derived from LIS bill description,79,71,6,77,YES,92.20779220779221,7.792207792207792
2025,H0285,"C.E. Cliff Hayes, Jr.",D,Elections and Voting,Derived from LIS bill description,56,47,4,51,YES,92.15686274509804,7.8431372549019605
2025,H0281,Paul E. Krizek,D,Elections and Voting,Derived from LIS bill description,86,79,7,86,YES,91.86046511627907,8.13953488372093
2025,H0207,Delores L. McQuinn,D,Elections and Voting,Derived from LIS bill description,53,45,4,49,YES,91.83673469387756,8.16326530612245
2025,H0368,Michael J. Jones,D,Elections and Voting,Derived from LIS bill description,53,44,4,48,YES,91.66666666666666,8.333333333333332
2025,H0340,Michelle Lopes Maldonado,D,Elections and Voting,Derived from LIS bill description,119,109,10,119,YES,91.59663865546219,8.403361344537815
2025,H0343,Briana D. Sewell,D,Elections and Voting,Derived from LIS bill description,59,53,5,58,YES,91.37931034482759,8.620689655172415
2025,H0284,"Marcia S. ""Cia"" Price",D,Elections and Voting,Derived from LIS bill description,120,84,8,92,YES,91.30434782608695,8.695652173913043
2025,H0295,Kelly K. Convirs-Fowler,D,Elections and Voting,Derived from LIS bill description,81,73,7,80,YES,91.25,8.75
2025,H0344,Irene Shin,D,Elections and Voting,Derived from LIS bill description,57,52,5,57,YES,91.22807017543859,8.771929824561402
2025,H0374,Marty Martinez,D,Elections and Voting,Derived from LIS bill description,57,51,5,56,YES,91.07142857142857,8.928571428571429
2025,H0212,Betsy B. Carr,D,Elections and Voting,Derived from LIS bill description,55,50,5,55,YES,90.9090909090909,9.090909090909092
2025,H0227,Luke E. Torian,D,Elections and Voting,Derived from LIS bill description,57,50,5,55,YES,90.9090909090909,9.090909090909092
2025,H0264,Marcus B. Simon,D,Elections and Voting,Derived from LIS bill description,55,50,5,55,YES,90.9090909090909,9.090909090909092
2025,H0269,"Richard C. ""Rip"" Sullivan, Jr.",D,Elections and Voting,Derived from LIS bill description,53,48,5,53,YES,90.56603773584906,9.433962264150944
2025,H0323,Shelly A. Simonds,D,Elections and Voting,Derived from LIS bill description,53,48,5,53,YES,90.56603773584906,9.433962264150944
2025,H0385,JJ Singh,D,Elections and Voting,Derived from LIS bill description,118,105,11,116,YES,90.51724137931035,9.482758620689655
2025,H0349,Jackie H. Glass,D,Elections and Voting,Derived from LIS bill description,118,105,11,116,YES,90.51724137931035,9.482758620689655
2025,H0208,Charniele L. Herring,D,Elections and Voting,Derived from LIS bill description,51,46,5,51,YES,90.19607843137256,9.803921568627452
2025,H0177,David L. Bulova,D,Elections and Voting,Derived from LIS bill description,51,46,5,51,YES,90.19607843137256,9.803921568627452
2025,H0173,Jeion A. Ward,D,Elections and Voting,Derived from LIS bill description,51,46,5,51,YES,90.19607843137256,9.803921568627452
2025,H0327,Rodney T. Willett,D,Elections and Voting,Derived from LIS bill description,51,46,5,51,YES,90.19607843137256,9.803921568627452
2025,H0108,Vivian E. Watts,D,Elections and Voting,Derived from LIS bill description,52,46,5,51,YES,90.19607843137256,9.803921568627452
2025,H0311,Alex Q. Askew,D,Elections and Voting,Derived from LIS bill description,62,55,6,61,YES,90.1639344262295,9.836065573770492
2025,H0351,Holly M. Seibold,D,Elections and Voting,Derived from LIS bill description,49,44,5,49,YES,89.79591836734694,10.204081632653061
2025,H0370,Karen Keys-Gamarra,D,Elections and Voting,Derived from LIS bill description,49,44,5,49,YES,89.79591836734694,10.204081632653061
2025,H0219,Patrick A. Hope,D,Elections and Voting,Derived from LIS bill description,50,44,5,49,YES,89.79591836734694,10.204081632653061
2025,H0375,Adele Y. McClure,D,Elections and Voting,Derived from LIS bill description,48,43,5,48,YES,89.58333333333334,10.416666666666668
2025,H0239,Alfonso H. Lopez,D,Elections and Voting,Derived from LIS bill description,48,43,5,48,YES,89.58333333333334,10.416666666666668
2025,H0294,Karrie K. Delaney,D,Elections and Voting,Derived from LIS bill description,48,43,5,48,YES,89.58333333333334,10.416666666666668
2025,H0361,Debra D. Gardner,D,Elections and Voting,Derived from LIS bill description,57,51,6,57,YES,89.47368421052632,10.526315789473683
2025,H0371,Amy J. Laufer,D,Elections and Voting,Derived from LIS bill description,47,42,5,47,YES,89.36170212765957,10.638297872340425
2025,H0360,Michael B. Feggans,D,Elections and Voting,Derived from LIS bill description,48,42,5,47,YES,89.36170212765957,10.638297872340425
2025,H0317,Dan I. Helmer,D,Elections and Voting,Derived from LIS bill description,56,50,6,56,YES,89.28571428571429,10.714285714285714
2025,H0380,Atoosa R. Reaser,D,Elections and Voting,Derived from LIS bill description,55,49,6,55,YES,89.0909090909091,10.909090909090908
2025,H0330,Candi Mundon King,D,Elections and Voting,Derived from LIS bill description,59,48,6,54,YES,88.88888888888889,11.11111111111111
2025,H0354,Katrina Callsen,D,Elections and Voting,Derived from LIS bill description,54,48,6,54,YES,88.88888888888889,11.11111111111111
2025,H0355,Laura Jane Cohen,D,Elections and Voting,Derived from LIS bill description,53,47,6,53,YES,88.67924528301887,11.320754716981133
2025,H0266,Sam Rasoul,D,Elections and Voting,Derived from LIS bill description,54,47,6,53,YES,88.67924528301887,11.320754716981133
2025,H0322,Don Scott,D,Elections and Voting,Derived from LIS bill description,51,45,6,51,YES,88.23529411764706,11.76470588235294
2025,H0305,Kathy K.L. Tran,D,Elections and Voting,Derived from LIS bill description,51,45,6,51,YES,88.23529411764706,11.76470588235294
2025,H0334,Elizabeth B. Bennett-Parker,D,Elections and Voting,Derived from LIS bill description,57,44,6,50,YES,88.0,12.0
2025,H0382,Joshua E. Thomas,D,Elections and Voting,Derived from LIS bill description,51,44,6,50,YES,88.0,12.0
2025,H0356,Rae Cousins,D,Elections and Voting,Derived from LIS bill description,49,43,6,49,YES,87.75510204081633,12.244897959183673
2025,H0366,Phil M. Hernandez,D,Elections and Voting,Derived from LIS bill description,48,42,6,48,YES,87.5,12.5
2025,H0336,Nadarius E. Clark,D,Elections and Voting,Derived from LIS bill description,48,40,6,46,YES,86.95652173913044,13.043478260869565
2025,H0365,"Rozia A. Henson, Jr.",D,Elections and Voting,Derived from LIS bill description,120,104,16,120,YES,86.66666666666667,13.333333333333334
2025,H0206,Barry D. Knight,R,Elections and Voting,Derived from LIS bill description,53,9,4,13,YES,69.23076923076923,30.76923076923077
2025,H0373,Ian T. Lovejoy,R,Energy and Utilities,Derived from LIS bill description,80,48,31,79,MIXED,60.75949367088608,39.24050632911392
2025,H0247,Michael J. Webert,R,Energy and Utilities,Derived from LIS bill description,152,87,58,145,MIXED,60.0,40.0
2025,H0359,N. Baxter Ennis,R,Energy and Utilities,Derived from LIS bill description,75,42,28,70,MIXED,60.0,40.0
2025,H0315,Carrie E. Coyner,R,Energy and Utilities,Derived from LIS bill description,86,43,29,72,MIXED,59.72222222222222,40.27777777777778
2025,H0267,"Robert S. Bloxom, Jr.",R,Energy and Utilities,Derived from LIS bill description,88,51,36,87,MIXED,58.620689655172406,41.37931034482759
2025,H0056,Terry G. Kilgore,R,Energy and Utilities,Derived from LIS bill description,113,66,47,113,MIXED,58.4070796460177,41.5929203539823
2025,H0367,Geary Higgins,R,Energy and Utilities,Derived from LIS bill description,80,46,34,80,MIXED,57.49999999999999,42.5
2025,H0337,A.C. Cordoza,R,Energy and Utilities,Derived from LIS bill description,75,41,34,75,MIXED,54.666666666666664,45.33333333333333
2025,H0358,"Mark L. Earley, Jr.",R,Energy and Utilities,Derived from LIS bill description,75,41,34,75,MIXED,54.666666666666664,45.33333333333333
2025,H0253,Terry L. Austin,R,Energy and Utilities,Derived from LIS bill description,85,44,41,85,MIXED,51.76470588235295,48.23529411764706
2025,H0073,"Robert D. Orrock, Sr.",R,Energy and Utilities,Derived from LIS bill description,77,37,35,72,MIXED,51.388888888888886,48.61111111111111
2025,H0363,W. Chad Green,R,Energy and Utilities,Derived from LIS bill description,75,37,38,75,MIXED,49.333333333333336,50.66666666666667
2025,H0231,Tony O. Wilt,R,Energy and Utilities,Derived from LIS bill description,111,54,57,111,MIXED,48.64864864864865,51.35135135135135
2025,H0224,James W. Morefield,R,Energy and Utilities,Derived from LIS bill description,94,44,47,91,MIXED,48.35164835164835,51.64835164835166
2025,H0384,Eric Phillips,R,Energy and Utilities,Derived from LIS bill description,75,36,39,75,MIXED,48.0,52.0
2025,H0206,Barry D. Knight,R,Energy and Utilities,Derived from LIS bill description,82,11,12,23,MIXED,47.82608695652174,52.17391304347826
2025,H0379,David Owen,R,Energy and Utilities,Derived from LIS bill description,75,34,41,75,MIXED,45.33333333333333,54.666666666666664
2025,H0124,R. Lee Ware,R,Energy and Utilities,Derived from LIS bill description,77,34,41,75,MIXED,45.33333333333333,54.666666666666664
2025,H0308,Joseph P. McNamara,R,Energy and Utilities,Derived from LIS bill description,118,50,68,118,MIXED,42.3728813559322,57.6271186440678
2025,H0345,Anne Ferrell Tata,R,Energy and Utilities,Derived from LIS bill description,95,40,55,95,MIXED,42.10526315789473,57.89473684210527
2025,H0350,Ellen H. Campbell,R,Energy and Utilities,Derived from LIS bill description,88,37,51,88,MIXED,42.04545454545455,57.95454545454546
2025,H0378,Chris Obenshain,R,Energy and Utilities,Derived from LIS bill description,75,31,44,75,MIXED,41.333333333333336,58.666666666666664
2025,H0242,Israel D. O'Quinn,R,Energy and Utilities,Derived from LIS bill description,152,62,88,150,MIXED,41.333333333333336,58.666666666666664
2025,H0262,"James A. ""Jay"" Leftwich",R,Energy and Utilities,Derived from LIS bill description,77,31,46,77,MIXED,40.25974025974026,59.74025974025974
2025,H0352,"Jonathan ""Jed"" Arnold",R,Energy and Utilities,Derived from LIS bill description,77,28,47,75,MIXED,37.333333333333336,62.66666666666667
2025,H0348,Wren M. Williams,R,Energy and Utilities,Derived from LIS bill description,150,55,94,149,MIXED,36.91275167785235,63.08724832214765
2025,H0329,Bill Wiley,R,Energy and Utilities,Derived from LIS bill description,84,31,53,84,MIXED,36.904761904761905,63.095238095238095
2025,H0259,"Hyland F. ""Buddy"" Fowler, Jr.",R,Energy and Utilities,Derived from LIS bill description,79,28,48,76,MIXED,36.84210526315789,63.1578947368421
2025,H0333,Jason S. Ballard,R,Energy and Utilities,Derived from LIS bill description,111,40,71,111,MIXED,36.03603603603604,63.96396396396396
2025,H0335,Mike A. Cherry,R,Energy and Utilities,Derived from LIS bill description,75,26,47,73,MIXED,35.61643835616438,64.38356164383562
2025,H0346,Kim A. Taylor,R,Energy and Utilities,Derived from LIS bill description,75,26,48,74,MIXED,35.13513513513514,64.86486486486487
2025,H0376,Paul V. Milde,R,Energy and Utilities,Derived from LIS bill description,75,26,48,74,MIXED,35.13513513513514,64.86486486486487
2025,H0238,M. Keith Hodges,R,Energy and Utilities,Derived from LIS bill description,91,30,60,90,NO,33.33333333333333,66.66666666666666
2025,H0369,Hillary Pugh Kent,R,Energy and Utilities,Derived from LIS bill description,77,25,51,76,NO,32.89473684210527,67.10526315789474
2025,H0150,"Daniel W. Marshall, III",R,Energy and Utilities,Derived from LIS bill description,120,14,29,43,NO,32.55813953488372,67.44186046511628
2025,H0357,Will Davis,R,Energy and Utilities,Derived from LIS bill description,77,25,52,77,NO,32.467532467532465,67.53246753246754
2025,H0328,Scott A. Wyatt,R,Energy and Utilities,Derived from LIS bill description,86,27,58,85,NO,31.76470588235294,68.23529411764706
2025,H0347,"H. Otto Wachsmann, Jr.",R,Energy and Utilities,Derived from LIS bill description,75,23,52,75,NO,30.666666666666664,69.33333333333334
2025,H0325,Wendell S. Walker,R,Energy and Utilities,Derived from LIS bill description,77,23,54,77,NO,29.87012987012987,70.12987012987013
2025,H0321,Chris S. Runion,R,Energy and Utilities,Derived from LIS bill description,116,34,81,115,NO,29.565217391304348,70.43478260869566
2025,H0136,"Thomas C. Wright, Jr.",R,Energy and Utilities,Derived from LIS bill description,75,19,49,68,NO,27.941176470588236,72.05882352941177
2025,H0362,"Thomas A. Garrett, Jr.",R,Energy and Utilities,Derived from LIS bill description,77,19,53,72,NO,26.38888888888889,73.61111111111111
2025,H0383,Eric R. Zehr,R,Energy and Utilities,Derived from LIS bill description,75,19,56,75,NO,25.333333333333336,74.66666666666667
2025,H0181,C. Todd Gilbert,R,Energy and Utilities,Derived from LIS bill description,155,35,115,150,NO,23.333333333333332,76.66666666666667
2025,H0313,Amanda E. Batten,R,Energy and Utilities,Derived from LIS bill description,75,17,58,75,NO,22.666666666666664,77.33333333333333
2025,H0364,Timothy P. Griffin,R,Energy and Utilities,Derived from LIS bill description,75,17,58,75,NO,22.666666666666664,77.33333333333333
2025,H0377,Delores Oates,R,Energy and Utilities,Derived from LIS bill description,80,18,62,80,NO,22.5,77.5
2025,H0279,Nicholas J. Freitas,R,Energy and Utilities,Derived from LIS bill description,77,15,59,74,NO,20.27027027027027,79.72972972972973
2025,H0342,Phillip A. Scott,R,Energy and Utilities,Derived from LIS bill description,75,13,60,73,NO,17.80821917808219,82.1917808219178
2025,H0368,Michael J. Jones,D,Energy and Utilities,Derived from LIS bill description,155,135,3,138,YES,97.82608695652173,2.1739130434782608
2025,H0208,Charniele L. Herring,D,Energy and Utilities,Derived from LIS bill description,155,148,7,155,YES,95.48387096774194,4.516129032258064
2025,H0269,"Richard C. ""Rip"" Sullivan, Jr.",D,Energy and Utilities,Derived from LIS bill description,157,149,8,157,YES,94.90445859872611,5.095541401273886
2025,H0317,Dan I. Helmer,D,Energy and Utilities,Derived from LIS bill description,113,107,6,113,YES,94.69026548672566,5.3097345132743365
2025,H0344,Irene Shin,D,Energy and Utilities,Derived from LIS bill description,155,144,9,153,YES,94.11764705882352,5.88235294117647
2025,H0340,Michelle Lopes Maldonado,D,Energy and Utilities,Derived from LIS bill description,111,104,7,111,YES,93.69369369369369,6.306306306306306
2025,H0295,Kelly K. Convirs-Fowler,D,Energy and Utilities,Derived from LIS bill description,111,103,7,110,YES,93.63636363636364,6.363636363636363
2025,H0239,Alfonso H. Lopez,D,Energy and Utilities,Derived from LIS bill description,153,143,10,153,YES,93.4640522875817,6.535947712418301
2025,H0372,Destiny LeVere Bolling,D,Energy and Utilities,Derived from LIS bill description,111,100,7,107,YES,93.45794392523365,6.5420560747663545
2025,H0173,Jeion A. Ward,D,Energy and Utilities,Derived from LIS bill description,155,114,8,122,YES,93.44262295081968,6.557377049180328
2025,H0330,Candi Mundon King,D,Energy and Utilities,Derived from LIS bill description,162,145,11,156,YES,92.94871794871796,7.051282051282051
2025,H0360,Michael B. Feggans,D,Energy and Utilities,Derived from LIS bill description,111,102,8,110,YES,92.72727272727272,7.2727272727272725
2025,H0266,Sam Rasoul,D,Energy and Utilities,Derived from LIS bill description,82,74,6,80,YES,92.5,7.5
2025,H0343,Briana D. Sewell,D,Energy and Utilities,Derived from LIS bill description,92,84,7,91,YES,92.3076923076923,7.6923076923076925
2025,H0354,Katrina Callsen,D,Energy and Utilities,Derived from LIS bill description,87,80,7,87,YES,91.95402298850574,8.045977011494253
2025,H0323,Shelly A. Simonds,D,Energy and Utilities,Derived from LIS bill description,87,80,7,87,YES,91.95402298850574,8.045977011494253
2025,H0219,Patrick A. Hope,D,Energy and Utilities,Derived from LIS bill description,75,68,6,74,YES,91.8918918918919,8.108108108108109
2025,H0172,Mark D. Sickles,D,Energy and Utilities,Derived from LIS bill description,86,79,7,86,YES,91.86046511627907,8.13953488372093
2025,H0311,Alex Q. Askew,D,Energy and Utilities,Derived from LIS bill description,86,78,7,85,YES,91.76470588235294,8.235294117647058
2025,H0380,Atoosa R. Reaser,D,Energy and Utilities,Derived from LIS bill description,85,78,7,85,YES,91.76470588235294,8.235294117647058
2025,H0227,Luke E. Torian,D,Energy and Utilities,Derived from LIS bill description,89,77,7,84,YES,91.66666666666666,8.333333333333332
2025,H0327,Rodney T. Willett,D,Energy and Utilities,Derived from LIS bill description,84,77,7,84,YES,91.66666666666666,8.333333333333332
2025,H0301,David A. Reid,D,Energy and Utilities,Derived from LIS bill description,82,75,7,82,YES,91.46341463414635,8.536585365853659
2025,H0334,Elizabeth B. Bennett-Parker,D,Energy and Utilities,Derived from LIS bill description,84,73,7,80,YES,91.25,8.75
2025,H0374,Marty Martinez,D,Energy and Utilities,Derived from LIS bill description,80,72,7,79,YES,91.13924050632912,8.860759493670885
2025,H0375,Adele Y. McClure,D,Energy and Utilities,Derived from LIS bill description,78,71,7,78,YES,91.02564102564102,8.974358974358974
2025,H0294,Karrie K. Delaney,D,Energy and Utilities,Derived from LIS bill description,78,71,7,78,YES,91.02564102564102,8.974358974358974
2025,H0322,Don Scott,D,Energy and Utilities,Derived from LIS bill description,77,70,7,77,YES,90.9090909090909,9.090909090909092
2025,H0370,Karen Keys-Gamarra,D,Energy and Utilities,Derived from LIS bill description,77,70,7,77,YES,90.9090909090909,9.090909090909092
2025,H0366,Phil M. Hernandez,D,Energy and Utilities,Derived from LIS bill description,77,70,7,77,YES,90.9090909090909,9.090909090909092
2025,H0371,Amy J. Laufer,D,Energy and Utilities,Derived from LIS bill description,77,69,7,76,YES,90.78947368421053,9.210526315789473
2025,H0351,Holly M. Seibold,D,Energy and Utilities,Derived from LIS bill description,77,69,7,76,YES,90.78947368421053,9.210526315789473
2025,H0108,Vivian E. Watts,D,Energy and Utilities,Derived from LIS bill description,79,69,7,76,YES,90.78947368421053,9.210526315789473
2025,H0281,Paul E. Krizek,D,Energy and Utilities,Derived from LIS bill description,86,78,8,86,YES,90.69767441860465,9.30232558139535
2025,H0285,"C.E. Cliff Hayes, Jr.",D,Energy and Utilities,Derived from LIS bill description,84,68,7,75,YES,90.66666666666666,9.333333333333334
2025,H0356,Rae Cousins,D,Energy and Utilities,Derived from LIS bill description,75,68,7,75,YES,90.66666666666666,9.333333333333334
2025,H0385,JJ Singh,D,Energy and Utilities,Derived from LIS bill description,75,67,7,74,YES,90.54054054054053,9.45945945945946
2025,H0355,Laura Jane Cohen,D,Energy and Utilities,Derived from LIS bill description,85,76,8,84,YES,90.47619047619048,9.523809523809524
2025,H0361,Debra D. Gardner,D,Energy and Utilities,Derived from LIS bill description,82,73,8,81,YES,90.12345679012346,9.876543209876543
2025,H0353,Bonita G. Anthony,D,Energy and Utilities,Derived from LIS bill description,77,69,8,77,YES,89.6103896103896,10.38961038961039
2025,H0284,"Marcia S. ""Cia"" Price",D,Energy and Utilities,Derived from LIS bill description,77,69,8,77,YES,89.6103896103896,10.38961038961039
2025,H0349,Jackie H. Glass,D,Energy and Utilities,Derived from LIS bill description,75,66,8,74,YES,89.1891891891892,10.81081081081081
2025,H0365,"Rozia A. Henson, Jr.",D,Energy and Utilities,Derived from LIS bill description,75,66,8,74,YES,89.1891891891892,10.81081081081081
2025,H0336,Nadarius E. Clark,D,Energy and Utilities,Derived from LIS bill description,75,65,8,73,YES,89.04109589041096,10.95890410958904
2025,H0207,Delores L. McQuinn,D,Energy and Utilities,Derived from LIS bill description,82,56,7,63,YES,88.88888888888889,11.11111111111111
2025,H0314,Joshua G. Cole,D,Energy and Utilities,Derived from LIS bill description,78,66,9,75,YES,88.0,12.0
2025,H0212,Betsy B. Carr,D,Energy and Utilities,Derived from LIS bill description,89,78,11,89,YES,87.64044943820225,12.359550561797752
2025,H0264,Marcus B. Simon,D,Energy and Utilities,Derived from LIS bill description,80,69,11,80,YES,86.25,13.750000000000002
2025,H0177,David L. Bulova,D,Energy and Utilities,Derived from LIS bill description,87,74,12,86,YES,86.04651162790698,13.953488372093023
2025,H0305,Kathy K.L. Tran,D,Energy and Utilities,Derived from LIS bill description,79,67,12,79,YES,84.81012658227847,15.18987341772152
2025,H0382,Joshua E. Thomas,D,Energy and Utilities,Derived from LIS bill description,77,63,13,76,YES,82.89473684210526,17.105263157894736
2025,H0206,Barry D. Knight,R,Environment and Conservation,Derived from LIS bill description,26,4,1,5,INSUFFICIENT DATA,80.0,20.0
2025,H0238,M. Keith Hodges,R,Environment and Conservation,Derived from LIS bill description,28,18,10,28,MIXED,64.28571428571429,35.714285714285715
2025,H0315,Carrie E. Coyner,R,Environment and Conservation,Derived from LIS bill description,33,16,9,25,MIXED,64.0,36.0
2025,H0376,Paul V. Milde,R,Environment and Conservation,Derived from LIS bill description,23,14,8,22,MIXED,63.63636363636363,36.36363636363637
2025,H0124,R. Lee Ware,R,Environment and Conservation,Derived from LIS bill description,44,28,16,44,MIXED,63.63636363636363,36.36363636363637
2025,H0325,Wendell S. Walker,R,Environment and Conservation,Derived from LIS bill description,24,15,9,24,MIXED,62.5,37.5
2025,H0231,Tony O. Wilt,R,Environment and Conservation,Derived from LIS bill description,42,26,16,42,MIXED,61.904761904761905,38.095238095238095
2025,H0321,Chris S. Runion,R,Environment and Conservation,Derived from LIS bill description,39,23,16,39,MIXED,58.97435897435898,41.02564102564102
2025,H0367,Geary Higgins,R,Environment and Conservation,Derived from LIS bill description,24,14,10,24,MIXED,58.333333333333336,41.66666666666667
2025,H0247,Michael J. Webert,R,Environment and Conservation,Derived from LIS bill description,44,23,19,42,MIXED,54.761904761904766,45.23809523809524
2025,H0358,"Mark L. Earley, Jr.",R,Environment and Conservation,Derived from LIS bill description,23,12,10,22,MIXED,54.54545454545454,45.45454545454545
2025,H0224,James W. Morefield,R,Environment and Conservation,Derived from LIS bill description,29,13,11,24,MIXED,54.166666666666664,45.83333333333333
2025,H0242,Israel D. O'Quinn,R,Environment and Conservation,Derived from LIS bill description,25,12,11,23,MIXED,52.17391304347826,47.82608695652174
2025,H0357,Will Davis,R,Environment and Conservation,Derived from LIS bill description,23,12,11,23,MIXED,52.17391304347826,47.82608695652174
2025,H0056,Terry G. Kilgore,R,Environment and Conservation,Derived from LIS bill description,25,12,12,24,MIXED,50.0,50.0
2025,H0136,"Thomas C. Wright, Jr.",R,Environment and Conservation,Derived from LIS bill description,37,18,19,37,MIXED,48.64864864864865,51.35135135135135
2025,H0313,Amanda E. Batten,R,Environment and Conservation,Derived from LIS bill description,25,11,14,25,MIXED,44.0,56.00000000000001
2025,H0347,"H. Otto Wachsmann, Jr.",R,Environment and Conservation,Derived from LIS bill description,23,10,13,23,MIXED,43.47826086956522,56.52173913043478
2025,H0335,Mike A. Cherry,R,Environment and Conservation,Derived from LIS bill description,26,11,15,26,MIXED,42.30769230769231,57.692307692307686
2025,H0308,Joseph P. McNamara,R,Environment and Conservation,Derived from LIS bill description,24,9,13,22,MIXED,40.909090909090914,59.09090909090909
2025,H0181,C. Todd Gilbert,R,Environment and Conservation,Derived from LIS bill description,25,10,15,25,MIXED,40.0,60.0
2025,H0352,"Jonathan ""Jed"" Arnold",R,Environment and Conservation,Derived from LIS bill description,25,10,15,25,MIXED,40.0,60.0
2025,H0362,"Thomas A. Garrett, Jr.",R,Environment and Conservation,Derived from LIS bill description,25,10,15,25,MIXED,40.0,60.0
2025,H0364,Timothy P. Griffin,R,Environment and Conservation,Derived from LIS bill description,23,9,14,23,MIXED,39.130434782608695,60.86956521739131
2025,H0377,Delores Oates,R,Environment and Conservation,Derived from LIS bill description,24,9,15,24,MIXED,37.5,62.5
2025,H0383,Eric R. Zehr,R,Environment and Conservation,Derived from LIS bill description,25,9,16,25,MIXED,36.0,64.0
2025,H0348,Wren M. Williams,R,Environment and Conservation,Derived from LIS bill description,23,8,15,23,NO,34.78260869565217,65.21739130434783
2025,H0279,Nicholas J. Freitas,R,Environment and Conservation,Derived from LIS bill description,25,8,16,24,NO,33.33333333333333,66.66666666666666
2025,H0342,Phillip A. Scott,R,Environment and Conservation,Derived from LIS bill description,25,7,17,24,NO,29.166666666666668,70.83333333333334
2025,H0375,Adele Y. McClure,D,Environment and Conservation,Derived from LIS bill description,26,26,0,26,YES,100.0,0.0
2025,H0311,Alex Q. Askew,D,Environment and Conservation,Derived from LIS bill description,29,29,0,29,YES,100.0,0.0
2025,H0239,Alfonso H. Lopez,D,Environment and Conservation,Derived from LIS bill description,45,34,0,34,YES,100.0,0.0
2025,H0380,Atoosa R. Reaser,D,Environment and Conservation,Derived from LIS bill description,28,28,0,28,YES,100.0,0.0
2025,H0353,Bonita G. Anthony,D,Environment and Conservation,Derived from LIS bill description,24,24,0,24,YES,100.0,0.0
2025,H0343,Briana D. Sewell,D,Environment and Conservation,Derived from LIS bill description,29,29,0,29,YES,100.0,0.0
2025,H0285,"C.E. Cliff Hayes, Jr.",D,Environment and Conservation,Derived from LIS bill description,28,27,0,27,YES,100.0,0.0
2025,H0330,Candi Mundon King,D,Environment and Conservation,Derived from LIS bill description,25,24,0,24,YES,100.0,0.0
2025,H0301,David A. Reid,D,Environment and Conservation,Derived from LIS bill description,26,26,0,26,YES,100.0,0.0
2025,H0361,Debra D. Gardner,D,Environment and Conservation,Derived from LIS bill description,24,19,0,19,YES,100.0,0.0
2025,H0207,Delores L. McQuinn,D,Environment and Conservation,Derived from LIS bill description,27,24,0,24,YES,100.0,0.0
2025,H0372,Destiny LeVere Bolling,D,Environment and Conservation,Derived from LIS bill description,26,25,0,25,YES,100.0,0.0
2025,H0322,Don Scott,D,Environment and Conservation,Derived from LIS bill description,25,25,0,25,YES,100.0,0.0
2025,H0334,Elizabeth B. Bennett-Parker,D,Environment and Conservation,Derived from LIS bill description,27,27,0,27,YES,100.0,0.0
2025,H0344,Irene Shin,D,Environment and Conservation,Derived from LIS bill description,24,24,0,24,YES,100.0,0.0
2025,H0173,Jeion A. Ward,D,Environment and Conservation,Derived from LIS bill description,25,25,0,25,YES,100.0,0.0
2025,H0314,Joshua G. Cole,D,Environment and Conservation,Derived from LIS bill description,26,26,0,26,YES,100.0,0.0
2025,H0370,Karen Keys-Gamarra,D,Environment and Conservation,Derived from LIS bill description,23,23,0,23,YES,100.0,0.0
2025,H0294,Karrie K. Delaney,D,Environment and Conservation,Derived from LIS bill description,26,26,0,26,YES,100.0,0.0
2025,H0354,Katrina Callsen,D,Environment and Conservation,Derived from LIS bill description,26,26,0,26,YES,100.0,0.0
2025,H0295,Kelly K. Convirs-Fowler,D,Environment and Conservation,Derived from LIS bill description,25,25,0,25,YES,100.0,0.0
2025,H0355,Laura Jane Cohen,D,Environment and Conservation,Derived from LIS bill description,27,27,0,27,YES,100.0,0.0
2025,H0227,Luke E. Torian,D,Environment and Conservation,Derived from LIS bill description,31,28,0,28,YES,100.0,0.0
2025,H0284,"Marcia S. ""Cia"" Price",D,Environment and Conservation,Derived from LIS bill description,25,25,0,25,YES,100.0,0.0
2025,H0172,Mark D. Sickles,D,Environment and Conservation,Derived from LIS bill description,28,28,0,28,YES,100.0,0.0
2025,H0374,Marty Martinez,D,Environment and Conservation,Derived from LIS bill description,24,24,0,24,YES,100.0,0.0
2025,H0360,Michael B. Feggans,D,Environment and Conservation,Derived from LIS bill description,23,23,0,23,YES,100.0,0.0
2025,H0368,Michael J. Jones,D,Environment and Conservation,Derived from LIS bill description,24,19,0,19,YES,100.0,0.0
2025,H0340,Michelle Lopes Maldonado,D,Environment and Conservation,Derived from LIS bill description,23,23,0,23,YES,100.0,0.0
2025,H0219,Patrick A. Hope,D,Environment and Conservation,Derived from LIS bill description,23,23,0,23,YES,100.0,0.0
2025,H0356,Rae Cousins,D,Environment and Conservation,Derived from LIS bill description,26,26,0,26,YES,100.0,0.0
2025,H0269,"Richard C. ""Rip"" Sullivan, Jr.",D,Environment and Conservation,Derived from LIS bill description,26,25,0,25,YES,100.0,0.0
2025,H0327,Rodney T. Willett,D,Environment and Conservation,Derived from LIS bill description,43,43,0,43,YES,100.0,0.0
2025,H0365,"Rozia A. Henson, Jr.",D,Environment and Conservation,Derived from LIS bill description,23,23,0,23,YES,100.0,0.0
2025,H0266,Sam Rasoul,D,Environment and Conservation,Derived from LIS bill description,28,28,0,28,YES,100.0,0.0
2025,H0323,Shelly A. Simonds,D,Environment and Conservation,Derived from LIS bill description,39,39,0,39,YES,100.0,0.0
2025,H0108,Vivian E. Watts,D,Environment and Conservation,Derived from LIS bill description,26,26,0,26,YES,100.0,0.0
2025,H0208,Charniele L. Herring,D,Environment and Conservation,Derived from LIS bill description,45,44,1,45,YES,97.77777777777777,2.2222222222222223
2025,H0366,Phil M. Hernandez,D,Environment and Conservation,Derived from LIS bill description,45,44,1,45,YES,97.77777777777777,2.2222222222222223
2025,H0371,Amy J. Laufer,D,Environment and Conservation,Derived from LIS bill description,45,43,1,44,YES,97.72727272727273,2.272727272727273
2025,H0349,Jackie H. Glass,D,Environment and Conservation,Derived from LIS bill description,39,38,1,39,YES,97.43589743589743,2.564102564102564
2025,H0317,Dan I. Helmer,D,Environment and Conservation,Derived from LIS bill description,38,37,1,38,YES,97.36842105263158,2.631578947368421
2025,H0351,Holly M. Seibold,D,Environment and Conservation,Derived from LIS bill description,25,24,1,25,YES,96.0,4.0
2025,H0281,Paul E. Krizek,D,Environment and Conservation,Derived from LIS bill description,48,46,2,48,YES,95.83333333333334,4.166666666666666
2025,H0385,JJ Singh,D,Environment and Conservation,Derived from LIS bill description,23,21,1,22,YES,95.45454545454545,4.545454545454546
2025,H0305,Kathy K.L. Tran,D,Environment and Conservation,Derived from LIS bill description,39,37,2,39,YES,94.87179487179486,5.128205128205128
2025,H0336,Nadarius E. Clark,D,Environment and Conservation,Derived from LIS bill description,44,41,3,44,YES,93.18181818181817,6.8181818181818175
2025,H0177,David L. Bulova,D,Environment and Conservation,Derived from LIS bill description,47,41,5,46,YES,89.13043478260869,10.869565217391305
2025,H0212,Betsy B. Carr,D,Environment and Conservation,Derived from LIS bill description,32,28,4,32,YES,87.5,12.5
2025,H0150,"Daniel W. Marshall, III",R,Environment and Conservation,Derived from LIS bill description,37,12,2,14,YES,85.71428571428571,14.285714285714285
2025,H0382,Joshua E. Thomas,D,Environment and Conservation,Derived from LIS bill description,25,21,4,25,YES,84.0,16.0
2025,H0264,Marcus B. Simon,D,Environment and Conservation,Derived from LIS bill description,28,23,5,28,YES,82.14285714285714,17.857142857142858
2025,H0373,Ian T. Lovejoy,R,Environment and Conservation,Derived from LIS bill description,24,19,5,24,YES,79.16666666666666,20.833333333333336
2025,H0363,W. Chad Green,R,Environment and Conservation,Derived from LIS bill description,26,20,6,26,YES,76.92307692307693,23.076923076923077
2025,H0359,N. Baxter Ennis,R,Environment and Conservation,Derived from LIS bill description,25,19,6,25,YES,76.0,24.0
2025,H0253,Terry L. Austin,R,Environment and Conservation,Derived from LIS bill description,29,22,7,29,YES,75.86206896551724,24.137931034482758
2025,H0259,"Hyland F. ""Buddy"" Fowler, Jr.",R,Environment and Conservation,Derived from LIS bill description,38,28,10,38,YES,73.68421052631578,26.31578947368421
2025,H0369,Hillary Pugh Kent,R,Environment and Conservation,Derived from LIS bill description,34,25,9,34,YES,73.52941176470588,26.47058823529412
2025,H0073,"Robert D. Orrock, Sr.",R,Environment and Conservation,Derived from LIS bill description,35,25,9,34,YES,73.52941176470588,26.47058823529412
2025,H0267,"Robert S. Bloxom, Jr.",R,Environment and Conservation,Derived from LIS bill description,49,36,13,49,YES,73.46938775510205,26.53061224489796
2025,H0329,Bill Wiley,R,Environment and Conservation,Derived from LIS bill description,29,21,8,29,YES,72.41379310344827,27.586206896551722
2025,H0262,"James A. ""Jay"" Leftwich",R,Environment and Conservation,Derived from LIS bill description,25,18,7,25,YES,72.0,28.000000000000004
2025,H0350,Ellen H. Campbell,R,Environment and Conservation,Derived from LIS bill description,28,19,8,27,YES,70.37037037037037,29.629629629629626
2025,H0379,David Owen,R,Environment and Conservation,Derived from LIS bill description,23,16,7,23,YES,69.56521739130434,30.434782608695656
2025,H0345,Anne Ferrell Tata,R,Environment and Conservation,Derived from LIS bill description,30,20,10,30,YES,66.66666666666666,33.33333333333333
2025,H0384,Eric Phillips,R,Environment and Conservation,Derived from LIS bill description,23,14,7,21,YES,66.66666666666666,33.33333333333333
2025,H0328,Scott A. Wyatt,R,Environment and Conservation,Derived from LIS bill description,27,17,9,26,YES,65.38461538461539,34.61538461538461
2025,H0337,A.C. Cordoza,R,Environment and Conservation,Derived from LIS bill description,23,15,8,23,YES,65.21739130434783,34.78260869565217
2025,H0378,Chris Obenshain,R,Environment and Conservation,Derived from LIS bill description,23,15,8,23,YES,65.21739130434783,34.78260869565217
2025,H0333,Jason S. Ballard,R,Environment and Conservation,Derived from LIS bill description,23,15,8,23,YES,65.21739130434783,34.78260869565217
2025,H0346,Kim A. Taylor,R,Environment and Conservation,Derived from LIS bill description,23,15,8,23,YES,65.21739130434783,34.78260869565217
2025,H0150,"Daniel W. Marshall, III",R,Family and Children,Derived from LIS bill description,48,7,1,8,INSUFFICIENT DATA,87.5,12.5
2025,H0279,Nicholas J. Freitas,R,Family and Children,Derived from LIS bill description,56,32,21,53,MIXED,60.37735849056604,39.62264150943396
2025,H0380,Atoosa R. Reaser,D,Family and Children,Derived from LIS bill description,84,83,1,84,YES,98.80952380952381,1.1904761904761905
2025,H0382,Joshua E. Thomas,D,Family and Children,Derived from LIS bill description,69,68,1,69,YES,98.55072463768117,1.4492753623188406
2025,H0269,"Richard C. ""Rip"" Sullivan, Jr.",D,Family and Children,Derived from LIS bill description,68,60,1,61,YES,98.36065573770492,1.639344262295082
2025,H0294,Karrie K. Delaney,D,Family and Children,Derived from LIS bill description,62,59,1,60,YES,98.33333333333333,1.6666666666666667
2025,H0108,Vivian E. Watts,D,Family and Children,Derived from LIS bill description,60,59,1,60,YES,98.33333333333333,1.6666666666666667
2025,H0354,Katrina Callsen,D,Family and Children,Derived from LIS bill description,58,57,1,58,YES,98.27586206896551,1.7241379310344827
2025,H0355,Laura Jane Cohen,D,Family and Children,Derived from LIS bill description,57,56,1,57,YES,98.24561403508771,1.7543859649122806
2025,H0366,Phil M. Hernandez,D,Family and Children,Derived from LIS bill description,57,56,1,57,YES,98.24561403508771,1.7543859649122806
2025,H0172,Mark D. Sickles,D,Family and Children,Derived from LIS bill description,67,54,1,55,YES,98.18181818181819,1.8181818181818181
2025,H0371,Amy J. Laufer,D,Family and Children,Derived from LIS bill description,52,50,1,51,YES,98.0392156862745,1.9607843137254901
2025,H0239,Alfonso H. Lopez,D,Family and Children,Derived from LIS bill description,49,48,1,49,YES,97.95918367346938,2.0408163265306123
2025,H0351,Holly M. Seibold,D,Family and Children,Derived from LIS bill description,49,48,1,49,YES,97.95918367346938,2.0408163265306123
2025,H0212,Betsy B. Carr,D,Family and Children,Derived from LIS bill description,48,47,1,48,YES,97.91666666666666,2.083333333333333
2025,H0207,Delores L. McQuinn,D,Family and Children,Derived from LIS bill description,59,47,1,48,YES,97.91666666666666,2.083333333333333
2025,H0177,David L. Bulova,D,Family and Children,Derived from LIS bill description,47,45,1,46,YES,97.82608695652173,2.1739130434782608
2025,H0317,Dan I. Helmer,D,Family and Children,Derived from LIS bill description,45,44,1,45,YES,97.77777777777777,2.2222222222222223
2025,H0301,David A. Reid,D,Family and Children,Derived from LIS bill description,45,44,1,45,YES,97.77777777777777,2.2222222222222223
2025,H0281,Paul E. Krizek,D,Family and Children,Derived from LIS bill description,45,44,1,45,YES,97.77777777777777,2.2222222222222223
2025,H0374,Marty Martinez,D,Family and Children,Derived from LIS bill description,42,40,1,41,YES,97.5609756097561,2.4390243902439024
2025,H0219,Patrick A. Hope,D,Family and Children,Derived from LIS bill description,83,72,2,74,YES,97.2972972972973,2.7027027027027026
2025,H0311,Alex Q. Askew,D,Family and Children,Derived from LIS bill description,67,62,2,64,YES,96.875,3.125
2025,H0340,Michelle Lopes Maldonado,D,Family and Children,Derived from LIS bill description,60,58,2,60,YES,96.66666666666667,3.3333333333333335
2025,H0343,Briana D. Sewell,D,Family and Children,Derived from LIS bill description,61,57,2,59,YES,96.61016949152543,3.389830508474576
2025,H0323,Shelly A. Simonds,D,Family and Children,Derived from LIS bill description,59,56,2,58,YES,96.55172413793103,3.4482758620689653
2025,H0327,Rodney T. Willett,D,Family and Children,Derived from LIS bill description,56,54,2,56,YES,96.42857142857143,3.571428571428571
2025,H0385,JJ Singh,D,Family and Children,Derived from LIS bill description,59,53,2,55,YES,96.36363636363636,3.6363636363636362
2025,H0372,Destiny LeVere Bolling,D,Family and Children,Derived from LIS bill description,62,52,2,54,YES,96.29629629629629,3.7037037037037033
2025,H0356,Rae Cousins,D,Family and Children,Derived from LIS bill description,81,78,3,81,YES,96.29629629629629,3.7037037037037033
2025,H0336,Nadarius E. Clark,D,Family and Children,Derived from LIS bill description,55,51,2,53,YES,96.22641509433963,3.7735849056603774
2025,H0173,Jeion A. Ward,D,Family and Children,Derived from LIS bill description,50,47,2,49,YES,95.91836734693877,4.081632653061225
2025,H0349,Jackie H. Glass,D,Family and Children,Derived from LIS bill description,47,45,2,47,YES,95.74468085106383,4.25531914893617
2025,H0360,Michael B. Feggans,D,Family and Children,Derived from LIS bill description,47,45,2,47,YES,95.74468085106383,4.25531914893617
2025,H0264,Marcus B. Simon,D,Family and Children,Derived from LIS bill description,70,65,3,68,YES,95.58823529411765,4.411764705882353
2025,H0330,Candi Mundon King,D,Family and Children,Derived from LIS bill description,45,43,2,45,YES,95.55555555555556,4.444444444444445
2025,H0375,Adele Y. McClure,D,Family and Children,Derived from LIS bill description,46,42,2,44,YES,95.45454545454545,4.545454545454546
2025,H0353,Bonita G. Anthony,D,Family and Children,Derived from LIS bill description,44,42,2,44,YES,95.45454545454545,4.545454545454546
2025,H0344,Irene Shin,D,Family and Children,Derived from LIS bill description,66,63,3,66,YES,95.45454545454545,4.545454545454546
2025,H0227,Luke E. Torian,D,Family and Children,Derived from LIS bill description,48,41,2,43,YES,95.34883720930233,4.651162790697675
2025,H0368,Michael J. Jones,D,Family and Children,Derived from LIS bill description,44,41,2,43,YES,95.34883720930233,4.651162790697675
2025,H0334,Elizabeth B. Bennett-Parker,D,Family and Children,Derived from LIS bill description,42,40,2,42,YES,95.23809523809523,4.761904761904762
2025,H0266,Sam Rasoul,D,Family and Children,Derived from LIS bill description,72,60,3,63,YES,95.23809523809523,4.761904761904762
2025,H0322,Don Scott,D,Family and Children,Derived from LIS bill description,40,37,2,39,YES,94.87179487179486,5.128205128205128
2025,H0208,Charniele L. Herring,D,Family and Children,Derived from LIS bill description,56,53,3,56,YES,94.64285714285714,5.357142857142857
2025,H0206,Barry D. Knight,R,Family and Children,Derived from LIS bill description,44,17,1,18,YES,94.44444444444444,5.555555555555555
2025,H0285,"C.E. Cliff Hayes, Jr.",D,Family and Children,Derived from LIS bill description,59,51,3,54,YES,94.44444444444444,5.555555555555555
2025,H0295,Kelly K. Convirs-Fowler,D,Family and Children,Derived from LIS bill description,57,51,4,55,YES,92.72727272727272,7.2727272727272725
2025,H0314,Joshua G. Cole,D,Family and Children,Derived from LIS bill description,54,47,4,51,YES,92.15686274509804,7.8431372549019605
2025,H0361,Debra D. Gardner,D,Family and Children,Derived from LIS bill description,60,55,5,60,YES,91.66666666666666,8.333333333333332
2025,H0305,Kathy K.L. Tran,D,Family and Children,Derived from LIS bill description,58,53,5,58,YES,91.37931034482759,8.620689655172415
2025,H0365,"Rozia A. Henson, Jr.",D,Family and Children,Derived from LIS bill description,63,57,6,63,YES,90.47619047619048,9.523809523809524
2025,H0379,David Owen,R,Family and Children,Derived from LIS bill description,52,47,5,52,YES,90.38461538461539,9.615384615384617
2025,H0073,"Robert D. Orrock, Sr.",R,Family and Children,Derived from LIS bill description,61,53,6,59,YES,89.83050847457628,10.16949152542373
2025,H0370,Karen Keys-Gamarra,D,Family and Children,Derived from LIS bill description,67,60,7,67,YES,89.55223880597015,10.44776119402985
2025,H0346,Kim A. Taylor,R,Family and Children,Derived from LIS bill description,55,46,6,52,YES,88.46153846153845,11.538461538461538
2025,H0284,"Marcia S. ""Cia"" Price",D,Family and Children,Derived from LIS bill description,54,46,6,52,YES,88.46153846153845,11.538461538461538
2025,H0333,Jason S. Ballard,R,Family and Children,Derived from LIS bill description,71,61,9,70,YES,87.14285714285714,12.857142857142856
2025,H0359,N. Baxter Ennis,R,Family and Children,Derived from LIS bill description,68,58,9,67,YES,86.56716417910447,13.432835820895523
2025,H0345,Anne Ferrell Tata,R,Family and Children,Derived from LIS bill description,53,45,7,52,YES,86.53846153846155,13.461538461538462
2025,H0350,Ellen H. Campbell,R,Family and Children,Derived from LIS bill description,48,38,6,44,YES,86.36363636363636,13.636363636363635
2025,H0328,Scott A. Wyatt,R,Family and Children,Derived from LIS bill description,44,37,6,43,YES,86.04651162790698,13.953488372093023
2025,H0347,"H. Otto Wachsmann, Jr.",R,Family and Children,Derived from LIS bill description,57,49,8,57,YES,85.96491228070175,14.035087719298245
2025,H0315,Carrie E. Coyner,R,Family and Children,Derived from LIS bill description,68,54,9,63,YES,85.71428571428571,14.285714285714285
2025,H0378,Chris Obenshain,R,Family and Children,Derived from LIS bill description,55,47,8,55,YES,85.45454545454545,14.545454545454545
2025,H0337,A.C. Cordoza,R,Family and Children,Derived from LIS bill description,60,51,9,60,YES,85.0,15.0
2025,H0369,Hillary Pugh Kent,R,Family and Children,Derived from LIS bill description,40,34,6,40,YES,85.0,15.0
2025,H0238,M. Keith Hodges,R,Family and Children,Derived from LIS bill description,60,50,9,59,YES,84.7457627118644,15.254237288135593
2025,H0376,Paul V. Milde,R,Family and Children,Derived from LIS bill description,42,33,6,39,YES,84.61538461538461,15.384615384615385
2025,H0253,Terry L. Austin,R,Family and Children,Derived from LIS bill description,45,38,7,45,YES,84.44444444444444,15.555555555555555
2025,H0056,Terry G. Kilgore,R,Family and Children,Derived from LIS bill description,67,54,10,64,YES,84.375,15.625
2025,H0242,Israel D. O'Quinn,R,Family and Children,Derived from LIS bill description,44,36,7,43,YES,83.72093023255815,16.27906976744186
2025,H0358,"Mark L. Earley, Jr.",R,Family and Children,Derived from LIS bill description,55,46,9,55,YES,83.63636363636363,16.363636363636363
2025,H0373,Ian T. Lovejoy,R,Family and Children,Derived from LIS bill description,42,35,7,42,YES,83.33333333333334,16.666666666666664
2025,H0325,Wendell S. Walker,R,Family and Children,Derived from LIS bill description,59,49,10,59,YES,83.05084745762711,16.94915254237288
2025,H0329,Bill Wiley,R,Family and Children,Derived from LIS bill description,46,38,8,46,YES,82.6086956521739,17.391304347826086
2025,H0367,Geary Higgins,R,Family and Children,Derived from LIS bill description,58,47,10,57,YES,82.45614035087719,17.543859649122805
2025,H0308,Joseph P. McNamara,R,Family and Children,Derived from LIS bill description,44,36,8,44,YES,81.81818181818183,18.181818181818183
2025,H0363,W. Chad Green,R,Family and Children,Derived from LIS bill description,60,49,11,60,YES,81.66666666666667,18.333333333333332
2025,H0262,"James A. ""Jay"" Leftwich",R,Family and Children,Derived from LIS bill description,66,53,12,65,YES,81.53846153846153,18.461538461538463
2025,H0321,Chris S. Runion,R,Family and Children,Derived from LIS bill description,43,35,8,43,YES,81.3953488372093,18.6046511627907
2025,H0224,James W. Morefield,R,Family and Children,Derived from LIS bill description,43,35,8,43,YES,81.3953488372093,18.6046511627907
2025,H0357,Will Davis,R,Family and Children,Derived from LIS bill description,53,43,10,53,YES,81.13207547169812,18.867924528301888
2025,H0384,Eric Phillips,R,Family and Children,Derived from LIS bill description,42,33,8,41,YES,80.48780487804879,19.51219512195122
2025,H0352,"Jonathan ""Jed"" Arnold",R,Family and Children,Derived from LIS bill description,54,41,10,51,YES,80.3921568627451,19.607843137254903
2025,H0267,"Robert S. Bloxom, Jr.",R,Family and Children,Derived from LIS bill description,45,36,9,45,YES,80.0,20.0
2025,H0231,Tony O. Wilt,R,Family and Children,Derived from LIS bill description,45,36,9,45,YES,80.0,20.0
2025,H0348,Wren M. Williams,R,Family and Children,Derived from LIS bill description,62,48,13,61,YES,78.68852459016394,21.311475409836063
2025,H0259,"Hyland F. ""Buddy"" Fowler, Jr.",R,Family and Children,Derived from LIS bill description,41,29,8,37,YES,78.37837837837837,21.62162162162162
2025,H0124,R. Lee Ware,R,Family and Children,Derived from LIS bill description,41,32,9,41,YES,78.04878048780488,21.951219512195124
2025,H0247,Michael J. Webert,R,Family and Children,Derived from LIS bill description,44,32,10,42,YES,76.19047619047619,23.809523809523807
2025,H0335,Mike A. Cherry,R,Family and Children,Derived from LIS bill description,69,51,16,67,YES,76.11940298507463,23.88059701492537
2025,H0181,C. Todd Gilbert,R,Family and Children,Derived from LIS bill description,42,31,10,41,YES,75.60975609756098,24.390243902439025
2025,H0377,Delores Oates,R,Family and Children,Derived from LIS bill description,42,31,10,41,YES,75.60975609756098,24.390243902439025
2025,H0313,Amanda E. Batten,R,Family and Children,Derived from LIS bill description,74,55,19,74,YES,74.32432432432432,25.675675675675674
2025,H0136,"Thomas C. Wright, Jr.",R,Family and Children,Derived from LIS bill description,44,28,10,38,YES,73.68421052631578,26.31578947368421
2025,H0364,Timothy P. Griffin,R,Family and Children,Derived from LIS bill description,46,31,13,44,YES,70.45454545454545,29.545454545454547
2025,H0342,Phillip A. Scott,R,Family and Children,Derived from LIS bill description,63,42,19,61,YES,68.85245901639344,31.147540983606557
2025,H0383,Eric R. Zehr,R,Family and Children,Derived from LIS bill description,53,36,17,53,YES,67.9245283018868,32.075471698113205
2025,H0362,"Thomas A. Garrett, Jr.",R,Family and Children,Derived from LIS bill description,51,31,15,46,YES,67.3913043478261,32.608695652173914
2025,H0150,"Daniel W. Marshall, III",R,Firearms,Derived from LIS bill description,53,1,2,3,INSUFFICIENT DATA,33.33333333333333,66.66666666666666
2025,H0315,Carrie E. Coyner,R,Firearms,Derived from LIS bill description,62,33,24,57,MIXED,57.89473684210527,42.10526315789473
2025,H0206,Barry D. Knight,R,Firearms,Derived from LIS bill description,50,5,8,13,MIXED,38.46153846153847,61.53846153846154
2025,H0363,W. Chad Green,R,Firearms,Derived from LIS bill description,58,16,42,58,NO,27.586206896551722,72.41379310344827
2025,H0335,Mike A. Cherry,R,Firearms,Derived from LIS bill description,58,15,43,58,NO,25.862068965517242,74.13793103448276
2025,H0362,"Thomas A. Garrett, Jr.",R,Firearms,Derived from LIS bill description,57,13,38,51,NO,25.49019607843137,74.50980392156863
2025,H0073,"Robert D. Orrock, Sr.",R,Firearms,Derived from LIS bill description,53,13,40,53,NO,24.528301886792452,75.47169811320755
2025,H0359,N. Baxter Ennis,R,Firearms,Derived from LIS bill description,91,22,69,91,NO,24.175824175824175,75.82417582417582
2025,H0124,R. Lee Ware,R,Firearms,Derived from LIS bill description,53,12,41,53,NO,22.641509433962266,77.35849056603774
2025,H0345,Anne Ferrell Tata,R,Firearms,Derived from LIS bill description,59,13,45,58,NO,22.413793103448278,77.58620689655173
2025,H0357,Will Davis,R,Firearms,Derived from LIS bill description,54,12,42,54,NO,22.22222222222222,77.77777777777779
2025,H0348,Wren M. Williams,R,Firearms,Derived from LIS bill description,54,12,42,54,NO,22.22222222222222,77.77777777777779
2025,H0279,Nicholas J. Freitas,R,Firearms,Derived from LIS bill description,57,12,44,56,NO,21.428571428571427,78.57142857142857
2025,H0325,Wendell S. Walker,R,Firearms,Derived from LIS bill description,53,11,42,53,NO,20.754716981132077,79.24528301886792
2025,H0383,Eric R. Zehr,R,Firearms,Derived from LIS bill description,55,11,44,55,NO,20.0,80.0
2025,H0342,Phillip A. Scott,R,Firearms,Derived from LIS bill description,55,11,44,55,NO,20.0,80.0
2025,H0321,Chris S. Runion,R,Firearms,Derived from LIS bill description,52,10,42,52,NO,19.230769230769234,80.76923076923077
2025,H0369,Hillary Pugh Kent,R,Firearms,Derived from LIS bill description,52,10,42,52,NO,19.230769230769234,80.76923076923077
2025,H0333,Jason S. Ballard,R,Firearms,Derived from LIS bill description,52,10,42,52,NO,19.230769230769234,80.76923076923077
2025,H0352,"Jonathan ""Jed"" Arnold",R,Firearms,Derived from LIS bill description,52,10,42,52,NO,19.230769230769234,80.76923076923077
2025,H0308,Joseph P. McNamara,R,Firearms,Derived from LIS bill description,52,10,42,52,NO,19.230769230769234,80.76923076923077
2025,H0238,M. Keith Hodges,R,Firearms,Derived from LIS bill description,52,10,42,52,NO,19.230769230769234,80.76923076923077
2025,H0358,"Mark L. Earley, Jr.",R,Firearms,Derived from LIS bill description,52,10,42,52,NO,19.230769230769234,80.76923076923077
2025,H0346,Kim A. Taylor,R,Firearms,Derived from LIS bill description,86,13,56,69,NO,18.84057971014493,81.15942028985508
2025,H0313,Amanda E. Batten,R,Firearms,Derived from LIS bill description,83,15,68,83,NO,18.072289156626507,81.92771084337349
2025,H0262,"James A. ""Jay"" Leftwich",R,Firearms,Derived from LIS bill description,52,9,42,51,NO,17.647058823529413,82.35294117647058
2025,H0056,Terry G. Kilgore,R,Firearms,Derived from LIS bill description,53,9,43,52,NO,17.307692307692307,82.6923076923077
2025,H0136,"Thomas C. Wright, Jr.",R,Firearms,Derived from LIS bill description,50,8,39,47,NO,17.02127659574468,82.97872340425532
2025,H0337,A.C. Cordoza,R,Firearms,Derived from LIS bill description,90,15,75,90,NO,16.666666666666664,83.33333333333334
2025,H0376,Paul V. Milde,R,Firearms,Derived from LIS bill description,50,8,41,49,NO,16.3265306122449,83.6734693877551
2025,H0367,Geary Higgins,R,Firearms,Derived from LIS bill description,50,8,42,50,NO,16.0,84.0
2025,H0347,"H. Otto Wachsmann, Jr.",R,Firearms,Derived from LIS bill description,50,8,42,50,NO,16.0,84.0
2025,H0242,Israel D. O'Quinn,R,Firearms,Derived from LIS bill description,51,8,42,50,NO,16.0,84.0
2025,H0364,Timothy P. Griffin,R,Firearms,Derived from LIS bill description,50,8,42,50,NO,16.0,84.0
2025,H0181,C. Todd Gilbert,R,Firearms,Derived from LIS bill description,51,8,43,51,NO,15.686274509803921,84.31372549019608
2025,H0259,"Hyland F. ""Buddy"" Fowler, Jr.",R,Firearms,Derived from LIS bill description,52,8,43,51,NO,15.686274509803921,84.31372549019608
2025,H0329,Bill Wiley,R,Firearms,Derived from LIS bill description,52,8,44,52,NO,15.384615384615385,84.61538461538461
2025,H0350,Ellen H. Campbell,R,Firearms,Derived from LIS bill description,53,8,44,52,NO,15.384615384615385,84.61538461538461
2025,H0224,James W. Morefield,R,Firearms,Derived from LIS bill description,52,8,44,52,NO,15.384615384615385,84.61538461538461
2025,H0267,"Robert S. Bloxom, Jr.",R,Firearms,Derived from LIS bill description,52,8,44,52,NO,15.384615384615385,84.61538461538461
2025,H0379,David Owen,R,Firearms,Derived from LIS bill description,86,13,73,86,NO,15.11627906976744,84.88372093023256
2025,H0253,Terry L. Austin,R,Firearms,Derived from LIS bill description,55,8,47,55,NO,14.545454545454545,85.45454545454545
2025,H0373,Ian T. Lovejoy,R,Firearms,Derived from LIS bill description,50,7,42,49,NO,14.285714285714285,85.71428571428571
2025,H0328,Scott A. Wyatt,R,Firearms,Derived from LIS bill description,54,7,46,53,NO,13.20754716981132,86.79245283018868
2025,H0378,Chris Obenshain,R,Firearms,Derived from LIS bill description,76,10,66,76,NO,13.157894736842104,86.8421052631579
2025,H0377,Delores Oates,R,Firearms,Derived from LIS bill description,74,8,66,74,NO,10.81081081081081,89.1891891891892
2025,H0231,Tony O. Wilt,R,Firearms,Derived from LIS bill description,74,8,66,74,NO,10.81081081081081,89.1891891891892
2025,H0247,Michael J. Webert,R,Firearms,Derived from LIS bill description,75,8,67,75,NO,10.666666666666668,89.33333333333333
2025,H0384,Eric Phillips,R,Firearms,Derived from LIS bill description,74,7,66,73,NO,9.58904109589041,90.41095890410958
2025,H0207,Delores L. McQuinn,D,Firearms,Derived from LIS bill description,60,40,0,40,YES,100.0,0.0
2025,H0374,Marty Martinez,D,Firearms,Derived from LIS bill description,50,49,1,50,YES,98.0,2.0
2025,H0356,Rae Cousins,D,Firearms,Derived from LIS bill description,98,88,2,90,YES,97.77777777777777,2.2222222222222223
2025,H0266,Sam Rasoul,D,Firearms,Derived from LIS bill description,85,78,2,80,YES,97.5,2.5
2025,H0382,Joshua E. Thomas,D,Firearms,Derived from LIS bill description,76,74,2,76,YES,97.36842105263158,2.631578947368421
2025,H0219,Patrick A. Hope,D,Firearms,Derived from LIS bill description,78,73,2,75,YES,97.33333333333334,2.666666666666667
2025,H0351,Holly M. Seibold,D,Firearms,Derived from LIS bill description,74,72,2,74,YES,97.2972972972973,2.7027027027027026
2025,H0311,Alex Q. Askew,D,Firearms,Derived from LIS bill description,63,60,2,62,YES,96.7741935483871,3.225806451612903
2025,H0380,Atoosa R. Reaser,D,Firearms,Derived from LIS bill description,60,58,2,60,YES,96.66666666666667,3.3333333333333335
2025,H0323,Shelly A. Simonds,D,Firearms,Derived from LIS bill description,60,58,2,60,YES,96.66666666666667,3.3333333333333335
2025,H0343,Briana D. Sewell,D,Firearms,Derived from LIS bill description,60,57,2,59,YES,96.61016949152543,3.389830508474576
2025,H0336,Nadarius E. Clark,D,Firearms,Derived from LIS bill description,91,85,3,88,YES,96.5909090909091,3.4090909090909087
2025,H0317,Dan I. Helmer,D,Firearms,Derived from LIS bill description,87,84,3,87,YES,96.55172413793103,3.4482758620689653
2025,H0108,Vivian E. Watts,D,Firearms,Derived from LIS bill description,58,56,2,58,YES,96.55172413793103,3.4482758620689653
2025,H0239,Alfonso H. Lopez,D,Firearms,Derived from LIS bill description,86,83,3,86,YES,96.51162790697676,3.488372093023256
2025,H0360,Michael B. Feggans,D,Firearms,Derived from LIS bill description,86,83,3,86,YES,96.51162790697676,3.488372093023256
2025,H0372,Destiny LeVere Bolling,D,Firearms,Derived from LIS bill description,58,55,2,57,YES,96.49122807017544,3.508771929824561
2025,H0354,Katrina Callsen,D,Firearms,Derived from LIS bill description,57,55,2,57,YES,96.49122807017544,3.508771929824561
2025,H0371,Amy J. Laufer,D,Firearms,Derived from LIS bill description,58,54,2,56,YES,96.42857142857143,3.571428571428571
2025,H0366,Phil M. Hernandez,D,Firearms,Derived from LIS bill description,56,54,2,56,YES,96.42857142857143,3.571428571428571
2025,H0355,Laura Jane Cohen,D,Firearms,Derived from LIS bill description,55,53,2,55,YES,96.36363636363636,3.6363636363636362
2025,H0172,Mark D. Sickles,D,Firearms,Derived from LIS bill description,55,53,2,55,YES,96.36363636363636,3.6363636363636362
2025,H0269,"Richard C. ""Rip"" Sullivan, Jr.",D,Firearms,Derived from LIS bill description,56,53,2,55,YES,96.36363636363636,3.6363636363636362
2025,H0370,Karen Keys-Gamarra,D,Firearms,Derived from LIS bill description,54,52,2,54,YES,96.29629629629629,3.7037037037037033
2025,H0281,Paul E. Krizek,D,Firearms,Derived from LIS bill description,54,52,2,54,YES,96.29629629629629,3.7037037037037033
2025,H0264,Marcus B. Simon,D,Firearms,Derived from LIS bill description,89,77,3,80,YES,96.25,3.75
2025,H0353,Bonita G. Anthony,D,Firearms,Derived from LIS bill description,53,51,2,53,YES,96.22641509433963,3.7735849056603774
2025,H0177,David L. Bulova,D,Firearms,Derived from LIS bill description,53,51,2,53,YES,96.22641509433963,3.7735849056603774
2025,H0294,Karrie K. Delaney,D,Firearms,Derived from LIS bill description,54,51,2,53,YES,96.22641509433963,3.7735849056603774
2025,H0305,Kathy K.L. Tran,D,Firearms,Derived from LIS bill description,53,51,2,53,YES,96.22641509433963,3.7735849056603774
2025,H0227,Luke E. Torian,D,Firearms,Derived from LIS bill description,56,51,2,53,YES,96.22641509433963,3.7735849056603774
2025,H0212,Betsy B. Carr,D,Firearms,Derived from LIS bill description,53,50,2,52,YES,96.15384615384616,3.8461538461538463
2025,H0301,David A. Reid,D,Firearms,Derived from LIS bill description,52,50,2,52,YES,96.15384615384616,3.8461538461538463
2025,H0361,Debra D. Gardner,D,Firearms,Derived from LIS bill description,52,50,2,52,YES,96.15384615384616,3.8461538461538463
2025,H0340,Michelle Lopes Maldonado,D,Firearms,Derived from LIS bill description,52,50,2,52,YES,96.15384615384616,3.8461538461538463
2025,H0285,"C.E. Cliff Hayes, Jr.",D,Firearms,Derived from LIS bill description,53,49,2,51,YES,96.07843137254902,3.9215686274509802
2025,H0208,Charniele L. Herring,D,Firearms,Derived from LIS bill description,51,49,2,51,YES,96.07843137254902,3.9215686274509802
2025,H0334,Elizabeth B. Bennett-Parker,D,Firearms,Derived from LIS bill description,53,49,2,51,YES,96.07843137254902,3.9215686274509802
2025,H0173,Jeion A. Ward,D,Firearms,Derived from LIS bill description,51,49,2,51,YES,96.07843137254902,3.9215686274509802
2025,H0327,Rodney T. Willett,D,Firearms,Derived from LIS bill description,52,49,2,51,YES,96.07843137254902,3.9215686274509802
2025,H0330,Candi Mundon King,D,Firearms,Derived from LIS bill description,76,73,3,76,YES,96.05263157894737,3.9473684210526314
2025,H0375,Adele Y. McClure,D,Firearms,Derived from LIS bill description,86,72,3,75,YES,96.0,4.0
2025,H0322,Don Scott,D,Firearms,Derived from LIS bill description,51,48,2,50,YES,96.0,4.0
2025,H0344,Irene Shin,D,Firearms,Derived from LIS bill description,50,48,2,50,YES,96.0,4.0
2025,H0349,Jackie H. Glass,D,Firearms,Derived from LIS bill description,50,48,2,50,YES,96.0,4.0
2025,H0284,"Marcia S. ""Cia"" Price",D,Firearms,Derived from LIS bill description,50,48,2,50,YES,96.0,4.0
2025,H0365,"Rozia A. Henson, Jr.",D,Firearms,Derived from LIS bill description,50,48,2,50,YES,96.0,4.0
2025,H0385,JJ Singh,D,Firearms,Derived from LIS bill description,50,47,2,49,YES,95.91836734693877,4.081632653061225
2025,H0314,Joshua G. Cole,D,Firearms,Derived from LIS bill description,50,46,2,48,YES,95.83333333333334,4.166666666666666
2025,H0368,Michael J. Jones,D,Firearms,Derived from LIS bill description,50,44,2,46,YES,95.65217391304348,4.3478260869565215
2025,H0295,Kelly K. Convirs-Fowler,D,Firearms,Derived from LIS bill description,55,50,3,53,YES,94.33962264150944,5.660377358490567
2025,H0321,Chris S. Runion,R,Health and Healthcare,Derived from LIS bill description,69,44,25,69,MIXED,63.76811594202898,36.231884057971016
2025,H0308,Joseph P. McNamara,R,Health and Healthcare,Derived from LIS bill description,70,44,25,69,MIXED,63.76811594202898,36.231884057971016
2025,H0377,Delores Oates,R,Health and Healthcare,Derived from LIS bill description,59,37,22,59,MIXED,62.71186440677966,37.28813559322034
2025,H0181,C. Todd Gilbert,R,Health and Healthcare,Derived from LIS bill description,68,41,25,66,MIXED,62.121212121212125,37.878787878787875
2025,H0383,Eric R. Zehr,R,Health and Healthcare,Derived from LIS bill description,63,39,24,63,MIXED,61.904761904761905,38.095238095238095
2025,H0150,"Daniel W. Marshall, III",R,Health and Healthcare,Derived from LIS bill description,83,16,10,26,MIXED,61.53846153846154,38.46153846153847
2025,H0136,"Thomas C. Wright, Jr.",R,Health and Healthcare,Derived from LIS bill description,57,33,21,54,MIXED,61.111111111111114,38.88888888888889
2025,H0279,Nicholas J. Freitas,R,Health and Healthcare,Derived from LIS bill description,61,33,25,58,MIXED,56.896551724137936,43.103448275862064
2025,H0364,Timothy P. Griffin,R,Health and Healthcare,Derived from LIS bill description,58,31,27,58,MIXED,53.44827586206896,46.55172413793103
2025,H0212,Betsy B. Carr,D,Health and Healthcare,Derived from LIS bill description,91,90,1,91,YES,98.9010989010989,1.098901098901099
2025,H0314,Joshua G. Cole,D,Health and Healthcare,Derived from LIS bill description,140,123,2,125,YES,98.4,1.6
2025,H0368,Michael J. Jones,D,Health and Healthcare,Derived from LIS bill description,65,54,1,55,YES,98.18181818181819,1.8181818181818181
2025,H0327,Rodney T. Willett,D,Health and Healthcare,Derived from LIS bill description,153,150,3,153,YES,98.0392156862745,1.9607843137254901
2025,H0305,Kathy K.L. Tran,D,Health and Healthcare,Derived from LIS bill description,144,141,3,144,YES,97.91666666666666,2.083333333333333
2025,H0285,"C.E. Cliff Hayes, Jr.",D,Health and Healthcare,Derived from LIS bill description,157,135,3,138,YES,97.82608695652173,2.1739130434782608
2025,H0361,Debra D. Gardner,D,Health and Healthcare,Derived from LIS bill description,138,135,3,138,YES,97.82608695652173,2.1739130434782608
2025,H0365,"Rozia A. Henson, Jr.",D,Health and Healthcare,Derived from LIS bill description,138,135,3,138,YES,97.82608695652173,2.1739130434782608
2025,H0281,Paul E. Krizek,D,Health and Healthcare,Derived from LIS bill description,89,87,2,89,YES,97.75280898876404,2.247191011235955
2025,H0266,Sam Rasoul,D,Health and Healthcare,Derived from LIS bill description,93,86,2,88,YES,97.72727272727273,2.272727272727273
2025,H0385,JJ Singh,D,Health and Healthcare,Derived from LIS bill description,141,125,3,128,YES,97.65625,2.34375
2025,H0269,"Richard C. ""Rip"" Sullivan, Jr.",D,Health and Healthcare,Derived from LIS bill description,82,78,2,80,YES,97.5,2.5
2025,H0344,Irene Shin,D,Health and Healthcare,Derived from LIS bill description,158,154,4,158,YES,97.46835443037975,2.5316455696202533
2025,H0372,Destiny LeVere Bolling,D,Health and Healthcare,Derived from LIS bill description,81,76,2,78,YES,97.43589743589743,2.564102564102564
2025,H0343,Briana D. Sewell,D,Health and Healthcare,Derived from LIS bill description,77,75,2,77,YES,97.40259740259741,2.5974025974025974
2025,H0311,Alex Q. Askew,D,Health and Healthcare,Derived from LIS bill description,77,73,2,75,YES,97.33333333333334,2.666666666666667
2025,H0208,Charniele L. Herring,D,Health and Healthcare,Derived from LIS bill description,150,146,4,150,YES,97.33333333333334,2.666666666666667
2025,H0340,Michelle Lopes Maldonado,D,Health and Healthcare,Derived from LIS bill description,75,73,2,75,YES,97.33333333333334,2.666666666666667
2025,H0317,Dan I. Helmer,D,Health and Healthcare,Derived from LIS bill description,74,72,2,74,YES,97.2972972972973,2.7027027027027026
2025,H0177,David L. Bulova,D,Health and Healthcare,Derived from LIS bill description,76,72,2,74,YES,97.2972972972973,2.7027027027027026
2025,H0301,David A. Reid,D,Health and Healthcare,Derived from LIS bill description,73,71,2,73,YES,97.26027397260275,2.73972602739726
2025,H0295,Kelly K. Convirs-Fowler,D,Health and Healthcare,Derived from LIS bill description,73,71,2,73,YES,97.26027397260275,2.73972602739726
2025,H0356,Rae Cousins,D,Health and Healthcare,Derived from LIS bill description,73,71,2,73,YES,97.26027397260275,2.73972602739726
2025,H0380,Atoosa R. Reaser,D,Health and Healthcare,Derived from LIS bill description,71,69,2,71,YES,97.1830985915493,2.8169014084507045
2025,H0360,Michael B. Feggans,D,Health and Healthcare,Derived from LIS bill description,72,69,2,71,YES,97.1830985915493,2.8169014084507045
2025,H0239,Alfonso H. Lopez,D,Health and Healthcare,Derived from LIS bill description,71,68,2,70,YES,97.14285714285714,2.857142857142857
2025,H0173,Jeion A. Ward,D,Health and Healthcare,Derived from LIS bill description,79,68,2,70,YES,97.14285714285714,2.857142857142857
2025,H0294,Karrie K. Delaney,D,Health and Healthcare,Derived from LIS bill description,71,68,2,70,YES,97.14285714285714,2.857142857142857
2025,H0207,Delores L. McQuinn,D,Health and Healthcare,Derived from LIS bill description,78,67,2,69,YES,97.10144927536231,2.898550724637681
2025,H0382,Joshua E. Thomas,D,Health and Healthcare,Derived from LIS bill description,70,67,2,69,YES,97.10144927536231,2.898550724637681
2025,H0108,Vivian E. Watts,D,Health and Healthcare,Derived from LIS bill description,70,67,2,69,YES,97.10144927536231,2.898550724637681
2025,H0354,Katrina Callsen,D,Health and Healthcare,Derived from LIS bill description,66,64,2,66,YES,96.96969696969697,3.0303030303030303
2025,H0370,Karen Keys-Gamarra,D,Health and Healthcare,Derived from LIS bill description,65,63,2,65,YES,96.92307692307692,3.076923076923077
2025,H0375,Adele Y. McClure,D,Health and Healthcare,Derived from LIS bill description,65,62,2,64,YES,96.875,3.125
2025,H0355,Laura Jane Cohen,D,Health and Healthcare,Derived from LIS bill description,64,62,2,64,YES,96.875,3.125
2025,H0336,Nadarius E. Clark,D,Health and Healthcare,Derived from LIS bill description,64,62,2,64,YES,96.875,3.125
2025,H0366,Phil M. Hernandez,D,Health and Healthcare,Derived from LIS bill description,65,62,2,64,YES,96.875,3.125
2025,H0351,Holly M. Seibold,D,Health and Healthcare,Derived from LIS bill description,63,61,2,63,YES,96.82539682539682,3.1746031746031744
2025,H0323,Shelly A. Simonds,D,Health and Healthcare,Derived from LIS bill description,63,61,2,63,YES,96.82539682539682,3.1746031746031744
2025,H0371,Amy J. Laufer,D,Health and Healthcare,Derived from LIS bill description,63,59,2,61,YES,96.72131147540983,3.278688524590164
2025,H0334,Elizabeth B. Bennett-Parker,D,Health and Healthcare,Derived from LIS bill description,61,59,2,61,YES,96.72131147540983,3.278688524590164
2025,H0353,Bonita G. Anthony,D,Health and Healthcare,Derived from LIS bill description,60,58,2,60,YES,96.66666666666667,3.3333333333333335
2025,H0322,Don Scott,D,Health and Healthcare,Derived from LIS bill description,60,58,2,60,YES,96.66666666666667,3.3333333333333335
2025,H0349,Jackie H. Glass,D,Health and Healthcare,Derived from LIS bill description,58,56,2,58,YES,96.55172413793103,3.4482758620689653
2025,H0284,"Marcia S. ""Cia"" Price",D,Health and Healthcare,Derived from LIS bill description,145,140,5,145,YES,96.55172413793103,3.4482758620689653
2025,H0374,Marty Martinez,D,Health and Healthcare,Derived from LIS bill description,57,55,2,57,YES,96.49122807017544,3.508771929824561
2025,H0219,Patrick A. Hope,D,Health and Healthcare,Derived from LIS bill description,144,134,5,139,YES,96.40287769784173,3.597122302158273
2025,H0227,Luke E. Torian,D,Health and Healthcare,Derived from LIS bill description,90,74,3,77,YES,96.1038961038961,3.896103896103896
2025,H0172,Mark D. Sickles,D,Health and Healthcare,Derived from LIS bill description,194,144,6,150,YES,96.0,4.0
2025,H0264,Marcus B. Simon,D,Health and Healthcare,Derived from LIS bill description,74,71,3,74,YES,95.94594594594594,4.054054054054054
2025,H0330,Candi Mundon King,D,Health and Healthcare,Derived from LIS bill description,67,64,3,67,YES,95.52238805970148,4.477611940298507
2025,H0206,Barry D. Knight,R,Health and Healthcare,Derived from LIS bill description,62,19,2,21,YES,90.47619047619048,9.523809523809524
2025,H0359,N. Baxter Ennis,R,Health and Healthcare,Derived from LIS bill description,130,112,16,128,YES,87.5,12.5
2025,H0238,M. Keith Hodges,R,Health and Healthcare,Derived from LIS bill description,169,145,23,168,YES,86.30952380952381,13.690476190476192
2025,H0073,"Robert D. Orrock, Sr.",R,Health and Healthcare,Derived from LIS bill description,139,117,20,137,YES,85.40145985401459,14.5985401459854
2025,H0315,Carrie E. Coyner,R,Health and Healthcare,Derived from LIS bill description,97,71,13,84,YES,84.52380952380952,15.476190476190476
2025,H0379,David Owen,R,Health and Healthcare,Derived from LIS bill description,129,108,20,128,YES,84.375,15.625
2025,H0325,Wendell S. Walker,R,Health and Healthcare,Derived from LIS bill description,131,110,21,131,YES,83.96946564885496,16.030534351145036
2025,H0347,"H. Otto Wachsmann, Jr.",R,Health and Healthcare,Derived from LIS bill description,131,108,23,131,YES,82.44274809160305,17.557251908396946
2025,H0367,Geary Higgins,R,Health and Healthcare,Derived from LIS bill description,130,107,23,130,YES,82.3076923076923,17.692307692307693
2025,H0346,Kim A. Taylor,R,Health and Healthcare,Derived from LIS bill description,133,95,21,116,YES,81.89655172413794,18.103448275862068
2025,H0335,Mike A. Cherry,R,Health and Healthcare,Derived from LIS bill description,133,107,24,131,YES,81.67938931297711,18.3206106870229
2025,H0342,Phillip A. Scott,R,Health and Healthcare,Derived from LIS bill description,129,100,26,126,YES,79.36507936507937,20.634920634920633
2025,H0224,James W. Morefield,R,Health and Healthcare,Derived from LIS bill description,75,57,17,74,YES,77.02702702702703,22.972972972972975
2025,H0363,W. Chad Green,R,Health and Healthcare,Derived from LIS bill description,63,48,15,63,YES,76.19047619047619,23.809523809523807
2025,H0329,Bill Wiley,R,Health and Healthcare,Derived from LIS bill description,75,57,18,75,YES,76.0,24.0
2025,H0267,"Robert S. Bloxom, Jr.",R,Health and Healthcare,Derived from LIS bill description,74,56,18,74,YES,75.67567567567568,24.324324324324326
2025,H0253,Terry L. Austin,R,Health and Healthcare,Derived from LIS bill description,78,58,19,77,YES,75.32467532467533,24.675324675324674
2025,H0358,"Mark L. Earley, Jr.",R,Health and Healthcare,Derived from LIS bill description,62,45,15,60,YES,75.0,25.0
2025,H0350,Ellen H. Campbell,R,Health and Healthcare,Derived from LIS bill description,88,59,20,79,YES,74.68354430379746,25.31645569620253
2025,H0357,Will Davis,R,Health and Healthcare,Derived from LIS bill description,62,46,16,62,YES,74.19354838709677,25.806451612903224
2025,H0352,"Jonathan ""Jed"" Arnold",R,Health and Healthcare,Derived from LIS bill description,65,45,16,61,YES,73.77049180327869,26.229508196721312
2025,H0345,Anne Ferrell Tata,R,Health and Healthcare,Derived from LIS bill description,76,56,20,76,YES,73.68421052631578,26.31578947368421
2025,H0373,Ian T. Lovejoy,R,Health and Healthcare,Derived from LIS bill description,57,42,15,57,YES,73.68421052631578,26.31578947368421
2025,H0056,Terry G. Kilgore,R,Health and Healthcare,Derived from LIS bill description,81,56,20,76,YES,73.68421052631578,26.31578947368421
2025,H0242,Israel D. O'Quinn,R,Health and Healthcare,Derived from LIS bill description,69,47,17,64,YES,73.4375,26.5625
2025,H0259,"Hyland F. ""Buddy"" Fowler, Jr.",R,Health and Healthcare,Derived from LIS bill description,61,44,16,60,YES,73.33333333333333,26.666666666666668
2025,H0328,Scott A. Wyatt,R,Health and Healthcare,Derived from LIS bill description,72,52,19,71,YES,73.23943661971832,26.76056338028169
2025,H0369,Hillary Pugh Kent,R,Health and Healthcare,Derived from LIS bill description,57,41,15,56,YES,73.21428571428571,26.785714285714285
2025,H0378,Chris Obenshain,R,Health and Healthcare,Derived from LIS bill description,64,46,18,64,YES,71.875,28.125
2025,H0337,A.C. Cordoza,R,Health and Healthcare,Derived from LIS bill description,67,48,19,67,YES,71.64179104477611,28.35820895522388
2025,H0124,R. Lee Ware,R,Health and Healthcare,Derived from LIS bill description,58,41,17,58,YES,70.6896551724138,29.310344827586203
2025,H0333,Jason S. Ballard,R,Health and Healthcare,Derived from LIS bill description,79,55,23,78,YES,70.51282051282051,29.48717948717949
2025,H0313,Amanda E. Batten,R,Health and Healthcare,Derived from LIS bill description,71,50,21,71,YES,70.4225352112676,29.577464788732392
2025,H0348,Wren M. Williams,R,Health and Healthcare,Derived from LIS bill description,75,52,22,74,YES,70.27027027027027,29.72972972972973
2025,H0384,Eric Phillips,R,Health and Healthcare,Derived from LIS bill description,59,40,18,58,YES,68.96551724137932,31.03448275862069
2025,H0231,Tony O. Wilt,R,Health and Healthcare,Derived from LIS bill description,72,48,23,71,YES,67.6056338028169,32.3943661971831
2025,H0262,"James A. ""Jay"" Leftwich",R,Health and Healthcare,Derived from LIS bill description,69,46,23,69,YES,66.66666666666666,33.33333333333333
2025,H0247,Michael J. Webert,R,Health and Healthcare,Derived from LIS bill description,70,46,23,69,YES,66.66666666666666,33.33333333333333
2025,H0376,Paul V. Milde,R,Health and Healthcare,Derived from LIS bill description,58,36,18,54,YES,66.66666666666666,33.33333333333333
2025,H0362,"Thomas A. Garrett, Jr.",R,Health and Healthcare,Derived from LIS bill description,62,39,20,59,YES,66.10169491525424,33.89830508474576
2025,H0150,"Daniel W. Marshall, III",R,Higher Education,Derived from LIS bill description,8,1,0,1,INSUFFICIENT DATA,100.0,0.0
2025,H0136,"Thomas C. Wright, Jr.",R,Higher Education,Derived from LIS bill description,7,5,0,5,INSUFFICIENT DATA,100.0,0.0
2025,H0212,Betsy B. Carr,D,Higher Education,Derived from LIS bill description,9,8,1,9,INSUFFICIENT DATA,88.88888888888889,11.11111111111111
2025,H0301,David A. Reid,D,Higher Education,Derived from LIS bill description,9,8,1,9,INSUFFICIENT DATA,88.88888888888889,11.11111111111111
2025,H0172,Mark D. Sickles,D,Higher Education,Derived from LIS bill description,9,8,1,9,INSUFFICIENT DATA,88.88888888888889,11.11111111111111
2025,H0327,Rodney T. Willett,D,Higher Education,Derived from LIS bill description,9,8,1,9,INSUFFICIENT DATA,88.88888888888889,11.11111111111111
2025,H0285,"C.E. Cliff Hayes, Jr.",D,Higher Education,Derived from LIS bill description,8,7,1,8,INSUFFICIENT DATA,87.5,12.5
2025,H0177,David L. Bulova,D,Higher Education,Derived from LIS bill description,8,7,1,8,INSUFFICIENT DATA,87.5,12.5
2025,H0227,Luke E. Torian,D,Higher Education,Derived from LIS bill description,9,7,1,8,INSUFFICIENT DATA,87.5,12.5
2025,H0281,Paul E. Krizek,D,Higher Education,Derived from LIS bill description,8,7,1,8,INSUFFICIENT DATA,87.5,12.5
2025,H0375,Adele Y. McClure,D,Higher Education,Derived from LIS bill description,7,6,1,7,INSUFFICIENT DATA,85.71428571428571,14.285714285714285
2025,H0239,Alfonso H. Lopez,D,Higher Education,Derived from LIS bill description,7,6,1,7,INSUFFICIENT DATA,85.71428571428571,14.285714285714285
2025,H0353,Bonita G. Anthony,D,Higher Education,Derived from LIS bill description,7,6,1,7,INSUFFICIENT DATA,85.71428571428571,14.285714285714285
2025,H0208,Charniele L. Herring,D,Higher Education,Derived from LIS bill description,7,6,1,7,INSUFFICIENT DATA,85.71428571428571,14.285714285714285
2025,H0361,Debra D. Gardner,D,Higher Education,Derived from LIS bill description,7,6,1,7,INSUFFICIENT DATA,85.71428571428571,14.285714285714285
2025,H0322,Don Scott,D,Higher Education,Derived from LIS bill description,7,6,1,7,INSUFFICIENT DATA,85.71428571428571,14.285714285714285
2025,H0334,Elizabeth B. Bennett-Parker,D,Higher Education,Derived from LIS bill description,7,6,1,7,INSUFFICIENT DATA,85.71428571428571,14.285714285714285
2025,H0351,Holly M. Seibold,D,Higher Education,Derived from LIS bill description,7,6,1,7,INSUFFICIENT DATA,85.71428571428571,14.285714285714285
2025,H0344,Irene Shin,D,Higher Education,Derived from LIS bill description,7,6,1,7,INSUFFICIENT DATA,85.71428571428571,14.285714285714285
2025,H0349,Jackie H. Glass,D,Higher Education,Derived from LIS bill description,7,6,1,7,INSUFFICIENT DATA,85.71428571428571,14.285714285714285
2025,H0173,Jeion A. Ward,D,Higher Education,Derived from LIS bill description,7,6,1,7,INSUFFICIENT DATA,85.71428571428571,14.285714285714285
2025,H0382,Joshua E. Thomas,D,Higher Education,Derived from LIS bill description,7,6,1,7,INSUFFICIENT DATA,85.71428571428571,14.285714285714285
2025,H0370,Karen Keys-Gamarra,D,Higher Education,Derived from LIS bill description,7,6,1,7,INSUFFICIENT DATA,85.71428571428571,14.285714285714285
2025,H0294,Karrie K. Delaney,D,Higher Education,Derived from LIS bill description,7,6,1,7,INSUFFICIENT DATA,85.71428571428571,14.285714285714285
2025,H0305,Kathy K.L. Tran,D,Higher Education,Derived from LIS bill description,7,6,1,7,INSUFFICIENT DATA,85.71428571428571,14.285714285714285
2025,H0354,Katrina Callsen,D,Higher Education,Derived from LIS bill description,7,6,1,7,INSUFFICIENT DATA,85.71428571428571,14.285714285714285
2025,H0284,"Marcia S. ""Cia"" Price",D,Higher Education,Derived from LIS bill description,7,6,1,7,INSUFFICIENT DATA,85.71428571428571,14.285714285714285
2025,H0374,Marty Martinez,D,Higher Education,Derived from LIS bill description,7,6,1,7,INSUFFICIENT DATA,85.71428571428571,14.285714285714285
2025,H0360,Michael B. Feggans,D,Higher Education,Derived from LIS bill description,7,6,1,7,INSUFFICIENT DATA,85.71428571428571,14.285714285714285
2025,H0368,Michael J. Jones,D,Higher Education,Derived from LIS bill description,7,6,1,7,INSUFFICIENT DATA,85.71428571428571,14.285714285714285
2025,H0340,Michelle Lopes Maldonado,D,Higher Education,Derived from LIS bill description,7,6,1,7,INSUFFICIENT DATA,85.71428571428571,14.285714285714285
2025,H0219,Patrick A. Hope,D,Higher Education,Derived from LIS bill description,7,6,1,7,INSUFFICIENT DATA,85.71428571428571,14.285714285714285
2025,H0366,Phil M. Hernandez,D,Higher Education,Derived from LIS bill description,7,6,1,7,INSUFFICIENT DATA,85.71428571428571,14.285714285714285
2025,H0269,"Richard C. ""Rip"" Sullivan, Jr.",D,Higher Education,Derived from LIS bill description,7,6,1,7,INSUFFICIENT DATA,85.71428571428571,14.285714285714285
2025,H0365,"Rozia A. Henson, Jr.",D,Higher Education,Derived from LIS bill description,7,6,1,7,INSUFFICIENT DATA,85.71428571428571,14.285714285714285
2025,H0108,Vivian E. Watts,D,Higher Education,Derived from LIS bill description,7,6,1,7,INSUFFICIENT DATA,85.71428571428571,14.285714285714285
2025,H0206,Barry D. Knight,R,Higher Education,Derived from LIS bill description,7,5,1,6,INSUFFICIENT DATA,83.33333333333334,16.666666666666664
2025,H0385,JJ Singh,D,Higher Education,Derived from LIS bill description,7,5,1,6,INSUFFICIENT DATA,83.33333333333334,16.666666666666664
2025,H0314,Joshua G. Cole,D,Higher Education,Derived from LIS bill description,7,5,1,6,INSUFFICIENT DATA,83.33333333333334,16.666666666666664
2025,H0073,"Robert D. Orrock, Sr.",R,Higher Education,Derived from LIS bill description,7,5,1,6,INSUFFICIENT DATA,83.33333333333334,16.666666666666664
2025,H0329,Bill Wiley,R,Higher Education,Derived from LIS bill description,9,7,2,9,INSUFFICIENT DATA,77.77777777777779,22.22222222222222
2025,H0224,James W. Morefield,R,Higher Education,Derived from LIS bill description,9,7,2,9,INSUFFICIENT DATA,77.77777777777779,22.22222222222222
2025,H0253,Terry L. Austin,R,Higher Education,Derived from LIS bill description,9,7,2,9,INSUFFICIENT DATA,77.77777777777779,22.22222222222222
2025,H0350,Ellen H. Campbell,R,Higher Education,Derived from LIS bill description,8,6,2,8,INSUFFICIENT DATA,75.0,25.0
2025,H0238,M. Keith Hodges,R,Higher Education,Derived from LIS bill description,8,6,2,8,INSUFFICIENT DATA,75.0,25.0
2025,H0267,"Robert S. Bloxom, Jr.",R,Higher Education,Derived from LIS bill description,8,6,2,8,INSUFFICIENT DATA,75.0,25.0
2025,H0337,A.C. Cordoza,R,Higher Education,Derived from LIS bill description,7,5,2,7,INSUFFICIENT DATA,71.42857142857143,28.57142857142857
2025,H0181,C. Todd Gilbert,R,Higher Education,Derived from LIS bill description,7,5,2,7,INSUFFICIENT DATA,71.42857142857143,28.57142857142857
2025,H0330,Candi Mundon King,D,Higher Education,Derived from LIS bill description,7,5,2,7,INSUFFICIENT DATA,71.42857142857143,28.57142857142857
2025,H0378,Chris Obenshain,R,Higher Education,Derived from LIS bill description,7,5,2,7,INSUFFICIENT DATA,71.42857142857143,28.57142857142857
2025,H0321,Chris S. Runion,R,Higher Education,Derived from LIS bill description,7,5,2,7,INSUFFICIENT DATA,71.42857142857143,28.57142857142857
2025,H0317,Dan I. Helmer,D,Higher Education,Derived from LIS bill description,7,5,2,7,INSUFFICIENT DATA,71.42857142857143,28.57142857142857
2025,H0379,David Owen,R,Higher Education,Derived from LIS bill description,7,5,2,7,INSUFFICIENT DATA,71.42857142857143,28.57142857142857
2025,H0377,Delores Oates,R,Higher Education,Derived from LIS bill description,7,5,2,7,INSUFFICIENT DATA,71.42857142857143,28.57142857142857
2025,H0384,Eric Phillips,R,Higher Education,Derived from LIS bill description,7,5,2,7,INSUFFICIENT DATA,71.42857142857143,28.57142857142857
2025,H0367,Geary Higgins,R,Higher Education,Derived from LIS bill description,7,5,2,7,INSUFFICIENT DATA,71.42857142857143,28.57142857142857
2025,H0347,"H. Otto Wachsmann, Jr.",R,Higher Education,Derived from LIS bill description,7,5,2,7,INSUFFICIENT DATA,71.42857142857143,28.57142857142857
2025,H0369,Hillary Pugh Kent,R,Higher Education,Derived from LIS bill description,7,5,2,7,INSUFFICIENT DATA,71.42857142857143,28.57142857142857
2025,H0259,"Hyland F. ""Buddy"" Fowler, Jr.",R,Higher Education,Derived from LIS bill description,7,5,2,7,INSUFFICIENT DATA,71.42857142857143,28.57142857142857
2025,H0373,Ian T. Lovejoy,R,Higher Education,Derived from LIS bill description,7,5,2,7,INSUFFICIENT DATA,71.42857142857143,28.57142857142857
2025,H0262,"James A. ""Jay"" Leftwich",R,Higher Education,Derived from LIS bill description,7,5,2,7,INSUFFICIENT DATA,71.42857142857143,28.57142857142857
2025,H0333,Jason S. Ballard,R,Higher Education,Derived from LIS bill description,7,5,2,7,INSUFFICIENT DATA,71.42857142857143,28.57142857142857
2025,H0352,"Jonathan ""Jed"" Arnold",R,Higher Education,Derived from LIS bill description,7,5,2,7,INSUFFICIENT DATA,71.42857142857143,28.57142857142857
2025,H0308,Joseph P. McNamara,R,Higher Education,Derived from LIS bill description,7,5,2,7,INSUFFICIENT DATA,71.42857142857143,28.57142857142857
2025,H0346,Kim A. Taylor,R,Higher Education,Derived from LIS bill description,7,5,2,7,INSUFFICIENT DATA,71.42857142857143,28.57142857142857
2025,H0264,Marcus B. Simon,D,Higher Education,Derived from LIS bill description,7,5,2,7,INSUFFICIENT DATA,71.42857142857143,28.57142857142857
2025,H0358,"Mark L. Earley, Jr.",R,Higher Education,Derived from LIS bill description,7,5,2,7,INSUFFICIENT DATA,71.42857142857143,28.57142857142857
2025,H0247,Michael J. Webert,R,Higher Education,Derived from LIS bill description,7,5,2,7,INSUFFICIENT DATA,71.42857142857143,28.57142857142857
2025,H0376,Paul V. Milde,R,Higher Education,Derived from LIS bill description,7,5,2,7,INSUFFICIENT DATA,71.42857142857143,28.57142857142857
2025,H0124,R. Lee Ware,R,Higher Education,Derived from LIS bill description,7,5,2,7,INSUFFICIENT DATA,71.42857142857143,28.57142857142857
2025,H0328,Scott A. Wyatt,R,Higher Education,Derived from LIS bill description,8,5,2,7,INSUFFICIENT DATA,71.42857142857143,28.57142857142857
2025,H0056,Terry G. Kilgore,R,Higher Education,Derived from LIS bill description,7,5,2,7,INSUFFICIENT DATA,71.42857142857143,28.57142857142857
2025,H0364,Timothy P. Griffin,R,Higher Education,Derived from LIS bill description,7,5,2,7,INSUFFICIENT DATA,71.42857142857143,28.57142857142857
2025,H0231,Tony O. Wilt,R,Higher Education,Derived from LIS bill description,7,5,2,7,INSUFFICIENT DATA,71.42857142857143,28.57142857142857
2025,H0325,Wendell S. Walker,R,Higher Education,Derived from LIS bill description,7,5,2,7,INSUFFICIENT DATA,71.42857142857143,28.57142857142857
2025,H0357,Will Davis,R,Higher Education,Derived from LIS bill description,7,5,2,7,INSUFFICIENT DATA,71.42857142857143,28.57142857142857
2025,H0348,Wren M. Williams,R,Higher Education,Derived from LIS bill description,7,5,2,7,INSUFFICIENT DATA,71.42857142857143,28.57142857142857
2025,H0242,Israel D. O'Quinn,R,Higher Education,Derived from LIS bill description,7,4,3,7,INSUFFICIENT DATA,57.14285714285714,42.857142857142854
2025,H0207,Delores L. McQuinn,D,Higher Education,Derived from LIS bill description,18,17,1,18,YES,94.44444444444444,5.555555555555555
2025,H0371,Amy J. Laufer,D,Higher Education,Derived from LIS bill description,17,16,1,17,YES,94.11764705882352,5.88235294117647
2025,H0355,Laura Jane Cohen,D,Higher Education,Derived from LIS bill description,17,16,1,17,YES,94.11764705882352,5.88235294117647
2025,H0336,Nadarius E. Clark,D,Higher Education,Derived from LIS bill description,17,16,1,17,YES,94.11764705882352,5.88235294117647
2025,H0311,Alex Q. Askew,D,Higher Education,Derived from LIS bill description,15,14,1,15,YES,93.33333333333333,6.666666666666667
2025,H0266,Sam Rasoul,D,Higher Education,Derived from LIS bill description,19,13,1,14,YES,92.85714285714286,7.142857142857142
2025,H0380,Atoosa R. Reaser,D,Higher Education,Derived from LIS bill description,13,12,1,13,YES,92.3076923076923,7.6923076923076925
2025,H0356,Rae Cousins,D,Higher Education,Derived from LIS bill description,13,12,1,13,YES,92.3076923076923,7.6923076923076925
2025,H0323,Shelly A. Simonds,D,Higher Education,Derived from LIS bill description,13,12,1,13,YES,92.3076923076923,7.6923076923076925
2025,H0295,Kelly K. Convirs-Fowler,D,Higher Education,Derived from LIS bill description,12,11,1,12,YES,91.66666666666666,8.333333333333332
2025,H0359,N. Baxter Ennis,R,Higher Education,Derived from LIS bill description,12,10,2,12,YES,83.33333333333334,16.666666666666664
2025,H0372,Destiny LeVere Bolling,D,Higher Education,Derived from LIS bill description,18,14,3,17,YES,82.35294117647058,17.647058823529413
2025,H0345,Anne Ferrell Tata,R,Higher Education,Derived from LIS bill description,18,14,4,18,YES,77.77777777777779,22.22222222222222
2025,H0343,Briana D. Sewell,D,Higher Education,Derived from LIS bill description,18,14,4,18,YES,77.77777777777779,22.22222222222222
2025,H0383,Eric R. Zehr,R,Higher Education,Derived from LIS bill description,17,13,4,17,YES,76.47058823529412,23.52941176470588
2025,H0342,Phillip A. Scott,R,Higher Education,Derived from LIS bill description,17,13,4,17,YES,76.47058823529412,23.52941176470588
2025,H0313,Amanda E. Batten,R,Higher Education,Derived from LIS bill description,12,9,3,12,YES,75.0,25.0
2025,H0279,Nicholas J. Freitas,R,Higher Education,Derived from LIS bill description,12,9,3,12,YES,75.0,25.0
2025,H0362,"Thomas A. Garrett, Jr.",R,Higher Education,Derived from LIS bill description,17,12,4,16,YES,75.0,25.0
2025,H0315,Carrie E. Coyner,R,Higher Education,Derived from LIS bill description,14,10,4,14,YES,71.42857142857143,28.57142857142857
2025,H0335,Mike A. Cherry,R,Higher Education,Derived from LIS bill description,13,9,4,13,YES,69.23076923076923,30.76923076923077
2025,H0363,W. Chad Green,R,Higher Education,Derived from LIS bill description,13,9,4,13,YES,69.23076923076923,30.76923076923077
2025,H0150,"Daniel W. Marshall, III",R,Housing,Derived from LIS bill description,36,0,2,2,INSUFFICIENT DATA,0.0,100.0
2025,H0315,Carrie E. Coyner,R,Housing,Derived from LIS bill description,74,42,24,66,MIXED,63.63636363636363,36.36363636363637
2025,H0253,Terry L. Austin,R,Housing,Derived from LIS bill description,74,38,36,74,MIXED,51.35135135135135,48.64864864864865
2025,H0373,Ian T. Lovejoy,R,Housing,Derived from LIS bill description,38,19,19,38,MIXED,50.0,50.0
2025,H0073,"Robert D. Orrock, Sr.",R,Housing,Derived from LIS bill description,34,17,17,34,MIXED,50.0,50.0
2025,H0267,"Robert S. Bloxom, Jr.",R,Housing,Derived from LIS bill description,58,29,29,58,MIXED,50.0,50.0
2025,H0378,Chris Obenshain,R,Housing,Derived from LIS bill description,37,18,19,37,MIXED,48.64864864864865,51.35135135135135
2025,H0056,Terry G. Kilgore,R,Housing,Derived from LIS bill description,39,18,20,38,MIXED,47.368421052631575,52.63157894736842
2025,H0224,James W. Morefield,R,Housing,Derived from LIS bill description,65,30,35,65,MIXED,46.15384615384615,53.84615384615385
2025,H0346,Kim A. Taylor,R,Housing,Derived from LIS bill description,34,14,17,31,MIXED,45.16129032258064,54.83870967741935
2025,H0329,Bill Wiley,R,Housing,Derived from LIS bill description,57,25,32,57,MIXED,43.859649122807014,56.14035087719298
2025,H0337,A.C. Cordoza,R,Housing,Derived from LIS bill description,37,16,21,37,MIXED,43.24324324324324,56.75675675675676
2025,H0359,N. Baxter Ennis,R,Housing,Derived from LIS bill description,34,14,19,33,MIXED,42.42424242424242,57.57575757575758
2025,H0350,Ellen H. Campbell,R,Housing,Derived from LIS bill description,63,25,35,60,MIXED,41.66666666666667,58.333333333333336
2025,H0238,M. Keith Hodges,R,Housing,Derived from LIS bill description,43,17,26,43,MIXED,39.53488372093023,60.46511627906976
2025,H0333,Jason S. Ballard,R,Housing,Derived from LIS bill description,39,15,24,39,MIXED,38.46153846153847,61.53846153846154
2025,H0259,"Hyland F. ""Buddy"" Fowler, Jr.",R,Housing,Derived from LIS bill description,57,20,33,53,MIXED,37.735849056603776,62.264150943396224
2025,H0352,"Jonathan ""Jed"" Arnold",R,Housing,Derived from LIS bill description,76,28,48,76,MIXED,36.84210526315789,63.1578947368421
2025,H0384,Eric Phillips,R,Housing,Derived from LIS bill description,34,12,22,34,MIXED,35.294117647058826,64.70588235294117
2025,H0347,"H. Otto Wachsmann, Jr.",R,Housing,Derived from LIS bill description,34,12,22,34,MIXED,35.294117647058826,64.70588235294117
2025,H0231,Tony O. Wilt,R,Housing,Derived from LIS bill description,34,12,22,34,MIXED,35.294117647058826,64.70588235294117
2025,H0358,"Mark L. Earley, Jr.",R,Housing,Derived from LIS bill description,37,13,24,37,MIXED,35.13513513513514,64.86486486486487
2025,H0308,Joseph P. McNamara,R,Housing,Derived from LIS bill description,38,13,25,38,NO,34.21052631578947,65.78947368421053
2025,H0328,Scott A. Wyatt,R,Housing,Derived from LIS bill description,39,13,26,39,NO,33.33333333333333,66.66666666666666
2025,H0379,David Owen,R,Housing,Derived from LIS bill description,34,11,23,34,NO,32.35294117647059,67.64705882352942
2025,H0345,Anne Ferrell Tata,R,Housing,Derived from LIS bill description,44,14,30,44,NO,31.818181818181817,68.18181818181817
2025,H0367,Geary Higgins,R,Housing,Derived from LIS bill description,39,12,26,38,NO,31.57894736842105,68.42105263157895
2025,H0335,Mike A. Cherry,R,Housing,Derived from LIS bill description,34,10,23,33,NO,30.303030303030305,69.6969696969697
2025,H0206,Barry D. Knight,R,Housing,Derived from LIS bill description,60,7,19,26,NO,26.923076923076923,73.07692307692307
2025,H0376,Paul V. Milde,R,Housing,Derived from LIS bill description,34,9,25,34,NO,26.47058823529412,73.52941176470588
2025,H0363,W. Chad Green,R,Housing,Derived from LIS bill description,34,9,25,34,NO,26.47058823529412,73.52941176470588
2025,H0325,Wendell S. Walker,R,Housing,Derived from LIS bill description,34,9,25,34,NO,26.47058823529412,73.52941176470588
2025,H0357,Will Davis,R,Housing,Derived from LIS bill description,37,9,28,37,NO,24.324324324324326,75.67567567567568
2025,H0377,Delores Oates,R,Housing,Derived from LIS bill description,39,9,30,39,NO,23.076923076923077,76.92307692307693
2025,H0262,"James A. ""Jay"" Leftwich",R,Housing,Derived from LIS bill description,62,14,47,61,NO,22.950819672131146,77.04918032786885
2025,H0242,Israel D. O'Quinn,R,Housing,Derived from LIS bill description,34,7,24,31,NO,22.58064516129032,77.41935483870968
2025,H0124,R. Lee Ware,R,Housing,Derived from LIS bill description,34,7,25,32,NO,21.875,78.125
2025,H0369,Hillary Pugh Kent,R,Housing,Derived from LIS bill description,34,7,27,34,NO,20.588235294117645,79.41176470588235
2025,H0321,Chris S. Runion,R,Housing,Derived from LIS bill description,34,6,28,34,NO,17.647058823529413,82.35294117647058
2025,H0362,"Thomas A. Garrett, Jr.",R,Housing,Derived from LIS bill description,34,6,28,34,NO,17.647058823529413,82.35294117647058
2025,H0313,Amanda E. Batten,R,Housing,Derived from LIS bill description,37,6,31,37,NO,16.216216216216218,83.78378378378379
2025,H0181,C. Todd Gilbert,R,Housing,Derived from LIS bill description,34,4,30,34,NO,11.76470588235294,88.23529411764706
2025,H0383,Eric R. Zehr,R,Housing,Derived from LIS bill description,34,4,30,34,NO,11.76470588235294,88.23529411764706
2025,H0247,Michael J. Webert,R,Housing,Derived from LIS bill description,34,4,30,34,NO,11.76470588235294,88.23529411764706
2025,H0136,"Thomas C. Wright, Jr.",R,Housing,Derived from LIS bill description,34,4,30,34,NO,11.76470588235294,88.23529411764706
2025,H0364,Timothy P. Griffin,R,Housing,Derived from LIS bill description,34,4,30,34,NO,11.76470588235294,88.23529411764706
2025,H0348,Wren M. Williams,R,Housing,Derived from LIS bill description,37,4,33,37,NO,10.81081081081081,89.1891891891892
2025,H0279,Nicholas J. Freitas,R,Housing,Derived from LIS bill description,34,3,30,33,NO,9.090909090909092,90.9090909090909
2025,H0342,Phillip A. Scott,R,Housing,Derived from LIS bill description,34,3,31,34,NO,8.823529411764707,91.17647058823529
2025,H0375,Adele Y. McClure,D,Housing,Derived from LIS bill description,57,55,0,55,YES,100.0,0.0
2025,H0311,Alex Q. Askew,D,Housing,Derived from LIS bill description,40,40,0,40,YES,100.0,0.0
2025,H0239,Alfonso H. Lopez,D,Housing,Derived from LIS bill description,34,33,0,33,YES,100.0,0.0
2025,H0371,Amy J. Laufer,D,Housing,Derived from LIS bill description,34,32,0,32,YES,100.0,0.0
2025,H0380,Atoosa R. Reaser,D,Housing,Derived from LIS bill description,47,47,0,47,YES,100.0,0.0
2025,H0212,Betsy B. Carr,D,Housing,Derived from LIS bill description,75,75,0,75,YES,100.0,0.0
2025,H0353,Bonita G. Anthony,D,Housing,Derived from LIS bill description,34,34,0,34,YES,100.0,0.0
2025,H0343,Briana D. Sewell,D,Housing,Derived from LIS bill description,43,43,0,43,YES,100.0,0.0
2025,H0285,"C.E. Cliff Hayes, Jr.",D,Housing,Derived from LIS bill description,35,33,0,33,YES,100.0,0.0
2025,H0330,Candi Mundon King,D,Housing,Derived from LIS bill description,43,38,0,38,YES,100.0,0.0
2025,H0208,Charniele L. Herring,D,Housing,Derived from LIS bill description,34,33,0,33,YES,100.0,0.0
2025,H0317,Dan I. Helmer,D,Housing,Derived from LIS bill description,34,34,0,34,YES,100.0,0.0
2025,H0301,David A. Reid,D,Housing,Derived from LIS bill description,35,35,0,35,YES,100.0,0.0
2025,H0177,David L. Bulova,D,Housing,Derived from LIS bill description,76,65,0,65,YES,100.0,0.0
2025,H0361,Debra D. Gardner,D,Housing,Derived from LIS bill description,39,39,0,39,YES,100.0,0.0
2025,H0207,Delores L. McQuinn,D,Housing,Derived from LIS bill description,35,29,0,29,YES,100.0,0.0
2025,H0372,Destiny LeVere Bolling,D,Housing,Derived from LIS bill description,34,31,0,31,YES,100.0,0.0
2025,H0322,Don Scott,D,Housing,Derived from LIS bill description,34,34,0,34,YES,100.0,0.0
2025,H0351,Holly M. Seibold,D,Housing,Derived from LIS bill description,57,56,0,56,YES,100.0,0.0
2025,H0344,Irene Shin,D,Housing,Derived from LIS bill description,39,39,0,39,YES,100.0,0.0
2025,H0385,JJ Singh,D,Housing,Derived from LIS bill description,34,33,0,33,YES,100.0,0.0
2025,H0349,Jackie H. Glass,D,Housing,Derived from LIS bill description,34,33,0,33,YES,100.0,0.0
2025,H0173,Jeion A. Ward,D,Housing,Derived from LIS bill description,34,33,0,33,YES,100.0,0.0
2025,H0382,Joshua E. Thomas,D,Housing,Derived from LIS bill description,78,77,0,77,YES,100.0,0.0
2025,H0314,Joshua G. Cole,D,Housing,Derived from LIS bill description,57,56,0,56,YES,100.0,0.0
2025,H0294,Karrie K. Delaney,D,Housing,Derived from LIS bill description,60,58,0,58,YES,100.0,0.0
2025,H0305,Kathy K.L. Tran,D,Housing,Derived from LIS bill description,34,34,0,34,YES,100.0,0.0
2025,H0354,Katrina Callsen,D,Housing,Derived from LIS bill description,46,46,0,46,YES,100.0,0.0
2025,H0295,Kelly K. Convirs-Fowler,D,Housing,Derived from LIS bill description,34,32,0,32,YES,100.0,0.0
2025,H0355,Laura Jane Cohen,D,Housing,Derived from LIS bill description,42,42,0,42,YES,100.0,0.0
2025,H0227,Luke E. Torian,D,Housing,Derived from LIS bill description,58,57,0,57,YES,100.0,0.0
2025,H0172,Mark D. Sickles,D,Housing,Derived from LIS bill description,36,36,0,36,YES,100.0,0.0
2025,H0374,Marty Martinez,D,Housing,Derived from LIS bill description,38,38,0,38,YES,100.0,0.0
2025,H0360,Michael B. Feggans,D,Housing,Derived from LIS bill description,34,33,0,33,YES,100.0,0.0
2025,H0368,Michael J. Jones,D,Housing,Derived from LIS bill description,38,35,0,35,YES,100.0,0.0
2025,H0340,Michelle Lopes Maldonado,D,Housing,Derived from LIS bill description,37,36,0,36,YES,100.0,0.0
2025,H0336,Nadarius E. Clark,D,Housing,Derived from LIS bill description,34,34,0,34,YES,100.0,0.0
2025,H0219,Patrick A. Hope,D,Housing,Derived from LIS bill description,39,37,0,37,YES,100.0,0.0
2025,H0281,Paul E. Krizek,D,Housing,Derived from LIS bill description,59,59,0,59,YES,100.0,0.0
2025,H0366,Phil M. Hernandez,D,Housing,Derived from LIS bill description,37,37,0,37,YES,100.0,0.0
2025,H0356,Rae Cousins,D,Housing,Derived from LIS bill description,37,37,0,37,YES,100.0,0.0
2025,H0269,"Richard C. ""Rip"" Sullivan, Jr.",D,Housing,Derived from LIS bill description,39,39,0,39,YES,100.0,0.0
2025,H0327,Rodney T. Willett,D,Housing,Derived from LIS bill description,36,35,0,35,YES,100.0,0.0
2025,H0365,"Rozia A. Henson, Jr.",D,Housing,Derived from LIS bill description,34,34,0,34,YES,100.0,0.0
2025,H0266,Sam Rasoul,D,Housing,Derived from LIS bill description,35,35,0,35,YES,100.0,0.0
2025,H0323,Shelly A. Simonds,D,Housing,Derived from LIS bill description,43,43,0,43,YES,100.0,0.0
2025,H0108,Vivian E. Watts,D,Housing,Derived from LIS bill description,37,37,0,37,YES,100.0,0.0
2025,H0264,Marcus B. Simon,D,Housing,Derived from LIS bill description,78,77,1,78,YES,98.71794871794873,1.282051282051282
2025,H0370,Karen Keys-Gamarra,D,Housing,Derived from LIS bill description,39,38,1,39,YES,97.43589743589743,2.564102564102564
2025,H0334,Elizabeth B. Bennett-Parker,D,Housing,Derived from LIS bill description,77,67,2,69,YES,97.10144927536231,2.898550724637681
2025,H0284,"Marcia S. ""Cia"" Price",D,Housing,Derived from LIS bill description,73,70,3,73,YES,95.8904109589041,4.10958904109589
2025,H0375,Adele Y. McClure,D,Human Rights,Official LIS subject,1,1,0,1,INSUFFICIENT DATA,100.0,0.0
2025,H0311,Alex Q. Askew,D,Human Rights,Official LIS subject,1,1,0,1,INSUFFICIENT DATA,100.0,0.0
2025,H0239,Alfonso H. Lopez,D,Human Rights,Official LIS subject,1,1,0,1,INSUFFICIENT DATA,100.0,0.0
2025,H0371,Amy J. Laufer,D,Human Rights,Official LIS subject,1,1,0,1,INSUFFICIENT DATA,100.0,0.0
2025,H0380,Atoosa R. Reaser,D,Human Rights,Official LIS subject,1,1,0,1,INSUFFICIENT DATA,100.0,0.0
2025,H0212,Betsy B. Carr,D,Human Rights,Official LIS subject,1,1,0,1,INSUFFICIENT DATA,100.0,0.0
2025,H0353,Bonita G. Anthony,D,Human Rights,Official LIS subject,2,2,0,2,INSUFFICIENT DATA,100.0,0.0
2025,H0343,Briana D. Sewell,D,Human Rights,Official LIS subject,1,1,0,1,INSUFFICIENT DATA,100.0,0.0
2025,H0285,"C.E. Cliff Hayes, Jr.",D,Human Rights,Official LIS subject,1,1,0,1,INSUFFICIENT DATA,100.0,0.0
2025,H0330,Candi Mundon King,D,Human Rights,Official LIS subject,1,1,0,1,INSUFFICIENT DATA,100.0,0.0
2025,H0208,Charniele L. Herring,D,Human Rights,Official LIS subject,1,1,0,1,INSUFFICIENT DATA,100.0,0.0
2025,H0317,Dan I. Helmer,D,Human Rights,Official LIS subject,1,1,0,1,INSUFFICIENT DATA,100.0,0.0
2025,H0301,David A. Reid,D,Human Rights,Official LIS subject,2,2,0,2,INSUFFICIENT DATA,100.0,0.0
2025,H0177,David L. Bulova,D,Human Rights,Official LIS subject,1,1,0,1,INSUFFICIENT DATA,100.0,0.0
2025,H0361,Debra D. Gardner,D,Human Rights,Official LIS subject,1,1,0,1,INSUFFICIENT DATA,100.0,0.0
2025,H0207,Delores L. McQuinn,D,Human Rights,Official LIS subject,1,1,0,1,INSUFFICIENT DATA,100.0,0.0
2025,H0372,Destiny LeVere Bolling,D,Human Rights,Official LIS subject,2,2,0,2,INSUFFICIENT DATA,100.0,0.0
2025,H0322,Don Scott,D,Human Rights,Official LIS subject,1,1,0,1,INSUFFICIENT DATA,100.0,0.0
2025,H0334,Elizabeth B. Bennett-Parker,D,Human Rights,Official LIS subject,1,1,0,1,INSUFFICIENT DATA,100.0,0.0
2025,H0351,Holly M. Seibold,D,Human Rights,Official LIS subject,1,1,0,1,INSUFFICIENT DATA,100.0,0.0
2025,H0344,Irene Shin,D,Human Rights,Official LIS subject,1,1,0,1,INSUFFICIENT DATA,100.0,0.0
2025,H0385,JJ Singh,D,Human Rights,Official LIS subject,1,1,0,1,INSUFFICIENT DATA,100.0,0.0
2025,H0349,Jackie H. Glass,D,Human Rights,Official LIS subject,2,2,0,2,INSUFFICIENT DATA,100.0,0.0
2025,H0173,Jeion A. Ward,D,Human Rights,Official LIS subject,1,1,0,1,INSUFFICIENT DATA,100.0,0.0
2025,H0382,Joshua E. Thomas,D,Human Rights,Official LIS subject,1,1,0,1,INSUFFICIENT DATA,100.0,0.0
2025,H0314,Joshua G. Cole,D,Human Rights,Official LIS subject,2,2,0,2,INSUFFICIENT DATA,100.0,0.0
2025,H0381,Kannan Srinivasan,D,Human Rights,Official LIS subject,1,1,0,1,INSUFFICIENT DATA,100.0,0.0
2025,H0370,Karen Keys-Gamarra,D,Human Rights,Official LIS subject,1,1,0,1,INSUFFICIENT DATA,100.0,0.0
2025,H0294,Karrie K. Delaney,D,Human Rights,Official LIS subject,1,1,0,1,INSUFFICIENT DATA,100.0,0.0
2025,H0305,Kathy K.L. Tran,D,Human Rights,Official LIS subject,1,1,0,1,INSUFFICIENT DATA,100.0,0.0
2025,H0354,Katrina Callsen,D,Human Rights,Official LIS subject,1,1,0,1,INSUFFICIENT DATA,100.0,0.0
2025,H0295,Kelly K. Convirs-Fowler,D,Human Rights,Official LIS subject,2,2,0,2,INSUFFICIENT DATA,100.0,0.0
2025,H0355,Laura Jane Cohen,D,Human Rights,Official LIS subject,1,1,0,1,INSUFFICIENT DATA,100.0,0.0
2025,H0227,Luke E. Torian,D,Human Rights,Official LIS subject,1,1,0,1,INSUFFICIENT DATA,100.0,0.0
2025,H0284,"Marcia S. ""Cia"" Price",D,Human Rights,Official LIS subject,2,2,0,2,INSUFFICIENT DATA,100.0,0.0
2025,H0264,Marcus B. Simon,D,Human Rights,Official LIS subject,1,1,0,1,INSUFFICIENT DATA,100.0,0.0
2025,H0172,Mark D. Sickles,D,Human Rights,Official LIS subject,2,2,0,2,INSUFFICIENT DATA,100.0,0.0
2025,H0374,Marty Martinez,D,Human Rights,Official LIS subject,1,1,0,1,INSUFFICIENT DATA,100.0,0.0
2025,H0360,Michael B. Feggans,D,Human Rights,Official LIS subject,1,1,0,1,INSUFFICIENT DATA,100.0,0.0
2025,H0368,Michael J. Jones,D,Human Rights,Official LIS subject,1,1,0,1,INSUFFICIENT DATA,100.0,0.0
2025,H0340,Michelle Lopes Maldonado,D,Human Rights,Official LIS subject,2,2,0,2,INSUFFICIENT DATA,100.0,0.0
2025,H0336,Nadarius E. Clark,D,Human Rights,Official LIS subject,1,1,0,1,INSUFFICIENT DATA,100.0,0.0
2025,H0219,Patrick A. Hope,D,Human Rights,Official LIS subject,1,1,0,1,INSUFFICIENT DATA,100.0,0.0
2025,H0281,Paul E. Krizek,D,Human Rights,Official LIS subject,2,2,0,2,INSUFFICIENT DATA,100.0,0.0
2025,H0366,Phil M. Hernandez,D,Human Rights,Official LIS subject,1,1,0,1,INSUFFICIENT DATA,100.0,0.0
2025,H0356,Rae Cousins,D,Human Rights,Official LIS subject,1,1,0,1,INSUFFICIENT DATA,100.0,0.0
2025,H0269,"Richard C. ""Rip"" Sullivan, Jr.",D,Human Rights,Official LIS subject,1,1,0,1,INSUFFICIENT DATA,100.0,0.0
2025,H0327,Rodney T. Willett,D,Human Rights,Official LIS subject,1,1,0,1,INSUFFICIENT DATA,100.0,0.0
2025,H0365,"Rozia A. Henson, Jr.",D,Human Rights,Official LIS subject,2,2,0,2,INSUFFICIENT DATA,100.0,0.0
2025,H0266,Sam Rasoul,D,Human Rights,Official LIS subject,1,1,0,1,INSUFFICIENT DATA,100.0,0.0
2025,H0323,Shelly A. Simonds,D,Human Rights,Official LIS subject,1,1,0,1,INSUFFICIENT DATA,100.0,0.0
2025,H0108,Vivian E. Watts,D,Human Rights,Official LIS subject,1,1,0,1,INSUFFICIENT DATA,100.0,0.0
2025,H0337,A.C. Cordoza,R,Human Rights,Official LIS subject,1,0,1,1,INSUFFICIENT DATA,0.0,100.0
2025,H0313,Amanda E. Batten,R,Human Rights,Official LIS subject,1,0,1,1,INSUFFICIENT DATA,0.0,100.0
2025,H0345,Anne Ferrell Tata,R,Human Rights,Official LIS subject,1,0,1,1,INSUFFICIENT DATA,0.0,100.0
2025,H0206,Barry D. Knight,R,Human Rights,Official LIS subject,1,0,1,1,INSUFFICIENT DATA,0.0,100.0
2025,H0329,Bill Wiley,R,Human Rights,Official LIS subject,1,0,1,1,INSUFFICIENT DATA,0.0,100.0
2025,H0181,C. Todd Gilbert,R,Human Rights,Official LIS subject,2,0,2,2,INSUFFICIENT DATA,0.0,100.0
2025,H0315,Carrie E. Coyner,R,Human Rights,Official LIS subject,1,0,1,1,INSUFFICIENT DATA,0.0,100.0
2025,H0378,Chris Obenshain,R,Human Rights,Official LIS subject,1,0,1,1,INSUFFICIENT DATA,0.0,100.0
2025,H0321,Chris S. Runion,R,Human Rights,Official LIS subject,1,0,1,1,INSUFFICIENT DATA,0.0,100.0
2025,H0150,"Daniel W. Marshall, III",R,Human Rights,Official LIS subject,1,0,0,0,INSUFFICIENT DATA,0.0,0.0
2025,H0379,David Owen,R,Human Rights,Official LIS subject,1,0,1,1,INSUFFICIENT DATA,0.0,100.0
2025,H0377,Delores Oates,R,Human Rights,Official LIS subject,1,0,1,1,INSUFFICIENT DATA,0.0,100.0
2025,H0350,Ellen H. Campbell,R,Human Rights,Official LIS subject,1,0,1,1,INSUFFICIENT DATA,0.0,100.0
2025,H0384,Eric Phillips,R,Human Rights,Official LIS subject,2,0,1,1,INSUFFICIENT DATA,0.0,100.0
2025,H0383,Eric R. Zehr,R,Human Rights,Official LIS subject,1,0,1,1,INSUFFICIENT DATA,0.0,100.0
2025,H0367,Geary Higgins,R,Human Rights,Official LIS subject,1,0,1,1,INSUFFICIENT DATA,0.0,100.0
2025,H0347,"H. Otto Wachsmann, Jr.",R,Human Rights,Official LIS subject,2,0,2,2,INSUFFICIENT DATA,0.0,100.0
2025,H0369,Hillary Pugh Kent,R,Human Rights,Official LIS subject,1,0,1,1,INSUFFICIENT DATA,0.0,100.0
2025,H0259,"Hyland F. ""Buddy"" Fowler, Jr.",R,Human Rights,Official LIS subject,1,0,1,1,INSUFFICIENT DATA,0.0,100.0
2025,H0373,Ian T. Lovejoy,R,Human Rights,Official LIS subject,1,0,1,1,INSUFFICIENT DATA,0.0,100.0
2025,H0242,Israel D. O'Quinn,R,Human Rights,Official LIS subject,2,0,2,2,INSUFFICIENT DATA,0.0,100.0
2025,H0262,"James A. ""Jay"" Leftwich",R,Human Rights,Official LIS subject,2,0,2,2,INSUFFICIENT DATA,0.0,100.0
2025,H0224,James W. Morefield,R,Human Rights,Official LIS subject,1,0,1,1,INSUFFICIENT DATA,0.0,100.0
2025,H0333,Jason S. Ballard,R,Human Rights,Official LIS subject,1,0,1,1,INSUFFICIENT DATA,0.0,100.0
2025,H0352,"Jonathan ""Jed"" Arnold",R,Human Rights,Official LIS subject,1,0,1,1,INSUFFICIENT DATA,0.0,100.0
2025,H0308,Joseph P. McNamara,R,Human Rights,Official LIS subject,1,0,1,1,INSUFFICIENT DATA,0.0,100.0
2025,H0346,Kim A. Taylor,R,Human Rights,Official LIS subject,1,0,1,1,INSUFFICIENT DATA,0.0,100.0
2025,H0238,M. Keith Hodges,R,Human Rights,Official LIS subject,1,0,1,1,INSUFFICIENT DATA,0.0,100.0
2025,H0358,"Mark L. Earley, Jr.",R,Human Rights,Official LIS subject,1,0,1,1,INSUFFICIENT DATA,0.0,100.0
2025,H0247,Michael J. Webert,R,Human Rights,Official LIS subject,1,0,1,1,INSUFFICIENT DATA,0.0,100.0
2025,H0335,Mike A. Cherry,R,Human Rights,Official LIS subject,2,0,2,2,INSUFFICIENT DATA,0.0,100.0
2025,H0359,N. Baxter Ennis,R,Human Rights,Official LIS subject,1,0,1,1,INSUFFICIENT DATA,0.0,100.0
2025,H0279,Nicholas J. Freitas,R,Human Rights,Official LIS subject,1,0,1,1,INSUFFICIENT DATA,0.0,100.0
2025,H0376,Paul V. Milde,R,Human Rights,Official LIS subject,2,0,2,2,INSUFFICIENT DATA,0.0,100.0
2025,H0342,Phillip A. Scott,R,Human Rights,Official LIS subject,2,0,2,2,INSUFFICIENT DATA,0.0,100.0
2025,H0124,R. Lee Ware,R,Human Rights,Official LIS subject,1,0,1,1,INSUFFICIENT DATA,0.0,100.0
2025,H0073,"Robert D. Orrock, Sr.",R,Human Rights,Official LIS subject,1,0,1,1,INSUFFICIENT DATA,0.0,100.0
2025,H0267,"Robert S. Bloxom, Jr.",R,Human Rights,Official LIS subject,2,0,2,2,INSUFFICIENT DATA,0.0,100.0
2025,H0328,Scott A. Wyatt,R,Human Rights,Official LIS subject,1,0,1,1,INSUFFICIENT DATA,0.0,100.0
2025,H0056,Terry G. Kilgore,R,Human Rights,Official LIS subject,1,0,1,1,INSUFFICIENT DATA,0.0,100.0
2025,H0253,Terry L. Austin,R,Human Rights,Official LIS subject,1,0,1,1,INSUFFICIENT DATA,0.0,100.0
2025,H0362,"Thomas A. Garrett, Jr.",R,Human Rights,Official LIS subject,1,0,1,1,INSUFFICIENT DATA,0.0,100.0
2025,H0136,"Thomas C. Wright, Jr.",R,Human Rights,Official LIS subject,1,0,1,1,INSUFFICIENT DATA,0.0,100.0
2025,H0364,Timothy P. Griffin,R,Human Rights,Official LIS subject,1,0,1,1,INSUFFICIENT DATA,0.0,100.0
2025,H0231,Tony O. Wilt,R,Human Rights,Official LIS subject,1,0,1,1,INSUFFICIENT DATA,0.0,100.0
2025,H0363,W. Chad Green,R,Human Rights,Official LIS subject,2,0,2,2,INSUFFICIENT DATA,0.0,100.0
2025,H0325,Wendell S. Walker,R,Human Rights,Official LIS subject,1,0,1,1,INSUFFICIENT DATA,0.0,100.0
2025,H0357,Will Davis,R,Human Rights,Official LIS subject,1,0,1,1,INSUFFICIENT DATA,0.0,100.0
2025,H0348,Wren M. Williams,R,Human Rights,Official LIS subject,1,0,1,1,INSUFFICIENT DATA,0.0,100.0
2025,H0206,Barry D. Knight,R,Insurance,Derived from LIS bill description,26,5,0,5,INSUFFICIENT DATA,100.0,0.0
2025,H0376,Paul V. Milde,R,Insurance,Derived from LIS bill description,26,16,9,25,MIXED,64.0,36.0
2025,H0329,Bill Wiley,R,Insurance,Derived from LIS bill description,32,20,12,32,MIXED,62.5,37.5
2025,H0348,Wren M. Williams,R,Insurance,Derived from LIS bill description,48,30,18,48,MIXED,62.5,37.5
2025,H0367,Geary Higgins,R,Insurance,Derived from LIS bill description,28,17,11,28,MIXED,60.71428571428571,39.285714285714285
2025,H0124,R. Lee Ware,R,Insurance,Derived from LIS bill description,28,17,11,28,MIXED,60.71428571428571,39.285714285714285
2025,H0325,Wendell S. Walker,R,Insurance,Derived from LIS bill description,30,18,12,30,MIXED,60.0,40.0
2025,H0377,Delores Oates,R,Insurance,Derived from LIS bill description,26,15,11,26,MIXED,57.692307692307686,42.30769230769231
2025,H0262,"James A. ""Jay"" Leftwich",R,Insurance,Derived from LIS bill description,26,14,11,25,MIXED,56.00000000000001,44.0
2025,H0362,"Thomas A. Garrett, Jr.",R,Insurance,Derived from LIS bill description,27,13,11,24,MIXED,54.166666666666664,45.83333333333333
2025,H0136,"Thomas C. Wright, Jr.",R,Insurance,Derived from LIS bill description,26,13,11,24,MIXED,54.166666666666664,45.83333333333333
2025,H0342,Phillip A. Scott,R,Insurance,Derived from LIS bill description,28,14,14,28,MIXED,50.0,50.0
2025,H0279,Nicholas J. Freitas,R,Insurance,Derived from LIS bill description,27,12,13,25,MIXED,48.0,52.0
2025,H0383,Eric R. Zehr,R,Insurance,Derived from LIS bill description,26,11,13,24,MIXED,45.83333333333333,54.166666666666664
2025,H0364,Timothy P. Griffin,R,Insurance,Derived from LIS bill description,26,11,15,26,MIXED,42.30769230769231,57.692307692307686
2025,H0368,Michael J. Jones,D,Insurance,Derived from LIS bill description,48,38,1,39,YES,97.43589743589743,2.564102564102564
2025,H0344,Irene Shin,D,Insurance,Derived from LIS bill description,73,68,5,73,YES,93.15068493150685,6.8493150684931505
2025,H0269,"Richard C. ""Rip"" Sullivan, Jr.",D,Insurance,Derived from LIS bill description,73,68,5,73,YES,93.15068493150685,6.8493150684931505
2025,H0315,Carrie E. Coyner,R,Insurance,Derived from LIS bill description,37,27,2,29,YES,93.10344827586206,6.896551724137931
2025,H0340,Michelle Lopes Maldonado,D,Insurance,Derived from LIS bill description,70,65,5,70,YES,92.85714285714286,7.142857142857142
2025,H0208,Charniele L. Herring,D,Insurance,Derived from LIS bill description,52,48,4,52,YES,92.3076923076923,7.6923076923076925
2025,H0372,Destiny LeVere Bolling,D,Insurance,Derived from LIS bill description,70,57,5,62,YES,91.93548387096774,8.064516129032258
2025,H0317,Dan I. Helmer,D,Insurance,Derived from LIS bill description,49,45,4,49,YES,91.83673469387756,8.16326530612245
2025,H0173,Jeion A. Ward,D,Insurance,Derived from LIS bill description,71,45,4,49,YES,91.83673469387756,8.16326530612245
2025,H0239,Alfonso H. Lopez,D,Insurance,Derived from LIS bill description,48,44,4,48,YES,91.66666666666666,8.333333333333332
2025,H0330,Candi Mundon King,D,Insurance,Derived from LIS bill description,49,44,4,48,YES,91.66666666666666,8.333333333333332
2025,H0295,Kelly K. Convirs-Fowler,D,Insurance,Derived from LIS bill description,48,44,4,48,YES,91.66666666666666,8.333333333333332
2025,H0360,Michael B. Feggans,D,Insurance,Derived from LIS bill description,48,44,4,48,YES,91.66666666666666,8.333333333333332
2025,H0172,Mark D. Sickles,D,Insurance,Derived from LIS bill description,41,34,4,38,YES,89.47368421052632,10.526315789473683
2025,H0361,Debra D. Gardner,D,Insurance,Derived from LIS bill description,29,25,3,28,YES,89.28571428571429,10.714285714285714
2025,H0212,Betsy B. Carr,D,Insurance,Derived from LIS bill description,37,33,4,37,YES,89.1891891891892,10.81081081081081
2025,H0264,Marcus B. Simon,D,Insurance,Derived from LIS bill description,27,24,3,27,YES,88.88888888888889,11.11111111111111
2025,H0281,Paul E. Krizek,D,Insurance,Derived from LIS bill description,36,32,4,36,YES,88.88888888888889,11.11111111111111
2025,H0266,Sam Rasoul,D,Insurance,Derived from LIS bill description,36,32,4,36,YES,88.88888888888889,11.11111111111111
2025,H0327,Rodney T. Willett,D,Insurance,Derived from LIS bill description,35,31,4,35,YES,88.57142857142857,11.428571428571429
2025,H0313,Amanda E. Batten,R,Insurance,Derived from LIS bill description,26,23,3,26,YES,88.46153846153845,11.538461538461538
2025,H0378,Chris Obenshain,R,Insurance,Derived from LIS bill description,26,23,3,26,YES,88.46153846153845,11.538461538461538
2025,H0363,W. Chad Green,R,Insurance,Derived from LIS bill description,26,23,3,26,YES,88.46153846153845,11.538461538461538
2025,H0285,"C.E. Cliff Hayes, Jr.",D,Insurance,Derived from LIS bill description,40,29,4,33,YES,87.87878787878788,12.121212121212121
2025,H0227,Luke E. Torian,D,Insurance,Derived from LIS bill description,37,29,4,33,YES,87.87878787878788,12.121212121212121
2025,H0311,Alex Q. Askew,D,Insurance,Derived from LIS bill description,32,28,4,32,YES,87.5,12.5
2025,H0343,Briana D. Sewell,D,Insurance,Derived from LIS bill description,32,28,4,32,YES,87.5,12.5
2025,H0301,David A. Reid,D,Insurance,Derived from LIS bill description,32,28,4,32,YES,87.5,12.5
2025,H0177,David L. Bulova,D,Insurance,Derived from LIS bill description,32,28,4,32,YES,87.5,12.5
2025,H0305,Kathy K.L. Tran,D,Insurance,Derived from LIS bill description,31,27,4,31,YES,87.09677419354838,12.903225806451612
2025,H0284,"Marcia S. ""Cia"" Price",D,Insurance,Derived from LIS bill description,30,26,4,30,YES,86.66666666666667,13.333333333333334
2025,H0314,Joshua G. Cole,D,Insurance,Derived from LIS bill description,29,25,4,29,YES,86.20689655172413,13.793103448275861
2025,H0219,Patrick A. Hope,D,Insurance,Derived from LIS bill description,29,25,4,29,YES,86.20689655172413,13.793103448275861
2025,H0371,Amy J. Laufer,D,Insurance,Derived from LIS bill description,28,24,4,28,YES,85.71428571428571,14.285714285714285
2025,H0353,Bonita G. Anthony,D,Insurance,Derived from LIS bill description,28,24,4,28,YES,85.71428571428571,14.285714285714285
2025,H0150,"Daniel W. Marshall, III",R,Insurance,Derived from LIS bill description,54,24,4,28,YES,85.71428571428571,14.285714285714285
2025,H0207,Delores L. McQuinn,D,Insurance,Derived from LIS bill description,32,24,4,28,YES,85.71428571428571,14.285714285714285
2025,H0354,Katrina Callsen,D,Insurance,Derived from LIS bill description,28,24,4,28,YES,85.71428571428571,14.285714285714285
2025,H0365,"Rozia A. Henson, Jr.",D,Insurance,Derived from LIS bill description,28,24,4,28,YES,85.71428571428571,14.285714285714285
2025,H0322,Don Scott,D,Insurance,Derived from LIS bill description,27,23,4,27,YES,85.18518518518519,14.814814814814813
2025,H0385,JJ Singh,D,Insurance,Derived from LIS bill description,29,23,4,27,YES,85.18518518518519,14.814814814814813
2025,H0370,Karen Keys-Gamarra,D,Insurance,Derived from LIS bill description,27,23,4,27,YES,85.18518518518519,14.814814814814813
2025,H0366,Phil M. Hernandez,D,Insurance,Derived from LIS bill description,27,23,4,27,YES,85.18518518518519,14.814814814814813
2025,H0323,Shelly A. Simonds,D,Insurance,Derived from LIS bill description,27,23,4,27,YES,85.18518518518519,14.814814814814813
2025,H0108,Vivian E. Watts,D,Insurance,Derived from LIS bill description,29,23,4,27,YES,85.18518518518519,14.814814814814813
2025,H0337,A.C. Cordoza,R,Insurance,Derived from LIS bill description,26,22,4,26,YES,84.61538461538461,15.384615384615385
2025,H0375,Adele Y. McClure,D,Insurance,Derived from LIS bill description,26,22,4,26,YES,84.61538461538461,15.384615384615385
2025,H0380,Atoosa R. Reaser,D,Insurance,Derived from LIS bill description,26,22,4,26,YES,84.61538461538461,15.384615384615385
2025,H0334,Elizabeth B. Bennett-Parker,D,Insurance,Derived from LIS bill description,28,22,4,26,YES,84.61538461538461,15.384615384615385
2025,H0351,Holly M. Seibold,D,Insurance,Derived from LIS bill description,26,22,4,26,YES,84.61538461538461,15.384615384615385
2025,H0373,Ian T. Lovejoy,R,Insurance,Derived from LIS bill description,26,22,4,26,YES,84.61538461538461,15.384615384615385
2025,H0349,Jackie H. Glass,D,Insurance,Derived from LIS bill description,26,22,4,26,YES,84.61538461538461,15.384615384615385
2025,H0382,Joshua E. Thomas,D,Insurance,Derived from LIS bill description,26,22,4,26,YES,84.61538461538461,15.384615384615385
2025,H0294,Karrie K. Delaney,D,Insurance,Derived from LIS bill description,26,22,4,26,YES,84.61538461538461,15.384615384615385
2025,H0355,Laura Jane Cohen,D,Insurance,Derived from LIS bill description,26,22,4,26,YES,84.61538461538461,15.384615384615385
2025,H0374,Marty Martinez,D,Insurance,Derived from LIS bill description,26,22,4,26,YES,84.61538461538461,15.384615384615385
2025,H0356,Rae Cousins,D,Insurance,Derived from LIS bill description,26,22,4,26,YES,84.61538461538461,15.384615384615385
2025,H0056,Terry G. Kilgore,R,Insurance,Derived from LIS bill description,71,58,11,69,YES,84.05797101449275,15.942028985507244
2025,H0336,Nadarius E. Clark,D,Insurance,Derived from LIS bill description,26,21,4,25,YES,84.0,16.0
2025,H0238,M. Keith Hodges,R,Insurance,Derived from LIS bill description,40,33,7,40,YES,82.5,17.5
2025,H0346,Kim A. Taylor,R,Insurance,Derived from LIS bill description,29,23,5,28,YES,82.14285714285714,17.857142857142858
2025,H0350,Ellen H. Campbell,R,Insurance,Derived from LIS bill description,36,27,6,33,YES,81.81818181818183,18.181818181818183
2025,H0253,Terry L. Austin,R,Insurance,Derived from LIS bill description,33,27,6,33,YES,81.81818181818183,18.181818181818183
2025,H0242,Israel D. O'Quinn,R,Insurance,Derived from LIS bill description,49,38,9,47,YES,80.85106382978722,19.148936170212767
2025,H0224,James W. Morefield,R,Insurance,Derived from LIS bill description,32,25,6,31,YES,80.64516129032258,19.35483870967742
2025,H0267,"Robert S. Bloxom, Jr.",R,Insurance,Derived from LIS bill description,32,25,6,31,YES,80.64516129032258,19.35483870967742
2025,H0379,David Owen,R,Insurance,Derived from LIS bill description,29,23,6,29,YES,79.3103448275862,20.689655172413794
2025,H0333,Jason S. Ballard,R,Insurance,Derived from LIS bill description,48,37,10,47,YES,78.72340425531915,21.27659574468085
2025,H0358,"Mark L. Earley, Jr.",R,Insurance,Derived from LIS bill description,26,18,5,23,YES,78.26086956521739,21.73913043478261
2025,H0345,Anne Ferrell Tata,R,Insurance,Derived from LIS bill description,32,24,7,31,YES,77.41935483870968,22.58064516129032
2025,H0308,Joseph P. McNamara,R,Insurance,Derived from LIS bill description,71,51,15,66,YES,77.27272727272727,22.727272727272727
2025,H0384,Eric Phillips,R,Insurance,Derived from LIS bill description,26,20,6,26,YES,76.92307692307693,23.076923076923077
2025,H0073,"Robert D. Orrock, Sr.",R,Insurance,Derived from LIS bill description,30,23,7,30,YES,76.66666666666667,23.333333333333332
2025,H0335,Mike A. Cherry,R,Insurance,Derived from LIS bill description,29,22,7,29,YES,75.86206896551724,24.137931034482758
2025,H0247,Michael J. Webert,R,Insurance,Derived from LIS bill description,49,35,12,47,YES,74.46808510638297,25.53191489361702
2025,H0231,Tony O. Wilt,R,Insurance,Derived from LIS bill description,70,52,18,70,YES,74.28571428571429,25.71428571428571
2025,H0359,N. Baxter Ennis,R,Insurance,Derived from LIS bill description,28,20,7,27,YES,74.07407407407408,25.925925925925924
2025,H0357,Will Davis,R,Insurance,Derived from LIS bill description,27,20,7,27,YES,74.07407407407408,25.925925925925924
2025,H0328,Scott A. Wyatt,R,Insurance,Derived from LIS bill description,32,22,9,31,YES,70.96774193548387,29.03225806451613
2025,H0352,"Jonathan ""Jed"" Arnold",R,Insurance,Derived from LIS bill description,26,18,8,26,YES,69.23076923076923,30.76923076923077
2025,H0347,"H. Otto Wachsmann, Jr.",R,Insurance,Derived from LIS bill description,29,20,9,29,YES,68.96551724137932,31.03448275862069
2025,H0321,Chris S. Runion,R,Insurance,Derived from LIS bill description,49,33,15,48,YES,68.75,31.25
2025,H0181,C. Todd Gilbert,R,Insurance,Derived from LIS bill description,49,32,16,48,YES,66.66666666666666,33.33333333333333
2025,H0369,Hillary Pugh Kent,R,Insurance,Derived from LIS bill description,27,18,9,27,YES,66.66666666666666,33.33333333333333
2025,H0259,"Hyland F. ""Buddy"" Fowler, Jr.",R,Insurance,Derived from LIS bill description,27,17,9,26,YES,65.38461538461539,34.61538461538461
2025,H0359,N. Baxter Ennis,R,Labor and Employment,Derived from LIS bill description,84,39,41,80,MIXED,48.75,51.24999999999999
2025,H0315,Carrie E. Coyner,R,Labor and Employment,Derived from LIS bill description,111,46,52,98,MIXED,46.93877551020408,53.06122448979592
2025,H0378,Chris Obenshain,R,Labor and Employment,Derived from LIS bill description,79,36,42,78,MIXED,46.15384615384615,53.84615384615385
2025,H0352,"Jonathan ""Jed"" Arnold",R,Labor and Employment,Derived from LIS bill description,81,34,45,79,MIXED,43.037974683544306,56.9620253164557
2025,H0358,"Mark L. Earley, Jr.",R,Labor and Employment,Derived from LIS bill description,76,32,43,75,MIXED,42.66666666666667,57.333333333333336
2025,H0329,Bill Wiley,R,Labor and Employment,Derived from LIS bill description,93,39,54,93,MIXED,41.935483870967744,58.06451612903226
2025,H0253,Terry L. Austin,R,Labor and Employment,Derived from LIS bill description,90,37,52,89,MIXED,41.57303370786517,58.42696629213483
2025,H0357,Will Davis,R,Labor and Employment,Derived from LIS bill description,77,32,45,77,MIXED,41.55844155844156,58.44155844155844
2025,H0346,Kim A. Taylor,R,Labor and Employment,Derived from LIS bill description,77,30,43,73,MIXED,41.0958904109589,58.9041095890411
2025,H0363,W. Chad Green,R,Labor and Employment,Derived from LIS bill description,90,36,53,89,MIXED,40.44943820224719,59.55056179775281
2025,H0337,A.C. Cordoza,R,Labor and Employment,Derived from LIS bill description,82,33,49,82,MIXED,40.243902439024396,59.756097560975604
2025,H0313,Amanda E. Batten,R,Labor and Employment,Derived from LIS bill description,91,36,54,90,MIXED,40.0,60.0
2025,H0379,David Owen,R,Labor and Employment,Derived from LIS bill description,78,31,47,78,MIXED,39.743589743589745,60.256410256410255
2025,H0267,"Robert S. Bloxom, Jr.",R,Labor and Employment,Derived from LIS bill description,96,38,58,96,MIXED,39.58333333333333,60.416666666666664
2025,H0238,M. Keith Hodges,R,Labor and Employment,Derived from LIS bill description,90,35,55,90,MIXED,38.88888888888889,61.111111111111114
2025,H0224,James W. Morefield,R,Labor and Employment,Derived from LIS bill description,89,33,53,86,MIXED,38.372093023255815,61.627906976744185
2025,H0262,"James A. ""Jay"" Leftwich",R,Labor and Employment,Derived from LIS bill description,85,32,52,84,MIXED,38.095238095238095,61.904761904761905
2025,H0350,Ellen H. Campbell,R,Labor and Employment,Derived from LIS bill description,95,35,57,92,MIXED,38.04347826086957,61.95652173913043
2025,H0335,Mike A. Cherry,R,Labor and Employment,Derived from LIS bill description,92,34,56,90,MIXED,37.77777777777778,62.22222222222222
2025,H0073,"Robert D. Orrock, Sr.",R,Labor and Employment,Derived from LIS bill description,75,27,45,72,MIXED,37.5,62.5
2025,H0056,Terry G. Kilgore,R,Labor and Employment,Derived from LIS bill description,112,41,69,110,MIXED,37.27272727272727,62.727272727272734
2025,H0384,Eric Phillips,R,Labor and Employment,Derived from LIS bill description,75,27,46,73,MIXED,36.986301369863014,63.013698630136986
2025,H0347,"H. Otto Wachsmann, Jr.",R,Labor and Employment,Derived from LIS bill description,73,27,46,73,MIXED,36.986301369863014,63.013698630136986
2025,H0259,"Hyland F. ""Buddy"" Fowler, Jr.",R,Labor and Employment,Derived from LIS bill description,80,28,48,76,MIXED,36.84210526315789,63.1578947368421
2025,H0328,Scott A. Wyatt,R,Labor and Employment,Derived from LIS bill description,88,32,55,87,MIXED,36.7816091954023,63.2183908045977
2025,H0206,Barry D. Knight,R,Labor and Employment,Derived from LIS bill description,78,11,19,30,MIXED,36.666666666666664,63.33333333333333
2025,H0342,Phillip A. Scott,R,Labor and Employment,Derived from LIS bill description,80,29,51,80,MIXED,36.25,63.74999999999999
2025,H0345,Anne Ferrell Tata,R,Labor and Employment,Derived from LIS bill description,98,35,63,98,MIXED,35.714285714285715,64.28571428571429
2025,H0373,Ian T. Lovejoy,R,Labor and Employment,Derived from LIS bill description,73,26,47,73,MIXED,35.61643835616438,64.38356164383562
2025,H0279,Nicholas J. Freitas,R,Labor and Employment,Derived from LIS bill description,80,27,50,77,MIXED,35.064935064935064,64.93506493506493
2025,H0333,Jason S. Ballard,R,Labor and Employment,Derived from LIS bill description,131,45,84,129,NO,34.883720930232556,65.11627906976744
2025,H0325,Wendell S. Walker,R,Labor and Employment,Derived from LIS bill description,75,26,49,75,NO,34.66666666666667,65.33333333333333
2025,H0369,Hillary Pugh Kent,R,Labor and Employment,Derived from LIS bill description,73,25,48,73,NO,34.24657534246575,65.75342465753424
2025,H0362,"Thomas A. Garrett, Jr.",R,Labor and Employment,Derived from LIS bill description,80,25,48,73,NO,34.24657534246575,65.75342465753424
2025,H0231,Tony O. Wilt,R,Labor and Employment,Derived from LIS bill description,111,38,73,111,NO,34.234234234234236,65.76576576576578
2025,H0367,Geary Higgins,R,Labor and Employment,Derived from LIS bill description,76,26,50,76,NO,34.21052631578947,65.78947368421053
2025,H0383,Eric R. Zehr,R,Labor and Employment,Derived from LIS bill description,79,27,52,79,NO,34.177215189873415,65.82278481012658
2025,H0376,Paul V. Milde,R,Labor and Employment,Derived from LIS bill description,72,23,45,68,NO,33.82352941176471,66.17647058823529
2025,H0377,Delores Oates,R,Labor and Employment,Derived from LIS bill description,78,26,52,78,NO,33.33333333333333,66.66666666666666
2025,H0247,Michael J. Webert,R,Labor and Employment,Derived from LIS bill description,108,36,72,108,NO,33.33333333333333,66.66666666666666
2025,H0136,"Thomas C. Wright, Jr.",R,Labor and Employment,Derived from LIS bill description,72,22,44,66,NO,33.33333333333333,66.66666666666666
2025,H0364,Timothy P. Griffin,R,Labor and Employment,Derived from LIS bill description,72,23,49,72,NO,31.944444444444443,68.05555555555556
2025,H0348,Wren M. Williams,R,Labor and Employment,Derived from LIS bill description,110,34,76,110,NO,30.909090909090907,69.0909090909091
2025,H0242,Israel D. O'Quinn,R,Labor and Employment,Derived from LIS bill description,105,30,73,103,NO,29.126213592233007,70.87378640776699
2025,H0124,R. Lee Ware,R,Labor and Employment,Derived from LIS bill description,74,21,53,74,NO,28.37837837837838,71.62162162162163
2025,H0181,C. Todd Gilbert,R,Labor and Employment,Derived from LIS bill description,106,28,76,104,NO,26.923076923076923,73.07692307692307
2025,H0321,Chris S. Runion,R,Labor and Employment,Derived from LIS bill description,127,34,93,127,NO,26.77165354330709,73.22834645669292
2025,H0308,Joseph P. McNamara,R,Labor and Employment,Derived from LIS bill description,107,28,78,106,NO,26.41509433962264,73.58490566037736
2025,H0150,"Daniel W. Marshall, III",R,Labor and Employment,Derived from LIS bill description,143,17,53,70,NO,24.285714285714285,75.71428571428571
2025,H0239,Alfonso H. Lopez,D,Labor and Employment,Derived from LIS bill description,131,129,2,131,YES,98.47328244274809,1.5267175572519083
2025,H0269,"Richard C. ""Rip"" Sullivan, Jr.",D,Labor and Employment,Derived from LIS bill description,116,104,2,106,YES,98.11320754716981,1.8867924528301887
2025,H0266,Sam Rasoul,D,Labor and Employment,Derived from LIS bill description,109,98,2,100,YES,98.0,2.0
2025,H0368,Michael J. Jones,D,Labor and Employment,Derived from LIS bill description,105,96,2,98,YES,97.95918367346938,2.0408163265306123
2025,H0372,Destiny LeVere Bolling,D,Labor and Employment,Derived from LIS bill description,145,131,3,134,YES,97.76119402985076,2.2388059701492535
2025,H0295,Kelly K. Convirs-Fowler,D,Labor and Employment,Derived from LIS bill description,132,129,3,132,YES,97.72727272727273,2.272727272727273
2025,H0317,Dan I. Helmer,D,Labor and Employment,Derived from LIS bill description,130,127,3,130,YES,97.6923076923077,2.307692307692308
2025,H0360,Michael B. Feggans,D,Labor and Employment,Derived from LIS bill description,129,123,3,126,YES,97.61904761904762,2.380952380952381
2025,H0344,Irene Shin,D,Labor and Employment,Derived from LIS bill description,110,107,3,110,YES,97.27272727272728,2.727272727272727
2025,H0340,Michelle Lopes Maldonado,D,Labor and Employment,Derived from LIS bill description,109,106,3,109,YES,97.24770642201835,2.7522935779816518
2025,H0208,Charniele L. Herring,D,Labor and Employment,Derived from LIS bill description,107,104,3,107,YES,97.19626168224299,2.803738317757009
2025,H0173,Jeion A. Ward,D,Labor and Employment,Derived from LIS bill description,130,103,3,106,YES,97.16981132075472,2.8301886792452833
2025,H0311,Alex Q. Askew,D,Labor and Employment,Derived from LIS bill description,106,100,3,103,YES,97.0873786407767,2.912621359223301
2025,H0177,David L. Bulova,D,Labor and Employment,Derived from LIS bill description,102,95,3,98,YES,96.93877551020408,3.061224489795918
2025,H0281,Paul E. Krizek,D,Labor and Employment,Derived from LIS bill description,98,95,3,98,YES,96.93877551020408,3.061224489795918
2025,H0380,Atoosa R. Reaser,D,Labor and Employment,Derived from LIS bill description,97,94,3,97,YES,96.90721649484536,3.0927835051546393
2025,H0172,Mark D. Sickles,D,Labor and Employment,Derived from LIS bill description,94,91,3,94,YES,96.80851063829788,3.1914893617021276
2025,H0323,Shelly A. Simonds,D,Labor and Employment,Derived from LIS bill description,94,91,3,94,YES,96.80851063829788,3.1914893617021276
2025,H0343,Briana D. Sewell,D,Labor and Employment,Derived from LIS bill description,93,90,3,93,YES,96.7741935483871,3.225806451612903
2025,H0327,Rodney T. Willett,D,Labor and Employment,Derived from LIS bill description,93,90,3,93,YES,96.7741935483871,3.225806451612903
2025,H0227,Luke E. Torian,D,Labor and Employment,Derived from LIS bill description,101,86,3,89,YES,96.62921348314607,3.3707865168539324
2025,H0264,Marcus B. Simon,D,Labor and Employment,Derived from LIS bill description,93,86,3,89,YES,96.62921348314607,3.3707865168539324
2025,H0301,David A. Reid,D,Labor and Employment,Derived from LIS bill description,86,83,3,86,YES,96.51162790697676,3.488372093023256
2025,H0294,Karrie K. Delaney,D,Labor and Employment,Derived from LIS bill description,87,83,3,86,YES,96.51162790697676,3.488372093023256
2025,H0375,Adele Y. McClure,D,Labor and Employment,Derived from LIS bill description,85,82,3,85,YES,96.47058823529412,3.5294117647058822
2025,H0351,Holly M. Seibold,D,Labor and Employment,Derived from LIS bill description,85,80,3,83,YES,96.3855421686747,3.614457831325301
2025,H0354,Katrina Callsen,D,Labor and Employment,Derived from LIS bill description,83,79,3,82,YES,96.34146341463415,3.6585365853658534
2025,H0219,Patrick A. Hope,D,Labor and Employment,Derived from LIS bill description,84,79,3,82,YES,96.34146341463415,3.6585365853658534
2025,H0371,Amy J. Laufer,D,Labor and Employment,Derived from LIS bill description,81,77,3,80,YES,96.25,3.75
2025,H0355,Laura Jane Cohen,D,Labor and Employment,Derived from LIS bill description,80,77,3,80,YES,96.25,3.75
2025,H0108,Vivian E. Watts,D,Labor and Employment,Derived from LIS bill description,81,77,3,80,YES,96.25,3.75
2025,H0334,Elizabeth B. Bennett-Parker,D,Labor and Employment,Derived from LIS bill description,80,76,3,79,YES,96.20253164556962,3.79746835443038
2025,H0370,Karen Keys-Gamarra,D,Labor and Employment,Derived from LIS bill description,79,76,3,79,YES,96.20253164556962,3.79746835443038
2025,H0284,"Marcia S. ""Cia"" Price",D,Labor and Employment,Derived from LIS bill description,79,76,3,79,YES,96.20253164556962,3.79746835443038
2025,H0336,Nadarius E. Clark,D,Labor and Employment,Derived from LIS bill description,83,76,3,79,YES,96.20253164556962,3.79746835443038
2025,H0366,Phil M. Hernandez,D,Labor and Employment,Derived from LIS bill description,79,76,3,79,YES,96.20253164556962,3.79746835443038
2025,H0285,"C.E. Cliff Hayes, Jr.",D,Labor and Employment,Derived from LIS bill description,90,75,3,78,YES,96.15384615384616,3.8461538461538463
2025,H0314,Joshua G. Cole,D,Labor and Employment,Derived from LIS bill description,83,75,3,78,YES,96.15384615384616,3.8461538461538463
2025,H0207,Delores L. McQuinn,D,Labor and Employment,Derived from LIS bill description,92,73,3,76,YES,96.05263157894737,3.9473684210526314
2025,H0305,Kathy K.L. Tran,D,Labor and Employment,Derived from LIS bill description,76,73,3,76,YES,96.05263157894737,3.9473684210526314
2025,H0212,Betsy B. Carr,D,Labor and Employment,Derived from LIS bill description,101,97,4,101,YES,96.03960396039604,3.9603960396039604
2025,H0356,Rae Cousins,D,Labor and Employment,Derived from LIS bill description,100,96,4,100,YES,96.0,4.0
2025,H0353,Bonita G. Anthony,D,Labor and Employment,Derived from LIS bill description,74,71,3,74,YES,95.94594594594594,4.054054054054054
2025,H0361,Debra D. Gardner,D,Labor and Employment,Derived from LIS bill description,77,71,3,74,YES,95.94594594594594,4.054054054054054
2025,H0385,JJ Singh,D,Labor and Employment,Derived from LIS bill description,74,70,3,73,YES,95.8904109589041,4.10958904109589
2025,H0365,"Rozia A. Henson, Jr.",D,Labor and Employment,Derived from LIS bill description,73,70,3,73,YES,95.8904109589041,4.10958904109589
2025,H0322,Don Scott,D,Labor and Employment,Derived from LIS bill description,73,69,3,72,YES,95.83333333333334,4.166666666666666
2025,H0374,Marty Martinez,D,Labor and Employment,Derived from LIS bill description,73,69,3,72,YES,95.83333333333334,4.166666666666666
2025,H0330,Candi Mundon King,D,Labor and Employment,Derived from LIS bill description,114,107,5,112,YES,95.53571428571429,4.464285714285714
2025,H0382,Joshua E. Thomas,D,Labor and Employment,Derived from LIS bill description,89,82,4,86,YES,95.34883720930233,4.651162790697675
2025,H0349,Jackie H. Glass,D,Labor and Employment,Derived from LIS bill description,72,68,4,72,YES,94.44444444444444,5.555555555555555
2025,H0206,Barry D. Knight,R,Local Government,Derived from LIS bill description,32,6,3,9,INSUFFICIENT DATA,66.66666666666666,33.33333333333333
2025,H0150,"Daniel W. Marshall, III",R,Local Government,Derived from LIS bill description,25,3,4,7,INSUFFICIENT DATA,42.857142857142854,57.14285714285714
2025,H0359,N. Baxter Ennis,R,Local Government,Derived from LIS bill description,18,11,6,17,MIXED,64.70588235294117,35.294117647058826
2025,H0224,James W. Morefield,R,Local Government,Derived from LIS bill description,40,25,15,40,MIXED,62.5,37.5
2025,H0345,Anne Ferrell Tata,R,Local Government,Derived from LIS bill description,37,22,15,37,MIXED,59.45945945945946,40.54054054054054
2025,H0253,Terry L. Austin,R,Local Government,Derived from LIS bill description,30,17,13,30,MIXED,56.666666666666664,43.333333333333336
2025,H0346,Kim A. Taylor,R,Local Government,Derived from LIS bill description,18,9,7,16,MIXED,56.25,43.75
2025,H0267,"Robert S. Bloxom, Jr.",R,Local Government,Derived from LIS bill description,32,18,14,32,MIXED,56.25,43.75
2025,H0373,Ian T. Lovejoy,R,Local Government,Derived from LIS bill description,29,16,13,29,MIXED,55.172413793103445,44.827586206896555
2025,H0259,"Hyland F. ""Buddy"" Fowler, Jr.",R,Local Government,Derived from LIS bill description,25,12,10,22,MIXED,54.54545454545454,45.45454545454545
2025,H0321,Chris S. Runion,R,Local Government,Derived from LIS bill description,24,13,11,24,MIXED,54.166666666666664,45.83333333333333
2025,H0352,"Jonathan ""Jed"" Arnold",R,Local Government,Derived from LIS bill description,28,14,12,26,MIXED,53.84615384615385,46.15384615384615
2025,H0328,Scott A. Wyatt,R,Local Government,Derived from LIS bill description,30,16,14,30,MIXED,53.333333333333336,46.666666666666664
2025,H0337,A.C. Cordoza,R,Local Government,Derived from LIS bill description,19,10,9,19,MIXED,52.63157894736842,47.368421052631575
2025,H0363,W. Chad Green,R,Local Government,Derived from LIS bill description,21,11,10,21,MIXED,52.38095238095239,47.61904761904761
2025,H0238,M. Keith Hodges,R,Local Government,Derived from LIS bill description,35,18,17,35,MIXED,51.42857142857142,48.57142857142857
2025,H0350,Ellen H. Campbell,R,Local Government,Derived from LIS bill description,40,20,20,40,MIXED,50.0,50.0
2025,H0384,Eric Phillips,R,Local Government,Derived from LIS bill description,19,9,9,18,MIXED,50.0,50.0
2025,H0136,"Thomas C. Wright, Jr.",R,Local Government,Derived from LIS bill description,20,9,9,18,MIXED,50.0,50.0
2025,H0369,Hillary Pugh Kent,R,Local Government,Derived from LIS bill description,19,9,10,19,MIXED,47.368421052631575,52.63157894736842
2025,H0376,Paul V. Milde,R,Local Government,Derived from LIS bill description,19,9,10,19,MIXED,47.368421052631575,52.63157894736842
2025,H0262,"James A. ""Jay"" Leftwich",R,Local Government,Derived from LIS bill description,26,12,14,26,MIXED,46.15384615384615,53.84615384615385
2025,H0124,R. Lee Ware,R,Local Government,Derived from LIS bill description,22,10,12,22,MIXED,45.45454545454545,54.54545454545454
2025,H0347,"H. Otto Wachsmann, Jr.",R,Local Government,Derived from LIS bill description,20,9,11,20,MIXED,45.0,55.00000000000001
2025,H0379,David Owen,R,Local Government,Derived from LIS bill description,18,8,10,18,MIXED,44.44444444444444,55.55555555555556
2025,H0325,Wendell S. Walker,R,Local Government,Derived from LIS bill description,18,8,10,18,MIXED,44.44444444444444,55.55555555555556
2025,H0367,Geary Higgins,R,Local Government,Derived from LIS bill description,34,15,19,34,MIXED,44.11764705882353,55.88235294117647
2025,H0329,Bill Wiley,R,Local Government,Derived from LIS bill description,25,11,14,25,MIXED,44.0,56.00000000000001
2025,H0056,Terry G. Kilgore,R,Local Government,Derived from LIS bill description,25,10,13,23,MIXED,43.47826086956522,56.52173913043478
2025,H0313,Amanda E. Batten,R,Local Government,Derived from LIS bill description,19,8,11,19,MIXED,42.10526315789473,57.89473684210527
2025,H0378,Chris Obenshain,R,Local Government,Derived from LIS bill description,19,8,11,19,MIXED,42.10526315789473,57.89473684210527
2025,H0358,"Mark L. Earley, Jr.",R,Local Government,Derived from LIS bill description,19,8,11,19,MIXED,42.10526315789473,57.89473684210527
2025,H0073,"Robert D. Orrock, Sr.",R,Local Government,Derived from LIS bill description,19,8,11,19,MIXED,42.10526315789473,57.89473684210527
2025,H0242,Israel D. O'Quinn,R,Local Government,Derived from LIS bill description,25,10,14,24,MIXED,41.66666666666667,58.333333333333336
2025,H0231,Tony O. Wilt,R,Local Government,Derived from LIS bill description,24,10,14,24,MIXED,41.66666666666667,58.333333333333336
2025,H0377,Delores Oates,R,Local Government,Derived from LIS bill description,34,14,20,34,MIXED,41.17647058823529,58.82352941176471
2025,H0348,Wren M. Williams,R,Local Government,Derived from LIS bill description,22,9,13,22,MIXED,40.909090909090914,59.09090909090909
2025,H0335,Mike A. Cherry,R,Local Government,Derived from LIS bill description,20,8,12,20,MIXED,40.0,60.0
2025,H0181,C. Todd Gilbert,R,Local Government,Derived from LIS bill description,25,9,15,24,MIXED,37.5,62.5
2025,H0342,Phillip A. Scott,R,Local Government,Derived from LIS bill description,19,7,12,19,MIXED,36.84210526315789,63.1578947368421
2025,H0357,Will Davis,R,Local Government,Derived from LIS bill description,20,7,13,20,NO,35.0,65.0
2025,H0333,Jason S. Ballard,R,Local Government,Derived from LIS bill description,23,8,15,23,NO,34.78260869565217,65.21739130434783
2025,H0308,Joseph P. McNamara,R,Local Government,Derived from LIS bill description,33,11,21,32,NO,34.375,65.625
2025,H0383,Eric R. Zehr,R,Local Government,Derived from LIS bill description,18,6,12,18,NO,33.33333333333333,66.66666666666666
2025,H0247,Michael J. Webert,R,Local Government,Derived from LIS bill description,26,8,16,24,NO,33.33333333333333,66.66666666666666
2025,H0279,Nicholas J. Freitas,R,Local Government,Derived from LIS bill description,18,6,12,18,NO,33.33333333333333,66.66666666666666
2025,H0362,"Thomas A. Garrett, Jr.",R,Local Government,Derived from LIS bill description,18,5,10,15,NO,33.33333333333333,66.66666666666666
2025,H0364,Timothy P. Griffin,R,Local Government,Derived from LIS bill description,19,6,13,19,NO,31.57894736842105,68.42105263157895
2025,H0375,Adele Y. McClure,D,Local Government,Derived from LIS bill description,24,24,0,24,YES,100.0,0.0
2025,H0371,Amy J. Laufer,D,Local Government,Derived from LIS bill description,21,21,0,21,YES,100.0,0.0
2025,H0212,Betsy B. Carr,D,Local Government,Derived from LIS bill description,33,33,0,33,YES,100.0,0.0
2025,H0353,Bonita G. Anthony,D,Local Government,Derived from LIS bill description,19,19,0,19,YES,100.0,0.0
2025,H0285,"C.E. Cliff Hayes, Jr.",D,Local Government,Derived from LIS bill description,21,19,0,19,YES,100.0,0.0
2025,H0208,Charniele L. Herring,D,Local Government,Derived from LIS bill description,28,28,0,28,YES,100.0,0.0
2025,H0317,Dan I. Helmer,D,Local Government,Derived from LIS bill description,24,24,0,24,YES,100.0,0.0
2025,H0301,David A. Reid,D,Local Government,Derived from LIS bill description,20,20,0,20,YES,100.0,0.0
2025,H0177,David L. Bulova,D,Local Government,Derived from LIS bill description,33,30,0,30,YES,100.0,0.0
2025,H0207,Delores L. McQuinn,D,Local Government,Derived from LIS bill description,19,15,0,15,YES,100.0,0.0
2025,H0372,Destiny LeVere Bolling,D,Local Government,Derived from LIS bill description,24,24,0,24,YES,100.0,0.0
2025,H0322,Don Scott,D,Local Government,Derived from LIS bill description,20,19,0,19,YES,100.0,0.0
2025,H0351,Holly M. Seibold,D,Local Government,Derived from LIS bill description,23,23,0,23,YES,100.0,0.0
2025,H0385,JJ Singh,D,Local Government,Derived from LIS bill description,20,20,0,20,YES,100.0,0.0
2025,H0349,Jackie H. Glass,D,Local Government,Derived from LIS bill description,23,20,0,20,YES,100.0,0.0
2025,H0173,Jeion A. Ward,D,Local Government,Derived from LIS bill description,26,22,0,22,YES,100.0,0.0
2025,H0382,Joshua E. Thomas,D,Local Government,Derived from LIS bill description,29,29,0,29,YES,100.0,0.0
2025,H0314,Joshua G. Cole,D,Local Government,Derived from LIS bill description,24,22,0,22,YES,100.0,0.0
2025,H0370,Karen Keys-Gamarra,D,Local Government,Derived from LIS bill description,21,21,0,21,YES,100.0,0.0
2025,H0294,Karrie K. Delaney,D,Local Government,Derived from LIS bill description,25,23,0,23,YES,100.0,0.0
2025,H0305,Kathy K.L. Tran,D,Local Government,Derived from LIS bill description,23,23,0,23,YES,100.0,0.0
2025,H0295,Kelly K. Convirs-Fowler,D,Local Government,Derived from LIS bill description,22,21,0,21,YES,100.0,0.0
2025,H0227,Luke E. Torian,D,Local Government,Derived from LIS bill description,28,26,0,26,YES,100.0,0.0
2025,H0284,"Marcia S. ""Cia"" Price",D,Local Government,Derived from LIS bill description,29,28,0,28,YES,100.0,0.0
2025,H0264,Marcus B. Simon,D,Local Government,Derived from LIS bill description,31,31,0,31,YES,100.0,0.0
2025,H0172,Mark D. Sickles,D,Local Government,Derived from LIS bill description,25,25,0,25,YES,100.0,0.0
2025,H0360,Michael B. Feggans,D,Local Government,Derived from LIS bill description,22,22,0,22,YES,100.0,0.0
2025,H0340,Michelle Lopes Maldonado,D,Local Government,Derived from LIS bill description,24,23,0,23,YES,100.0,0.0
2025,H0336,Nadarius E. Clark,D,Local Government,Derived from LIS bill description,21,21,0,21,YES,100.0,0.0
2025,H0219,Patrick A. Hope,D,Local Government,Derived from LIS bill description,20,19,0,19,YES,100.0,0.0
2025,H0281,Paul E. Krizek,D,Local Government,Derived from LIS bill description,31,31,0,31,YES,100.0,0.0
2025,H0366,Phil M. Hernandez,D,Local Government,Derived from LIS bill description,24,24,0,24,YES,100.0,0.0
2025,H0356,Rae Cousins,D,Local Government,Derived from LIS bill description,20,20,0,20,YES,100.0,0.0
2025,H0327,Rodney T. Willett,D,Local Government,Derived from LIS bill description,23,22,0,22,YES,100.0,0.0
2025,H0365,"Rozia A. Henson, Jr.",D,Local Government,Derived from LIS bill description,20,20,0,20,YES,100.0,0.0
2025,H0266,Sam Rasoul,D,Local Government,Derived from LIS bill description,20,18,0,18,YES,100.0,0.0
2025,H0108,Vivian E. Watts,D,Local Government,Derived from LIS bill description,22,21,0,21,YES,100.0,0.0
2025,H0323,Shelly A. Simonds,D,Local Government,Derived from LIS bill description,43,42,1,43,YES,97.67441860465115,2.3255813953488373
2025,H0354,Katrina Callsen,D,Local Government,Derived from LIS bill description,42,41,1,42,YES,97.61904761904762,2.380952380952381
2025,H0311,Alex Q. Askew,D,Local Government,Derived from LIS bill description,38,37,1,38,YES,97.36842105263158,2.631578947368421
2025,H0380,Atoosa R. Reaser,D,Local Government,Derived from LIS bill description,37,36,1,37,YES,97.2972972972973,2.7027027027027026
2025,H0361,Debra D. Gardner,D,Local Government,Derived from LIS bill description,37,36,1,37,YES,97.2972972972973,2.7027027027027026
2025,H0343,Briana D. Sewell,D,Local Government,Derived from LIS bill description,36,35,1,36,YES,97.22222222222221,2.7777777777777777
2025,H0355,Laura Jane Cohen,D,Local Government,Derived from LIS bill description,34,33,1,34,YES,97.05882352941177,2.941176470588235
2025,H0330,Candi Mundon King,D,Local Government,Derived from LIS bill description,47,30,1,31,YES,96.7741935483871,3.225806451612903
2025,H0334,Elizabeth B. Bennett-Parker,D,Local Government,Derived from LIS bill description,38,30,1,31,YES,96.7741935483871,3.225806451612903
2025,H0374,Marty Martinez,D,Local Government,Derived from LIS bill description,29,28,1,29,YES,96.55172413793103,3.4482758620689653
2025,H0269,"Richard C. ""Rip"" Sullivan, Jr.",D,Local Government,Derived from LIS bill description,27,26,1,27,YES,96.29629629629629,3.7037037037037033
2025,H0239,Alfonso H. Lopez,D,Local Government,Derived from LIS bill description,27,23,1,24,YES,95.83333333333334,4.166666666666666
2025,H0344,Irene Shin,D,Local Government,Derived from LIS bill description,40,38,2,40,YES,95.0,5.0
2025,H0368,Michael J. Jones,D,Local Government,Derived from LIS bill description,30,28,2,30,YES,93.33333333333333,6.666666666666667
2025,H0315,Carrie E. Coyner,R,Local Government,Derived from LIS bill description,31,20,7,27,YES,74.07407407407408,25.925925925925924
2025,H0375,Adele Y. McClure,D,Marriage,Official LIS subject,1,1,0,1,INSUFFICIENT DATA,100.0,0.0
2025,H0311,Alex Q. Askew,D,Marriage,Official LIS subject,1,1,0,1,INSUFFICIENT DATA,100.0,0.0
2025,H0239,Alfonso H. Lopez,D,Marriage,Official LIS subject,1,1,0,1,INSUFFICIENT DATA,100.0,0.0
2025,H0371,Amy J. Laufer,D,Marriage,Official LIS subject,1,1,0,1,INSUFFICIENT DATA,100.0,0.0
2025,H0380,Atoosa R. Reaser,D,Marriage,Official LIS subject,1,1,0,1,INSUFFICIENT DATA,100.0,0.0
2025,H0212,Betsy B. Carr,D,Marriage,Official LIS subject,1,1,0,1,INSUFFICIENT DATA,100.0,0.0
2025,H0353,Bonita G. Anthony,D,Marriage,Official LIS subject,2,2,0,2,INSUFFICIENT DATA,100.0,0.0
2025,H0343,Briana D. Sewell,D,Marriage,Official LIS subject,1,1,0,1,INSUFFICIENT DATA,100.0,0.0
2025,H0285,"C.E. Cliff Hayes, Jr.",D,Marriage,Official LIS subject,1,1,0,1,INSUFFICIENT DATA,100.0,0.0
2025,H0330,Candi Mundon King,D,Marriage,Official LIS subject,1,1,0,1,INSUFFICIENT DATA,100.0,0.0
2025,H0315,Carrie E. Coyner,R,Marriage,Official LIS subject,1,1,0,1,INSUFFICIENT DATA,100.0,0.0
2025,H0208,Charniele L. Herring,D,Marriage,Official LIS subject,1,1,0,1,INSUFFICIENT DATA,100.0,0.0
2025,H0378,Chris Obenshain,R,Marriage,Official LIS subject,1,1,0,1,INSUFFICIENT DATA,100.0,0.0
2025,H0317,Dan I. Helmer,D,Marriage,Official LIS subject,1,1,0,1,INSUFFICIENT DATA,100.0,0.0
2025,H0301,David A. Reid,D,Marriage,Official LIS subject,2,2,0,2,INSUFFICIENT DATA,100.0,0.0
2025,H0177,David L. Bulova,D,Marriage,Official LIS subject,1,1,0,1,INSUFFICIENT DATA,100.0,0.0
2025,H0361,Debra D. Gardner,D,Marriage,Official LIS subject,1,1,0,1,INSUFFICIENT DATA,100.0,0.0
2025,H0207,Delores L. McQuinn,D,Marriage,Official LIS subject,1,1,0,1,INSUFFICIENT DATA,100.0,0.0
2025,H0372,Destiny LeVere Bolling,D,Marriage,Official LIS subject,2,2,0,2,INSUFFICIENT DATA,100.0,0.0
2025,H0322,Don Scott,D,Marriage,Official LIS subject,1,1,0,1,INSUFFICIENT DATA,100.0,0.0
2025,H0334,Elizabeth B. Bennett-Parker,D,Marriage,Official LIS subject,1,1,0,1,INSUFFICIENT DATA,100.0,0.0
2025,H0347,"H. Otto Wachsmann, Jr.",R,Marriage,Official LIS subject,2,2,0,2,INSUFFICIENT DATA,100.0,0.0
2025,H0351,Holly M. Seibold,D,Marriage,Official LIS subject,1,1,0,1,INSUFFICIENT DATA,100.0,0.0
2025,H0344,Irene Shin,D,Marriage,Official LIS subject,1,1,0,1,INSUFFICIENT DATA,100.0,0.0
2025,H0385,JJ Singh,D,Marriage,Official LIS subject,1,1,0,1,INSUFFICIENT DATA,100.0,0.0
2025,H0349,Jackie H. Glass,D,Marriage,Official LIS subject,2,2,0,2,INSUFFICIENT DATA,100.0,0.0
2025,H0173,Jeion A. Ward,D,Marriage,Official LIS subject,1,1,0,1,INSUFFICIENT DATA,100.0,0.0
2025,H0308,Joseph P. McNamara,R,Marriage,Official LIS subject,1,1,0,1,INSUFFICIENT DATA,100.0,0.0
2025,H0382,Joshua E. Thomas,D,Marriage,Official LIS subject,1,1,0,1,INSUFFICIENT DATA,100.0,0.0
2025,H0314,Joshua G. Cole,D,Marriage,Official LIS subject,2,2,0,2,INSUFFICIENT DATA,100.0,0.0
2025,H0381,Kannan Srinivasan,D,Marriage,Official LIS subject,1,1,0,1,INSUFFICIENT DATA,100.0,0.0
2025,H0370,Karen Keys-Gamarra,D,Marriage,Official LIS subject,1,1,0,1,INSUFFICIENT DATA,100.0,0.0
2025,H0294,Karrie K. Delaney,D,Marriage,Official LIS subject,1,1,0,1,INSUFFICIENT DATA,100.0,0.0
2025,H0305,Kathy K.L. Tran,D,Marriage,Official LIS subject,1,1,0,1,INSUFFICIENT DATA,100.0,0.0
2025,H0354,Katrina Callsen,D,Marriage,Official LIS subject,1,1,0,1,INSUFFICIENT DATA,100.0,0.0
2025,H0295,Kelly K. Convirs-Fowler,D,Marriage,Official LIS subject,2,2,0,2,INSUFFICIENT DATA,100.0,0.0
2025,H0355,Laura Jane Cohen,D,Marriage,Official LIS subject,1,1,0,1,INSUFFICIENT DATA,100.0,0.0
2025,H0227,Luke E. Torian,D,Marriage,Official LIS subject,1,1,0,1,INSUFFICIENT DATA,100.0,0.0
2025,H0284,"Marcia S. ""Cia"" Price",D,Marriage,Official LIS subject,2,2,0,2,INSUFFICIENT DATA,100.0,0.0
2025,H0264,Marcus B. Simon,D,Marriage,Official LIS subject,1,1,0,1,INSUFFICIENT DATA,100.0,0.0
2025,H0172,Mark D. Sickles,D,Marriage,Official LIS subject,2,2,0,2,INSUFFICIENT DATA,100.0,0.0
2025,H0374,Marty Martinez,D,Marriage,Official LIS subject,1,1,0,1,INSUFFICIENT DATA,100.0,0.0
2025,H0360,Michael B. Feggans,D,Marriage,Official LIS subject,1,1,0,1,INSUFFICIENT DATA,100.0,0.0
2025,H0368,Michael J. Jones,D,Marriage,Official LIS subject,1,1,0,1,INSUFFICIENT DATA,100.0,0.0
2025,H0340,Michelle Lopes Maldonado,D,Marriage,Official LIS subject,2,2,0,2,INSUFFICIENT DATA,100.0,0.0
2025,H0335,Mike A. Cherry,R,Marriage,Official LIS subject,2,1,0,1,INSUFFICIENT DATA,100.0,0.0
2025,H0336,Nadarius E. Clark,D,Marriage,Official LIS subject,1,1,0,1,INSUFFICIENT DATA,100.0,0.0
2025,H0219,Patrick A. Hope,D,Marriage,Official LIS subject,1,1,0,1,INSUFFICIENT DATA,100.0,0.0
2025,H0281,Paul E. Krizek,D,Marriage,Official LIS subject,2,2,0,2,INSUFFICIENT DATA,100.0,0.0
2025,H0366,Phil M. Hernandez,D,Marriage,Official LIS subject,1,1,0,1,INSUFFICIENT DATA,100.0,0.0
2025,H0356,Rae Cousins,D,Marriage,Official LIS subject,1,1,0,1,INSUFFICIENT DATA,100.0,0.0
2025,H0269,"Richard C. ""Rip"" Sullivan, Jr.",D,Marriage,Official LIS subject,1,1,0,1,INSUFFICIENT DATA,100.0,0.0
2025,H0267,"Robert S. Bloxom, Jr.",R,Marriage,Official LIS subject,2,2,0,2,INSUFFICIENT DATA,100.0,0.0
2025,H0327,Rodney T. Willett,D,Marriage,Official LIS subject,1,1,0,1,INSUFFICIENT DATA,100.0,0.0
2025,H0365,"Rozia A. Henson, Jr.",D,Marriage,Official LIS subject,2,2,0,2,INSUFFICIENT DATA,100.0,0.0
2025,H0266,Sam Rasoul,D,Marriage,Official LIS subject,1,1,0,1,INSUFFICIENT DATA,100.0,0.0
2025,H0323,Shelly A. Simonds,D,Marriage,Official LIS subject,1,1,0,1,INSUFFICIENT DATA,100.0,0.0
2025,H0362,"Thomas A. Garrett, Jr.",R,Marriage,Official LIS subject,1,1,0,1,INSUFFICIENT DATA,100.0,0.0
2025,H0108,Vivian E. Watts,D,Marriage,Official LIS subject,1,1,0,1,INSUFFICIENT DATA,100.0,0.0
2025,H0363,W. Chad Green,R,Marriage,Official LIS subject,2,2,0,2,INSUFFICIENT DATA,100.0,0.0
2025,H0337,A.C. Cordoza,R,Marriage,Official LIS subject,1,0,0,0,INSUFFICIENT DATA,0.0,0.0
2025,H0313,Amanda E. Batten,R,Marriage,Official LIS subject,1,0,0,0,INSUFFICIENT DATA,0.0,0.0
2025,H0345,Anne Ferrell Tata,R,Marriage,Official LIS subject,1,0,1,1,INSUFFICIENT DATA,0.0,100.0
2025,H0206,Barry D. Knight,R,Marriage,Official LIS subject,1,0,1,1,INSUFFICIENT DATA,0.0,100.0
2025,H0329,Bill Wiley,R,Marriage,Official LIS subject,1,0,1,1,INSUFFICIENT DATA,0.0,100.0
2025,H0181,C. Todd Gilbert,R,Marriage,Official LIS subject,2,0,2,2,INSUFFICIENT DATA,0.0,100.0
2025,H0321,Chris S. Runion,R,Marriage,Official LIS subject,1,0,1,1,INSUFFICIENT DATA,0.0,100.0
2025,H0150,"Daniel W. Marshall, III",R,Marriage,Official LIS subject,1,0,0,0,INSUFFICIENT DATA,0.0,0.0
2025,H0379,David Owen,R,Marriage,Official LIS subject,1,0,0,0,INSUFFICIENT DATA,0.0,0.0
2025,H0377,Delores Oates,R,Marriage,Official LIS subject,1,0,1,1,INSUFFICIENT DATA,0.0,100.0
2025,H0350,Ellen H. Campbell,R,Marriage,Official LIS subject,1,0,1,1,INSUFFICIENT DATA,0.0,100.0
2025,H0384,Eric Phillips,R,Marriage,Official LIS subject,2,0,1,1,INSUFFICIENT DATA,0.0,100.0
2025,H0383,Eric R. Zehr,R,Marriage,Official LIS subject,1,0,1,1,INSUFFICIENT DATA,0.0,100.0
2025,H0367,Geary Higgins,R,Marriage,Official LIS subject,1,0,1,1,INSUFFICIENT DATA,0.0,100.0
2025,H0369,Hillary Pugh Kent,R,Marriage,Official LIS subject,1,0,1,1,INSUFFICIENT DATA,0.0,100.0
2025,H0259,"Hyland F. ""Buddy"" Fowler, Jr.",R,Marriage,Official LIS subject,1,0,1,1,INSUFFICIENT DATA,0.0,100.0
2025,H0373,Ian T. Lovejoy,R,Marriage,Official LIS subject,1,0,0,0,INSUFFICIENT DATA,0.0,0.0
2025,H0242,Israel D. O'Quinn,R,Marriage,Official LIS subject,2,0,2,2,INSUFFICIENT DATA,0.0,100.0
2025,H0262,"James A. ""Jay"" Leftwich",R,Marriage,Official LIS subject,2,0,2,2,INSUFFICIENT DATA,0.0,100.0
2025,H0224,James W. Morefield,R,Marriage,Official LIS subject,1,0,1,1,INSUFFICIENT DATA,0.0,100.0
2025,H0333,Jason S. Ballard,R,Marriage,Official LIS subject,1,0,1,1,INSUFFICIENT DATA,0.0,100.0
2025,H0352,"Jonathan ""Jed"" Arnold",R,Marriage,Official LIS subject,1,0,1,1,INSUFFICIENT DATA,0.0,100.0
2025,H0346,Kim A. Taylor,R,Marriage,Official LIS subject,1,0,1,1,INSUFFICIENT DATA,0.0,100.0
2025,H0238,M. Keith Hodges,R,Marriage,Official LIS subject,1,0,1,1,INSUFFICIENT DATA,0.0,100.0
2025,H0358,"Mark L. Earley, Jr.",R,Marriage,Official LIS subject,1,0,1,1,INSUFFICIENT DATA,0.0,100.0
2025,H0247,Michael J. Webert,R,Marriage,Official LIS subject,1,0,1,1,INSUFFICIENT DATA,0.0,100.0
2025,H0359,N. Baxter Ennis,R,Marriage,Official LIS subject,1,0,1,1,INSUFFICIENT DATA,0.0,100.0
2025,H0279,Nicholas J. Freitas,R,Marriage,Official LIS subject,1,0,1,1,INSUFFICIENT DATA,0.0,100.0
2025,H0376,Paul V. Milde,R,Marriage,Official LIS subject,2,0,2,2,INSUFFICIENT DATA,0.0,100.0
2025,H0342,Phillip A. Scott,R,Marriage,Official LIS subject,2,0,2,2,INSUFFICIENT DATA,0.0,100.0
2025,H0124,R. Lee Ware,R,Marriage,Official LIS subject,1,0,1,1,INSUFFICIENT DATA,0.0,100.0
2025,H0073,"Robert D. Orrock, Sr.",R,Marriage,Official LIS subject,1,0,0,0,INSUFFICIENT DATA,0.0,0.0
2025,H0328,Scott A. Wyatt,R,Marriage,Official LIS subject,1,0,1,1,INSUFFICIENT DATA,0.0,100.0
2025,H0056,Terry G. Kilgore,R,Marriage,Official LIS subject,1,0,1,1,INSUFFICIENT DATA,0.0,100.0
2025,H0253,Terry L. Austin,R,Marriage,Official LIS subject,1,0,1,1,INSUFFICIENT DATA,0.0,100.0
2025,H0136,"Thomas C. Wright, Jr.",R,Marriage,Official LIS subject,1,0,1,1,INSUFFICIENT DATA,0.0,100.0
2025,H0364,Timothy P. Griffin,R,Marriage,Official LIS subject,1,0,1,1,INSUFFICIENT DATA,0.0,100.0
2025,H0231,Tony O. Wilt,R,Marriage,Official LIS subject,1,0,1,1,INSUFFICIENT DATA,0.0,100.0
2025,H0325,Wendell S. Walker,R,Marriage,Official LIS subject,1,0,1,1,INSUFFICIENT DATA,0.0,100.0
2025,H0357,Will Davis,R,Marriage,Official LIS subject,1,0,1,1,INSUFFICIENT DATA,0.0,100.0
2025,H0348,Wren M. Williams,R,Marriage,Official LIS subject,1,0,1,1,INSUFFICIENT DATA,0.0,100.0
2025,H0311,Alex Q. Askew,D,Marriage and Domestic Relations,Derived from LIS bill description,9,9,0,9,INSUFFICIENT DATA,100.0,0.0
2025,H0239,Alfonso H. Lopez,D,Marriage and Domestic Relations,Derived from LIS bill description,9,9,0,9,INSUFFICIENT DATA,100.0,0.0
2025,H0371,Amy J. Laufer,D,Marriage and Domestic Relations,Derived from LIS bill description,9,9,0,9,INSUFFICIENT DATA,100.0,0.0
2025,H0343,Briana D. Sewell,D,Marriage and Domestic Relations,Derived from LIS bill description,9,9,0,9,INSUFFICIENT DATA,100.0,0.0
2025,H0285,"C.E. Cliff Hayes, Jr.",D,Marriage and Domestic Relations,Derived from LIS bill description,9,9,0,9,INSUFFICIENT DATA,100.0,0.0
2025,H0330,Candi Mundon King,D,Marriage and Domestic Relations,Derived from LIS bill description,9,9,0,9,INSUFFICIENT DATA,100.0,0.0
2025,H0208,Charniele L. Herring,D,Marriage and Domestic Relations,Derived from LIS bill description,9,8,0,8,INSUFFICIENT DATA,100.0,0.0
2025,H0361,Debra D. Gardner,D,Marriage and Domestic Relations,Derived from LIS bill description,9,9,0,9,INSUFFICIENT DATA,100.0,0.0
2025,H0207,Delores L. McQuinn,D,Marriage and Domestic Relations,Derived from LIS bill description,9,8,0,8,INSUFFICIENT DATA,100.0,0.0
2025,H0372,Destiny LeVere Bolling,D,Marriage and Domestic Relations,Derived from LIS bill description,9,9,0,9,INSUFFICIENT DATA,100.0,0.0
2025,H0322,Don Scott,D,Marriage and Domestic Relations,Derived from LIS bill description,9,9,0,9,INSUFFICIENT DATA,100.0,0.0
2025,H0334,Elizabeth B. Bennett-Parker,D,Marriage and Domestic Relations,Derived from LIS bill description,10,9,0,9,INSUFFICIENT DATA,100.0,0.0
2025,H0344,Irene Shin,D,Marriage and Domestic Relations,Derived from LIS bill description,9,9,0,9,INSUFFICIENT DATA,100.0,0.0
2025,H0385,JJ Singh,D,Marriage and Domestic Relations,Derived from LIS bill description,10,9,0,9,INSUFFICIENT DATA,100.0,0.0
2025,H0173,Jeion A. Ward,D,Marriage and Domestic Relations,Derived from LIS bill description,9,9,0,9,INSUFFICIENT DATA,100.0,0.0
2025,H0305,Kathy K.L. Tran,D,Marriage and Domestic Relations,Derived from LIS bill description,9,9,0,9,INSUFFICIENT DATA,100.0,0.0
2025,H0355,Laura Jane Cohen,D,Marriage and Domestic Relations,Derived from LIS bill description,9,9,0,9,INSUFFICIENT DATA,100.0,0.0
2025,H0227,Luke E. Torian,D,Marriage and Domestic Relations,Derived from LIS bill description,10,9,0,9,INSUFFICIENT DATA,100.0,0.0
2025,H0374,Marty Martinez,D,Marriage and Domestic Relations,Derived from LIS bill description,9,9,0,9,INSUFFICIENT DATA,100.0,0.0
2025,H0360,Michael B. Feggans,D,Marriage and Domestic Relations,Derived from LIS bill description,9,9,0,9,INSUFFICIENT DATA,100.0,0.0
2025,H0368,Michael J. Jones,D,Marriage and Domestic Relations,Derived from LIS bill description,9,9,0,9,INSUFFICIENT DATA,100.0,0.0
2025,H0336,Nadarius E. Clark,D,Marriage and Domestic Relations,Derived from LIS bill description,9,8,0,8,INSUFFICIENT DATA,100.0,0.0
2025,H0327,Rodney T. Willett,D,Marriage and Domestic Relations,Derived from LIS bill description,9,9,0,9,INSUFFICIENT DATA,100.0,0.0
2025,H0266,Sam Rasoul,D,Marriage and Domestic Relations,Derived from LIS bill description,9,9,0,9,INSUFFICIENT DATA,100.0,0.0
2025,H0323,Shelly A. Simonds,D,Marriage and Domestic Relations,Derived from LIS bill description,9,9,0,9,INSUFFICIENT DATA,100.0,0.0
2025,H0373,Ian T. Lovejoy,R,Marriage and Domestic Relations,Derived from LIS bill description,9,6,1,7,INSUFFICIENT DATA,85.71428571428571,14.285714285714285
2025,H0206,Barry D. Knight,R,Marriage and Domestic Relations,Derived from LIS bill description,10,4,1,5,INSUFFICIENT DATA,80.0,20.0
2025,H0350,Ellen H. Campbell,R,Marriage and Domestic Relations,Derived from LIS bill description,11,7,2,9,INSUFFICIENT DATA,77.77777777777779,22.22222222222222
2025,H0362,"Thomas A. Garrett, Jr.",R,Marriage and Domestic Relations,Derived from LIS bill description,9,7,2,9,INSUFFICIENT DATA,77.77777777777779,22.22222222222222
2025,H0379,David Owen,R,Marriage and Domestic Relations,Derived from LIS bill description,9,5,2,7,INSUFFICIENT DATA,71.42857142857143,28.57142857142857
2025,H0335,Mike A. Cherry,R,Marriage and Domestic Relations,Derived from LIS bill description,10,5,2,7,INSUFFICIENT DATA,71.42857142857143,28.57142857142857
2025,H0308,Joseph P. McNamara,R,Marriage and Domestic Relations,Derived from LIS bill description,9,6,3,9,INSUFFICIENT DATA,66.66666666666666,33.33333333333333
2025,H0359,N. Baxter Ennis,R,Marriage and Domestic Relations,Derived from LIS bill description,9,6,3,9,INSUFFICIENT DATA,66.66666666666666,33.33333333333333
2025,H0345,Anne Ferrell Tata,R,Marriage and Domestic Relations,Derived from LIS bill description,9,5,3,8,INSUFFICIENT DATA,62.5,37.5
2025,H0346,Kim A. Taylor,R,Marriage and Domestic Relations,Derived from LIS bill description,9,5,3,8,INSUFFICIENT DATA,62.5,37.5
2025,H0321,Chris S. Runion,R,Marriage and Domestic Relations,Derived from LIS bill description,9,5,4,9,INSUFFICIENT DATA,55.55555555555556,44.44444444444444
2025,H0367,Geary Higgins,R,Marriage and Domestic Relations,Derived from LIS bill description,9,5,4,9,INSUFFICIENT DATA,55.55555555555556,44.44444444444444
2025,H0369,Hillary Pugh Kent,R,Marriage and Domestic Relations,Derived from LIS bill description,9,5,4,9,INSUFFICIENT DATA,55.55555555555556,44.44444444444444
2025,H0238,M. Keith Hodges,R,Marriage and Domestic Relations,Derived from LIS bill description,9,5,4,9,INSUFFICIENT DATA,55.55555555555556,44.44444444444444
2025,H0247,Michael J. Webert,R,Marriage and Domestic Relations,Derived from LIS bill description,9,5,4,9,INSUFFICIENT DATA,55.55555555555556,44.44444444444444
2025,H0124,R. Lee Ware,R,Marriage and Domestic Relations,Derived from LIS bill description,9,5,4,9,INSUFFICIENT DATA,55.55555555555556,44.44444444444444
2025,H0073,"Robert D. Orrock, Sr.",R,Marriage and Domestic Relations,Derived from LIS bill description,9,5,4,9,INSUFFICIENT DATA,55.55555555555556,44.44444444444444
2025,H0231,Tony O. Wilt,R,Marriage and Domestic Relations,Derived from LIS bill description,9,5,4,9,INSUFFICIENT DATA,55.55555555555556,44.44444444444444
2025,H0325,Wendell S. Walker,R,Marriage and Domestic Relations,Derived from LIS bill description,9,5,4,9,INSUFFICIENT DATA,55.55555555555556,44.44444444444444
2025,H0377,Delores Oates,R,Marriage and Domestic Relations,Derived from LIS bill description,9,4,5,9,INSUFFICIENT DATA,44.44444444444444,55.55555555555556
2025,H0383,Eric R. Zehr,R,Marriage and Domestic Relations,Derived from LIS bill description,9,4,5,9,INSUFFICIENT DATA,44.44444444444444,55.55555555555556
2025,H0279,Nicholas J. Freitas,R,Marriage and Domestic Relations,Derived from LIS bill description,9,4,5,9,INSUFFICIENT DATA,44.44444444444444,55.55555555555556
2025,H0136,"Thomas C. Wright, Jr.",R,Marriage and Domestic Relations,Derived from LIS bill description,9,4,5,9,INSUFFICIENT DATA,44.44444444444444,55.55555555555556
2025,H0364,Timothy P. Griffin,R,Marriage and Domestic Relations,Derived from LIS bill description,9,4,5,9,INSUFFICIENT DATA,44.44444444444444,55.55555555555556
2025,H0328,Scott A. Wyatt,R,Marriage and Domestic Relations,Derived from LIS bill description,9,3,5,8,INSUFFICIENT DATA,37.5,62.5
2025,H0150,"Daniel W. Marshall, III",R,Marriage and Domestic Relations,Derived from LIS bill description,9,0,0,0,INSUFFICIENT DATA,0.0,0.0
2025,H0224,James W. Morefield,R,Marriage and Domestic Relations,Derived from LIS bill description,10,6,4,10,MIXED,60.0,40.0
2025,H0253,Terry L. Austin,R,Marriage and Domestic Relations,Derived from LIS bill description,10,6,4,10,MIXED,60.0,40.0
2025,H0313,Amanda E. Batten,R,Marriage and Domestic Relations,Derived from LIS bill description,17,10,7,17,MIXED,58.82352941176471,41.17647058823529
2025,H0262,"James A. ""Jay"" Leftwich",R,Marriage and Domestic Relations,Derived from LIS bill description,20,11,9,20,MIXED,55.00000000000001,45.0
2025,H0329,Bill Wiley,R,Marriage and Domestic Relations,Derived from LIS bill description,11,6,5,11,MIXED,54.54545454545454,45.45454545454545
2025,H0259,"Hyland F. ""Buddy"" Fowler, Jr.",R,Marriage and Domestic Relations,Derived from LIS bill description,11,6,5,11,MIXED,54.54545454545454,45.45454545454545
2025,H0352,"Jonathan ""Jed"" Arnold",R,Marriage and Domestic Relations,Derived from LIS bill description,15,8,7,15,MIXED,53.333333333333336,46.666666666666664
2025,H0348,Wren M. Williams,R,Marriage and Domestic Relations,Derived from LIS bill description,17,9,8,17,MIXED,52.94117647058824,47.05882352941176
2025,H0384,Eric Phillips,R,Marriage and Domestic Relations,Derived from LIS bill description,10,5,5,10,MIXED,50.0,50.0
2025,H0242,Israel D. O'Quinn,R,Marriage and Domestic Relations,Derived from LIS bill description,10,5,5,10,MIXED,50.0,50.0
2025,H0358,"Mark L. Earley, Jr.",R,Marriage and Domestic Relations,Derived from LIS bill description,14,7,7,14,MIXED,50.0,50.0
2025,H0376,Paul V. Milde,R,Marriage and Domestic Relations,Derived from LIS bill description,10,5,5,10,MIXED,50.0,50.0
2025,H0181,C. Todd Gilbert,R,Marriage and Domestic Relations,Derived from LIS bill description,10,4,6,10,MIXED,40.0,60.0
2025,H0342,Phillip A. Scott,R,Marriage and Domestic Relations,Derived from LIS bill description,10,4,6,10,MIXED,40.0,60.0
2025,H0375,Adele Y. McClure,D,Marriage and Domestic Relations,Derived from LIS bill description,12,12,0,12,YES,100.0,0.0
2025,H0380,Atoosa R. Reaser,D,Marriage and Domestic Relations,Derived from LIS bill description,17,17,0,17,YES,100.0,0.0
2025,H0212,Betsy B. Carr,D,Marriage and Domestic Relations,Derived from LIS bill description,11,11,0,11,YES,100.0,0.0
2025,H0353,Bonita G. Anthony,D,Marriage and Domestic Relations,Derived from LIS bill description,10,10,0,10,YES,100.0,0.0
2025,H0317,Dan I. Helmer,D,Marriage and Domestic Relations,Derived from LIS bill description,10,10,0,10,YES,100.0,0.0
2025,H0301,David A. Reid,D,Marriage and Domestic Relations,Derived from LIS bill description,10,10,0,10,YES,100.0,0.0
2025,H0177,David L. Bulova,D,Marriage and Domestic Relations,Derived from LIS bill description,12,10,0,10,YES,100.0,0.0
2025,H0351,Holly M. Seibold,D,Marriage and Domestic Relations,Derived from LIS bill description,11,11,0,11,YES,100.0,0.0
2025,H0349,Jackie H. Glass,D,Marriage and Domestic Relations,Derived from LIS bill description,10,10,0,10,YES,100.0,0.0
2025,H0382,Joshua E. Thomas,D,Marriage and Domestic Relations,Derived from LIS bill description,18,18,0,18,YES,100.0,0.0
2025,H0314,Joshua G. Cole,D,Marriage and Domestic Relations,Derived from LIS bill description,13,13,0,13,YES,100.0,0.0
2025,H0294,Karrie K. Delaney,D,Marriage and Domestic Relations,Derived from LIS bill description,20,20,0,20,YES,100.0,0.0
2025,H0295,Kelly K. Convirs-Fowler,D,Marriage and Domestic Relations,Derived from LIS bill description,10,10,0,10,YES,100.0,0.0
2025,H0284,"Marcia S. ""Cia"" Price",D,Marriage and Domestic Relations,Derived from LIS bill description,11,11,0,11,YES,100.0,0.0
2025,H0172,Mark D. Sickles,D,Marriage and Domestic Relations,Derived from LIS bill description,10,10,0,10,YES,100.0,0.0
2025,H0281,Paul E. Krizek,D,Marriage and Domestic Relations,Derived from LIS bill description,12,12,0,12,YES,100.0,0.0
2025,H0366,Phil M. Hernandez,D,Marriage and Domestic Relations,Derived from LIS bill description,17,16,0,16,YES,100.0,0.0
2025,H0269,"Richard C. ""Rip"" Sullivan, Jr.",D,Marriage and Domestic Relations,Derived from LIS bill description,17,15,0,15,YES,100.0,0.0
2025,H0365,"Rozia A. Henson, Jr.",D,Marriage and Domestic Relations,Derived from LIS bill description,10,10,0,10,YES,100.0,0.0
2025,H0108,Vivian E. Watts,D,Marriage and Domestic Relations,Derived from LIS bill description,17,17,0,17,YES,100.0,0.0
2025,H0370,Karen Keys-Gamarra,D,Marriage and Domestic Relations,Derived from LIS bill description,17,16,1,17,YES,94.11764705882352,5.88235294117647
2025,H0340,Michelle Lopes Maldonado,D,Marriage and Domestic Relations,Derived from LIS bill description,15,14,1,15,YES,93.33333333333333,6.666666666666667
2025,H0315,Carrie E. Coyner,R,Marriage and Domestic Relations,Derived from LIS bill description,11,9,1,10,YES,90.0,10.0
2025,H0363,W. Chad Green,R,Marriage and Domestic Relations,Derived from LIS bill description,10,9,1,10,YES,90.0,10.0
2025,H0264,Marcus B. Simon,D,Marriage and Domestic Relations,Derived from LIS bill description,19,17,2,19,YES,89.47368421052632,10.526315789473683
2025,H0354,Katrina Callsen,D,Marriage and Domestic Relations,Derived from LIS bill description,17,15,2,17,YES,88.23529411764706,11.76470588235294
2025,H0219,Patrick A. Hope,D,Marriage and Domestic Relations,Derived from LIS bill description,20,15,2,17,YES,88.23529411764706,11.76470588235294
2025,H0378,Chris Obenshain,R,Marriage and Domestic Relations,Derived from LIS bill description,14,12,2,14,YES,85.71428571428571,14.285714285714285
2025,H0267,"Robert S. Bloxom, Jr.",R,Marriage and Domestic Relations,Derived from LIS bill description,12,10,2,12,YES,83.33333333333334,16.666666666666664
2025,H0356,Rae Cousins,D,Marriage and Domestic Relations,Derived from LIS bill description,17,14,3,17,YES,82.35294117647058,17.647058823529413
2025,H0056,Terry G. Kilgore,R,Marriage and Domestic Relations,Derived from LIS bill description,17,12,4,16,YES,75.0,25.0
2025,H0337,A.C. Cordoza,R,Marriage and Domestic Relations,Derived from LIS bill description,17,11,4,15,YES,73.33333333333333,26.666666666666668
2025,H0357,Will Davis,R,Marriage and Domestic Relations,Derived from LIS bill description,14,10,4,14,YES,71.42857142857143,28.57142857142857
2025,H0333,Jason S. Ballard,R,Marriage and Domestic Relations,Derived from LIS bill description,17,12,5,17,YES,70.58823529411765,29.411764705882355
2025,H0347,"H. Otto Wachsmann, Jr.",R,Marriage and Domestic Relations,Derived from LIS bill description,10,7,3,10,YES,70.0,30.0
2025,H0206,Barry D. Knight,R,Public Safety,Derived from LIS bill description,14,4,1,5,INSUFFICIENT DATA,80.0,20.0
2025,H0150,"Daniel W. Marshall, III",R,Public Safety,Derived from LIS bill description,20,5,3,8,INSUFFICIENT DATA,62.5,37.5
2025,H0136,"Thomas C. Wright, Jr.",R,Public Safety,Derived from LIS bill description,12,7,4,11,MIXED,63.63636363636363,36.36363636363637
2025,H0383,Eric R. Zehr,R,Public Safety,Derived from LIS bill description,13,8,5,13,MIXED,61.53846153846154,38.46153846153847
2025,H0242,Israel D. O'Quinn,R,Public Safety,Derived from LIS bill description,18,11,7,18,MIXED,61.111111111111114,38.88888888888889
2025,H0364,Timothy P. Griffin,R,Public Safety,Derived from LIS bill description,14,8,6,14,MIXED,57.14285714285714,42.857142857142854
2025,H0375,Adele Y. McClure,D,Public Safety,Derived from LIS bill description,17,17,0,17,YES,100.0,0.0
2025,H0311,Alex Q. Askew,D,Public Safety,Derived from LIS bill description,19,18,0,18,YES,100.0,0.0
2025,H0239,Alfonso H. Lopez,D,Public Safety,Derived from LIS bill description,18,18,0,18,YES,100.0,0.0
2025,H0371,Amy J. Laufer,D,Public Safety,Derived from LIS bill description,13,13,0,13,YES,100.0,0.0
2025,H0380,Atoosa R. Reaser,D,Public Safety,Derived from LIS bill description,15,15,0,15,YES,100.0,0.0
2025,H0343,Briana D. Sewell,D,Public Safety,Derived from LIS bill description,21,21,0,21,YES,100.0,0.0
2025,H0285,"C.E. Cliff Hayes, Jr.",D,Public Safety,Derived from LIS bill description,20,18,0,18,YES,100.0,0.0
2025,H0208,Charniele L. Herring,D,Public Safety,Derived from LIS bill description,18,18,0,18,YES,100.0,0.0
2025,H0317,Dan I. Helmer,D,Public Safety,Derived from LIS bill description,20,20,0,20,YES,100.0,0.0
2025,H0177,David L. Bulova,D,Public Safety,Derived from LIS bill description,19,18,0,18,YES,100.0,0.0
2025,H0361,Debra D. Gardner,D,Public Safety,Derived from LIS bill description,14,14,0,14,YES,100.0,0.0
2025,H0207,Delores L. McQuinn,D,Public Safety,Derived from LIS bill description,20,18,0,18,YES,100.0,0.0
2025,H0372,Destiny LeVere Bolling,D,Public Safety,Derived from LIS bill description,16,15,0,15,YES,100.0,0.0
2025,H0322,Don Scott,D,Public Safety,Derived from LIS bill description,14,14,0,14,YES,100.0,0.0
2025,H0334,Elizabeth B. Bennett-Parker,D,Public Safety,Derived from LIS bill description,15,14,0,14,YES,100.0,0.0
2025,H0344,Irene Shin,D,Public Safety,Derived from LIS bill description,15,15,0,15,YES,100.0,0.0
2025,H0385,JJ Singh,D,Public Safety,Derived from LIS bill description,13,12,0,12,YES,100.0,0.0
2025,H0173,Jeion A. Ward,D,Public Safety,Derived from LIS bill description,19,17,0,17,YES,100.0,0.0
2025,H0314,Joshua G. Cole,D,Public Safety,Derived from LIS bill description,15,13,0,13,YES,100.0,0.0
2025,H0370,Karen Keys-Gamarra,D,Public Safety,Derived from LIS bill description,15,15,0,15,YES,100.0,0.0
2025,H0305,Kathy K.L. Tran,D,Public Safety,Derived from LIS bill description,15,15,0,15,YES,100.0,0.0
2025,H0354,Katrina Callsen,D,Public Safety,Derived from LIS bill description,19,19,0,19,YES,100.0,0.0
2025,H0295,Kelly K. Convirs-Fowler,D,Public Safety,Derived from LIS bill description,16,15,0,15,YES,100.0,0.0
2025,H0355,Laura Jane Cohen,D,Public Safety,Derived from LIS bill description,13,13,0,13,YES,100.0,0.0
2025,H0227,Luke E. Torian,D,Public Safety,Derived from LIS bill description,23,19,0,19,YES,100.0,0.0
2025,H0284,"Marcia S. ""Cia"" Price",D,Public Safety,Derived from LIS bill description,15,15,0,15,YES,100.0,0.0
2025,H0172,Mark D. Sickles,D,Public Safety,Derived from LIS bill description,23,22,0,22,YES,100.0,0.0
2025,H0374,Marty Martinez,D,Public Safety,Derived from LIS bill description,12,12,0,12,YES,100.0,0.0
2025,H0360,Michael B. Feggans,D,Public Safety,Derived from LIS bill description,20,20,0,20,YES,100.0,0.0
2025,H0368,Michael J. Jones,D,Public Safety,Derived from LIS bill description,14,13,0,13,YES,100.0,0.0
2025,H0340,Michelle Lopes Maldonado,D,Public Safety,Derived from LIS bill description,17,17,0,17,YES,100.0,0.0
2025,H0336,Nadarius E. Clark,D,Public Safety,Derived from LIS bill description,14,14,0,14,YES,100.0,0.0
2025,H0219,Patrick A. Hope,D,Public Safety,Derived from LIS bill description,21,18,0,18,YES,100.0,0.0
2025,H0281,Paul E. Krizek,D,Public Safety,Derived from LIS bill description,20,20,0,20,YES,100.0,0.0
2025,H0366,Phil M. Hernandez,D,Public Safety,Derived from LIS bill description,18,18,0,18,YES,100.0,0.0
2025,H0356,Rae Cousins,D,Public Safety,Derived from LIS bill description,20,20,0,20,YES,100.0,0.0
2025,H0269,"Richard C. ""Rip"" Sullivan, Jr.",D,Public Safety,Derived from LIS bill description,20,19,0,19,YES,100.0,0.0
2025,H0327,Rodney T. Willett,D,Public Safety,Derived from LIS bill description,19,19,0,19,YES,100.0,0.0
2025,H0365,"Rozia A. Henson, Jr.",D,Public Safety,Derived from LIS bill description,14,14,0,14,YES,100.0,0.0
2025,H0323,Shelly A. Simonds,D,Public Safety,Derived from LIS bill description,12,12,0,12,YES,100.0,0.0
2025,H0108,Vivian E. Watts,D,Public Safety,Derived from LIS bill description,22,22,0,22,YES,100.0,0.0
2025,H0212,Betsy B. Carr,D,Public Safety,Derived from LIS bill description,23,22,1,23,YES,95.65217391304348,4.3478260869565215
2025,H0382,Joshua E. Thomas,D,Public Safety,Derived from LIS bill description,22,21,1,22,YES,95.45454545454545,4.545454545454546
2025,H0264,Marcus B. Simon,D,Public Safety,Derived from LIS bill description,24,21,1,22,YES,95.45454545454545,4.545454545454546
2025,H0337,A.C. Cordoza,R,Public Safety,Derived from LIS bill description,20,19,1,20,YES,95.0,5.0
2025,H0294,Karrie K. Delaney,D,Public Safety,Derived from LIS bill description,21,19,1,20,YES,95.0,5.0
2025,H0266,Sam Rasoul,D,Public Safety,Derived from LIS bill description,21,19,1,20,YES,95.0,5.0
2025,H0330,Candi Mundon King,D,Public Safety,Derived from LIS bill description,19,17,1,18,YES,94.44444444444444,5.555555555555555
2025,H0301,David A. Reid,D,Public Safety,Derived from LIS bill description,18,17,1,18,YES,94.44444444444444,5.555555555555555
2025,H0351,Holly M. Seibold,D,Public Safety,Derived from LIS bill description,18,17,1,18,YES,94.44444444444444,5.555555555555555
2025,H0262,"James A. ""Jay"" Leftwich",R,Public Safety,Derived from LIS bill description,16,15,1,16,YES,93.75,6.25
2025,H0359,N. Baxter Ennis,R,Public Safety,Derived from LIS bill description,16,15,1,16,YES,93.75,6.25
2025,H0358,"Mark L. Earley, Jr.",R,Public Safety,Derived from LIS bill description,15,14,1,15,YES,93.33333333333333,6.666666666666667
2025,H0353,Bonita G. Anthony,D,Public Safety,Derived from LIS bill description,14,13,1,14,YES,92.85714285714286,7.142857142857142
2025,H0073,"Robert D. Orrock, Sr.",R,Public Safety,Derived from LIS bill description,15,13,1,14,YES,92.85714285714286,7.142857142857142
2025,H0349,Jackie H. Glass,D,Public Safety,Derived from LIS bill description,14,12,1,13,YES,92.3076923076923,7.6923076923076925
2025,H0346,Kim A. Taylor,R,Public Safety,Derived from LIS bill description,15,12,1,13,YES,92.3076923076923,7.6923076923076925
2025,H0238,M. Keith Hodges,R,Public Safety,Derived from LIS bill description,18,16,2,18,YES,88.88888888888889,11.11111111111111
2025,H0373,Ian T. Lovejoy,R,Public Safety,Derived from LIS bill description,12,10,2,12,YES,83.33333333333334,16.666666666666664
2025,H0378,Chris Obenshain,R,Public Safety,Derived from LIS bill description,17,14,3,17,YES,82.35294117647058,17.647058823529413
2025,H0259,"Hyland F. ""Buddy"" Fowler, Jr.",R,Public Safety,Derived from LIS bill description,13,9,2,11,YES,81.81818181818183,18.181818181818183
2025,H0350,Ellen H. Campbell,R,Public Safety,Derived from LIS bill description,17,13,3,16,YES,81.25,18.75
2025,H0379,David Owen,R,Public Safety,Derived from LIS bill description,15,12,3,15,YES,80.0,20.0
2025,H0345,Anne Ferrell Tata,R,Public Safety,Derived from LIS bill description,19,15,4,19,YES,78.94736842105263,21.052631578947366
2025,H0377,Delores Oates,R,Public Safety,Derived from LIS bill description,14,11,3,14,YES,78.57142857142857,21.428571428571427
2025,H0384,Eric Phillips,R,Public Safety,Derived from LIS bill description,14,11,3,14,YES,78.57142857142857,21.428571428571427
2025,H0315,Carrie E. Coyner,R,Public Safety,Derived from LIS bill description,20,14,4,18,YES,77.77777777777779,22.22222222222222
2025,H0367,Geary Higgins,R,Public Safety,Derived from LIS bill description,13,10,3,13,YES,76.92307692307693,23.076923076923077
2025,H0347,"H. Otto Wachsmann, Jr.",R,Public Safety,Derived from LIS bill description,13,10,3,13,YES,76.92307692307693,23.076923076923077
2025,H0335,Mike A. Cherry,R,Public Safety,Derived from LIS bill description,13,10,3,13,YES,76.92307692307693,23.076923076923077
2025,H0224,James W. Morefield,R,Public Safety,Derived from LIS bill description,17,13,4,17,YES,76.47058823529412,23.52941176470588
2025,H0267,"Robert S. Bloxom, Jr.",R,Public Safety,Derived from LIS bill description,17,13,4,17,YES,76.47058823529412,23.52941176470588
2025,H0348,Wren M. Williams,R,Public Safety,Derived from LIS bill description,21,16,5,21,YES,76.19047619047619,23.809523809523807
2025,H0369,Hillary Pugh Kent,R,Public Safety,Derived from LIS bill description,12,9,3,12,YES,75.0,25.0
2025,H0328,Scott A. Wyatt,R,Public Safety,Derived from LIS bill description,21,15,5,20,YES,75.0,25.0
2025,H0253,Terry L. Austin,R,Public Safety,Derived from LIS bill description,24,18,6,24,YES,75.0,25.0
2025,H0363,W. Chad Green,R,Public Safety,Derived from LIS bill description,12,9,3,12,YES,75.0,25.0
2025,H0313,Amanda E. Batten,R,Public Safety,Derived from LIS bill description,23,17,6,23,YES,73.91304347826086,26.08695652173913
2025,H0357,Will Davis,R,Public Safety,Derived from LIS bill description,15,11,4,15,YES,73.33333333333333,26.666666666666668
2025,H0279,Nicholas J. Freitas,R,Public Safety,Derived from LIS bill description,12,8,3,11,YES,72.72727272727273,27.27272727272727
2025,H0247,Michael J. Webert,R,Public Safety,Derived from LIS bill description,18,13,5,18,YES,72.22222222222221,27.77777777777778
2025,H0342,Phillip A. Scott,R,Public Safety,Derived from LIS bill description,14,10,4,14,YES,71.42857142857143,28.57142857142857
2025,H0325,Wendell S. Walker,R,Public Safety,Derived from LIS bill description,14,10,4,14,YES,71.42857142857143,28.57142857142857
2025,H0329,Bill Wiley,R,Public Safety,Derived from LIS bill description,20,14,6,20,YES,70.0,30.0
2025,H0362,"Thomas A. Garrett, Jr.",R,Public Safety,Derived from LIS bill description,12,7,3,10,YES,70.0,30.0
2025,H0308,Joseph P. McNamara,R,Public Safety,Derived from LIS bill description,14,9,4,13,YES,69.23076923076923,30.76923076923077
2025,H0124,R. Lee Ware,R,Public Safety,Derived from LIS bill description,13,9,4,13,YES,69.23076923076923,30.76923076923077
2025,H0181,C. Todd Gilbert,R,Public Safety,Derived from LIS bill description,16,11,5,16,YES,68.75,31.25
2025,H0321,Chris S. Runion,R,Public Safety,Derived from LIS bill description,16,11,5,16,YES,68.75,31.25
2025,H0352,"Jonathan ""Jed"" Arnold",R,Public Safety,Derived from LIS bill description,17,11,5,16,YES,68.75,31.25
2025,H0056,Terry G. Kilgore,R,Public Safety,Derived from LIS bill description,19,13,6,19,YES,68.42105263157895,31.57894736842105
2025,H0231,Tony O. Wilt,R,Public Safety,Derived from LIS bill description,19,13,6,19,YES,68.42105263157895,31.57894736842105
2025,H0376,Paul V. Milde,R,Public Safety,Derived from LIS bill description,13,8,4,12,YES,66.66666666666666,33.33333333333333
2025,H0333,Jason S. Ballard,R,Public Safety,Derived from LIS bill description,20,13,7,20,YES,65.0,35.0
2025,H0150,"Daniel W. Marshall, III",R,Social Services,Derived from LIS bill description,19,3,0,3,INSUFFICIENT DATA,100.0,0.0
2025,H0206,Barry D. Knight,R,Social Services,Derived from LIS bill description,18,6,1,7,INSUFFICIENT DATA,85.71428571428571,14.285714285714285
2025,H0247,Michael J. Webert,R,Social Services,Derived from LIS bill description,17,11,6,17,MIXED,64.70588235294117,35.294117647058826
2025,H0262,"James A. ""Jay"" Leftwich",R,Social Services,Derived from LIS bill description,19,12,7,19,MIXED,63.1578947368421,36.84210526315789
2025,H0321,Chris S. Runion,R,Social Services,Derived from LIS bill description,16,10,6,16,MIXED,62.5,37.5
2025,H0231,Tony O. Wilt,R,Social Services,Derived from LIS bill description,16,10,6,16,MIXED,62.5,37.5
2025,H0352,"Jonathan ""Jed"" Arnold",R,Social Services,Derived from LIS bill description,18,11,7,18,MIXED,61.111111111111114,38.88888888888889
2025,H0348,Wren M. Williams,R,Social Services,Derived from LIS bill description,20,12,8,20,MIXED,60.0,40.0
2025,H0364,Timothy P. Griffin,R,Social Services,Derived from LIS bill description,17,10,7,17,MIXED,58.82352941176471,41.17647058823529
2025,H0377,Delores Oates,R,Social Services,Derived from LIS bill description,16,9,7,16,MIXED,56.25,43.75
2025,H0136,"Thomas C. Wright, Jr.",R,Social Services,Derived from LIS bill description,16,8,7,15,MIXED,53.333333333333336,46.666666666666664
2025,H0181,C. Todd Gilbert,R,Social Services,Derived from LIS bill description,17,8,8,16,MIXED,50.0,50.0
2025,H0362,"Thomas A. Garrett, Jr.",R,Social Services,Derived from LIS bill description,19,8,9,17,MIXED,47.05882352941176,52.94117647058824
2025,H0342,Phillip A. Scott,R,Social Services,Derived from LIS bill description,23,10,12,22,MIXED,45.45454545454545,54.54545454545454
2025,H0383,Eric R. Zehr,R,Social Services,Derived from LIS bill description,20,9,11,20,MIXED,45.0,55.00000000000001
2025,H0279,Nicholas J. Freitas,R,Social Services,Derived from LIS bill description,18,7,9,16,MIXED,43.75,56.25
2025,H0315,Carrie E. Coyner,R,Social Services,Derived from LIS bill description,25,22,0,22,YES,100.0,0.0
2025,H0378,Chris Obenshain,R,Social Services,Derived from LIS bill description,18,18,0,18,YES,100.0,0.0
2025,H0350,Ellen H. Campbell,R,Social Services,Derived from LIS bill description,21,20,0,20,YES,100.0,0.0
2025,H0384,Eric Phillips,R,Social Services,Derived from LIS bill description,16,15,0,15,YES,100.0,0.0
2025,H0367,Geary Higgins,R,Social Services,Derived from LIS bill description,25,25,0,25,YES,100.0,0.0
2025,H0347,"H. Otto Wachsmann, Jr.",R,Social Services,Derived from LIS bill description,20,20,0,20,YES,100.0,0.0
2025,H0368,Michael J. Jones,D,Social Services,Derived from LIS bill description,16,12,0,12,YES,100.0,0.0
2025,H0267,"Robert S. Bloxom, Jr.",R,Social Services,Derived from LIS bill description,18,18,0,18,YES,100.0,0.0
2025,H0305,Kathy K.L. Tran,D,Social Services,Derived from LIS bill description,26,25,1,26,YES,96.15384615384616,3.8461538461538463
2025,H0344,Irene Shin,D,Social Services,Derived from LIS bill description,25,24,1,25,YES,96.0,4.0
2025,H0172,Mark D. Sickles,D,Social Services,Derived from LIS bill description,30,24,1,25,YES,96.0,4.0
2025,H0365,"Rozia A. Henson, Jr.",D,Social Services,Derived from LIS bill description,25,24,1,25,YES,96.0,4.0
2025,H0361,Debra D. Gardner,D,Social Services,Derived from LIS bill description,25,23,1,24,YES,95.83333333333334,4.166666666666666
2025,H0385,JJ Singh,D,Social Services,Derived from LIS bill description,25,23,1,24,YES,95.83333333333334,4.166666666666666
2025,H0343,Briana D. Sewell,D,Social Services,Derived from LIS bill description,23,22,1,23,YES,95.65217391304348,4.3478260869565215
2025,H0266,Sam Rasoul,D,Social Services,Derived from LIS bill description,25,22,1,23,YES,95.65217391304348,4.3478260869565215
2025,H0311,Alex Q. Askew,D,Social Services,Derived from LIS bill description,22,21,1,22,YES,95.45454545454545,4.545454545454546
2025,H0380,Atoosa R. Reaser,D,Social Services,Derived from LIS bill description,22,21,1,22,YES,95.45454545454545,4.545454545454546
2025,H0285,"C.E. Cliff Hayes, Jr.",D,Social Services,Derived from LIS bill description,25,21,1,22,YES,95.45454545454545,4.545454545454546
2025,H0359,N. Baxter Ennis,R,Social Services,Derived from LIS bill description,22,21,1,22,YES,95.45454545454545,4.545454545454546
2025,H0219,Patrick A. Hope,D,Social Services,Derived from LIS bill description,23,21,1,22,YES,95.45454545454545,4.545454545454546
2025,H0327,Rodney T. Willett,D,Social Services,Derived from LIS bill description,22,21,1,22,YES,95.45454545454545,4.545454545454546
2025,H0345,Anne Ferrell Tata,R,Social Services,Derived from LIS bill description,21,20,1,21,YES,95.23809523809523,4.761904761904762
2025,H0212,Betsy B. Carr,D,Social Services,Derived from LIS bill description,22,20,1,21,YES,95.23809523809523,4.761904761904762
2025,H0208,Charniele L. Herring,D,Social Services,Derived from LIS bill description,21,20,1,21,YES,95.23809523809523,4.761904761904762
2025,H0355,Laura Jane Cohen,D,Social Services,Derived from LIS bill description,21,20,1,21,YES,95.23809523809523,4.761904761904762
2025,H0356,Rae Cousins,D,Social Services,Derived from LIS bill description,21,20,1,21,YES,95.23809523809523,4.761904761904762
2025,H0301,David A. Reid,D,Social Services,Derived from LIS bill description,20,19,1,20,YES,95.0,5.0
2025,H0379,David Owen,R,Social Services,Derived from LIS bill description,20,19,1,20,YES,95.0,5.0
2025,H0207,Delores L. McQuinn,D,Social Services,Derived from LIS bill description,24,19,1,20,YES,95.0,5.0
2025,H0294,Karrie K. Delaney,D,Social Services,Derived from LIS bill description,20,19,1,20,YES,95.0,5.0
2025,H0284,"Marcia S. ""Cia"" Price",D,Social Services,Derived from LIS bill description,20,19,1,20,YES,95.0,5.0
2025,H0281,Paul E. Krizek,D,Social Services,Derived from LIS bill description,20,19,1,20,YES,95.0,5.0
2025,H0269,"Richard C. ""Rip"" Sullivan, Jr.",D,Social Services,Derived from LIS bill description,20,19,1,20,YES,95.0,5.0
2025,H0108,Vivian E. Watts,D,Social Services,Derived from LIS bill description,20,19,1,20,YES,95.0,5.0
2025,H0371,Amy J. Laufer,D,Social Services,Derived from LIS bill description,19,18,1,19,YES,94.73684210526315,5.263157894736842
2025,H0177,David L. Bulova,D,Social Services,Derived from LIS bill description,19,18,1,19,YES,94.73684210526315,5.263157894736842
2025,H0372,Destiny LeVere Bolling,D,Social Services,Derived from LIS bill description,20,18,1,19,YES,94.73684210526315,5.263157894736842
2025,H0173,Jeion A. Ward,D,Social Services,Derived from LIS bill description,19,18,1,19,YES,94.73684210526315,5.263157894736842
2025,H0382,Joshua E. Thomas,D,Social Services,Derived from LIS bill description,19,18,1,19,YES,94.73684210526315,5.263157894736842
2025,H0314,Joshua G. Cole,D,Social Services,Derived from LIS bill description,20,18,1,19,YES,94.73684210526315,5.263157894736842
2025,H0370,Karen Keys-Gamarra,D,Social Services,Derived from LIS bill description,19,18,1,19,YES,94.73684210526315,5.263157894736842
2025,H0227,Luke E. Torian,D,Social Services,Derived from LIS bill description,22,18,1,19,YES,94.73684210526315,5.263157894736842
2025,H0264,Marcus B. Simon,D,Social Services,Derived from LIS bill description,20,18,1,19,YES,94.73684210526315,5.263157894736842
2025,H0323,Shelly A. Simonds,D,Social Services,Derived from LIS bill description,19,18,1,19,YES,94.73684210526315,5.263157894736842
2025,H0337,A.C. Cordoza,R,Social Services,Derived from LIS bill description,18,17,1,18,YES,94.44444444444444,5.555555555555555
2025,H0353,Bonita G. Anthony,D,Social Services,Derived from LIS bill description,18,17,1,18,YES,94.44444444444444,5.555555555555555
2025,H0354,Katrina Callsen,D,Social Services,Derived from LIS bill description,18,17,1,18,YES,94.44444444444444,5.555555555555555
2025,H0295,Kelly K. Convirs-Fowler,D,Social Services,Derived from LIS bill description,18,17,1,18,YES,94.44444444444444,5.555555555555555
2025,H0340,Michelle Lopes Maldonado,D,Social Services,Derived from LIS bill description,18,17,1,18,YES,94.44444444444444,5.555555555555555
2025,H0336,Nadarius E. Clark,D,Social Services,Derived from LIS bill description,19,17,1,18,YES,94.44444444444444,5.555555555555555
2025,H0366,Phil M. Hernandez,D,Social Services,Derived from LIS bill description,18,17,1,18,YES,94.44444444444444,5.555555555555555
2025,H0375,Adele Y. McClure,D,Social Services,Derived from LIS bill description,17,16,1,17,YES,94.11764705882352,5.88235294117647
2025,H0317,Dan I. Helmer,D,Social Services,Derived from LIS bill description,17,16,1,17,YES,94.11764705882352,5.88235294117647
2025,H0322,Don Scott,D,Social Services,Derived from LIS bill description,17,16,1,17,YES,94.11764705882352,5.88235294117647
2025,H0349,Jackie H. Glass,D,Social Services,Derived from LIS bill description,17,16,1,17,YES,94.11764705882352,5.88235294117647
2025,H0224,James W. Morefield,R,Social Services,Derived from LIS bill description,18,16,1,17,YES,94.11764705882352,5.88235294117647
2025,H0358,"Mark L. Earley, Jr.",R,Social Services,Derived from LIS bill description,18,16,1,17,YES,94.11764705882352,5.88235294117647
2025,H0360,Michael B. Feggans,D,Social Services,Derived from LIS bill description,17,16,1,17,YES,94.11764705882352,5.88235294117647
2025,H0239,Alfonso H. Lopez,D,Social Services,Derived from LIS bill description,16,15,1,16,YES,93.75,6.25
2025,H0330,Candi Mundon King,D,Social Services,Derived from LIS bill description,16,15,1,16,YES,93.75,6.25
2025,H0334,Elizabeth B. Bennett-Parker,D,Social Services,Derived from LIS bill description,16,15,1,16,YES,93.75,6.25
2025,H0351,Holly M. Seibold,D,Social Services,Derived from LIS bill description,16,15,1,16,YES,93.75,6.25
2025,H0374,Marty Martinez,D,Social Services,Derived from LIS bill description,16,15,1,16,YES,93.75,6.25
2025,H0253,Terry L. Austin,R,Social Services,Derived from LIS bill description,20,18,2,20,YES,90.0,10.0
2025,H0346,Kim A. Taylor,R,Social Services,Derived from LIS bill description,20,17,2,19,YES,89.47368421052632,10.526315789473683
2025,H0056,Terry G. Kilgore,R,Social Services,Derived from LIS bill description,20,16,2,18,YES,88.88888888888889,11.11111111111111
2025,H0369,Hillary Pugh Kent,R,Social Services,Derived from LIS bill description,16,14,2,16,YES,87.5,12.5
2025,H0363,W. Chad Green,R,Social Services,Derived from LIS bill description,19,16,3,19,YES,84.21052631578947,15.789473684210526
2025,H0238,M. Keith Hodges,R,Social Services,Derived from LIS bill description,24,20,4,24,YES,83.33333333333334,16.666666666666664
2025,H0308,Joseph P. McNamara,R,Social Services,Derived from LIS bill description,16,13,3,16,YES,81.25,18.75
2025,H0333,Jason S. Ballard,R,Social Services,Derived from LIS bill description,21,17,4,21,YES,80.95238095238095,19.047619047619047
2025,H0313,Amanda E. Batten,R,Social Services,Derived from LIS bill description,20,16,4,20,YES,80.0,20.0
2025,H0325,Wendell S. Walker,R,Social Services,Derived from LIS bill description,25,20,5,25,YES,80.0,20.0
2025,H0335,Mike A. Cherry,R,Social Services,Derived from LIS bill description,23,18,5,23,YES,78.26086956521739,21.73913043478261
2025,H0357,Will Davis,R,Social Services,Derived from LIS bill description,18,14,4,18,YES,77.77777777777779,22.22222222222222
2025,H0073,"Robert D. Orrock, Sr.",R,Social Services,Derived from LIS bill description,25,19,6,25,YES,76.0,24.0
2025,H0329,Bill Wiley,R,Social Services,Derived from LIS bill description,19,14,5,19,YES,73.68421052631578,26.31578947368421
2025,H0328,Scott A. Wyatt,R,Social Services,Derived from LIS bill description,19,14,5,19,YES,73.68421052631578,26.31578947368421
2025,H0124,R. Lee Ware,R,Social Services,Derived from LIS bill description,16,11,4,15,YES,73.33333333333333,26.666666666666668
2025,H0242,Israel D. O'Quinn,R,Social Services,Derived from LIS bill description,18,12,5,17,YES,70.58823529411765,29.411764705882355
2025,H0373,Ian T. Lovejoy,R,Social Services,Derived from LIS bill description,16,11,5,16,YES,68.75,31.25
2025,H0376,Paul V. Milde,R,Social Services,Derived from LIS bill description,17,11,5,16,YES,68.75,31.25
2025,H0259,"Hyland F. ""Buddy"" Fowler, Jr.",R,Social Services,Derived from LIS bill description,16,10,5,15,YES,66.66666666666666,33.33333333333333
2025,H0375,Adele Y. McClure,D,State Government,Derived from LIS bill description,9,9,0,9,INSUFFICIENT DATA,100.0,0.0
2025,H0311,Alex Q. Askew,D,State Government,Derived from LIS bill description,8,8,0,8,INSUFFICIENT DATA,100.0,0.0
2025,H0239,Alfonso H. Lopez,D,State Government,Derived from LIS bill description,7,7,0,7,INSUFFICIENT DATA,100.0,0.0
2025,H0371,Amy J. Laufer,D,State Government,Derived from LIS bill description,5,5,0,5,INSUFFICIENT DATA,100.0,0.0
2025,H0380,Atoosa R. Reaser,D,State Government,Derived from LIS bill description,5,5,0,5,INSUFFICIENT DATA,100.0,0.0
2025,H0212,Betsy B. Carr,D,State Government,Derived from LIS bill description,8,8,0,8,INSUFFICIENT DATA,100.0,0.0
2025,H0353,Bonita G. Anthony,D,State Government,Derived from LIS bill description,6,6,0,6,INSUFFICIENT DATA,100.0,0.0
2025,H0343,Briana D. Sewell,D,State Government,Derived from LIS bill description,8,8,0,8,INSUFFICIENT DATA,100.0,0.0
2025,H0285,"C.E. Cliff Hayes, Jr.",D,State Government,Derived from LIS bill description,7,6,0,6,INSUFFICIENT DATA,100.0,0.0
2025,H0330,Candi Mundon King,D,State Government,Derived from LIS bill description,9,9,0,9,INSUFFICIENT DATA,100.0,0.0
2025,H0315,Carrie E. Coyner,R,State Government,Derived from LIS bill description,8,8,0,8,INSUFFICIENT DATA,100.0,0.0
2025,H0208,Charniele L. Herring,D,State Government,Derived from LIS bill description,5,5,0,5,INSUFFICIENT DATA,100.0,0.0
2025,H0317,Dan I. Helmer,D,State Government,Derived from LIS bill description,7,7,0,7,INSUFFICIENT DATA,100.0,0.0
2025,H0301,David A. Reid,D,State Government,Derived from LIS bill description,8,8,0,8,INSUFFICIENT DATA,100.0,0.0
2025,H0177,David L. Bulova,D,State Government,Derived from LIS bill description,9,9,0,9,INSUFFICIENT DATA,100.0,0.0
2025,H0361,Debra D. Gardner,D,State Government,Derived from LIS bill description,5,5,0,5,INSUFFICIENT DATA,100.0,0.0
2025,H0207,Delores L. McQuinn,D,State Government,Derived from LIS bill description,8,8,0,8,INSUFFICIENT DATA,100.0,0.0
2025,H0372,Destiny LeVere Bolling,D,State Government,Derived from LIS bill description,6,5,0,5,INSUFFICIENT DATA,100.0,0.0
2025,H0322,Don Scott,D,State Government,Derived from LIS bill description,5,5,0,5,INSUFFICIENT DATA,100.0,0.0
2025,H0334,Elizabeth B. Bennett-Parker,D,State Government,Derived from LIS bill description,6,6,0,6,INSUFFICIENT DATA,100.0,0.0
2025,H0344,Irene Shin,D,State Government,Derived from LIS bill description,5,5,0,5,INSUFFICIENT DATA,100.0,0.0
2025,H0385,JJ Singh,D,State Government,Derived from LIS bill description,7,6,0,6,INSUFFICIENT DATA,100.0,0.0
2025,H0349,Jackie H. Glass,D,State Government,Derived from LIS bill description,7,7,0,7,INSUFFICIENT DATA,100.0,0.0
2025,H0173,Jeion A. Ward,D,State Government,Derived from LIS bill description,5,5,0,5,INSUFFICIENT DATA,100.0,0.0
2025,H0314,Joshua G. Cole,D,State Government,Derived from LIS bill description,8,8,0,8,INSUFFICIENT DATA,100.0,0.0
2025,H0370,Karen Keys-Gamarra,D,State Government,Derived from LIS bill description,5,5,0,5,INSUFFICIENT DATA,100.0,0.0
2025,H0294,Karrie K. Delaney,D,State Government,Derived from LIS bill description,7,7,0,7,INSUFFICIENT DATA,100.0,0.0
2025,H0305,Kathy K.L. Tran,D,State Government,Derived from LIS bill description,5,5,0,5,INSUFFICIENT DATA,100.0,0.0
2025,H0354,Katrina Callsen,D,State Government,Derived from LIS bill description,5,5,0,5,INSUFFICIENT DATA,100.0,0.0
2025,H0295,Kelly K. Convirs-Fowler,D,State Government,Derived from LIS bill description,6,5,0,5,INSUFFICIENT DATA,100.0,0.0
2025,H0355,Laura Jane Cohen,D,State Government,Derived from LIS bill description,5,5,0,5,INSUFFICIENT DATA,100.0,0.0
2025,H0227,Luke E. Torian,D,State Government,Derived from LIS bill description,9,8,0,8,INSUFFICIENT DATA,100.0,0.0
2025,H0284,"Marcia S. ""Cia"" Price",D,State Government,Derived from LIS bill description,8,7,0,7,INSUFFICIENT DATA,100.0,0.0
2025,H0264,Marcus B. Simon,D,State Government,Derived from LIS bill description,10,8,0,8,INSUFFICIENT DATA,100.0,0.0
2025,H0358,"Mark L. Earley, Jr.",R,State Government,Derived from LIS bill description,5,5,0,5,INSUFFICIENT DATA,100.0,0.0
2025,H0374,Marty Martinez,D,State Government,Derived from LIS bill description,5,5,0,5,INSUFFICIENT DATA,100.0,0.0
2025,H0360,Michael B. Feggans,D,State Government,Derived from LIS bill description,7,7,0,7,INSUFFICIENT DATA,100.0,0.0
2025,H0368,Michael J. Jones,D,State Government,Derived from LIS bill description,5,5,0,5,INSUFFICIENT DATA,100.0,0.0
2025,H0340,Michelle Lopes Maldonado,D,State Government,Derived from LIS bill description,7,7,0,7,INSUFFICIENT DATA,100.0,0.0
2025,H0335,Mike A. Cherry,R,State Government,Derived from LIS bill description,6,6,0,6,INSUFFICIENT DATA,100.0,0.0
2025,H0336,Nadarius E. Clark,D,State Government,Derived from LIS bill description,7,7,0,7,INSUFFICIENT DATA,100.0,0.0
2025,H0219,Patrick A. Hope,D,State Government,Derived from LIS bill description,7,7,0,7,INSUFFICIENT DATA,100.0,0.0
2025,H0366,Phil M. Hernandez,D,State Government,Derived from LIS bill description,5,5,0,5,INSUFFICIENT DATA,100.0,0.0
2025,H0356,Rae Cousins,D,State Government,Derived from LIS bill description,7,7,0,7,INSUFFICIENT DATA,100.0,0.0
2025,H0269,"Richard C. ""Rip"" Sullivan, Jr.",D,State Government,Derived from LIS bill description,5,5,0,5,INSUFFICIENT DATA,100.0,0.0
2025,H0327,Rodney T. Willett,D,State Government,Derived from LIS bill description,7,7,0,7,INSUFFICIENT DATA,100.0,0.0
2025,H0323,Shelly A. Simonds,D,State Government,Derived from LIS bill description,5,5,0,5,INSUFFICIENT DATA,100.0,0.0
2025,H0108,Vivian E. Watts,D,State Government,Derived from LIS bill description,5,5,0,5,INSUFFICIENT DATA,100.0,0.0
2025,H0262,"James A. ""Jay"" Leftwich",R,State Government,Derived from LIS bill description,8,7,1,8,INSUFFICIENT DATA,87.5,12.5
2025,H0363,W. Chad Green,R,State Government,Derived from LIS bill description,7,6,1,7,INSUFFICIENT DATA,85.71428571428571,14.285714285714285
2025,H0242,Israel D. O'Quinn,R,State Government,Derived from LIS bill description,6,5,1,6,INSUFFICIENT DATA,83.33333333333334,16.666666666666664
2025,H0352,"Jonathan ""Jed"" Arnold",R,State Government,Derived from LIS bill description,6,5,1,6,INSUFFICIENT DATA,83.33333333333334,16.666666666666664
2025,H0376,Paul V. Milde,R,State Government,Derived from LIS bill description,6,5,1,6,INSUFFICIENT DATA,83.33333333333334,16.666666666666664
2025,H0206,Barry D. Knight,R,State Government,Derived from LIS bill description,6,4,1,5,INSUFFICIENT DATA,80.0,20.0
2025,H0367,Geary Higgins,R,State Government,Derived from LIS bill description,5,4,1,5,INSUFFICIENT DATA,80.0,20.0
2025,H0369,Hillary Pugh Kent,R,State Government,Derived from LIS bill description,5,4,1,5,INSUFFICIENT DATA,80.0,20.0
2025,H0373,Ian T. Lovejoy,R,State Government,Derived from LIS bill description,5,4,1,5,INSUFFICIENT DATA,80.0,20.0
2025,H0333,Jason S. Ballard,R,State Government,Derived from LIS bill description,5,4,1,5,INSUFFICIENT DATA,80.0,20.0
2025,H0308,Joseph P. McNamara,R,State Government,Derived from LIS bill description,5,4,1,5,INSUFFICIENT DATA,80.0,20.0
2025,H0073,"Robert D. Orrock, Sr.",R,State Government,Derived from LIS bill description,5,4,1,5,INSUFFICIENT DATA,80.0,20.0
2025,H0056,Terry G. Kilgore,R,State Government,Derived from LIS bill description,5,4,1,5,INSUFFICIENT DATA,80.0,20.0
2025,H0357,Will Davis,R,State Government,Derived from LIS bill description,5,4,1,5,INSUFFICIENT DATA,80.0,20.0
2025,H0348,Wren M. Williams,R,State Government,Derived from LIS bill description,5,4,1,5,INSUFFICIENT DATA,80.0,20.0
2025,H0350,Ellen H. Campbell,R,State Government,Derived from LIS bill description,9,7,2,9,INSUFFICIENT DATA,77.77777777777779,22.22222222222222
2025,H0329,Bill Wiley,R,State Government,Derived from LIS bill description,8,6,2,8,INSUFFICIENT DATA,75.0,25.0
2025,H0224,James W. Morefield,R,State Government,Derived from LIS bill description,8,6,2,8,INSUFFICIENT DATA,75.0,25.0
2025,H0337,A.C. Cordoza,R,State Government,Derived from LIS bill description,7,5,2,7,INSUFFICIENT DATA,71.42857142857143,28.57142857142857
2025,H0378,Chris Obenshain,R,State Government,Derived from LIS bill description,7,5,2,7,INSUFFICIENT DATA,71.42857142857143,28.57142857142857
2025,H0379,David Owen,R,State Government,Derived from LIS bill description,7,5,2,7,INSUFFICIENT DATA,71.42857142857143,28.57142857142857
2025,H0347,"H. Otto Wachsmann, Jr.",R,State Government,Derived from LIS bill description,7,5,2,7,INSUFFICIENT DATA,71.42857142857143,28.57142857142857
2025,H0238,M. Keith Hodges,R,State Government,Derived from LIS bill description,7,5,2,7,INSUFFICIENT DATA,71.42857142857143,28.57142857142857
2025,H0359,N. Baxter Ennis,R,State Government,Derived from LIS bill description,7,5,2,7,INSUFFICIENT DATA,71.42857142857143,28.57142857142857
2025,H0181,C. Todd Gilbert,R,State Government,Derived from LIS bill description,6,4,2,6,INSUFFICIENT DATA,66.66666666666666,33.33333333333333
2025,H0259,"Hyland F. ""Buddy"" Fowler, Jr.",R,State Government,Derived from LIS bill description,7,4,2,6,INSUFFICIENT DATA,66.66666666666666,33.33333333333333
2025,H0346,Kim A. Taylor,R,State Government,Derived from LIS bill description,7,4,2,6,INSUFFICIENT DATA,66.66666666666666,33.33333333333333
2025,H0253,Terry L. Austin,R,State Government,Derived from LIS bill description,9,6,3,9,INSUFFICIENT DATA,66.66666666666666,33.33333333333333
2025,H0345,Anne Ferrell Tata,R,State Government,Derived from LIS bill description,8,5,3,8,INSUFFICIENT DATA,62.5,37.5
2025,H0384,Eric Phillips,R,State Government,Derived from LIS bill description,8,5,3,8,INSUFFICIENT DATA,62.5,37.5
2025,H0321,Chris S. Runion,R,State Government,Derived from LIS bill description,5,3,2,5,INSUFFICIENT DATA,60.0,40.0
2025,H0383,Eric R. Zehr,R,State Government,Derived from LIS bill description,5,3,2,5,INSUFFICIENT DATA,60.0,40.0
2025,H0342,Phillip A. Scott,R,State Government,Derived from LIS bill description,6,3,2,5,INSUFFICIENT DATA,60.0,40.0
2025,H0124,R. Lee Ware,R,State Government,Derived from LIS bill description,5,3,2,5,INSUFFICIENT DATA,60.0,40.0
2025,H0364,Timothy P. Griffin,R,State Government,Derived from LIS bill description,5,3,2,5,INSUFFICIENT DATA,60.0,40.0
2025,H0325,Wendell S. Walker,R,State Government,Derived from LIS bill description,5,3,2,5,INSUFFICIENT DATA,60.0,40.0
2025,H0377,Delores Oates,R,State Government,Derived from LIS bill description,7,4,3,7,INSUFFICIENT DATA,57.14285714285714,42.857142857142854
2025,H0365,"Rozia A. Henson, Jr.",D,State Government,Derived from LIS bill description,7,4,3,7,INSUFFICIENT DATA,57.14285714285714,42.857142857142854
2025,H0313,Amanda E. Batten,R,State Government,Derived from LIS bill description,9,5,4,9,INSUFFICIENT DATA,55.55555555555556,44.44444444444444
2025,H0150,"Daniel W. Marshall, III",R,State Government,Derived from LIS bill description,7,1,1,2,INSUFFICIENT DATA,50.0,50.0
2025,H0279,Nicholas J. Freitas,R,State Government,Derived from LIS bill description,5,2,2,4,INSUFFICIENT DATA,50.0,50.0
2025,H0362,"Thomas A. Garrett, Jr.",R,State Government,Derived from LIS bill description,5,2,2,4,INSUFFICIENT DATA,50.0,50.0
2025,H0136,"Thomas C. Wright, Jr.",R,State Government,Derived from LIS bill description,5,2,2,4,INSUFFICIENT DATA,50.0,50.0
2025,H0247,Michael J. Webert,R,State Government,Derived from LIS bill description,7,3,4,7,INSUFFICIENT DATA,42.857142857142854,57.14285714285714
2025,H0328,Scott A. Wyatt,R,State Government,Derived from LIS bill description,8,3,4,7,INSUFFICIENT DATA,42.857142857142854,57.14285714285714
2025,H0231,Tony O. Wilt,R,State Government,Derived from LIS bill description,9,3,6,9,INSUFFICIENT DATA,33.33333333333333,66.66666666666666
2025,H0351,Holly M. Seibold,D,State Government,Derived from LIS bill description,11,11,0,11,YES,100.0,0.0
2025,H0382,Joshua E. Thomas,D,State Government,Derived from LIS bill description,10,10,0,10,YES,100.0,0.0
2025,H0172,Mark D. Sickles,D,State Government,Derived from LIS bill description,10,10,0,10,YES,100.0,0.0
2025,H0281,Paul E. Krizek,D,State Government,Derived from LIS bill description,11,11,0,11,YES,100.0,0.0
2025,H0266,Sam Rasoul,D,State Government,Derived from LIS bill description,11,10,0,10,YES,100.0,0.0
2025,H0267,"Robert S. Bloxom, Jr.",R,State Government,Derived from LIS bill description,10,8,2,10,YES,80.0,20.0
2025,H0150,"Daniel W. Marshall, III",R,Taxes and Revenue,Derived from LIS bill description,47,4,1,5,INSUFFICIENT DATA,80.0,20.0
2025,H0383,Eric R. Zehr,R,Taxes and Revenue,Derived from LIS bill description,42,26,15,41,MIXED,63.41463414634146,36.58536585365854
2025,H0308,Joseph P. McNamara,R,Taxes and Revenue,Derived from LIS bill description,101,63,37,100,MIXED,63.0,37.0
2025,H0342,Phillip A. Scott,R,Taxes and Revenue,Derived from LIS bill description,42,24,17,41,MIXED,58.536585365853654,41.46341463414634
2025,H0364,Timothy P. Griffin,R,Taxes and Revenue,Derived from LIS bill description,42,23,19,42,MIXED,54.761904761904766,45.23809523809524
2025,H0279,Nicholas J. Freitas,R,Taxes and Revenue,Derived from LIS bill description,78,38,32,70,MIXED,54.285714285714285,45.714285714285715
2025,H0371,Amy J. Laufer,D,Taxes and Revenue,Derived from LIS bill description,108,103,3,106,YES,97.16981132075472,2.8301886792452833
2025,H0354,Katrina Callsen,D,Taxes and Revenue,Derived from LIS bill description,109,103,4,107,YES,96.26168224299066,3.7383177570093453
2025,H0361,Debra D. Gardner,D,Taxes and Revenue,Derived from LIS bill description,97,88,4,92,YES,95.65217391304348,4.3478260869565215
2025,H0269,"Richard C. ""Rip"" Sullivan, Jr.",D,Taxes and Revenue,Derived from LIS bill description,115,86,4,90,YES,95.55555555555556,4.444444444444445
2025,H0239,Alfonso H. Lopez,D,Taxes and Revenue,Derived from LIS bill description,45,42,2,44,YES,95.45454545454545,4.545454545454546
2025,H0266,Sam Rasoul,D,Taxes and Revenue,Derived from LIS bill description,47,42,2,44,YES,95.45454545454545,4.545454545454546
2025,H0173,Jeion A. Ward,D,Taxes and Revenue,Derived from LIS bill description,44,40,2,42,YES,95.23809523809523,4.761904761904762
2025,H0207,Delores L. McQuinn,D,Taxes and Revenue,Derived from LIS bill description,47,39,2,41,YES,95.1219512195122,4.878048780487805
2025,H0323,Shelly A. Simonds,D,Taxes and Revenue,Derived from LIS bill description,83,78,4,82,YES,95.1219512195122,4.878048780487805
2025,H0370,Karen Keys-Gamarra,D,Taxes and Revenue,Derived from LIS bill description,98,93,5,98,YES,94.89795918367348,5.1020408163265305
2025,H0372,Destiny LeVere Bolling,D,Taxes and Revenue,Derived from LIS bill description,43,37,2,39,YES,94.87179487179486,5.128205128205128
2025,H0368,Michael J. Jones,D,Taxes and Revenue,Derived from LIS bill description,43,37,2,39,YES,94.87179487179486,5.128205128205128
2025,H0353,Bonita G. Anthony,D,Taxes and Revenue,Derived from LIS bill description,107,101,6,107,YES,94.39252336448598,5.607476635514018
2025,H0281,Paul E. Krizek,D,Taxes and Revenue,Derived from LIS bill description,48,45,3,48,YES,93.75,6.25
2025,H0343,Briana D. Sewell,D,Taxes and Revenue,Derived from LIS bill description,47,44,3,47,YES,93.61702127659575,6.382978723404255
2025,H0301,David A. Reid,D,Taxes and Revenue,Derived from LIS bill description,47,44,3,47,YES,93.61702127659575,6.382978723404255
2025,H0177,David L. Bulova,D,Taxes and Revenue,Derived from LIS bill description,48,44,3,47,YES,93.61702127659575,6.382978723404255
2025,H0227,Luke E. Torian,D,Taxes and Revenue,Derived from LIS bill description,48,44,3,47,YES,93.61702127659575,6.382978723404255
2025,H0212,Betsy B. Carr,D,Taxes and Revenue,Derived from LIS bill description,46,43,3,46,YES,93.47826086956522,6.521739130434782
2025,H0285,"C.E. Cliff Hayes, Jr.",D,Taxes and Revenue,Derived from LIS bill description,47,43,3,46,YES,93.47826086956522,6.521739130434782
2025,H0172,Mark D. Sickles,D,Taxes and Revenue,Derived from LIS bill description,46,43,3,46,YES,93.47826086956522,6.521739130434782
2025,H0327,Rodney T. Willett,D,Taxes and Revenue,Derived from LIS bill description,46,43,3,46,YES,93.47826086956522,6.521739130434782
2025,H0311,Alex Q. Askew,D,Taxes and Revenue,Derived from LIS bill description,47,42,3,45,YES,93.33333333333333,6.666666666666667
2025,H0380,Atoosa R. Reaser,D,Taxes and Revenue,Derived from LIS bill description,44,41,3,44,YES,93.18181818181817,6.8181818181818175
2025,H0208,Charniele L. Herring,D,Taxes and Revenue,Derived from LIS bill description,45,41,3,44,YES,93.18181818181817,6.8181818181818175
2025,H0344,Irene Shin,D,Taxes and Revenue,Derived from LIS bill description,44,41,3,44,YES,93.18181818181817,6.8181818181818175
2025,H0382,Joshua E. Thomas,D,Taxes and Revenue,Derived from LIS bill description,44,41,3,44,YES,93.18181818181817,6.8181818181818175
2025,H0340,Michelle Lopes Maldonado,D,Taxes and Revenue,Derived from LIS bill description,44,41,3,44,YES,93.18181818181817,6.8181818181818175
2025,H0351,Holly M. Seibold,D,Taxes and Revenue,Derived from LIS bill description,43,40,3,43,YES,93.02325581395348,6.976744186046512
2025,H0294,Karrie K. Delaney,D,Taxes and Revenue,Derived from LIS bill description,43,40,3,43,YES,93.02325581395348,6.976744186046512
2025,H0295,Kelly K. Convirs-Fowler,D,Taxes and Revenue,Derived from LIS bill description,43,40,3,43,YES,93.02325581395348,6.976744186046512
2025,H0284,"Marcia S. ""Cia"" Price",D,Taxes and Revenue,Derived from LIS bill description,43,40,3,43,YES,93.02325581395348,6.976744186046512
2025,H0360,Michael B. Feggans,D,Taxes and Revenue,Derived from LIS bill description,43,40,3,43,YES,93.02325581395348,6.976744186046512
2025,H0356,Rae Cousins,D,Taxes and Revenue,Derived from LIS bill description,43,40,3,43,YES,93.02325581395348,6.976744186046512
2025,H0375,Adele Y. McClure,D,Taxes and Revenue,Derived from LIS bill description,42,39,3,42,YES,92.85714285714286,7.142857142857142
2025,H0349,Jackie H. Glass,D,Taxes and Revenue,Derived from LIS bill description,42,39,3,42,YES,92.85714285714286,7.142857142857142
2025,H0355,Laura Jane Cohen,D,Taxes and Revenue,Derived from LIS bill description,42,39,3,42,YES,92.85714285714286,7.142857142857142
2025,H0336,Nadarius E. Clark,D,Taxes and Revenue,Derived from LIS bill description,43,39,3,42,YES,92.85714285714286,7.142857142857142
2025,H0219,Patrick A. Hope,D,Taxes and Revenue,Derived from LIS bill description,44,39,3,42,YES,92.85714285714286,7.142857142857142
2025,H0366,Phil M. Hernandez,D,Taxes and Revenue,Derived from LIS bill description,98,91,7,98,YES,92.85714285714286,7.142857142857142
2025,H0365,"Rozia A. Henson, Jr.",D,Taxes and Revenue,Derived from LIS bill description,42,39,3,42,YES,92.85714285714286,7.142857142857142
2025,H0334,Elizabeth B. Bennett-Parker,D,Taxes and Revenue,Derived from LIS bill description,112,103,8,111,YES,92.7927927927928,7.207207207207207
2025,H0330,Candi Mundon King,D,Taxes and Revenue,Derived from LIS bill description,98,90,7,97,YES,92.78350515463917,7.216494845360824
2025,H0322,Don Scott,D,Taxes and Revenue,Derived from LIS bill description,42,38,3,41,YES,92.6829268292683,7.317073170731707
2025,H0385,JJ Singh,D,Taxes and Revenue,Derived from LIS bill description,42,38,3,41,YES,92.6829268292683,7.317073170731707
2025,H0314,Joshua G. Cole,D,Taxes and Revenue,Derived from LIS bill description,42,38,3,41,YES,92.6829268292683,7.317073170731707
2025,H0374,Marty Martinez,D,Taxes and Revenue,Derived from LIS bill description,42,38,3,41,YES,92.6829268292683,7.317073170731707
2025,H0108,Vivian E. Watts,D,Taxes and Revenue,Derived from LIS bill description,130,99,9,108,YES,91.66666666666666,8.333333333333332
2025,H0264,Marcus B. Simon,D,Taxes and Revenue,Derived from LIS bill description,44,40,4,44,YES,90.9090909090909,9.090909090909092
2025,H0224,James W. Morefield,R,Taxes and Revenue,Derived from LIS bill description,48,40,5,45,YES,88.88888888888889,11.11111111111111
2025,H0305,Kathy K.L. Tran,D,Taxes and Revenue,Derived from LIS bill description,100,88,12,100,YES,88.0,12.0
2025,H0267,"Robert S. Bloxom, Jr.",R,Taxes and Revenue,Derived from LIS bill description,48,42,6,48,YES,87.5,12.5
2025,H0317,Dan I. Helmer,D,Taxes and Revenue,Derived from LIS bill description,43,37,6,43,YES,86.04651162790698,13.953488372093023
2025,H0315,Carrie E. Coyner,R,Taxes and Revenue,Derived from LIS bill description,46,36,6,42,YES,85.71428571428571,14.285714285714285
2025,H0345,Anne Ferrell Tata,R,Taxes and Revenue,Derived from LIS bill description,47,40,7,47,YES,85.1063829787234,14.893617021276595
2025,H0056,Terry G. Kilgore,R,Taxes and Revenue,Derived from LIS bill description,45,38,7,45,YES,84.44444444444444,15.555555555555555
2025,H0373,Ian T. Lovejoy,R,Taxes and Revenue,Derived from LIS bill description,42,35,7,42,YES,83.33333333333334,16.666666666666664
2025,H0352,"Jonathan ""Jed"" Arnold",R,Taxes and Revenue,Derived from LIS bill description,43,34,7,41,YES,82.92682926829268,17.073170731707318
2025,H0253,Terry L. Austin,R,Taxes and Revenue,Derived from LIS bill description,46,37,8,45,YES,82.22222222222221,17.77777777777778
2025,H0337,A.C. Cordoza,R,Taxes and Revenue,Derived from LIS bill description,43,35,8,43,YES,81.3953488372093,18.6046511627907
2025,H0376,Paul V. Milde,R,Taxes and Revenue,Derived from LIS bill description,42,30,7,37,YES,81.08108108108108,18.91891891891892
2025,H0335,Mike A. Cherry,R,Taxes and Revenue,Derived from LIS bill description,42,34,8,42,YES,80.95238095238095,19.047619047619047
2025,H0359,N. Baxter Ennis,R,Taxes and Revenue,Derived from LIS bill description,42,33,8,41,YES,80.48780487804879,19.51219512195122
2025,H0379,David Owen,R,Taxes and Revenue,Derived from LIS bill description,42,33,9,42,YES,78.57142857142857,21.428571428571427
2025,H0358,"Mark L. Earley, Jr.",R,Taxes and Revenue,Derived from LIS bill description,43,33,9,42,YES,78.57142857142857,21.428571428571427
2025,H0384,Eric Phillips,R,Taxes and Revenue,Derived from LIS bill description,42,31,9,40,YES,77.5,22.5
2025,H0350,Ellen H. Campbell,R,Taxes and Revenue,Derived from LIS bill description,47,34,10,44,YES,77.27272727272727,22.727272727272727
2025,H0333,Jason S. Ballard,R,Taxes and Revenue,Derived from LIS bill description,45,34,10,44,YES,77.27272727272727,22.727272727272727
2025,H0347,"H. Otto Wachsmann, Jr.",R,Taxes and Revenue,Derived from LIS bill description,42,32,10,42,YES,76.19047619047619,23.809523809523807
2025,H0363,W. Chad Green,R,Taxes and Revenue,Derived from LIS bill description,42,32,10,42,YES,76.19047619047619,23.809523809523807
2025,H0329,Bill Wiley,R,Taxes and Revenue,Derived from LIS bill description,46,35,11,46,YES,76.08695652173914,23.91304347826087
2025,H0238,M. Keith Hodges,R,Taxes and Revenue,Derived from LIS bill description,46,34,11,45,YES,75.55555555555556,24.444444444444443
2025,H0328,Scott A. Wyatt,R,Taxes and Revenue,Derived from LIS bill description,46,34,11,45,YES,75.55555555555556,24.444444444444443
2025,H0231,Tony O. Wilt,R,Taxes and Revenue,Derived from LIS bill description,44,33,11,44,YES,75.0,25.0
2025,H0367,Geary Higgins,R,Taxes and Revenue,Derived from LIS bill description,43,32,11,43,YES,74.4186046511628,25.581395348837212
2025,H0242,Israel D. O'Quinn,R,Taxes and Revenue,Derived from LIS bill description,43,31,11,42,YES,73.80952380952381,26.190476190476193
2025,H0259,"Hyland F. ""Buddy"" Fowler, Jr.",R,Taxes and Revenue,Derived from LIS bill description,96,66,24,90,YES,73.33333333333333,26.666666666666668
2025,H0262,"James A. ""Jay"" Leftwich",R,Taxes and Revenue,Derived from LIS bill description,45,33,12,45,YES,73.33333333333333,26.666666666666668
2025,H0357,Will Davis,R,Taxes and Revenue,Derived from LIS bill description,97,71,26,97,YES,73.19587628865979,26.804123711340207
2025,H0346,Kim A. Taylor,R,Taxes and Revenue,Derived from LIS bill description,42,30,11,41,YES,73.17073170731707,26.82926829268293
2025,H0206,Barry D. Knight,R,Taxes and Revenue,Derived from LIS bill description,43,16,6,22,YES,72.72727272727273,27.27272727272727
2025,H0348,Wren M. Williams,R,Taxes and Revenue,Derived from LIS bill description,44,32,12,44,YES,72.72727272727273,27.27272727272727
2025,H0321,Chris S. Runion,R,Taxes and Revenue,Derived from LIS bill description,84,60,23,83,YES,72.28915662650603,27.710843373493976
2025,H0313,Amanda E. Batten,R,Taxes and Revenue,Derived from LIS bill description,43,31,12,43,YES,72.09302325581395,27.906976744186046
2025,H0378,Chris Obenshain,R,Taxes and Revenue,Derived from LIS bill description,43,31,12,43,YES,72.09302325581395,27.906976744186046
2025,H0073,"Robert D. Orrock, Sr.",R,Taxes and Revenue,Derived from LIS bill description,111,67,28,95,YES,70.52631578947368,29.47368421052631
2025,H0136,"Thomas C. Wright, Jr.",R,Taxes and Revenue,Derived from LIS bill description,42,26,11,37,YES,70.27027027027027,29.72972972972973
2025,H0369,Hillary Pugh Kent,R,Taxes and Revenue,Derived from LIS bill description,78,54,23,77,YES,70.12987012987013,29.87012987012987
2025,H0377,Delores Oates,R,Taxes and Revenue,Derived from LIS bill description,43,30,13,43,YES,69.76744186046511,30.23255813953488
2025,H0325,Wendell S. Walker,R,Taxes and Revenue,Derived from LIS bill description,107,71,35,106,YES,66.98113207547169,33.0188679245283
2025,H0362,"Thomas A. Garrett, Jr.",R,Taxes and Revenue,Derived from LIS bill description,78,47,24,71,YES,66.19718309859155,33.80281690140845
2025,H0124,R. Lee Ware,R,Taxes and Revenue,Derived from LIS bill description,108,70,36,106,YES,66.0377358490566,33.9622641509434
2025,H0181,C. Todd Gilbert,R,Taxes and Revenue,Derived from LIS bill description,44,29,15,44,YES,65.9090909090909,34.090909090909086
2025,H0247,Michael J. Webert,R,Taxes and Revenue,Derived from LIS bill description,44,27,14,41,YES,65.85365853658537,34.146341463414636
2025,H0375,Adele Y. McClure,D,Technology and Data,Derived from LIS bill description,8,8,0,8,INSUFFICIENT DATA,100.0,0.0
2025,H0371,Amy J. Laufer,D,Technology and Data,Derived from LIS bill description,9,9,0,9,INSUFFICIENT DATA,100.0,0.0
2025,H0353,Bonita G. Anthony,D,Technology and Data,Derived from LIS bill description,8,8,0,8,INSUFFICIENT DATA,100.0,0.0
2025,H0330,Candi Mundon King,D,Technology and Data,Derived from LIS bill description,8,8,0,8,INSUFFICIENT DATA,100.0,0.0
2025,H0208,Charniele L. Herring,D,Technology and Data,Derived from LIS bill description,9,9,0,9,INSUFFICIENT DATA,100.0,0.0
2025,H0317,Dan I. Helmer,D,Technology and Data,Derived from LIS bill description,9,9,0,9,INSUFFICIENT DATA,100.0,0.0
2025,H0361,Debra D. Gardner,D,Technology and Data,Derived from LIS bill description,8,8,0,8,INSUFFICIENT DATA,100.0,0.0
2025,H0372,Destiny LeVere Bolling,D,Technology and Data,Derived from LIS bill description,10,9,0,9,INSUFFICIENT DATA,100.0,0.0
2025,H0322,Don Scott,D,Technology and Data,Derived from LIS bill description,9,9,0,9,INSUFFICIENT DATA,100.0,0.0
2025,H0334,Elizabeth B. Bennett-Parker,D,Technology and Data,Derived from LIS bill description,10,9,0,9,INSUFFICIENT DATA,100.0,0.0
2025,H0385,JJ Singh,D,Technology and Data,Derived from LIS bill description,8,8,0,8,INSUFFICIENT DATA,100.0,0.0
2025,H0382,Joshua E. Thomas,D,Technology and Data,Derived from LIS bill description,9,9,0,9,INSUFFICIENT DATA,100.0,0.0
2025,H0314,Joshua G. Cole,D,Technology and Data,Derived from LIS bill description,8,8,0,8,INSUFFICIENT DATA,100.0,0.0
2025,H0295,Kelly K. Convirs-Fowler,D,Technology and Data,Derived from LIS bill description,9,9,0,9,INSUFFICIENT DATA,100.0,0.0
2025,H0355,Laura Jane Cohen,D,Technology and Data,Derived from LIS bill description,9,9,0,9,INSUFFICIENT DATA,100.0,0.0
2025,H0284,"Marcia S. ""Cia"" Price",D,Technology and Data,Derived from LIS bill description,9,9,0,9,INSUFFICIENT DATA,100.0,0.0
2025,H0360,Michael B. Feggans,D,Technology and Data,Derived from LIS bill description,8,8,0,8,INSUFFICIENT DATA,100.0,0.0
2025,H0219,Patrick A. Hope,D,Technology and Data,Derived from LIS bill description,10,9,0,9,INSUFFICIENT DATA,100.0,0.0
2025,H0378,Chris Obenshain,R,Technology and Data,Derived from LIS bill description,9,6,3,9,INSUFFICIENT DATA,66.66666666666666,33.33333333333333
2025,H0321,Chris S. Runion,R,Technology and Data,Derived from LIS bill description,9,6,3,9,INSUFFICIENT DATA,66.66666666666666,33.33333333333333
2025,H0333,Jason S. Ballard,R,Technology and Data,Derived from LIS bill description,9,6,3,9,INSUFFICIENT DATA,66.66666666666666,33.33333333333333
2025,H0073,"Robert D. Orrock, Sr.",R,Technology and Data,Derived from LIS bill description,9,6,3,9,INSUFFICIENT DATA,66.66666666666666,33.33333333333333
2025,H0357,Will Davis,R,Technology and Data,Derived from LIS bill description,9,6,3,9,INSUFFICIENT DATA,66.66666666666666,33.33333333333333
2025,H0379,David Owen,R,Technology and Data,Derived from LIS bill description,8,5,3,8,INSUFFICIENT DATA,62.5,37.5
2025,H0377,Delores Oates,R,Technology and Data,Derived from LIS bill description,8,5,3,8,INSUFFICIENT DATA,62.5,37.5
2025,H0384,Eric Phillips,R,Technology and Data,Derived from LIS bill description,8,5,3,8,INSUFFICIENT DATA,62.5,37.5
2025,H0367,Geary Higgins,R,Technology and Data,Derived from LIS bill description,8,5,3,8,INSUFFICIENT DATA,62.5,37.5
2025,H0369,Hillary Pugh Kent,R,Technology and Data,Derived from LIS bill description,8,5,3,8,INSUFFICIENT DATA,62.5,37.5
2025,H0231,Tony O. Wilt,R,Technology and Data,Derived from LIS bill description,8,5,3,8,INSUFFICIENT DATA,62.5,37.5
2025,H0325,Wendell S. Walker,R,Technology and Data,Derived from LIS bill description,8,5,3,8,INSUFFICIENT DATA,62.5,37.5
2025,H0181,C. Todd Gilbert,R,Technology and Data,Derived from LIS bill description,9,5,4,9,INSUFFICIENT DATA,55.55555555555556,44.44444444444444
2025,H0242,Israel D. O'Quinn,R,Technology and Data,Derived from LIS bill description,9,5,4,9,INSUFFICIENT DATA,55.55555555555556,44.44444444444444
2025,H0352,"Jonathan ""Jed"" Arnold",R,Technology and Data,Derived from LIS bill description,9,5,4,9,INSUFFICIENT DATA,55.55555555555556,44.44444444444444
2025,H0247,Michael J. Webert,R,Technology and Data,Derived from LIS bill description,9,5,4,9,INSUFFICIENT DATA,55.55555555555556,44.44444444444444
2025,H0359,N. Baxter Ennis,R,Technology and Data,Derived from LIS bill description,9,5,4,9,INSUFFICIENT DATA,55.55555555555556,44.44444444444444
2025,H0259,"Hyland F. ""Buddy"" Fowler, Jr.",R,Technology and Data,Derived from LIS bill description,8,4,4,8,INSUFFICIENT DATA,50.0,50.0
2025,H0376,Paul V. Milde,R,Technology and Data,Derived from LIS bill description,8,4,4,8,INSUFFICIENT DATA,50.0,50.0
2025,H0124,R. Lee Ware,R,Technology and Data,Derived from LIS bill description,8,4,4,8,INSUFFICIENT DATA,50.0,50.0
2025,H0383,Eric R. Zehr,R,Technology and Data,Derived from LIS bill description,9,4,5,9,INSUFFICIENT DATA,44.44444444444444,55.55555555555556
2025,H0342,Phillip A. Scott,R,Technology and Data,Derived from LIS bill description,9,4,5,9,INSUFFICIENT DATA,44.44444444444444,55.55555555555556
2025,H0362,"Thomas A. Garrett, Jr.",R,Technology and Data,Derived from LIS bill description,9,4,5,9,INSUFFICIENT DATA,44.44444444444444,55.55555555555556
2025,H0206,Barry D. Knight,R,Technology and Data,Derived from LIS bill description,9,0,0,0,INSUFFICIENT DATA,0.0,0.0
2025,H0150,"Daniel W. Marshall, III",R,Technology and Data,Derived from LIS bill description,10,0,2,2,INSUFFICIENT DATA,0.0,100.0
2025,H0313,Amanda E. Batten,R,Technology and Data,Derived from LIS bill description,11,7,4,11,MIXED,63.63636363636363,36.36363636363637
2025,H0315,Carrie E. Coyner,R,Technology and Data,Derived from LIS bill description,13,6,5,11,MIXED,54.54545454545454,45.45454545454545
2025,H0224,James W. Morefield,R,Technology and Data,Derived from LIS bill description,11,6,5,11,MIXED,54.54545454545454,45.45454545454545
2025,H0253,Terry L. Austin,R,Technology and Data,Derived from LIS bill description,11,6,5,11,MIXED,54.54545454545454,45.45454545454545
2025,H0329,Bill Wiley,R,Technology and Data,Derived from LIS bill description,10,5,5,10,MIXED,50.0,50.0
2025,H0350,Ellen H. Campbell,R,Technology and Data,Derived from LIS bill description,10,5,5,10,MIXED,50.0,50.0
2025,H0358,"Mark L. Earley, Jr.",R,Technology and Data,Derived from LIS bill description,16,8,8,16,MIXED,50.0,50.0
2025,H0335,Mike A. Cherry,R,Technology and Data,Derived from LIS bill description,10,5,5,10,MIXED,50.0,50.0
2025,H0267,"Robert S. Bloxom, Jr.",R,Technology and Data,Derived from LIS bill description,10,5,5,10,MIXED,50.0,50.0
2025,H0337,A.C. Cordoza,R,Technology and Data,Derived from LIS bill description,15,7,8,15,MIXED,46.666666666666664,53.333333333333336
2025,H0345,Anne Ferrell Tata,R,Technology and Data,Derived from LIS bill description,11,5,6,11,MIXED,45.45454545454545,54.54545454545454
2025,H0308,Joseph P. McNamara,R,Technology and Data,Derived from LIS bill description,16,6,9,15,MIXED,40.0,60.0
2025,H0328,Scott A. Wyatt,R,Technology and Data,Derived from LIS bill description,10,4,6,10,MIXED,40.0,60.0
2025,H0347,"H. Otto Wachsmann, Jr.",R,Technology and Data,Derived from LIS bill description,18,7,11,18,MIXED,38.88888888888889,61.111111111111114
2025,H0373,Ian T. Lovejoy,R,Technology and Data,Derived from LIS bill description,15,5,8,13,MIXED,38.46153846153847,61.53846153846154
2025,H0346,Kim A. Taylor,R,Technology and Data,Derived from LIS bill description,13,5,8,13,MIXED,38.46153846153847,61.53846153846154
2025,H0279,Nicholas J. Freitas,R,Technology and Data,Derived from LIS bill description,16,5,10,15,NO,33.33333333333333,66.66666666666666
2025,H0136,"Thomas C. Wright, Jr.",R,Technology and Data,Derived from LIS bill description,18,5,13,18,NO,27.77777777777778,72.22222222222221
2025,H0364,Timothy P. Griffin,R,Technology and Data,Derived from LIS bill description,18,4,14,18,NO,22.22222222222222,77.77777777777779
2025,H0238,M. Keith Hodges,R,Technology and Data,Derived from LIS bill description,20,4,16,20,NO,20.0,80.0
2025,H0311,Alex Q. Askew,D,Technology and Data,Derived from LIS bill description,12,12,0,12,YES,100.0,0.0
2025,H0239,Alfonso H. Lopez,D,Technology and Data,Derived from LIS bill description,18,18,0,18,YES,100.0,0.0
2025,H0380,Atoosa R. Reaser,D,Technology and Data,Derived from LIS bill description,11,11,0,11,YES,100.0,0.0
2025,H0212,Betsy B. Carr,D,Technology and Data,Derived from LIS bill description,11,11,0,11,YES,100.0,0.0
2025,H0343,Briana D. Sewell,D,Technology and Data,Derived from LIS bill description,11,11,0,11,YES,100.0,0.0
2025,H0285,"C.E. Cliff Hayes, Jr.",D,Technology and Data,Derived from LIS bill description,23,18,0,18,YES,100.0,0.0
2025,H0301,David A. Reid,D,Technology and Data,Derived from LIS bill description,10,10,0,10,YES,100.0,0.0
2025,H0177,David L. Bulova,D,Technology and Data,Derived from LIS bill description,11,10,0,10,YES,100.0,0.0
2025,H0207,Delores L. McQuinn,D,Technology and Data,Derived from LIS bill description,11,10,0,10,YES,100.0,0.0
2025,H0351,Holly M. Seibold,D,Technology and Data,Derived from LIS bill description,21,21,0,21,YES,100.0,0.0
2025,H0344,Irene Shin,D,Technology and Data,Derived from LIS bill description,18,17,0,17,YES,100.0,0.0
2025,H0349,Jackie H. Glass,D,Technology and Data,Derived from LIS bill description,18,17,0,17,YES,100.0,0.0
2025,H0173,Jeion A. Ward,D,Technology and Data,Derived from LIS bill description,19,19,0,19,YES,100.0,0.0
2025,H0370,Karen Keys-Gamarra,D,Technology and Data,Derived from LIS bill description,16,16,0,16,YES,100.0,0.0
2025,H0294,Karrie K. Delaney,D,Technology and Data,Derived from LIS bill description,10,10,0,10,YES,100.0,0.0
2025,H0305,Kathy K.L. Tran,D,Technology and Data,Derived from LIS bill description,10,10,0,10,YES,100.0,0.0
2025,H0354,Katrina Callsen,D,Technology and Data,Derived from LIS bill description,10,10,0,10,YES,100.0,0.0
2025,H0227,Luke E. Torian,D,Technology and Data,Derived from LIS bill description,12,12,0,12,YES,100.0,0.0
2025,H0264,Marcus B. Simon,D,Technology and Data,Derived from LIS bill description,10,10,0,10,YES,100.0,0.0
2025,H0172,Mark D. Sickles,D,Technology and Data,Derived from LIS bill description,11,11,0,11,YES,100.0,0.0
2025,H0374,Marty Martinez,D,Technology and Data,Derived from LIS bill description,15,15,0,15,YES,100.0,0.0
2025,H0368,Michael J. Jones,D,Technology and Data,Derived from LIS bill description,15,11,0,11,YES,100.0,0.0
2025,H0340,Michelle Lopes Maldonado,D,Technology and Data,Derived from LIS bill description,19,19,0,19,YES,100.0,0.0
2025,H0336,Nadarius E. Clark,D,Technology and Data,Derived from LIS bill description,16,16,0,16,YES,100.0,0.0
2025,H0281,Paul E. Krizek,D,Technology and Data,Derived from LIS bill description,11,11,0,11,YES,100.0,0.0
2025,H0366,Phil M. Hernandez,D,Technology and Data,Derived from LIS bill description,10,10,0,10,YES,100.0,0.0
2025,H0356,Rae Cousins,D,Technology and Data,Derived from LIS bill description,12,12,0,12,YES,100.0,0.0
2025,H0269,"Richard C. ""Rip"" Sullivan, Jr.",D,Technology and Data,Derived from LIS bill description,11,11,0,11,YES,100.0,0.0
2025,H0327,Rodney T. Willett,D,Technology and Data,Derived from LIS bill description,10,10,0,10,YES,100.0,0.0
2025,H0266,Sam Rasoul,D,Technology and Data,Derived from LIS bill description,12,12,0,12,YES,100.0,0.0
2025,H0323,Shelly A. Simonds,D,Technology and Data,Derived from LIS bill description,11,11,0,11,YES,100.0,0.0
2025,H0108,Vivian E. Watts,D,Technology and Data,Derived from LIS bill description,12,12,0,12,YES,100.0,0.0
2025,H0365,"Rozia A. Henson, Jr.",D,Technology and Data,Derived from LIS bill description,15,14,1,15,YES,93.33333333333333,6.666666666666667
2025,H0262,"James A. ""Jay"" Leftwich",R,Technology and Data,Derived from LIS bill description,10,7,3,10,YES,70.0,30.0
2025,H0056,Terry G. Kilgore,R,Technology and Data,Derived from LIS bill description,10,7,3,10,YES,70.0,30.0
2025,H0363,W. Chad Green,R,Technology and Data,Derived from LIS bill description,10,7,3,10,YES,70.0,30.0
2025,H0348,Wren M. Williams,R,Technology and Data,Derived from LIS bill description,10,7,3,10,YES,70.0,30.0
2025,H0150,"Daniel W. Marshall, III",R,Transportation,Derived from LIS bill description,53,4,5,9,INSUFFICIENT DATA,44.44444444444444,55.55555555555556
2025,H0321,Chris S. Runion,R,Transportation,Derived from LIS bill description,51,32,19,51,MIXED,62.745098039215684,37.254901960784316
2025,H0224,James W. Morefield,R,Transportation,Derived from LIS bill description,49,30,18,48,MIXED,62.5,37.5
2025,H0136,"Thomas C. Wright, Jr.",R,Transportation,Derived from LIS bill description,44,23,15,38,MIXED,60.526315789473685,39.473684210526315
2025,H0377,Delores Oates,R,Transportation,Derived from LIS bill description,45,27,18,45,MIXED,60.0,40.0
2025,H0342,Phillip A. Scott,R,Transportation,Derived from LIS bill description,47,27,18,45,MIXED,60.0,40.0
2025,H0231,Tony O. Wilt,R,Transportation,Derived from LIS bill description,50,30,20,50,MIXED,60.0,40.0
2025,H0383,Eric R. Zehr,R,Transportation,Derived from LIS bill description,68,37,27,64,MIXED,57.8125,42.1875
2025,H0181,C. Todd Gilbert,R,Transportation,Derived from LIS bill description,50,28,22,50,MIXED,56.00000000000001,44.0
2025,H0364,Timothy P. Griffin,R,Transportation,Derived from LIS bill description,68,37,30,67,MIXED,55.223880597014926,44.776119402985074
2025,H0362,"Thomas A. Garrett, Jr.",R,Transportation,Derived from LIS bill description,47,24,20,44,MIXED,54.54545454545454,45.45454545454545
2025,H0247,Michael J. Webert,R,Transportation,Derived from LIS bill description,51,26,22,48,MIXED,54.166666666666664,45.83333333333333
2025,H0279,Nicholas J. Freitas,R,Transportation,Derived from LIS bill description,47,23,20,43,MIXED,53.48837209302325,46.51162790697674
2025,H0207,Delores L. McQuinn,D,Transportation,Derived from LIS bill description,83,64,1,65,YES,98.46153846153847,1.5384615384615385
2025,H0172,Mark D. Sickles,D,Transportation,Derived from LIS bill description,53,51,1,52,YES,98.07692307692307,1.9230769230769231
2025,H0108,Vivian E. Watts,D,Transportation,Derived from LIS bill description,101,96,2,98,YES,97.95918367346938,2.0408163265306123
2025,H0374,Marty Martinez,D,Transportation,Derived from LIS bill description,44,42,1,43,YES,97.67441860465115,2.3255813953488373
2025,H0343,Briana D. Sewell,D,Transportation,Derived from LIS bill description,79,77,2,79,YES,97.46835443037975,2.5316455696202533
2025,H0173,Jeion A. Ward,D,Transportation,Derived from LIS bill description,81,77,2,79,YES,97.46835443037975,2.5316455696202533
2025,H0366,Phil M. Hernandez,D,Transportation,Derived from LIS bill description,67,65,2,67,YES,97.01492537313433,2.9850746268656714
2025,H0356,Rae Cousins,D,Transportation,Derived from LIS bill description,67,65,2,67,YES,97.01492537313433,2.9850746268656714
2025,H0269,"Richard C. ""Rip"" Sullivan, Jr.",D,Transportation,Derived from LIS bill description,66,64,2,66,YES,96.96969696969697,3.0303030303030303
2025,H0353,Bonita G. Anthony,D,Transportation,Derived from LIS bill description,91,88,3,91,YES,96.7032967032967,3.296703296703297
2025,H0380,Atoosa R. Reaser,D,Transportation,Derived from LIS bill description,58,55,2,57,YES,96.49122807017544,3.508771929824561
2025,H0219,Patrick A. Hope,D,Transportation,Derived from LIS bill description,66,55,2,57,YES,96.49122807017544,3.508771929824561
2025,H0294,Karrie K. Delaney,D,Transportation,Derived from LIS bill description,111,82,3,85,YES,96.47058823529412,3.5294117647058822
2025,H0382,Joshua E. Thomas,D,Transportation,Derived from LIS bill description,56,53,2,55,YES,96.36363636363636,3.6363636363636362
2025,H0330,Candi Mundon King,D,Transportation,Derived from LIS bill description,54,51,2,53,YES,96.22641509433963,3.7735849056603774
2025,H0208,Charniele L. Herring,D,Transportation,Derived from LIS bill description,52,50,2,52,YES,96.15384615384616,3.8461538461538463
2025,H0311,Alex Q. Askew,D,Transportation,Derived from LIS bill description,52,49,2,51,YES,96.07843137254902,3.9215686274509802
2025,H0317,Dan I. Helmer,D,Transportation,Derived from LIS bill description,51,49,2,51,YES,96.07843137254902,3.9215686274509802
2025,H0372,Destiny LeVere Bolling,D,Transportation,Derived from LIS bill description,52,49,2,51,YES,96.07843137254902,3.9215686274509802
2025,H0239,Alfonso H. Lopez,D,Transportation,Derived from LIS bill description,51,48,2,50,YES,96.0,4.0
2025,H0344,Irene Shin,D,Transportation,Derived from LIS bill description,51,48,2,50,YES,96.0,4.0
2025,H0295,Kelly K. Convirs-Fowler,D,Transportation,Derived from LIS bill description,50,48,2,50,YES,96.0,4.0
2025,H0355,Laura Jane Cohen,D,Transportation,Derived from LIS bill description,75,72,3,75,YES,96.0,4.0
2025,H0360,Michael B. Feggans,D,Transportation,Derived from LIS bill description,77,72,3,75,YES,96.0,4.0
2025,H0281,Paul E. Krizek,D,Transportation,Derived from LIS bill description,50,48,2,50,YES,96.0,4.0
2025,H0327,Rodney T. Willett,D,Transportation,Derived from LIS bill description,50,48,2,50,YES,96.0,4.0
2025,H0371,Amy J. Laufer,D,Transportation,Derived from LIS bill description,49,47,2,49,YES,95.91836734693877,4.081632653061225
2025,H0285,"C.E. Cliff Hayes, Jr.",D,Transportation,Derived from LIS bill description,50,47,2,49,YES,95.91836734693877,4.081632653061225
2025,H0305,Kathy K.L. Tran,D,Transportation,Derived from LIS bill description,49,47,2,49,YES,95.91836734693877,4.081632653061225
2025,H0227,Luke E. Torian,D,Transportation,Derived from LIS bill description,51,47,2,49,YES,95.91836734693877,4.081632653061225
2025,H0323,Shelly A. Simonds,D,Transportation,Derived from LIS bill description,49,47,2,49,YES,95.91836734693877,4.081632653061225
2025,H0375,Adele Y. McClure,D,Transportation,Derived from LIS bill description,72,69,3,72,YES,95.83333333333334,4.166666666666666
2025,H0177,David L. Bulova,D,Transportation,Derived from LIS bill description,48,46,2,48,YES,95.83333333333334,4.166666666666666
2025,H0361,Debra D. Gardner,D,Transportation,Derived from LIS bill description,49,46,2,48,YES,95.83333333333334,4.166666666666666
2025,H0266,Sam Rasoul,D,Transportation,Derived from LIS bill description,51,46,2,48,YES,95.83333333333334,4.166666666666666
2025,H0368,Michael J. Jones,D,Transportation,Derived from LIS bill description,49,44,2,46,YES,95.65217391304348,4.3478260869565215
2025,H0322,Don Scott,D,Transportation,Derived from LIS bill description,45,43,2,45,YES,95.55555555555556,4.444444444444445
2025,H0334,Elizabeth B. Bennett-Parker,D,Transportation,Derived from LIS bill description,48,43,2,45,YES,95.55555555555556,4.444444444444445
2025,H0351,Holly M. Seibold,D,Transportation,Derived from LIS bill description,45,43,2,45,YES,95.55555555555556,4.444444444444445
2025,H0336,Nadarius E. Clark,D,Transportation,Derived from LIS bill description,46,43,2,45,YES,95.55555555555556,4.444444444444445
2025,H0301,David A. Reid,D,Transportation,Derived from LIS bill description,88,84,4,88,YES,95.45454545454545,4.545454545454546
2025,H0385,JJ Singh,D,Transportation,Derived from LIS bill description,45,42,2,44,YES,95.45454545454545,4.545454545454546
2025,H0314,Joshua G. Cole,D,Transportation,Derived from LIS bill description,46,40,2,42,YES,95.23809523809523,4.761904761904762
2025,H0212,Betsy B. Carr,D,Transportation,Derived from LIS bill description,84,79,4,83,YES,95.18072289156626,4.819277108433735
2025,H0354,Katrina Callsen,D,Transportation,Derived from LIS bill description,69,65,4,69,YES,94.20289855072464,5.797101449275362
2025,H0349,Jackie H. Glass,D,Transportation,Derived from LIS bill description,79,73,5,78,YES,93.58974358974359,6.41025641025641
2025,H0365,"Rozia A. Henson, Jr.",D,Transportation,Derived from LIS bill description,46,43,3,46,YES,93.47826086956522,6.521739130434782
2025,H0284,"Marcia S. ""Cia"" Price",D,Transportation,Derived from LIS bill description,45,42,3,45,YES,93.33333333333333,6.666666666666667
2025,H0340,Michelle Lopes Maldonado,D,Transportation,Derived from LIS bill description,60,56,4,60,YES,93.33333333333333,6.666666666666667
2025,H0370,Karen Keys-Gamarra,D,Transportation,Derived from LIS bill description,58,54,4,58,YES,93.10344827586206,6.896551724137931
2025,H0264,Marcus B. Simon,D,Transportation,Derived from LIS bill description,57,50,5,55,YES,90.9090909090909,9.090909090909092
2025,H0337,A.C. Cordoza,R,Transportation,Derived from LIS bill description,65,52,13,65,YES,80.0,20.0
2025,H0359,N. Baxter Ennis,R,Transportation,Derived from LIS bill description,48,36,11,47,YES,76.59574468085107,23.404255319148938
2025,H0262,"James A. ""Jay"" Leftwich",R,Transportation,Derived from LIS bill description,55,39,12,51,YES,76.47058823529412,23.52941176470588
2025,H0253,Terry L. Austin,R,Transportation,Derived from LIS bill description,85,64,21,85,YES,75.29411764705883,24.705882352941178
2025,H0206,Barry D. Knight,R,Transportation,Derived from LIS bill description,73,24,8,32,YES,75.0,25.0
2025,H0358,"Mark L. Earley, Jr.",R,Transportation,Derived from LIS bill description,55,41,14,55,YES,74.54545454545455,25.454545454545453
2025,H0315,Carrie E. Coyner,R,Transportation,Derived from LIS bill description,51,35,12,47,YES,74.46808510638297,25.53191489361702
2025,H0267,"Robert S. Bloxom, Jr.",R,Transportation,Derived from LIS bill description,48,35,12,47,YES,74.46808510638297,25.53191489361702
2025,H0363,W. Chad Green,R,Transportation,Derived from LIS bill description,46,34,12,46,YES,73.91304347826086,26.08695652173913
2025,H0329,Bill Wiley,R,Transportation,Derived from LIS bill description,75,55,20,75,YES,73.33333333333333,26.666666666666668
2025,H0345,Anne Ferrell Tata,R,Transportation,Derived from LIS bill description,52,38,14,52,YES,73.07692307692307,26.923076923076923
2025,H0328,Scott A. Wyatt,R,Transportation,Derived from LIS bill description,81,58,22,80,YES,72.5,27.500000000000004
2025,H0357,Will Davis,R,Transportation,Derived from LIS bill description,58,42,16,58,YES,72.41379310344827,27.586206896551722
2025,H0348,Wren M. Williams,R,Transportation,Derived from LIS bill description,98,66,26,92,YES,71.73913043478261,28.26086956521739
2025,H0378,Chris Obenshain,R,Transportation,Derived from LIS bill description,56,40,16,56,YES,71.42857142857143,28.57142857142857
2025,H0238,M. Keith Hodges,R,Transportation,Derived from LIS bill description,50,35,14,49,YES,71.42857142857143,28.57142857142857
2025,H0313,Amanda E. Batten,R,Transportation,Derived from LIS bill description,66,47,19,66,YES,71.21212121212122,28.78787878787879
2025,H0073,"Robert D. Orrock, Sr.",R,Transportation,Derived from LIS bill description,50,33,14,47,YES,70.2127659574468,29.78723404255319
2025,H0259,"Hyland F. ""Buddy"" Fowler, Jr.",R,Transportation,Derived from LIS bill description,47,32,14,46,YES,69.56521739130434,30.434782608695656
2025,H0352,"Jonathan ""Jed"" Arnold",R,Transportation,Derived from LIS bill description,55,34,15,49,YES,69.38775510204081,30.612244897959183
2025,H0325,Wendell S. Walker,R,Transportation,Derived from LIS bill description,49,34,15,49,YES,69.38775510204081,30.612244897959183
2025,H0379,David Owen,R,Transportation,Derived from LIS bill description,46,31,14,45,YES,68.88888888888889,31.11111111111111
2025,H0347,"H. Otto Wachsmann, Jr.",R,Transportation,Derived from LIS bill description,45,31,14,45,YES,68.88888888888889,31.11111111111111
2025,H0373,Ian T. Lovejoy,R,Transportation,Derived from LIS bill description,44,30,14,44,YES,68.18181818181817,31.818181818181817
2025,H0242,Israel D. O'Quinn,R,Transportation,Derived from LIS bill description,74,50,24,74,YES,67.56756756756756,32.432432432432435
2025,H0333,Jason S. Ballard,R,Transportation,Derived from LIS bill description,89,56,27,83,YES,67.46987951807229,32.53012048192771
2025,H0369,Hillary Pugh Kent,R,Transportation,Derived from LIS bill description,46,31,15,46,YES,67.3913043478261,32.608695652173914
2025,H0056,Terry G. Kilgore,R,Transportation,Derived from LIS bill description,61,39,19,58,YES,67.24137931034483,32.758620689655174
2025,H0367,Geary Higgins,R,Transportation,Derived from LIS bill description,45,30,15,45,YES,66.66666666666666,33.33333333333333
2025,H0350,Ellen H. Campbell,R,Transportation,Derived from LIS bill description,48,31,16,47,YES,65.95744680851064,34.04255319148936
2025,H0335,Mike A. Cherry,R,Transportation,Derived from LIS bill description,47,31,16,47,YES,65.95744680851064,34.04255319148936
2025,H0124,R. Lee Ware,R,Transportation,Derived from LIS bill description,48,31,16,47,YES,65.95744680851064,34.04255319148936
2025,H0384,Eric Phillips,R,Transportation,Derived from LIS bill description,45,29,15,44,YES,65.9090909090909,34.090909090909086
2025,H0376,Paul V. Milde,R,Transportation,Derived from LIS bill description,75,48,25,73,YES,65.75342465753424,34.24657534246575
2025,H0308,Joseph P. McNamara,R,Transportation,Derived from LIS bill description,52,34,18,52,YES,65.38461538461539,34.61538461538461
2025,H0346,Kim A. Taylor,R,Transportation,Derived from LIS bill description,46,26,14,40,YES,65.0,35.0
2025,H0375,Adele Y. McClure,D,Voters and Voting,Official LIS subject,3,3,0,3,INSUFFICIENT DATA,100.0,0.0
2025,H0311,Alex Q. Askew,D,Voters and Voting,Official LIS subject,3,3,0,3,INSUFFICIENT DATA,100.0,0.0
2025,H0239,Alfonso H. Lopez,D,Voters and Voting,Official LIS subject,3,3,0,3,INSUFFICIENT DATA,100.0,0.0
2025,H0371,Amy J. Laufer,D,Voters and Voting,Official LIS subject,3,3,0,3,INSUFFICIENT DATA,100.0,0.0
2025,H0380,Atoosa R. Reaser,D,Voters and Voting,Official LIS subject,3,3,0,3,INSUFFICIENT DATA,100.0,0.0
2025,H0212,Betsy B. Carr,D,Voters and Voting,Official LIS subject,3,3,0,3,INSUFFICIENT DATA,100.0,0.0
2025,H0353,Bonita G. Anthony,D,Voters and Voting,Official LIS subject,4,4,0,4,INSUFFICIENT DATA,100.0,0.0
2025,H0343,Briana D. Sewell,D,Voters and Voting,Official LIS subject,3,3,0,3,INSUFFICIENT DATA,100.0,0.0
2025,H0285,"C.E. Cliff Hayes, Jr.",D,Voters and Voting,Official LIS subject,3,3,0,3,INSUFFICIENT DATA,100.0,0.0
2025,H0330,Candi Mundon King,D,Voters and Voting,Official LIS subject,3,3,0,3,INSUFFICIENT DATA,100.0,0.0
2025,H0208,Charniele L. Herring,D,Voters and Voting,Official LIS subject,3,3,0,3,INSUFFICIENT DATA,100.0,0.0
2025,H0317,Dan I. Helmer,D,Voters and Voting,Official LIS subject,3,3,0,3,INSUFFICIENT DATA,100.0,0.0
2025,H0301,David A. Reid,D,Voters and Voting,Official LIS subject,4,4,0,4,INSUFFICIENT DATA,100.0,0.0
2025,H0177,David L. Bulova,D,Voters and Voting,Official LIS subject,3,3,0,3,INSUFFICIENT DATA,100.0,0.0
2025,H0361,Debra D. Gardner,D,Voters and Voting,Official LIS subject,3,3,0,3,INSUFFICIENT DATA,100.0,0.0
2025,H0207,Delores L. McQuinn,D,Voters and Voting,Official LIS subject,3,3,0,3,INSUFFICIENT DATA,100.0,0.0
2025,H0372,Destiny LeVere Bolling,D,Voters and Voting,Official LIS subject,4,4,0,4,INSUFFICIENT DATA,100.0,0.0
2025,H0322,Don Scott,D,Voters and Voting,Official LIS subject,3,3,0,3,INSUFFICIENT DATA,100.0,0.0
2025,H0334,Elizabeth B. Bennett-Parker,D,Voters and Voting,Official LIS subject,3,3,0,3,INSUFFICIENT DATA,100.0,0.0
2025,H0351,Holly M. Seibold,D,Voters and Voting,Official LIS subject,3,3,0,3,INSUFFICIENT DATA,100.0,0.0
2025,H0344,Irene Shin,D,Voters and Voting,Official LIS subject,3,3,0,3,INSUFFICIENT DATA,100.0,0.0
2025,H0385,JJ Singh,D,Voters and Voting,Official LIS subject,3,3,0,3,INSUFFICIENT DATA,100.0,0.0
2025,H0349,Jackie H. Glass,D,Voters and Voting,Official LIS subject,4,4,0,4,INSUFFICIENT DATA,100.0,0.0
2025,H0173,Jeion A. Ward,D,Voters and Voting,Official LIS subject,3,3,0,3,INSUFFICIENT DATA,100.0,0.0
2025,H0382,Joshua E. Thomas,D,Voters and Voting,Official LIS subject,3,3,0,3,INSUFFICIENT DATA,100.0,0.0
2025,H0314,Joshua G. Cole,D,Voters and Voting,Official LIS subject,4,4,0,4,INSUFFICIENT DATA,100.0,0.0
2025,H0381,Kannan Srinivasan,D,Voters and Voting,Official LIS subject,1,1,0,1,INSUFFICIENT DATA,100.0,0.0
2025,H0370,Karen Keys-Gamarra,D,Voters and Voting,Official LIS subject,3,3,0,3,INSUFFICIENT DATA,100.0,0.0
2025,H0294,Karrie K. Delaney,D,Voters and Voting,Official LIS subject,3,3,0,3,INSUFFICIENT DATA,100.0,0.0
2025,H0305,Kathy K.L. Tran,D,Voters and Voting,Official LIS subject,3,3,0,3,INSUFFICIENT DATA,100.0,0.0
2025,H0354,Katrina Callsen,D,Voters and Voting,Official LIS subject,3,3,0,3,INSUFFICIENT DATA,100.0,0.0
2025,H0295,Kelly K. Convirs-Fowler,D,Voters and Voting,Official LIS subject,4,4,0,4,INSUFFICIENT DATA,100.0,0.0
2025,H0355,Laura Jane Cohen,D,Voters and Voting,Official LIS subject,3,3,0,3,INSUFFICIENT DATA,100.0,0.0
2025,H0227,Luke E. Torian,D,Voters and Voting,Official LIS subject,3,3,0,3,INSUFFICIENT DATA,100.0,0.0
2025,H0284,"Marcia S. ""Cia"" Price",D,Voters and Voting,Official LIS subject,4,4,0,4,INSUFFICIENT DATA,100.0,0.0
2025,H0264,Marcus B. Simon,D,Voters and Voting,Official LIS subject,3,3,0,3,INSUFFICIENT DATA,100.0,0.0
2025,H0172,Mark D. Sickles,D,Voters and Voting,Official LIS subject,4,4,0,4,INSUFFICIENT DATA,100.0,0.0
2025,H0374,Marty Martinez,D,Voters and Voting,Official LIS subject,3,3,0,3,INSUFFICIENT DATA,100.0,0.0
2025,H0360,Michael B. Feggans,D,Voters and Voting,Official LIS subject,3,3,0,3,INSUFFICIENT DATA,100.0,0.0
2025,H0368,Michael J. Jones,D,Voters and Voting,Official LIS subject,3,3,0,3,INSUFFICIENT DATA,100.0,0.0
2025,H0340,Michelle Lopes Maldonado,D,Voters and Voting,Official LIS subject,4,4,0,4,INSUFFICIENT DATA,100.0,0.0
2025,H0336,Nadarius E. Clark,D,Voters and Voting,Official LIS subject,3,3,0,3,INSUFFICIENT DATA,100.0,0.0
2025,H0219,Patrick A. Hope,D,Voters and Voting,Official LIS subject,3,3,0,3,INSUFFICIENT DATA,100.0,0.0
2025,H0281,Paul E. Krizek,D,Voters and Voting,Official LIS subject,4,4,0,4,INSUFFICIENT DATA,100.0,0.0
2025,H0366,Phil M. Hernandez,D,Voters and Voting,Official LIS subject,3,3,0,3,INSUFFICIENT DATA,100.0,0.0
2025,H0356,Rae Cousins,D,Voters and Voting,Official LIS subject,3,3,0,3,INSUFFICIENT DATA,100.0,0.0
2025,H0269,"Richard C. ""Rip"" Sullivan, Jr.",D,Voters and Voting,Official LIS subject,3,3,0,3,INSUFFICIENT DATA,100.0,0.0
2025,H0327,Rodney T. Willett,D,Voters and Voting,Official LIS subject,3,3,0,3,INSUFFICIENT DATA,100.0,0.0
2025,H0365,"Rozia A. Henson, Jr.",D,Voters and Voting,Official LIS subject,4,4,0,4,INSUFFICIENT DATA,100.0,0.0
2025,H0266,Sam Rasoul,D,Voters and Voting,Official LIS subject,3,3,0,3,INSUFFICIENT DATA,100.0,0.0
2025,H0323,Shelly A. Simonds,D,Voters and Voting,Official LIS subject,3,3,0,3,INSUFFICIENT DATA,100.0,0.0
2025,H0108,Vivian E. Watts,D,Voters and Voting,Official LIS subject,3,3,0,3,INSUFFICIENT DATA,100.0,0.0
2025,H0337,A.C. Cordoza,R,Voters and Voting,Official LIS subject,3,1,2,3,INSUFFICIENT DATA,33.33333333333333,66.66666666666666
2025,H0315,Carrie E. Coyner,R,Voters and Voting,Official LIS subject,3,1,2,3,INSUFFICIENT DATA,33.33333333333333,66.66666666666666
2025,H0346,Kim A. Taylor,R,Voters and Voting,Official LIS subject,3,1,2,3,INSUFFICIENT DATA,33.33333333333333,66.66666666666666
2025,H0359,N. Baxter Ennis,R,Voters and Voting,Official LIS subject,3,1,2,3,INSUFFICIENT DATA,33.33333333333333,66.66666666666666
2025,H0335,Mike A. Cherry,R,Voters and Voting,Official LIS subject,4,1,3,4,INSUFFICIENT DATA,25.0,75.0
2025,H0313,Amanda E. Batten,R,Voters and Voting,Official LIS subject,3,0,3,3,INSUFFICIENT DATA,0.0,100.0
2025,H0345,Anne Ferrell Tata,R,Voters and Voting,Official LIS subject,3,0,3,3,INSUFFICIENT DATA,0.0,100.0
2025,H0206,Barry D. Knight,R,Voters and Voting,Official LIS subject,3,0,3,3,INSUFFICIENT DATA,0.0,100.0
2025,H0329,Bill Wiley,R,Voters and Voting,Official LIS subject,3,0,3,3,INSUFFICIENT DATA,0.0,100.0
2025,H0181,C. Todd Gilbert,R,Voters and Voting,Official LIS subject,4,0,4,4,INSUFFICIENT DATA,0.0,100.0
2025,H0378,Chris Obenshain,R,Voters and Voting,Official LIS subject,3,0,3,3,INSUFFICIENT DATA,0.0,100.0
2025,H0321,Chris S. Runion,R,Voters and Voting,Official LIS subject,3,0,3,3,INSUFFICIENT DATA,0.0,100.0
2025,H0150,"Daniel W. Marshall, III",R,Voters and Voting,Official LIS subject,3,0,0,0,INSUFFICIENT DATA,0.0,0.0
2025,H0379,David Owen,R,Voters and Voting,Official LIS subject,3,0,3,3,INSUFFICIENT DATA,0.0,100.0
2025,H0377,Delores Oates,R,Voters and Voting,Official LIS subject,3,0,3,3,INSUFFICIENT DATA,0.0,100.0
2025,H0350,Ellen H. Campbell,R,Voters and Voting,Official LIS subject,3,0,3,3,INSUFFICIENT DATA,0.0,100.0
2025,H0384,Eric Phillips,R,Voters and Voting,Official LIS subject,4,0,3,3,INSUFFICIENT DATA,0.0,100.0
2025,H0383,Eric R. Zehr,R,Voters and Voting,Official LIS subject,3,0,3,3,INSUFFICIENT DATA,0.0,100.0
2025,H0367,Geary Higgins,R,Voters and Voting,Official LIS subject,3,0,3,3,INSUFFICIENT DATA,0.0,100.0
2025,H0347,"H. Otto Wachsmann, Jr.",R,Voters and Voting,Official LIS subject,4,0,4,4,INSUFFICIENT DATA,0.0,100.0
2025,H0369,Hillary Pugh Kent,R,Voters and Voting,Official LIS subject,3,0,3,3,INSUFFICIENT DATA,0.0,100.0
2025,H0259,"Hyland F. ""Buddy"" Fowler, Jr.",R,Voters and Voting,Official LIS subject,3,0,3,3,INSUFFICIENT DATA,0.0,100.0
2025,H0373,Ian T. Lovejoy,R,Voters and Voting,Official LIS subject,3,0,3,3,INSUFFICIENT DATA,0.0,100.0
2025,H0242,Israel D. O'Quinn,R,Voters and Voting,Official LIS subject,4,0,4,4,INSUFFICIENT DATA,0.0,100.0
2025,H0262,"James A. ""Jay"" Leftwich",R,Voters and Voting,Official LIS subject,4,0,4,4,INSUFFICIENT DATA,0.0,100.0
2025,H0224,James W. Morefield,R,Voters and Voting,Official LIS subject,3,0,3,3,INSUFFICIENT DATA,0.0,100.0
2025,H0333,Jason S. Ballard,R,Voters and Voting,Official LIS subject,3,0,3,3,INSUFFICIENT DATA,0.0,100.0
2025,H0352,"Jonathan ""Jed"" Arnold",R,Voters and Voting,Official LIS subject,3,0,3,3,INSUFFICIENT DATA,0.0,100.0
2025,H0308,Joseph P. McNamara,R,Voters and Voting,Official LIS subject,3,0,3,3,INSUFFICIENT DATA,0.0,100.0
2025,H0238,M. Keith Hodges,R,Voters and Voting,Official LIS subject,3,0,3,3,INSUFFICIENT DATA,0.0,100.0
2025,H0358,"Mark L. Earley, Jr.",R,Voters and Voting,Official LIS subject,3,0,3,3,INSUFFICIENT DATA,0.0,100.0
2025,H0247,Michael J. Webert,R,Voters and Voting,Official LIS subject,3,0,3,3,INSUFFICIENT DATA,0.0,100.0
2025,H0279,Nicholas J. Freitas,R,Voters and Voting,Official LIS subject,3,0,3,3,INSUFFICIENT DATA,0.0,100.0
2025,H0376,Paul V. Milde,R,Voters and Voting,Official LIS subject,4,0,4,4,INSUFFICIENT DATA,0.0,100.0
2025,H0342,Phillip A. Scott,R,Voters and Voting,Official LIS subject,4,0,4,4,INSUFFICIENT DATA,0.0,100.0
2025,H0124,R. Lee Ware,R,Voters and Voting,Official LIS subject,3,0,3,3,INSUFFICIENT DATA,0.0,100.0
2025,H0073,"Robert D. Orrock, Sr.",R,Voters and Voting,Official LIS subject,3,0,3,3,INSUFFICIENT DATA,0.0,100.0
2025,H0267,"Robert S. Bloxom, Jr.",R,Voters and Voting,Official LIS subject,4,0,4,4,INSUFFICIENT DATA,0.0,100.0
2025,H0328,Scott A. Wyatt,R,Voters and Voting,Official LIS subject,3,0,3,3,INSUFFICIENT DATA,0.0,100.0
2025,H0056,Terry G. Kilgore,R,Voters and Voting,Official LIS subject,3,0,3,3,INSUFFICIENT DATA,0.0,100.0
2025,H0253,Terry L. Austin,R,Voters and Voting,Official LIS subject,3,0,3,3,INSUFFICIENT DATA,0.0,100.0
2025,H0362,"Thomas A. Garrett, Jr.",R,Voters and Voting,Official LIS subject,3,0,3,3,INSUFFICIENT DATA,0.0,100.0
2025,H0136,"Thomas C. Wright, Jr.",R,Voters and Voting,Official LIS subject,3,0,3,3,INSUFFICIENT DATA,0.0,100.0
2025,H0364,Timothy P. Griffin,R,Voters and Voting,Official LIS subject,3,0,3,3,INSUFFICIENT DATA,0.0,100.0
2025,H0231,Tony O. Wilt,R,Voters and Voting,Official LIS subject,3,0,3,3,INSUFFICIENT DATA,0.0,100.0
2025,H0363,W. Chad Green,R,Voters and Voting,Official LIS subject,4,0,4,4,INSUFFICIENT DATA,0.0,100.0
2025,H0325,Wendell S. Walker,R,Voters and Voting,Official LIS subject,3,0,3,3,INSUFFICIENT DATA,0.0,100.0
2025,H0357,Will Davis,R,Voters and Voting,Official LIS subject,3,0,3,3,INSUFFICIENT DATA,0.0,100.0
2025,H0348,Wren M. Williams,R,Voters and Voting,Official LIS subject,3,0,3,3,INSUFFICIENT DATA,0.0,100.0
