vote_id,Bill_id,History_date,History_description
H19004V2511813,HB1549,1/29/2025,H Subcommittee recommends reporting (6-Y 0-N)
H19V2511935,HB1549,1/30/2025,H Reported from Transportation and referred to Courts of Justice (21-Y 1-N)
H08V2512213,HB1549,1/31/2025,H Reported from Courts of Justice with substitute (20-Y 0-N)
2518446,HB1549,2/4/2025,H Read third time and passed House (95-Y 4-N)
S11V1780,HB1549,2/13/2025,S Reported from Transportation (15-Y 0-N)
SV564,HB1549,2/17/2025,S Constitutional reading dispensed (on 2nd reading)
SV593,HB1549,2/18/2025,S Passed Senate (40-Y 0-N)
H10002V2511533,HB1550,1/28/2025,H Subcommittee recommends laying on the table (5-Y 2-N)
H24001V2510455,HB1552,1/21/2025,H Subcommittee recommends reporting with substitute (7-Y 0-N)
H24V2510771,HB1552,1/23/2025,H Reported from Health and Human Services with substitute (22-Y 0-N)
2518272,HB1552,1/29/2025,H Read third time and passed House (97-Y 0-N)
S04V1182,HB1552,2/6/2025,S Reported from Education and Health (14-Y 0-N)
SV363,HB1552,2/7/2025,S Constitutional reading dispensed (on 2nd reading) (38-Y 0-N)
SV368,HB1552,2/10/2025,S Passed Senate (39-Y 0-N)
H08001V2510011,HB1553,1/13/2025,H Subcommittee recommends reporting (8-Y 0-N)
H08V2510283,HB1553,1/17/2025,H Reported from Courts of Justice (22-Y 0-N)
2518204,HB1553,1/23/2025,H Read third time and passed House (97-Y 0-N)
S13V1152,HB1553,2/5/2025,S Reported from Courts of Justice (14-Y 0-N)
SV363,HB1553,2/7/2025,S Constitutional reading dispensed (on 2nd reading) (38-Y 0-N)
SV368,HB1553,2/10/2025,S Passed Senate (39-Y 0-N)
H07003V2510240,HB1554,1/17/2025,H Subcommittee recommends laying on the table (5-Y 3-N)
H24001V2511814,HB1555,1/29/2025,H Subcommittee recommends reporting with substitute and referring to Appropriations (5-Y 3-N)
H24V2511900,HB1555,1/30/2025,H Failed to report from Health and Human Services with substitute (9-Y 12-N)
H08001V2510143,HB1556,1/15/2025,H Subcommittee recommends laying on the table (5-Y 3-N)
H10001V2510346,HB1557,1/20/2025,H Subcommittee recommends laying on the table (5-Y 3-N)
H08V2511023,HB1558,1/24/2025,H Tabled in Courts of Justice (22-Y 0-N)
H15001V2510885,HB1559,1/23/2025,H Subcommittee recommends laying on the table (5-Y 3-N)
H10001V2510324,HB1560,1/20/2025,H Subcommittee failed to recommend reporting (3-Y 5-N)
H10001V2510325,HB1561,1/20/2025,H Subcommittee recommends laying on the table (5-Y 3-N)
H18001V2510405,HB1566,1/20/2025,H Subcommittee recommends striking from the docket (8-Y 0-N)
H11001V2510212,HB1567,1/16/2025,H Subcommittee recommends reporting (8-Y 0-N)
H11V2510496,HB1567,1/21/2025,H Reported from General Laws (21-Y 0-N)
2518232,HB1567,1/27/2025,H Read third time and passed House (97-Y 0-N)
S12V1141,HB1567,2/5/2025,S Reported from General Laws and Technology (12-Y 0-N)
SV363,HB1567,2/7/2025,S Constitutional reading dispensed (on 2nd reading) (38-Y 0-N)
SV368,HB1567,2/10/2025,S Passed Senate (39-Y 0-N)
H08001V2510008,HB1568,1/13/2025,H Subcommittee recommends reporting with substitute (8-Y 0-N)
H08V2510284,HB1568,1/17/2025,H Reported from Courts of Justice with substitute (22-Y 0-N)
2518204,HB1568,1/23/2025,H Read third time and passed House (97-Y 0-N)
S13V1173,HB1568,2/5/2025,S Reported from Courts of Justice (14-Y 0-N)
SV363,HB1568,2/7/2025,S Constitutional reading dispensed (on 2nd reading) (38-Y 0-N)
SV368,HB1568,2/10/2025,S Passed Senate (39-Y 0-N)
H15001V2510226,HB1569,1/16/2025,H Subcommittee recommends laying on the table (7-Y 3-N)
H14004V2511970,HB1570,1/30/2025,H Subcommittee recommends laying on the table (3-Y 2-N)
H24001V2510457,HB1571,1/21/2025,H Subcommittee recommends reporting (7-Y 0-N)
H24V2510773,HB1571,1/23/2025,H Reported from Health and Human Services (22-Y 0-N)
2518272,HB1571,1/29/2025,H Read third time and passed House (97-Y 0-N)
S12V1162,HB1571,2/5/2025,S Reported from General Laws and Technology (15-Y 0-N)
SV363,HB1571,2/7/2025,S Constitutional reading dispensed (on 2nd reading) (38-Y 0-N)
SV368,HB1571,2/10/2025,S Passed Senate (39-Y 0-N)
H10002V2510561,HB1572,1/21/2025,H Subcommittee recommends reporting with substitute (8-Y 0-N)
H10V2510684,HB1572,1/22/2025,H Reported from Finance with substitute (22-Y 0-N)
2518240,HB1572,1/28/2025,H Read third time and passed House (99-Y 0-N)
S05V1407,HB1572,2/11/2025,S Passed by indefinitely in Finance and Appropriations with letter (10-Y 5-N)
H18001V2510023,HB1573,1/13/2025,H Subcommittee recommends laying on the table (5-Y 3-N)
H18001V2510024,HB1574,1/13/2025,H Subcommittee recommends laying on the table (5-Y 3-N)
H18003V2510587,HB1575,1/22/2025,H Subcommittee recommends striking from the docket (8-Y 0-N)
H18003V2510588,HB1576,1/22/2025,H Subcommittee failed to recommend reporting (3-Y 5-N)
H11001V2510221,HB1578,1/16/2025,H Subcommittee recommends reporting (8-Y 0-N)
H11V2510497,HB1578,1/21/2025,H Reported from General Laws (21-Y 0-N)
2518232,HB1578,1/27/2025,H Read third time and passed House (97-Y 0-N)
S12V1142,HB1578,2/5/2025,S Reported from General Laws and Technology (13-Y 0-N)
SV363,HB1578,2/7/2025,S Constitutional reading dispensed (on 2nd reading) (38-Y 0-N)
SV368,HB1578,2/10/2025,S Passed Senate (39-Y 0-N)
H10001V2510321,HB1579,1/20/2025,H Subcommittee recommends reporting (7-Y 1-N)
H10V2510669,HB1579,1/22/2025,H Reported from Finance (19-Y 2-N 1-A)
2518243,HB1579,1/28/2025,H Read third time and passed House  (91-Y 7-N)
S05V1473,HB1579,2/12/2025,S Reported from Finance and Appropriations (15-Y 0-N)
SV472,HB1579,2/13/2025,S Constitutional reading dispensed (on 2nd reading) (40-Y 0-N)
SV493,HB1579,2/14/2025,S Passed Senate (36-Y 0-N)
H02001V2510137,HB1580,1/15/2025,H Subcommittee recommends laying on the table (8-Y 0-N)
H24V2510165,HB1582,1/16/2025,H Reported from Health and Human Services with amendment(s)  (22-Y 0-N)
2518199,HB1582,1/22/2025,H Read third time and passed House (96-Y 0-N)
2518202,HB1582,1/22/2025,H Passed House  (97-Y 0-N)
S04V1671,HB1582,2/13/2025,S Reported from Education and Health with substitute (15-Y 0-N)
SV564,HB1582,2/17/2025,S Constitutional reading dispensed (on 2nd reading)
SV593,HB1582,2/18/2025,S Passed Senate with substitute (40-Y 0-N)
2518908,HB1582,2/19/2025,H Senate substitute agreed to by House (96-Y 0-N)
H08001V2512149,HB1583,1/31/2025,H Subcommittee recommends reporting (8-Y 0-N)
H08V2512219,HB1583,1/31/2025,H Reported from Courts of Justice (20-Y 0-N)
2518374,HB1583,2/4/2025,H Read third time and passed House (97-Y 0-N)
2518375,HB1583,2/4/2025,H Passed House (99-Y 0-N)
S13V1583,HB1583,2/12/2025,S Reported from Courts of Justice with substitute and rereferred to Finance and Appropriations (15-Y 0-N)
S05V1857,HB1583,2/14/2025,S Reported from Finance and Appropriations (14-Y 0-N)
SV567,HB1583,2/17/2025,S Constitutional reading dispensed (on 2nd reading) (39-Y 0-N)
SV593,HB1583,2/18/2025,S Passed Senate with substitute (40-Y 0-N)
2518909,HB1583,2/19/2025,H Senate substitute rejected by House (2-Y 95-N)
SV850,HB1583,2/20/2025,S Senate insisted on substitute (39-Y 0-N)
SV960,HB1583,2/22/2025,S Conference report agreed to by Senate (40-Y 0-N)
2519167,HB1583,2/22/2025,H Conference report agreed to by House (99-Y 0-N)
H08002V2510012,HB1584,1/13/2025,H Subcommittee recommends reporting (6-Y 2-N)
H08V2510281,HB1584,1/17/2025,H Stricken from docket by Courts of Justice (22-Y 0-N)
H24001V2511362,HB1585,1/28/2025,H Subcommittee recommends striking from the docket (8-Y 0-N)
H02004V2511243,HB1586,1/27/2025,H Subcommittee recommends reporting with amendment(s)  (7-Y 0-N)
H02V2511708,HB1586,1/29/2025,H Reported from Appropriations with amendment(s)  (20-Y 1-N)
2518377,HB1586,2/4/2025,H Read third time and passed House  (97-Y 0-N)
S05V1511,HB1586,2/12/2025,S Reported from Finance and Appropriations (15-Y 0-N)
SV472,HB1586,2/13/2025,S Constitutional reading dispensed (on 2nd reading) (40-Y 0-N)
SV493,HB1586,2/14/2025,S Passed Senate (36-Y 0-N)
H24V2510166,HB1587,1/16/2025,H Reported from Health and Human Services (22-Y 0-N)
2518199,HB1587,1/22/2025,H Read third time and passed House  (96-Y 0-N)
2518202,HB1587,1/22/2025,H Passed House (97-Y 0-N)
S04V1672,HB1587,2/13/2025,S Reported from Education and Health (15-Y 0-N)
SV564,HB1587,2/17/2025,S Constitutional reading dispensed (on 2nd reading)
SV593,HB1587,2/18/2025,S Passed Senate (40-Y 0-N)
H15002V2510813,HB1589,1/23/2025,H Subcommittee recommends reporting with substitute and referring to Appropriations (3-Y 2-N)
H15V2510956,HB1589,1/24/2025,H Reported from Public Safety with substitute and referred to Appropriations (14-Y 8-N)
H02007V2511660,HB1589,1/29/2025,H Subcommittee recommends reporting with amendment(s)  (8-Y 0-N)
H02V2511728,HB1589,1/29/2025,H Reported from Appropriations with amendment(s)  (21-Y 0-N)
2518378,HB1589,2/4/2025,H Read third time and passed House (61-Y 38-N)
S09V1219,HB1589,2/7/2025,S Rereferred from Rehabilitation and Social Services to Courts of Justice (15-Y 0-N)
S13V1530,HB1589,2/12/2025,S Reported from Courts of Justice with substitute and rereferred to Finance and Appropriations (14-Y 0-N)
S05V1855,HB1589,2/14/2025,S Reported from Finance and Appropriations (14-Y 0-N)
SV567,HB1589,2/17/2025,S Constitutional reading dispensed (on 2nd reading) (39-Y 0-N)
SV593,HB1589,2/18/2025,S Passed Senate with substitute (40-Y 0-N)
2518910,HB1589,2/19/2025,H Senate substitute rejected by House (0-Y 96-N)
SV850,HB1589,2/20/2025,S Senate insisted on substitute (39-Y 0-N)
2519168,HB1589,2/22/2025,H Conference report agreed to by House (71-Y 28-N)
SV990,HB1589,2/22/2025,S Conference report agreed to by Senate (40-Y 0-N)
2519269,HB1589,4/2/2025,H House rejected Governor's recommendation  (9-Y 86-N)
H11004V2510084,HB1590,1/14/2025,H Subcommittee recommends laying on the table (5-Y 2-N)
H02002V2510341,HB1592,1/20/2025,H Subcommittee recommends laying on the table (5-Y 3-N)
H08002V2510352,HB1593,1/20/2025,H Subcommittee recommends reporting with substitute (7-Y 1-N)
H08V2511074,HB1593,1/24/2025,H Reported from Courts of Justice with substitute (21-Y 1-N)
2518322,HB1593,1/31/2025,H Read third time and passed House (92-Y 4-N)
S13V1279,HB1593,2/10/2025,S Reported from Courts of Justice with substitute (15-Y 0-N)
SV382,HB1593,2/11/2025,S Constitutional reading dispensed (on 2nd reading) (40-Y 0-N)
SV396,HB1593,2/12/2025,S Passed Senate with substitute (39-Y 0-N)
2518756,HB1593,2/14/2025,H Senate substitute agreed to by House  (Y-95 N-1 A-0)
H09002V2510332,HB1595,1/20/2025,H Subcommittee recommends reporting and referred to Appropriations (10-Y 0-N)
H09V2510599,HB1595,1/22/2025,H Reported from Education and referred to Appropriations (22-Y 0-N)
H02V2512195,HB1595,1/31/2025,H Reported from Appropriations with amendment(s)  (22-Y 0-N)
2518374,HB1595,2/4/2025,H Read third time and passed House (97-Y 0-N)
2518375,HB1595,2/4/2025,H Passed House (99-Y 0-N)
S04V1686,HB1595,2/13/2025,S Reported from Education and Health with substitute and rereferred to Finance and Appropriations (15-Y 0-N)
S05V1992,HB1595,2/17/2025,S Reported from Finance and Appropriations (14-Y 0-N)
SV738,HB1595,2/19/2025,S Constitutional reading dispensed (on 2nd reading) (40-Y 0-N)
SV801,HB1595,2/20/2025,S Passed Senate with substitute (39-Y 0-N)
SV803,HB1595,2/20/2025,S Reconsideration of Senate passage agreed to by Senate (39-Y 0-N)
SV804,HB1595,2/20/2025,S Passed Senate with substitute (39-Y 0-N)
2519079,HB1595,2/20/2025,H Senate substitute rejected by House  (1-Y 95-N)
SV897,HB1595,2/20/2025,S Senate insisted on substitute (38-Y 0-N)
SV937,HB1595,2/21/2025,S Conference report agreed to by Senate (38-Y 0-N)
2519169,HB1595,2/22/2025,H Conference report agreed to by House (99-Y 0-N)
H24004V2510859,HB1596,1/23/2025,H Subcommittee recommends reporting with substitute and referring to Appropriations (8-Y 0-N)
H24V2511344,HB1596,1/28/2025,H Reported from Health and Human Services with substitute and referred to Appropriations (21-Y 0-N)
H02005V2511780,HB1596,1/29/2025,H Subcommittee recommends laying on the table (6-Y 0-N)
H15V2512098,HB1597,1/31/2025,H Reported from Public Safety with substitute (12-Y 9-N)
2518447,HB1597,2/4/2025,H Read third time and passed House (50-Y 48-N)
S13V1296,HB1597,2/10/2025,S Reported from Courts of Justice with substitute and rereferred to Finance and Appropriations (8-Y 6-N 1-A)
S05V1496,HB1597,2/12/2025,S Reported from Finance and Appropriations with substitute (10-Y 5-N)
SV472,HB1597,2/13/2025,S Constitutional reading dispensed (on 2nd reading) (40-Y 0-N)
SV563,HB1597,2/17/2025,S Passed Senate with substitute (21-Y 18-N)
2518847,HB1597,2/18/2025,H Senate substitute rejected by House (0-Y 97-N)
SV740,HB1597,2/19/2025,S Senate insisted on substitute (36-Y 3-N)
H10003V2511190,HB1598,1/27/2025,H Subcommittee recommends reporting and referring to Appropriations (5-Y 3-N)
H10V2511662,HB1598,1/29/2025,H Reported from Finance and referred to Appropriations (11-Y 10-N)
H02V2512165,HB1598,1/31/2025,H Reported from Appropriations with substitute (12-Y 10-N)
2518448,HB1598,2/4/2025,H Read third time and passed House (52-Y 47-N)
S05V1391,HB1598,2/11/2025,S Passed by indefinitely in Finance and Appropriations (12-Y 1-N 2-A)
H02V2512236,HB1600,2/2/2025,H Reported from Appropriations with amendment(s)  (22-Y 0-N)
2518560,HB1600,2/5/2025,"H Motion for Special and Continuing Order for Thursday, February 6, 2025 (92-Y 0-N)"
2518562,HB1600,2/6/2025,H Uncontested Committee amendments agreed to (97-Y 0-N)
2518563,HB1600,2/6/2025,H Contested committee amendment Item 7 #1h agreed to (53-Y 44-N)
2518564,HB1600,2/6/2025,H Contested committee amendment Item 33 #3h agreed to (50-Y 47-N)
2518565,HB1600,2/6/2025,H Contested committee amendment Item 34 #1h agreed to (97-Y 0-N)
2518566,HB1600,2/6/2025,H Contested committee amendment Item 35 #1h agreed to (97-Y 0-N)
2518567,HB1600,2/6/2025,H Contested committee amendment Item 40 #2h agreed to (51-Y 46-N)
2518568,HB1600,2/6/2025,H Contested committee amendment Item 49 #1h agreed to (48-Y 47-N)
2518569,HB1600,2/6/2025,H Contested committee amendment Item 51 #1h agreed to (50-Y 47-N)
2518570,HB1600,2/6/2025,H Contested committee amendment Item 86 #3h agreed to (62-Y 32-N)
2518571,HB1600,2/6/2025,H Contested committee amendment Item 101 #5h agreed to (94-Y 3-N)
2518572,HB1600,2/6/2025,H Contested committee amendment Item 102 #1h agreed to (50-Y 47-N)
2518573,HB1600,2/6/2025,H Contested committee amendment Item 102 #3h agreed to  (50-Y 47-N)
2518574,HB1600,2/6/2025,H Contested committee amendment Item 102 #5h agreed to (48-Y 47-N)
2518575,HB1600,2/6/2025,H Contested committee amendment Item 102 #8h agreed to  (50-Y 46-N)
2518576,HB1600,2/6/2025,H Contested committee amendment Item 102 #12h agreed to (97-Y 0-N)
2518577,HB1600,2/6/2025,H Contested committee amendment Item 103 #1h agreed to (50-Y 45-N)
2518578,HB1600,2/6/2025,H Contested committee amendment Item 120 #1h agreed to (51-Y 45-N)
2518579,HB1600,2/6/2025,H Contested committee amendment Item 123 #1h agreed to (50-Y 47-N)
2518580,HB1600,2/6/2025,H Contested committee amendment Item 124 #2h agreed to (78-Y 19-N)
2518581,HB1600,2/6/2025,H Contested committee amendment Item 124 #7h agreed to (49-Y 44-N)
2518582,HB1600,2/6/2025,H Contested committee amendment Item 125 #1h agreed to (48-Y 44-N)
2518583,HB1600,2/6/2025,H Contested committee amendment Item 125 #3h agreed to (50-Y 45-N)
2518584,HB1600,2/6/2025,H Contested committee amendment Item 125 #4h agreed to (96-Y 0-N)
2518585,HB1600,2/6/2025,H Contested committee amendment Item  125 #9h agreed to (50-Y 46-N)
2518586,HB1600,2/6/2025,H Contested committee amendment Item 132 #1h agreed to (97-Y 0-N)
2518587,HB1600,2/6/2025,H Contested committee amendment Item 236 #1h agreed to (80-Y 16-N)
2518588,HB1600,2/6/2025,H Contested committee amendment Item 236 #2h agreed to (88-Y 9-N)
2518589,HB1600,2/6/2025,H Contested committee amendment Item 255 #1h agreed to (51-Y 45-N)
2518590,HB1600,2/6/2025,H Contested committee amendment Item 258 #2h agreed to (97-Y 0-N)
2518591,HB1600,2/6/2025,H Contested committee amendment Item 277 #1h agreed to (97-Y 0-N)
2518592,HB1600,2/6/2025,H Contested committee amendment Item 277 #4h agreed to (51-Y 45-N 1-A)
2518593,HB1600,2/6/2025,H Contested committee amendment Item 288 #1h agreed to (52-Y 44-N)
2518594,HB1600,2/6/2025,H Contested committee amendment Item 288 #4h agreed to (50-Y 47-N)
2518595,HB1600,2/6/2025,H Contested committee amendment Item 295 #2h agreed to (49-Y 48-N)
2518596,HB1600,2/6/2025,H Contested committee amendment 296 #1h agreed to (50-Y 45-N)
2518597,HB1600,2/6/2025,H Contested committee amendment Item 331 #1h agreed to (49-Y 47-N)
2518598,HB1600,2/6/2025,H Contested committee amendment Item 349 #1h agreed to (50-Y 47-N)
2518599,HB1600,2/6/2025,H Contested committee amendment Item 356 #1h agreed to (50-Y 47-N)
2518600,HB1600,2/6/2025,H Contested committee amendment Item 362 #1h agreed to (50-Y 47-N)
2518601,HB1600,2/6/2025,H Contested committee amendment Item 365 #3h agreed to (50-Y 45-N)
2518602,HB1600,2/6/2025,H Contested committee amendment Item 377 #1h agreed to (48-Y 47-N)
2518603,HB1600,2/6/2025,H Contested committee amendment Item 390 #1h  agreed to (51-Y 45-N)
2518604,HB1600,2/6/2025,H Contested committee amendment Item 394 #1h agreed to (50-Y 47-N)
2518605,HB1600,2/6/2025,H Contested committee amendment Item 394 #2h agreed to (50-Y 46-N)
2518606,HB1600,2/6/2025,H Contested committee amendment Item 394 #3h agreed to (53-Y 43-N)
2518607,HB1600,2/6/2025,H Contested committee amendment Item 394 #7h agreed to (50-Y 47-N)
2518608,HB1600,2/6/2025,H Contested committee amendment Item 401 #1h agreed to (50-Y 47-N)
2518609,HB1600,2/6/2025,H Contested committee amendment Item 415 #1h agreed t (50-Y 47-N)
2518610,HB1600,2/6/2025,H Contested committee amendment Item 415 #6h agreed to (50-Y 47-N)
2518611,HB1600,2/6/2025,H Contested committee amendment Item 433 #1h agreed to (50-Y 47-N)
2518612,HB1600,2/6/2025,H Contested committee amendment Item 437 #1h agreed to (50-Y 47-N)
2518613,HB1600,2/6/2025,H Contested committee amendment Item 471 #2h agreed to (49-Y 47-N)
2518614,HB1600,2/6/2025,H Contested committee amendment Item 471 #3h agreed to (49-Y 47-N)
2518615,HB1600,2/6/2025,H Contested committee amendment Item 471 #4h agreed to (51-Y 46-N)
2518616,HB1600,2/6/2025,H Contested committee amendment Item 489.30 #1h agreed to (51-Y 45-N)
2518617,HB1600,2/6/2025,H Contested committee amendment Item C-32.10 #1h agreed to (51-Y 46-N)
2518618,HB1600,2/6/2025,H Contested committee amendment Item C-52.10 #1h agreed to (94-Y 0-N 1-A)
2518619,HB1600,2/6/2025,H Contested committee amendment Item 4-1.01 #1h agreed to (50-Y 47-N)
2518620,HB1600,2/6/2025,H Contested committee amendment Item 4-2.01 #1h agreed to (51-Y 45-N)
2518621,HB1600,2/6/2025,H Contested committee amendment Item 4-5.04 #1h agreed to (50-Y 46-N)
2518622,HB1600,2/6/2025,H Contested committee amendment Item 4-14 #3h agreed to (97-Y 0-N)
2518623,HB1600,2/6/2025,H Motion to pass by Item 125 #1h offered by Delegate Milde rejected (48-Y 48-N)
2518624,HB1600,2/6/2025,H Floor Amendment Item 125 #1h offered by Delegate Milde rejected (48-Y 49-N)
2518625,HB1600,2/6/2025,H Motion to pass by Item 476 #1h offered by Delegate Gilbert agreed to (50-Y 47-N)
2518626,HB1600,2/6/2025,H Constitutional reading dispensed ( on third reading ) (96-Y 1-N)
2518627,HB1600,2/6/2025,H Passed House (79-Y 18-N)
S05V1369,HB1600,2/11/2025,S Reported from Finance and Appropriations with Senate Amendments Substituted for House Amendments (13-Y 0-N)
SV383,HB1600,2/11/2025,S Constitutional reading dispensed (on 2nd reading) (40-Y 0-N)
SV397,HB1600,2/12/2025,S Passed Senate with amendments (36-Y 2-N)
SV398,HB1600,2/12/2025,S Reconsideration of Senate passage agreed to by Senate (39-Y 0-N)
SV399,HB1600,2/12/2025,S Passed Senate with amendments (37-Y 2-N)
2518712,HB1600,2/12/2025,H Senate amendments rejected by House (0-Y 89-N)
SV438,HB1600,2/12/2025,S Senate insisted on amendments (40-Y 0-N)
2519191,HB1600,2/22/2025,H Conference report agreed to by House  (81-Y 18-N)
SV989,HB1600,2/22/2025,S Conference report agreed to by Senate (37-Y 3-N 0-A)
2519267,HB1600,4/2/2025,"H House concurred in Governor's recommendation #`s 15, 17, 20, 25, 26, 29, 33, 34, 36, 37, 41, 42, 43, 44, 47, 51, 55, 62, 67, 82, 88, 91, 99, 101, 112, 130, 131, 132, 134, 136, 156, 158, 164, 171, 173, 175, 181, 191, 200, 201, 204  (95-Y 0-N)"
SV1079,HB1600,4/2/2025,"S Senate concurred in Governor's recommendation #'s 15, 17, 20, 25, 26, 29, 33, 34, 36, 41, 42, 43, 44, 47, 55,(40-Y 0-N)"
SV1080,HB1600,4/2/2025,S Governor's Recommendation #101 Passed by for the day (21-Y 19-N)
SV1081,HB1600,4/2/2025,S Governor's Recommendation #200 Passed by for the day (21-Y 19-N)
SV1082,HB1600,4/2/2025,S Governor's Recommendation #201 Passed by for the day (21-Y 19-N)
H07002V2510157,HB1601,1/16/2025,H Subcommittee recommends reporting with amendment(s)  (5-Y 3-N)
H07V2510260,HB1601,1/17/2025,"H Reported from Counties, Cities and Towns with amendment(s)  (13-Y 9-N)"
2518207,HB1601,1/23/2025,H Read third time and passed House (57-Y 40-N)
S07V1265,HB1601,2/10/2025,S Reported from Local Government with substitute (11-Y 3-N 1-A)
SV382,HB1601,2/11/2025,S Constitutional reading dispensed (on 2nd reading) (40-Y 0-N)
SV413,HB1601,2/12/2025,S Passed Senate with substitute (26-Y 10-N 1-A)
2518757,HB1601,2/14/2025,H Senate substitute rejected by House  (Y-2 N-94 A-0)
SV576,HB1601,2/18/2025,S Senate insisted on substitute (38-Y 0-N)
SV938,HB1601,2/21/2025,S Conference report agreed to by Senate (22-Y 13-N 1-A)
2519170,HB1601,2/22/2025,H Conference report agreed to by House (55-Y 44-N)
2519270,HB1601,4/2/2025,H House rejected Governor's recommendation (11-Y 85-N)
2519271,HB1601,4/2/2025,H Motion to pass in enrolled form rejected (51-Y 44-N)
H15V2510248,HB1602,1/17/2025,H Reported from Public Safety (22-Y 0-N)
2518204,HB1602,1/23/2025,H Read third time and passed House  (97-Y 0-N)
S12V1166,HB1602,2/5/2025,S Reported from General Laws and Technology with amendments and rereferred to Finance and Appropriations (15-Y 0-N)
S05V1406,HB1602,2/11/2025,S Passed by indefinitely in Finance and Appropriations (14-Y 1-N)
H02007V2510700,HB1603,1/22/2025,H Subcommittee recommends reporting with amendment(s)  (8-Y 0-N)
H02V2511017,HB1603,1/24/2025,H Reported from Appropriations with amendment(s)  (22-Y 0-N)
2518291,HB1603,1/30/2025,H Read third time and passed House (96-Y 0-N)
S05V1125,HB1603,2/5/2025,S Reported from Finance and Appropriations (13-Y 0-N)
SV353,HB1603,2/6/2025,S Constitutional reading dispensed (on 2nd reading) (40-Y 0-N)
SV361,HB1603,2/7/2025,S Passed Senate (39-Y 0-N)
H09001V2511166,HB1604,1/27/2025,H Subcommittee recommends laying on the table (5-Y 3-N)
H08002V2510013,HB1605,1/13/2025,H Subcommittee recommends reporting (8-Y 0-N)
H08V2510301,HB1605,1/17/2025,H Reported from Courts of Justice (22-Y 0-N)
2518204,HB1605,1/23/2025,H Read third time and passed House (97-Y 0-N)
S13V1152,HB1605,2/5/2025,S Reported from Courts of Justice (14-Y 0-N)
SV363,HB1605,2/7/2025,S Constitutional reading dispensed (on 2nd reading) (38-Y 0-N)
SV368,HB1605,2/10/2025,S Passed Senate (39-Y 0-N)
H11002V2510194,HB1606,1/16/2025,H Subcommittee recommends reporting (8-Y 0-N)
H11V2510482,HB1606,1/21/2025,H Reported from General Laws (21-Y 0-N)
2518236,HB1606,1/27/2025,H Read third time and passed House (92-Y 3-N)
S12V1143,HB1606,2/5/2025,S Reported from General Laws and Technology and rereferred to Finance and Appropriations (13-Y 0-N)
S05V1395,HB1606,2/11/2025,S Reported from Finance and Appropriations (15-Y 0-N)
SV383,HB1606,2/11/2025,S Constitutional reading dispensed (on 2nd reading) (40-Y 0-N)
SV396,HB1606,2/12/2025,S Passed Senate (39-Y 0-N)
H15V2512091,HB1607,1/31/2025,H Reported from Public Safety (12-Y 9-N)
2518449,HB1607,2/4/2025,H Read third time and passed House (52-Y 47-N)
2518556,HB1607,2/4/2025,H Passed House (50-Y 48-N)
S13V1280,HB1607,2/10/2025,S Reported from Courts of Justice and rereferred to Finance and Appropriations (9-Y 6-N)
S05V1484,HB1607,2/12/2025,S Reported from Finance and Appropriations (10-Y 5-N)
SV472,HB1607,2/13/2025,S Constitutional reading dispensed (on 2nd reading) (40-Y 0-N)
SV494,HB1607,2/14/2025,S Passed Senate (21-Y 15-N)
2519254,HB1607,4/2/2025,H House sustained Governor's veto (50-Y 46-N)
H15V2510249,HB1608,1/17/2025,H Reported from Public Safety (12-Y 10-N)
2518208,HB1608,1/23/2025,H Read third time and passed House (49-Y 47-N)
S13V1281,HB1608,2/10/2025,S Reported from Courts of Justice with substitute and rereferred to Finance and Appropriations (9-Y 6-N)
S05V1485,HB1608,2/12/2025,S Reported from Finance and Appropriations (10-Y 5-N)
SV472,HB1608,2/13/2025,S Constitutional reading dispensed (on 2nd reading) (40-Y 0-N)
SV495,HB1608,2/14/2025,S Passed Senate with substitute (21-Y 15-N)
2518848,HB1608,2/18/2025,H Senate substitute agreed to by House (50-Y 47-N)
H14001V2510077,HB1609,1/14/2025,H Subcommittee recommends reporting with substitute (7-Y 0-N)
H14V2510188,HB1609,1/16/2025,H Reported from Labor and Commerce with substitute and referred to Appropriations (17-Y 5-N)
H02005V2511077,HB1609,1/24/2025,H Subcommittee recommends reporting (7-Y 0-N)
H02V2511192,HB1609,1/27/2025,H Reported from Appropriations (20-Y 2-N)
2518326,HB1609,1/31/2025,H Read third time and passed House (84-Y 11-N)
S04V1178,HB1609,2/6/2025,S Rereferred from Education and Health to Commerce and Labor (14-Y 0-N)
S02V1352,HB1609,2/10/2025,S Reported from Commerce and Labor and rereferred to Finance and Appropriations (10-Y 5-N)
S05V1824,HB1609,2/14/2025,S Reported from Finance and Appropriations with amendment (10-Y 3-N)
SV567,HB1609,2/17/2025,S Constitutional reading dispensed (on 2nd reading) (39-Y 0-N)
SV624,HB1609,2/18/2025,S Passed Senate with amendment (23-Y 16-N)
2518911,HB1609,2/19/2025,H Senate Amendment agreed to by House  (85-Y 9-N)
2519272,HB1609,4/2/2025,H House rejected Governor's recommendation (26-Y 67-N)
2519273,HB1609,4/2/2025,H Passed in enrolled form (64-Y 31-N)
H11001V2512004,HB1610,1/30/2025,H Subcommittee recommends reporting with amendment(s)  (6-Y 2-N)
H11V2512031,HB1610,1/30/2025,H Reported from General Laws with amendment(s)  (12-Y 9-N)
2518450,HB1610,2/4/2025,H Read third time and passed House (55-Y 44-N)
S12V1570,HB1610,2/12/2025,S Reported from General Laws and Technology and rereferred to Finance and Appropriations (15-Y 0-N)
S05V1990,HB1610,2/17/2025,S Reported from Finance and Appropriations with substitute (14-Y 0-N)
SV738,HB1610,2/19/2025,S Constitutional reading dispensed (on 2nd reading) (40-Y 0-N)
SV801,HB1610,2/20/2025,S Passed Senate with substitute (39-Y 0-N)
SV803,HB1610,2/20/2025,S Reconsideration of Senate passage agreed to by Senate (39-Y 0-N)
SV804,HB1610,2/20/2025,S Passed Senate with substitute (39-Y 0-N)
2519080,HB1610,2/20/2025,H Senate substitute rejected by House (0-Y 96-N)
SV897,HB1610,2/20/2025,S Senate insisted on substitute (38-Y 0-N)
SV956,HB1610,2/21/2025,S Conference report agreed to by Senate (21-Y 19-N)
2519171,HB1610,2/22/2025,H Conference report agreed to by House (59-Y 39-N)
H11001V2512003,HB1611,1/30/2025,H Subcommittee recommends reporting with substitute (8-Y 0-N)
H11V2512034,HB1611,1/30/2025,H Reported from General Laws with substitute (21-Y 0-N)
2518374,HB1611,2/4/2025,H Read third time and passed House (97-Y 0-N)
2518375,HB1611,2/4/2025,H Passed House (99-Y 0-N)
S12V1529,HB1611,2/12/2025,S Reported from General Laws and Technology (12-Y 0-N)
SV522,HB1611,2/14/2025,S Constitutional reading dispensed (on 2nd reading) (36-Y 0-N)
SV558,HB1611,2/17/2025,S Passed Senate (39-Y 0-N)
H09003V2510112,HB1612,1/15/2025,H Subcommittee recommends reporting and referred to Appropriations (5-Y 3-N)
H09V2510329,HB1612,1/20/2025,H Reported from Education with substitute and referred to Appropriations (16-Y 5-N)
H02003V2511119,HB1612,1/24/2025,H Subcommittee recommends laying on the table (7-Y 1-N)
H24004V2510231,HB1614,1/16/2025,H Subcommittee recommends reporting with amendment(s)  and referred to Appropriations (8-Y 0-N)
H24V2510432,HB1614,1/21/2025,H Reported from Health and Human Services with amendment(s)  (21-Y 0-N)
2518238,HB1614,1/27/2025,H Amendment by Delegate Garrett passed by (49-Y 46-N)
2518242,HB1614,1/28/2025,H Read third time and passed House (89-Y 9-N)
S04V1183,HB1614,2/6/2025,S Reported from Education and Health and rereferred to Finance and Appropriations (14-Y 0-N)
S05V1469,HB1614,2/12/2025,S Reported from Finance and Appropriations (15-Y 0-N)
SV472,HB1614,2/13/2025,S Constitutional reading dispensed (on 2nd reading) (40-Y 0-N)
SV493,HB1614,2/14/2025,S Passed Senate with substitute (36-Y 0-N)
2518849,HB1614,2/18/2025,H Senate substitute agreed to by House (89-Y 7-N)
2519253,HB1614,4/2/2025,H Passed by for the day (47-Y 46-N)
H19002V2511475,HB1615,1/28/2025,H Subcommittee recommends laying on the table (8-Y 0-N)
H14003V2510910,HB1616,1/23/2025,H Subcommittee recommends reporting with substitute and referring to Appropriations (7-Y 3-N)
H14V2511429,HB1616,1/28/2025,H Reported from Labor and Commerce with substitute and referred to Appropriations (14-Y 8-N)
H02001V2511683,HB1616,1/29/2025,H Subcommittee recommends reporting (7-Y 1-N)
H02V2511743,HB1616,1/29/2025,H Reported from Appropriations (14-Y 7-N)
2518379,HB1616,2/4/2025,H Read third time and passed House (57-Y 41-N)
S02V1366,HB1616,2/10/2025,S Reported from Commerce and Labor and rereferred to Finance and Appropriations (11-Y 4-N)
S05V1993,HB1616,2/17/2025,S Reported from Finance and Appropriations (10-Y 4-N)
SV738,HB1616,2/19/2025,S Constitutional reading dispensed (on 2nd reading) (40-Y 0-N)
SV810,HB1616,2/20/2025,S Passed Senate (20-Y 19-N)
H24004V2510234,HB1617,1/16/2025,H Subcommittee recommends reporting with substitute and referred to Appropriations (8-Y 0-N)
H24V2510433,HB1617,1/21/2025,H Reported from Health and Human Services with substitute and referred to Appropriations (19-Y 2-N)
H02005V2511079,HB1617,1/24/2025,H Subcommittee recommends reporting with amendment(s)  (7-Y 0-N)
H02V2511193,HB1617,1/27/2025,H Reported from Appropriations with amendment(s)  (22-Y 0-N)
2518327,HB1617,1/31/2025,H Read third time and passed House (92-Y 2-N)
S04V1179,HB1617,2/6/2025,S Rereferred from Education and Health to Rehabilitation and Social Services (14-Y 0-N)
S09V1220,HB1617,2/7/2025,S Reported from Rehabilitation and Social Services and rereferred to Finance and Appropriations (15-Y 0-N)
S05V1400,HB1617,2/11/2025,S Reported from Finance and Appropriations (14-Y 0-N)
SV383,HB1617,2/11/2025,S Constitutional reading dispensed (on 2nd reading) (40-Y 0-N)
SV396,HB1617,2/12/2025,S Passed Senate (39-Y 0-N)
H20V2511832,HB1620,1/29/2025,H Tabled in Rules (14-Y 0-N)
H09002V2510342,HB1621,1/20/2025,H Subcommittee recommends reporting with substitute (6-Y 4-N)
H09V2510609,HB1621,1/22/2025,H Reported from Education with substitute (12-Y 10-N)
2518292,HB1621,1/30/2025,H Read third time and passed House (51-Y 45-N)
S04V1692,HB1621,2/13/2025,S Reported from Education and Health (9-Y 6-N)
SV564,HB1621,2/17/2025,S Constitutional reading dispensed (on 2nd reading) (39-Y 0-N)
SV625,HB1621,2/18/2025,S Passed Senate (21-Y 19-N)
H15V2510946,HB1622,1/24/2025,H Reported from Public Safety (13-Y 9-N)
2518293,HB1622,1/30/2025,H Read third time and passed House (51-Y 45-N)
S13V1292,HB1622,2/10/2025,S Passed by indefinitely in Courts of Justice (14-Y 1-N)
H11002V2510196,HB1623,1/16/2025,H Subcommittee recommends reporting with amendment(s)  (8-Y 0-N)
H11V2510483,HB1623,1/21/2025,H Reported from General Laws with amendment(s)  (21-Y 0-N)
2518237,HB1623,1/27/2025,H Read third time and passed House (72-Y 21-N)
S12V1144,HB1623,2/5/2025,S Reported from General Laws and Technology (13-Y 0-N)
SV363,HB1623,2/7/2025,S Constitutional reading dispensed (on 2nd reading) (38-Y 0-N)
SV368,HB1623,2/10/2025,S Passed Senate (39-Y 0-N)
H21001V2511153,HB1624,1/27/2025,H Subcommittee recommends laying on the table (6-Y 4-N)
H14V2510046,HB1625,1/14/2025,H Reported from Labor and Commerce (12-Y 10-N)
H14V2510193,HB1625,1/16/2025,H Reported from Labor and Commerce and referred to Appropriations (12-Y 9-N)
H02001V2510711,HB1625,1/22/2025,H Subcommittee recommends reporting (5-Y 3-N)
H02V2511006,HB1625,1/24/2025,H Reported from Appropriations (12-Y 10-N)
2518294,HB1625,1/30/2025,H Read third time and passed House  (50-Y 46-N)
S02V1358,HB1625,2/10/2025,S Reported from Commerce and Labor and rereferred to Finance and Appropriations (9-Y 6-N)
S05V1836,HB1625,2/14/2025,S Reported from Finance and Appropriations (10-Y 4-N)
SV567,HB1625,2/17/2025,S Constitutional reading dispensed (on 2nd reading) (39-Y 0-N)
SV626,HB1625,2/18/2025,S Passed Senate (21-Y 19-N)
H09001V2510416,HB1626,1/21/2025,H Subcommittee recommends reporting with substitute and referred to Appropriations (8-Y 0-N)
H09V2510618,HB1626,1/22/2025,H Reported from Education with substitute (22-Y 0-N)
2518240,HB1626,1/28/2025,H Read third time and passed House  (99-Y 0-N)
S04V1699,HB1626,2/13/2025,S Reported from Education and Health with substitute and rereferred to Finance and Appropriations (15-Y 0-N)
S05V2021,HB1626,2/17/2025,S Reported from Finance and Appropriations (14-Y 0-N)
SV738,HB1626,2/19/2025,S Constitutional reading dispensed (on 2nd reading) (40-Y 0-N)
SV801,HB1626,2/20/2025,S Passed Senate with substitute (39-Y 0-N)
SV803,HB1626,2/20/2025,S Reconsideration of Senate passage agreed to by Senate (39-Y 0-N)
SV804,HB1626,2/20/2025,S Passed Senate with substitute (39-Y 0-N)
2519081,HB1626,2/20/2025,H Senate substitute rejected by House (0-Y 96-N)
SV897,HB1626,2/20/2025,S Senate insisted on substitute (38-Y 0-N)
2519127,HB1626,2/21/2025,H Conference report agreed to by House (98-Y 0-N)
SV908,HB1626,2/21/2025,S Conference report agreed to by Senate (40-Y 0-N)
H08001V2510735,HB1627,1/22/2025,H Subcommittee recommends reporting with substitute (7-Y 1-N)
H08V2511037,HB1627,1/24/2025,H Reported from Courts of Justice with substitute (20-Y 2-N)
2518295,HB1627,1/30/2025,H Read third time and passed House (96-Y 0-N)
S13V1242,HB1627,2/10/2025,S Reported from Courts of Justice with substitute and rereferred to Finance and Appropriations (14-Y 0-N)
S05V1954,HB1627,2/17/2025,S Reported from Finance and Appropriations with substitute (14-Y 0-N)
SV738,HB1627,2/19/2025,S Constitutional reading dispensed (on 2nd reading) (40-Y 0-N)
SV801,HB1627,2/20/2025,S Passed Senate with substitute (39-Y 0-N)
SV803,HB1627,2/20/2025,S Reconsideration of Senate passage agreed to by Senate (39-Y 0-N)
SV804,HB1627,2/20/2025,S Passed Senate with substitute (39-Y 0-N)
2519082,HB1627,2/20/2025,H Senate substitute agreed to by House (96-Y 0-N)
H14001V2510067,HB1628,1/14/2025,H Subcommittee recommends reporting (7-Y 0-N)
H14V2510189,HB1628,1/16/2025,H Reported from Labor and Commerce (22-Y 0-N)
2518199,HB1628,1/22/2025,H Read third time and passed House (96-Y 0-N)
2518202,HB1628,1/22/2025,H Passed House  (97-Y 0-N)
S02V1331,HB1628,2/10/2025,S Reported from Commerce and Labor (15-Y 0-N)
SV431,HB1628,2/12/2025,S Constitutional reading dispensed (on 2nd reading) (39-Y 0-N)
SV457,HB1628,2/13/2025,S Passed Senate (40-Y 0-N)
H08002V2510714,HB1629,1/22/2025,H Subcommittee recommends reporting with substitute (8-Y 0-N)
H08V2511060,HB1629,1/24/2025,H Reported from Courts of Justice with substitute (22-Y 0-N)
2518291,HB1629,1/30/2025,H Read third time and passed House (96-Y 0-N)
S04V1180,HB1629,2/6/2025,S Rereferred from Education and Health to Courts of Justice (14-Y 0-N)
S13V1883,HB1629,2/17/2025,S Reported from Courts of Justice (15-Y 0-N)
SV634,HB1629,2/18/2025,S Constitutional reading dispensed (on 2nd reading) (39-Y 0-N)
SV670,HB1629,2/19/2025,S Passed Senate (40-Y 0-N)
H08001V2510739,HB1630,1/22/2025,H Subcommittee recommends reporting with amendment(s)  (7-Y 1-N)
H08V2511040,HB1630,1/24/2025,H Reported from Courts of Justice with substitute (20-Y 2-N)
2518296,HB1630,1/30/2025,H Read third time and passed House (88-Y 6-N)
S13V1243,HB1630,2/10/2025,S Reported from Courts of Justice with substitute and rereferred to Finance and Appropriations (12-Y 1-N)
S05V2002,HB1630,2/17/2025,S Reported from Finance and Appropriations (14-Y 0-N)
SV738,HB1630,2/19/2025,S Constitutional reading dispensed (on 2nd reading) (40-Y 0-N)
SV811,HB1630,2/20/2025,S Passed Senate with substitute (39-Y 0-N)
2519083,HB1630,2/20/2025,H Senate substitute agreed to by House (87-Y 6-N)
2519253,HB1630,4/2/2025,H Passed by for the day (47-Y 46-N)
H24004V2510227,HB1631,1/16/2025,H Subcommittee recommends reporting and referred to Appropriations (8-Y 0-N)
H24V2510434,HB1631,1/21/2025,H Reported from Health and Human Services and referred to Appropriations (20-Y 1-N)
H02005V2511796,HB1631,1/29/2025,H Subcommittee recommends laying on the table (6-Y 0-N)
H11001V2510213,HB1632,1/16/2025,H Subcommittee recommends reporting (8-Y 0-N)
H11V2510498,HB1632,1/21/2025,H Reported from General Laws (21-Y 0-N)
2518232,HB1632,1/27/2025,H Read third time and passed House (97-Y 0-N)
S12V1145,HB1632,2/5/2025,S Reported from General Laws and Technology (13-Y 0-N)
SV363,HB1632,2/7/2025,S Constitutional reading dispensed (on 2nd reading) (38-Y 0-N)
SV368,HB1632,2/10/2025,S Passed Senate (39-Y 0-N)
H14001V2510065,HB1633,1/14/2025,H Subcommittee recommends laying on the table (7-Y 0-N)
H07001V2510087,HB1634,1/15/2025,H Subcommittee recommends reporting (6-Y 2-N)
H07V2510256,HB1634,1/17/2025,"H Reported from Counties, Cities and Towns (12-Y 10-N)"
2518227,HB1634,1/24/2025,H Read third time and passed House  (91-Y 5-N)
S07V1254,HB1634,2/10/2025,S Reported from Local Government (11-Y 1-N 2-A)
SV382,HB1634,2/11/2025,S Constitutional reading dispensed (on 2nd reading) (40-Y 0-N)
SV419,HB1634,2/12/2025,S Passed Senate (37-Y 2-N)
H24002V2511883,HB1635,1/30/2025,H Subcommittee recommends reporting (8-Y 0-N)
H24V2511907,HB1635,1/30/2025,H Reported from Health and Human Services (21-Y 0-N)
2518374,HB1635,2/4/2025,H Read third time and passed House (97-Y 0-N)
2518375,HB1635,2/4/2025,H Passed House (99-Y 0-N)
S04V1629,HB1635,2/13/2025,S Reported from Education and Health (13-Y 0-N)
SV564,HB1635,2/17/2025,S Constitutional reading dispensed (on 2nd reading)
SV593,HB1635,2/18/2025,S Passed Senate (40-Y 0-N)
H24002V2510175,HB1636,1/16/2025,H Subcommittee recommends reporting (8-Y 0-N)
H24V2510441,HB1636,1/21/2025,H Reported from Health and Human Services (21-Y 0-N)
2518232,HB1636,1/27/2025,H Read third time and passed House (97-Y 0-N)
S04V1673,HB1636,2/13/2025,S Reported from Education and Health (15-Y 0-N)
SV564,HB1636,2/17/2025,S Constitutional reading dispensed (on 2nd reading)
SV593,HB1636,2/18/2025,S Passed Senate (40-Y 0-N)
H24001V2510465,HB1637,1/21/2025,H Subcommittee recommends reporting (7-Y 1-N)
H24V2510774,HB1637,1/23/2025,H Reported from Health and Human Services (21-Y 1-N)
2518277,HB1637,1/29/2025,H Read third time and passed House  (93-Y 4-N)
S04V1184,HB1637,2/6/2025,S Reported from Education and Health (14-Y 0-N)
SV363,HB1637,2/7/2025,S Constitutional reading dispensed (on 2nd reading) (38-Y 0-N)
SV368,HB1637,2/10/2025,S Passed Senate (39-Y 0-N)
H11V2510049,HB1638,1/14/2025,H Reported from General Laws with amendment(s)  (12-Y 10-N)
2518190,HB1638,1/20/2025,H Read third time and passed House  (50-Y 47-N)
S12V1153,HB1638,2/5/2025,S Reported from General Laws and Technology with amendment (13-Y 0-N)
SV363,HB1638,2/7/2025,S Constitutional reading dispensed (on 2nd reading) (38-Y 0-N)
SV369,HB1638,2/10/2025,S Passed Senate with amendment (23-Y 15-N)
2518736,HB1638,2/13/2025,H Senate Amendment agreed to by House (Y-53 N-44 A-0)
H14001V2510071,HB1639,1/14/2025,H Subcommittee recommends reporting with substitute (7-Y 0-N)
H14V2510190,HB1639,1/16/2025,H Reported from Labor and Commerce with substitute (22-Y 0-N)
2518205,HB1639,1/23/2025,H Read third time and passed House (58-Y 39-N)
S02V1922,HB1639,2/17/2025,S Reported from Commerce and Labor (15-Y 0-N)
SV663,HB1639,2/18/2025,S Constitutional reading dispensed (on 2nd reading) (40-Y 0-N)
SV670,HB1639,2/19/2025,S Passed Senate (40-Y 0-N)
H11002V2510199,HB1640,1/16/2025,H Subcommittee recommends reporting (8-Y 0-N)
H11V2510484,HB1640,1/21/2025,H Reported from General Laws (21-Y 0-N)
2518232,HB1640,1/27/2025,H Read third time and passed House (97-Y 0-N)
S12V1167,HB1640,2/5/2025,S Reported from General Laws and Technology and rereferred to Finance and Appropriations (15-Y 0-N)
S05V1394,HB1640,2/11/2025,S Passed by indefinitely in Finance and Appropriations (15-Y 0-N)
H14001V2510075,HB1641,1/14/2025,H Subcommittee recommends reporting and referred to Appropriations (7-Y 0-N)
H14V2510191,HB1641,1/16/2025,H Reported from Labor and Commerce and referred to Appropriations (22-Y 0-N)
H02005V2511786,HB1641,1/29/2025,H Subcommittee recommends reporting (6-Y 0-N)
H02V2512137,HB1641,1/31/2025,H Reported from Appropriations (22-Y 0-N)
2518374,HB1641,2/4/2025,H Read third time and passed House (97-Y 0-N)
2518375,HB1641,2/4/2025,H Passed House (99-Y 0-N)
S02V1341,HB1641,2/10/2025,S Reported from Commerce and Labor and rereferred to Finance and Appropriations (15-Y 0-N)
S05V1851,HB1641,2/14/2025,S Reported from Finance and Appropriations (14-Y 0-N)
SV567,HB1641,2/17/2025,S Constitutional reading dispensed (on 2nd reading) (39-Y 0-N)
SV593,HB1641,2/18/2025,S Passed Senate (40-Y 0-N)
H08001V2510133,HB1642,1/15/2025,H Subcommittee recommends reporting with substitute (8-Y 0-N)
H08V2510285,HB1642,1/17/2025,H Reported from Courts of Justice with substitute (22-Y 0-N)
2518204,HB1642,1/23/2025,H Read third time and passed House (97-Y 0-N)
S13V1581,HB1642,2/12/2025,S Reported from Courts of Justice with substitute (15-Y 0-N)
SV522,HB1642,2/14/2025,S Constitutional reading dispensed (on 2nd reading) (36-Y 0-N)
SV558,HB1642,2/17/2025,S Passed Senate with substitute (39-Y 0-N)
2518851,HB1642,2/18/2025,H Senate substitute agreed to by House (96-Y 1-N)
2519268,HB1642,4/2/2025,H House concurred in Governor's recommendation (96-Y 0-N)
SV1086,HB1642,4/2/2025,S Senate concurred in Governor's recommendation (40-Y 0-N)
H08001V2510716,HB1643,1/22/2025,H Subcommittee recommends reporting with amendment(s)  (8-Y 0-N)
H08V2511028,HB1643,1/24/2025,H Reported from Courts of Justice with amendment(s)  (22-Y 0-N)
2518321,HB1643,1/31/2025,H Read third time and passed House (96-Y 0-N)
S13V1890,HB1643,2/17/2025,S Reported from Courts of Justice (15-Y 0-N)
SV634,HB1643,2/18/2025,S Constitutional reading dispensed (on 2nd reading) (39-Y 0-N)
SV670,HB1643,2/19/2025,S Passed Senate (40-Y 0-N)
H07001V2510088,HB1645,1/15/2025,H Subcommittee recommends reporting (8-Y 0-N)
H07V2510257,HB1645,1/17/2025,"H Reported from Counties, Cities and Towns (22-Y 0-N)"
2518204,HB1645,1/23/2025,H Read third time and passed House (97-Y 0-N)
S07V1255,HB1645,2/10/2025,S Reported from Local Government (14-Y 0-N)
SV382,HB1645,2/11/2025,S Constitutional reading dispensed (on 2nd reading) (40-Y 0-N)
SV396,HB1645,2/12/2025,S Passed Senate (39-Y 0-N)
H24002V2510794,HB1646,1/23/2025,H Subcommittee recommends reporting (8-Y 0-N)
H24V2511317,HB1646,1/28/2025,H Reported from Health and Human Services (21-Y 0-N)
2518337,HB1646,2/3/2025,H Read third time and passed House (98-Y 0-N)
2518364,HB1646,2/3/2025,H Read third time and passed House (99-Y 0-N)
S04V1630,HB1646,2/13/2025,S Reported from Education and Health (13-Y 0-N)
SV564,HB1646,2/17/2025,S Constitutional reading dispensed (on 2nd reading)
SV593,HB1646,2/18/2025,S Passed Senate (40-Y 0-N)
H11001V2510211,HB1648,1/16/2025,H Subcommittee recommends striking from the docket (8-Y 0-N)
H11V2510492,HB1648,1/21/2025,H Stricken from docket by General Laws (21-Y 0-N)
H24002V2510179,HB1649,1/16/2025,H Subcommittee recommends reporting (5-Y 3-N)
H24V2510445,HB1649,1/21/2025,H Reported from Health and Human Services (13-Y 8-N)
2518274,HB1649,1/29/2025,H Read third time and passed House (52-Y 45-N)
S04V1185,HB1649,2/6/2025,S Reported from Education and Health (10-Y 3-N)
SV363,HB1649,2/7/2025,S Constitutional reading dispensed (on 2nd reading) (38-Y 0-N)
SV371,HB1649,2/10/2025,S Passed Senate (24-Y 14-N)
2519253,HB1649,4/2/2025,H Passed by for the day (47-Y 46-N)
H18001V2510021,HB1652,1/13/2025,H Subcommittee recommends laying on the table (5-Y 3-N)
H11002V2510208,HB1653,1/16/2025,H Subcommittee recommends reporting (8-Y 0-N)
H11V2510485,HB1653,1/21/2025,H Reported from General Laws (21-Y 0-N)
2518232,HB1653,1/27/2025,H Read third time and passed House (97-Y 0-N)
S12V1146,HB1653,2/5/2025,S Reported from General Laws and Technology and rereferred to Finance and Appropriations (13-Y 0-N)
S05V1379,HB1653,2/11/2025,S Reported from Finance and Appropriations (15-Y 0-N)
SV383,HB1653,2/11/2025,S Constitutional reading dispensed (on 2nd reading) (40-Y 0-N)
SV396,HB1653,2/12/2025,S Passed Senate (39-Y 0-N)
H07002V2510777,HB1654,1/23/2025,H Subcommittee recommends reporting with substitute (8-Y 0-N)
H07V2510988,HB1654,1/24/2025,"H Reported from Counties, Cities and Towns with substitute (16-Y 4-N)"
H09001V2510030,HB1656,1/14/2025,H Subcommittee recommends reporting (5-Y 3-N)
H09V2510090,HB1656,1/15/2025,H Reported from Education (11-Y 10-N)
H18001V2511272,HB1657,1/27/2025,H Subcommittee recommends reporting with substitute and referring to Appropriations (6-Y 2-N)
H18V2512127,HB1657,1/31/2025,H Reported from Privileges and Elections with substitute and referred to Appropriations (13-Y 8-N)
H02V2512181,HB1657,1/31/2025,H Reported from Appropriations (13-Y 9-N)
2518451,HB1657,2/4/2025,H Read third time and passed House (53-Y 45-N)
S08V1415,HB1657,2/11/2025,S Reported from Privileges and Elections and rereferred to Finance and Appropriations (8-Y 7-N)
S05V1820,HB1657,2/14/2025,S Reported from Finance and Appropriations (8-Y 4-N)
SV567,HB1657,2/17/2025,S Constitutional reading dispensed (on 2nd reading) (39-Y 0-N)
SV627,HB1657,2/18/2025,S Passed Senate (21-Y 19-N)
2519255,HB1657,4/2/2025,H House sustained Governor's veto (50-Y 46-N)
H20V2511860,HB1658,1/29/2025,H Tabled in Rules (14-Y 0-N)
H07002V2510162,HB1659,1/16/2025,H Subcommittee recommends reporting (8-Y 0-N)
H07V2510261,HB1659,1/17/2025,"H Reported from Counties, Cities and Towns (22-Y 0-N)"
2518220,HB1659,1/23/2025,H Read third time and passed House (91-Y 5-N)
S07V1289,HB1659,2/10/2025,S Reported from Local Government (15-Y 0-N)
SV382,HB1659,2/11/2025,S Constitutional reading dispensed (on 2nd reading) (40-Y 0-N)
SV396,HB1659,2/12/2025,S Passed Senate (39-Y 0-N)
H15V2512099,HB1660,1/31/2025,H Reported from Public Safety with substitute (12-Y 9-N)
2518452,HB1660,2/4/2025,H Read third time and passed House (51-Y 48-N)
S13V1244,HB1660,2/10/2025,S Reported from Courts of Justice with substitute and rereferred to Finance and Appropriations (8-Y 5-N)
S05V1487,HB1660,2/12/2025,S Reported from Finance and Appropriations (10-Y 5-N)
SV472,HB1660,2/13/2025,S Constitutional reading dispensed (on 2nd reading) (40-Y 0-N)
SV597,HB1660,2/18/2025,S Passed Senate with substitute (21-Y 19-N)
2518912,HB1660,2/19/2025,H Senate substitute agreed to by House (51-Y 46-N)
H08001V2510131,HB1661,1/15/2025,H Subcommittee recommends reporting with substitute (7-Y 1-N)
H08V2510290,HB1661,1/17/2025,H Reported from Courts of Justice with substitute and referred to Appropriations (14-Y 8-N)
H02004V2510372,HB1661,1/20/2025,H Subcommittee recommends reporting with amendment(s)  (7-Y 1-N)
H02V2510683,HB1661,1/22/2025,H Reported from Appropriations with amendment(s)  (20-Y 2-N)
2518244,HB1661,1/28/2025,H Read third time and passed House (63-Y 36-N)
S13V1316,HB1661,2/10/2025,S Reported from Courts of Justice and rereferred to Finance and Appropriations (8-Y 7-N)
S05V1500,HB1661,2/12/2025,S Reported from Finance and Appropriations with substitute (13-Y 0-N 2-A)
SV472,HB1661,2/13/2025,S Constitutional reading dispensed (on 2nd reading) (40-Y 0-N)
SV496,HB1661,2/14/2025,S Passed Senate with substitute (32-Y 2-N)
2518850,HB1661,2/18/2025,H Senate substitute agreed to by House (64-Y 33-N)
H01003V2511553,HB1662,1/29/2025,H Subcommittee recommends laying on the table (9-Y 1-N)
H09001V2510031,HB1663,1/14/2025,H Subcommittee recommends reporting and referred to Appropriations (8-Y 0-N)
H09V2510091,HB1663,1/15/2025,H Reported from Education and referred to Appropriations (16-Y 5-N)
H02003V2510388,HB1663,1/20/2025,H Subcommittee recommends reporting (8-Y 0-N)
H02V2510674,HB1663,1/22/2025,H Reported from Appropriations (22-Y 0-N)
2518245,HB1663,1/28/2025,H Read third time and passed House (83-Y 16-N)
S04V1700,HB1663,2/13/2025,S Reported from Education and Health with substitute (9-Y 6-N)
SV564,HB1663,2/17/2025,S Constitutional reading dispensed (on 2nd reading) (39-Y 0-N)
SV628,HB1663,2/18/2025,S Passed Senate with substitute (23-Y 17-N)
2518913,HB1663,2/19/2025,H Senate substitute agreed to by House (79-Y 17-N)
H19003V2511817,HB1664,1/29/2025,H Subcommittee recommends reporting with amendment(s)  (5-Y 3-N)
H08001V2510129,HB1665,1/15/2025,H Subcommittee recommends reporting (7-Y 1-N)
H08V2510296,HB1665,1/17/2025,H Reported from Courts of Justice (21-Y 1-N)
2518228,HB1665,1/24/2025,H Read third time and passed House  (88-Y 7-N)
S13V1317,HB1665,2/10/2025,S Reported from Courts of Justice and rereferred to Finance and Appropriations (9-Y 6-N)
S05V1501,HB1665,2/12/2025,S Reported from Finance and Appropriations (10-Y 5-N)
SV472,HB1665,2/13/2025,S Constitutional reading dispensed (on 2nd reading) (40-Y 0-N)
SV497,HB1665,2/14/2025,S Passed Senate (26-Y 10-N)
2519268,HB1665,4/2/2025,H House concurred in Governor's recommendation (96-Y 0-N)
SV1087,HB1665,4/2/2025,S Senate concurred in Governor's recommendation (40-Y 0-N)
H19003V2510741,HB1666,1/22/2025,H Subcommittee recommends striking from the docket (8-Y 0-N)
H14002V2510209,HB1667,1/16/2025,H Subcommittee recommends reporting with amendment(s)  (8-Y 0-N)
H14V2510474,HB1667,1/21/2025,H Reported from Labor and Commerce with amendment(s)  (22-Y 0-N)
2518232,HB1667,1/27/2025,H Read third time and passed House (97-Y 0-N)
S12V1154,HB1667,2/5/2025,S Reported from General Laws and Technology with substitute (14-Y 0-N)
SV363,HB1667,2/7/2025,S Constitutional reading dispensed (on 2nd reading) (38-Y 0-N)
SV368,HB1667,2/10/2025,S Passed Senate with substitute (39-Y 0-N)
2518707,HB1667,2/12/2025,H Senate substitute agreed to by House (95-Y 0-N)
H10002V2510053,HB1668,1/14/2025,H Subcommittee recommends laying on the table (8-Y 0-N)
H07001V2511568,HB1669,1/29/2025,H Subcommittee recommends reporting (7-Y 0-N 1-A)
H07V2512104,HB1669,1/31/2025,"H Reported from Counties, Cities and Towns (22-Y 0-N)"
2518374,HB1669,2/4/2025,H Read third time and passed House (97-Y 0-N)
2518375,HB1669,2/4/2025,H Passed House (99-Y 0-N)
S07V1271,HB1669,2/10/2025,S Reported from Local Government (15-Y 0-N)
SV382,HB1669,2/11/2025,S Constitutional reading dispensed (on 2nd reading) (40-Y 0-N)
SV396,HB1669,2/12/2025,S Passed Senate (39-Y 0-N)
H14001V2510078,HB1670,1/14/2025,H Subcommittee recommends laying on the table (7-Y 0-N)
H14004V2511971,HB1672,1/30/2025,H Subcommittee recommends laying on the table (5-Y 0-N)
H19003V2510742,HB1673,1/22/2025,H Subcommittee recommends striking from the docket (8-Y 0-N)
H09001V2510032,HB1674,1/14/2025,H Subcommittee recommends reporting with substitute (7-Y 1-N)
H09V2510092,HB1674,1/15/2025,H Reported from Education with substitute (14-Y 7-N)
2518195,HB1674,1/21/2025,H Read third time and passed House (88-Y 8-N)
S04V1707,HB1674,2/13/2025,S Reported from Education and Health (15-Y 0-N)
SV564,HB1674,2/17/2025,S Constitutional reading dispensed (on 2nd reading)
SV593,HB1674,2/18/2025,S Passed Senate (40-Y 0-N)
H24002V2510180,HB1675,1/16/2025,H Subcommittee recommends reporting (5-Y 3-N)
H24V2510447,HB1675,1/21/2025,H Reported from Health and Human Services (12-Y 9-N)
2518275,HB1675,1/29/2025,H Read third time and passed House (53-Y 44-N)
S04V1670,HB1675,2/13/2025,S Reported from Education and Health (10-Y 4-N)
SV564,HB1675,2/17/2025,S Constitutional reading dispensed (on 2nd reading) (39-Y 0-N)
SV629,HB1675,2/18/2025,S Passed Senate (23-Y 16-N)
2519253,HB1675,4/2/2025,H Passed by for the day (47-Y 46-N)
H02001V2510138,HB1676,1/15/2025,H Subcommittee recommends reporting (8-Y 0-N)
H02V2510291,HB1676,1/17/2025,H Reported from Appropriations (21-Y 0-N)
2518221,HB1676,1/23/2025,H Read third time and passed House (90-Y 7-N)
S05V1135,HB1676,2/5/2025,S Passed by indefinitely in Finance and Appropriations (9-Y 4-N)
H07001V2511555,HB1677,1/29/2025,H Subcommittee recommends reporting (8-Y 0-N)
H07V2512105,HB1677,1/31/2025,"H Reported from Counties, Cities and Towns (21-Y 1-N)"
2518453,HB1677,2/4/2025,H Read third time and passed House (98-Y 0-N)
S07V1304,HB1677,2/10/2025,S Reported from Local Government (15-Y 0-N)
SV382,HB1677,2/11/2025,S Constitutional reading dispensed (on 2nd reading) (40-Y 0-N)
SV396,HB1677,2/12/2025,S Passed Senate (39-Y 0-N)
H09001V2510027,HB1678,1/14/2025,H Subcommittee recommends reporting (8-Y 0-N)
H09V2510093,HB1678,1/15/2025,H Reported from Education (14-Y 7-N)
2518196,HB1678,1/21/2025,H Read third time and passed House  (55-Y 41-N)
S04V1186,HB1678,2/6/2025,S Reported from Education and Health (9-Y 5-N)
SV363,HB1678,2/7/2025,S Constitutional reading dispensed (on 2nd reading) (38-Y 0-N)
SV372,HB1678,2/10/2025,S Passed Senate (21-Y 18-N)
H09001V2510028,HB1679,1/14/2025,H Subcommittee recommends reporting and referred to Appropriations (6-Y 2-N)
H09V2510095,HB1679,1/15/2025,H Reported from Education and referred to Appropriations (13-Y 8-N)
H02003V2511763,HB1679,1/29/2025,H Subcommittee recommends reporting with substitute (4-Y 3-N)
H02V2512134,HB1679,1/31/2025,H Reported from Appropriations with substitute (12-Y 10-N)
2518454,HB1679,2/4/2025,H Read third time and passed House (51-Y 47-N)
S04V1739,HB1679,2/13/2025,S Passed by indefinitely in Education and Health (15-Y 0-N)
H11002V2511953,HB1680,1/30/2025,H Subcommittee recommends laying on the table (7-Y 0-N 1-A)
H11V2510047,HB1681,1/14/2025,H Stricken from docket by General Laws (22-Y 0-N)
H10002V2510052,HB1682,1/14/2025,H Subcommittee recommends reporting (8-Y 0-N)
H10V2510349,HB1682,1/20/2025,H Reported from Finance (22-Y 0-N)
2518226,HB1682,1/24/2025,H Read third time and passed House (97-Y 0-N)
S02V1343,HB1682,2/10/2025,S Reported from Commerce and Labor with substitute and rereferred to Finance and Appropriations (15-Y 0-N)
S05V1373,HB1682,2/11/2025,S Reported from Finance and Appropriations (13-Y 0-N)
SV383,HB1682,2/11/2025,S Constitutional reading dispensed (on 2nd reading) (40-Y 0-N)
SV396,HB1682,2/12/2025,S Passed Senate with substitute (39-Y 0-N)
2518713,HB1682,2/12/2025,H Senate substitute agreed to by House (Y-88 N-1 A-0)
H19001V2511359,HB1683,1/28/2025,H Subcommittee recommends reporting with substitute (7-Y 1-N)
H19V2511919,HB1683,1/30/2025,H Reported from Transportation with substitute (21-Y 0-N 1-A)
2518455,HB1683,2/4/2025,H Read third time and passed House (97-Y 0-N)
S11V1742,HB1683,2/13/2025,S Reported from Transportation (13-Y 0-N)
SV564,HB1683,2/17/2025,S Constitutional reading dispensed (on 2nd reading)
SV593,HB1683,2/18/2025,S Passed Senate (40-Y 0-N)
H11002V2511954,HB1684,1/30/2025,H Subcommittee recommends reporting with substitute (6-Y 2-N)
H11V2512020,HB1684,1/30/2025,H Reported from General Laws with substitute (21-Y 0-N)
2518374,HB1684,2/4/2025,H Read third time and passed House (97-Y 0-N)
2518375,HB1684,2/4/2025,H Passed House (99-Y 0-N)
S12V1531,HB1684,2/12/2025,S Reported from General Laws and Technology (13-Y 0-N)
SV522,HB1684,2/14/2025,S Constitutional reading dispensed (on 2nd reading) (36-Y 0-N)
SV558,HB1684,2/17/2025,S Passed Senate (39-Y 0-N)
H09003V2510654,HB1685,1/22/2025,H Subcommittee recommends reporting with amendment(s)  (8-Y 0-N)
H09V2511588,HB1685,1/29/2025,H Reported from Education with amendment(s)  (21-Y 1-N)
2518380,HB1685,2/4/2025,H Read third time and passed House (98-Y 0-N)
S04V1755,HB1685,2/13/2025,S Reported from Education and Health (14-Y 0-N)
SV564,HB1685,2/17/2025,S Constitutional reading dispensed (on 2nd reading)
SV593,HB1685,2/18/2025,S Passed Senate (40-Y 0-N)
H07003V2510241,HB1687,1/17/2025,H Subcommittee recommends reporting (5-Y 3-N)
H07V2510978,HB1687,1/24/2025,"H Reported from Counties, Cities and Towns (13-Y 7-N)"
2518323,HB1687,1/31/2025,H Read third time and passed House (69-Y 26-N 1-A)
S07V1270,HB1687,2/10/2025,S Reported from Local Government (8-Y 7-N)
SV382,HB1687,2/11/2025,S Constitutional reading dispensed (on 2nd reading) (40-Y 0-N)
SV420,HB1687,2/12/2025,S Defeated by Senate (21-Y 18-N)
SV427,HB1687,2/12/2025,S Reconsideration of defeated action agreed to by Senate (39-Y 0-N)
SV468,HB1687,2/13/2025,S Defeated by Senate (21-Y 19-N)
H07003V2510949,HB1688,1/24/2025,H Subcommittee recommends striking from the docket (8-Y 0-N)
H11002V2510195,HB1689,1/16/2025,H Subcommittee recommends striking from the docket (8-Y 0-N)
H11V2510477,HB1689,1/21/2025,H Stricken from docket by General Laws (21-Y 0-N)
H08002V2510121,HB1690,1/15/2025,H Subcommittee recommends reporting with substitute (7-Y 1-N)
H08V2510308,HB1690,1/17/2025,H Reported from Courts of Justice with substitute (21-Y 1-N)
2518209,HB1690,1/23/2025,H Read third time and passed House  (97-Y 0-N)
S13V1900,HB1690,2/17/2025,S Reported from Courts of Justice (15-Y 0-N)
SV634,HB1690,2/18/2025,S Constitutional reading dispensed (on 2nd reading) (39-Y 0-N)
SV670,HB1690,2/19/2025,S Passed Senate (40-Y 0-N)
H15002V2510768,HB1692,1/23/2025,H Subcommittee recommends reporting with amendment(s)  (6-Y 0-N)
H15V2510952,HB1692,1/24/2025,H Reported from Public Safety with amendment(s)  (22-Y 0-N)
2518291,HB1692,1/30/2025,H Read third time and passed House (96-Y 0-N)
S13V1589,HB1692,2/12/2025,S Reported from Courts of Justice with amendments (15-Y 0-N)
SV522,HB1692,2/14/2025,S Constitutional reading dispensed (on 2nd reading) (36-Y 0-N)
SV558,HB1692,2/17/2025,S Passed Senate with amendments (39-Y 0-N)
2518852,HB1692,2/18/2025,H Senate Amendments agreed to by House (97-Y 0-N)
H11002V2510201,HB1693,1/16/2025,H Subcommittee recommends reporting with substitute (6-Y 2-N)
H11V2510489,HB1693,1/21/2025,H Reported from General Laws with substitute (13-Y 8-N)
2518241,HB1693,1/28/2025,H Read third time and passed House (57-Y 40-N)
S12V1161,HB1693,2/5/2025,S Reported from General Laws and Technology (15-Y 0-N)
SV363,HB1693,2/7/2025,S Constitutional reading dispensed (on 2nd reading) (38-Y 0-N)
SV370,HB1693,2/10/2025,S Passed Senate (31-Y 5-N 2-A)
H09002V2510334,HB1694,1/20/2025,H Subcommittee recommends reporting with substitute and referred to Appropriations (10-Y 0-N)
H09V2510600,HB1694,1/22/2025,H Reported from Education with substitute and referred to Appropriations (22-Y 0-N)
H02V2512196,HB1694,1/31/2025,H Reported from Appropriations with amendment(s)  (22-Y 0-N)
2518374,HB1694,2/4/2025,H Read third time and passed House (97-Y 0-N)
2518375,HB1694,2/4/2025,H Passed House (99-Y 0-N)
S04V1687,HB1694,2/13/2025,S Reported from Education and Health with substitute and rereferred to Finance and Appropriations (15-Y 0-N)
S05V1838,HB1694,2/14/2025,S Reported from Finance and Appropriations (14-Y 0-N)
SV567,HB1694,2/17/2025,S Constitutional reading dispensed (on 2nd reading) (39-Y 0-N)
SV593,HB1694,2/18/2025,S Passed Senate with substitute (40-Y 0-N)
2518914,HB1694,2/19/2025,H Senate substitute rejected by House (6-Y 91-N)
SV850,HB1694,2/20/2025,S Senate insisted on substitute (39-Y 0-N)
SV957,HB1694,2/21/2025,S Conference report agreed to by Senate (40-Y 0-N)
2519172,HB1694,2/22/2025,H Conference report agreed to by House (99-Y 0-N)
H02003V2510400,HB1695,1/20/2025,H Subcommittee recommends reporting with amendment(s)  (8-Y 0-N)
H02V2510676,HB1695,1/22/2025,H Reported from Appropriations with amendment(s)  (22-Y 0-N)
2518240,HB1695,1/28/2025,H Read third time and passed House (99-Y 0-N)
S04V1701,HB1695,2/13/2025,S Reported from Education and Health with substitute (15-Y 0-N)
SV564,HB1695,2/17/2025,S Constitutional reading dispensed (on 2nd reading)
SV593,HB1695,2/18/2025,S Passed Senate with substitute (40-Y 0-N)
2518915,HB1695,2/19/2025,H Senate substitute rejected by House (0-Y 97-N)
SV850,HB1695,2/20/2025,S Senate insisted on substitute (39-Y 0-N)
2519129,HB1695,2/21/2025,H Conference report agreed to by House (92-Y 0-N)
SV909,HB1695,2/21/2025,S Conference report agreed to by Senate (40-Y 0-N)
H07001V2510086,HB1696,1/15/2025,H Subcommittee recommends reporting (8-Y 0-N)
H07V2510258,HB1696,1/17/2025,"H Reported from Counties, Cities and Towns (22-Y 0-N)"
2518204,HB1696,1/23/2025,H Read third time and passed House (97-Y 0-N)
S07V1256,HB1696,2/10/2025,S Reported from Local Government (14-Y 0-N)
SV382,HB1696,2/11/2025,S Constitutional reading dispensed (on 2nd reading) (40-Y 0-N)
SV396,HB1696,2/12/2025,S Passed Senate (39-Y 0-N)
H01002V2510378,HB1697,1/20/2025,H Subcommittee recommends reporting (10-Y 0-N)
H01V2510656,HB1697,1/22/2025,"H Reported from Agriculture, Chesapeake and Natural Resources (22-Y 0-N)"
2518240,HB1697,1/28/2025,H Read third time and passed House (99-Y 0-N)
S01V1420,HB1697,2/11/2025,"S Reported from Agriculture, Conservation and Natural Resources (14-Y 0-N)"
SV472,HB1697,2/13/2025,S Constitutional reading dispensed (on 2nd reading) (40-Y 0-N)
SV493,HB1697,2/14/2025,S Passed Senate (36-Y 0-N)
H10001V2511149,HB1698,1/27/2025,H Subcommittee recommends reporting (7-Y 1-N)
H10V2511654,HB1698,1/29/2025,H Reported from Finance (22-Y 0-N)
2518374,HB1698,2/4/2025,H Read third time and passed House (97-Y 0-N)
2518375,HB1698,2/4/2025,H Passed House (99-Y 0-N)
S05V1370,HB1698,2/11/2025,S Reported from Finance and Appropriations (13-Y 0-N)
SV383,HB1698,2/11/2025,S Constitutional reading dispensed (on 2nd reading) (40-Y 0-N)
SV396,HB1698,2/12/2025,S Passed Senate (39-Y 0-N)
H10V2510351,HB1699,1/20/2025,H Reported from Finance (12-Y 10-N)
2518229,HB1699,1/24/2025,H Read third time and passed House  (53-Y 42-N)
S05V1134,HB1699,2/5/2025,S Reported from Finance and Appropriations (10-Y 3-N)
SV353,HB1699,2/6/2025,S Constitutional reading dispensed (on 2nd reading) (40-Y 0-N)
SV362,HB1699,2/7/2025,S Passed Senate (21-Y 17-N)
2519274,HB1699,4/2/2025,H House rejected Governor's recommendation (20-Y 74-N)
2519275,HB1699,4/2/2025,H Motion to pass in enrolled form rejected (52-Y 42-N)
H09001V2510026,HB1700,1/14/2025,H Subcommittee recommends reporting with substitute and referred to Appropriations (6-Y 2-N)
H09V2510096,HB1700,1/15/2025,H Reported from Education with substitute and referred to Appropriations (13-Y 8-N)
H02003V2510394,HB1700,1/20/2025,H Subcommittee recommends reporting with amendment(s)  (8-Y 0-N)
H02V2510678,HB1700,1/22/2025,H Reported from Appropriations with amendment(s)  (22-Y 0-N)
2518246,HB1700,1/28/2025,H Read third time and passed House (77-Y 22-N)
S13V1169,HB1700,2/5/2025,S Reported from Courts of Justice with substitute and rereferred to Education and Health (14-Y 0-N)
S04V1708,HB1700,2/13/2025,S Reported from Education and Health with substitute and rereferred to Finance and Appropriations (14-Y 0-N 1-A)
S05V1969,HB1700,2/17/2025,S Reported from Finance and Appropriations (14-Y 0-N)
SV738,HB1700,2/19/2025,S Constitutional reading dispensed (on 2nd reading) (40-Y 0-N)
SV843,HB1700,2/20/2025,S Passed Senate with substitute (39-Y 0-N)
2519084,HB1700,2/20/2025,H Senate substitute agreed to by House (77-Y 19-N)
H10002V2510532,HB1701,1/21/2025,H Subcommittee recommends reporting and referred to Appropriations (7-Y 0-N 1-A)
H10V2510692,HB1701,1/22/2025,H Reported from Finance and referred to Appropriations (21-Y 1-N)
H02V2512166,HB1701,1/31/2025,H Reported from Appropriations with amendment(s)  (22-Y 0-N)
2518456,HB1701,2/4/2025,H Read third time and passed House (94-Y 3-N)
S05V1385,HB1701,2/11/2025,S Passed by indefinitely in Finance and Appropriations (15-Y 0-N)
H02001V2510139,HB1702,1/15/2025,H Subcommittee recommends reporting with substitute (8-Y 0-N)
H02V2510292,HB1702,1/17/2025,H Reported from Appropriations with substitute (21-Y 0-N)
2518222,HB1702,1/23/2025,H Read third time and passed House (90-Y 6-N)
S05V1386,HB1702,2/11/2025,S Passed by indefinitely in Finance and Appropriations (15-Y 0-N)
H11003V2510082,HB1703,1/14/2025,H Subcommittee recommends reporting (8-Y 0-N)
H11V2510184,HB1703,1/16/2025,H Reported from General Laws (22-Y 0-N)
2518201,HB1703,1/22/2025,H Read third time and passed House  (96-Y 0-N)
S09V1212,HB1703,2/7/2025,S Reported from Rehabilitation and Social Services (13-Y 0-N)
SV375,HB1703,2/10/2025,S Constitutional reading dispensed (on 2nd reading) (39-Y 0-N)
SV400,HB1703,2/12/2025,S Passed Senate (38-Y 0-N)
H11002V2510204,HB1704,1/16/2025,H Subcommittee recommends reporting (8-Y 0-N)
H11V2510486,HB1704,1/21/2025,H Reported from General Laws (21-Y 0-N)
2518232,HB1704,1/27/2025,H Read third time and passed House (97-Y 0-N)
S12V1147,HB1704,2/5/2025,S Reported from General Laws and Technology (13-Y 0-N)
SV363,HB1704,2/7/2025,S Constitutional reading dispensed (on 2nd reading) (38-Y 0-N)
SV368,HB1704,2/10/2025,S Passed Senate (39-Y 0-N)
H02002V2511172,HB1705,1/27/2025,H Subcommittee recommends reporting with substitute (7-Y 0-N)
H02V2511722,HB1705,1/29/2025,H Reported from Appropriations with substitute (21-Y 0-N)
2518374,HB1705,2/4/2025,H Read third time and passed House (97-Y 0-N)
2518375,HB1705,2/4/2025,H Passed House (99-Y 0-N)
S05V1387,HB1705,2/11/2025,S Reported from Finance and Appropriations (15-Y 0-N)
SV383,HB1705,2/11/2025,S Constitutional reading dispensed (on 2nd reading) (40-Y 0-N)
SV396,HB1705,2/12/2025,S Passed Senate (39-Y 0-N)
H11002V2510206,HB1706,1/16/2025,H Subcommittee recommends reporting with substitute (8-Y 0-N)
H11V2510487,HB1706,1/21/2025,H Reported from General Laws with substitute (21-Y 0-N)
2518232,HB1706,1/27/2025,H Read third time and passed House (97-Y 0-N)
S12V1148,HB1706,2/5/2025,S Reported from General Laws and Technology (13-Y 0-N)
SV363,HB1706,2/7/2025,S Constitutional reading dispensed (on 2nd reading) (38-Y 0-N)
SV368,HB1706,2/10/2025,S Passed Senate (39-Y 0-N)
H11001V2510215,HB1707,1/16/2025,H Subcommittee recommends reporting (8-Y 0-N)
H11V2510499,HB1707,1/21/2025,H Reported from General Laws (21-Y 0-N)
2518232,HB1707,1/27/2025,H Read third time and passed House (97-Y 0-N)
S12V1150,HB1707,2/5/2025,S Reported from General Laws and Technology (12-Y 0-N)
SV363,HB1707,2/7/2025,S Constitutional reading dispensed (on 2nd reading) (38-Y 0-N)
SV368,HB1707,2/10/2025,S Passed Senate (39-Y 0-N)
H11002V2511955,HB1708,1/30/2025,H Subcommittee recommends laying on the table (8-Y 0-N)
H11002V2511958,HB1709,1/30/2025,H Subcommittee recommends laying on the table (6-Y 2-N)
H24004V2510236,HB1710,1/16/2025,H Subcommittee recommends reporting and referred to Appropriations (8-Y 0-N)
H24V2510435,HB1710,1/21/2025,H Reported from Health and Human Services and referred to Appropriations (21-Y 0-N)
H02005V2511082,HB1710,1/24/2025,H Subcommittee recommends laying on the table (7-Y 0-N)
H08001V2510014,HB1711,1/13/2025,H Subcommittee recommends reporting with amendment(s)  and referred to Appropriations (5-Y 3-N)
H08V2510294,HB1711,1/17/2025,H Reported from Courts of Justice with amendment(s)  and referred to Appropriations (12-Y 10-N)
H02007V2510698,HB1711,1/22/2025,H Subcommittee recommends reporting with substitute (8-Y 0-N)
H02V2511022,HB1711,1/24/2025,H Reported from Appropriations with substitute (22-Y 0-N)
2518297,HB1711,1/30/2025,H Read third time and passed House (84-Y 12-N)
S13V1283,HB1711,2/10/2025,S Reported from Courts of Justice and rereferred to Finance and Appropriations (15-Y 0-N)
S05V1983,HB1711,2/17/2025,S Passed by indefinitely in Finance and Appropriations (12-Y 2-N)
H08001V2511130,HB1712,1/24/2025,H Subcommittee recommends reporting with substitute and referring to Appropriations (7-Y 1-N)
H08V2511723,HB1712,1/29/2025,H Reported from Courts of Justice with substitute and referred to Appropriations (16-Y 6-N)
H02V2512200,HB1712,1/31/2025,H Reported from Appropriations (14-Y 8-N)
2518457,HB1712,2/4/2025,H Read third time and passed House  (56-Y 41-N)
S13V1563,HB1712,2/12/2025,S Reported from Courts of Justice with substitute (15-Y 0-N)
SV522,HB1712,2/14/2025,S Constitutional reading dispensed (on 2nd reading) (36-Y 0-N)
SV558,HB1712,2/17/2025,S Passed Senate with substitute (39-Y 0-N)
2518853,HB1712,2/18/2025,H Senate substitute rejected by House (2-Y 94-N)
SV741,HB1712,2/19/2025,S Senate insisted on substitute (40-Y 0-N)
SV961,HB1712,2/22/2025,S Conference report agreed to by Senate (40-Y 0-N)
2519173,HB1712,2/22/2025,H Conference report agreed to by House (60-Y 39-N)
2519276,HB1712,4/2/2025,H House concurred in Governor's recommendation (90-Y 5-N)
SV1084,HB1712,4/2/2025,S Senate concurred in Governor's recommendation (40-Y 0-N)
H08001V2511131,HB1713,1/24/2025,H Subcommittee recommends reporting (7-Y 1-N)
H08V2511707,HB1713,1/29/2025,H Reported from Courts of Justice (16-Y 6-N)
2518381,HB1713,2/4/2025,H Read third time and passed House (55-Y 44-N)
S13V1567,HB1713,2/12/2025,S Reported from Courts of Justice (15-Y 0-N)
SV522,HB1713,2/14/2025,S Constitutional reading dispensed (on 2nd reading) (36-Y 0-N)
SV558,HB1713,2/17/2025,S Passed Senate (39-Y 0-N)
H08001V2512210,HB1714,1/31/2025,H Subcommittee recommends laying on the table (5-Y 3-N)
H08001V2512211,HB1715,1/31/2025,H Subcommittee recommends reporting with substitute (8-Y 0-N)
H08V2512220,HB1715,1/31/2025,H Reported from Courts of Justice with substitute (20-Y 0-N)
2518374,HB1715,2/4/2025,H Read third time and passed House (97-Y 0-N)
2518375,HB1715,2/4/2025,H Passed House (99-Y 0-N)
S13V1239,HB1715,2/10/2025,S Reported from Courts of Justice and rereferred to Finance and Appropriations (12-Y 1-N)
S05V1492,HB1715,2/12/2025,S Reported from Finance and Appropriations (15-Y 0-N)
SV472,HB1715,2/13/2025,S Constitutional reading dispensed (on 2nd reading) (40-Y 0-N)
SV498,HB1715,2/14/2025,S Passed Senate (35-Y 1-N)
H24V2510167,HB1716,1/16/2025,H Reported from Health and Human Services (15-Y 7-N)
2518206,HB1716,1/23/2025,H Read third time and passed House  (53-Y 44-N)
S04V1643,HB1716,2/13/2025,S Reported from Education and Health (7-Y 6-N)
SV564,HB1716,2/17/2025,S Constitutional reading dispensed (on 2nd reading) (39-Y 0-N)
SV630,HB1716,2/18/2025,S Passed Senate (21-Y 18-N)
2519277,HB1716,4/2/2025,H House rejected Governor's recommendation (42-Y 54-N)
2519278,HB1716,4/2/2025,H Motion to pass in enrolled form rejected  (Y-55 N-41 A-0)
H10003V2511188,HB1717,1/27/2025,H Subcommittee recommends reporting with substitute and referring to Appropriations (5-Y 3-N)
H10V2511665,HB1717,1/29/2025,H Reported from Finance with substitute and referred to Appropriations (12-Y 10-N)
H11V2510050,HB1718,1/14/2025,H Reported from General Laws (13-Y 9-N)
2518191,HB1718,1/20/2025,H Read third time and passed House (53-Y 43-N)
S12V1575,HB1718,2/12/2025,S Reported from General Laws and Technology (14-Y 1-N)
SV522,HB1718,2/14/2025,S Constitutional reading dispensed (on 2nd reading) (36-Y 0-N)
SV601,HB1718,2/18/2025,S Passed Senate (23-Y 17-N)
H11002V2510855,HB1719,1/23/2025,H Subcommittee recommends reporting (5-Y 3-N)
H11V2511416,HB1719,1/28/2025,H Reported from General Laws (12-Y 10-N)
2518340,HB1719,2/3/2025,H Read third time and passed House (50-Y 48-N)
S12V1532,HB1719,2/12/2025,S Reported from General Laws and Technology (8-Y 5-N)
SV522,HB1719,2/14/2025,S Constitutional reading dispensed (on 2nd reading) (36-Y 0-N)
SV602,HB1719,2/18/2025,S Passed Senate (21-Y 19-N)
H24004V2510230,HB1720,1/16/2025,H Subcommittee recommends reporting and referred to Appropriations (5-Y 3-N)
H24V2510436,HB1720,1/21/2025,H Reported from Health and Human Services and referred to Appropriations (13-Y 9-N)
H02005V2511085,HB1720,1/24/2025,H Subcommittee recommends laying on the table (7-Y 0-N)
H08002V2510120,HB1721,1/15/2025,H Subcommittee recommends reporting with substitute (8-Y 0-N)
H08V2510307,HB1721,1/17/2025,H Reported from Courts of Justice with substitute (22-Y 0-N)
2518204,HB1721,1/23/2025,H Read third time and passed House (97-Y 0-N)
S13V1898,HB1721,2/17/2025,S Reported from Courts of Justice with amendments (14-Y 1-N)
SV634,HB1721,2/18/2025,S Constitutional reading dispensed (on 2nd reading) (39-Y 0-N)
SV808,HB1721,2/20/2025,S Passed Senate with substitute (39-Y 0-N)
2519085,HB1721,2/20/2025,H Senate substitute rejected by House (0-Y 96-N)
SV897,HB1721,2/20/2025,S Senate insisted on substitute (38-Y 0-N)
SV939,HB1721,2/21/2025,S Conference report agreed to by Senate (40-Y 0-N)
2519174,HB1721,2/22/2025,H Conference report agreed to by House  (98-Y 0-N)
2519279,HB1721,4/2/2025,H House concurred in Governor's recommendation (96-Y 0-N)
SV1088,HB1721,4/2/2025,S Senate rejected Governor's recommendation (19-Y 21-N)
H19001V2510418,HB1722,1/21/2025,H Subcommittee recommends reporting (8-Y 0-N)
H19V2510804,HB1722,1/23/2025,H Reported from Transportation (21-Y 0-N)
2518272,HB1722,1/29/2025,H Read third time and passed House (97-Y 0-N)
S11V1204,HB1722,2/6/2025,S Reported from Transportation and rereferred to Finance and Appropriations (12-Y 0-N)
S05V1475,HB1722,2/12/2025,S Reported from Finance and Appropriations (15-Y 0-N)
SV472,HB1722,2/13/2025,S Constitutional reading dispensed (on 2nd reading) (40-Y 0-N)
SV493,HB1722,2/14/2025,S Passed Senate (36-Y 0-N)
H24004V2510228,HB1723,1/16/2025,H Subcommittee recommends reporting and referred to Appropriations (8-Y 0-N)
H24V2510437,HB1723,1/21/2025,H Reported from Health and Human Services and referred to Appropriations (20-Y 2-N)
H02005V2511086,HB1723,1/24/2025,H Subcommittee recommends laying on the table (7-Y 0-N)
H02V2512138,HB1723,1/31/2025,H Reported from Appropriations with substitute (22-Y 0-N)
2518458,HB1723,2/4/2025,H Read third time and passed House (80-Y 16-N)
S09V1222,HB1723,2/7/2025,S Reported from Rehabilitation and Social Services (15-Y 0-N)
SV375,HB1723,2/10/2025,S Constitutional reading dispensed (on 2nd reading) (39-Y 0-N)
SV396,HB1723,2/12/2025,S Passed Senate (39-Y 0-N)
2519280,HB1723,4/2/2025,H House rejected Governor's recommendation (31-Y 63-N)
H14V2510051,HB1724,1/14/2025,H Reported from Labor and Commerce and referred to Appropriations (12-Y 10-N)
H02005V2511084,HB1724,1/24/2025,H Subcommittee recommends reporting (5-Y 2-N)
H02V2511194,HB1724,1/27/2025,H Reported from Appropriations (14-Y 8-N)
2518328,HB1724,1/31/2025,H Read third time and passed House (52-Y 44-N)
S02V1354,HB1724,2/10/2025,S Reported from Commerce and Labor and rereferred to Finance and Appropriations (10-Y 5-N)
S05V1864,HB1724,2/14/2025,S Reported from Finance and Appropriations with substitute (10-Y 4-N)
SV567,HB1724,2/17/2025,S Constitutional reading dispensed (on 2nd reading) (39-Y 0-N)
SV631,HB1724,2/18/2025,S Passed Senate with substitute (24-Y 16-N)
SV632,HB1724,2/18/2025,S Reconsideration of Senate passage agreed to by Senate
SV633,HB1724,2/18/2025,S Passed Senate with substitute (26-Y 14-N)
2518916,HB1724,2/19/2025,H Senate substitute agreed to by House (52-Y 45-N)
H14002V2510205,HB1725,1/16/2025,H Subcommittee recommends reporting with substitute (5-Y 3-N)
H14V2510832,HB1725,1/23/2025,H Reported from Labor and Commerce with substitute (12-Y 10-N)
2518278,HB1725,1/29/2025,H Read third time and passed House (49-Y 46-N)
S02V1928,HB1725,2/17/2025,S Reported from Commerce and Labor with substitute (13-Y 2-N)
SV663,HB1725,2/18/2025,S Constitutional reading dispensed (on 2nd reading) (40-Y 0-N)
SV723,HB1725,2/19/2025,S Passed Senate with substitute (27-Y 13-N)
2519023,HB1725,2/20/2025,H Senate substitute agreed to by House (53-Y 44-N)
2519281,HB1725,4/2/2025,H House rejected Governor's recommendation (33-Y 63-N)
2519282,HB1725,4/2/2025,H Motion to pass in enrolled form rejected (51-Y 45-N)
H08001V2512159,HB1726,1/31/2025,H Subcommittee recommends reporting with substitute (8-Y 0-N)
H08V2512221,HB1726,1/31/2025,H Reported from Courts of Justice with substitute (20-Y 0-N)
2518374,HB1726,2/4/2025,H Read third time and passed House (97-Y 0-N)
2518375,HB1726,2/4/2025,H Passed House (99-Y 0-N)
S13V1245,HB1726,2/10/2025,S Reported from Courts of Justice with substitute and rereferred to Finance and Appropriations (14-Y 0-N)
S05V1489,HB1726,2/12/2025,S Reported from Finance and Appropriations (15-Y 0-N)
SV472,HB1726,2/13/2025,S Constitutional reading dispensed (on 2nd reading) (40-Y 0-N)
SV493,HB1726,2/14/2025,S Passed Senate with substitute (36-Y 0-N)
2518854,HB1726,2/18/2025,H Senate substitute agreed to by House (95-Y 0-N)
H08002V2510370,HB1727,1/20/2025,H Subcommittee recommends reporting (6-Y 2-N)
H08V2511075,HB1727,1/24/2025,H Reported from Courts of Justice (13-Y 9-N)
2518324,HB1727,1/31/2025,H Read third time and passed House  (66-Y 30-N)
S13V1562,HB1727,2/12/2025,S Reported from Courts of Justice (12-Y 2-N 1-A)
SV522,HB1727,2/14/2025,S Constitutional reading dispensed (on 2nd reading) (36-Y 0-N)
SV675,HB1727,2/19/2025,S Passed Senate (38-Y 2-N)
H08001V2510141,HB1728,1/15/2025,H Subcommittee recommends reporting and referred to Appropriations (7-Y 0-N)
H08V2510299,HB1728,1/17/2025,H Reported from Courts of Justice with substitute and referred to Appropriations (19-Y 3-N)
H02004V2510373,HB1728,1/20/2025,H Subcommittee recommends reporting with substitute (8-Y 0-N)
H02V2510689,HB1728,1/22/2025,H Reported from Appropriations with substitute (22-Y 0-N)
2518247,HB1728,1/28/2025,H Read third time and passed House (89-Y 10-N)
S13V1326,HB1728,2/10/2025,S Reported from Courts of Justice with amendments and rereferred to Finance and Appropriations (12-Y 3-N)
S05V1495,HB1728,2/12/2025,S Reported from Finance and Appropriations (13-Y 2-N)
SV472,HB1728,2/13/2025,S Constitutional reading dispensed (on 2nd reading) (40-Y 0-N)
SV499,HB1728,2/14/2025,S Passed Senate with amendments (32-Y 4-N)
2518855,HB1728,2/18/2025,H Senate Amendments agreed to by House (92-Y 4-N)
H10002V2510540,HB1729,1/21/2025,H Subcommittee recommends reporting with substitute (8-Y 0-N)
H10V2510688,HB1729,1/22/2025,H Reported from Finance with substitute (15-Y 7-N)
2518248,HB1729,1/28/2025,H Read third time and passed House (96-Y 3-N)
S05V1130,HB1729,2/5/2025,S Reported from Finance and Appropriations with substitute (13-Y 0-N)
SV353,HB1729,2/6/2025,S Constitutional reading dispensed (on 2nd reading) (40-Y 0-N)
SV361,HB1729,2/7/2025,S Passed Senate with substitute (39-Y 0-N)
2518655,HB1729,2/11/2025,H Senate substitute rejected by House (0-Y 89-N 1-A)
SV448,HB1729,2/13/2025,S Senate insisted on substitute (39-Y 0-N)
SV962,HB1729,2/22/2025,S Conference report agreed to by Senate (40-Y 0-N)
2519175,HB1729,2/22/2025,H Conference report agreed to by House (98-Y 1-N)
H08002V2510015,HB1730,1/13/2025,H Subcommittee recommends reporting (7-Y 1-N)
H08002V2511250,HB1730,1/27/2025,H Subcommittee recommends reporting with substitute (5-Y 2-N)
H08V2511764,HB1730,1/29/2025,H Reported from Courts of Justice with substitute (17-Y 4-N 1-A)
2518382,HB1730,2/4/2025,H Read third time and passed House (60-Y 38-N 1-A)
S13V1262,HB1730,2/10/2025,S Reported from Courts of Justice with amendment (15-Y 0-N)
SV382,HB1730,2/11/2025,S Constitutional reading dispensed (on 2nd reading) (40-Y 0-N)
SV402,HB1730,2/12/2025,S Passed Senate with amendment (32-Y 5-N)
SV403,HB1730,2/12/2025,S Reconsideration of Senate passage agreed to by Senate (39-Y 0-N)
SV404,HB1730,2/12/2025,S Passed Senate with amendment (33-Y 6-N)
2518758,HB1730,2/14/2025,H Senate Amendment agreed to by House (Y-51 N-43 A-1)
2519283,HB1730,4/2/2025,H House rejected Governor's recommendation (31-Y 63-N 1-A)
2519284,HB1730,4/2/2025,H Motion to pass in enrolled form rejected (54-Y 41-N 1-A)
H24003V2510155,HB1731,1/16/2025,H Subcommittee recommends reporting (8-Y 0-N)
H24V2510429,HB1731,1/21/2025,H Reported from Health and Human Services (22-Y 0-N)
2518232,HB1731,1/27/2025,H Read third time and passed House (97-Y 0-N)
S13V1170,HB1731,2/5/2025,S Reported from Courts of Justice (14-Y 0-N)
SV363,HB1731,2/7/2025,S Constitutional reading dispensed (on 2nd reading) (38-Y 0-N)
SV368,HB1731,2/10/2025,S Passed Senate (39-Y 0-N)
H24001V2511363,HB1732,1/28/2025,H Subcommittee recommends striking from the docket (8-Y 0-N)
H08002V2510360,HB1733,1/20/2025,H Subcommittee recommends reporting with substitute (8-Y 0-N)
H08V2511061,HB1733,1/24/2025,H Reported from Courts of Justice with substitute (22-Y 0-N)
2518291,HB1733,1/30/2025,H Read third time and passed House (96-Y 0-N)
S13V1234,HB1733,2/10/2025,S Reported from Courts of Justice (12-Y 0-N)
SV382,HB1733,2/11/2025,S Constitutional reading dispensed (on 2nd reading) (40-Y 0-N)
SV396,HB1733,2/12/2025,S Passed Senate (39-Y 0-N)
H08001V2510009,HB1734,1/13/2025,H Subcommittee recommends reporting (8-Y 0-N)
H08V2510286,HB1734,1/17/2025,H Reported from Courts of Justice (22-Y 0-N)
2518204,HB1734,1/23/2025,H Read third time and passed House (97-Y 0-N)
S13V1171,HB1734,2/5/2025,S Reported from Courts of Justice (14-Y 0-N)
SV363,HB1734,2/7/2025,S Constitutional reading dispensed (on 2nd reading) (38-Y 0-N)
SV368,HB1734,2/10/2025,S Passed Senate (39-Y 0-N)
H18001V2510022,HB1735,1/13/2025,H Subcommittee recommends reporting (8-Y 0-N)
H18V2510267,HB1735,1/17/2025,H Reported from Privileges and Elections (19-Y 2-N)
2518210,HB1735,1/23/2025,H Read third time and passed House (94-Y 3-N)
S08V1416,HB1735,2/11/2025,S Reported from Privileges and Elections (15-Y 0-N)
SV472,HB1735,2/13/2025,S Constitutional reading dispensed (on 2nd reading) (40-Y 0-N)
SV493,HB1735,2/14/2025,S Passed Senate (36-Y 0-N)
H02007V2511661,HB1736,1/29/2025,H Subcommittee recommends reporting (5-Y 3-N)
H02V2511729,HB1736,1/29/2025,H Reported from Appropriations (13-Y 8-N)
2518383,HB1736,2/4/2025,H Read third time and passed House (54-Y 45-N)
S13V1319,HB1736,2/10/2025,S Reported from Courts of Justice and rereferred to Finance and Appropriations (9-Y 6-N)
S05V1503,HB1736,2/12/2025,S Reported from Finance and Appropriations with substitute (10-Y 5-N)
SV472,HB1736,2/13/2025,S Constitutional reading dispensed (on 2nd reading) (40-Y 0-N)
SV500,HB1736,2/14/2025,S Passed Senate with substitute (20-Y 15-N)
2518856,HB1736,2/18/2025,H Senate substitute agreed to by House (52-Y 43-N)
H11001V2510216,HB1737,1/16/2025,H Subcommittee recommends reporting (8-Y 0-N)
H11V2510500,HB1737,1/21/2025,H Reported from General Laws and referred to Appropriations (20-Y 1-N)
H02007V2511663,HB1737,1/29/2025,H Subcommittee recommends reporting (8-Y 0-N)
H02V2511730,HB1737,1/29/2025,H Reported from Appropriations (21-Y 0-N)
2518384,HB1737,2/4/2025,H Read third time and passed House (98-Y 1-N)
S12V1533,HB1737,2/12/2025,S Reported from General Laws and Technology and rereferred to Finance and Appropriations (13-Y 0-N)
S05V1837,HB1737,2/14/2025,S Passed by indefinitely in Finance and Appropriations (13-Y 1-N)
H15V2510947,HB1738,1/24/2025,H Reported from Public Safety with amendment(s)  and referred to Appropriations (22-Y 0-N)
H02007V2511664,HB1738,1/29/2025,H Subcommittee recommends reporting with amendment(s)  (8-Y 0-N)
H02V2511732,HB1738,1/29/2025,H Reported from Appropriations with amendment(s)  (21-Y 0-N)
2518374,HB1738,2/4/2025,H Read third time and passed House (97-Y 0-N)
2518375,HB1738,2/4/2025,H Passed House (99-Y 0-N)
S12V1557,HB1738,2/12/2025,S Reported from General Laws and Technology with amendments and rereferred to Finance and Appropriations (15-Y 0-N)
S05V2016,HB1738,2/17/2025,S Passed by indefinitely in Finance and Appropriations (10-Y 3-N 1-A)
H09001V2510033,HB1740,1/14/2025,H Subcommittee recommends reporting (8-Y 0-N)
H09V2510097,HB1740,1/15/2025,H Reported from Education (21-Y 0-N)
2518194,HB1740,1/21/2025,H Read third time and passed House (96-Y 0-N)
S04V1756,HB1740,2/13/2025,S Reported from Education and Health (14-Y 0-N)
SV564,HB1740,2/17/2025,S Constitutional reading dispensed (on 2nd reading)
SV593,HB1740,2/18/2025,S Passed Senate (40-Y 0-N)
H11003V2510073,HB1742,1/14/2025,H Subcommittee recommends reporting with substitute and referred to Appropriations (8-Y 0-N)
H11V2510185,HB1742,1/16/2025,H Reported from General Laws with substitute and referred to Appropriations (22-Y 0-N)
H02001V2510712,HB1742,1/22/2025,H Subcommittee recommends reporting with amendment(s)  (8-Y 0-N)
H02V2511007,HB1742,1/24/2025,H Reported from Appropriations with amendment(s)  (22-Y 0-N)
2518315,HB1742,1/30/2025,H Read third time and passed House (96-Y 0-N)
S12V1151,HB1742,2/5/2025,S Reported from General Laws and Technology and rereferred to Finance and Appropriations (13-Y 0-N)
S05V1402,HB1742,2/11/2025,S Passed by indefinitely in Finance and Appropriations (14-Y 1-N)
H10002V2510068,HB1743,1/14/2025,H Subcommittee recommends reporting with amendment(s)  (8-Y 0-N)
H10V2511684,HB1743,1/29/2025,H Reported from Finance with substitute (21-Y 0-N)
2518374,HB1743,2/4/2025,H Read third time and passed House (97-Y 0-N)
2518375,HB1743,2/4/2025,H Passed House (99-Y 0-N)
S05V1408,HB1743,2/11/2025,S Reported from Finance and Appropriations with substitute (15-Y 0-N)
SV383,HB1743,2/11/2025,S Constitutional reading dispensed (on 2nd reading) (40-Y 0-N)
SV396,HB1743,2/12/2025,S Passed Senate with substitute (39-Y 0-N)
2518759,HB1743,2/14/2025,H Senate substitute rejected by House (Y-2 N-93 A-0)
SV577,HB1743,2/18/2025,S Senate insisted on substitute (40-Y 0-N)
SV940,HB1743,2/21/2025,S Conference report agreed to by Senate (38-Y 0-N)
2519176,HB1743,2/22/2025,H Conference report agreed to by House (99-Y 0-N)
H18V2510269,HB1744,1/17/2025,H Reported from Privileges and Elections (22-Y 0-N)
2518226,HB1744,1/24/2025,H Read third time and passed House (97-Y 0-N)
S08V1430,HB1744,2/11/2025,S Failed to report (defeated) in Privileges and Elections (7-Y 8-N)
H15002V2510163,HB1746,1/16/2025,H Subcommittee failed to recommend reporting (2-Y 4-N)
H19004V2510146,HB1747,1/15/2025,H Subcommittee recommends laying on the table (5-Y 3-N)
H14002V2510210,HB1749,1/16/2025,H Subcommittee recommends laying on the table (5-Y 3-N)
H19002V2510439,HB1750,1/21/2025,H Subcommittee recommends striking from the docket (8-Y 0-N)
H18001V2510411,HB1751,1/20/2025,H Subcommittee failed to recommend reporting (3-Y 5-N)
H02006V2510114,HB1752,1/15/2025,H Subcommittee recommends laying on the table (8-Y 0-N)
H24001V2511449,HB1753,1/28/2025,H Subcommittee recommends laying on the table (5-Y 3-N)
H10003V2511189,HB1754,1/27/2025,H Subcommittee recommends reporting with substitute and referring to Appropriations (8-Y 0-N)
H10V2511668,HB1754,1/29/2025,H Reported from Finance with substitute and referred to Appropriations (22-Y 0-N)
H10003V2511218,HB1755,1/27/2025,H Subcommittee recommends striking from the docket (8-Y 0-N)
H07003V2510242,HB1756,1/17/2025,H Subcommittee recommends reporting (8-Y 0-N)
H07V2510979,HB1756,1/24/2025,"H Reported from Counties, Cities and Towns (20-Y 0-N)"
2518291,HB1756,1/30/2025,H Read third time and passed House (96-Y 0-N)
S07V1295,HB1756,2/10/2025,S Reported from Local Government (15-Y 0-N)
SV382,HB1756,2/11/2025,S Constitutional reading dispensed (on 2nd reading) (40-Y 0-N)
SV396,HB1756,2/12/2025,S Passed Senate (39-Y 0-N)
H08001V2510010,HB1757,1/13/2025,H Subcommittee recommends reporting (7-Y 1-N)
H08V2510310,HB1757,1/17/2025,H Reported from Courts of Justice (15-Y 7-N)
2518211,HB1757,1/23/2025,H Read third time and passed House (88-Y 9-N)
S13V1152,HB1757,2/5/2025,S Reported from Courts of Justice (14-Y 0-N)
SV363,HB1757,2/7/2025,S Constitutional reading dispensed (on 2nd reading) (38-Y 0-N)
SV368,HB1757,2/10/2025,S Passed Senate (39-Y 0-N)
H11001V2510905,HB1758,1/23/2025,H Subcommittee recommends reporting with substitute (7-Y 1-N)
H11V2511428,HB1758,1/28/2025,H Reported from General Laws with substitute (15-Y 7-N)
2518341,HB1758,2/3/2025,H Read third time and passed House (55-Y 44-N)
S12V1560,HB1758,2/12/2025,S Reported from General Laws and Technology with substitute and rereferred to Finance and Appropriations (9-Y 0-N 6-A)
S05V1996,HB1758,2/17/2025,S Passed by indefinitely in Finance and Appropriations (13-Y 1-N)
H15002V2510799,HB1759,1/23/2025,H Subcommittee recommends reporting with amendment(s)  (6-Y 0-N)
H15V2510953,HB1759,1/24/2025,H Reported from Public Safety with amendment(s)  (22-Y 0-N)
2518291,HB1759,1/30/2025,H Read third time and passed House (96-Y 0-N)
S12V1139,HB1759,2/5/2025,S Rereferred from General Laws and Technology to Rehabilitation and Social Services (12-Y 0-N)
S09V1216,HB1759,2/7/2025,S Reported from Rehabilitation and Social Services with amendment and rereferred to Finance and Appropriations (15-Y 0-N)
S05V1497,HB1759,2/12/2025,S Reported from Finance and Appropriations (15-Y 0-N)
SV472,HB1759,2/13/2025,S Constitutional reading dispensed (on 2nd reading) (40-Y 0-N)
SV493,HB1759,2/14/2025,S Passed Senate with amendment (36-Y 0-N)
2518857,HB1759,2/18/2025,H Senate Amendment agreed to by House (96-Y 0-N)
H24003V2510766,HB1760,1/23/2025,H Subcommittee recommends reporting and referring to Appropriations (6-Y 2-N)
H24V2511303,HB1760,1/28/2025,H Reported from Health and Human Services and referred to Appropriations (16-Y 6-N)
H02005V2511790,HB1760,1/29/2025,H Subcommittee recommends reporting with substitute (6-Y 0-N)
H02V2512139,HB1760,1/31/2025,H Reported from Appropriations with substitute (22-Y 0-N)
2518459,HB1760,2/4/2025,H Read third time and passed House (72-Y 24-N)
S04V1653,HB1760,2/13/2025,S Reported from Education and Health and rereferred to Finance and Appropriations (15-Y 0-N)
S05V1964,HB1760,2/17/2025,S Reported from Finance and Appropriations with amendment (14-Y 0-N)
SV738,HB1760,2/19/2025,S Constitutional reading dispensed (on 2nd reading) (40-Y 0-N)
SV801,HB1760,2/20/2025,S Passed Senate with amendment (39-Y 0-N)
SV803,HB1760,2/20/2025,S Reconsideration of Senate passage agreed to by Senate (39-Y 0-N)
SV804,HB1760,2/20/2025,S Passed Senate with amendment (39-Y 0-N)
2519086,HB1760,2/20/2025,H Senate Amendment agreed to by House (64-Y 31-N)
H18V2512116,HB1761,1/31/2025,H Reported from Privileges and Elections (12-Y 9-N)
2518460,HB1761,2/4/2025,H Read third time and passed House (52-Y 45-N)
S08V1441,HB1761,2/11/2025,S Reported from Privileges and Elections and rereferred to Finance and Appropriations (8-Y 7-N)
S05V2019,HB1761,2/17/2025,S Passed by indefinitely in Finance and Appropriations (13-Y 1-N)
H24004V2510883,HB1762,1/23/2025,H Subcommittee recommends reporting and referring to Appropriations (8-Y 0-N)
H24V2511336,HB1762,1/28/2025,H Reported from Health and Human Services and referred to Appropriations (21-Y 0-N)
H02005V2511797,HB1762,1/29/2025,H Subcommittee recommends laying on the table (6-Y 0-N)
H11004V2511474,HB1763,1/28/2025,H Subcommittee recommends striking from the docket (8-Y 0-N)
H07V2510265,HB1764,1/17/2025,"H Reported from Counties, Cities and Towns (13-Y 9-N)"
2518212,HB1764,1/23/2025,H Read third time and passed House (52-Y 45-N)
S07V1305,HB1764,2/10/2025,S Reported from Local Government and rereferred to Finance and Appropriations (8-Y 7-N)
S05V1468,HB1764,2/12/2025,S Reported from Finance and Appropriations (10-Y 5-N)
SV472,HB1764,2/13/2025,S Constitutional reading dispensed (on 2nd reading) (40-Y 0-N)
SV501,HB1764,2/14/2025,S Passed Senate (21-Y 15-N)
H14001V2510511,HB1765,1/21/2025,H Subcommittee recommends laying on the table (7-Y 0-N)
H14002V2510214,HB1766,1/16/2025,H Subcommittee recommends reporting and referred to Appropriations (5-Y 3-N)
H14V2510476,HB1766,1/21/2025,H Reported from Labor and Commerce and referred to Appropriations (12-Y 10-N)
H02V2512167,HB1766,1/31/2025,H Reported from Appropriations (12-Y 10-N)
2518461,HB1766,2/4/2025,H Read third time and passed House (51-Y 47-N)
S02V1344,HB1766,2/10/2025,S Reported from Commerce and Labor with substitute and rereferred to Finance and Appropriations (15-Y 0-N)
S05V1826,HB1766,2/14/2025,S Reported from Finance and Appropriations (10-Y 3-N)
SV567,HB1766,2/17/2025,S Constitutional reading dispensed (on 2nd reading) (39-Y 0-N)
SV676,HB1766,2/19/2025,S Passed Senate with substitute (23-Y 16-N)
SV677,HB1766,2/19/2025,S Reconsideration of Senate passage agreed to by Senate
SV678,HB1766,2/19/2025,S Passed Senate with substitute (27-Y 13-N)
2519024,HB1766,2/20/2025,H Senate substitute rejected by House (0-Y 97-N)
SV879,HB1766,2/20/2025,S Senate insisted on substitute (39-Y 0-N)
SV963,HB1766,2/22/2025,S Conference report agreed to by Senate (27-Y 13-N)
2519177,HB1766,2/22/2025,H Conference report agreed to by House (52-Y 47-N)
2519285,HB1766,4/2/2025,H House concurred in Governor's recommendation (Y-63 N-33 A-0)
SV1084,HB1766,4/2/2025,S Senate concurred in Governor's recommendation (40-Y 0-N)
H14002V2510217,HB1767,1/16/2025,H Subcommittee recommends reporting and referred to Appropriations (5-Y 3-N)
H14V2510478,HB1767,1/21/2025,H Reported from Labor and Commerce and referred to Appropriations (13-Y 9-N)
H02001V2511689,HB1767,1/29/2025,H Subcommittee recommends reporting (5-Y 3-N)
H02V2511744,HB1767,1/29/2025,H Reported from Appropriations (12-Y 9-N)
2518385,HB1767,2/4/2025,H Read third time and passed House (52-Y 47-N)
S02V1359,HB1767,2/10/2025,S Reported from Commerce and Labor and rereferred to Finance and Appropriations (9-Y 6-N)
S05V1827,HB1767,2/14/2025,S Reported from Finance and Appropriations with amendment (10-Y 4-N)
SV567,HB1767,2/17/2025,S Constitutional reading dispensed (on 2nd reading) (39-Y 0-N)
SV840,HB1767,2/20/2025,S Senator Surovell Amendment agreed to (20-Y 19-N)
SV841,HB1767,2/20/2025,S Passed Senate with amendments (30-Y 1-N)
H01001V2510734,HB1768,1/22/2025,H Subcommittee recommends laying on the table (10-Y 0-N)
H09001V2511287,HB1769,1/28/2025,H Subcommittee recommends reporting with substitute (6-Y 2-N)
H09V2511594,HB1769,1/29/2025,H Reported from Education with substitute (12-Y 10-N)
2518386,HB1769,2/4/2025,H Read third time and passed House (52-Y 47-N)
S04V1709,HB1769,2/13/2025,S Reported from Education and Health with substitute (13-Y 2-N)
SV564,HB1769,2/17/2025,S Constitutional reading dispensed (on 2nd reading) (39-Y 0-N)
SV679,HB1769,2/19/2025,S Passed Senate with substitute (37-Y 3-N)
2519025,HB1769,2/20/2025,H Senate substitute agreed to by House (55-Y 43-N)
H08002V2510122,HB1770,1/15/2025,H Subcommittee recommends reporting (8-Y 0-N)
H08V2510303,HB1770,1/17/2025,H Reported from Courts of Justice (22-Y 0-N)
2518204,HB1770,1/23/2025,H Read third time and passed House (97-Y 0-N)
S13V1159,HB1770,2/5/2025,S Reported from Courts of Justice (14-Y 0-N)
SV363,HB1770,2/7/2025,S Constitutional reading dispensed (on 2nd reading) (38-Y 0-N)
SV368,HB1770,2/10/2025,S Passed Senate (39-Y 0-N)
H02003V2510384,HB1771,1/20/2025,H Subcommittee recommends reporting (8-Y 0-N)
H02V2510679,HB1771,1/22/2025,H Reported from Appropriations (22-Y 0-N)
2518264,HB1771,1/28/2025,H Read third time and passed House  (84-Y 15-N)
S05V1470,HB1771,2/12/2025,S Passed by indefinitely in Finance and Appropriations (15-Y 0-N)
H20V2511834,HB1772,1/29/2025,H Reported from Rules and referred to Appropriations (14-Y 0-N)
H07001V2510110,HB1774,1/15/2025,H Subcommittee recommends laying on the table (7-Y 1-N)
H08002V2510126,HB1775,1/15/2025,H Subcommittee recommends reporting (7-Y 1-N)
H08V2510309,HB1775,1/17/2025,H Reported from Courts of Justice (16-Y 6-N)
2518213,HB1775,1/23/2025,H Read third time and passed House (59-Y 38-N)
S13V1618,HB1775,2/12/2025,S Reported from Courts of Justice (12-Y 0-N)
SV522,HB1775,2/14/2025,S Constitutional reading dispensed (on 2nd reading) (36-Y 0-N)
SV559,HB1775,2/17/2025,S Passed Senate (36-Y 2-N)
H02004V2511223,HB1776,1/27/2025,H Subcommittee recommends reporting with amendment(s)  (7-Y 0-N)
H02V2511709,HB1776,1/29/2025,H Reported from Appropriations with amendment(s)  (20-Y 1-N)
2518387,HB1776,2/4/2025,H Read third time and passed House (98-Y 0-N)
S05V1507,HB1776,2/12/2025,S Reported from Finance and Appropriations (15-Y 0-N)
SV472,HB1776,2/13/2025,S Constitutional reading dispensed (on 2nd reading) (40-Y 0-N)
SV493,HB1776,2/14/2025,S Passed Senate (36-Y 0-N)
H24004V2510871,HB1777,1/23/2025,H Subcommittee recommends reporting (8-Y 0-N)
H24V2511333,HB1777,1/28/2025,H Reported from Health and Human Services (21-Y 0-N)
2518337,HB1777,2/3/2025,H Read third time and passed House (98-Y 0-N)
2518364,HB1777,2/3/2025,H Read third time and passed House (99-Y 0-N)
S12V1523,HB1777,2/12/2025,S Rereferred from General Laws and Technology to Rehabilitation and Social Services (10-Y 0-N)
S09V1791,HB1777,2/14/2025,S Reported from Rehabilitation and Social Services (11-Y 0-N)
SV564,HB1777,2/17/2025,S Constitutional reading dispensed (on 2nd reading)
SV593,HB1777,2/18/2025,S Passed Senate (40-Y 0-N)
H14001V2510083,HB1778,1/14/2025,H Subcommittee recommends reporting (7-Y 0-N)
H14V2510192,HB1778,1/16/2025,H Reported from Labor and Commerce (22-Y 0-N)
2518199,HB1778,1/22/2025,H Read third time and passed House (96-Y 0-N)
2518202,HB1778,1/22/2025,H Passed House (97-Y 0-N 0-A)
S02V1920,HB1778,2/17/2025,S Reported from Commerce and Labor (10-Y 3-N 1-A)
SV663,HB1778,2/18/2025,S Constitutional reading dispensed (on 2nd reading) (40-Y 0-N)
SV724,HB1778,2/19/2025,S Passed Senate (36-Y 3-N 1-A)
H14003V2510237,HB1779,1/16/2025,H Subcommittee recommends reporting (10-Y 0-N)
H14V2510490,HB1779,1/21/2025,H Reported from Labor and Commerce (22-Y 0-N)
2518232,HB1779,1/27/2025,H Read third time and passed House  (97-Y 0-N)
S02V1331,HB1779,2/10/2025,S Reported from Commerce and Labor (15-Y 0-N)
SV431,HB1779,2/12/2025,S Constitutional reading dispensed (on 2nd reading) (39-Y 0-N)
SV457,HB1779,2/13/2025,S Passed Senate (40-Y 0-N)
H02004V2511231,HB1780,1/27/2025,H Subcommittee recommends reporting (7-Y 0-N)
H02V2511710,HB1780,1/29/2025,H Reported from Appropriations (20-Y 1-N)
2518388,HB1780,2/4/2025,H Read third time and passed House (99-Y 0-N)
S05V1508,HB1780,2/12/2025,S Reported from Finance and Appropriations (15-Y 0-N)
SV472,HB1780,2/13/2025,S Constitutional reading dispensed (on 2nd reading) (40-Y 0-N)
SV493,HB1780,2/14/2025,S Passed Senate (36-Y 0-N)
H08002V2510124,HB1781,1/15/2025,H Subcommittee recommends reporting (8-Y 0-N)
H08V2510304,HB1781,1/17/2025,H Reported from Courts of Justice (22-Y 0-N)
2518204,HB1781,1/23/2025,H Read third time and passed House (97-Y 0-N)
S13V1152,HB1781,2/5/2025,S Reported from Courts of Justice (14-Y 0-N)
SV363,HB1781,2/7/2025,S Constitutional reading dispensed (on 2nd reading) (38-Y 0-N)
SV368,HB1781,2/10/2025,S Passed Senate (39-Y 0-N)
H24V2510172,HB1782,1/16/2025,H Reported from Health and Human Services and referred to Appropriations (22-Y 0-N)
H02005V2511101,HB1782,1/24/2025,H Subcommittee recommends reporting with substitute (7-Y 0-N)
H02V2511195,HB1782,1/27/2025,H Reported from Appropriations with substitute (21-Y 1-N)
2518329,HB1782,1/31/2025,H Read third time and passed House (96-Y 0-N)
S04V1654,HB1782,2/13/2025,S Reported from Education and Health and rereferred to Finance and Appropriations (15-Y 0-N)
S05V1949,HB1782,2/17/2025,S Reported from Finance and Appropriations with substitute (14-Y 0-N)
SV738,HB1782,2/19/2025,S Constitutional reading dispensed (on 2nd reading) (40-Y 0-N)
SV801,HB1782,2/20/2025,S Passed Senate with substitute (39-Y 0-N)
SV803,HB1782,2/20/2025,S Reconsideration of Senate passage agreed to by Senate (39-Y 0-N)
SV804,HB1782,2/20/2025,S Passed Senate with substitute (39-Y 0-N)
2519087,HB1782,2/20/2025,H Senate substitute rejected by House (0-Y 94-N)
SV897,HB1782,2/20/2025,S Senate insisted on substitute (38-Y 0-N)
2519130,HB1782,2/21/2025,H Conference report agreed to by House (96-Y 0-N)
SV941,HB1782,2/21/2025,S Conference report agreed to by Senate (39-Y 0-N)
H09001V2511288,HB1783,1/28/2025,H Subcommittee recommends reporting with substitute (8-Y 0-N)
H09V2511570,HB1783,1/29/2025,H Reported from Education with substitute (22-Y 0-N)
2518374,HB1783,2/4/2025,H Read third time and passed House (97-Y 0-N)
2518375,HB1783,2/4/2025,H Passed House (99-Y 0-N)
S04V1710,HB1783,2/13/2025,S Reported from Education and Health (15-Y 0-N)
SV564,HB1783,2/17/2025,S Constitutional reading dispensed (on 2nd reading)
SV593,HB1783,2/18/2025,S Passed Senate (40-Y 0-N)
H09001V2510537,HB1785,1/21/2025,H Subcommittee recommends laying on the table (6-Y 2-N)
H09001V2510536,HB1786,1/21/2025,H Subcommittee recommends laying on the table (6-Y 2-N)
H07003V2510243,HB1790,1/17/2025,H Subcommittee recommends laying on the table (5-Y 3-N)
H14003V2510575,HB1791,1/21/2025,H Subcommittee recommends reporting with substitute and referred to Appropriations (6-Y 4-N)
H14V2510836,HB1791,1/23/2025,H Reported from Labor and Commerce with substitute and referred to Appropriations (12-Y 10-N)
H02V2512168,HB1791,1/31/2025,H Reported from Appropriations with amendment(s)  (15-Y 7-N)
2518462,HB1791,2/4/2025,H Read third time and passed House (56-Y 41-N)
S02V1362,HB1791,2/10/2025,S Reported from Commerce and Labor with substitute and rereferred to Finance and Appropriations (9-Y 5-N 1-A)
S05V1850,HB1791,2/14/2025,S Reported from Finance and Appropriations (8-Y 6-N)
SV567,HB1791,2/17/2025,S Constitutional reading dispensed (on 2nd reading) (39-Y 0-N)
SV680,HB1791,2/19/2025,S Passed Senate with substitute (21-Y 19-N)
2519026,HB1791,2/20/2025,H Senate substitute agreed to by House  (56-Y 42-N)
2519256,HB1791,4/2/2025,H House sustained Governor's veto (51-Y 45-N)
H10001V2510316,HB1792,1/20/2025,H Subcommittee recommends reporting (5-Y 3-N)
H10V2510670,HB1792,1/22/2025,H Reported from Finance (22-Y 0-N)
2518240,HB1792,1/28/2025,H Read third time and passed House (99-Y 0-N)
S05V1474,HB1792,2/12/2025,S Reported from Finance and Appropriations (15-Y 0-N)
SV472,HB1792,2/13/2025,S Constitutional reading dispensed (on 2nd reading) (40-Y 0-N)
SV493,HB1792,2/14/2025,S Passed Senate (36-Y 0-N)
H19V2511888,HB1793,1/30/2025,H Reported from Transportation with substitute (22-Y 0-N)
2518374,HB1793,2/4/2025,H Read third time and passed House (97-Y 0-N)
2518375,HB1793,2/4/2025,H Passed House (99-Y 0-N)
S11V1750,HB1793,2/13/2025,S Reported from Transportation (14-Y 0-N)
SV564,HB1793,2/17/2025,S Constitutional reading dispensed (on 2nd reading)
SV593,HB1793,2/18/2025,S Passed Senate (40-Y 0-N)
H18001V2511225,HB1794,1/27/2025,H Subcommittee recommends reporting with amendment(s)  (8-Y 0-N)
H18V2512125,HB1794,1/31/2025,H Reported from Privileges and Elections with amendment(s)  (21-Y 0-N)
2518545,HB1794,2/4/2025,H Read third time and passed House  (78-Y 20-N)
S08V1417,HB1794,2/11/2025,S Reported from Privileges and Elections (12-Y 3-N)
SV472,HB1794,2/13/2025,S Constitutional reading dispensed (on 2nd reading) (40-Y 0-N)
SV502,HB1794,2/14/2025,S Passed Senate (21-Y 15-N)
H07002V2510769,HB1795,1/23/2025,H Subcommittee recommends reporting with amendment(s)  (8-Y 0-N)
H07V2510989,HB1795,1/24/2025,"H Tabled in Counties, Cities and Towns (19-Y 1-N)"
H21002V2510614,HB1796,1/22/2025,H Subcommittee recommends reporting with substitute and referring to Labor and Commerce (9-Y 0-N)
H21V2511176,HB1796,1/27/2025,"H Reported from Communications, Technology and Innovation with substitute (20-Y 2-N)"
2518330,HB1796,1/31/2025,H Read third time and passed House (87-Y 8-N)
S02V1360,HB1796,2/10/2025,S Reported from Commerce and Labor with amendment and rereferred to Finance and Appropriations (11-Y 0-N 4-A)
S05V1999,HB1796,2/17/2025,S Reported from Finance and Appropriations with amendment (14-Y 0-N)
SV738,HB1796,2/19/2025,S Constitutional reading dispensed (on 2nd reading) (40-Y 0-N)
SV812,HB1796,2/20/2025,S Defeated by Senate (17-Y 22-N)
SV821,HB1796,2/20/2025,S Reconsideration of defeated action agreed to by Senate (39-Y 0-N)
SV822,HB1796,2/20/2025,"S Defeated by Senate (19-Y 19-N 1-A), Chair Votes No"
SV832,HB1796,2/20/2025,S Reconsideration of defeated action agreed to by Senate (39-Y 0-N)
SV844,HB1796,2/20/2025,S Passed Senate with amendments (20-Y 19-N)
2519088,HB1796,2/20/2025,H Senate Amendments agreed to by House (85-Y 10-N)
2519286,HB1796,4/2/2025,H House rejected Governor's recommendation (28-Y 68-N)
H15V2510250,HB1797,1/17/2025,H Reported from Public Safety with amendment(s)  (12-Y 10-N)
2518214,HB1797,1/23/2025,H Read third time and passed House (49-Y 47-N)
S13V1312,HB1797,2/10/2025,S Reported from Courts of Justice and rereferred to Finance and Appropriations (9-Y 6-N)
S05V1498,HB1797,2/12/2025,S Reported from Finance and Appropriations with amendment (10-Y 5-N)
SV472,HB1797,2/13/2025,S Constitutional reading dispensed (on 2nd reading) (40-Y 0-N)
SV503,HB1797,2/14/2025,S Passed Senate with amendment (21-Y 14-N)
2518858,HB1797,2/18/2025,H Senate Amendment agreed to by House (51-Y 45-N)
H01V2510113,HB1798,1/15/2025,"H Reported from Agriculture, Chesapeake and Natural Resources (22-Y 0-N)"
2518194,HB1798,1/21/2025,H Read third time and passed House (96-Y 0-N)
S01V1455,HB1798,2/11/2025,"S Reported from Agriculture, Conservation and Natural Resources (14-Y 0-N)"
SV472,HB1798,2/13/2025,S Constitutional reading dispensed (on 2nd reading) (40-Y 0-N)
SV493,HB1798,2/14/2025,S Passed Senate (36-Y 0-N)
H11003V2510080,HB1799,1/14/2025,H Subcommittee recommends reporting (6-Y 0-N 2-A)
H11V2510186,HB1799,1/16/2025,H Reported from General Laws (22-Y 0-N)
2518199,HB1799,1/22/2025,H Read third time and passed House (96-Y 0-N)
2518202,HB1799,1/22/2025,H Passed House (97-Y 0-N)
S12V1165,HB1799,2/5/2025,S Reported from General Laws and Technology (13-Y 2-N)
SV363,HB1799,2/7/2025,S Constitutional reading dispensed (on 2nd reading) (38-Y 0-N)
SV373,HB1799,2/10/2025,S Passed Senate (35-Y 4-N)
H11002V2510203,HB1800,1/16/2025,H Subcommittee recommends reporting (6-Y 2-N)
H11V2510491,HB1800,1/21/2025,H Reported from General Laws (15-Y 6-N)
2518234,HB1800,1/27/2025,H Read third time and passed House (61-Y 35-N)
S12V1158,HB1800,2/5/2025,S Reported from General Laws and Technology (15-Y 0-N)
SV363,HB1800,2/7/2025,S Constitutional reading dispensed (on 2nd reading) (38-Y 0-N)
SV368,HB1800,2/10/2025,S Passed Senate (39-Y 0-N)
H19004V2510147,HB1801,1/15/2025,H Subcommittee recommends striking from the docket (8-Y 0-N)
H11004V2511495,HB1802,1/28/2025,H Subcommittee recommends reporting with substitute (5-Y 3-N)
H11V2512011,HB1802,1/30/2025,H Reported from General Laws with substitute (14-Y 7-N)
2518463,HB1802,2/4/2025,H Read third time and passed House (63-Y 34-N)
S12V1572,HB1802,2/12/2025,S Reported from General Laws and Technology (14-Y 1-N)
SV522,HB1802,2/14/2025,S Constitutional reading dispensed (on 2nd reading) (36-Y 0-N)
SV603,HB1802,2/18/2025,S Passed Senate (23-Y 17-N)
H11001V2510219,HB1803,1/16/2025,H Subcommittee recommends reporting with amendment(s)  (5-Y 3-N)
H11V2510501,HB1803,1/21/2025,H Reported from General Laws with amendment(s)  (12-Y 9-N)
2518235,HB1803,1/27/2025,H Read third time and passed House (48-Y 46-N)
S10V1801,HB1803,2/14/2025,S Reported from Rules (15-Y 0-N)
SV564,HB1803,2/17/2025,S Constitutional reading dispensed (on 2nd reading)
SV593,HB1803,2/18/2025,S Passed Senate (40-Y 0-N)
H24004V2510225,HB1804,1/16/2025,H Subcommittee recommends reporting and referred to Appropriations (8-Y 0-N)
H24V2510438,HB1804,1/21/2025,H Reported from Health and Human Services and referred to Appropriations (22-Y 0-N)
H02005V2511087,HB1804,1/24/2025,H Subcommittee recommends reporting (7-Y 0-N)
H02V2511196,HB1804,1/27/2025,H Reported from Appropriations (22-Y 0-N)
2518321,HB1804,1/31/2025,H Read third time and passed House (96-Y 0-N)
S04V1655,HB1804,2/13/2025,S Reported from Education and Health and rereferred to Finance and Appropriations (15-Y 0-N)
S05V1960,HB1804,2/17/2025,S Reported from Finance and Appropriations (14-Y 0-N)
SV738,HB1804,2/19/2025,S Constitutional reading dispensed (on 2nd reading) (40-Y 0-N)
SV801,HB1804,2/20/2025,S Passed Senate (39-Y 0-N)
SV803,HB1804,2/20/2025,S Reconsideration of Senate passage agreed to by Senate (39-Y 0-N)
SV804,HB1804,2/20/2025,S Passed Senate (39-Y 0-N)
H09002V2510340,HB1805,1/20/2025,H Subcommittee recommends reporting and referred to Appropriations (7-Y 3-N)
H09V2510610,HB1805,1/22/2025,H Reported from Education and referred to Appropriations (17-Y 5-N)
H02V2512197,HB1805,1/31/2025,H Reported from Appropriations (22-Y 0-N)
2518464,HB1805,2/4/2025,H Read third time and passed House (82-Y 14-N)
S04V1693,HB1805,2/13/2025,S Reported from Education and Health (15-Y 0-N)
SV564,HB1805,2/17/2025,S Constitutional reading dispensed (on 2nd reading)
SV593,HB1805,2/18/2025,S Passed Senate (40-Y 0-N)
H09001V2510029,HB1806,1/14/2025,H Subcommittee recommends reporting with substitute (8-Y 0-N)
H09V2510098,HB1806,1/15/2025,H Reported from Education with substitute (21-Y 0-N)
2518194,HB1806,1/21/2025,H Read third time and passed House  (96-Y 0-N)
S04V1188,HB1806,2/6/2025,S Reported from Education and Health with substitute (14-Y 0-N)
SV363,HB1806,2/7/2025,S Constitutional reading dispensed (on 2nd reading) (38-Y 0-N)
SV368,HB1806,2/10/2025,S Passed Senate with substitute (39-Y 0-N)
2518708,HB1806,2/12/2025,H Senate substitute agreed to by House (Y-97 N-0 A-0)
H02003V2510391,HB1807,1/20/2025,H Subcommittee recommends laying on the table (8-Y 0-N)
H02003V2510392,HB1808,1/20/2025,H Subcommittee recommends laying on the table (8-Y 0-N)
H01002V2510409,HB1810,1/20/2025,H Subcommittee recommends reporting with amendment(s)  (10-Y 0-N)
H01V2510657,HB1810,1/22/2025,"H Reported from Agriculture, Chesapeake and Natural Resources with amendment(s)  (22-Y 0-N)"
2518240,HB1810,1/28/2025,H Read third time and passed House (99-Y 0-N)
S01V1456,HB1810,2/11/2025,"S Reported from Agriculture, Conservation and Natural Resources (14-Y 0-N)"
SV472,HB1810,2/13/2025,S Constitutional reading dispensed (on 2nd reading) (40-Y 0-N)
SV493,HB1810,2/14/2025,S Passed Senate (36-Y 0-N)
H24004V2510223,HB1811,1/16/2025,H Subcommittee recommends striking from the docket (8-Y 0-N)
H02002V2510344,HB1812,1/20/2025,H Subcommittee recommends laying on the table (5-Y 3-N)
H01002V2510381,HB1813,1/20/2025,H Subcommittee recommends laying on the table (7-Y 3-N)
H01001V2510144,HB1814,1/15/2025,H Subcommittee recommends laying on the table (6-Y 4-N)
H15002V2510793,HB1815,1/23/2025,H Subcommittee recommends reporting with amendment(s)  and referring to Appropriations (6-Y 0-N)
H15V2510948,HB1815,1/24/2025,H Reported from Public Safety with amendment(s)  and referred to Appropriations (22-Y 0-N)
H02002V2511651,HB1815,1/29/2025,H Subcommittee recommends reporting (7-Y 0-N)
H02V2511724,HB1815,1/29/2025,H Reported from Appropriations (21-Y 0-N)
2518374,HB1815,2/4/2025,H Read third time and passed House (97-Y 0-N)
2518375,HB1815,2/4/2025,H Passed House (99-Y 0-N)
S13V1246,HB1815,2/10/2025,S Reported from Courts of Justice with amendments and rereferred to Finance and Appropriations (14-Y 0-N)
S05V1861,HB1815,2/14/2025,S Reported from Finance and Appropriations (14-Y 0-N)
SV567,HB1815,2/17/2025,S Constitutional reading dispensed (on 2nd reading) (39-Y 0-N)
SV594,HB1815,2/18/2025,S Passed Senate (40-Y 0-N)
H21002V2510652,HB1816,1/22/2025,H Subcommittee recommends laying on the table (6-Y 4-N)
H21001V2510330,HB1817,1/20/2025,H Subcommittee recommends passing by indefinitely (6-Y 4-N)
H09001V2510034,HB1818,1/14/2025,H Subcommittee recommends reporting with amendment(s)  and referred to Appropriations (8-Y 0-N)
H09V2510099,HB1818,1/15/2025,H Reported from Education with amendment(s)  and referred to Appropriations (21-Y 0-N)
H02003V2510379,HB1818,1/20/2025,H Subcommittee recommends laying on the table (8-Y 0-N)
H07002V2510160,HB1819,1/16/2025,H Subcommittee recommends reporting with substitute (7-Y 1-N)
H07V2510262,HB1819,1/17/2025,"H Reported from Counties, Cities and Towns with substitute (22-Y 0-N)"
2518204,HB1819,1/23/2025,H Read third time and passed House (97-Y 0-N)
S07V1273,HB1819,2/10/2025,S Reported from Local Government and rereferred to Finance and Appropriations (13-Y 2-N)
S05V1476,HB1819,2/12/2025,S Reported from Finance and Appropriations with substitute (15-Y 0-N)
SV472,HB1819,2/13/2025,S Constitutional reading dispensed (on 2nd reading) (40-Y 0-N)
SV504,HB1819,2/14/2025,S Passed Senate with substitute (35-Y 0-N)
2518859,HB1819,2/18/2025,H Senate substitute agreed to by House (95-Y 1-N)
H02007V2510697,HB1820,1/22/2025,H Subcommittee recommends reporting with substitute (8-Y 0-N)
H02V2511024,HB1820,1/24/2025,H Reported from Appropriations with substitute (22-Y 0-N)
2518291,HB1820,1/30/2025,H Read third time and passed House (96-Y 0-N)
S05V1477,HB1820,2/12/2025,S Reported from Finance and Appropriations with substitute (15-Y 0-N)
SV472,HB1820,2/13/2025,S Constitutional reading dispensed (on 2nd reading) (40-Y 0-N)
SV493,HB1820,2/14/2025,S Passed Senate with substitute (36-Y 0-N)
2518860,HB1820,2/18/2025,H Senate substitute agreed to by House (95-Y 0-N)
H14003V2510545,HB1821,1/21/2025,H Subcommittee recommends reporting with substitute (6-Y 4-N)
H14V2510837,HB1821,1/23/2025,H Reported from Labor and Commerce with substitute (12-Y 10-N)
2518279,HB1821,1/29/2025,H Read third time and passed House (50-Y 47-N)
S02V1934,HB1821,2/17/2025,S Reported from Commerce and Labor with amendments (9-Y 6-N)
SV663,HB1821,2/18/2025,S Constitutional reading dispensed (on 2nd reading) (40-Y 0-N)
SV725,HB1821,2/19/2025,S Passed Senate with amendments (21-Y 18-N)
2519027,HB1821,2/20/2025,H Senate Amendments agreed to by House (52-Y 46-N)
2519253,HB1821,4/2/2025,H Passed by for the day (47-Y 46-N)
H14003V2510547,HB1822,1/21/2025,H Subcommittee recommends reporting with substitute (8-Y 2-N)
H14V2510838,HB1822,1/23/2025,H Reported from Labor and Commerce with substitute (22-Y 0-N)
2518272,HB1822,1/29/2025,H Read third time and passed House (97-Y 0-N)
S02V1935,HB1822,2/17/2025,S Reported from Commerce and Labor (15-Y 0-N)
SV663,HB1822,2/18/2025,S Constitutional reading dispensed (on 2nd reading) (40-Y 0-N)
SV670,HB1822,2/19/2025,S Passed Senate (40-Y 0-N)
H20V2511833,HB1823,1/29/2025,H Reported from Rules and referred to Appropriations (14-Y 0-N)
H02V2512182,HB1823,1/31/2025,H Reported from Appropriations (22-Y 0-N)
H09001V2511289,HB1824,1/28/2025,H Subcommittee recommends reporting (5-Y 3-N)
H09V2511595,HB1824,1/29/2025,H Reported from Education (12-Y 9-N)
2518389,HB1824,2/4/2025,H Read third time and passed House (51-Y 48-N)
S04V1741,HB1824,2/13/2025,S Reported from Education and Health with amendments (10-Y 5-N)
SV564,HB1824,2/17/2025,S Constitutional reading dispensed (on 2nd reading) (39-Y 0-N)
SV681,HB1824,2/19/2025,S Passed Senate with amendments (24-Y 16-N)
2519028,HB1824,2/20/2025,H Senate Amendments agreed to by House (52-Y 46-N)
2519287,HB1824,4/2/2025,H House rejected Governor's recommendation (26-Y 70-N)
2519288,HB1824,4/2/2025,H Motion to pass in enrolled form rejected (51-Y 45-N)
H07001V2510085,HB1827,1/15/2025,H Subcommittee recommends reporting (5-Y 3-N)
H07V2510259,HB1827,1/17/2025,"H Reported from Counties, Cities and Towns (17-Y 5-N)"
2518215,HB1827,1/23/2025,H Read third time and passed House (58-Y 39-N)
S07V1300,HB1827,2/10/2025,S Reported from Local Government (12-Y 2-N)
SV382,HB1827,2/11/2025,S Constitutional reading dispensed (on 2nd reading) (40-Y 0-N)
SV421,HB1827,2/12/2025,S Passed Senate (22-Y 16-N)
H14001V2510517,HB1828,1/21/2025,H Subcommittee recommends reporting with substitute and referred to Appropriations (7-Y 0-N)
H14V2510823,HB1828,1/23/2025,H Reported from Labor and Commerce with substitute and referred to Appropriations (22-Y 0-N)
H02005V2511788,HB1828,1/29/2025,H Subcommittee recommends reporting (6-Y 0-N)
H02V2512140,HB1828,1/31/2025,H Reported from Appropriations (22-Y 0-N)
2518374,HB1828,2/4/2025,H Read third time and passed House (97-Y 0-N)
2518375,HB1828,2/4/2025,H Passed House (99-Y 0-N)
S02V1331,HB1828,2/10/2025,S Reported from Commerce and Labor (15-Y 0-N)
SV431,HB1828,2/12/2025,S Constitutional reading dispensed (on 2nd reading) (39-Y 0-N)
SV457,HB1828,2/13/2025,S Passed Senate (40-Y 0-N)
H09001V2510035,HB1829,1/14/2025,H Subcommittee recommends reporting and referred to Appropriations (5-Y 3-N)
H09V2510101,HB1829,1/15/2025,H Reported from Education and referred to Appropriations (11-Y 10-N)
H02003V2511758,HB1829,1/29/2025,H Subcommittee recommends reporting with substitute (6-Y 1-N)
H02V2512135,HB1829,1/31/2025,H Reported from Appropriations with substitute (19-Y 3-N)
2518465,HB1829,2/4/2025,H Read third time and passed House (68-Y 30-N)
S04V1757,HB1829,2/13/2025,S Reported from Education and Health (14-Y 0-N)
SV564,HB1829,2/17/2025,S Constitutional reading dispensed (on 2nd reading)
SV593,HB1829,2/18/2025,S Passed Senate (40-Y 0-N)
H09001V2510578,HB1830,1/21/2025,H Subcommittee recommends reporting and referred to Appropriations (5-Y 3-N)
H09V2511596,HB1830,1/29/2025,H Reported from Education (12-Y 10-N)
2518390,HB1830,2/4/2025,H Read third time and passed House (51-Y 48-N)
S04V1711,HB1830,2/13/2025,S Reported from Education and Health (9-Y 6-N)
SV564,HB1830,2/17/2025,S Constitutional reading dispensed (on 2nd reading) (39-Y 0-N)
SV682,HB1830,2/19/2025,S Passed Senate (21-Y 19-N)
H09001V2510036,HB1831,1/14/2025,H Subcommittee recommends reporting and referred to Appropriations (5-Y 3-N)
H09V2510102,HB1831,1/15/2025,H Reported from Education and referred to Appropriations (11-Y 10-N)
H02003V2510398,HB1833,1/20/2025,H Subcommittee recommends reporting (8-Y 0-N)
H02V2510680,HB1833,1/22/2025,H Reported from Appropriations (22-Y 0-N)
2518265,HB1833,1/28/2025,H Read third time and passed House (78-Y 21-N)
S04V1712,HB1833,2/13/2025,S Reported from Education and Health and rereferred to Finance and Appropriations (15-Y 0-N)
S05V2020,HB1833,2/17/2025,S Reported from Finance and Appropriations (14-Y 0-N)
SV738,HB1833,2/19/2025,S Constitutional reading dispensed (on 2nd reading) (40-Y 0-N)
SV801,HB1833,2/20/2025,S Passed Senate (39-Y 0-N)
SV803,HB1833,2/20/2025,S Reconsideration of Senate passage agreed to by Senate (39-Y 0-N)
SV804,HB1833,2/20/2025,S Passed Senate (39-Y 0-N)
2519289,HB1833,4/2/2025,H House rejected Governor's recommendation (35-Y 60-N)
H01002V2510410,HB1834,1/20/2025,H Subcommittee recommends reporting (10-Y 0-N)
H01V2510659,HB1834,1/22/2025,"H Reported from Agriculture, Chesapeake and Natural Resources (22-Y 0-N)"
2518240,HB1834,1/28/2025,H Read third time and passed House (99-Y 0-N)
S01V1435,HB1834,2/11/2025,"S Reported from Agriculture, Conservation and Natural Resources and rereferred to Finance and Appropriations (15-Y 0-N)"
S05V1858,HB1834,2/14/2025,S Reported from Finance and Appropriations (14-Y 0-N)
SV567,HB1834,2/17/2025,S Constitutional reading dispensed (on 2nd reading) (39-Y 0-N)
SV593,HB1834,2/18/2025,S Passed Senate (40-Y 0-N)
H11001V2511995,HB1835,1/30/2025,H Subcommittee recommends reporting with substitute (8-Y 0-N)
H11V2512036,HB1835,1/30/2025,H Reported from General Laws with substitute (19-Y 2-N)
2518466,HB1835,2/4/2025,H Read third time and passed House (91-Y 6-N)
S12V1579,HB1835,2/12/2025,S Reported from General Laws and Technology (15-Y 0-N)
SV522,HB1835,2/14/2025,S Constitutional reading dispensed (on 2nd reading) (36-Y 0-N)
SV558,HB1835,2/17/2025,S Passed Senate (39-Y 0-N)
2519253,HB1835,4/2/2025,H Passed by for the day
H19001V2511315,HB1836,1/28/2025,H Subcommittee recommends reporting with substitute (8-Y 0-N)
H19V2511920,HB1836,1/30/2025,H Reported from Transportation with substitute (22-Y 0-N)
2518374,HB1836,2/4/2025,H Read third time and passed House (97-Y 0-N)
2518375,HB1836,2/4/2025,H Passed House (99-Y 0-N)
S11V1776,HB1836,2/13/2025,S Reported from Transportation (14-Y 0-N)
SV564,HB1836,2/17/2025,S Constitutional reading dispensed (on 2nd reading)
SV593,HB1836,2/18/2025,S Passed Senate (40-Y 0-N)
H01001V2510737,HB1837,1/22/2025,H Subcommittee recommends reporting (10-Y 0-N)
H01V2511618,HB1837,1/29/2025,"H Reported from Agriculture, Chesapeake and Natural Resources (22-Y 0-N)"
2518374,HB1837,2/4/2025,H Read third time and passed House (97-Y 0-N)
2518375,HB1837,2/4/2025,H Passed House (99-Y 0-N)
S01V1434,HB1837,2/11/2025,"S Reported from Agriculture, Conservation and Natural Resources (15-Y 0-N)"
SV472,HB1837,2/13/2025,S Constitutional reading dispensed (on 2nd reading) (40-Y 0-N)
SV493,HB1837,2/14/2025,S Passed Senate (36-Y 0-N)
H11004V2510528,HB1838,1/21/2025,H Subcommittee recommends laying on the table (6-Y 2-N)
H09001V2511168,HB1840,1/27/2025,H Subcommittee recommends laying on the table (5-Y 3-N)
H10002V2510055,HB1841,1/14/2025,H Subcommittee recommends reporting (8-Y 0-N)
H10V2510350,HB1841,1/20/2025,H Reported from Finance (22-Y 0-N)
2518226,HB1841,1/24/2025,H Read third time and passed House  (97-Y 0-N)
S05V1412,HB1841,2/11/2025,S Reported from Finance and Appropriations (15-Y 0-N)
SV383,HB1841,2/11/2025,S Constitutional reading dispensed (on 2nd reading) (40-Y 0-N)
SV396,HB1841,2/12/2025,S Passed Senate (39-Y 0-N)
H07003V2512084,HB1842,1/31/2025,H Subcommittee recommends laying on the table (5-Y 3-N)
H07V2512102,HB1842,1/31/2025,"H Reported from Counties, Cities and Towns (22-Y 0-N)"
2518374,HB1842,2/4/2025,H Read third time and passed House (97-Y 0-N)
2518375,HB1842,2/4/2025,H Passed House (99-Y 0-N)
S07V1308,HB1842,2/10/2025,S Reported from Local Government (13-Y 1-N 1-A)
SV382,HB1842,2/11/2025,S Constitutional reading dispensed (on 2nd reading) (40-Y 0-N)
SV469,HB1842,2/13/2025,S Defeated by Senate (18-Y 22-N)
SV470,HB1842,2/13/2025,S Reconsideration of defeated action agreed to by Senate (40-Y 0-N)
SV471,HB1842,2/13/2025,S Defeated by Senate (19-Y 21-N)
H01V2511646,HB1844,1/29/2025,"H Reported from Agriculture, Chesapeake and Natural Resources with amendment(s)  and referred to Appropriations (22-Y 0-N)"
H02V2512169,HB1844,1/31/2025,H Reported from Appropriations (22-Y 0-N)
2518374,HB1844,2/4/2025,H Read third time and passed House (97-Y 0-N)
2518375,HB1844,2/4/2025,H Passed House (99-Y 0-N)
S01V1454,HB1844,2/11/2025,"S Reported from Agriculture, Conservation and Natural Resources with amendment and rereferred to Finance and Appropriations (15-Y 0-N)"
S05V1821,HB1844,2/14/2025,S Reported from Finance and Appropriations (13-Y 0-N)
SV567,HB1844,2/17/2025,S Constitutional reading dispensed (on 2nd reading) (39-Y 0-N)
SV593,HB1844,2/18/2025,S Passed Senate with amendment (40-Y 0-N)
2518917,HB1844,2/19/2025,H Senate Amendment agreed to by House (96-Y 0-N)
2519253,HB1844,4/2/2025,H Passed by for the day (47-Y 46-N)
H08001V2511113,HB1845,1/24/2025,H Subcommittee recommends reporting with substitute (8-Y 0-N)
H08V2511698,HB1845,1/29/2025,H Reported from Courts of Justice with substitute (22-Y 0-N)
2518374,HB1845,2/4/2025,H Read third time and passed House (97-Y 0-N)
2518375,HB1845,2/4/2025,H Passed House (99-Y 0-N)
S13V1232,HB1845,2/10/2025,S Reported from Courts of Justice (12-Y 0-N)
SV382,HB1845,2/11/2025,S Constitutional reading dispensed (on 2nd reading) (40-Y 0-N)
SV396,HB1845,2/12/2025,S Passed Senate (39-Y 0-N)
H08002V2510353,HB1846,1/20/2025,H Subcommittee recommends reporting (7-Y 1-N)
H08V2511076,HB1846,1/24/2025,H Reported from Courts of Justice (21-Y 1-N)
2518298,HB1846,1/30/2025,H Read third time and passed House (95-Y 0-N)
S13V1152,HB1846,2/5/2025,S Reported from Courts of Justice (14-Y 0-N)
SV363,HB1846,2/7/2025,S Constitutional reading dispensed (on 2nd reading) (38-Y 0-N)
SV368,HB1846,2/10/2025,S Passed Senate (39-Y 0-N)
H08001V2511104,HB1850,1/24/2025,H Subcommittee recommends striking from the docket (8-Y 0-N)
H14002V2510218,HB1851,1/16/2025,H Subcommittee recommends laying on the table (4-Y 3-N)
H19V2511370,HB1853,1/28/2025,H Reported from Transportation with substitute (22-Y 0-N)
2518337,HB1853,2/3/2025,H Read third time and passed House (98-Y 0-N)
2518364,HB1853,2/3/2025,H Read third time and passed House (99-Y 0-N)
S11V1742,HB1853,2/13/2025,S Reported from Transportation (13-Y 0-N)
SV564,HB1853,2/17/2025,S Constitutional reading dispensed (on 2nd reading)
SV593,HB1853,2/18/2025,S Passed Senate (40-Y 0-N)
H08002V2510355,HB1854,1/20/2025,H Subcommittee recommends reporting with substitute (7-Y 1-N)
H08V2511078,HB1854,1/24/2025,H Reported from Courts of Justice with substitute (21-Y 1-N)
2518299,HB1854,1/30/2025,H Read third time and passed House (96-Y 0-N)
S13V1612,HB1854,2/12/2025,S Reported from Courts of Justice (15-Y 0-N)
SV522,HB1854,2/14/2025,S Constitutional reading dispensed (on 2nd reading) (36-Y 0-N)
SV558,HB1854,2/17/2025,S Passed Senate (39-Y 0-N)
H19004V2510148,HB1856,1/15/2025,H Subcommittee recommends reporting (8-Y 0-N)
H19V2510168,HB1856,1/16/2025,H Reported from Transportation (21-Y 0-N)
2518199,HB1856,1/22/2025,H Read third time and passed House (96-Y 0-N)
2518202,HB1856,1/22/2025,H Passed House (97-Y 0-N)
S11V1207,HB1856,2/6/2025,S Reported from Transportation (13-Y 0-N 1-A)
SV375,HB1856,2/10/2025,S Constitutional reading dispensed (on 2nd reading) (39-Y 0-N)
SV409,HB1856,2/12/2025,S Passed Senate (36-Y 2-N)
H11001V2510898,HB1857,1/23/2025,H Subcommittee recommends laying on the table (5-Y 2-N)
H08001V2510135,HB1858,1/15/2025,H Subcommittee recommends reporting (8-Y 0-N)
H08V2510287,HB1858,1/17/2025,H Reported from Courts of Justice (22-Y 0-N)
2518204,HB1858,1/23/2025,H Read third time and passed House (97-Y 0-N)
S13V1174,HB1858,2/5/2025,S Reported from Courts of Justice (14-Y 0-N)
SV363,HB1858,2/7/2025,S Constitutional reading dispensed (on 2nd reading) (38-Y 0-N)
SV368,HB1858,2/10/2025,S Passed Senate (39-Y 0-N)
H24002V2510181,HB1860,1/16/2025,H Subcommittee recommends reporting with substitute (8-Y 0-N)
H24V2510448,HB1860,1/21/2025,H Reported from Health and Human Services with substitute (22-Y 0-N)
2518232,HB1860,1/27/2025,H Read third time and passed House (97-Y 0-N)
S04V1674,HB1860,2/13/2025,S Reported from Education and Health (15-Y 0-N)
SV564,HB1860,2/17/2025,S Constitutional reading dispensed (on 2nd reading)
SV593,HB1860,2/18/2025,S Passed Senate (40-Y 0-N)
H24002V2510801,HB1861,1/23/2025,H Subcommittee recommends reporting (8-Y 0-N)
H24V2511318,HB1861,1/28/2025,H Reported from Health and Human Services (21-Y 0-N)
2518337,HB1861,2/3/2025,H Read third time and passed House (98-Y 0-N)
2518364,HB1861,2/3/2025,H Read third time and passed House (99-Y 0-N)
S04V1631,HB1861,2/13/2025,S Reported from Education and Health (13-Y 0-N)
SV564,HB1861,2/17/2025,S Constitutional reading dispensed (on 2nd reading)
SV593,HB1861,2/18/2025,S Passed Senate (40-Y 0-N)
H18V2510266,HB1862,1/17/2025,H Stricken from docket by Privileges and Elections (22-Y 0-N)
H18001V2511276,HB1863,1/27/2025,H Subcommittee recommends passing by indefinitely (7-Y 1-N)
H08002V2510703,HB1864,1/22/2025,H Subcommittee recommends reporting with substitute (8-Y 0-N)
H08V2511071,HB1864,1/24/2025,H Reported from Courts of Justice with substitute (21-Y 1-N)
2518300,HB1864,1/30/2025,H Read third time and passed House (91-Y 5-N)
H08001V2511121,HB1865,1/24/2025,H Subcommittee recommends reporting with amendment(s)  and referring to Appropriations (7-Y 1-N)
H08V2511727,HB1865,1/29/2025,H Reported from Courts of Justice with amendment(s)  and referred to Appropriations (14-Y 8-N)
H10V2512077,HB1866,1/31/2025,H Tabled in Finance (12-Y 8-N)
H11002V2510845,HB1867,1/23/2025,H Subcommittee recommends reporting with substitute (8-Y 0-N)
H11V2511407,HB1867,1/28/2025,H Reported from General Laws with substitute (17-Y 5-N)
2518342,HB1867,2/3/2025,H Read third time and passed House (60-Y 39-N)
S12V1547,HB1867,2/12/2025,S Reported from General Laws and Technology with substitute (10-Y 5-N)
SV522,HB1867,2/14/2025,S Constitutional reading dispensed (on 2nd reading) (36-Y 0-N)
SV604,HB1867,2/18/2025,S Passed Senate with substitute (23-Y 17-N)
2518918,HB1867,2/19/2025,H Senate substitute agreed to by House (58-Y 39-N)
H10001V2510323,HB1868,1/20/2025,H Subcommittee recommends reporting (8-Y 0-N)
H10V2510667,HB1868,1/22/2025,H Reported from Finance with amendment(s)  (22-Y 0-N)
2518240,HB1868,1/28/2025,H Read third time and passed House (99-Y 0-N)
S05V1994,HB1868,2/17/2025,S Reported from Finance and Appropriations with substitute (14-Y 0-N)
SV738,HB1868,2/19/2025,S Constitutional reading dispensed (on 2nd reading) (40-Y 0-N)
SV801,HB1868,2/20/2025,S Passed Senate with substitute (39-Y 0-N)
SV803,HB1868,2/20/2025,S Reconsideration of Passed Senate with substitute block vote agreed to (39-Y 0-N)
SV805,HB1868,2/20/2025,S Substitute by Senator Rouse reconsidered
SV806,HB1868,2/20/2025,S Committee substitute reconsidered (39-Y 0-N)
SV807,HB1868,2/20/2025,S Passed Senate with substitute (39-Y 0-N)
2519089,HB1868,2/20/2025,H Senate substitute agreed to by House (95-Y 0-N)
H15001V2510889,HB1869,1/23/2025,H Subcommittee recommends reporting and referring to Appropriations (5-Y 3-N)
H15V2510961,HB1869,1/24/2025,H Reported from Public Safety and referred to Appropriations (12-Y 10-N)
H02007V2511676,HB1869,1/29/2025,H Subcommittee recommends reporting (5-Y 3-N)
H02V2511733,HB1869,1/29/2025,H Reported from Appropriations (12-Y 9-N)
2518391,HB1869,2/4/2025,H Read third time and passed House 52-Y 46-N 0-A)
S13V1247,HB1869,2/10/2025,S Reported from Courts of Justice with substitute and rereferred to Finance and Appropriations (9-Y 5-N)
S05V1488,HB1869,2/12/2025,S Reported from Finance and Appropriations with substitute (10-Y 5-N)
SV472,HB1869,2/13/2025,S Constitutional reading dispensed (on 2nd reading) (40-Y 0-N)
SV598,HB1869,2/18/2025,S Passed Senate with substitute (22-Y 18-N)
2518919,HB1869,2/19/2025,H Senate substitute agreed to by House (53-Y 44-N)
2519257,HB1869,4/2/2025,H House sustained Governor's veto (50-Y 46-N)
H11002V2511963,HB1870,1/30/2025,H Subcommittee recommends laying on the table (6-Y 2-N)
H08002V2510128,HB1871,1/15/2025,H Subcommittee recommends reporting with amendment(s)  (8-Y 0-N)
H08V2510305,HB1871,1/17/2025,H Reported from Courts of Justice with amendment(s)  (22-Y 0-N)
2518204,HB1871,1/23/2025,H Read third time and passed House (97-Y 0-N)
S13V1175,HB1871,2/5/2025,S Reported from Courts of Justice (14-Y 0-N)
SV363,HB1871,2/7/2025,S Constitutional reading dispensed (on 2nd reading) (38-Y 0-N)
SV368,HB1871,2/10/2025,S Passed Senate (39-Y 0-N)
H11002V2511966,HB1872,1/30/2025,H Subcommittee recommends reporting with amendment(s)  (5-Y 3-N)
H11V2512021,HB1872,1/30/2025,H Reported from General Laws with amendment(s)  (12-Y 9-N)
2518467,HB1872,2/4/2025,H Read third time and passed House  (51-Y 47-N)
S12V1524,HB1872,2/12/2025,S Rereferred from General Laws and Technology to Courts of Justice (10-Y 0-N)
S13V1873,HB1872,2/17/2025,S Reported from Courts of Justice (6-Y 4-N)
SV634,HB1872,2/18/2025,S Constitutional reading dispensed (on 2nd reading) (39-Y 0-N)
SV789,HB1872,2/19/2025,S Passed Senate (22-Y 18-N)
SV790,HB1872,2/19/2025,S Reconsideration of Senate passage agreed to by Senate (39-Y 0-N)
SV791,HB1872,2/19/2025,S Passed Senate (22-Y 18-N)
H08001V2510313,HB1873,1/17/2025,H Subcommittee recommends reporting with substitute (5-Y 3-N)
H08V2511041,HB1873,1/24/2025,H Reported from Courts of Justice with substitute (13-Y 9-N)
2518301,HB1873,1/30/2025,H Read third time and passed House (50-Y 46-N)
S13V1573,HB1873,2/12/2025,S Reported from Courts of Justice (9-Y 6-N)
SV522,HB1873,2/14/2025,S Constitutional reading dispensed (on 2nd reading) (36-Y 0-N)
SV605,HB1873,2/18/2025,S Passed Senate (20-Y 19-N)
H08001V2510134,HB1874,1/15/2025,H Subcommittee recommends reporting with amendment(s)  (8-Y 0-N)
H08V2510288,HB1874,1/17/2025,H Reported from Courts of Justice with amendment(s)  (22-Y 0-N)
2518204,HB1874,1/23/2025,H Read third time and passed House (97-Y 0-N)
S13V1152,HB1874,2/5/2025,S Reported from Courts of Justice (14-Y 0-N)
SV363,HB1874,2/7/2025,S Constitutional reading dispensed (on 2nd reading) (38-Y 0-N)
SV368,HB1874,2/10/2025,S Passed Senate (39-Y 0-N)
H14003V2510920,HB1875,1/23/2025,H Subcommittee recommends laying on the table (6-Y 4-N)
H15V2512090,HB1876,1/31/2025,H Reported from Public Safety with substitute (12-Y 9-N)
2518468,HB1876,2/4/2025,H Read third time and passed House (52-Y 46-N)
S13V1248,HB1876,2/10/2025,S Reported from Courts of Justice with substitute and rereferred to Finance and Appropriations (9-Y 6-N)
S05V1481,HB1876,2/12/2025,S Reported from Finance and Appropriations (10-Y 5-N)
SV472,HB1876,2/13/2025,S Constitutional reading dispensed (on 2nd reading) (40-Y 0-N)
SV505,HB1876,2/14/2025,S Passed Senate with substitute (21-Y 15-N)
2518861,HB1876,2/18/2025,H Senate substitute agreed to by House (51-Y 45-N)
2519258,HB1876,4/2/2025,H House sustained Governor's veto (50-Y 46-N)
H24003V2510760,HB1877,1/23/2025,H Subcommittee recommends reporting with amendment(s)  (8-Y 0-N)
H24V2511298,HB1877,1/28/2025,H Reported from Health and Human Services with amendment(s)  (22-Y 0-N)
2518360,HB1877,2/3/2025,H Read third time and passed House (92-Y 5-N)
S04V1675,HB1877,2/13/2025,S Reported from Education and Health (15-Y 0-N)
SV564,HB1877,2/17/2025,S Constitutional reading dispensed (on 2nd reading)
SV593,HB1877,2/18/2025,S Passed Senate (40-Y 0-N)
H09002V2510343,HB1878,1/20/2025,H Subcommittee recommends reporting (10-Y 0-N)
H09V2510601,HB1878,1/22/2025,H Reported from Education (22-Y 0-N)
2518240,HB1878,1/28/2025,H Read third time and passed House (99-Y 0-N)
S04V1694,HB1878,2/13/2025,S Reported from Education and Health (15-Y 0-N)
SV564,HB1878,2/17/2025,S Constitutional reading dispensed (on 2nd reading)
SV593,HB1878,2/18/2025,S Passed Senate (40-Y 0-N)
H11002V2510860,HB1879,1/23/2025,H Subcommittee recommends reporting with amendment(s)  and referring to Appropriations (6-Y 2-N)
H11V2511411,HB1879,1/28/2025,H Reported from General Laws with amendment(s)  and referred to Appropriations (13-Y 9-N)
H09001V2510070,HB1880,1/14/2025,H Subcommittee recommends reporting (8-Y 0-N)
H09V2510103,HB1880,1/15/2025,H Reported from Education (21-Y 0-N)
2518194,HB1880,1/21/2025,H Read third time and passed House  (96-Y 0-N)
S04V1713,HB1880,2/13/2025,S Reported from Education and Health (15-Y 0-N)
SV564,HB1880,2/17/2025,S Constitutional reading dispensed (on 2nd reading)
SV593,HB1880,2/18/2025,S Passed Senate (40-Y 0-N)
H09001V2510072,HB1881,1/14/2025,H Subcommittee recommends reporting with substitute (8-Y 0-N)
H09V2510104,HB1881,1/15/2025,H Reported from Education with substitute (21-Y 0-N)
2518194,HB1881,1/21/2025,H Read third time and passed House (96-Y 0-N)
S04V1714,HB1881,2/13/2025,S Reported from Education and Health (15-Y 0-N)
SV564,HB1881,2/17/2025,S Constitutional reading dispensed (on 2nd reading)
SV593,HB1881,2/18/2025,S Passed Senate (40-Y 0-N)
H08002V2510713,HB1882,1/22/2025,H Subcommittee recommends reporting with substitute (8-Y 0-N)
H08V2511062,HB1882,1/24/2025,H Reported from Courts of Justice with substitute (22-Y 0-N)
2518291,HB1882,1/30/2025,H Read third time and passed House (96-Y 0-N)
S13V1569,HB1882,2/12/2025,S Reported from Courts of Justice with substitute (14-Y 1-N)
SV522,HB1882,2/14/2025,S Constitutional reading dispensed (on 2nd reading) (36-Y 0-N)
SV606,HB1882,2/18/2025,S Passed Senate with substitute (39-Y 0-N)
SV608,HB1882,2/18/2025,S Reconsideration of Senate passage agreed to by Senate (39-Y 0-N)
SV609,HB1882,2/18/2025,S Passed Senate with substitute (40-Y 0-N)
2518920,HB1882,2/19/2025,H Senate substitute agreed to by House (96-Y 0-N)
H14003V2510567,HB1883,1/21/2025,H Subcommittee recommends reporting with substitute (9-Y 1-N)
H14V2510839,HB1883,1/23/2025,H Reported from Labor and Commerce with substitute (22-Y 0-N)
2518285,HB1883,1/29/2025,H Read third time and passed House (96-Y 0-N)
S02V1907,HB1883,2/17/2025,S Reported from Commerce and Labor with amendments (8-Y 5-N)
SV663,HB1883,2/18/2025,S Constitutional reading dispensed (on 2nd reading) (40-Y 0-N)
SV726,HB1883,2/19/2025,S Passed Senate with amendments (23-Y 17-N)
2519029,HB1883,2/20/2025,H Senate Amendments agreed to by House (58-Y 39-N)
2519290,HB1883,4/2/2025,H House rejected Governor's recommendation (29-Y 67-N)
H08001V2510132,HB1886,1/15/2025,H Subcommittee recommends reporting with substitute (7-Y 1-N)
H08V2510298,HB1886,1/17/2025,H Reported from Courts of Justice with substitute (12-Y 10-N)
2518216,HB1886,1/23/2025,H Read third time and passed House (53-Y 44-N)
S13V1168,HB1886,2/5/2025,S Reported from Courts of Justice with amendment (8-Y 5-N)
SV363,HB1886,2/7/2025,S Constitutional reading dispensed (on 2nd reading) (38-Y 0-N)
SV374,HB1886,2/10/2025,S Passed Senate with amendment (21-Y 18-N)
2518709,HB1886,2/12/2025,H Senate Amendment agreed to by House  (Y-54 N-43 A-0)
H01003V2510647,HB1887,1/22/2025,H Subcommittee recommends reporting (10-Y 0-N)
H01V2511636,HB1887,1/29/2025,"H Reported from Agriculture, Chesapeake and Natural Resources (22-Y 0-N)"
2518374,HB1887,2/4/2025,H Read third time and passed House (97-Y 0-N)
2518375,HB1887,2/4/2025,H Passed House (99-Y 0-N)
S01V1419,HB1887,2/11/2025,"S Reported from Agriculture, Conservation and Natural Resources (14-Y 0-N)"
SV472,HB1887,2/13/2025,S Constitutional reading dispensed (on 2nd reading) (40-Y 0-N)
SV493,HB1887,2/14/2025,S Passed Senate (36-Y 0-N)
H08002V2510724,HB1888,1/22/2025,H Subcommittee recommends reporting with substitute (7-Y 1-N)
H08V2511080,HB1888,1/24/2025,H Reported from Courts of Justice with substitute (13-Y 9-N)
2518338,HB1888,2/3/2025,H Read third time and passed House (59-Y 40-N)
S13V1885,HB1888,2/17/2025,S Reported from Courts of Justice with amendments (11-Y 3-N 1-A)
SV634,HB1888,2/18/2025,S Constitutional reading dispensed (on 2nd reading) (39-Y 0-N)
SV727,HB1888,2/19/2025,S Passed Senate with amendments (39-Y 1-N)
2519030,HB1888,2/20/2025,H Senate Amendments agreed to by House (55-Y 42-N)
2519291,HB1888,4/2/2025,H House concurred in Governor's recommendation (95-Y 1-N)
SV1089,HB1888,4/2/2025,S Senate concurred in Governor's recommendation (36-Y 4-N)
H08002V2510371,HB1889,1/20/2025,H Subcommittee recommends reporting with substitute (6-Y 0-N)
H08V2511063,HB1889,1/24/2025,H Reported from Courts of Justice with substitute (22-Y 0-N)
2518291,HB1889,1/30/2025,H Read third time and passed House (96-Y 0-N)
S13V1884,HB1889,2/17/2025,S Reported from Courts of Justice (15-Y 0-N)
SV634,HB1889,2/18/2025,S Constitutional reading dispensed (on 2nd reading) (39-Y 0-N)
SV670,HB1889,2/19/2025,S Passed Senate (40-Y 0-N)
H02003V2511123,HB1890,1/24/2025,H Subcommittee recommends laying on the table (7-Y 1-N)
H09001V2511491,HB1892,1/28/2025,H Subcommittee recommends reporting with substitute (8-Y 0-N)
H09V2511571,HB1892,1/29/2025,H Reported from Education with substitute (22-Y 0-N)
2518374,HB1892,2/4/2025,H Read third time and passed House (97-Y 0-N)
2518375,HB1892,2/4/2025,H Passed House (99-Y 0-N)
S04V1715,HB1892,2/13/2025,S Reported from Education and Health (15-Y 0-N)
SV564,HB1892,2/17/2025,S Constitutional reading dispensed (on 2nd reading)
SV593,HB1892,2/18/2025,S Passed Senate (40-Y 0-N)
H24003V2510154,HB1893,1/16/2025,H Subcommittee recommends reporting and referred to Appropriations (8-Y 0-N)
H24V2510431,HB1893,1/21/2025,H Reported from Health and Human Services and referred to Appropriations (22-Y 0-N)
H02005V2511810,HB1893,1/29/2025,H Subcommittee recommends laying on the table (5-Y 1-N)
H15002V2510169,HB1894,1/16/2025,H Subcommittee recommends reporting with substitute (4-Y 2-N)
H15V2510253,HB1894,1/17/2025,H Reported from Public Safety with substitute (13-Y 9-N)
H02007V2511666,HB1894,1/29/2025,H Subcommittee recommends reporting with substitute (5-Y 3-N)
H02V2511734,HB1894,1/29/2025,H Reported from Appropriations with substitute (14-Y 7-N)
2518392,HB1894,2/4/2025,H Read third time and passed House (54-Y 43-N 1-A)
S09V1226,HB1894,2/7/2025,S Reported from Rehabilitation and Social Services (9-Y 6-N)
SV375,HB1894,2/10/2025,S Constitutional reading dispensed (on 2nd reading) (39-Y 0-N)
SV410,HB1894,2/12/2025,S Passed Senate (22-Y 16-N)
SV417,HB1894,2/12/2025,S Reconsideration of Senate passage agreed to by Senate (36-Y 0-N)
SV418,HB1894,2/12/2025,S Passed Senate (24-Y 14-N)
H24003V2511279,HB1895,1/28/2025,H Subcommittee recommends reporting with amendment(s)  and referring to Appropriations (8-Y 0-N)
H24V2511912,HB1895,1/30/2025,H Reported from Health and Human Services with amendment(s)  and referred to Appropriations (21-Y 0-N)
H02V2512141,HB1895,1/31/2025,H Reported from Appropriations (22-Y 0-N)
2518374,HB1895,2/4/2025,H Read third time and passed House (97-Y 0-N)
2518375,HB1895,2/4/2025,H Passed House (99-Y 0-N)
S04V1632,HB1895,2/13/2025,S Reported from Education and Health (13-Y 0-N)
SV564,HB1895,2/17/2025,S Constitutional reading dispensed (on 2nd reading)
SV593,HB1895,2/18/2025,S Passed Senate (40-Y 0-N)
H10001V2510317,HB1896,1/20/2025,H Subcommittee recommends reporting (8-Y 0-N)
H10V2510668,HB1896,1/22/2025,H Reported from Finance (22-Y 0-N)
2518240,HB1896,1/28/2025,H Read third time and passed House (99-Y 0-N)
S05V1411,HB1896,2/11/2025,S Reported from Finance and Appropriations (15-Y 0-N)
SV383,HB1896,2/11/2025,S Constitutional reading dispensed (on 2nd reading) (40-Y 0-N)
SV396,HB1896,2/12/2025,S Passed Senate (39-Y 0-N)
H24002V2510784,HB1897,1/23/2025,H Subcommittee recommends reporting with substitute (8-Y 0-N)
H24V2511326,HB1897,1/28/2025,H Reported from Health and Human Services with substitute (21-Y 0-N)
2518337,HB1897,2/3/2025,H Read third time and passed House (98-Y 0-N)
2518364,HB1897,2/3/2025,H Read third time and passed House (99-Y 0-N)
S04V1676,HB1897,2/13/2025,S Reported from Education and Health (15-Y 0-N)
SV564,HB1897,2/17/2025,S Constitutional reading dispensed (on 2nd reading)
SV593,HB1897,2/18/2025,S Passed Senate (40-Y 0-N)
H24002V2510785,HB1898,1/23/2025,H Subcommittee recommends reporting (8-Y 0-N)
H24V2511319,HB1898,1/28/2025,H Reported from Health and Human Services (21-Y 0-N)
2518337,HB1898,2/3/2025,H Read third time and passed House (98-Y 0-N)
2518364,HB1898,2/3/2025,H Read third time and passed House (99-Y 0-N)
S04V1633,HB1898,2/13/2025,S Reported from Education and Health (13-Y 0-N)
SV564,HB1898,2/17/2025,S Constitutional reading dispensed (on 2nd reading)
SV593,HB1898,2/18/2025,S Passed Senate (40-Y 0-N)
H24002V2510176,HB1899,1/16/2025,H Subcommittee recommends reporting (8-Y 0-N)
H24V2510449,HB1899,1/21/2025,H Reported from Health and Human Services (22-Y 0-N)
2518232,HB1899,1/27/2025,H Read third time and passed House (97-Y 0-N)
S04V1189,HB1899,2/6/2025,S Reported from Education and Health (14-Y 0-N)
SV363,HB1899,2/7/2025,S Constitutional reading dispensed (on 2nd reading) (38-Y 0-N)
SV368,HB1899,2/10/2025,S Passed Senate (39-Y 0-N)
H24004V2510878,HB1900,1/23/2025,H Subcommittee recommends reporting and referring to Appropriations (8-Y 0-N)
H24V2511337,HB1900,1/28/2025,H Reported from Health and Human Services and referred to Appropriations (21-Y 0-N)
H02005V2511800,HB1900,1/29/2025,H Subcommittee recommends reporting (6-Y 0-N)
H02V2512142,HB1900,1/31/2025,H Reported from Appropriations (22-Y 0-N)
2518374,HB1900,2/4/2025,H Read third time and passed House (97-Y 0-N)
2518375,HB1900,2/4/2025,H Passed House (99-Y 0-N)
S04V1644,HB1900,2/13/2025,S Reported from Education and Health with substitute (15-Y 0-N)
SV564,HB1900,2/17/2025,S Constitutional reading dispensed (on 2nd reading)
SV593,HB1900,2/18/2025,S Passed Senate with substitute (40-Y 0-N)
2518926,HB1900,2/19/2025,H Senate substitute agreed to by House (96-Y 0-N)
H02001V2510721,HB1901,1/22/2025,H Subcommittee recommends reporting with substitute (8-Y 0-N)
H02V2511009,HB1901,1/24/2025,H Reported from Appropriations with substitute (22-Y 0-N)
2518316,HB1901,1/30/2025,H Read third time and passed House (90-Y 6-N)
S05V1480,HB1901,2/12/2025,S Reported from Finance and Appropriations (15-Y 0-N)
SV472,HB1901,2/13/2025,S Constitutional reading dispensed (on 2nd reading) (40-Y 0-N)
SV493,HB1901,2/14/2025,S Passed Senate (36-Y 0-N)
H24002V2510177,HB1902,1/16/2025,H Subcommittee recommends reporting and referred to Appropriations (8-Y 0-N)
H24V2510450,HB1902,1/21/2025,H Reported from Health and Human Services and referred to Appropriations (21-Y 1-N)
H02005V2511802,HB1902,1/29/2025,H Subcommittee recommends reporting (6-Y 0-N)
H02V2512143,HB1902,1/31/2025,H Reported from Appropriations (22-Y 0-N)
2518469,HB1902,2/4/2025,H Read third time and passed House (96-Y 2-N)
S04V1656,HB1902,2/13/2025,S Reported from Education and Health (15-Y 0-N)
SV564,HB1902,2/17/2025,S Constitutional reading dispensed (on 2nd reading)
SV593,HB1902,2/18/2025,S Passed Senate (40-Y 0-N)
H24002V2510178,HB1903,1/16/2025,H Subcommittee recommends reporting with amendment(s)  and referred to Appropriations (8-Y 0-N)
H24V2510452,HB1903,1/21/2025,H Reported from Health and Human Services with amendment(s)  and referred to Appropriations (22-Y 0-N)
H02005V2511088,HB1903,1/24/2025,H Subcommittee recommends laying on the table (7-Y 0-N)
H24002V2510787,HB1904,1/23/2025,H Subcommittee recommends reporting with substitute (8-Y 0-N)
H24V2511325,HB1904,1/28/2025,H Reported from Health and Human Services with substitute (21-Y 0-N)
2518361,HB1904,2/3/2025,H Read third time and passed House (98-Y 0-N)
S04V1657,HB1904,2/13/2025,S Reported from Education and Health (15-Y 0-N)
SV564,HB1904,2/17/2025,S Constitutional reading dispensed (on 2nd reading)
SV593,HB1904,2/18/2025,S Passed Senate (40-Y 0-N)
H24001V2510463,HB1905,1/21/2025,H Subcommittee recommends reporting with substitute (8-Y 0-N)
H24V2510775,HB1905,1/23/2025,H Reported from Health and Human Services with substitute (22-Y 0-N)
2518272,HB1905,1/29/2025,H Read third time and passed House (97-Y 0-N)
S04V1190,HB1905,2/6/2025,S Reported from Education and Health (14-Y 0-N)
SV363,HB1905,2/7/2025,S Constitutional reading dispensed (on 2nd reading) (38-Y 0-N)
SV368,HB1905,2/10/2025,S Passed Senate (39-Y 0-N)
H24004V2510856,HB1906,1/23/2025,H Subcommittee recommends laying on the table (8-Y 0-N)
H01002V2511228,HB1907,1/27/2025,H Subcommittee recommends laying on the table (7-Y 2-N)
H01002V2510390,HB1908,1/20/2025,H Subcommittee recommends reporting with amendment(s)  and referred to Appropriations (10-Y 0-N)
H01V2510660,HB1908,1/22/2025,"H Reported from Agriculture, Chesapeake and Natural Resources with amendment(s)  and referred to Appropriations (22-Y 0-N)"
H02001V2511690,HB1908,1/29/2025,H Subcommittee recommends laying on the table (5-Y 3-N)
H09001V2510066,HB1909,1/14/2025,H Subcommittee recommends reporting and referred to Appropriations (8-Y 0-N)
H09V2510105,HB1909,1/15/2025,H Reported from Education and referred to Appropriations (21-Y 0-N)
H02003V2510397,HB1909,1/20/2025,H Subcommittee recommends laying on the table (5-Y 3-N)
H09001V2510054,HB1910,1/14/2025,H Subcommittee recommends reporting with amendment(s)  (8-Y 0-N)
H09V2510106,HB1910,1/15/2025,H Reported from Education with amendment(s)  (21-Y 0-N)
2518194,HB1910,1/21/2025,H Read third time and passed House (96-Y 0-N)
S04V1702,HB1910,2/13/2025,S Reported from Education and Health with amendment (15-Y 0-N)
SV564,HB1910,2/17/2025,S Constitutional reading dispensed (on 2nd reading)
SV593,HB1910,2/18/2025,S Passed Senate with amendment (40-Y 0-N)
2518927,HB1910,2/19/2025,H Senate Amendment agreed to by House (96-Y 0-N)
H14002V2510850,HB1911,1/23/2025,H Subcommittee recommends laying on the table (7-Y 0-N)
H08002V2510127,HB1912,1/15/2025,H Subcommittee recommends reporting with substitute (8-Y 0-N)
H08V2510306,HB1912,1/17/2025,H Reported from Courts of Justice with substitute (22-Y 0-N)
2518204,HB1912,1/23/2025,H Read third time and passed House (97-Y 0-N)
S13V1172,HB1912,2/5/2025,S Reported from Courts of Justice (14-Y 0-N)
SV363,HB1912,2/7/2025,S Constitutional reading dispensed (on 2nd reading) (38-Y 0-N)
SV368,HB1912,2/10/2025,S Passed Senate (39-Y 0-N)
H08002V2510362,HB1913,1/20/2025,H Subcommittee recommends reporting with amendment(s)  (8-Y 0-N)
H08V2511064,HB1913,1/24/2025,H Reported from Courts of Justice with amendment(s)  (22-Y 0-N)
2518291,HB1913,1/30/2025,H Read third time and passed House (96-Y 0-N)
S13V1321,HB1913,2/10/2025,S Reported from Courts of Justice with substitute and rereferred to Finance and Appropriations (14-Y 1-N)
S05V2013,HB1913,2/17/2025,S Passed by indefinitely in Finance and Appropriations (13-Y 0-N 1-A)
H08002V2510365,HB1914,1/20/2025,H Subcommittee recommends reporting and referred to Appropriations (8-Y 0-N)
H08V2511081,HB1914,1/24/2025,H Reported from Courts of Justice and referred to Appropriations (22-Y 0-N)
H02004V2511260,HB1914,1/27/2025,H Subcommittee recommends reporting with substitute (7-Y 0-N)
H02V2511711,HB1914,1/29/2025,H Reported from Appropriations with substitute (20-Y 1-N)
2518393,HB1914,2/4/2025,H Read third time and passed House (98-Y 0-N)
S13V1298,HB1914,2/10/2025,S Reported from Courts of Justice and rereferred to Finance and Appropriations (15-Y 0-N)
S05V1509,HB1914,2/12/2025,S Reported from Finance and Appropriations with substitute (15-Y 0-N)
SV472,HB1914,2/13/2025,S Constitutional reading dispensed (on 2nd reading) (40-Y 0-N)
SV493,HB1914,2/14/2025,S Passed Senate with substitute (36-Y 0-N)
2518862,HB1914,2/18/2025,H Senate substitute rejected by House (0-Y 94-N)
SV742,HB1914,2/19/2025,S Senate insisted on substitute (40-Y 0-N)
SV980,HB1914,2/22/2025,S Conference report agreed to by Senate (40-Y 0-N)
2519178,HB1914,2/22/2025,H Conference report agreed to by House (99-Y 0-N)
H09001V2510079,HB1915,1/14/2025,H Subcommittee recommends reporting (5-Y 2-N)
H09V2510107,HB1915,1/15/2025,H Reported from Education (11-Y 10-N)
2518273,HB1915,1/29/2025,H Read third time and passed House (49-Y 48-N)
S04V1703,HB1915,2/13/2025,S Reported from Education and Health with substitute (15-Y 0-N)
SV564,HB1915,2/17/2025,S Constitutional reading dispensed (on 2nd reading)
SV673,HB1915,2/19/2025,S Passed Senate with substitute (24-Y 16-N)
2519031,HB1915,2/20/2025,H Senate substitute agreed to by House (51-Y 47-N)
H01003V2510597,HB1916,1/22/2025,H Subcommittee recommends laying on the table (10-Y 0-N)
H09002V2511138,HB1917,1/27/2025,H Subcommittee recommends striking from the docket (10-Y 0-N)
H24001V2510462,HB1918,1/21/2025,H Subcommittee recommends reporting with substitute and referred to Appropriations (8-Y 0-N)
H24V2510776,HB1918,1/23/2025,H Reported from Health and Human Services with substitute and referred to Appropriations (22-Y 0-N)
H02005V2511089,HB1918,1/24/2025,H Subcommittee recommends reporting with substitute (7-Y 0-N)
H02V2511197,HB1918,1/27/2025,H Reported from Appropriations with substitute (22-Y 0-N)
2518321,HB1918,1/31/2025,H Read third time and passed House (96-Y 0-N)
S04V1658,HB1918,2/13/2025,S Reported from Education and Health and rereferred to Finance and Appropriations (15-Y 0-N)
S05V1866,HB1918,2/14/2025,S Reported from Finance and Appropriations (14-Y 0-N)
SV567,HB1918,2/17/2025,S Constitutional reading dispensed (on 2nd reading) (39-Y 0-N)
SV593,HB1918,2/18/2025,S Passed Senate (40-Y 0-N)
2519292,HB1918,4/2/2025,H House rejected Governor's recommendation (16-Y 80-N)
2519296,HB1918,4/2/2025,H Passed in enrolled form (94-Y 0-N)
H14002V2510879,HB1919,1/23/2025,H Subcommittee recommends reporting (5-Y 3-N)
H14V2511399,HB1919,1/28/2025,H Reported from Labor and Commerce (12-Y 10-N)
2518343,HB1919,2/3/2025,H Read third time and passed House (51-Y 48-N)
S02V1915,HB1919,2/17/2025,S Reported from Commerce and Labor and rereferred to Finance and Appropriations (9-Y 6-N)
S05V1979,HB1919,2/17/2025,S Reported from Finance and Appropriations with substitute (10-Y 4-N)
SV813,HB1919,2/20/2025,S Passed Senate with substitute with amendment (20-Y 19-N)
2519090,HB1919,2/20/2025,H Senate substitute agreed to by House (51-Y 45-N)
H11003V2510507,HB1920,1/21/2025,H Subcommittee recommends reporting with amendment(s)  (7-Y 0-N)
H11V2510817,HB1920,1/23/2025,H Reported from General Laws with amendment(s)  (21-Y 0-N)
2518286,HB1920,1/29/2025,H Read third time and passed House (96-Y 1-N)
S12V1163,HB1920,2/5/2025,S Reported from General Laws and Technology with substitute (15-Y 0-N)
SV363,HB1920,2/7/2025,S Constitutional reading dispensed (on 2nd reading) (38-Y 0-N)
SV368,HB1920,2/10/2025,S Passed Senate with substitute (39-Y 0-N)
2518710,HB1920,2/12/2025,H Senate substitute agreed to by House (Y-96 N-1 A-0)
H14002V2510884,HB1921,1/23/2025,H Subcommittee recommends reporting and referring to Appropriations (5-Y 3-N)
H14V2511400,HB1921,1/28/2025,H Reported from Labor and Commerce and referred to Appropriations (12-Y 10-N)
H02001V2511693,HB1921,1/29/2025,H Subcommittee recommends reporting with amendment(s)  (5-Y 3-N)
H02V2511745,HB1921,1/29/2025,H Reported from Appropriations with amendment(s)  (11-Y 10-N)
2518394,HB1921,2/4/2025,H Read third time and passed House (51-Y 47-N)
S02V1356,HB1921,2/10/2025,S Reported from Commerce and Labor and rereferred to Finance and Appropriations (9-Y 6-N)
S05V2022,HB1921,2/17/2025,S Reported from Finance and Appropriations (10-Y 4-N)
SV738,HB1921,2/19/2025,S Constitutional reading dispensed (on 2nd reading) (40-Y 0-N)
SV814,HB1921,2/20/2025,S Defeated by Senate (18-Y 20-N)
SV845,HB1921,2/20/2025,S Reconsideration of defeated action agreed to by Senate (39-Y 0-N)
SV846,HB1921,2/20/2025,S Passed Senate (21-Y 16-N)
H11004V2511479,HB1922,1/28/2025,H Subcommittee recommends reporting (5-Y 3-N)
H11V2512012,HB1922,1/30/2025,H Reported from General Laws (12-Y 9-N)
2518470,HB1922,2/4/2025,H Read third time and passed House (50-Y 44-N)
S12V1595,HB1922,2/12/2025,S Reported from General Laws and Technology and rereferred to Finance and Appropriations (9-Y 6-N)
S05V1977,HB1922,2/17/2025,S Reported from Finance and Appropriations (10-Y 4-N)
SV738,HB1922,2/19/2025,S Constitutional reading dispensed (on 2nd reading) (40-Y 0-N)
SV815,HB1922,2/20/2025,S Passed Senate (20-Y 19-N)
H14001V2510514,HB1923,1/21/2025,H Subcommittee recommends reporting with substitute and referred to Appropriations (5-Y 2-N)
H14V2510831,HB1923,1/23/2025,H Reported from Labor and Commerce with substitute and referred to Appropriations (22-Y 0-N)
H02005V2511803,HB1923,1/29/2025,H Subcommittee recommends reporting (6-Y 0-N)
H02V2512144,HB1923,1/31/2025,H Reported from Appropriations (22-Y 0-N)
2518374,HB1923,2/4/2025,H Read third time and passed House (97-Y 0-N)
2518375,HB1923,2/4/2025,H Passed House (99-Y 0-N)
S02V1355,HB1923,2/10/2025,S Reported from Commerce and Labor with substitute (15-Y 0-N)
SV431,HB1923,2/12/2025,S Constitutional reading dispensed (on 2nd reading) (39-Y 0-N)
SV457,HB1923,2/13/2025,S Passed Senate with substitute (40-Y 0-N)
2518795,HB1923,2/17/2025,H Senate substitute rejected by House (0-Y 96-N)
SV637,HB1923,2/18/2025,S Senate insisted on substitute (40-Y 0-N)
2519131,HB1923,2/21/2025,H Conference report agreed to by House (96-Y 0-N)
SV910,HB1923,2/21/2025,S Conference report agreed to by Senate (40-Y 0-N)
2519293,HB1923,4/2/2025,H House rejected Governor's recommendation (14-Y 81-N)
2519294,HB1923,4/2/2025,H Passed in enrolled form (70-Y 24-N)
H09001V2510415,HB1924,1/21/2025,H Subcommittee recommends reporting with substitute (8-Y 0-N)
H09V2510632,HB1924,1/22/2025,H Reported from Education with substitute (17-Y 4-N)
2518249,HB1924,1/28/2025,H Read third time and passed House (71-Y 28-N)
S04V1719,HB1924,2/13/2025,S Reported from Education and Health (9-Y 6-N)
SV564,HB1924,2/17/2025,S Constitutional reading dispensed (on 2nd reading) (39-Y 0-N)
SV683,HB1924,2/19/2025,S Passed Senate (25-Y 15-N)
2519295,HB1924,4/2/2025,H House concurred in Governor's recommendation (92-Y 2-N)
SV1090,HB1924,4/2/2025,S Senate concurred in Governor's recommendation (40-Y 0-N)
H11003V2510508,HB1925,1/21/2025,H Subcommittee recommends striking from the docket (7-Y 0-N)
H11V2510816,HB1925,1/23/2025,H Stricken from docket by General Laws (21-Y 0-N)
H24004V2510909,HB1927,1/23/2025,H Subcommittee recommends reporting and referring to Appropriations (8-Y 0-N)
H24V2511338,HB1927,1/28/2025,H Reported from Health and Human Services and referred to Appropriations (21-Y 0-N)
H02005V2511791,HB1927,1/29/2025,H Subcommittee recommends laying on the table (6-Y 0-N)
H14V2510200,HB1928,1/16/2025,H Reported from Labor and Commerce and referred to Appropriations (12-Y 10-N)
H02001V2510723,HB1928,1/22/2025,H Subcommittee recommends reporting (5-Y 3-N)
H02V2511010,HB1928,1/24/2025,H Reported from Appropriations (12-Y 10-N)
2518302,HB1928,1/30/2025,H Read third time and passed House (50-Y 46-N)
S02V1357,HB1928,2/10/2025,S Reported from Commerce and Labor and rereferred to Finance and Appropriations (9-Y 6-N)
S05V1833,HB1928,2/14/2025,S Reported from Finance and Appropriations (10-Y 4-N)
SV567,HB1928,2/17/2025,S Constitutional reading dispensed (on 2nd reading) (39-Y 0-N)
SV697,HB1928,2/19/2025,S Passed Senate (21-Y 19-N)
2519259,HB1928,4/2/2025,H House sustained Governor's veto (50-Y 46-N)
H24004V2510912,HB1929,1/23/2025,H Subcommittee recommends reporting and referring to Appropriations (8-Y 0-N)
H24V2511346,HB1929,1/28/2025,H Reported from Health and Human Services with substitute and referred to Appropriations (19-Y 2-N)
H02005V2511793,HB1929,1/29/2025,H Subcommittee recommends reporting (6-Y 0-N)
H02V2512145,HB1929,1/31/2025,H Reported from Appropriations (22-Y 0-N)
2518471,HB1929,2/4/2025,H Read third time and passed House (83-Y 14-N)
S04V1645,HB1929,2/13/2025,S Reported from Education and Health with substitute and rereferred to Finance and Appropriations (15-Y 0-N)
S05V1970,HB1929,2/17/2025,S Reported from Finance and Appropriations with substitute (14-Y 0-N)
SV738,HB1929,2/19/2025,S Constitutional reading dispensed (on 2nd reading) (40-Y 0-N)
SV801,HB1929,2/20/2025,S Passed Senate with substitute (39-Y 0-N)
SV803,HB1929,2/20/2025,S Reconsideration of Senate passage agreed to by Senate (39-Y 0-N)
SV804,HB1929,2/20/2025,S Passed Senate with substitute (39-Y 0-N)
2519091,HB1929,2/20/2025,H Senate substitute agreed to by House (83-Y 13-N)
2519253,HB1929,4/2/2025,H Passed by for the day (47-Y 46-N)
H09002V2510331,HB1930,1/20/2025,H Subcommittee recommends reporting (10-Y 0-N)
H09V2510602,HB1930,1/22/2025,H Reported from Education (22-Y 0-N)
2518240,HB1930,1/28/2025,H Read third time and passed House (99-Y 0-N)
S04V1191,HB1930,2/6/2025,S Reported from Education and Health (14-Y 0-N)
SV363,HB1930,2/7/2025,S Constitutional reading dispensed (on 2nd reading) (38-Y 0-N)
SV368,HB1930,2/10/2025,S Passed Senate (39-Y 0-N)
H24003V2510761,HB1931,1/23/2025,H Subcommittee recommends reporting with substitute and referring to Appropriations (8-Y 0-N)
H24V2511299,HB1931,1/28/2025,H Reported from Health and Human Services with substitute and referred to Appropriations (22-Y 0-N)
H02005V2511812,HB1931,1/29/2025,H Subcommittee recommends laying on the table (6-Y 0-N)
H11002V2510863,HB1932,1/23/2025,H Subcommittee recommends reporting with amendment(s)  and referring to Appropriations (6-Y 2-N)
H11V2511413,HB1932,1/28/2025,H Reported from General Laws with amendment(s)  and referred to Appropriations (12-Y 10-N)
H02001V2511685,HB1932,1/29/2025,H Subcommittee recommends reporting (5-Y 3-N)
H02V2511746,HB1932,1/29/2025,H Reported from Appropriations (13-Y 8-N)
2518395,HB1932,2/4/2025,H Read third time and passed House (54-Y 45-N)
S12V1623,HB1932,2/12/2025,S Reported from General Laws and Technology (9-Y 6-N)
SV522,HB1932,2/14/2025,S Constitutional reading dispensed (on 2nd reading) (36-Y 0-N)
SV607,HB1932,2/18/2025,S Passed Senate (22-Y 18-N)
H14002V2510220,HB1933,1/16/2025,H Subcommittee recommends reporting and referred to Appropriations (8-Y 0-N)
H14V2510479,HB1933,1/21/2025,H Reported from Labor and Commerce and referred to Appropriations (21-Y 0-N)
H02002V2511174,HB1933,1/27/2025,H Subcommittee recommends reporting (7-Y 0-N)
H02002V2511652,HB1933,1/29/2025,H Subcommittee recommends reporting with amendment(s)  (7-Y 0-N)
H02V2511725,HB1933,1/29/2025,H Reported from Appropriations with amendment(s)  (21-Y 0-N)
2518374,HB1933,2/4/2025,H Read third time and passed House (97-Y 0-N)
2518375,HB1933,2/4/2025,H Passed House (99-Y 0-N)
S02V1345,HB1933,2/10/2025,S Reported from Commerce and Labor with substitute and rereferred to Finance and Appropriations (15-Y 0-N)
S05V1867,HB1933,2/14/2025,S Reported from Finance and Appropriations with amendment (14-Y 0-N)
SV567,HB1933,2/17/2025,S Constitutional reading dispensed (on 2nd reading) (39-Y 0-N)
SV593,HB1933,2/18/2025,S Passed Senate with substitute with amendment (40-Y 0-N)
2518928,HB1933,2/19/2025,H Senate substitute with amendment agreed to by House (97-Y 0-N 0-A)
H14003V2510560,HB1934,1/21/2025,H Subcommittee recommends reporting and referred to Appropriations (8-Y 2-N)
H14V2510840,HB1934,1/23/2025,H Reported from Labor and Commerce and referred to Appropriations (17-Y 5-N)
H02001V2511686,HB1934,1/29/2025,H Subcommittee recommends reporting (6-Y 2-N)
H02V2511747,HB1934,1/29/2025,H Reported from Appropriations (13-Y 8-N)
2518396,HB1934,2/4/2025,H Read third time and passed House (65-Y 33-N)
S02V1332,HB1934,2/10/2025,S Reported from Commerce and Labor and rereferred to Finance and Appropriations (15-Y 0-N)
S05V1971,HB1934,2/17/2025,S Reported from Finance and Appropriations (14-Y 0-N)
SV738,HB1934,2/19/2025,S Constitutional reading dispensed (on 2nd reading) (40-Y 0-N)
SV801,HB1934,2/20/2025,S Passed Senate (39-Y 0-N)
SV803,HB1934,2/20/2025,S Reconsideration of Senate passage agreed to by Senate (39-Y 0-N)
SV804,HB1934,2/20/2025,S Passed Senate (39-Y 0-N)
2519253,HB1934,4/2/2025,H Passed by for the day (47-Y 46-N)
H14003V2510222,HB1935,1/16/2025,H Subcommittee recommends reporting with amendment(s)  (8-Y 2-N)
H14V2510493,HB1935,1/21/2025,H Reported from Labor and Commerce with substitute (15-Y 7-N)
H02001V2511687,HB1935,1/29/2025,H Subcommittee recommends reporting with amendment(s)  (7-Y 1-N)
H02V2511749,HB1935,1/29/2025,H Reported from Appropriations with amendment(s)  (14-Y 7-N)
2518397,HB1935,2/4/2025,H Read third time and passed House (64-Y 34-N)
S12V1548,HB1935,2/12/2025,S Reported from General Laws and Technology with amendments and rereferred to Finance and Appropriations (9-Y 6-N)
S05V1972,HB1935,2/17/2025,S Reported from Finance and Appropriations (11-Y 3-N)
SV738,HB1935,2/19/2025,S Constitutional reading dispensed (on 2nd reading) (40-Y 0-N)
SV816,HB1935,2/20/2025,S Passed Senate with amendments (21-Y 18-N)
2519092,HB1935,2/20/2025,H Senate Amendments agreed to by House (60-Y 35-N)
H09001V2510440,HB1936,1/21/2025,H Subcommittee recommends reporting with substitute and referred to Appropriations (8-Y 0-N)
H09V2510635,HB1936,1/22/2025,H Reported from Education with substitute (21-Y 1-N)
2518250,HB1936,1/28/2025,H Read third time and passed House (95-Y 2-N)
S04V1720,HB1936,2/13/2025,S Reported from Education and Health and rereferred to Finance and Appropriations (15-Y 0-N)
S05V1834,HB1936,2/14/2025,S Reported from Finance and Appropriations (14-Y 0-N)
SV567,HB1936,2/17/2025,S Constitutional reading dispensed (on 2nd reading) (39-Y 0-N)
SV593,HB1936,2/18/2025,S Passed Senate (40-Y 0-N)
2519268,HB1936,4/2/2025,H House concurred in Governor's recommendation (96-Y 0-N)
SV1091,HB1936,4/2/2025,S Senate concurred in Governor's recommendation (40-Y 0-N)
H24003V2510762,HB1937,1/23/2025,H Subcommittee recommends reporting with substitute (8-Y 0-N)
H24V2511300,HB1937,1/28/2025,H Reported from Health and Human Services with substitute (22-Y 0-N)
2518337,HB1937,2/3/2025,H Read third time and passed House (98-Y 0-N)
2518364,HB1937,2/3/2025,H Read third time and passed House (99-Y 0-N)
S04V1634,HB1937,2/13/2025,S Reported from Education and Health (13-Y 0-N)
SV564,HB1937,2/17/2025,S Constitutional reading dispensed (on 2nd reading)
SV593,HB1937,2/18/2025,S Passed Senate (40-Y 0-N)
H18001V2511269,HB1938,1/27/2025,H Subcommittee recommends reporting with substitute (4-Y 3-N)
H18V2512128,HB1938,1/31/2025,H Reported from Privileges and Elections with substitute (11-Y 10-N)
2518472,HB1938,2/4/2025,H Read third time and passed House (56-Y 42-N)
S08V1424,HB1938,2/11/2025,S Passed by indefinitely in Privileges and Elections (15-Y 0-N)
H10001V2510320,HB1939,1/20/2025,H Subcommittee recommends reporting (5-Y 3-N)
H10V2510671,HB1939,1/22/2025,H Reported from Finance (12-Y 10-N)
2518251,HB1939,1/28/2025,H Read third time and passed House (53-Y 46-N)
S05V1403,HB1939,2/11/2025,S Reported from Finance and Appropriations (15-Y 0-N)
SV383,HB1939,2/11/2025,S Constitutional reading dispensed (on 2nd reading) (40-Y 0-N)
SV396,HB1939,2/12/2025,S Passed Senate (39-Y 0-N)
H11001V2510894,HB1940,1/23/2025,H Subcommittee recommends reporting with substitute (7-Y 0-N)
H11V2511423,HB1940,1/28/2025,H Reported from General Laws with substitute (20-Y 2-N)
2518344,HB1940,2/3/2025,H Read third time and passed House (94-Y 5-N)
S12V1549,HB1940,2/12/2025,S Reported from General Laws and Technology (15-Y 0-N)
SV522,HB1940,2/14/2025,S Constitutional reading dispensed (on 2nd reading) (36-Y 0-N)
SV558,HB1940,2/17/2025,S Passed Senate (30-Y 9-N)
H01001V2510149,HB1941,1/15/2025,H Subcommittee recommends reporting with substitute (9-Y 1-N)
H01V2510655,HB1941,1/22/2025,"H Reported from Agriculture, Chesapeake and Natural Resources with substitute (21-Y 1-N)"
2518252,HB1941,1/28/2025,H Read third time and passed House (66-Y 33-N)
S01V1443,HB1941,2/11/2025,"S Reported from Agriculture, Conservation and Natural Resources with amendments (13-Y 1-N)"
SV472,HB1941,2/13/2025,S Constitutional reading dispensed (on 2nd reading) (40-Y 0-N)
SV506,HB1941,2/14/2025,S Passed Senate with amendments (27-Y 9-N)
2518863,HB1941,2/18/2025,H Senate Amendments agreed to by House (67-Y 28-N)
H14001V2511493,HB1942,1/28/2025,H Subcommittee recommends reporting (7-Y 0-N)
H14V2512032,HB1942,1/30/2025,H Reported from Labor and Commerce (21-Y 1-N)
2518473,HB1942,2/4/2025,H Read third time and passed House (95-Y 3-N)
S02V1932,HB1942,2/17/2025,S Reported from Commerce and Labor with substitute (15-Y 0-N)
SV663,HB1942,2/18/2025,S Constitutional reading dispensed (on 2nd reading) (40-Y 0-N)
SV670,HB1942,2/19/2025,S Passed Senate with substitute (40-Y 0-N)
2519032,HB1942,2/20/2025,H Senate substitute agreed to by House (89-Y 9-N)
H09001V2510076,HB1945,1/14/2025,H Subcommittee recommends reporting with amendment(s)  and referred to Appropriations (7-Y 0-N)
H09V2510108,HB1945,1/15/2025,H Reported from Education with amendment(s)  and referred to Appropriations (13-Y 8-N)
H02003V2511124,HB1945,1/24/2025,H Subcommittee recommends reporting (5-Y 3-N)
H02V2511202,HB1945,1/27/2025,H Reported from Appropriations (12-Y 9-N)
2518331,HB1945,1/31/2025,H Read third time and passed House (52-Y 44-N)
S04V1704,HB1945,2/13/2025,S Reported from Education and Health with substitute (15-Y 0-N)
SV564,HB1945,2/17/2025,S Constitutional reading dispensed (on 2nd reading)
SV593,HB1945,2/18/2025,S Passed Senate with substitute (40-Y 0-N)
2518929,HB1945,2/19/2025,H Senate substitute agreed to by House (52-Y 43-N)
H08001V2510312,HB1946,1/17/2025,H Subcommittee recommends reporting with substitute and referred to Appropriations (8-Y 0-N)
H08V2511043,HB1946,1/24/2025,H Reported from Courts of Justice with substitute and referred to Appropriations (22-Y 0-N)
H02V2512201,HB1946,1/31/2025,H Reported from Appropriations with substitute (22-Y 0-N)
2518551,HB1946,2/4/2025,H Read third time and passed House (91-Y 7-N)
S13V1287,HB1946,2/10/2025,S Reported from Courts of Justice with substitute and rereferred to Finance and Appropriations (15-Y 0-N)
S05V1376,HB1946,2/11/2025,S Reported from Finance and Appropriations with substitute (14-Y 1-N)
SV383,HB1946,2/11/2025,S Constitutional reading dispensed (on 2nd reading) (40-Y 0-N)
SV406,HB1946,2/12/2025,S Passed Senate with substitute (38-Y 1-N)
2518714,HB1946,2/12/2025,H Senate substitute rejected by House (5-Y 87-N)
SV439,HB1946,2/12/2025,S Senate insisted on substitute (40-Y 0-N)
2519128,HB1946,2/21/2025,H Conference report agreed to by House (82-Y 8-N)
SV911,HB1946,2/21/2025,S Conference report agreed to by Senate (36-Y 2-N)
H09001V2510417,HB1947,1/21/2025,H Subcommittee recommends reporting (8-Y 0-N)
H09V2510619,HB1947,1/22/2025,H Reported from Education (22-Y 0-N)
2518240,HB1947,1/28/2025,H Read third time and passed House (99-Y 0-N)
S04V1192,HB1947,2/6/2025,S Reported from Education and Health (14-Y 0-N)
SV363,HB1947,2/7/2025,S Constitutional reading dispensed (on 2nd reading) (38-Y 0-N)
SV368,HB1947,2/10/2025,S Passed Senate (39-Y 0-N)
H02001V2510140,HB1948,1/15/2025,H Subcommittee recommends reporting (8-Y 0-N)
H02V2510293,HB1948,1/17/2025,H Reported from Appropriations (21-Y 0-N)
2518204,HB1948,1/23/2025,H Read third time and passed House (97-Y 0-N)
S01V1421,HB1948,2/11/2025,"S Reported from Agriculture, Conservation and Natural Resources and rereferred to Finance and Appropriations (14-Y 0-N)"
S05V1984,HB1948,2/17/2025,S Reported from Finance and Appropriations (14-Y 0-N)
SV738,HB1948,2/19/2025,S Constitutional reading dispensed (on 2nd reading) (40-Y 0-N)
SV801,HB1948,2/20/2025,S Passed Senate (39-Y 0-N)
SV803,HB1948,2/20/2025,S Reconsideration of Senate passage agreed to by Senate (39-Y 0-N)
SV804,HB1948,2/20/2025,S Passed Senate (39-Y 0-N)
H20V2511839,HB1949,1/29/2025,H Tabled in Rules (14-Y 0-N)
H14002V2510202,HB1951,1/16/2025,H Subcommittee recommends striking from the docket (7-Y 0-N)
H14V2510480,HB1951,1/21/2025,H Stricken from docket by Labor and Commerce (22-Y 0-N)
H18001V2510403,HB1952,1/20/2025,H Subcommittee recommends reporting (8-Y 0-N)
H18V2510975,HB1952,1/24/2025,H Reported from Privileges and Elections (21-Y 0-N)
2518291,HB1952,1/30/2025,H Read third time and passed House (96-Y 0-N)
S08V1431,HB1952,2/11/2025,S Passed by indefinitely in Privileges and Elections (8-Y 7-N)
H18001V2511275,HB1953,1/27/2025,H Subcommittee recommends passing by indefinitely (6-Y 2-N)
H02003V2511125,HB1954,1/24/2025,H Subcommittee recommends reporting with substitute (5-Y 3-N)
H02V2511201,HB1954,1/27/2025,H Reported from Appropriations with substitute (13-Y 9-N)
2518332,HB1954,1/31/2025,H Read third time and passed House (61-Y 34-N)
S05V1401,HB1954,2/11/2025,S Passed by indefinitely in Finance and Appropriations (15-Y 0-N)
H08001V2510311,HB1955,1/17/2025,H Subcommittee recommends reporting (8-Y 0-N)
H08V2511029,HB1955,1/24/2025,H Reported from Courts of Justice (22-Y 0-N)
2518291,HB1955,1/30/2025,H Read third time and passed House (96-Y 0-N)
S13V1152,HB1955,2/5/2025,S Reported from Courts of Justice (14-Y 0-N)
SV363,HB1955,2/7/2025,S Constitutional reading dispensed (on 2nd reading) (38-Y 0-N)
SV368,HB1955,2/10/2025,S Passed Senate (39-Y 0-N)
H14001V2510509,HB1956,1/21/2025,H Subcommittee recommends striking from the docket (7-Y 0-N)
H14V2510824,HB1956,1/23/2025,H Stricken from docket by Labor and Commerce (22-Y 0-N)
H09001V2511292,HB1957,1/28/2025,H Subcommittee recommends reporting with substitute (6-Y 2-N)
H09V2511597,HB1957,1/29/2025,H Reported from Education with substitute (13-Y 9-N)
2518398,HB1957,2/4/2025,H Read third time and passed House (62-Y 37-N)
S04V1743,HB1957,2/13/2025,S Reported from Education and Health with substitute and rereferred to Finance and Appropriations (6-Y 4-N)
S05V2000,HB1957,2/17/2025,S Reported from Finance and Appropriations (10-Y 4-N)
SV738,HB1957,2/19/2025,S Constitutional reading dispensed (on 2nd reading) (40-Y 0-N)
SV817,HB1957,2/20/2025,S Passed Senate with substitute (27-Y 12-N)
SV819,HB1957,2/20/2025,S Reconsideration of Senate passage agreed to by Senate (39-Y 0-N)
SV820,HB1957,2/20/2025,S Passed Senate with substitute (27-Y 12-N)
2519093,HB1957,2/20/2025,H Senate substitute agreed to by House  (59-Y 37-N)
2519297,HB1957,4/2/2025,H House rejected Governor's recommendation #1  (33-Y 61-N)
2519298,HB1957,4/2/2025,H House concurred in Governor's recommendation #'s 2-12 (88-Y 5-N)
SV1092,HB1957,4/2/2025,S Senate concurred in #'s 2-12 Governor's recommendation (40-Y 0-N)
H09001V2510422,HB1958,1/21/2025,H Subcommittee recommends reporting and referred to Appropriations (7-Y 1-N)
H09V2510636,HB1958,1/22/2025,H Reported from Education and referred to Appropriations (15-Y 7-N)
H02003V2511766,HB1958,1/29/2025,H Subcommittee recommends laying on the table (7-Y 0-N)
H09003V2510650,HB1959,1/22/2025,H Subcommittee recommends reporting and referred to Appropriations (7-Y 1-N)
H09V2511589,HB1959,1/29/2025,H Reported from Education (20-Y 2-N)
2518399,HB1959,2/4/2025,H Read third time and passed House (85-Y 12-N)
S04V1759,HB1959,2/13/2025,S Reported from Education and Health and rereferred to Finance and Appropriations (14-Y 0-N)
S05V1982,HB1959,2/17/2025,S Passed by indefinitely in Finance and Appropriations with letter (12-Y 2-N)
H15V2510251,HB1960,1/17/2025,H Reported from Public Safety (12-Y 10-N)
2518233,HB1960,1/27/2025,H Read third time and passed House  (50-Y 46-N)
S13V1235,HB1960,2/10/2025,S Reported from Courts of Justice (9-Y 4-N)
SV382,HB1960,2/11/2025,S Constitutional reading dispensed (on 2nd reading) (40-Y 0-N)
SV422,HB1960,2/12/2025,S Passed Senate (21-Y 18-N)
H09001V2511372,HB1961,1/28/2025,H Subcommittee recommends reporting with substitute (6-Y 2-N)
H09V2511598,HB1961,1/29/2025,H Reported from Education with substitute (16-Y 6-N)
2518400,HB1961,2/4/2025,H Read third time and passed House (69-Y 30-N)
S04V1737,HB1961,2/13/2025,S Reported from Education and Health with substitute (9-Y 6-N)
SV564,HB1961,2/17/2025,S Constitutional reading dispensed (on 2nd reading) (39-Y 0-N)
SV698,HB1961,2/19/2025,S Passed Senate with substitute (21-Y 19-N)
2519033,HB1961,2/20/2025,H Senate substitute agreed to by House (75-Y 22-N)
2519268,HB1961,4/2/2025,H House concurred in Governor's recommendation (96-Y 0-N)
SV1084,HB1961,4/2/2025,S Senate concurred in Governor's recommendation (40-Y 0-N)
H10002V2511521,HB1962,1/28/2025,H Subcommittee recommends laying on the table (5-Y 2-N)
H11001V2510904,HB1963,1/23/2025,H Subcommittee recommends reporting and referring to Appropriations (7-Y 0-N)
H11V2511425,HB1963,1/28/2025,H Reported from General Laws and referred to Appropriations (22-Y 0-N)
H02007V2511667,HB1963,1/29/2025,H Subcommittee recommends reporting (8-Y 0-N)
H02V2511735,HB1963,1/29/2025,H Reported from Appropriations (21-Y 0-N)
2518374,HB1963,2/4/2025,H Read third time and passed House (97-Y 0-N)
2518375,HB1963,2/4/2025,H Passed House (99-Y 0-N)
S12V1621,HB1963,2/12/2025,S Reported from General Laws and Technology and rereferred to Finance and Appropriations (15-Y 0-N)
S05V1942,HB1963,2/17/2025,S Passed by indefinitely in Finance and Appropriations (10-Y 4-N)
H24004V2510867,HB1964,1/23/2025,H Subcommittee recommends reporting with substitute and referring to Appropriations (8-Y 0-N)
H24V2511345,HB1964,1/28/2025,H Reported from Health and Human Services with substitute and referred to Appropriations (21-Y 0-N)
H02005V2511782,HB1964,1/29/2025,H Subcommittee recommends reporting (6-Y 0-N)
H02V2512146,HB1964,1/31/2025,H Reported from Appropriations (22-Y 0-N)
2518374,HB1964,2/4/2025,H Read third time and passed House (97-Y 0-N)
2518375,HB1964,2/4/2025,H Passed House (99-Y 0-N)
S09V1221,HB1964,2/7/2025,S Reported from Rehabilitation and Social Services and rereferred to Finance and Appropriations (15-Y 0-N)
S05V1405,HB1964,2/11/2025,S Passed by indefinitely in Finance and Appropriations (10-Y 5-N)
H07003V2510244,HB1966,1/17/2025,H Subcommittee recommends laying on the table (5-Y 3-N)
H02007V2510699,HB1967,1/22/2025,H Subcommittee recommends reporting with substitute (8-Y 0-N)
H02V2511025,HB1967,1/24/2025,H Reported from Appropriations with substitute (22-Y 0-N)
2518291,HB1967,1/30/2025,H Read third time and passed House (96-Y 0-N)
S05V1374,HB1967,2/11/2025,S Passed by indefinitely in Finance and Appropriations (14-Y 0-N)
H08001V2510314,HB1968,1/17/2025,H Subcommittee recommends reporting with amendment(s)  (8-Y 0-N)
H08V2511030,HB1968,1/24/2025,H Reported from Courts of Justice with amendment(s)  (22-Y 0-N)
2518291,HB1968,1/30/2025,H Read third time and passed House (96-Y 0-N)
S13V1233,HB1968,2/10/2025,S Reported from Courts of Justice and rereferred to Finance and Appropriations (12-Y 0-N)
S05V1482,HB1968,2/12/2025,S Reported from Finance and Appropriations with amendment (15-Y 0-N)
SV472,HB1968,2/13/2025,S Constitutional reading dispensed (on 2nd reading) (40-Y 0-N)
SV493,HB1968,2/14/2025,S Passed Senate with amendment (36-Y 0-N)
2518864,HB1968,2/18/2025,H Senate Amendment rejected by House (2-Y 93-N)
SV743,HB1968,2/19/2025,S Senate insisted on amendment (38-Y 0-N)
SV942,HB1968,2/21/2025,S Conference report agreed to by Senate (40-Y 0-N)
2519179,HB1968,2/22/2025,H Conference report agreed to by House (98-Y 0-N)
H10V2512081,HB1969,1/31/2025,H Reported from Finance with substitute (19-Y 0-N)
2518374,HB1969,2/4/2025,H Read third time and passed House (97-Y 0-N)
2518375,HB1969,2/4/2025,H Passed House (99-Y 0-N)
S05V1409,HB1969,2/11/2025,S Reported from Finance and Appropriations with substitute (15-Y 0-N)
SV383,HB1969,2/11/2025,S Constitutional reading dispensed (on 2nd reading) (40-Y 0-N)
SV396,HB1969,2/12/2025,S Passed Senate with substitute (39-Y 0-N)
2518760,HB1969,2/14/2025,H Senate substitute rejected by House (0-Y 95-N)
SV578,HB1969,2/18/2025,S Senate insisted on substitute (40-Y 0-N)
H10001V2511136,HB1970,1/27/2025,H Subcommittee recommends reporting (8-Y 0-N)
H10V2511655,HB1970,1/29/2025,H Reported from Finance (21-Y 1-N)
2518401,HB1970,2/4/2025,H Read third time and passed House (97-Y 0-N)
S05V1381,HB1970,2/11/2025,S Reported from Finance and Appropriations with amendment (15-Y 0-N)
SV383,HB1970,2/11/2025,S Constitutional reading dispensed (on 2nd reading) (40-Y 0-N)
SV396,HB1970,2/12/2025,S Passed Senate with amendment (39-Y 0-N)
2518761,HB1970,2/14/2025,H Senate Amendment rejected by House (0-Y 92-N)
SV579,HB1970,2/18/2025,S Senate insisted on amendment (40-Y 0-N)
SV964,HB1970,2/22/2025,S Conference report agreed to by Senate (40-Y 0-N)
2519180,HB1970,2/22/2025,H Conference report agreed to by House (99-Y 0-N)
2519268,HB1970,4/2/2025,H House concurred in Governor's recommendation (96-Y 0-N)
SV1084,HB1970,4/2/2025,S Senate concurred in Governor's recommendation (40-Y 0-N)
H07001V2511556,HB1971,1/29/2025,H Subcommittee recommends reporting (8-Y 0-N)
H07V2512108,HB1971,1/31/2025,"H Reported from Counties, Cities and Towns (21-Y 1-N)"
2518474,HB1971,2/4/2025,H Read third time and passed House  (98-Y 0-N)
S07V1259,HB1971,2/10/2025,S Reported from Local Government (14-Y 0-N)
SV382,HB1971,2/11/2025,S Constitutional reading dispensed (on 2nd reading) (40-Y 0-N)
SV396,HB1971,2/12/2025,S Passed Senate (39-Y 0-N)
H09003V2510651,HB1972,1/22/2025,H Subcommittee recommends reporting with substitute (5-Y 3-N)
H09V2511590,HB1972,1/29/2025,H Reported from Education with substitute (12-Y 10-N)
2518402,HB1972,2/4/2025,H Read third time and passed House (51-Y 47-N)
S04V1760,HB1972,2/13/2025,S Reported from Education and Health and rereferred to Finance and Appropriations (9-Y 5-N)
S05V1997,HB1972,2/17/2025,S Passed by indefinitely in Finance and Appropriations with letter (14-Y 0-N)
H11002V2511975,HB1973,1/30/2025,H Subcommittee recommends reporting with substitute (5-Y 3-N)
H11V2512022,HB1973,1/30/2025,H Reported from General Laws with substitute (12-Y 9-N)
2518475,HB1973,2/4/2025,H Read third time and passed House  (50-Y 47-N)
S12V1574,HB1973,2/12/2025,S Reported from General Laws and Technology (9-Y 6-N)
SV522,HB1973,2/14/2025,S Constitutional reading dispensed (on 2nd reading) (36-Y 0-N)
SV610,HB1973,2/18/2025,S Passed Senate (21-Y 19-N)
H01003V2510591,HB1974,1/22/2025,H Subcommittee recommends laying on the table (10-Y 0-N)
H24004V2510862,HB1975,1/23/2025,H Subcommittee recommends reporting and referring to Appropriations (8-Y 0-N)
H24V2511339,HB1975,1/28/2025,H Reported from Health and Human Services and referred to Appropriations (21-Y 0-N)
H02005V2511811,HB1975,1/29/2025,H Subcommittee recommends laying on the table (6-Y 0-N)
H24001V2510467,HB1976,1/21/2025,H Subcommittee recommends reporting and referred to Appropriations (8-Y 0-N)
H24V2510778,HB1976,1/23/2025,H Reported from Health and Human Services and referred to Appropriations (22-Y 0-N)
H02005V2511090,HB1976,1/24/2025,H Subcommittee recommends reporting with substitute (7-Y 0-N)
H02V2511198,HB1976,1/27/2025,H Reported from Appropriations with substitute (22-Y 0-N)
2518321,HB1976,1/31/2025,H Read third time and passed House (96-Y 0-N)
S04V1659,HB1976,2/13/2025,S Reported from Education and Health (15-Y 0-N)
SV564,HB1976,2/17/2025,S Constitutional reading dispensed (on 2nd reading)
SV593,HB1976,2/18/2025,S Passed Senate (40-Y 0-N)
H15V2512089,HB1977,1/31/2025,H Reported from Public Safety with substitute (12-Y 9-N)
2518476,HB1977,2/4/2025,H Read third time and passed House (52-Y 46-N)
S13V1240,HB1977,2/10/2025,S Reported from Courts of Justice and rereferred to Finance and Appropriations (9-Y 4-N)
S05V1486,HB1977,2/12/2025,S Reported from Finance and Appropriations (10-Y 5-N)
SV472,HB1977,2/13/2025,S Constitutional reading dispensed (on 2nd reading) (40-Y 0-N)
SV507,HB1977,2/14/2025,S Passed Senate (21-Y 15-N)
2519260,HB1977,4/2/2025,H House sustained Governor's veto (50-Y 46-N)
H20V2511841,HB1978,1/29/2025,H Tabled in Rules (14-Y 0-N)
H10002V2511483,HB1979,1/28/2025,H Subcommittee recommends reporting with substitute (5-Y 2-N)
H10V2511675,HB1979,1/29/2025,H Reported from Finance with substitute (12-Y 9-N)
2518403,HB1979,2/4/2025,H Read third time and passed House (62-Y 36-N)
S05V1396,HB1979,2/11/2025,S Passed by indefinitely in Finance and Appropriations with letter (15-Y 0-N)
H14002V2510858,HB1980,1/23/2025,H Subcommittee recommends reporting with amendment(s)  (5-Y 2-N)
H14V2511410,HB1980,1/28/2025,H Reported from Labor and Commerce with amendment(s)  (12-Y 10-N)
2518345,HB1980,2/3/2025,H Read third time and passed House (51-Y 48-N)
S02V1346,HB1980,2/10/2025,S Reported from Commerce and Labor with substitute and rereferred to Finance and Appropriations (9-Y 6-N)
S05V1825,HB1980,2/14/2025,S Passed by indefinitely in Finance and Appropriations (11-Y 2-N)
H02007V2511669,HB1982,1/29/2025,H Subcommittee recommends laying on the table (8-Y 0-N)
H09001V2510074,HB1983,1/14/2025,H Subcommittee recommends reporting (7-Y 0-N)
H09V2510109,HB1983,1/15/2025,H Reported from Education (21-Y 0-N)
2518197,HB1983,1/21/2025,H Read third time and passed House (93-Y 4-N)
S04V1193,HB1983,2/6/2025,S Reported from Education and Health (14-Y 0-N)
SV363,HB1983,2/7/2025,S Constitutional reading dispensed (on 2nd reading) (38-Y 0-N)
SV368,HB1983,2/10/2025,S Passed Senate (39-Y 0-N)
H07003V2510964,HB1984,1/24/2025,H Subcommittee recommends laying on the table (8-Y 0-N)
H08002V2510119,HB1985,1/15/2025,H Subcommittee recommends striking from the docket (8-Y 0-N)
H07003V2512079,HB1987,1/31/2025,H Subcommittee recommends striking from the docket (8-Y 0-N)
H09001V2510573,HB1988,1/21/2025,H Subcommittee recommends reporting (5-Y 3-N)
H09V2510637,HB1988,1/22/2025,H Reported from Education (12-Y 10-N)
2518253,HB1988,1/28/2025,H Read third time and passed House (51-Y 48-N)
S04V1705,HB1988,2/13/2025,S Reported from Education and Health and rereferred to Finance and Appropriations (9-Y 6-N)
S05V1839,HB1988,2/14/2025,S Passed by indefinitely in Finance and Appropriations (10-Y 4-N)
H11005V2511115,HB1989,1/24/2025,H Subcommittee recommends reporting with substitute (6-Y 0-N)
H11V2511437,HB1989,1/28/2025,H Reported from General Laws with substitute (19-Y 3-N)
2518346,HB1989,2/3/2025,H Read third time and passed House (85-Y 14-N)
S09V1793,HB1989,2/14/2025,S Reported from Rehabilitation and Social Services with substitute (12-Y 2-N)
SV564,HB1989,2/17/2025,S Constitutional reading dispensed (on 2nd reading) (39-Y 0-N)
SV699,HB1989,2/19/2025,S Passed Senate with substitute (30-Y 10-N)
2519034,HB1989,2/20/2025,H Senate substitute agreed to by House (84-Y 14-N)
2519253,HB1989,4/2/2025,H Passed by for the day (47-Y 46-N)
H07001V2510615,HB1990,1/22/2025,H Subcommittee recommends reporting (5-Y 2-N)
H07V2510982,HB1990,1/24/2025,"H Reported from Counties, Cities and Towns (13-Y 7-N)"
2518303,HB1990,1/30/2025,H Read third time and passed House (54-Y 42-N)
S07V1266,HB1990,2/10/2025,S Reported from Local Government with substitute (8-Y 7-N)
SV382,HB1990,2/11/2025,S Constitutional reading dispensed (on 2nd reading) (40-Y 0-N)
SV423,HB1990,2/12/2025,S Passed Senate with substitute (21-Y 17-N)
2518762,HB1990,2/14/2025,H Senate substitute agreed to by House (50-Y 46-N)
H02007V2510702,HB1992,1/22/2025,H Subcommittee recommends reporting with substitute (8-Y 0-N)
H02V2511026,HB1992,1/24/2025,H Reported from Appropriations with substitute (22-Y 0-N)
2518291,HB1992,1/30/2025,H Read third time and passed House (96-Y 0-N)
S12V1160,HB1992,2/5/2025,S Reported from General Laws and Technology and rereferred to Finance and Appropriations (15-Y 0-N)
S05V1462,HB1992,2/12/2025,S Passed by indefinitely in Finance and Appropriations (15-Y 0-N)
H09001V2510423,HB1993,1/21/2025,H Subcommittee recommends reporting (8-Y 0-N)
H09V2510620,HB1993,1/22/2025,H Reported from Education (22-Y 0-N)
2518240,HB1993,1/28/2025,H Read third time and passed House (99-Y 0-N)
S04V1727,HB1993,2/13/2025,S Reported from Education and Health (15-Y 0-N)
SV564,HB1993,2/17/2025,S Constitutional reading dispensed (on 2nd reading)
SV593,HB1993,2/18/2025,S Passed Senate (40-Y 0-N)
H11003V2510513,HB1994,1/21/2025,H Subcommittee recommends reporting (6-Y 1-N)
H11V2510818,HB1994,1/23/2025,H Reported from General Laws (15-Y 6-N)
2518280,HB1994,1/29/2025,H Read third time and passed House (62-Y 34-N)
S09V1224,HB1994,2/7/2025,S Reported from Rehabilitation and Social Services with substitute (14-Y 0-N 1-A)
SV375,HB1994,2/10/2025,S Constitutional reading dispensed (on 2nd reading) (39-Y 0-N)
SV411,HB1994,2/12/2025,S Passed Senate with substitute (38-Y 1-N)
2518763,HB1994,2/14/2025,H Senate substitute agreed to by House (59-Y 35-N)
H09002V2510335,HB1995,1/20/2025,H Subcommittee recommends reporting (9-Y 1-N)
H09V2510611,HB1995,1/22/2025,H Reported from Education (22-Y 0-N)
2518240,HB1995,1/28/2025,H Read third time and passed House (99-Y 0-N)
S04V1695,HB1995,2/13/2025,S Reported from Education and Health and rereferred to Finance and Appropriations (15-Y 0-N)
S05V1943,HB1995,2/17/2025,S Reported from Finance and Appropriations with substitute (14-Y 0-N)
SV738,HB1995,2/19/2025,S Constitutional reading dispensed (on 2nd reading) (40-Y 0-N)
SV801,HB1995,2/20/2025,S Passed Senate with substitute (39-Y 0-N)
SV803,HB1995,2/20/2025,S Reconsideration of Senate passage agreed to by Senate (39-Y 0-N)
SV804,HB1995,2/20/2025,S Passed Senate with substitute (39-Y 0-N)
2519094,HB1995,2/20/2025,H Senate substitute rejected by House (0-Y 96-N)
SV897,HB1995,2/20/2025,S Senate insisted on substitute (38-Y 0-N)
SV965,HB1995,2/22/2025,S Conference report agreed to by Senate (40-Y 0-N)
2519181,HB1995,2/22/2025,H Conference report agreed to by House (98-Y 1-N)
H07001V2510616,HB1996,1/22/2025,H Subcommittee recommends reporting (7-Y 0-N)
H07V2510983,HB1996,1/24/2025,"H Reported from Counties, Cities and Towns (20-Y 0-N)"
2518291,HB1996,1/30/2025,H Read third time and passed House (96-Y 0-N)
S07V1291,HB1996,2/10/2025,S Reported from Local Government (15-Y 0-N)
SV382,HB1996,2/11/2025,S Constitutional reading dispensed (on 2nd reading) (40-Y 0-N)
SV396,HB1996,2/12/2025,S Passed Senate (39-Y 0-N)
H10002V2510544,HB1997,1/21/2025,H Subcommittee recommends reporting (6-Y 2-N)
H10V2510693,HB1997,1/22/2025,H Reported from Finance (17-Y 5-N)
2518254,HB1997,1/28/2025,H Read third time and passed House (92-Y 6-N)
S05V1133,HB1997,2/5/2025,S Passed by indefinitely in Finance and Appropriations (10-Y 3-N)
H08001V2512178,HB1998,1/31/2025,H Subcommittee recommends reporting with substitute (8-Y 0-N)
H08V2512222,HB1998,1/31/2025,H Reported from Courts of Justice with substitute (18-Y 2-N)
2518477,HB1998,2/4/2025,H Read third time and passed House (98-Y 0-N)
S13V1310,HB1998,2/10/2025,S Reported from Courts of Justice and rereferred to Finance and Appropriations (15-Y 0-N)
S05V1510,HB1998,2/12/2025,S Reported from Finance and Appropriations (15-Y 0-N)
SV472,HB1998,2/13/2025,S Constitutional reading dispensed (on 2nd reading) (40-Y 0-N)
SV493,HB1998,2/14/2025,S Passed Senate (36-Y 0-N)
H14003V2510542,HB1999,1/21/2025,H Subcommittee recommends striking from the docket (10-Y 0-N)
H14V2510841,HB1999,1/23/2025,H Stricken from docket by Labor and Commerce (21-Y 1-N)
H01003V2510592,HB2000,1/22/2025,H Subcommittee recommends reporting with amendment(s)  and referring to Appropriations (10-Y 0-N)
H01V2511637,HB2000,1/29/2025,"H Reported from Agriculture, Chesapeake and Natural Resources with amendment(s)  and referred to Appropriations (22-Y 0-N)"
H02V2512170,HB2000,1/31/2025,H Reported from Appropriations (19-Y 3-N)
2518478,HB2000,2/4/2025,H Read third time and passed House  (87-Y 11-N)
S01V1442,HB2000,2/11/2025,"S Reported from Agriculture, Conservation and Natural Resources and rereferred to Finance and Appropriations (15-Y 0-N)"
S05V1957,HB2000,2/17/2025,S Reported from Finance and Appropriations (14-Y 0-N)
SV738,HB2000,2/19/2025,S Constitutional reading dispensed (on 2nd reading) (40-Y 0-N)
SV801,HB2000,2/20/2025,S Passed Senate (39-Y 0-N)
SV803,HB2000,2/20/2025,S Reconsideration of Senate passage agreed to by Senate (39-Y 0-N)
SV804,HB2000,2/20/2025,S Passed Senate (39-Y 0-N)
H18001V2511238,HB2002,1/27/2025,H Subcommittee recommends reporting (5-Y 3-N)
H18V2512130,HB2002,1/31/2025,H Reported from Privileges and Elections (12-Y 9-N)
2518479,HB2002,2/4/2025,H Read third time and passed House (52-Y 46-N)
S08V1447,HB2002,2/11/2025,S Reported from Privileges and Elections (8-Y 7-N)
SV472,HB2002,2/13/2025,S Constitutional reading dispensed (on 2nd reading) (40-Y 0-N)
SV508,HB2002,2/14/2025,S Passed Senate (21-Y 15-N)
2519261,HB2002,4/2/2025,H House sustained Governor's veto (50-Y 46-N)
H14003V2510224,HB2003,1/16/2025,H Subcommittee recommends reporting (6-Y 4-N)
H14V2510833,HB2003,1/23/2025,H Failed to report (defeated) in Labor and Commerce (10-Y 12-N)
H07001V2511579,HB2005,1/29/2025,H Subcommittee recommends reporting (8-Y 0-N)
H07V2512109,HB2005,1/31/2025,"H Reported from Counties, Cities and Towns (21-Y 1-N)"
2518480,HB2005,2/4/2025,H Read third time and passed House (97-Y 0-N)
S07V1260,HB2005,2/10/2025,S Reported from Local Government (14-Y 0-N)
SV382,HB2005,2/11/2025,S Constitutional reading dispensed (on 2nd reading) (40-Y 0-N)
SV396,HB2005,2/12/2025,S Passed Senate (39-Y 0-N)
H01002V2511251,HB2008,1/27/2025,H Subcommittee recommends reporting (9-Y 1-N)
H01V2511621,HB2008,1/29/2025,"H Reported from Agriculture, Chesapeake and Natural Resources (21-Y 1-N)"
2518404,HB2008,2/4/2025,H Read third time and passed House 95-Y 4-N 0-A)
S01V1422,HB2008,2/11/2025,"S Reported from Agriculture, Conservation and Natural Resources (8-Y 6-N)"
SV472,HB2008,2/13/2025,S Constitutional reading dispensed (on 2nd reading) (40-Y 0-N)
SV509,HB2008,2/14/2025,S Passed Senate (21-Y 15-N)
2519299,HB2008,4/2/2025,H House rejected Governor's recommendation (14-Y 80-N)
H09001V2511487,HB2009,1/28/2025,H Subcommittee recommends laying on the table (5-Y 3-N)
H08001V2510136,HB2010,1/15/2025,H Subcommittee recommends laying on the table (5-Y 3-N)
H18001V2510389,HB2011,1/20/2025,H Subcommittee failed to recommend reporting (2-Y 6-N)
H07003V2510245,HB2012,1/17/2025,H Subcommittee recommends reporting (8-Y 0-N)
H07V2510981,HB2012,1/24/2025,"H Reported from Counties, Cities and Towns (18-Y 2-N)"
2518304,HB2012,1/30/2025,H Read third time and passed House (91-Y 5-N)
S07V1301,HB2012,2/10/2025,S Passed by indefinitely in Local Government (9-Y 6-N)
H09001V2510426,HB2013,1/21/2025,H Subcommittee recommends reporting with substitute (8-Y 0-N)
H09V2510633,HB2013,1/22/2025,H Reported from Education with substitute (17-Y 4-N)
2518276,HB2013,1/29/2025,H Read third time and passed House (82-Y 15-N)
S04V1728,HB2013,2/13/2025,S Reported from Education and Health (15-Y 0-N)
SV564,HB2013,2/17/2025,S Constitutional reading dispensed (on 2nd reading)
SV593,HB2013,2/18/2025,S Passed Senate (40-Y 0-N)
H09001V2511167,HB2017,1/27/2025,H Subcommittee recommends reporting and referring to Appropriations (7-Y 1-N)
H09V2511599,HB2017,1/29/2025,H Reported from Education and referred to Appropriations (17-Y 5-N)
H02003V2511776,HB2017,1/29/2025,H Subcommittee recommends laying on the table (7-Y 0-N)
H09001V2510549,HB2018,1/21/2025,H Subcommittee recommends reporting with substitute (8-Y 0-N)
H09V2510621,HB2018,1/22/2025,H Reported from Education with substitute (22-Y 0-N)
2518240,HB2018,1/28/2025,H Read third time and passed House (99-Y 0-N)
S04V1194,HB2018,2/6/2025,S Reported from Education and Health (14-Y 0-N)
SV363,HB2018,2/7/2025,S Constitutional reading dispensed (on 2nd reading) (38-Y 0-N)
SV368,HB2018,2/10/2025,S Passed Senate (39-Y 0-N)
2519300,HB2018,4/2/2025,H House rejected Governor's recommendation (22-Y 73-N)
2519334,HB2018,4/2/2025,H Motion to pass in enrolled form rejected (58-Y 36-N)
H07001V2511557,HB2019,1/29/2025,H Subcommittee recommends reporting (8-Y 0-N)
H07V2512110,HB2019,1/31/2025,"H Reported from Counties, Cities and Towns (21-Y 1-N)"
2518481,HB2019,2/4/2025,H Read third time and passed House (98-Y 0-N)
S07V1261,HB2019,2/10/2025,S Reported from Local Government (14-Y 0-N)
SV382,HB2019,2/11/2025,S Constitutional reading dispensed (on 2nd reading) (40-Y 0-N)
SV396,HB2019,2/12/2025,S Passed Senate (39-Y 0-N)
H19002V2510442,HB2020,1/21/2025,H Subcommittee recommends reporting (8-Y 0-N)
H19V2510797,HB2020,1/23/2025,H Reported from Transportation (21-Y 0-N)
2518321,HB2020,1/31/2025,H Read third time and passed House (96-Y 0-N)
S11V1202,HB2020,2/6/2025,S Reported from Transportation and rereferred to Finance and Appropriations (11-Y 0-N)
S05V1465,HB2020,2/12/2025,S Passed by indefinitely in Finance and Appropriations (15-Y 0-N)
H21001V2511164,HB2021,1/27/2025,H Subcommittee recommends laying on the table (9-Y 1-N)
H19001V2510421,HB2022,1/21/2025,H Subcommittee recommends reporting (8-Y 0-N)
H19V2510806,HB2022,1/23/2025,H Reported from Transportation (19-Y 2-N)
2518281,HB2022,1/29/2025,H Read third time and passed House  (83-Y 12-N)
S11V1203,HB2022,2/6/2025,S Reported from Transportation and rereferred to Finance and Appropriations (11-Y 0-N)
S05V1461,HB2022,2/12/2025,S Reported from Finance and Appropriations (15-Y 0-N)
SV472,HB2022,2/13/2025,S Constitutional reading dispensed (on 2nd reading) (40-Y 0-N)
SV493,HB2022,2/14/2025,S Passed Senate (36-Y 0-N)
H24001V2510468,HB2023,1/21/2025,H Subcommittee recommends laying on the table (5-Y 3-N)
H11004V2511504,HB2024,1/28/2025,H Subcommittee recommends reporting with substitute (4-Y 3-N)
H11V2512013,HB2024,1/30/2025,H Reported from General Laws with substitute (15-Y 6-N)
2518482,HB2024,2/4/2025,H Read third time and passed House (69-Y 29-N)
S12V1534,HB2024,2/12/2025,S Reported from General Laws and Technology (14-Y 0-N)
SV522,HB2024,2/14/2025,S Constitutional reading dispensed (on 2nd reading) (36-Y 0-N)
SV558,HB2024,2/17/2025,S Passed Senate (39-Y 0-N)
2519301,HB2024,4/2/2025,H House concurred in Governor's recommendation (90-Y 4-N)
SV1084,HB2024,4/2/2025,S Senate concurred in Governor's recommendation (40-Y 0-N)
H01003V2511554,HB2025,1/29/2025,H Subcommittee recommends reporting with amendment(s)  and referring to Appropriations (6-Y 4-N)
H01V2511638,HB2025,1/29/2025,"H Reported from Agriculture, Chesapeake and Natural Resources with amendment(s)  and referred to Appropriations (13-Y 9-N)"
H02V2512171,HB2025,1/31/2025,H Tabled in Appropriations (22-Y 0-N)
H07002V2510808,HB2026,1/23/2025,H Subcommittee recommends laying on the table (8-Y 0-N)
H14003V2510229,HB2027,1/16/2025,H Subcommittee recommends laying on the table (10-Y 0-N)
H09001V2510413,HB2028,1/21/2025,H Subcommittee recommends striking from the docket (8-Y 0-N)
H10001V2510327,HB2029,1/20/2025,H Subcommittee recommends reporting with amendment(s)  (5-Y 3-N)
H10V2510673,HB2029,1/22/2025,H Reported from Finance with substitute (17-Y 5-N)
2518255,HB2029,1/28/2025,H Read third time and passed House (94-Y 3-N)
S05V1121,HB2029,2/5/2025,S Reported from Finance and Appropriations (12-Y 0-N)
SV353,HB2029,2/6/2025,S Constitutional reading dispensed (on 2nd reading) (40-Y 0-N)
SV361,HB2029,2/7/2025,S Passed Senate (39-Y 0-N)
H01003V2511558,HB2030,1/29/2025,H Subcommittee recommends reporting with substitute and referring to Rules (6-Y 4-N)
H01V2511639,HB2030,1/29/2025,"H Reported from Agriculture, Chesapeake and Natural Resources with substitute and referred to Rules (13-Y 9-N)"
H24001V2511452,HB2031,1/28/2025,H Subcommittee failed to recommend reporting (3-Y 5-N)
H09001V2510081,HB2032,1/14/2025,H Subcommittee recommends reporting and referred to Appropriations (5-Y 2-N)
H09V2510111,HB2032,1/15/2025,H Reported from Education and referred to Appropriations (12-Y 9-N)
H02003V2510387,HB2032,1/20/2025,H Subcommittee recommends reporting with substitute (8-Y 0-N)
H02V2510681,HB2032,1/22/2025,H Reported from Appropriations with substitute (22-Y 0-N)
2518256,HB2032,1/28/2025,H Read third time and passed House (67-Y 31-N 1-A)
S04V1729,HB2032,2/13/2025,S Reported from Education and Health and rereferred to Finance and Appropriations (9-Y 6-N)
S05V2014,HB2032,2/17/2025,S Passed by indefinitely in Finance and Appropriations with letter (12-Y 1-N 1-A)
H15002V2510161,HB2033,1/16/2025,H Subcommittee recommends reporting (6-Y 0-N)
H15V2510252,HB2033,1/17/2025,H Reported from Public Safety (22-Y 0-N)
H15V2510944,HB2033,1/24/2025,H Reported from Public Safety and referred to Appropriations (22-Y 0-N)
H02007V2511672,HB2033,1/29/2025,H Subcommittee recommends reporting (8-Y 0-N)
H02V2511736,HB2033,1/29/2025,H Reported from Appropriations (21-Y 0-N)
2518374,HB2033,2/4/2025,H Read third time and passed House (97-Y 0-N)
2518375,HB2033,2/4/2025,H Passed House (99-Y 0-N)
S09V1223,HB2033,2/7/2025,S Reported from Rehabilitation and Social Services and rereferred to Finance and Appropriations (15-Y 0-N)
S05V1506,HB2033,2/12/2025,S Reported from Finance and Appropriations (15-Y 0-N)
SV472,HB2033,2/13/2025,S Constitutional reading dispensed (on 2nd reading) (40-Y 0-N)
SV493,HB2033,2/14/2025,S Passed Senate (36-Y 0-N)
H01002V2510386,HB2034,1/20/2025,H Subcommittee recommends reporting with amendment(s)  (10-Y 0-N)
H01V2510661,HB2034,1/22/2025,"H Reported from Agriculture, Chesapeake and Natural Resources with amendment(s)  (22-Y 0-N)"
2518266,HB2034,1/28/2025,H Read third time and passed House (80-Y 18-N)
S01V1445,HB2034,2/11/2025,"S Reported from Agriculture, Conservation and Natural Resources (15-Y 0-N)"
SV472,HB2034,2/13/2025,S Constitutional reading dispensed (on 2nd reading) (40-Y 0-N)
SV493,HB2034,2/14/2025,S Passed Senate (36-Y 0-N)
2519268,HB2034,4/2/2025,H House concurred in Governor's recommendation (96-Y 0-N)
SV1093,HB2034,4/2/2025,S Senate concurred in Governor's recommendation (40-Y 0-N)
H14003V2510906,HB2035,1/23/2025,H Subcommittee recommends striking from the docket (10-Y 0-N)
H19004V2510150,HB2036,1/15/2025,H Subcommittee recommends reporting with amendment(s)  and referred to Courts of Justice (8-Y 0-N)
H19V2510170,HB2036,1/16/2025,H Reported from Transportation with amendment(s)  and referred to Courts of Justice (20-Y 1-N)
H08001V2512208,HB2036,1/31/2025,H Subcommittee recommends reporting with substitute (7-Y 1-N)
H08V2512223,HB2036,1/31/2025,H Reported from Courts of Justice with substitute (17-Y 3-N)
2518483,HB2036,2/4/2025,H Read third time and passed House (84-Y 12-N)
S13V1596,HB2036,2/12/2025,S Reported from Courts of Justice with substitute and rereferred to Finance and Appropriations (13-Y 2-N)
S05V1856,HB2036,2/14/2025,S Reported from Finance and Appropriations (13-Y 1-N)
SV567,HB2036,2/17/2025,S Constitutional reading dispensed (on 2nd reading) (39-Y 0-N)
SV700,HB2036,2/19/2025,S Passed Senate with substitute (35-Y 5-N)
2519035,HB2036,2/20/2025,H Senate substitute agreed to by House (92-Y 5-N)
2519268,HB2036,4/2/2025,H House concurred in Governor's recommendation (96-Y 0-N)
SV1094,HB2036,4/2/2025,S Senate concurred in Governor's recommendation (36-Y 4-N)
H07002V2510786,HB2037,1/23/2025,H Subcommittee recommends reporting with substitute (7-Y 1-N)
H07V2510990,HB2037,1/24/2025,"H Reported from Counties, Cities and Towns with substitute (17-Y 3-N)"
2518305,HB2037,1/30/2025,H Read third time and passed House  (64-Y 32-N)
S07V1297,HB2037,2/10/2025,S Reported from Local Government with amendments (8-Y 7-N)
SV382,HB2037,2/11/2025,S Constitutional reading dispensed (on 2nd reading) (40-Y 0-N)
SV432,HB2037,2/12/2025,S Passed Senate with amendments (21-Y 18-N)
2518764,HB2037,2/14/2025,H Senate Amendments agreed to by House  (Y-62 N-34 A-0)
H11004V2510531,HB2038,1/21/2025,H Subcommittee recommends laying on the table (8-Y 0-N)
H15002V2510173,HB2039,1/16/2025,H Subcommittee recommends reporting with amendment(s)  (4-Y 2-N)
H15V2510254,HB2039,1/17/2025,H Reported from Public Safety (12-Y 10-N)
H15V2510945,HB2039,1/24/2025,H Reported from Public Safety and referred to Appropriations (13-Y 9-N)
H02007V2511674,HB2039,1/29/2025,H Subcommittee recommends reporting (8-Y 0-N)
H02V2511737,HB2039,1/29/2025,H Reported from Appropriations (21-Y 0-N)
2518405,HB2039,2/4/2025,H Read third time and passed House (63-Y 35-N)
S12V1591,HB2039,2/12/2025,S Reported from General Laws and Technology with amendments and rereferred to Finance and Appropriations (15-Y 0-N)
S05V1956,HB2039,2/17/2025,S Reported from Finance and Appropriations (14-Y 0-N)
SV738,HB2039,2/19/2025,S Constitutional reading dispensed (on 2nd reading) (40-Y 0-N)
SV801,HB2039,2/20/2025,S Passed Senate with amendments (39-Y 0-N)
SV803,HB2039,2/20/2025,S Reconsideration of Senate passage agreed to by Senate (39-Y 0-N)
SV804,HB2039,2/20/2025,S Passed Senate with amendments (39-Y 0-N)
2519095,HB2039,2/20/2025,H Senate Amendments agreed to by House (61-Y 35-N)
H24002V2510792,HB2040,1/23/2025,H Subcommittee recommends reporting with substitute (8-Y 0-N)
H24V2511320,HB2040,1/28/2025,H Reported from Health and Human Services with substitute (21-Y 0-N)
2518363,HB2040,2/3/2025,H Read third time and passed House (87-Y 12-N)
S04V1677,HB2040,2/13/2025,S Reported from Education and Health with substitute (15-Y 0-N)
SV564,HB2040,2/17/2025,S Constitutional reading dispensed (on 2nd reading)
SV593,HB2040,2/18/2025,S Passed Senate with substitute (40-Y 0-N)
2518930,HB2040,2/19/2025,H Senate substitute agreed to by House (88-Y 7-N)
2519302,HB2040,4/2/2025,H House concurred in Governor's recommendation (91-Y 3-N)
SV1095,HB2040,4/2/2025,S Senate concurred in Governor's recommendation (40-Y 0-N)
H19003V2510749,HB2041,1/22/2025,H Subcommittee recommends reporting with substitute (5-Y 3-N)
H19V2511915,HB2041,1/30/2025,H Reported from Transportation with substitute (12-Y 10-N)
2518484,HB2041,2/4/2025,H Read third time and passed House (54-Y 44-N)
S11V1783,HB2041,2/13/2025,S Failed to report from Transportation with substitute (6-Y 9-N)
H11001V2510916,HB2042,1/23/2025,H Subcommittee recommends reporting with amendment(s)  (7-Y 0-N)
H11V2511433,HB2042,1/28/2025,H Reported from General Laws with amendment(s)  (22-Y 0-N)
2518337,HB2042,2/3/2025,H Read third time and passed House (98-Y 0-N)
2518364,HB2042,2/3/2025,H Read third time and passed House (99-Y 0-N)
S12V1535,HB2042,2/12/2025,S Reported from General Laws and Technology (14-Y 0-N)
SV522,HB2042,2/14/2025,S Constitutional reading dispensed (on 2nd reading) (36-Y 0-N)
SV558,HB2042,2/17/2025,S Passed Senate (39-Y 0-N)
H21001V2511154,HB2043,1/27/2025,H Subcommittee recommends laying on the table (10-Y 0-N)
H09001V2511486,HB2044,1/28/2025,H Subcommittee recommends laying on the table (5-Y 3-N)
H09002V2510336,HB2045,1/20/2025,H Subcommittee recommends reporting and referred to Appropriations (10-Y 0-N)
H09V2510603,HB2045,1/22/2025,H Reported from Education and referred to Appropriations (22-Y 0-N)
H02V2512198,HB2045,1/31/2025,H Reported from Appropriations (22-Y 0-N)
2518374,HB2045,2/4/2025,H Read third time and passed House (97-Y 0-N)
2518375,HB2045,2/4/2025,H Passed House (99-Y 0-N)
S04V1636,HB2045,2/13/2025,S Passed by indefinitely in Education and Health (7-Y 6-N)
H21001V2511157,HB2046,1/27/2025,H Subcommittee recommends reporting with substitute and referring to Appropriations (5-Y 4-N 1-A)
H21V2511180,HB2046,1/27/2025,"H Reported from Communications, Technology and Innovation with substitute and referred to Appropriations (12-Y 10-N)"
H02V2512183,HB2046,1/31/2025,H Reported from Appropriations (12-Y 10-N)
2518485,HB2046,2/4/2025,H Read third time and passed House (51-Y 47-N)
S12V1550,HB2046,2/12/2025,S Reported from General Laws and Technology with substitute and rereferred to Finance and Appropriations (15-Y 0-N)
S05V1841,HB2046,2/14/2025,S Reported from Finance and Appropriations (14-Y 0-N)
SV567,HB2046,2/17/2025,S Constitutional reading dispensed (on 2nd reading) (39-Y 0-N)
H11002V2511964,HB2047,1/30/2025,H Subcommittee recommends laying on the table (8-Y 0-N)
H10002V2511536,HB2048,1/28/2025,H Subcommittee recommends reporting with substitute and referring to Appropriations (5-Y 2-N)
H10V2511677,HB2048,1/29/2025,H Reported from Finance with substitute and referred to Appropriations (12-Y 10-N)
H02V2512172,HB2048,1/31/2025,H Reported from Appropriations with substitute (14-Y 8-N)
2518486,HB2048,2/4/2025,H Read third time and passed House (54-Y 44-N)
S05V1383,HB2048,2/11/2025,S Passed by indefinitely in Finance and Appropriations (15-Y 0-N)
H10001V2511143,HB2049,1/27/2025,H Subcommittee recommends reporting and referring to Appropriations (8-Y 0-N)
H10V2511656,HB2049,1/29/2025,H Reported from Finance and referred to Appropriations (21-Y 0-N)
H01002V2511264,HB2050,1/27/2025,H Subcommittee recommends reporting with substitute (10-Y 0-N)
H01V2511622,HB2050,1/29/2025,"H Reported from Agriculture, Chesapeake and Natural Resources with substitute (22-Y 0-N)"
2518541,HB2050,2/4/2025,H Read third time and passed House (98-Y 0-N)
S01V1457,HB2050,2/11/2025,"S Reported from Agriculture, Conservation and Natural Resources with substitute and rereferred to Finance and Appropriations (11-Y 4-N)"
S05V1965,HB2050,2/17/2025,S Reported from Finance and Appropriations (13-Y 1-N)
SV738,HB2050,2/19/2025,S Constitutional reading dispensed (on 2nd reading) (40-Y 0-N)
SV818,HB2050,2/20/2025,S Passed Senate with substitute with amendments (38-Y 0-N)
2519096,HB2050,2/20/2025,H Senate substitute agreed to by House (95-Y 0-N)
2519268,HB2050,4/2/2025,H House concurred in Governor's recommendation (96-Y 0-N)
SV1096,HB2050,4/2/2025,S Senate concurred in Governor's recommendation (40-Y 0-N)
H09001V2510444,HB2051,1/21/2025,H Subcommittee recommends reporting with substitute (8-Y 0-N)
H09V2510622,HB2051,1/22/2025,H Reported from Education with substitute (22-Y 0-N)
2518240,HB2051,1/28/2025,H Read third time and passed House (99-Y 0-N)
S04V1730,HB2051,2/13/2025,S Reported from Education and Health (15-Y 0-N)
SV564,HB2051,2/17/2025,S Constitutional reading dispensed (on 2nd reading)
SV593,HB2051,2/18/2025,S Passed Senate (40-Y 0-N)
H09001V2510577,HB2052,1/21/2025,H Subcommittee recommends laying on the table (5-Y 3-N)
H09001V2511185,HB2053,1/27/2025,H Subcommittee recommends reporting with substitute (8-Y 0-N)
H09V2511580,HB2053,1/29/2025,H Reported from Education with substitute (15-Y 7-N)
2518406,HB2053,2/4/2025,H Read third time and passed House (66-Y 32-N)
S04V1761,HB2053,2/13/2025,S Reported from Education and Health and rereferred to Finance and Appropriations (8-Y 5-N 1-A)
S05V1835,HB2053,2/14/2025,S Reported from Finance and Appropriations (10-Y 4-N)
SV567,HB2053,2/17/2025,S Constitutional reading dispensed (on 2nd reading) (39-Y 0-N)
SV701,HB2053,2/19/2025,S Passed Senate with substitute (21-Y 19-N)
2519036,HB2053,2/20/2025,H Senate substitute agreed to by House (64-Y 33-N)
H07V2510268,HB2054,1/17/2025,"H Reported from Counties, Cities and Towns (20-Y 2-N)"
2518217,HB2054,1/23/2025,H Read third time and passed House (75-Y 21-N)
S12V1140,HB2054,2/5/2025,S Rereferred from General Laws and Technology to Local Government (12-Y 0-N)
S07V1274,HB2054,2/10/2025,S Reported from Local Government (14-Y 1-N)
SV382,HB2054,2/11/2025,S Constitutional reading dispensed (on 2nd reading) (40-Y 0-N)
SV424,HB2054,2/12/2025,S Passed Senate (35-Y 3-N)
H09001V2511331,HB2055,1/28/2025,H Subcommittee recommends reporting (8-Y 0-N)
H09V2511572,HB2055,1/29/2025,H Reported from Education (22-Y 0-N)
2518542,HB2055,2/4/2025,H Read third time and passed House (97-Y 0-N)
S04V1762,HB2055,2/13/2025,S Reported from Education and Health (14-Y 0-N)
SV564,HB2055,2/17/2025,S Constitutional reading dispensed (on 2nd reading)
SV593,HB2055,2/18/2025,S Passed Senate (40-Y 0-N)
H18001V2511262,HB2056,1/27/2025,H Subcommittee recommends reporting (5-Y 3-N)
H18V2512132,HB2056,1/31/2025,H Reported from Privileges and Elections with amendment(s)  (13-Y 8-N)
2518487,HB2056,2/4/2025,H Read third time and passed House (53-Y 45-N)
S08V1433,HB2056,2/11/2025,S Reported from Privileges and Elections (8-Y 7-N)
SV472,HB2056,2/13/2025,S Constitutional reading dispensed (on 2nd reading) (40-Y 0-N)
SV510,HB2056,2/14/2025,S Passed Senate (21-Y 14-N)
2519262,HB2056,4/2/2025,H House sustained Governor's veto (50-Y 44-N)
H11003V2510512,HB2058,1/21/2025,H Subcommittee recommends reporting (5-Y 2-N)
H11V2510819,HB2058,1/23/2025,H Reported from General Laws (20-Y 1-N)
2518282,HB2058,1/29/2025,H Read third time and passed House (90-Y 6-N)
S09V1217,HB2058,2/7/2025,S Reported from Rehabilitation and Social Services (15-Y 0-N)
SV375,HB2058,2/10/2025,S Constitutional reading dispensed (on 2nd reading) (39-Y 0-N)
SV401,HB2058,2/12/2025,S Passed Senate (38-Y 1-N)
H14002V2510207,HB2060,1/16/2025,H Subcommittee recommends reporting and referred to Appropriations (8-Y 0-N)
H14V2510488,HB2060,1/21/2025,H Reported from Labor and Commerce and referred to Appropriations (20-Y 1-N)
H02002V2511653,HB2060,1/29/2025,H Subcommittee recommends reporting with amendment(s)  (7-Y 0-N)
H02V2511726,HB2060,1/29/2025,H Reported from Appropriations with amendment(s)  (21-Y 0-N)
2518407,HB2060,2/4/2025,H Read third time and passed House  (99-Y 0-N)
S02V1347,HB2060,2/10/2025,S Reported from Commerce and Labor and rereferred to Finance and Appropriations (15-Y 0-N)
S05V2003,HB2060,2/17/2025,S Passed by indefinitely in Finance and Appropriations (11-Y 3-N)
H01003V2510644,HB2061,1/22/2025,H Subcommittee recommends reporting (10-Y 0-N)
H01V2511640,HB2061,1/29/2025,"H Reported from Agriculture, Chesapeake and Natural Resources (22-Y 0-N)"
2518374,HB2061,2/4/2025,H Read third time and passed House (97-Y 0-N)
2518375,HB2061,2/4/2025,H Passed House (99-Y 0-N)
S13V1231,HB2061,2/10/2025,"S Rereferred from Courts of Justice to Agriculture, Conservation and Natural Resources (9-Y 0-N)"
S01V1458,HB2061,2/11/2025,"S Reported from Agriculture, Conservation and Natural Resources (15-Y 0-N)"
SV472,HB2061,2/13/2025,S Constitutional reading dispensed (on 2nd reading) (40-Y 0-N)
SV493,HB2061,2/14/2025,S Passed Senate (36-Y 0-N)
H10002V2511498,HB2062,1/28/2025,H Subcommittee recommends laying on the table (5-Y 2-N)
H08001V2510354,HB2063,1/20/2025,H Subcommittee recommends reporting with amendment(s)  (8-Y 0-N)
H08V2511031,HB2063,1/24/2025,H Reported from Courts of Justice with amendment(s)  (22-Y 0-N)
2518291,HB2063,1/30/2025,H Read third time and passed House (96-Y 0-N)
S13V1897,HB2063,2/17/2025,S Reported from Courts of Justice (15-Y 0-N)
SV634,HB2063,2/18/2025,S Constitutional reading dispensed (on 2nd reading) (39-Y 0-N)
SV670,HB2063,2/19/2025,S Passed Senate (40-Y 0-N)
H15001V2510890,HB2064,1/23/2025,H Subcommittee recommends reporting (5-Y 3-N)
H15V2510962,HB2064,1/24/2025,H Reported from Public Safety (12-Y 10-N)
2518306,HB2064,1/30/2025,H Read third time and passed House (50-Y 46-N)
S13V1611,HB2064,2/12/2025,S Reported from Courts of Justice (9-Y 6-N)
SV522,HB2064,2/14/2025,S Constitutional reading dispensed (on 2nd reading) (36-Y 0-N)
SV611,HB2064,2/18/2025,S Passed Senate (20-Y 19-N)
H11002V2510872,HB2065,1/23/2025,H Subcommittee recommends reporting with amendment(s)  (8-Y 0-N)
H11V2511402,HB2065,1/28/2025,H Reported from General Laws with amendment(s)  (22-Y 0-N)
2518337,HB2065,2/3/2025,H Read third time and passed House (98-Y 0-N)
2518364,HB2065,2/3/2025,H Read third time and passed House (99-Y 0-N)
S12V1577,HB2065,2/12/2025,S Reported from General Laws and Technology (15-Y 0-N)
SV522,HB2065,2/14/2025,S Constitutional reading dispensed (on 2nd reading) (36-Y 0-N)
SV558,HB2065,2/17/2025,S Passed Senate (39-Y 0-N)
H09001V2510583,HB2066,1/21/2025,H Subcommittee recommends striking from the docket (8-Y 0-N)
H11002V2511965,HB2067,1/30/2025,H Subcommittee recommends laying on the table (6-Y 2-N)
H07003V2510246,HB2068,1/17/2025,H Subcommittee recommends laying on the table (5-Y 3-N)
H14001V2510520,HB2069,1/21/2025,H Subcommittee recommends reporting with substitute (6-Y 1-N)
H14V2510825,HB2069,1/23/2025,H Reported from Labor and Commerce with substitute and referred to Appropriations (19-Y 3-N)
H02002V2510345,HB2070,1/20/2025,H Subcommittee recommends laying on the table (5-Y 3-N)
H15002V2511878,HB2071,1/30/2025,H Subcommittee recommends reporting with substitute (7-Y 0-N)
H15V2512093,HB2071,1/31/2025,H Reported from Public Safety with substitute (21-Y 0-N)
2518374,HB2071,2/4/2025,H Read third time and passed House (97-Y 0-N)
2518375,HB2071,2/4/2025,H Passed House (99-Y 0-N)
S12V1528,HB2071,2/12/2025,S Rereferred from General Laws and Technology to Finance and Appropriations (10-Y 0-N)
S05V1955,HB2071,2/17/2025,S Reported from Finance and Appropriations with substitute (14-Y 0-N)
SV738,HB2071,2/19/2025,S Constitutional reading dispensed (on 2nd reading) (40-Y 0-N)
SV801,HB2071,2/20/2025,S Passed Senate with substitute (39-Y 0-N)
SV803,HB2071,2/20/2025,S Reconsideration of Senate passage agreed to by Senate (39-Y 0-N)
SV804,HB2071,2/20/2025,S Passed Senate with substitute (39-Y 0-N)
2519097,HB2071,2/20/2025,H Senate substitute rejected by House (1-Y 95-N)
SV897,HB2071,2/20/2025,S Senate insisted on substitute (38-Y 0-N)
2519132,HB2071,2/21/2025,H Conference report agreed to by House (95-Y 0-N)
SV912,HB2071,2/21/2025,S Conference report agreed to by Senate (38-Y 0-N)
H09001V2510539,HB2072,1/21/2025,H Subcommittee recommends laying on the table (5-Y 3-N)
H14001V2510521,HB2073,1/21/2025,H Subcommittee recommends passing by indefinitely (4-Y 3-N)
H19004V2510151,HB2074,1/15/2025,H Subcommittee recommends reporting with substitute (8-Y 0-N)
H19V2510171,HB2074,1/16/2025,H Reported from Transportation with substitute (21-Y 0-N)
2518199,HB2074,1/22/2025,H Read third time and passed House (96-Y 0-N)
2518202,HB2074,1/22/2025,H Passed House  (97-Y 0-N)
S11V1208,HB2074,2/6/2025,S Reported from Transportation (14-Y 0-N)
SV375,HB2074,2/10/2025,S Constitutional reading dispensed (on 2nd reading) (39-Y 0-N)
SV396,HB2074,2/12/2025,S Passed Senate (39-Y 0-N)
H10002V2511499,HB2076,1/28/2025,H Subcommittee recommends laying on the table (5-Y 2-N)
H02001V2510142,HB2077,1/15/2025,H Subcommittee recommends reporting with substitute (8-Y 0-N)
H02V2510295,HB2077,1/17/2025,H Reported from Appropriations with substitute (21-Y 0-N)
2518223,HB2077,1/23/2025,H Read third time and passed House (90-Y 6-N)
S05V1131,HB2077,2/5/2025,S Reported from Finance and Appropriations with substitute (13-Y 0-N)
SV353,HB2077,2/6/2025,S Constitutional reading dispensed (on 2nd reading) (40-Y 0-N)
SV361,HB2077,2/7/2025,S Passed Senate with substitute (39-Y 0-N)
2518656,HB2077,2/11/2025,H Senate substitute rejected by House (0-Y 93-N)
SV449,HB2077,2/13/2025,S Senate insisted on substitute (40-Y 0-N)
SV799,HB2077,2/20/2025,S Conference report agreed to by Senate (38-Y 0-N)
2519075,HB2077,2/20/2025,H Conference report agreed to by House (91-Y 7-N)
H11003V2510515,HB2078,1/21/2025,H Subcommittee recommends laying on the table (7-Y 0-N)
H19001V2510424,HB2080,1/21/2025,H Subcommittee recommends reporting (8-Y 0-N)
H19V2510805,HB2080,1/23/2025,H Reported from Transportation (21-Y 0-N)
2518287,HB2080,1/29/2025,H Read third time and passed House (96-Y 1-N)
S11V1206,HB2080,2/6/2025,S Reported from Transportation with amendments and rereferred to Finance and Appropriations (14-Y 0-N)
S05V1463,HB2080,2/12/2025,S Passed by indefinitely in Finance and Appropriations with letter (10-Y 5-N)
H24001V2511453,HB2082,1/28/2025,H Subcommittee recommends reporting (8-Y 0-N)
H24V2511889,HB2082,1/30/2025,H Reported from Health and Human Services (21-Y 0-N)
2518374,HB2082,2/4/2025,H Read third time and passed House (97-Y 0-N)
2518375,HB2082,2/4/2025,H Passed House (99-Y 0-N)
S04V1637,HB2082,2/13/2025,S Reported from Education and Health (13-Y 0-N)
SV564,HB2082,2/17/2025,S Constitutional reading dispensed (on 2nd reading)
SV593,HB2082,2/18/2025,S Passed Senate (40-Y 0-N)
2519303,HB2082,4/2/2025,H House concurred in Governor's recommendation (95-Y 0-N)
SV1084,HB2082,4/2/2025,S Senate concurred in Governor's recommendation (40-Y 0-N)
H14001V2510530,HB2083,1/21/2025,H Subcommittee recommends reporting with substitute (6-Y 0-N)
H14V2510827,HB2083,1/23/2025,H Reported from Labor and Commerce with substitute (22-Y 0-N)
2518272,HB2083,1/29/2025,H Read third time and passed House (97-Y 0-N)
S02V1924,HB2083,2/17/2025,S Reported from Commerce and Labor (15-Y 0-N)
SV663,HB2083,2/18/2025,S Constitutional reading dispensed (on 2nd reading) (40-Y 0-N)
SV670,HB2083,2/19/2025,S Passed Senate (40-Y 0-N)
H14003V2510235,HB2084,1/16/2025,H Subcommittee recommends reporting (7-Y 4-N)
H14V2510835,HB2084,1/23/2025,H Reported from Labor and Commerce with substitute (15-Y 7-N)
2518283,HB2084,1/29/2025,H Read third time and passed House (61-Y 35-N)
S02V1908,HB2084,2/17/2025,S Reported from Commerce and Labor with substitute (9-Y 6-N)
SV663,HB2084,2/18/2025,S Constitutional reading dispensed (on 2nd reading) (40-Y 0-N)
SV728,HB2084,2/19/2025,S Passed Senate with substitute (24-Y 16-N)
2519037,HB2084,2/20/2025,H Senate substitute rejected by House (4-Y 94-N)
SV879,HB2084,2/20/2025,S Senate insisted on substitute (39-Y 0-N)
2519182,HB2084,2/22/2025,H Conference report agreed to by House (67-Y 32-N)
SV991,HB2084,2/22/2025,S Conference report agreed to by Senate (23-Y 17-N)
H14V2510198,HB2085,1/16/2025,H Reported from Labor and Commerce with substitute (22-Y 0-N)
2518199,HB2085,1/22/2025,H Read third time and passed House (96-Y 0-N)
2518202,HB2085,1/22/2025,H Passed House (97-Y 0-N)
S02V1331,HB2085,2/10/2025,S Reported from Commerce and Labor (15-Y 0-N)
SV431,HB2085,2/12/2025,S Constitutional reading dispensed (on 2nd reading) (39-Y 0-N)
SV457,HB2085,2/13/2025,S Passed Senate (40-Y 0-N)
H14003V2510937,HB2087,1/23/2025,H Subcommittee recommends reporting (6-Y 4-N)
H14V2511431,HB2087,1/28/2025,H Reported from Labor and Commerce with substitute (12-Y 10-N)
2518376,HB2087,2/4/2025,H Read third time and passed House (54-Y 44-N 0-A
S02V1925,HB2087,2/17/2025,S Reported from Commerce and Labor with substitute (7-Y 6-N 2-A)
SV663,HB2087,2/18/2025,S Constitutional reading dispensed (on 2nd reading) (40-Y 0-N)
SV809,HB2087,2/20/2025,S Passed Senate with substitute with amendments (32-Y 7-N)
2519098,HB2087,2/20/2025,H Senate substitute agreed to by House (60-Y 36-N)
2519253,HB2087,4/2/2025,H Passed by for the day (47-Y 46-N)
H08001V2510722,HB2088,1/22/2025,H Subcommittee recommends reporting with substitute and referring to Appropriations (8-Y 0-N)
H08V2511044,HB2088,1/24/2025,H Reported from Courts of Justice with substitute and referred to Appropriations (22-Y 0-N)
H02005V2511804,HB2088,1/29/2025,H Subcommittee recommends reporting (6-Y 0-N)
H02V2512147,HB2088,1/31/2025,H Reported from Appropriations (22-Y 0-N)
2518374,HB2088,2/4/2025,H Read third time and passed House (97-Y 0-N)
2518375,HB2088,2/4/2025,H Passed House (99-Y 0-N)
S04V1328,HB2088,2/10/2025,S Rereferred to Courts of Justice
S13V1761,HB2088,2/13/2025,S Reported from Courts of Justice and rereferred to Finance and Appropriations (14-Y 0-N)
S05V1945,HB2088,2/17/2025,S Reported from Finance and Appropriations (14-Y 0-N)
SV738,HB2088,2/19/2025,S Constitutional reading dispensed (on 2nd reading) (40-Y 0-N)
SV801,HB2088,2/20/2025,S Passed Senate (39-Y 0-N)
SV803,HB2088,2/20/2025,S Reconsideration of Senate passage agreed to by Senate (39-Y 0-N)
SV804,HB2088,2/20/2025,S Passed Senate (39-Y 0-N)
H14002V2511956,HB2089,1/30/2025,H Subcommittee recommends reporting with amendment(s)  and referring to Appropriations (5-Y 3-N)
H14V2512059,HB2089,1/30/2025,H Reported from Labor and Commerce with amendment(s)  and referred to Appropriations (12-Y 10-N)
H02V2512173,HB2089,1/31/2025,H Reported from Appropriations (12-Y 10-N)
2518488,HB2089,2/4/2025,H Read third time and passed House (50-Y 47-N)
S02V1350,HB2089,2/10/2025,S Passed by indefinitely in Commerce and Labor (8-Y 7-N)
H14003V2510570,HB2090,1/21/2025,H Subcommittee recommends reporting (6-Y 4-N)
H14V2510842,HB2090,1/23/2025,H Reported from Labor and Commerce with substitute (12-Y 10-N)
2518284,HB2090,1/29/2025,H Read third time and passed House (52-Y 43-N)
S02V1926,HB2090,2/17/2025,S Reported from Commerce and Labor with substitute (9-Y 6-N)
SV663,HB2090,2/18/2025,S Constitutional reading dispensed (on 2nd reading) (40-Y 0-N)
SV729,HB2090,2/19/2025,S Passed Senate with substitute (21-Y 18-N)
2519038,HB2090,2/20/2025,H Senate substitute agreed to by House (51-Y 44-N)
H11001V2510918,HB2091,1/23/2025,H Subcommittee recommends reporting with amendment(s)  (7-Y 0-N)
H11V2511434,HB2091,1/28/2025,H Reported from General Laws with amendment(s)  (22-Y 0-N)
2518337,HB2091,2/3/2025,H Read third time and passed House (98-Y 0-N)
2518364,HB2091,2/3/2025,H Read third time and passed House (99-Y 0-N)
S12V1551,HB2091,2/12/2025,S Reported from General Laws and Technology with amendments and rereferred to Finance and Appropriations (15-Y 0-N)
S05V1944,HB2091,2/17/2025,S Passed by indefinitely in Finance and Appropriations (13-Y 1-N)
H07001V2510595,HB2092,1/22/2025,H Subcommittee recommends reporting with amendment(s)  (8-Y 0-N)
H07V2510984,HB2092,1/24/2025,H VOTE:
H07V2511116,HB2092,1/24/2025,"H Reported from Counties, Cities and Towns with amendment(s)  (20-Y 0-N)"
2518291,HB2092,1/30/2025,H Read third time and passed House (96-Y 0-N)
S07V1293,HB2092,2/10/2025,S Reported from Local Government (15-Y 0-N)
SV382,HB2092,2/11/2025,S Constitutional reading dispensed (on 2nd reading) (40-Y 0-N)
SV396,HB2092,2/12/2025,S Passed Senate (39-Y 0-N)
H24003V2510763,HB2093,1/23/2025,H Subcommittee recommends reporting with substitute (6-Y 2-N)
H24V2511304,HB2093,1/28/2025,H Reported from Health and Human Services with substitute (22-Y 0-N)
2518337,HB2093,2/3/2025,H Read third time and passed House (98-Y 0-N)
2518364,HB2093,2/3/2025,H Read third time and passed House (99-Y 0-N)
H21001V2511161,HB2094,1/27/2025,H Subcommittee recommends reporting with substitute and referring to Appropriations (6-Y 4-N)
H21V2511181,HB2094,1/27/2025,"H Reported from Communications, Technology and Innovation with substitute and referred to Appropriations (12-Y 10-N)"
H02V2512184,HB2094,1/31/2025,H Reported from Appropriations with substitute (12-Y 10-N)
2518489,HB2094,2/4/2025,H Read third time and passed House (51-Y 47-N)
S12V1617,HB2094,2/12/2025,S Reported from General Laws and Technology with substitute and rereferred to Finance and Appropriations (9-Y 3-N 3-A)
S05V1822,HB2094,2/14/2025,S Reported from Finance and Appropriations (9-Y 4-N)
SV567,HB2094,2/17/2025,S Constitutional reading dispensed (on 2nd reading) (39-Y 0-N)
SV702,HB2094,2/19/2025,S Passed Senate with substitute (21-Y 19-N)
2519039,HB2094,2/20/2025,H Senate substitute agreed to by House (52-Y 46-N)
H19004V2510152,HB2096,1/15/2025,H Subcommittee recommends reporting with amendment(s)  (8-Y 0-N)
H19V2510174,HB2096,1/16/2025,H Reported from Transportation with amendment(s)  (16-Y 4-N 1-A)
2518200,HB2096,1/22/2025,H Read third time and passed House (81-Y 16-N)
S11V1209,HB2096,2/6/2025,S Reported from Transportation with substitute and rereferred to Finance and Appropriations (11-Y 2-N 2-A)
S05V1471,HB2096,2/12/2025,S Reported from Finance and Appropriations with substitute (15-Y 0-N)
SV472,HB2096,2/13/2025,S Constitutional reading dispensed (on 2nd reading) (40-Y 0-N)
SV511,HB2096,2/14/2025,S Passed Senate with substitute (33-Y 3-N)
2518865,HB2096,2/18/2025,H Senate substitute agreed to by  (85-Y 12-N)
2519304,HB2096,4/2/2025,H House concurred in Governor's recommendation (86-Y 9-N)
SV1106,HB2096,4/2/2025,S Senate concurred in Governor's recommendation (40-Y 0-N)
H14001V2510522,HB2097,1/21/2025,H Subcommittee recommends reporting with substitute (7-Y 0-N)
H14V2510828,HB2097,1/23/2025,H Reported from Labor and Commerce with substitute (22-Y 0-N)
2518272,HB2097,1/29/2025,H Read third time and passed House (97-Y 0-N)
S02V1331,HB2097,2/10/2025,S Reported from Commerce and Labor (15-Y 0-N)
SV431,HB2097,2/12/2025,S Constitutional reading dispensed (on 2nd reading) (39-Y 0-N)
SV457,HB2097,2/13/2025,S Passed Senate (40-Y 0-N)
H14002V2510853,HB2098,1/23/2025,H Subcommittee recommends reporting with substitute (5-Y 3-N)
H14V2511412,HB2098,1/28/2025,H Reported from Labor and Commerce with substitute (12-Y 10-N)
2518347,HB2098,2/3/2025,H Read third time and passed House (50-Y 48-N)
S02V1923,HB2098,2/17/2025,S Reported from Commerce and Labor and rereferred to Finance and Appropriations (9-Y 6-N)
S05V1961,HB2098,2/17/2025,S Reported from Finance and Appropriations with amendment (10-Y 4-N)
SV823,HB2098,2/20/2025,S Passed Senate with amendment (20-Y 19-N)
2519099,HB2098,2/20/2025,H Senate Amendment agreed to by House (51-Y 44-N)
H14001V2510535,HB2099,1/21/2025,H Subcommittee recommends reporting with substitute (6-Y 0-N)
H14V2510830,HB2099,1/23/2025,H Reported from Labor and Commerce with substitute (22-Y 0-N)
2518272,HB2099,1/29/2025,H Read third time and passed House (97-Y 0-N)
S02V1331,HB2099,2/10/2025,S Reported from Commerce and Labor (15-Y 0-N)
SV431,HB2099,2/12/2025,S Constitutional reading dispensed (on 2nd reading) (39-Y 0-N)
SV457,HB2099,2/13/2025,S Passed Senate (40-Y 0-N)
H14001V2511524,HB2100,1/28/2025,H Subcommittee recommends reporting with substitute (5-Y 1-N)
H14V2512035,HB2100,1/30/2025,H Reported from Labor and Commerce with substitute (17-Y 5-N)
2518490,HB2100,2/4/2025,H Read third time and passed House (82-Y 15-N)
S02V1333,HB2100,2/10/2025,S Reported from Commerce and Labor (10-Y 5-N)
SV431,HB2100,2/12/2025,S Constitutional reading dispensed (on 2nd reading) (39-Y 0-N)
SV459,HB2100,2/13/2025,S Passed Senate (27-Y 10-N)
H14004V2511979,HB2101,1/30/2025,H Subcommittee recommends laying on the table (5-Y 0-N)
H24004V2510874,HB2102,1/23/2025,H Subcommittee recommends reporting and referring to Appropriations (8-Y 0-N)
H24V2511340,HB2102,1/28/2025,H Reported from Health and Human Services and referred to Appropriations (21-Y 0-N)
H02005V2511806,HB2102,1/29/2025,H Subcommittee recommends reporting with substitute (6-Y 0-N)
H02V2512148,HB2102,1/31/2025,H Reported from Appropriations with substitute (22-Y 0-N)
2518374,HB2102,2/4/2025,H Read third time and passed House (97-Y 0-N)
2518375,HB2102,2/4/2025,H Passed House (99-Y 0-N)
S04V1646,HB2102,2/13/2025,S Reported from Education and Health and rereferred to Finance and Appropriations (15-Y 0-N)
S05V1995,HB2102,2/17/2025,S Passed by indefinitely in Finance and Appropriations (14-Y 0-N)
H09001V2510543,HB2103,1/21/2025,H Subcommittee recommends reporting with amendment(s)  (8-Y 0-N)
H09V2511600,HB2103,1/29/2025,H Reported from Education with amendment(s)  (22-Y 0-N)
2518374,HB2103,2/4/2025,H Read third time and passed House (97-Y 0-N)
2518375,HB2103,2/4/2025,H Passed House (99-Y 0-N)
S04V1763,HB2103,2/13/2025,S Reported from Education and Health (14-Y 0-N)
SV564,HB2103,2/17/2025,S Constitutional reading dispensed (on 2nd reading)
SV792,HB2103,2/19/2025,S Amendment by Senator Stuart reconsidered
SV793,HB2103,2/19/2025,S Senator Stuart Amendment rejected (19-Y 20-N 1-A)
SV794,HB2103,2/19/2025,S Passed Senate (40-Y 0-N)
2519305,HB2103,4/2/2025,H House rejected Governor's recommendation (45-Y 50-N)
H09001V2510420,HB2104,1/21/2025,H Subcommittee recommends reporting with substitute (8-Y 0-N)
H09V2510623,HB2104,1/22/2025,H Reported from Education with substitute (22-Y 0-N)
2518240,HB2104,1/28/2025,H Read third time and passed House (99-Y 0-N)
S04V1195,HB2104,2/6/2025,S Reported from Education and Health with substitute (14-Y 0-N)
SV363,HB2104,2/7/2025,S Constitutional reading dispensed (on 2nd reading) (38-Y 0-N)
SV368,HB2104,2/10/2025,S Passed Senate with substitute (39-Y 0-N)
2518711,HB2104,2/12/2025,H Senate substitute agreed to by House (Y-97 N-0 A-0)
H15002V2510164,HB2105,1/16/2025,H Subcommittee recommends reporting with substitute (4-Y 2-N)
H15V2510255,HB2105,1/17/2025,H Reported from Public Safety with substitute (21-Y 1-N)
2518218,HB2105,1/23/2025,H Read third time and passed House (97-Y 0-N)
S09V1794,HB2105,2/14/2025,S Reported from Rehabilitation and Social Services with substitute (14-Y 0-N)
SV564,HB2105,2/17/2025,S Constitutional reading dispensed (on 2nd reading)
SV593,HB2105,2/18/2025,S Passed Senate with substitute (40-Y 0-N)
2518931,HB2105,2/19/2025,H Senate substitute agreed to by House (95-Y 0-N)
H14001V2510524,HB2106,1/21/2025,H Subcommittee recommends laying on the table (4-Y 3-N)
H14001V2510527,HB2107,1/21/2025,H Subcommittee failed to recommend reporting (2-Y 4-N)
H10002V2511494,HB2108,1/28/2025,H Subcommittee recommends reporting and referring to Appropriations (7-Y 0-N)
H10V2511678,HB2108,1/29/2025,H Reported from Finance and referred to Appropriations (20-Y 2-N)
H24001V2511455,HB2109,1/28/2025,H Subcommittee recommends reporting and referring to Appropriations (7-Y 1-N)
H24V2511890,HB2109,1/30/2025,H Reported from Health and Human Services (20-Y 1-N)
2518491,HB2109,2/4/2025,H Read third time and passed House (98-Y 0-N)
S04V1661,HB2109,2/13/2025,S Reported from Education and Health with amendments (15-Y 0-N)
SV564,HB2109,2/17/2025,S Constitutional reading dispensed (on 2nd reading)
SV593,HB2109,2/18/2025,S Passed Senate with amendments (40-Y 0-N)
2518932,HB2109,2/19/2025,H Senate Amendments agreed to by House (96-Y 1-N)
2519253,HB2109,4/2/2025,H Passed by for the day (47-Y 46-N)
H11002V2510865,HB2110,1/23/2025,H Subcommittee recommends reporting (8-Y 0-N)
H11V2511403,HB2110,1/28/2025,H Reported from General Laws (22-Y 0-N)
2518337,HB2110,2/3/2025,H Read third time and passed House (98-Y 0-N)
2518364,HB2110,2/3/2025,H Read third time and passed House (99-Y 0-N)
S12V1592,HB2110,2/12/2025,S Reported from General Laws and Technology (15-Y 0-N)
SV522,HB2110,2/14/2025,S Constitutional reading dispensed (on 2nd reading) (36-Y 0-N)
SV558,HB2110,2/17/2025,S Passed Senate (39-Y 0-N)
H08001V2510145,HB2111,1/15/2025,H Subcommittee recommends reporting with amendment(s)  (8-Y 0-N)
H08V2510289,HB2111,1/17/2025,H Reported from Courts of Justice with amendment(s)  (22-Y 0-N)
2518204,HB2111,1/23/2025,H Read third time and passed House (97-Y 0-N)
S13V1157,HB2111,2/5/2025,S Reported from Courts of Justice (14-Y 0-N)
SV363,HB2111,2/7/2025,S Constitutional reading dispensed (on 2nd reading) (38-Y 0-N)
SV368,HB2111,2/10/2025,S Passed Senate (39-Y 0-N)
H14002V2510849,HB2112,1/23/2025,H Subcommittee recommends laying on the table (4-Y 3-N)
H14003V2510239,HB2113,1/16/2025,H Subcommittee recommends reporting and referred to Appropriations (7-Y 3-N)
H14V2510502,HB2113,1/21/2025,H Reported from Labor and Commerce and referred to Appropriations (15-Y 7-N)
H02V2512174,HB2113,1/31/2025,H Reported from Appropriations with substitute (16-Y 6-N)
2518492,HB2113,2/4/2025,H Read third time and passed House (68-Y 30-N)
S02V1361,HB2113,2/10/2025,S Reported from Commerce and Labor with amendment and rereferred to Finance and Appropriations (14-Y 0-N 1-A)
S05V2001,HB2113,2/17/2025,S Reported from Finance and Appropriations (14-Y 0-N)
SV738,HB2113,2/19/2025,S Constitutional reading dispensed (on 2nd reading) (40-Y 0-N)
SV824,HB2113,2/20/2025,S Passed Senate with amendment (39-Y 0-N)
2519100,HB2113,2/20/2025,H Senate Amendment agreed to by House (65-Y 31-N)
H10002V2510548,HB2114,1/21/2025,H Subcommittee recommends reporting (5-Y 3-N)
H10V2510694,HB2114,1/22/2025,H Reported from Finance (12-Y 10-N)
2518257,HB2114,1/28/2025,H Read third time and passed House (52-Y 46-N)
S05V1397,HB2114,2/11/2025,S Passed by indefinitely in Finance and Appropriations (15-Y 0-N)
H08002V2510708,HB2115,1/22/2025,H Subcommittee recommends reporting (8-Y 0-N)
H08V2511065,HB2115,1/24/2025,H Reported from Courts of Justice (22-Y 0-N)
2518291,HB2115,1/30/2025,H Read third time and passed House (96-Y 0-N)
S13V1615,HB2115,2/12/2025,S Reported from Courts of Justice (15-Y 0-N)
SV522,HB2115,2/14/2025,S Constitutional reading dispensed (on 2nd reading) (36-Y 0-N)
SV558,HB2115,2/17/2025,S Passed Senate (39-Y 0-N)
H19001V2510419,HB2116,1/21/2025,H Subcommittee recommends reporting with amendment(s)  (8-Y 0-N)
H19V2510807,HB2116,1/23/2025,H Reported from Transportation with substitute (21-Y 0-N)
2518288,HB2116,1/29/2025,H Read third time and passed House (96-Y 0-N)
S11V1210,HB2116,2/6/2025,S Reported from Transportation (15-Y 0-N)
SV375,HB2116,2/10/2025,S Constitutional reading dispensed (on 2nd reading) (39-Y 0-N)
SV396,HB2116,2/12/2025,S Passed Senate (39-Y 0-N)
H08001V2510359,HB2117,1/20/2025,H Subcommittee recommends reporting with amendment(s)  (8-Y 0-N)
H08V2511032,HB2117,1/24/2025,H Reported from Courts of Justice with amendment(s)  (22-Y 0-N)
2518291,HB2117,1/30/2025,H Read third time and passed House (96-Y 0-N)
S13V1896,HB2117,2/17/2025,S Reported from Courts of Justice with amendment (15-Y 0-N)
SV634,HB2117,2/18/2025,S Constitutional reading dispensed (on 2nd reading) (39-Y 0-N)
SV670,HB2117,2/19/2025,S Passed Senate with amendment (40-Y 0-N)
2519040,HB2117,2/20/2025,H Senate Amendment agreed to by House (96-Y 0-N)
H24001V2511457,HB2119,1/28/2025,H Subcommittee recommends reporting with substitute (8-Y 0-N)
H24V2511892,HB2119,1/30/2025,H Reported from Health and Human Services with substitute (21-Y 0-N)
2518374,HB2119,2/4/2025,H Read third time and passed House (97-Y 0-N)
2518375,HB2119,2/4/2025,H Passed House (99-Y 0-N)
S04V1638,HB2119,2/13/2025,S Reported from Education and Health (13-Y 0-N)
SV564,HB2119,2/17/2025,S Constitutional reading dispensed (on 2nd reading)
SV593,HB2119,2/18/2025,S Passed Senate (40-Y 0-N)
H08001V2511815,HB2120,1/29/2025,H Subcommittee recommends reporting with substitute (8-Y 0-N)
H08V2512227,HB2120,1/31/2025,H Reported from Courts of Justice with substitute (20-Y 0-N)
2518374,HB2120,2/4/2025,H Read third time and passed House (97-Y 0-N)
2518375,HB2120,2/4/2025,H Passed House (99-Y 0-N)
S13V1272,HB2120,2/10/2025,S Reported from Courts of Justice with substitute (15-Y 0-N)
SV382,HB2120,2/11/2025,S Constitutional reading dispensed (on 2nd reading) (40-Y 0-N)
SV396,HB2120,2/12/2025,S Passed Senate with substitute (39-Y 0-N)
2518793,HB2120,2/17/2025,H Senate substitute rejected by House (2-Y 94-N)
SV638,HB2120,2/18/2025,S Senate insisted on substitute (40-Y 0-N)
2519133,HB2120,2/21/2025,H Conference report agreed to by House (96-Y 0-N)
SV913,HB2120,2/21/2025,S Conference report agreed to by Senate (39-Y 0-N)
H21002V2510641,HB2121,1/22/2025,H Subcommittee recommends laying on the table (10-Y 0-N)
H11002V2510857,HB2122,1/23/2025,H Subcommittee recommends reporting with substitute (8-Y 0-N)
H11V2511408,HB2122,1/28/2025,H Reported from General Laws with substitute (19-Y 3-N)
2518348,HB2122,2/3/2025,H Read third time and passed House (75-Y 24-N 0-A
S12V1620,HB2122,2/12/2025,S Reported from General Laws and Technology with amendment (10-Y 5-N)
SV522,HB2122,2/14/2025,S Constitutional reading dispensed (on 2nd reading) (36-Y 0-N)
SV612,HB2122,2/18/2025,S Passed Senate with amendment (22-Y 18-N)
2518933,HB2122,2/19/2025,H Senate Amendment agreed to by House  (70-Y 27-N)
H08001V2512204,HB2123,1/31/2025,H Subcommittee recommends reporting with substitute (7-Y 1-N)
H08V2512224,HB2123,1/31/2025,H Reported from Courts of Justice with substitute (18-Y 2-N)
2518493,HB2123,2/4/2025,H Read third time and passed House (95-Y 0-N)
S13V1626,HB2123,2/12/2025,S Reported from Courts of Justice with substitute and rereferred to Finance and Appropriations (11-Y 1-N 1-A)
S05V1823,HB2123,2/14/2025,S Reported from Finance and Appropriations (13-Y 0-N)
SV567,HB2123,2/17/2025,S Constitutional reading dispensed (on 2nd reading) (39-Y 0-N)
SV703,HB2123,2/19/2025,S Passed Senate with substitute (38-Y 2-N)
2519041,HB2123,2/20/2025,H Senate substitute agreed to by House (97-Y 0-N)
H21002V2510643,HB2124,1/22/2025,H Subcommittee recommends reporting (9-Y 1-N)
H21V2511177,HB2124,1/27/2025,"H Reported from Communications, Technology and Innovation (20-Y 2-N)"
2518333,HB2124,1/31/2025,H Read third time and passed House (87-Y 9-N)
S13V1249,HB2124,2/10/2025,S Reported from Courts of Justice with amendment (15-Y 0-N)
SV382,HB2124,2/11/2025,S Constitutional reading dispensed (on 2nd reading) (40-Y 0-N)
SV396,HB2124,2/12/2025,S Passed Senate with amendment (39-Y 0-N)
2518765,HB2124,2/14/2025,H Senate Amendment agreed to by House (Y-88 N-7 A-0)
H11001V2510881,HB2125,1/23/2025,H Subcommittee recommends reporting with amendment(s)  and referring to Appropriations (8-Y 0-N)
H11V2511427,HB2125,1/28/2025,H Reported from General Laws with amendment(s)  and referred to Appropriations (22-Y 0-N)
H02V2512185,HB2125,1/31/2025,H Reported from Appropriations (22-Y 0-N)
2518374,HB2125,2/4/2025,H Read third time and passed House (97-Y 0-N)
2518375,HB2125,2/4/2025,H Passed House (99-Y 0-N)
S12V1536,HB2125,2/12/2025,S Reported from General Laws and Technology and rereferred to Finance and Appropriations (14-Y 0-N)
S05V1950,HB2125,2/17/2025,S Passed by indefinitely in Finance and Appropriations (12-Y 2-N)
H14004V2512005,HB2126,1/30/2025,H Subcommittee recommends laying on the table (4-Y 1-N)
H07003V2510247,HB2127,1/17/2025,H Subcommittee recommends laying on the table (5-Y 3-N)
H07002V2510158,HB2128,1/16/2025,H Subcommittee recommends reporting (8-Y 0-N)
H07V2510263,HB2128,1/17/2025,"H Reported from Counties, Cities and Towns (21-Y 1-N)"
2518219,HB2128,1/23/2025,H Read third time and passed House (86-Y 11-N)
S07V1302,HB2128,2/10/2025,S Reported from Local Government (15-Y 0-N)
SV382,HB2128,2/11/2025,S Constitutional reading dispensed (on 2nd reading) (40-Y 0-N)
SV396,HB2128,2/12/2025,S Passed Senate (39-Y 0-N)
H07003V2510971,HB2129,1/24/2025,H Subcommittee recommends laying on the table (5-Y 3-N)
H08002V2511248,HB2130,1/27/2025,H Subcommittee recommends reporting with substitute (8-Y 0-N)
H08V2511760,HB2130,1/29/2025,H Reported from Courts of Justice with substitute (22-Y 0-N)
2518374,HB2130,2/4/2025,H Read third time and passed House (97-Y 0-N)
2518375,HB2130,2/4/2025,H Passed House (99-Y 0-N)
S13V1616,HB2130,2/12/2025,S Reported from Courts of Justice with amendments (15-Y 0-N)
SV522,HB2130,2/14/2025,S Constitutional reading dispensed (on 2nd reading) (36-Y 0-N)
SV558,HB2130,2/17/2025,S Passed Senate with amendments (39-Y 0-N)
2518866,HB2130,2/18/2025,H Senate Amendments agreed to by House (97-Y 0-N)
H24002V2511872,HB2131,1/30/2025,H Subcommittee recommends laying on the table (5-Y 3-N)
H01002V2510408,HB2132,1/20/2025,H Subcommittee recommends laying on the table (6-Y 4-N)
H11002V2510834,HB2134,1/23/2025,H Subcommittee recommends reporting (8-Y 0-N)
H11V2511404,HB2134,1/28/2025,H Reported from General Laws (22-Y 0-N)
2518337,HB2134,2/3/2025,H Read third time and passed House (98-Y 0-N)
2518364,HB2134,2/3/2025,H Read third time and passed House (99-Y 0-N)
S12V1537,HB2134,2/12/2025,S Reported from General Laws and Technology and rereferred to Finance and Appropriations (14-Y 0-N)
S05V2004,HB2134,2/17/2025,S Reported from Finance and Appropriations with substitute (14-Y 0-N)
SV738,HB2134,2/19/2025,S Constitutional reading dispensed (on 2nd reading) (40-Y 0-N)
SV801,HB2134,2/20/2025,S Passed Senate with substitute (39-Y 0-N)
SV803,HB2134,2/20/2025,S Reconsideration of Senate passage agreed to by Senate (39-Y 0-N)
SV804,HB2134,2/20/2025,S Passed Senate with substitute (39-Y 0-N)
2519101,HB2134,2/20/2025,H Senate substitute agreed to by House (96-Y 0-N)
2519253,HB2134,4/2/2025,H Passed by for the day (47-Y 46-N)
H14002V2510854,HB2135,1/23/2025,H Subcommittee recommends reporting (5-Y 3-N)
H14V2511414,HB2135,1/28/2025,H Reported from Labor and Commerce and referred to Appropriations (12-Y 10-N)
H02001V2511692,HB2135,1/29/2025,H Subcommittee recommends laying on the table (6-Y 2-N)
H14003V2510563,HB2136,1/21/2025,H Subcommittee recommends reporting with substitute and referred to Appropriations (6-Y 4-N)
H14V2510843,HB2136,1/23/2025,H Reported from Labor and Commerce with substitute and referred to Appropriations (12-Y 10-N)
H02004V2511209,HB2136,1/27/2025,H Subcommittee recommends reporting (6-Y 2-N)
H02V2511713,HB2136,1/29/2025,H Reported from Appropriations (17-Y 4-N)
2518408,HB2136,2/4/2025,H Read third time and passed House (56-Y 43-N)
S02V1365,HB2136,2/10/2025,S Reported from Commerce and Labor with amendment and rereferred to Finance and Appropriations (9-Y 6-N)
S05V1842,HB2136,2/14/2025,S Reported from Finance and Appropriations with amendment (10-Y 4-N)
SV567,HB2136,2/17/2025,S Constitutional reading dispensed (on 2nd reading) (39-Y 0-N)
SV704,HB2136,2/19/2025,S Passed Senate with amendments (23-Y 17-N)
2519042,HB2136,2/20/2025,H Senate Amendments agreed to by House (56-Y 42-N)
H07002V2510159,HB2137,1/16/2025,H Subcommittee recommends reporting (6-Y 1-N)
H07V2510264,HB2137,1/17/2025,"H Reported from Counties, Cities and Towns (22-Y 0-N)"
2518224,HB2137,1/23/2025,H Read third time and passed House (86-Y 9-N)
S07V1263,HB2137,2/10/2025,S Reported from Local Government (15-Y 0-N)
SV382,HB2137,2/11/2025,S Constitutional reading dispensed (on 2nd reading) (40-Y 0-N)
SV396,HB2137,2/12/2025,S Passed Senate (39-Y 0-N)
H19002V2510446,HB2138,1/21/2025,H Subcommittee recommends reporting (8-Y 0-N)
H19V2510798,HB2138,1/23/2025,H Reported from Transportation (21-Y 0-N)
2518272,HB2138,1/29/2025,H Read third time and passed House (97-Y 0-N)
S11V1205,HB2138,2/6/2025,S Reported from Transportation (8-Y 6-N)
SV375,HB2138,2/10/2025,S Constitutional reading dispensed (on 2nd reading) (39-Y 0-N)
SV412,HB2138,2/12/2025,S Defeated by Senate (12-Y 25-N)
SV414,HB2138,2/12/2025,S Reconsideration of defeated action agreed to by Senate (38-Y 0-N)
SV458,HB2138,2/13/2025,S Defeated by Senate (18-Y 19-N 1-A)
SV463,HB2138,2/13/2025,S Reconsideration of defeated action agreed to by Senate (40-Y 0-N)
SV464,HB2138,2/13/2025,S Passed Senate (20-Y 19-N)
SV465,HB2138,2/13/2025,S Reconsideration of Senate passage agreed to by Senate (39-Y 0-N)
SV467,HB2138,2/13/2025,S Defeated by Senate (4-Y 17-N)
H18001V2510393,HB2139,1/20/2025,H Subcommittee recommends passing by indefinitely (7-Y 1-N)
H18003V2510590,HB2140,1/22/2025,H Subcommittee recommends reporting and referred to Appropriations (8-Y 0-N)
H18V2510977,HB2140,1/24/2025,H Reported from Privileges and Elections (21-Y 0-N)
2518291,HB2140,1/30/2025,H Read third time and passed House (96-Y 0-N)
S08V1436,HB2140,2/11/2025,S Reported from Privileges and Elections and rereferred to Finance and Appropriations (15-Y 0-N)
S05V1940,HB2140,2/17/2025,S Passed by indefinitely in Finance and Appropriations (8-Y 6-N)
H19004V2510731,HB2141,1/22/2025,H Subcommittee recommends laying on the table (5-Y 2-N)
H07003V2510969,HB2142,1/24/2025,H Subcommittee recommends laying on the table (5-Y 3-N)
H19004V2510736,HB2143,1/22/2025,H Subcommittee recommends laying on the table (5-Y 2-N)
H15001V2510887,HB2145,1/23/2025,H Subcommittee recommends laying on the table (8-Y 0-N)
H07003V2510968,HB2148,1/24/2025,H Subcommittee recommends laying on the table (5-Y 3-N)
H11002V2510852,HB2149,1/23/2025,H Subcommittee recommends reporting with amendment(s)  and referring to Appropriations (8-Y 0-N)
H11V2511415,HB2149,1/28/2025,H Reported from General Laws with amendment(s)  and referred to Appropriations (20-Y 2-N)
H02001V2511694,HB2149,1/29/2025,H Subcommittee recommends reporting (7-Y 1-N)
H02V2511750,HB2149,1/29/2025,H Reported from Appropriations (15-Y 6-N)
2518409,HB2149,2/4/2025,H Read third time and passed House (70-Y 29-N)
S12V1597,HB2149,2/12/2025,S Reported from General Laws and Technology and rereferred to Finance and Appropriations (15-Y 0-N)
S05V1986,HB2149,2/17/2025,S Passed by indefinitely in Finance and Appropriations (13-Y 0-N 1-A)
H11004V2511512,HB2150,1/28/2025,H Subcommittee recommends reporting with amendment(s)  (6-Y 2-N)
H11V2512017,HB2150,1/30/2025,H Reported from General Laws with amendment(s)  (21-Y 0-N)
2518374,HB2150,2/4/2025,H Read third time and passed House (97-Y 0-N)
2518375,HB2150,2/4/2025,H Passed House (99-Y 0-N)
S12V1600,HB2150,2/12/2025,S Reported from General Laws and Technology (15-Y 0-N)
SV522,HB2150,2/14/2025,S Constitutional reading dispensed (on 2nd reading) (36-Y 0-N)
SV558,HB2150,2/17/2025,S Passed Senate (39-Y 0-N)
H11002V2510829,HB2151,1/23/2025,H Subcommittee recommends reporting (7-Y 1-N)
H11V2511418,HB2151,1/28/2025,H Reported from General Laws (21-Y 1-N)
2518349,HB2151,2/3/2025,H Read third time and passed House (98-Y 1-N)
S12V1601,HB2151,2/12/2025,S Reported from General Laws and Technology (15-Y 0-N)
SV522,HB2151,2/14/2025,S Constitutional reading dispensed (on 2nd reading) (36-Y 0-N)
SV558,HB2151,2/17/2025,S Passed Senate (39-Y 0-N)
H11004V2510525,HB2152,1/21/2025,H Subcommittee recommends reporting and referred to Appropriations (8-Y 0-N)
H11V2510822,HB2152,1/23/2025,H Reported from General Laws and referred to Appropriations (21-Y 0-N)
H02004V2511210,HB2152,1/27/2025,H Subcommittee recommends reporting (8-Y 0-N)
H02V2511714,HB2152,1/29/2025,H Reported from Appropriations (20-Y 1-N)
2518410,HB2152,2/4/2025,H Read third time and passed House (97-Y 2-N)
S12V1602,HB2152,2/12/2025,S Reported from General Laws and Technology and rereferred to Finance and Appropriations (15-Y 0-N)
S05V1967,HB2152,2/17/2025,S Reported from Finance and Appropriations (14-Y 0-N)
SV738,HB2152,2/19/2025,S Constitutional reading dispensed (on 2nd reading) (40-Y 0-N)
SV801,HB2152,2/20/2025,S Passed Senate (39-Y 0-N)
SV803,HB2152,2/20/2025,S Reconsideration of Senate passage agreed to by Senate (39-Y 0-N)
SV804,HB2152,2/20/2025,S Passed Senate (39-Y 0-N)
H11002V2511977,HB2153,1/30/2025,H Subcommittee recommends reporting with substitute (6-Y 2-N)
H11V2512023,HB2153,1/30/2025,H Reported from General Laws with substitute (14-Y 7-N)
2518494,HB2153,2/4/2025,H Read third time and passed House (52-Y 45-N)
S12V1606,HB2153,2/12/2025,S Reported from General Laws and Technology with substitute (9-Y 6-N)
SV522,HB2153,2/14/2025,S Constitutional reading dispensed (on 2nd reading) (36-Y 0-N)
SV613,HB2153,2/18/2025,S Passed Senate with substitute (21-Y 19-N)
2518934,HB2153,2/19/2025,H Senate substitute agreed to by House (52-Y 45-N)
2519335,HB2153,4/2/2025,H House concurred in Governor's recommendation (84-Y 12-N)
SV1097,HB2153,4/2/2025,S Senate concurred in Governor's recommendation (35-Y 5-N)
H11001V2510882,HB2154,1/23/2025,H Subcommittee recommends reporting with amendment(s)  (8-Y 0-N)
H11V2511435,HB2154,1/28/2025,H Reported from General Laws with amendment(s)  (22-Y 0-N)
2518362,HB2154,2/3/2025,H Read third time and passed House  (98-Y 1-N)
S12V1552,HB2154,2/12/2025,S Reported from General Laws and Technology (15-Y 0-N)
SV522,HB2154,2/14/2025,S Constitutional reading dispensed (on 2nd reading) (36-Y 0-N)
SV558,HB2154,2/17/2025,S Passed Senate (39-Y 0-N)
H09001V2510414,HB2155,1/21/2025,H Subcommittee recommends striking from the docket (8-Y 0-N)
H09002V2510339,HB2156,1/20/2025,H Subcommittee recommends reporting with substitute (10-Y 0-N)
H09V2510604,HB2156,1/22/2025,H Reported from Education with substitute (22-Y 0-N)
2518267,HB2156,1/28/2025,H Read third time and passed House (98-Y 1-N)
S04V1688,HB2156,2/13/2025,S Reported from Education and Health and rereferred to Finance and Appropriations (15-Y 0-N)
S05V1862,HB2156,2/14/2025,S Reported from Finance and Appropriations with substitute (14-Y 0-N)
SV567,HB2156,2/17/2025,S Constitutional reading dispensed (on 2nd reading) (39-Y 0-N)
SV593,HB2156,2/18/2025,S Passed Senate with substitute (40-Y 0-N)
2518935,HB2156,2/19/2025,H Senate substitute agreed to by House (96-Y 0-N)
H09002V2510337,HB2157,1/20/2025,H Subcommittee recommends reporting with substitute (10-Y 0-N)
H09V2510605,HB2157,1/22/2025,H Reported from Education with substitute (22-Y 0-N)
2518240,HB2157,1/28/2025,H Read third time and passed House (99-Y 0-N)
S04V1196,HB2157,2/6/2025,S Reported from Education and Health and rereferred to Finance and Appropriations (14-Y 0-N)
S05V1372,HB2157,2/11/2025,S Reported from Finance and Appropriations (13-Y 0-N)
SV383,HB2157,2/11/2025,S Constitutional reading dispensed (on 2nd reading) (40-Y 0-N)
SV396,HB2157,2/12/2025,S Passed Senate (39-Y 0-N)
2519253,HB2157,4/2/2025,H Passed by for the day (47-Y 46-N)
H09001V2511183,HB2158,1/27/2025,H Subcommittee recommends reporting with amendment(s)  (8-Y 0-N)
H09V2511581,HB2158,1/29/2025,H Reported from Education with amendment(s)  (16-Y 6-N)
2518411,HB2158,2/4/2025,H Read third time and passed House (81-Y 18-N)
S04V1696,HB2158,2/13/2025,S Reported from Education and Health with amendments and rereferred to Finance and Appropriations (15-Y 0-N)
S05V1987,HB2158,2/17/2025,S Reported from Finance and Appropriations with substitute (14-Y 0-N)
SV738,HB2158,2/19/2025,S Constitutional reading dispensed (on 2nd reading) (40-Y 0-N)
SV801,HB2158,2/20/2025,S Passed Senate with substitute (39-Y 0-N)
SV803,HB2158,2/20/2025,S Reconsideration of Senate passage agreed to by Senate (39-Y 0-N)
SV804,HB2158,2/20/2025,S Passed Senate with substitute (39-Y 0-N)
2519102,HB2158,2/20/2025,H Senate substitute rejected by House (0-Y 96-N)
SV897,HB2158,2/20/2025,S Senate insisted on substitute (38-Y 0-N)
2519134,HB2158,2/21/2025,H Conference report agreed to by House (81-Y 13-N)
SV914,HB2158,2/21/2025,S Conference report agreed to by Senate (39-Y 0-N)
2519253,HB2158,4/2/2025,H Passed by for the day (47-Y 46-N)
H24004V2510914,HB2160,1/23/2025,H Subcommittee recommends reporting and referring to Appropriations (8-Y 0-N)
H24V2511341,HB2160,1/28/2025,H Reported from Health and Human Services and referred to Appropriations (21-Y 0-N)
H02005V2511807,HB2160,1/29/2025,H Subcommittee recommends reporting (6-Y 0-N)
H02V2512150,HB2160,1/31/2025,H Reported from Appropriations (22-Y 0-N)
2518374,HB2160,2/4/2025,H Read third time and passed House (97-Y 0-N)
2518375,HB2160,2/4/2025,H Passed House (99-Y 0-N)
S04V1662,HB2160,2/13/2025,S Reported from Education and Health and rereferred to Finance and Appropriations (15-Y 0-N)
S05V1988,HB2160,2/17/2025,S Passed by indefinitely in Finance and Appropriations (14-Y 0-N)
H09002V2510338,HB2161,1/20/2025,H Subcommittee recommends reporting and referred to Appropriations (10-Y 0-N)
H09V2510606,HB2161,1/22/2025,H Reported from Education and referred to Appropriations (22-Y 0-N)
H02V2512199,HB2161,1/31/2025,H Reported from Appropriations with amendment(s)  (22-Y 0-N)
2518374,HB2161,2/4/2025,H Read third time and passed House (97-Y 0-N)
2518375,HB2161,2/4/2025,H Passed House (99-Y 0-N)
S04V1689,HB2161,2/13/2025,S Reported from Education and Health (15-Y 0-N)
SV564,HB2161,2/17/2025,S Constitutional reading dispensed (on 2nd reading)
SV593,HB2161,2/18/2025,S Passed Senate (40-Y 0-N)
2519253,HB2161,4/2/2025,H Passed by for the day (47-Y 46-N)
H08003V2511092,HB2162,1/24/2025,H Subcommittee recommends reporting and referring to Appropriations (8-Y 0-N)
H08V2511772,HB2162,1/29/2025,H Reported from Courts of Justice and referred to Appropriations (21-Y 0-N)
H02V2512186,HB2162,1/31/2025,H Reported from Appropriations (22-Y 0-N)
2518374,HB2162,2/4/2025,H Read third time and passed House (97-Y 0-N)
2518375,HB2162,2/4/2025,H Passed House (99-Y 0-N)
S13V1619,HB2162,2/12/2025,S Reported from Courts of Justice and rereferred to Finance and Appropriations (13-Y 0-N)
S05V1968,HB2162,2/17/2025,S Reported from Finance and Appropriations (14-Y 0-N)
SV738,HB2162,2/19/2025,S Constitutional reading dispensed (on 2nd reading) (40-Y 0-N)
SV801,HB2162,2/20/2025,S Passed Senate (39-Y 0-N)
SV803,HB2162,2/20/2025,S Reconsideration of Senate passage agreed to by Senate (39-Y 0-N)
SV804,HB2162,2/20/2025,S Passed Senate (39-Y 0-N)
H11002V2511978,HB2163,1/30/2025,H Subcommittee recommends reporting with substitute (8-Y 0-N)
H11V2512024,HB2163,1/30/2025,H Reported from General Laws with substitute (21-Y 0-N)
2518374,HB2163,2/4/2025,H Read third time and passed House (97-Y 0-N)
2518375,HB2163,2/4/2025,H Passed House (99-Y 0-N)
S12V1608,HB2163,2/12/2025,S Reported from General Laws and Technology with amendments and rereferred to Finance and Appropriations (15-Y 0-N)
S05V1989,HB2163,2/17/2025,S Reported from Finance and Appropriations (14-Y 0-N)
SV738,HB2163,2/19/2025,S Constitutional reading dispensed (on 2nd reading) (40-Y 0-N)
SV801,HB2163,2/20/2025,S Passed Senate with amendments (39-Y 0-N)
SV803,HB2163,2/20/2025,S Reconsideration of Senate passage agreed to by Senate (39-Y 0-N)
SV804,HB2163,2/20/2025,S Passed Senate with amendments (39-Y 0-N)
2519103,HB2163,2/20/2025,H Senate Amendments agreed to by House (94-Y 1-N)
2519121,HB2163,2/20/2025,H Senate Amendments agreed to by House (94-Y 2-N)
H02003V2510385,HB2164,1/20/2025,H Subcommittee recommends laying on the table (8-Y 0-N)
H18003V2510589,HB2165,1/22/2025,H Subcommittee recommends reporting with substitute (8-Y 0-N)
H18V2511278,HB2165,1/27/2025,H Reported from Privileges and Elections with substitute and referred to Appropriations (20-Y 0-N)
H02V2512187,HB2165,1/31/2025,H Reported from Appropriations (22-Y 0-N)
2518374,HB2165,2/4/2025,H Read third time and passed House (97-Y 0-N)
2518375,HB2165,2/4/2025,H Passed House (99-Y 0-N)
S08V1418,HB2165,2/11/2025,S Reported from Privileges and Elections and rereferred to Finance and Appropriations (14-Y 1-N)
S05V1843,HB2165,2/14/2025,S Reported from Finance and Appropriations (14-Y 0-N)
SV567,HB2165,2/17/2025,S Constitutional reading dispensed (on 2nd reading) (39-Y 0-N)
SV705,HB2165,2/19/2025,S Passed Senate (40-Y 0-N)
H11003V2511445,HB2166,1/28/2025,H Subcommittee recommends reporting with substitute (8-Y 0-N)
H11V2512008,HB2166,1/30/2025,H Reported from General Laws with substitute (21-Y 0-N)
2518546,HB2166,2/4/2025,H Read third time and passed House (89-Y 8-N)
S12V1553,HB2166,2/12/2025,S Reported from General Laws and Technology and rereferred to Finance and Appropriations (14-Y 0-N)
H11003V2510519,HB2167,1/21/2025,H Subcommittee recommends reporting with substitute (6-Y 1-N)
H11V2510820,HB2167,1/23/2025,H Reported from General Laws with substitute (21-Y 0-N)
2518289,HB2167,1/29/2025,H Read third time and passed House (96-Y 1-N)
S12V1164,HB2167,2/5/2025,S Reported from General Laws and Technology and rereferred to Finance and Appropriations (15-Y 0-N)
S05V1398,HB2167,2/11/2025,S Passed by indefinitely in Finance and Appropriations (11-Y 4-N)
H01002V2511617,HB2170,1/29/2025,H Subcommittee recommends reporting with substitute (10-Y 0-N)
H01V2511626,HB2170,1/29/2025,"H Reported from Agriculture, Chesapeake and Natural Resources with substitute (22-Y 0-N)"
2518374,HB2170,2/4/2025,H Read third time and passed House (97-Y 0-N)
2518375,HB2170,2/4/2025,H Passed House (99-Y 0-N)
S01V1423,HB2170,2/11/2025,"S Reported from Agriculture, Conservation and Natural Resources and rereferred to Finance and Appropriations (14-Y 0-N)"
S05V1859,HB2170,2/14/2025,S Passed by indefinitely in Finance and Appropriations (10-Y 4-N)
H11003V2510516,HB2171,1/21/2025,H Subcommittee recommends laying on the table (7-Y 0-N)
H07002V2510772,HB2172,1/23/2025,H Subcommittee recommends reporting (8-Y 0-N)
H07V2510991,HB2172,1/24/2025,"H Reported from Counties, Cities and Towns (20-Y 0-N)"
2518291,HB2172,1/30/2025,H Read third time and passed House (96-Y 0-N)
S07V1303,HB2172,2/10/2025,S Passed by indefinitely in Local Government (8-Y 7-N)
H08002V2510363,HB2174,1/20/2025,H Subcommittee recommends reporting (8-Y 0-N)
H08V2511066,HB2174,1/24/2025,H Reported from Courts of Justice (22-Y 0-N)
2518291,HB2174,1/30/2025,H Read third time and passed House (96-Y 0-N)
S13V1323,HB2174,2/10/2025,S Reported from Courts of Justice (12-Y 0-N)
SV382,HB2174,2/11/2025,S Constitutional reading dispensed (on 2nd reading) (40-Y 0-N)
SV396,HB2174,2/12/2025,S Passed Senate (39-Y 0-N)
H07001V2510594,HB2175,1/22/2025,H Subcommittee recommends reporting with amendment(s)  (5-Y 3-N)
H07V2512117,HB2175,1/31/2025,"H Reported from Counties, Cities and Towns with amendment(s)  (11-Y 10-N)"
H08001V2511108,HB2177,1/24/2025,H Subcommittee recommends reporting (8-Y 0-N)
H08V2511706,HB2177,1/29/2025,H Reported from Courts of Justice with substitute (22-Y 0-N)
2518374,HB2177,2/4/2025,H Read third time and passed House (97-Y 0-N)
2518375,HB2177,2/4/2025,H Passed House (99-Y 0-N)
S13V1881,HB2177,2/17/2025,S Reported from Courts of Justice with amendments (15-Y 0-N)
SV634,HB2177,2/18/2025,S Constitutional reading dispensed (on 2nd reading) (39-Y 0-N)
SV670,HB2177,2/19/2025,S Passed Senate with amendments (40-Y 0-N)
2519043,HB2177,2/20/2025,H Senate Amendments agreed to by House (97-Y 0-N)
H01002V2511257,HB2178,1/27/2025,H Subcommittee recommends laying on the table (10-Y 0-N)
H02001V2510715,HB2179,1/22/2025,H Subcommittee recommends reporting with amendment(s)  (8-Y 0-N)
H02V2511011,HB2179,1/24/2025,H Reported from Appropriations with amendment(s)  (22-Y 0-N)
2518317,HB2179,1/30/2025,H Read third time and passed House (90-Y 6-N)
S05V1129,HB2179,2/5/2025,S Reported from Finance and Appropriations with substitute (13-Y 0-N)
SV353,HB2179,2/6/2025,S Constitutional reading dispensed (on 2nd reading) (40-Y 0-N)
SV361,HB2179,2/7/2025,S Passed Senate with substitute (39-Y 0-N)
2518657,HB2179,2/11/2025,H Senate substitute agreed to by House (84-Y 9-N)
H10003V2511191,HB2180,1/27/2025,H Subcommittee recommends reporting with amendment(s)  and referring to Appropriations (5-Y 3-N)
H10V2511670,HB2180,1/29/2025,H Reported from Finance with amendment(s)  and referred to Appropriations (12-Y 10-N)
H02004V2510374,HB2181,1/20/2025,H Subcommittee recommends striking from the docket (8-Y 0-N)
H02V2510690,HB2181,1/22/2025,H Stricken from docket by Appropriations (22-Y 0-N)
H07003V2510970,HB2184,1/24/2025,H Subcommittee recommends laying on the table (5-Y 3-N)
H08002V2511226,HB2187,1/27/2025,H Subcommittee recommends reporting with amendment(s)  and referring to Appropriations (8-Y 0-N)
H08V2511770,HB2187,1/29/2025,H Reported from Courts of Justice with amendment(s)  and referred to Appropriations (21-Y 0-N)
H24001V2511837,HB2189,1/29/2025,H Subcommittee failed to recommend reporting (3-Y 5-N)
H09001V2511510,HB2190,1/28/2025,H Subcommittee recommends laying on the table (5-Y 3-N)
H15002V2511866,HB2193,1/30/2025,H Subcommittee recommends reporting (5-Y 0-N)
H15V2512094,HB2193,1/31/2025,H Reported from Public Safety (20-Y 0-N)
2518374,HB2193,2/4/2025,H Read third time and passed House (97-Y 0-N)
2518375,HB2193,2/4/2025,H Passed House (99-Y 0-N)
S12V1590,HB2193,2/12/2025,S Passed by indefinitely in General Laws and Technology (9-Y 6-N)
H11001V2511990,HB2195,1/30/2025,H Subcommittee recommends reporting with substitute (8-Y 0-N)
H11V2512039,HB2195,1/30/2025,H Reported from General Laws with substitute (21-Y 0-N)
2518374,HB2195,2/4/2025,H Read third time and passed House (97-Y 0-N)
2518375,HB2195,2/4/2025,H Passed House (99-Y 0-N)
S12V1624,HB2195,2/12/2025,S Reported from General Laws and Technology (15-Y 0-N)
SV522,HB2195,2/14/2025,S Constitutional reading dispensed (on 2nd reading) (36-Y 0-N)
SV558,HB2195,2/17/2025,S Passed Senate (39-Y 0-N)
H09001V2511302,HB2196,1/28/2025,H Subcommittee recommends reporting with substitute (5-Y 3-N)
H09V2511601,HB2196,1/29/2025,H Reported from Education with substitute (12-Y 10-N)
2518412,HB2196,2/4/2025,H Read third time and passed House (51-Y 48-N)
S04V1746,HB2196,2/13/2025,S Reported from Education and Health with substitute and rereferred to Finance and Appropriations (9-Y 6-N)
S05V1869,HB2196,2/14/2025,S Passed by indefinitely in Finance and Appropriations (13-Y 1-N)
H14003V2510926,HB2197,1/23/2025,H Subcommittee recommends laying on the table (6-Y 4-N)
H24001V2511798,HB2198,1/29/2025,H Subcommittee recommends reporting with substitute and referring to Appropriations (8-Y 0-N)
H24V2511901,HB2198,1/30/2025,H Reported from Health and Human Services with substitute and referred to Appropriations (21-Y 0-N)
H02V2512151,HB2198,1/31/2025,H Reported from Appropriations (22-Y 0-N)
2518374,HB2198,2/4/2025,H Read third time and passed House (97-Y 0-N)
2518375,HB2198,2/4/2025,H Passed House (99-Y 0-N)
S04V1678,HB2198,2/13/2025,S Reported from Education and Health and rereferred to Finance and Appropriations (15-Y 0-N)
S05V2007,HB2198,2/17/2025,S Reported from Finance and Appropriations with substitute (14-Y 0-N)
SV738,HB2198,2/19/2025,S Constitutional reading dispensed (on 2nd reading) (40-Y 0-N)
SV801,HB2198,2/20/2025,S Passed Senate with substitute (39-Y 0-N)
SV803,HB2198,2/20/2025,S Reconsideration of Senate passage agreed to by Senate (39-Y 0-N)
SV804,HB2198,2/20/2025,S Passed Senate with substitute (39-Y 0-N)
2519104,HB2198,2/20/2025,H Senate substitute rejected by House (0-Y 96-N)
SV897,HB2198,2/20/2025,S Senate insisted on substitute (38-Y 0-N)
SV966,HB2198,2/22/2025,S Conference report agreed to by Senate (40-Y 0-N)
2519183,HB2198,2/22/2025,H Conference report agreed to by House (99-Y 0-N)
H07001V2510607,HB2199,1/22/2025,H Subcommittee recommends reporting (8-Y 0-N)
H07V2510985,HB2199,1/24/2025,"H Reported from Counties, Cities and Towns (20-Y 0-N)"
2518291,HB2199,1/30/2025,H Read third time and passed House (96-Y 0-N)
S07V1257,HB2199,2/10/2025,S Reported from Local Government (14-Y 0-N)
SV382,HB2199,2/11/2025,S Constitutional reading dispensed (on 2nd reading) (40-Y 0-N)
SV396,HB2199,2/12/2025,S Passed Senate (39-Y 0-N)
H14003V2510928,HB2200,1/23/2025,H Subcommittee recommends laying on the table (7-Y 4-N)
H09001V2511497,HB2201,1/28/2025,H Subcommittee recommends reporting with substitute (5-Y 3-N)
H09V2511602,HB2201,1/29/2025,H Reported from Education with substitute (12-Y 10-N)
2518413,HB2201,2/4/2025,H Read third time and passed House (57-Y 41-N)
S04V1747,HB2201,2/13/2025,S Reported from Education and Health with substitute (15-Y 0-N)
SV564,HB2201,2/17/2025,S Constitutional reading dispensed (on 2nd reading)
SV595,HB2201,2/18/2025,S Committee substitute reconsidered (40-Y 0-N)
SV596,HB2201,2/18/2025,S Passed Senate (40-Y 0-N)
H11002V2510846,HB2203,1/23/2025,H Subcommittee recommends reporting (8-Y 0-N)
H11V2511405,HB2203,1/28/2025,H Reported from General Laws (22-Y 0-N)
2518337,HB2203,2/3/2025,H Read third time and passed House (98-Y 0-N)
2518364,HB2203,2/3/2025,H Read third time and passed House (99-Y 0-N)
S12V1539,HB2203,2/12/2025,S Reported from General Laws and Technology (14-Y 0-N)
SV522,HB2203,2/14/2025,S Constitutional reading dispensed (on 2nd reading) (36-Y 0-N)
SV558,HB2203,2/17/2025,S Passed Senate (39-Y 0-N)
H19001V2511294,HB2205,1/28/2025,H Subcommittee recommends reporting (8-Y 0-N)
H19V2511922,HB2205,1/30/2025,H Reported from Transportation (22-Y 0-N)
2518374,HB2205,2/4/2025,H Read third time and passed House (97-Y 0-N)
2518375,HB2205,2/4/2025,H Passed House (99-Y 0-N)
S11V1742,HB2205,2/13/2025,S Reported from Transportation (13-Y 0-N)
SV564,HB2205,2/17/2025,S Constitutional reading dispensed (on 2nd reading)
SV593,HB2205,2/18/2025,S Passed Senate (40-Y 0-N)
H14001V2511490,HB2208,1/28/2025,H Subcommittee recommends reporting with substitute and referring to Appropriations (4-Y 3-N)
H14V2512042,HB2208,1/30/2025,H Reported from Labor and Commerce with substitute and referred to Appropriations (12-Y 10-N)
H11002V2511952,HB2210,1/30/2025,H Subcommittee recommends reporting (8-Y 0-N)
H11V2512025,HB2210,1/30/2025,H Reported from General Laws (21-Y 0-N)
2518374,HB2210,2/4/2025,H Read third time and passed House (97-Y 0-N)
2518375,HB2210,2/4/2025,H Passed House (99-Y 0-N)
S12V1540,HB2210,2/12/2025,S Reported from General Laws and Technology (14-Y 0-N)
SV522,HB2210,2/14/2025,S Constitutional reading dispensed (on 2nd reading) (36-Y 0-N)
SV558,HB2210,2/17/2025,S Passed Senate (39-Y 0-N)
2519306,HB2210,4/2/2025,H House concurred in Governor's recommendation (95-Y 0-N)
SV1084,HB2210,4/2/2025,S Senate concurred in Governor's recommendation (40-Y 0-N)
H19004V2511789,HB2211,1/29/2025,H Subcommittee recommends reporting (6-Y 0-N)
H19V2511937,HB2211,1/30/2025,H Reported from Transportation (22-Y 0-N)
2518374,HB2211,2/4/2025,H Read third time and passed House (97-Y 0-N)
2518375,HB2211,2/4/2025,H Passed House (99-Y 0-N)
S11V1781,HB2211,2/13/2025,S Reported from Transportation (15-Y 0-N)
SV564,HB2211,2/17/2025,S Constitutional reading dispensed (on 2nd reading)
SV593,HB2211,2/18/2025,S Passed Senate (40-Y 0-N)
H01002V2510396,HB2212,1/20/2025,H Subcommittee recommends laying on the table (7-Y 3-N)
H09001V2510533,HB2213,1/21/2025,H Subcommittee recommends reporting (8-Y 0-N)
H09V2510624,HB2213,1/22/2025,H Reported from Education (22-Y 0-N)
2518240,HB2213,1/28/2025,H Read third time and passed House (99-Y 0-N)
S04V1731,HB2213,2/13/2025,S Reported from Education and Health and rereferred to Finance and Appropriations (15-Y 0-N)
S05V1973,HB2213,2/17/2025,S Reported from Finance and Appropriations (14-Y 0-N)
SV738,HB2213,2/19/2025,S Constitutional reading dispensed (on 2nd reading) (40-Y 0-N)
SV801,HB2213,2/20/2025,S Passed Senate (39-Y 0-N)
SV803,HB2213,2/20/2025,S Reconsideration of Senate passage agreed to by Senate (39-Y 0-N)
SV804,HB2213,2/20/2025,S Passed Senate (39-Y 0-N)
H19003V2511835,HB2214,1/29/2025,H Subcommittee failed to recommend reporting (3-Y 4-N)
H18001V2510402,HB2216,1/20/2025,H Subcommittee recommends reporting (6-Y 2-N)
H18V2510976,HB2216,1/24/2025,H Reported from Privileges and Elections (20-Y 1-N)
2518325,HB2216,1/31/2025,H Read third time and passed House (94-Y 1-N)
S08V1444,HB2216,2/11/2025,S Passed by indefinitely in Privileges and Elections (8-Y 7-N)
H08001V2510376,HB2217,1/20/2025,H Subcommittee recommends reporting with substitute (7-Y 1-N)
H08V2511046,HB2217,1/24/2025,H Reported from Courts of Justice with substitute (14-Y 8-N)
2518307,HB2217,1/30/2025,H Read third time and passed House (51-Y 44-N)
S13V1156,HB2217,2/5/2025,S Reported from Courts of Justice and rereferred to Finance and Appropriations (14-Y 0-N)
S05V1388,HB2217,2/11/2025,S Passed by indefinitely in Finance and Appropriations (15-Y 0-N)
H11002V2510847,HB2218,1/23/2025,H Subcommittee recommends reporting with amendment(s)  (5-Y 3-N)
H11V2511421,HB2218,1/28/2025,H Reported from General Laws with substitute (12-Y 10-N)
2518350,HB2218,2/3/2025,H Read third time and passed House (51-Y 48-N)
S12V1561,HB2218,2/12/2025,S Reported from General Laws and Technology (15-Y 0-N)
SV522,HB2218,2/14/2025,S Constitutional reading dispensed (on 2nd reading) (36-Y 0-N)
SV560,HB2218,2/17/2025,S Passed Senate (38-Y 1-N)
2519307,HB2218,4/2/2025,H House concurred in Governor's recommendation (90-Y 4-N)
SV1084,HB2218,4/2/2025,S Senate concurred in Governor's recommendation (40-Y 0-N)
H09001V2510459,HB2219,1/21/2025,H Subcommittee recommends reporting with amendment(s)  (8-Y 0-N)
H09V2510625,HB2219,1/22/2025,H Reported from Education with amendment(s)  (22-Y 0-N)
2518240,HB2219,1/28/2025,H Read third time and passed House (99-Y 0-N)
S04V1706,HB2219,2/13/2025,S Reported from Education and Health with amendments (15-Y 0-N)
SV564,HB2219,2/17/2025,S Constitutional reading dispensed (on 2nd reading)
SV593,HB2219,2/18/2025,S Passed Senate with amendments (40-Y 0-N)
2518936,HB2219,2/19/2025,H Senate Amendments agreed to by House (96-Y 0-N)
H08001V2511103,HB2220,1/24/2025,H Subcommittee recommends striking from the docket (8-Y 0-N)
H15002V2511869,HB2221,1/30/2025,H Subcommittee recommends reporting with substitute (6-Y 0-N)
H15V2512095,HB2221,1/31/2025,H Reported from Public Safety with substitute (21-Y 0-N)
2518374,HB2221,2/4/2025,H Read third time and passed House (97-Y 0-N)
2518375,HB2221,2/4/2025,H Passed House (99-Y 0-N)
S09V1228,HB2221,2/7/2025,S Reported from Rehabilitation and Social Services with amendments and rereferred to Finance and Appropriations (15-Y 0-N)
S05V1494,HB2221,2/12/2025,S Reported from Finance and Appropriations with amendments (10-Y 5-N)
SV472,HB2221,2/13/2025,S Constitutional reading dispensed (on 2nd reading) (40-Y 0-N)
SV512,HB2221,2/14/2025,S Passed Senate with amendments (20-Y 15-N)
2518867,HB2221,2/18/2025,H Senate Amendments agreed to by House (96-Y 1-N)
2519308,HB2221,4/2/2025,H House concurred in Governor's recommendation (95-Y 0-N)
SV1098,HB2221,4/2/2025,S Senate concurred in Governor's recommendation (39-Y 1-N)
H08001V2510368,HB2222,1/20/2025,H Subcommittee recommends reporting with substitute (8-Y 0-N)
H08V2511033,HB2222,1/24/2025,H Reported from Courts of Justice with substitute (22-Y 0-N)
2518291,HB2222,1/30/2025,H Read third time and passed House (96-Y 0-N)
S13V1276,HB2222,2/10/2025,S Reported from Courts of Justice (14-Y 0-N 1-A)
SV382,HB2222,2/11/2025,S Constitutional reading dispensed (on 2nd reading) (40-Y 0-N)
SV425,HB2222,2/12/2025,S Passed Senate (37-Y 1-N)
H08001V2510369,HB2223,1/20/2025,H Subcommittee recommends reporting (5-Y 3-N)
H08V2511050,HB2223,1/24/2025,H Reported from Courts of Justice and referred to Appropriations (12-Y 10-N)
H09001V2510576,HB2226,1/21/2025,H Subcommittee recommends reporting (8-Y 0-N)
H09V2511603,HB2226,1/29/2025,H Reported from Education with substitute (22-Y 0-N)
2518374,HB2226,2/4/2025,H Read third time and passed House (97-Y 0-N)
2518375,HB2226,2/4/2025,H Passed House (99-Y 0-N)
S04V1764,HB2226,2/13/2025,S Reported from Education and Health with substitute (14-Y 0-N)
SV564,HB2226,2/17/2025,S Constitutional reading dispensed (on 2nd reading)
SV593,HB2226,2/18/2025,S Passed Senate with substitute (40-Y 0-N)
2518937,HB2226,2/19/2025,H Senate substitute agreed to by House (97-Y 0-N)
H24003V2510767,HB2228,1/23/2025,H Subcommittee recommends striking from the docket (8-Y 0-N)
H11002V2511960,HB2229,1/30/2025,H Subcommittee recommends reporting with amendment(s)  (8-Y 0-N)
H11V2512026,HB2229,1/30/2025,H Reported from General Laws with amendment(s)  (20-Y 1-N)
2518495,HB2229,2/4/2025,H Read third time and passed House (73-Y 24-N)
S12V1586,HB2229,2/12/2025,S Reported from General Laws and Technology (10-Y 5-N)
SV522,HB2229,2/14/2025,S Constitutional reading dispensed (on 2nd reading) (36-Y 0-N)
SV614,HB2229,2/18/2025,S Passed Senate (21-Y 19-N)
H15002V2511873,HB2230,1/30/2025,H Subcommittee recommends laying on the table (4-Y 2-N)
H14004V2511992,HB2233,1/30/2025,H Subcommittee recommends laying on the table (5-Y 0-N)
H19002V2511476,HB2234,1/28/2025,H Subcommittee recommends reporting (8-Y 0-N)
H19V2511929,HB2234,1/30/2025,H Reported from Transportation (22-Y 0-N)
2518374,HB2234,2/4/2025,H Read third time and passed House (97-Y 0-N)
2518375,HB2234,2/4/2025,H Passed House (99-Y 0-N)
S11V1742,HB2234,2/13/2025,S Reported from Transportation (13-Y 0-N)
SV564,HB2234,2/17/2025,S Constitutional reading dispensed (on 2nd reading)
SV593,HB2234,2/18/2025,S Passed Senate (40-Y 0-N)
H15002V2510780,HB2235,1/23/2025,H Subcommittee recommends reporting with substitute (6-Y 0-N)
H15V2510954,HB2235,1/24/2025,H Reported from Public Safety with substitute (22-Y 0-N)
2518291,HB2235,1/30/2025,H Read third time and passed House (96-Y 0-N)
S09V1227,HB2235,2/7/2025,S Reported from Rehabilitation and Social Services with amendments (15-Y 0-N)
SV375,HB2235,2/10/2025,S Constitutional reading dispensed (on 2nd reading) (39-Y 0-N)
SV396,HB2235,2/12/2025,S Passed Senate with amendments (39-Y 0-N)
2518766,HB2235,2/14/2025,H Senate Amendments agreed to by House (96-Y 0-N)
2519253,HB2235,4/2/2025,H Passed by for the day (47-Y 46-N)
H08001V2510466,HB2236,1/21/2025,H Subcommittee recommends reporting (8-Y 0-N)
H08V2511034,HB2236,1/24/2025,H Reported from Courts of Justice (22-Y 0-N)
2518291,HB2236,1/30/2025,H Read third time and passed House (96-Y 0-N)
S13V1315,HB2236,2/10/2025,S Reported from Courts of Justice (13-Y 0-N 1-A)
SV382,HB2236,2/11/2025,S Constitutional reading dispensed (on 2nd reading) (40-Y 0-N)
SV426,HB2236,2/12/2025,S Passed Senate (38-Y 0-N)
H09001V2511529,HB2237,1/28/2025,H Subcommittee recommends reporting with substitute (5-Y 3-N)
H09V2511604,HB2237,1/29/2025,H Reported from Education with substitute (12-Y 10-N)
2518414,HB2237,2/4/2025,H Read third time and passed House (51-Y 48-N)
S04V1765,HB2237,2/13/2025,S Reported from Education and Health (9-Y 5-N)
SV564,HB2237,2/17/2025,S Constitutional reading dispensed (on 2nd reading) (39-Y 0-N)
SV706,HB2237,2/19/2025,S Passed Senate (21-Y 19-N)
H01003V2510645,HB2238,1/22/2025,H Subcommittee recommends reporting (6-Y 4-N)
H01V2511641,HB2238,1/29/2025,"H Reported from Agriculture, Chesapeake and Natural Resources (13-Y 9-N)"
2518415,HB2238,2/4/2025,H Read third time and passed House  (52-Y 45-N)
S01V1440,HB2238,2/11/2025,"S Passed by indefinitely in Agriculture, Conservation and Natural Resources with letter (12-Y 3-N)"
H10001V2510322,HB2239,1/20/2025,H Subcommittee recommends reporting (5-Y 3-N)
H10V2510675,HB2239,1/22/2025,H Reported from Finance (13-Y 9-N)
2518258,HB2239,1/28/2025,H Read third time and passed House (59-Y 39-N)
S05V1392,HB2239,2/11/2025,S Passed by indefinitely in Finance and Appropriations (14-Y 1-N)
H09001V2511186,HB2240,1/27/2025,H Subcommittee recommends reporting with amendment(s)  (7-Y 1-N)
H09V2511605,HB2240,1/29/2025,H Reported from Education with amendment(s)  (18-Y 4-N)
2518416,HB2240,2/4/2025,H Read third time and passed House (72-Y 27-N)
S04V1690,HB2240,2/13/2025,S Reported from Education and Health and rereferred to Finance and Appropriations (14-Y 1-N)
S05V1840,HB2240,2/14/2025,S Reported from Finance and Appropriations with substitute (14-Y 0-N)
SV567,HB2240,2/17/2025,S Constitutional reading dispensed (on 2nd reading) (39-Y 0-N)
SV707,HB2240,2/19/2025,S Passed Senate with substitute (37-Y 3-N)
2519044,HB2240,2/20/2025,H Senate substitute agreed to by House (74-Y 24-N)
H15001V2510896,HB2241,1/23/2025,H Subcommittee recommends reporting with substitute (5-Y 3-N)
H15V2512100,HB2241,1/31/2025,H Reported from Public Safety with substitute (12-Y 9-N)
2518496,HB2241,2/4/2025,H Read third time and passed House (50-Y 47-N)
S13V1587,HB2241,2/12/2025,S Reported from Courts of Justice with substitute and rereferred to Finance and Appropriations (9-Y 6-N)
S05V1848,HB2241,2/14/2025,S Reported from Finance and Appropriations (10-Y 4-N)
SV567,HB2241,2/17/2025,S Constitutional reading dispensed (on 2nd reading) (39-Y 0-N)
SV708,HB2241,2/19/2025,S Passed Senate with substitute (21-Y 19-N)
2519045,HB2241,2/20/2025,H Senate substitute agreed to by House (50-Y 47-N)
H08001V2510710,HB2242,1/22/2025,H Subcommittee recommends reporting with substitute (8-Y 0-N)
H08V2511035,HB2242,1/24/2025,H Reported from Courts of Justice with substitute (22-Y 0-N)
2518291,HB2242,1/30/2025,H Read third time and passed House (96-Y 0-N)
S13V1886,HB2242,2/17/2025,S Reported from Courts of Justice with amendments (15-Y 0-N)
SV634,HB2242,2/18/2025,S Constitutional reading dispensed (on 2nd reading) (39-Y 0-N)
SV670,HB2242,2/19/2025,S Passed Senate with amendments (40-Y 0-N)
2519046,HB2242,2/20/2025,H Senate Amendments agreed to by House (96-Y 1-N)
H08002V2510717,HB2243,1/22/2025,H Subcommittee recommends reporting (8-Y 0-N)
H08V2511067,HB2243,1/24/2025,H Reported from Courts of Justice (22-Y 0-N)
2518291,HB2243,1/30/2025,H Read third time and passed House (96-Y 0-N)
S13V1571,HB2243,2/12/2025,S Reported from Courts of Justice (15-Y 0-N)
SV522,HB2243,2/14/2025,S Constitutional reading dispensed (on 2nd reading) (36-Y 0-N)
SV558,HB2243,2/17/2025,S Passed Senate (39-Y 0-N)
H09001V2511377,HB2244,1/28/2025,H Subcommittee recommends reporting (5-Y 3-N)
H09V2511606,HB2244,1/29/2025,H Reported from Education (12-Y 10-N)
2518417,HB2244,2/4/2025,H Read third time and passed House (52-Y 47-N)
S04V1766,HB2244,2/13/2025,S Reported from Education and Health with substitute (9-Y 5-N)
SV564,HB2244,2/17/2025,S Constitutional reading dispensed (on 2nd reading) (39-Y 0-N)
SV709,HB2244,2/19/2025,S Passed Senate with substitute (21-Y 19-N)
2519047,HB2244,2/20/2025,H Senate substitute agreed to by House (51-Y 47-N)
H10001V2511141,HB2245,1/27/2025,H Subcommittee recommends reporting with substitute (5-Y 3-N)
H10V2511657,HB2245,1/29/2025,H Reported from Finance with substitute (15-Y 7-N)
2518418,HB2245,2/4/2025,H Read third time and passed House (74-Y 25-N)
S05V1389,HB2245,2/11/2025,S Reported from Finance and Appropriations (15-Y 0-N)
SV383,HB2245,2/11/2025,S Constitutional reading dispensed (on 2nd reading) (40-Y 0-N)
SV405,HB2245,2/12/2025,S Passed Senate (35-Y 4-N)
H24001V2511783,HB2246,1/29/2025,H Subcommittee recommends reporting (8-Y 0-N)
H24V2511902,HB2246,1/30/2025,H Reported from Health and Human Services (21-Y 0-N)
2518374,HB2246,2/4/2025,H Read third time and passed House (97-Y 0-N)
2518375,HB2246,2/4/2025,H Passed House (99-Y 0-N)
S12V1588,HB2246,2/12/2025,S Reported from General Laws and Technology with amendment (15-Y 0-N)
SV522,HB2246,2/14/2025,S Constitutional reading dispensed (on 2nd reading) (36-Y 0-N)
SV558,HB2246,2/17/2025,S Passed Senate with amendment (39-Y 0-N)
2518868,HB2246,2/18/2025,H Senate Amendment agreed to by House (96-Y 0-N)
H01002V2510399,HB2247,1/20/2025,H Subcommittee recommends laying on the table (8-Y 2-N)
H21001V2511162,HB2250,1/27/2025,H Subcommittee recommends laying on the table (9-Y 1-N)
H08001V2510753,HB2252,1/22/2025,H Subcommittee recommends reporting with amendment(s)  (7-Y 1-N)
H08V2511048,HB2252,1/24/2025,H Reported from Courts of Justice with amendment(s)  (15-Y 7-N)
2518308,HB2252,1/30/2025,H Read third time and passed House (56-Y 40-N)
S13V1288,HB2252,2/10/2025,S Reported from Courts of Justice with substitute and rereferred to Finance and Appropriations (15-Y 0-N)
S05V1493,HB2252,2/12/2025,S Reported from Finance and Appropriations (15-Y 0-N)
SV472,HB2252,2/13/2025,S Constitutional reading dispensed (on 2nd reading) (40-Y 0-N)
SV672,HB2252,2/19/2025,S Passed Senate with substitute (35-Y 4-N)
2519048,HB2252,2/20/2025,H Senate substitute rejected by House (3-Y 95-N)
SV879,HB2252,2/20/2025,S Senate insisted on substitute (39-Y 0-N)
SV967,HB2252,2/22/2025,S Conference report agreed to by Senate (40-Y 0-N)
2519184,HB2252,2/22/2025,H Conference report agreed to by House (67-Y 30-N)
2519309,HB2252,4/2/2025,H House concurred in Governor's recommendation (73-Y 22-N)
SV1085,HB2252,4/2/2025,S Senate concurred in Governor's recommendation (23-Y 17-N)
H24001V2511459,HB2253,1/28/2025,H Subcommittee recommends reporting and referring to Appropriations (8-Y 0-N)
H24V2511893,HB2253,1/30/2025,H Reported from Health and Human Services with substitute and referred to Appropriations (21-Y 0-N)
H02V2512152,HB2253,1/31/2025,H Reported from Appropriations (22-Y 0-N)
2518374,HB2253,2/4/2025,H Read third time and passed House (97-Y 0-N)
2518375,HB2253,2/4/2025,H Passed House (99-Y 0-N)
S04V1639,HB2253,2/13/2025,S Reported from Education and Health and rereferred to Finance and Appropriations (13-Y 0-N)
S05V1830,HB2253,2/14/2025,S Reported from Finance and Appropriations (14-Y 0-N)
SV567,HB2253,2/17/2025,S Constitutional reading dispensed (on 2nd reading) (39-Y 0-N)
SV593,HB2253,2/18/2025,S Passed Senate (40-Y 0-N)
H19002V2511374,HB2254,1/28/2025,H Subcommittee recommends reporting with substitute (8-Y 0-N)
H19V2511930,HB2254,1/30/2025,H Reported from Transportation with substitute (22-Y 0-N)
2518374,HB2254,2/4/2025,H Read third time and passed House (97-Y 0-N)
2518375,HB2254,2/4/2025,H Passed House (99-Y 0-N)
S11V1778,HB2254,2/13/2025,S Reported from Transportation (15-Y 0-N)
SV564,HB2254,2/17/2025,S Constitutional reading dispensed (on 2nd reading)
SV593,HB2254,2/18/2025,S Passed Senate (40-Y 0-N)
H24001V2511461,HB2255,1/28/2025,H Subcommittee recommends reporting with substitute and referring to Appropriations (8-Y 0-N)
H24V2511894,HB2255,1/30/2025,H Reported from Health and Human Services with substitute and referred to Appropriations (21-Y 0-N)
H02V2512153,HB2255,1/31/2025,H Reported from Appropriations (22-Y 0-N)
2518374,HB2255,2/4/2025,H Read third time and passed House (97-Y 0-N)
2518375,HB2255,2/4/2025,H Passed House (99-Y 0-N)
S04V1647,HB2255,2/13/2025,S Reported from Education and Health and rereferred to Finance and Appropriations (15-Y 0-N)
S05V1831,HB2255,2/14/2025,S Reported from Finance and Appropriations (14-Y 0-N)
SV567,HB2255,2/17/2025,S Constitutional reading dispensed (on 2nd reading) (39-Y 0-N)
SV593,HB2255,2/18/2025,S Passed Senate (40-Y 0-N)
H19004V2511795,HB2256,1/29/2025,H Subcommittee recommends reporting with amendment(s)  (6-Y 0-N)
H19V2511938,HB2256,1/30/2025,H Reported from Transportation with amendment(s)  (22-Y 0-N)
2518374,HB2256,2/4/2025,H Read third time and passed House (97-Y 0-N)
2518375,HB2256,2/4/2025,H Passed House (99-Y 0-N)
S13V1895,HB2256,2/17/2025,S Reported from Courts of Justice with substitute (9-Y 6-N)
SV634,HB2256,2/18/2025,S Constitutional reading dispensed (on 2nd reading) (39-Y 0-N)
SV730,HB2256,2/19/2025,S Committee substitute reconsidered (39-Y 0-N)
SV842,HB2256,2/20/2025,S Passed Senate (24-Y 15-N)
H15002V2510810,HB2257,1/23/2025,H Subcommittee recommends reporting (6-Y 0-N)
H15001V2511981,HB2257,1/30/2025,H Subcommittee recommends passing by indefinitely (6-Y 4-N)
H14001V2511515,HB2258,1/28/2025,H Subcommittee recommends reporting (5-Y 2-N)
H14V2512043,HB2258,1/30/2025,H Reported from Labor and Commerce with substitute (18-Y 4-N)
2518497,HB2258,2/4/2025,H Read third time and passed House (88-Y 9-N)
S02V1927,HB2258,2/17/2025,S Reported from Commerce and Labor (15-Y 0-N)
SV663,HB2258,2/18/2025,S Constitutional reading dispensed (on 2nd reading) (40-Y 0-N)
SV670,HB2258,2/19/2025,S Passed Senate (40-Y 0-N)
H08002V2511207,HB2259,1/27/2025,H Subcommittee recommends striking from the docket (8-Y 0-N)
H08V2511757,HB2260,1/29/2025,H Reported from Courts of Justice with substitute and referred to Appropriations (22-Y 0-N)
H02V2512188,HB2260,1/31/2025,H Reported from Appropriations (22-Y 0-N)
2518374,HB2260,2/4/2025,H Read third time and passed House (97-Y 0-N)
2518375,HB2260,2/4/2025,H Passed House (99-Y 0-N)
S13V1538,HB2260,2/12/2025,S Reported from Courts of Justice (15-Y 0-N)
SV522,HB2260,2/14/2025,S Constitutional reading dispensed (on 2nd reading) (36-Y 0-N)
SV558,HB2260,2/17/2025,S Passed Senate (39-Y 0-N)
H19001V2511293,HB2261,1/28/2025,H Subcommittee recommends reporting (8-Y 0-N)
H19V2511923,HB2261,1/30/2025,H Reported from Transportation (22-Y 0-N)
2518374,HB2261,2/4/2025,H Read third time and passed House (97-Y 0-N)
2518375,HB2261,2/4/2025,H Passed House (99-Y 0-N)
S11V1742,HB2261,2/13/2025,S Reported from Transportation (13-Y 0-N)
SV564,HB2261,2/17/2025,S Constitutional reading dispensed (on 2nd reading)
SV593,HB2261,2/18/2025,S Passed Senate (40-Y 0-N)
H10002V2510564,HB2264,1/21/2025,H Subcommittee recommends reporting with amendment(s)  (5-Y 3-N)
H10V2510695,HB2264,1/22/2025,H Reported from Finance with amendment(s)  and referred to Appropriations (12-Y 10-N)
H02004V2511211,HB2264,1/27/2025,H Subcommittee recommends reporting (8-Y 0-N)
H02V2511716,HB2264,1/29/2025,H Reported from Appropriations (19-Y 2-N)
2518419,HB2264,2/4/2025,H Read third time and passed House (63-Y 36-N)
S05V1380,HB2264,2/11/2025,S Reported from Finance and Appropriations (10-Y 5-N)
SV383,HB2264,2/11/2025,S Constitutional reading dispensed (on 2nd reading) (40-Y 0-N)
SV433,HB2264,2/12/2025,S Passed Senate (21-Y 18-N)
H09001V2510458,HB2265,1/21/2025,H Subcommittee recommends reporting (8-Y 0-N)
H09V2510626,HB2265,1/22/2025,H Reported from Education (22-Y 0-N)
2518240,HB2265,1/28/2025,H Read third time and passed House (99-Y 0-N)
S04V1732,HB2265,2/13/2025,S Reported from Education and Health (15-Y 0-N)
SV564,HB2265,2/17/2025,S Constitutional reading dispensed (on 2nd reading)
SV593,HB2265,2/18/2025,S Passed Senate (40-Y 0-N)
H14003V2510930,HB2266,1/23/2025,H Subcommittee recommends reporting with substitute (7-Y 3-N)
H14V2511438,HB2266,1/28/2025,H Reported from Labor and Commerce with substitute (14-Y 8-N)
2518351,HB2266,2/3/2025,H Read third time and passed House (57-Y 41-N)
S02V1338,HB2266,2/10/2025,S Reported from Commerce and Labor with substitute (9-Y 6-N)
SV431,HB2266,2/12/2025,S Constitutional reading dispensed (on 2nd reading) (39-Y 0-N)
SV460,HB2266,2/13/2025,S Passed Senate with substitute (20-Y 17-N)
2518796,HB2266,2/17/2025,H Senate substitute agreed to by House (58-Y 38-N)
2519310,HB2266,4/2/2025,H House concurred in Governor's recommendation (85-Y 9-N)
SV1084,HB2266,4/2/2025,S Senate concurred in Governor's recommendation (40-Y 0-N)
H01V2511645,HB2267,1/29/2025,"H Reported from Agriculture, Chesapeake and Natural Resources with substitute (13-Y 9-N)"
H21001V2511158,HB2268,1/27/2025,H Subcommittee recommends reporting and referring to Appropriations (5-Y 4-N 1-A)
H21V2511182,HB2268,1/27/2025,"H Reported from Communications, Technology and Innovation and referred to Appropriations (12-Y 10-N)"
H24002V2511881,HB2269,1/30/2025,H Subcommittee recommends reporting with substitute (8-Y 0-N)
H24V2511909,HB2269,1/30/2025,H Reported from Health and Human Services with substitute (21-Y 0-N)
2518374,HB2269,2/4/2025,H Read third time and passed House (97-Y 0-N)
2518375,HB2269,2/4/2025,H Passed House (99-Y 0-N)
S04V1648,HB2269,2/13/2025,S Reported from Education and Health with substitute (15-Y 0-N)
SV564,HB2269,2/17/2025,S Constitutional reading dispensed (on 2nd reading)
SV593,HB2269,2/18/2025,S Passed Senate with substitute (40-Y 0-N)
2518938,HB2269,2/19/2025,H Senate substitute agreed to by House (97-Y 0-N)
H08001V2511821,HB2270,1/29/2025,H Subcommittee recommends laying on the table (5-Y 3-N)
H15002V2510809,HB2271,1/23/2025,H Subcommittee recommends laying on the table (4-Y 2-N)
H15002V2511874,HB2272,1/30/2025,H Subcommittee recommends laying on the table (4-Y 2-N)
H01001V2510738,HB2273,1/22/2025,H Subcommittee recommends laying on the table (7-Y 3-N)
H11004V2510529,HB2275,1/21/2025,H Subcommittee recommends striking from the docket (8-Y 0-N)
H11V2510821,HB2275,1/23/2025,H Stricken from docket by General Laws (21-Y 0-N)
H18V2510974,HB2276,1/24/2025,H Reported from Privileges and Elections with substitute and referred to Appropriations (13-Y 8-N)
H02004V2511214,HB2276,1/27/2025,H Subcommittee recommends reporting (7-Y 1-N)
H02V2511717,HB2276,1/29/2025,H Reported from Appropriations (16-Y 5-N)
2518420,HB2276,2/4/2025,H Read third time and passed House (56-Y 42-N)
S08V1437,HB2276,2/11/2025,S Reported from Privileges and Elections and rereferred to Finance and Appropriations (8-Y 7-N)
S05V1974,HB2276,2/17/2025,S Reported from Finance and Appropriations with substitute (10-Y 4-N)
SV738,HB2276,2/19/2025,S Constitutional reading dispensed (on 2nd reading) (40-Y 0-N)
SV825,HB2276,2/20/2025,S Passed Senate with substitute (20-Y 18-N 1-A)
SV829,HB2276,2/20/2025,S Reconsideration of Senate passage agreed to by Senate (39-Y 0-N)
SV830,HB2276,2/20/2025,S Passed Senate with substitute (20-Y 18-N)
2519105,HB2276,2/20/2025,H Senate substitute rejected by House (0-Y 96-N)
SV897,HB2276,2/20/2025,S Senate insisted on substitute (38-Y 0-N)
2519135,HB2276,2/21/2025,H Conference report agreed to by House (54-Y 41-N)
SV943,HB2276,2/21/2025,S Conference report agreed to by Senate (22-Y 18-N)
H18001V2511277,HB2277,1/27/2025,H Subcommittee recommends reporting (5-Y 3-N)
H18V2512133,HB2277,1/31/2025,H Reported from Privileges and Elections with substitute (12-Y 9-N)
2518498,HB2277,2/4/2025,H Read third time and passed House (51-Y 47-N)
S08V1438,HB2277,2/11/2025,S Reported from Privileges and Elections (8-Y 7-N)
SV472,HB2277,2/13/2025,S Constitutional reading dispensed (on 2nd reading) (40-Y 0-N)
SV513,HB2277,2/14/2025,S Passed Senate (21-Y 14-N)
H09001V2510456,HB2278,1/21/2025,H Subcommittee recommends reporting with amendment(s)  (6-Y 1-N)
H09V2510638,HB2278,1/22/2025,H Reported from Education with amendment(s)  (13-Y 9-N)
2518259,HB2278,1/28/2025,H Read third time and passed House (53-Y 46-N)
S04V1733,HB2278,2/13/2025,S Reported from Education and Health and rereferred to Finance and Appropriations (13-Y 2-N)
S05V2010,HB2278,2/17/2025,S Reported from Finance and Appropriations with substitute (14-Y 0-N)
SV738,HB2278,2/19/2025,S Constitutional reading dispensed (on 2nd reading) (40-Y 0-N)
SV826,HB2278,2/20/2025,S Passed Senate with substitute (37-Y 0-N)
2519106,HB2278,2/20/2025,H Senate substitute rejected by House (0-Y 95-N)
SV897,HB2278,2/20/2025,S Senate insisted on substitute (38-Y 0-N)
SV968,HB2278,2/22/2025,S Conference report agreed to by Senate (40-Y 0-N)
2519185,HB2278,2/22/2025,H Conference report agreed to by House (53-Y 42-N)
H14003V2510931,HB2281,1/24/2025,H Subcommittee recommends laying on the table (5-Y 3-N)
H24004V2510897,HB2282,1/23/2025,H Subcommittee recommends reporting with amendment(s)  (5-Y 3-N)
H24V2511351,HB2282,1/28/2025,H Failed to report from Health and Human Services with amendment(s)  (9-Y 9-N)
H07001V2511559,HB2283,1/29/2025,H Subcommittee failed to recommend reporting (3-Y 5-N)
H09001V2511531,HB2286,1/28/2025,H Subcommittee recommends laying on the table (5-Y 3-N)
H07003V2512080,HB2289,1/31/2025,H Subcommittee recommends striking from the docket (8-Y 0-N)
H07003V2512082,HB2293,1/31/2025,H Subcommittee recommends laying on the table (5-Y 3-N)
H09001V2511520,HB2295,1/28/2025,H Subcommittee recommends laying on the table (4-Y 3-N)
H09001V2511522,HB2297,1/28/2025,H Subcommittee recommends laying on the table (5-Y 3-N)
H08001V2511825,HB2299,1/29/2025,H Subcommittee recommends laying on the table (5-Y 3-N)
H24001V2511824,HB2300,1/29/2025,H Subcommittee recommends reporting with substitute and referring to Appropriations (8-Y 0-N)
H24V2511903,HB2300,1/30/2025,H Reported from Health and Human Services with substitute and referred to Appropriations (20-Y 0-N 1-A)
H02V2512154,HB2300,1/31/2025,H Tabled in Appropriations (12-Y 10-N)
H10001V2511148,HB2302,1/27/2025,H Subcommittee recommends reporting with amendment(s)  (8-Y 0-N)
H10V2511658,HB2302,1/29/2025,H Reported from Finance with amendment(s)  (22-Y 0-N)
2518374,HB2302,2/4/2025,H Read third time and passed House (97-Y 0-N)
2518375,HB2302,2/4/2025,H Passed House (99-Y 0-N)
S05V1404,HB2302,2/11/2025,S Reported from Finance and Appropriations (15-Y 0-N)
SV383,HB2302,2/11/2025,S Constitutional reading dispensed (on 2nd reading) (40-Y 0-N)
SV396,HB2302,2/12/2025,S Passed Senate (39-Y 0-N)
2519268,HB2302,4/2/2025,H House concurred in Governor's recommendation (96-Y 0-N)
SV1107,HB2302,4/2/2025,S Senate concurred in Governor's recommendation (40-Y 0-N)
H02001V2510718,HB2303,1/22/2025,H Subcommittee recommends reporting (8-Y 0-N)
H02V2511012,HB2303,1/24/2025,H Reported from Appropriations (22-Y 0-N)
2518291,HB2303,1/30/2025,H Read third time and passed House (96-Y 0-N)
S05V1132,HB2303,2/5/2025,S Reported from Finance and Appropriations with substitute (13-Y 0-N)
SV353,HB2303,2/6/2025,S Constitutional reading dispensed (on 2nd reading) (40-Y 0-N)
SV361,HB2303,2/7/2025,S Passed Senate with substitute (39-Y 0-N)
2518658,HB2303,2/11/2025,H Senate substitute rejected by House (0-Y 94-N)
SV450,HB2303,2/13/2025,S Senate insisted on substitute (39-Y 0-N)
2519136,HB2303,2/21/2025,H Conference report agreed to by House (94-Y 0-N)
SV915,HB2303,2/21/2025,S Conference report agreed to by Senate (38-Y 0-N)
H09001V2511173,HB2304,1/27/2025,H Subcommittee recommends laying on the table (5-Y 3-N)
H01003V2510613,HB2306,1/22/2025,H Subcommittee recommends reporting with amendment(s)  and referring to Appropriations (10-Y 0-N)
H01V2511642,HB2306,1/29/2025,"H Reported from Agriculture, Chesapeake and Natural Resources with amendment(s)  and referred to Appropriations (22-Y 0-N)"
H02V2512175,HB2306,1/31/2025,H Reported from Appropriations (22-Y 0-N)
2518374,HB2306,2/4/2025,H Read third time and passed House (97-Y 0-N)
2518375,HB2306,2/4/2025,H Passed House (99-Y 0-N)
S01V1432,HB2306,2/11/2025,"S Reported from Agriculture, Conservation and Natural Resources and rereferred to Finance and Appropriations (12-Y 0-N 3-A)"
S05V1980,HB2306,2/17/2025,S Reported from Finance and Appropriations with substitute (12-Y 0-N 2-A)
SV738,HB2306,2/19/2025,S Constitutional reading dispensed (on 2nd reading) (40-Y 0-N)
H24002V2510791,HB2307,1/23/2025,H Subcommittee recommends reporting (8-Y 0-N)
H24V2511321,HB2307,1/28/2025,H Reported from Health and Human Services (21-Y 0-N)
2518337,HB2307,2/3/2025,H Read third time and passed House (98-Y 0-N)
2518364,HB2307,2/3/2025,H Read third time and passed House (99-Y 0-N)
S04V1679,HB2307,2/13/2025,S Reported from Education and Health (15-Y 0-N)
SV564,HB2307,2/17/2025,S Constitutional reading dispensed (on 2nd reading)
SV593,HB2307,2/18/2025,S Passed Senate (40-Y 0-N)
H08001V2511263,HB2308,1/27/2025,H Subcommittee recommends reporting with substitute (8-Y 0-N)
H08V2511699,HB2308,1/29/2025,H Reported from Courts of Justice with substitute (22-Y 0-N)
2518374,HB2308,2/4/2025,H Read third time and passed House (97-Y 0-N)
2518375,HB2308,2/4/2025,H Passed House (99-Y 0-N)
S13V1290,HB2308,2/10/2025,S Reported from Courts of Justice with substitute (15-Y 0-N)
SV382,HB2308,2/11/2025,S Constitutional reading dispensed (on 2nd reading) (40-Y 0-N)
SV396,HB2308,2/12/2025,S Passed Senate with substitute (39-Y 0-N)
2518767,HB2308,2/14/2025,H Senate substitute rejected by House (0-Y 96-N)
SV580,HB2308,2/18/2025,S Senate insisted on substitute (40-Y 0-N)
2519137,HB2308,2/21/2025,H Conference report agreed to by House (95-Y 1-N)
SV916,HB2308,2/21/2025,S Conference report agreed to by Senate (38-Y 0-N)
H24001V2511827,HB2309,1/29/2025,H Subcommittee recommends reporting with substitute (8-Y 0-N)
H24V2511904,HB2309,1/30/2025,H Reported from Health and Human Services with substitute (20-Y 1-N)
2518499,HB2309,2/4/2025,H Read third time and passed House (98-Y 0-N)
S04V1663,HB2309,2/13/2025,S Reported from Education and Health (15-Y 0-N)
SV564,HB2309,2/17/2025,S Constitutional reading dispensed (on 2nd reading)
SV593,HB2309,2/18/2025,S Passed Senate (40-Y 0-N)
H08001V2511258,HB2310,1/27/2025,H Subcommittee recommends reporting with amendment(s)  (8-Y 0-N)
H08V2511700,HB2310,1/29/2025,H Reported from Courts of Justice with amendment(s)  (22-Y 0-N)
2518374,HB2310,2/4/2025,H Read third time and passed House (97-Y 0-N)
2518375,HB2310,2/4/2025,H Passed House (99-Y 0-N)
S13V1603,HB2310,2/12/2025,S Reported from Courts of Justice (15-Y 0-N)
SV522,HB2310,2/14/2025,S Constitutional reading dispensed (on 2nd reading) (36-Y 0-N)
SV558,HB2310,2/17/2025,S Passed Senate (39-Y 0-N)
H07003V2512083,HB2311,1/31/2025,H Subcommittee recommends laying on the table (5-Y 3-N)
H08001V2510733,HB2312,1/22/2025,H Subcommittee recommends striking from the docket (8-Y 0-N)
H01001V2510759,HB2313,1/22/2025,H Subcommittee recommends reporting with substitute (10-Y 0-N)
H01V2511619,HB2313,1/29/2025,"H Reported from Agriculture, Chesapeake and Natural Resources with substitute and referred to Appropriations (22-Y 0-N)"
H02V2512176,HB2313,1/31/2025,H Reported from Appropriations (22-Y 0-N)
2518552,HB2313,2/4/2025,H Read third time and passed House (72-Y 26-N)
S01V1428,HB2313,2/11/2025,"S Reported from Agriculture, Conservation and Natural Resources with substitute (15-Y 0-N)"
SV472,HB2313,2/13/2025,S Constitutional reading dispensed (on 2nd reading) (40-Y 0-N)
SV493,HB2313,2/14/2025,S Passed Senate with substitute (36-Y 0-N)
2518869,HB2313,2/18/2025,H Senate substitute agreed to by House (70-Y 27-N)
2519311,HB2313,4/2/2025,H House concurred in Governor's recommendation (79-Y 15-N)
SV1084,HB2313,4/2/2025,S Senate concurred in Governor's recommendation (40-Y 0-N)
H02002V2511169,HB2315,1/27/2025,H Subcommittee recommends laying on the table (4-Y 3-N)
H08002V2510728,HB2316,1/22/2025,H Subcommittee recommends striking from the docket (8-Y 0-N)
H15002V2511879,HB2318,1/30/2025,H Subcommittee recommends striking from the docket (6-Y 0-N)
H24001V2511463,HB2319,1/28/2025,H Subcommittee recommends reporting (8-Y 0-N)
H24V2511895,HB2319,1/30/2025,H Reported from Health and Human Services (21-Y 0-N)
2518374,HB2319,2/4/2025,H Read third time and passed House (97-Y 0-N)
2518375,HB2319,2/4/2025,H Passed House (99-Y 0-N)
S04V1680,HB2319,2/13/2025,S Reported from Education and Health (15-Y 0-N)
SV564,HB2319,2/17/2025,S Constitutional reading dispensed (on 2nd reading)
SV593,HB2319,2/18/2025,S Passed Senate (40-Y 0-N)
H14001V2511451,HB2320,1/28/2025,H Subcommittee recommends striking from the docket (7-Y 0-N)
H01003V2510649,HB2321,1/22/2025,H Subcommittee recommends reporting (8-Y 1-N 1-A)
H01V2511643,HB2321,1/29/2025,"H Reported from Agriculture, Chesapeake and Natural Resources (22-Y 0-N)"
2518374,HB2321,2/4/2025,H Read third time and passed House (97-Y 0-N)
2518375,HB2321,2/4/2025,H Passed House (99-Y 0-N)
S01V1425,HB2321,2/11/2025,"S Reported from Agriculture, Conservation and Natural Resources with substitute and rereferred to Finance and Appropriations (15-Y 0-N)"
S05V1863,HB2321,2/14/2025,S Reported from Finance and Appropriations (14-Y 0-N)
SV567,HB2321,2/17/2025,S Constitutional reading dispensed (on 2nd reading) (39-Y 0-N)
SV593,HB2321,2/18/2025,S Passed Senate with substitute (40-Y 0-N)
2518939,HB2321,2/19/2025,H Senate substitute agreed to by House (97-Y 0-N)
H08001V2510361,HB2322,1/20/2025,H Subcommittee recommends reporting (8-Y 0-N)
H08V2511051,HB2322,1/24/2025,H Reported from Courts of Justice and referred to Appropriations (22-Y 0-N)
H02004V2511212,HB2322,1/27/2025,H Subcommittee recommends reporting (8-Y 0-N)
H02V2511718,HB2322,1/29/2025,H Reported from Appropriations (21-Y 0-N)
2518374,HB2322,2/4/2025,H Read third time and passed House (97-Y 0-N)
2518375,HB2322,2/4/2025,H Passed House (99-Y 0-N)
S13V1604,HB2322,2/12/2025,S Reported from Courts of Justice and rereferred to Finance and Appropriations (15-Y 0-N)
S05V1966,HB2322,2/17/2025,S Reported from Finance and Appropriations with substitute (14-Y 0-N)
SV738,HB2322,2/19/2025,S Constitutional reading dispensed (on 2nd reading) (40-Y 0-N)
SV801,HB2322,2/20/2025,S Passed Senate with substitute (39-Y 0-N)
SV803,HB2322,2/20/2025,S Reconsideration of Senate passage agreed to by Senate (39-Y 0-N)
SV804,HB2322,2/20/2025,S Passed Senate with substitute (39-Y 0-N)
2519107,HB2322,2/20/2025,H Senate substitute rejected by House (0-Y 96-N)
SV897,HB2322,2/20/2025,S Senate insisted on substitute (38-Y 0-N)
SV969,HB2322,2/22/2025,S Conference report agreed to by Senate (40-Y 0-N)
2519186,HB2322,2/22/2025,H Conference report agreed to by House (98-Y 0-N)
H19002V2511446,HB2324,1/28/2025,H Subcommittee recommends laying on the table (5-Y 3-N)
H20V2511842,HB2325,1/29/2025,H Tabled in Rules (14-Y 0-N)
H01002V2511249,HB2326,1/27/2025,H Subcommittee recommends laying on the table (8-Y 2-N)
H01002V2511241,HB2327,1/27/2025,H Subcommittee recommends reporting with amendment(s)  (9-Y 0-N)
H01V2511627,HB2327,1/29/2025,"H Reported from Agriculture, Chesapeake and Natural Resources with amendment(s)  (22-Y 0-N)"
2518374,HB2327,2/4/2025,H Read third time and passed House (97-Y 0-N)
2518375,HB2327,2/4/2025,H Passed House (99-Y 0-N)
S01V1453,HB2327,2/11/2025,"S Reported from Agriculture, Conservation and Natural Resources with substitute (15-Y 0-N)"
SV472,HB2327,2/13/2025,S Constitutional reading dispensed (on 2nd reading) (40-Y 0-N)
SV493,HB2327,2/14/2025,S Passed Senate with substitute (36-Y 0-N)
2518870,HB2327,2/18/2025,H Senate substitute agreed to by House (97-Y 0-N)
H08001V2511247,HB2328,1/27/2025,H Subcommittee recommends reporting with substitute (7-Y 1-N)
H08V2511712,HB2328,1/29/2025,H Reported from Courts of Justice with substitute (21-Y 1-N)
2518421,HB2328,2/4/2025,H Read third time and passed House (98-Y 1-N)
S13V1901,HB2328,2/17/2025,S Reported from Courts of Justice (15-Y 0-N)
SV634,HB2328,2/18/2025,S Constitutional reading dispensed (on 2nd reading) (39-Y 0-N)
SV670,HB2328,2/19/2025,S Passed Senate (40-Y 0-N)
2519253,HB2328,4/2/2025,H Passed by for the day (47-Y 46-N)
H14001V2511472,HB2329,1/28/2025,H Subcommittee recommends laying on the table (7-Y 0-N)
H07003V2510965,HB2330,1/24/2025,H Subcommittee recommends reporting (5-Y 3-N)
H07V2512120,HB2330,1/31/2025,"H Reported from Counties, Cities and Towns (15-Y 7-N)"
2518500,HB2330,2/4/2025,H Read third time and passed House (81-Y 17-N)
S07V1282,HB2330,2/10/2025,S Reported from Local Government with amendments (15-Y 0-N)
SV382,HB2330,2/11/2025,S Constitutional reading dispensed (on 2nd reading) (40-Y 0-N)
SV396,HB2330,2/12/2025,S Passed Senate with amendments (39-Y 0-N)
2518768,HB2330,2/14/2025,H Senate Amendments agreed to by House (91-Y 5-N)
H01002V2511234,HB2331,1/27/2025,H Subcommittee recommends laying on the table (7-Y 2-N)
H07001V2510608,HB2332,1/22/2025,H Subcommittee recommends reporting (8-Y 0-N)
H07V2510986,HB2332,1/24/2025,"H Reported from Counties, Cities and Towns (20-Y 0-N)"
2518291,HB2332,1/30/2025,H Read third time and passed House (96-Y 0-N)
S07V1275,HB2332,2/10/2025,S Reported from Local Government (15-Y 0-N)
SV382,HB2332,2/11/2025,S Constitutional reading dispensed (on 2nd reading) (40-Y 0-N)
SV396,HB2332,2/12/2025,S Passed Senate (39-Y 0-N)
H19004V2511799,HB2334,1/29/2025,H Subcommittee recommends laying on the table (5-Y 1-N)
H10002V2510572,HB2336,1/21/2025,H Subcommittee recommends laying on the table (5-Y 3-N)
H18001V2510406,HB2337,1/20/2025,H Subcommittee recommends striking from the docket (8-Y 0-N)
H09001V2511365,HB2338,1/28/2025,H Subcommittee recommends striking from the docket (8-Y 0-N)
H24004V2510917,HB2339,1/23/2025,H Subcommittee recommends laying on the table (5-Y 3-N)
H24004V2510921,HB2340,1/23/2025,H Subcommittee recommends laying on the table (5-Y 3-N)
H09001V2510454,HB2341,1/21/2025,H Subcommittee recommends reporting with amendment(s)  (8-Y 0-N)
H09V2510634,HB2341,1/22/2025,H Reported from Education with amendment(s)  (17-Y 5-N)
2518260,HB2341,1/28/2025,H Read third time and passed House (57-Y 42-N)
S04V1734,HB2341,2/13/2025,S Reported from Education and Health and rereferred to Finance and Appropriations (9-Y 6-N)
S05V1946,HB2341,2/17/2025,S Reported from Finance and Appropriations (10-Y 4-N)
SV738,HB2341,2/19/2025,S Constitutional reading dispensed (on 2nd reading) (40-Y 0-N)
SV827,HB2341,2/20/2025,S Passed Senate (20-Y 19-N)
H11003V2510518,HB2342,1/21/2025,H Subcommittee recommends laying on the table (5-Y 2-N)
H24004V2510908,HB2344,1/23/2025,H Subcommittee recommends reporting and referring to Appropriations (7-Y 1-N)
H24V2511352,HB2344,1/28/2025,H Reported from Health and Human Services and referred to Appropriations (20-Y 1-N)
H02005V2511784,HB2344,1/29/2025,H Subcommittee recommends laying on the table (4-Y 2-N)
H10002V2511526,HB2345,1/28/2025,H Subcommittee recommends laying on the table (5-Y 2-N)
H14003V2510932,HB2346,1/24/2025,H Subcommittee recommends reporting with substitute (7-Y 3-N)
H14V2511436,HB2346,1/28/2025,H Reported from Labor and Commerce with substitute (16-Y 6-N)
2518352,HB2346,2/3/2025,H Read third time and passed House (71-Y 27-N)
S02V1337,HB2346,2/10/2025,S Reported from Commerce and Labor with substitute (9-Y 6-N)
SV431,HB2346,2/12/2025,S Constitutional reading dispensed (on 2nd reading) (39-Y 0-N)
SV461,HB2346,2/13/2025,S Passed Senate with substitute (21-Y 19-N)
2518797,HB2346,2/17/2025,H Senate substitute agreed to by House (68-Y 27-N 1-A)
2519312,HB2346,4/2/2025,H House rejected Governor's recommendation (10-Y 85-N)
2519313,HB2346,4/2/2025,H Motion to pass in enrolled form rejected (53-Y 41-N)
H08001V2510726,HB2347,1/22/2025,H Subcommittee recommends laying on the table (5-Y 3-N)
H11002V2510851,HB2348,1/23/2025,H Subcommittee recommends laying on the table (7-Y 1-N)
H07003V2510966,HB2349,1/24/2025,H Subcommittee recommends laying on the table (5-Y 3-N)
H15002V2510802,HB2350,1/23/2025,H Subcommittee recommends reporting (4-Y 2-N)
H15V2510957,HB2350,1/24/2025,H Reported from Public Safety (12-Y 10-N)
2518309,HB2350,1/30/2025,H Read third time and passed House (50-Y 46-N)
S12V1155,HB2350,2/5/2025,S Reported from General Laws and Technology with amendment and rereferred to Finance and Appropriations (14-Y 0-N)
S05V1464,HB2350,2/12/2025,S Reported from Finance and Appropriations (15-Y 0-N)
SV472,HB2350,2/13/2025,S Constitutional reading dispensed (on 2nd reading) (40-Y 0-N)
SV493,HB2350,2/14/2025,S Passed Senate with amendment (36-Y 0-N)
2518871,HB2350,2/18/2025,H Senate Amendment agreed to by House (52-Y 45-N)
2519314,HB2350,4/2/2025,H House rejected Governor's recommendation (20-Y 75-N)
H08002V2511792,HB2351,1/29/2025,H Subcommittee recommends reporting (8-Y 0-N)
H08V2512215,HB2351,1/31/2025,H Reported from Courts of Justice (17-Y 0-N)
2518374,HB2351,2/4/2025,H Read third time and passed House (97-Y 0-N)
2518375,HB2351,2/4/2025,H Passed House (99-Y 0-N)
S13V1311,HB2351,2/10/2025,S Reported from Courts of Justice with substitute (14-Y 1-N)
SV382,HB2351,2/11/2025,S Constitutional reading dispensed (on 2nd reading) (40-Y 0-N)
SV428,HB2351,2/12/2025,S Passed Senate with substitute (27-Y 12-N)
2518769,HB2351,2/14/2025,H Senate substitute agreed to by House (63-Y 32-N)
2519253,HB2351,4/2/2025,H Passed by for the day (47-Y 46-N)
H07001V2510596,HB2352,1/22/2025,H Subcommittee recommends reporting (8-Y 0-N)
H07V2510987,HB2352,1/24/2025,"H Reported from Counties, Cities and Towns (20-Y 0-N)"
2518291,HB2352,1/30/2025,H Read third time and passed House (96-Y 0-N)
S07V1258,HB2352,2/10/2025,S Reported from Local Government (14-Y 0-N)
SV382,HB2352,2/11/2025,S Constitutional reading dispensed (on 2nd reading) (40-Y 0-N)
SV396,HB2352,2/12/2025,S Passed Senate (39-Y 0-N)
2519268,HB2352,4/2/2025,H House concurred in Governor's recommendation  (96-Y 0-N)
SV1084,HB2352,4/2/2025,S Senate concurred in Governor's recommendation (40-Y 0-N)
H09001V2510562,HB2353,1/21/2025,H Subcommittee recommends laying on the table (5-Y 3-N)
H14002V2510861,HB2356,1/23/2025,H Subcommittee recommends reporting with substitute and referring to Appropriations (5-Y 3-N)
H14V2511417,HB2356,1/28/2025,H Reported from Labor and Commerce with substitute and referred to Appropriations (12-Y 10-N)
H02001V2511695,HB2356,1/29/2025,H Subcommittee recommends reporting (5-Y 3-N)
H02V2511751,HB2356,1/29/2025,H Reported from Appropriations (11-Y 10-N)
2518422,HB2356,2/4/2025,H Read third time and passed House (51-Y 48-N)
S02V1334,HB2356,2/10/2025,S Reported from Commerce and Labor and rereferred to Finance and Appropriations (9-Y 6-N)
S05V1844,HB2356,2/14/2025,S Reported from Finance and Appropriations (10-Y 4-N)
SV567,HB2356,2/17/2025,S Constitutional reading dispensed (on 2nd reading) (39-Y 0-N)
SV710,HB2356,2/19/2025,S Passed Senate (21-Y 19-N)
H18001V2510380,HB2357,1/20/2025,H Subcommittee recommends laying on the table (6-Y 2-N)
H02001V2510729,HB2358,1/22/2025,H Subcommittee recommends reporting (8-Y 0-N)
H02V2511013,HB2358,1/24/2025,H Reported from Appropriations (22-Y 0-N)
2518318,HB2358,1/30/2025,H Read third time and passed House (88-Y 7-N)
S05V1127,HB2358,2/5/2025,S Reported from Finance and Appropriations (13-Y 0-N)
SV353,HB2358,2/6/2025,S Constitutional reading dispensed (on 2nd reading) (40-Y 0-N)
SV361,HB2358,2/7/2025,S Passed Senate (39-Y 0-N)
H02004V2510375,HB2359,1/20/2025,H Subcommittee recommends reporting (8-Y 0-N)
H02V2510691,HB2359,1/22/2025,H Reported from Appropriations (22-Y 0-N)
2518240,HB2359,1/28/2025,H Read third time and passed House (99-Y 0-N)
S05V1128,HB2359,2/5/2025,S Reported from Finance and Appropriations (13-Y 0-N)
SV353,HB2359,2/6/2025,S Constitutional reading dispensed (on 2nd reading) (40-Y 0-N)
SV361,HB2359,2/7/2025,S Passed Senate (39-Y 0-N)
H09001V2510565,HB2360,1/21/2025,H Subcommittee recommends reporting (8-Y 0-N)
H09V2510627,HB2360,1/22/2025,H Reported from Education (22-Y 0-N)
2518240,HB2360,1/28/2025,H Read third time and passed House (99-Y 0-N)
S04V1735,HB2360,2/13/2025,S Reported from Education and Health (15-Y 0-N)
SV564,HB2360,2/17/2025,S Constitutional reading dispensed (on 2nd reading)
SV593,HB2360,2/18/2025,S Passed Senate (40-Y 0-N)
2519315,HB2360,4/2/2025,H House concurred in Governor's recommendation (96-Y 0-N)
SV1099,HB2360,4/2/2025,S Senate concurred in Governor's recommendation (40-Y 0-N)
H08002V2510356,HB2362,1/20/2025,H Subcommittee recommends reporting (8-Y 0-N)
H08V2511072,HB2362,1/24/2025,H Reported from Courts of Justice (21-Y 1-N)
2518310,HB2362,1/30/2025,H Read third time and passed House  (94-Y 2-N)
S13V1313,HB2362,2/10/2025,S Reported from Courts of Justice and rereferred to Finance and Appropriations (14-Y 0-N 1-A)
S05V1845,HB2362,2/14/2025,S Reported from Finance and Appropriations (14-Y 0-N)
SV567,HB2362,2/17/2025,S Constitutional reading dispensed (on 2nd reading) (39-Y 0-N)
SV711,HB2362,2/19/2025,S Passed Senate (37-Y 3-N)
H15002V2511882,HB2363,1/30/2025,H Subcommittee recommends laying on the table (4-Y 2-N)
H09001V2510451,HB2364,1/21/2025,H Subcommittee recommends reporting with substitute and referred to Appropriations (8-Y 0-N)
H09V2510628,HB2364,1/22/2025,H Reported from Education with substitute and referred to Appropriations (22-Y 0-N)
H02003V2511126,HB2364,1/24/2025,H Subcommittee recommends laying on the table (7-Y 1-N)
H14003V2510923,HB2365,1/23/2025,H Subcommittee recommends laying on the table (6-Y 4-N)
H24001V2511826,HB2367,1/29/2025,H Subcommittee recommends laying on the table (8-Y 0-N)
H19002V2511448,HB2368,1/28/2025,H Subcommittee recommends reporting (6-Y 2-N)
H19V2511933,HB2368,1/30/2025,H Reported from Transportation and referred to Appropriations (12-Y 10-N)
H15002V2511884,HB2369,1/30/2025,H Subcommittee failed to recommend reporting (3-Y 3-N)
H08001V2511265,HB2370,1/27/2025,H Subcommittee recommends reporting (8-Y 0-N)
H08V2511701,HB2370,1/29/2025,H Reported from Courts of Justice (22-Y 0-N)
2518374,HB2370,2/4/2025,H Read third time and passed House (97-Y 0-N)
2518375,HB2370,2/4/2025,H Passed House (99-Y 0-N)
S13V1324,HB2370,2/10/2025,S Reported from Courts of Justice (12-Y 0-N)
SV382,HB2370,2/11/2025,S Constitutional reading dispensed (on 2nd reading) (40-Y 0-N)
SV396,HB2370,2/12/2025,S Passed Senate (39-Y 0-N)
H14001V2511496,HB2371,1/28/2025,H Subcommittee recommends reporting with amendment(s)  and referring to Appropriations (5-Y 1-N)
H14V2512037,HB2371,1/30/2025,H Reported from Labor and Commerce with amendment(s)  and referred to Appropriations (15-Y 7-N)
H02V2512155,HB2371,1/31/2025,H Reported from Appropriations (18-Y 3-N)
2518501,HB2371,2/4/2025,H Read third time and passed House (70-Y 27-N)
S02V1348,HB2371,2/10/2025,S Reported from Commerce and Labor and rereferred to Finance and Appropriations (9-Y 6-N)
S05V1846,HB2371,2/14/2025,S Reported from Finance and Appropriations with substitute (11-Y 3-N)
SV567,HB2371,2/17/2025,S Constitutional reading dispensed (on 2nd reading) (39-Y 0-N)
SV712,HB2371,2/19/2025,S Passed Senate (24-Y 16-N)
2519316,HB2371,4/2/2025,H House rejected Governor's recommendation (18-Y 78-N)
2519333,HB2371,4/2/2025,H Motion to pass in enrolled form rejected (59-Y 37-N)
H20V2511857,HB2372,1/29/2025,H Reported from Rules and referred to Appropriations (14-Y 0-N)
H02V2512156,HB2372,1/31/2025,H Reported from Appropriations (22-Y 0-N)
2518553,HB2372,2/4/2025,H Read third time and passed House (85-Y 11-N)
S10V1802,HB2372,2/14/2025,S Reported from Rules and rereferred to Finance and Appropriations (15-Y 0-N)
S05V1976,HB2372,2/17/2025,S Reported from Finance and Appropriations (14-Y 0-N)
SV738,HB2372,2/19/2025,S Constitutional reading dispensed (on 2nd reading) (40-Y 0-N)
SV801,HB2372,2/20/2025,S Passed Senate (39-Y 0-N)
SV803,HB2372,2/20/2025,S Reconsideration of Senate passage agreed to by Senate (39-Y 0-N)
SV804,HB2372,2/20/2025,S Passed Senate (39-Y 0-N)
H11001V2510919,HB2374,1/23/2025,H Subcommittee recommends striking from the docket (7-Y 0-N)
H24V2510428,HB2375,1/21/2025,H Reported from Health and Human Services with amendment(s)  (22-Y 0-N)
2518232,HB2375,1/27/2025,H Read third time and passed House  (97-Y 0-N)
S04V1664,HB2375,2/13/2025,S Reported from Education and Health (14-Y 0-N)
SV564,HB2375,2/17/2025,S Constitutional reading dispensed (on 2nd reading)
SV593,HB2375,2/18/2025,S Passed Senate (40-Y 0-N)
H07003V2510972,HB2377,1/24/2025,H Subcommittee recommends striking from the docket (8-Y 0-N)
H24002V2511880,HB2378,1/30/2025,H Subcommittee recommends reporting (7-Y 1-N)
H24V2511910,HB2378,1/30/2025,H Reported from Health and Human Services (19-Y 2-N)
2518502,HB2378,2/4/2025,H Read third time and passed House (84-Y 13-N)
S04V1681,HB2378,2/13/2025,S Reported from Education and Health (15-Y 0-N)
SV564,HB2378,2/17/2025,S Constitutional reading dispensed (on 2nd reading)
SV593,HB2378,2/18/2025,S Passed Senate (40-Y 0-N)
H01V2510653,HB2379,1/22/2025,"H Stricken from docket by Agriculture, Chesapeake and Natural Resources (22-Y 0-N)"
H20V2511836,HB2380,1/29/2025,H Tabled in Rules (14-Y 0-N)
H09001V2510430,HB2381,1/21/2025,H Subcommittee recommends reporting and referred to Appropriations (7-Y 1-N)
H09V2510639,HB2381,1/22/2025,H Reported from Education and referred to Appropriations (17-Y 4-N 1-A)
H02003V2511127,HB2381,1/24/2025,H Subcommittee recommends laying on the table (8-Y 0-N)
H10002V2510581,HB2382,1/21/2025,H Subcommittee recommends laying on the table (5-Y 3-N)
H10001V2510328,HB2383,1/20/2025,H Subcommittee recommends reporting (7-Y 1-N)
H10V2510677,HB2383,1/22/2025,H Reported from Finance (20-Y 2-N)
2518261,HB2383,1/28/2025,H Read third time and passed House (94-Y 5-N)
S05V1124,HB2383,2/5/2025,S Reported from Finance and Appropriations (13-Y 0-N)
SV353,HB2383,2/6/2025,S Constitutional reading dispensed (on 2nd reading) (40-Y 0-N)
SV361,HB2383,2/7/2025,S Passed Senate (39-Y 0-N)
H19004V2511805,HB2384,1/29/2025,H Subcommittee recommends reporting (6-Y 0-N)
H19V2511939,HB2384,1/30/2025,H Reported from Transportation (22-Y 0-N)
2518374,HB2384,2/4/2025,H Read third time and passed House (97-Y 0-N)
2518375,HB2384,2/4/2025,H Passed House (99-Y 0-N)
S11V1787,HB2384,2/13/2025,S Reported from Transportation with amendments (13-Y 0-N)
SV564,HB2384,2/17/2025,S Constitutional reading dispensed (on 2nd reading)
SV593,HB2384,2/18/2025,S Passed Senate with amendments (40-Y 0-N)
2518940,HB2384,2/19/2025,H Senate Amendments agreed to by House
H08V2511018,HB2385,1/24/2025,H Stricken from docket by Courts of Justice (22-Y 0-N)
H14003V2510934,HB2386,1/24/2025,H Subcommittee recommends laying on the table (6-Y 4-N)
H08002V2510357,HB2387,1/20/2025,H Subcommittee recommends reporting (8-Y 0-N)
H08V2511068,HB2387,1/24/2025,H Reported from Courts of Justice with amendment(s)  (22-Y 0-N)
2518291,HB2387,1/30/2025,H Read third time and passed House (96-Y 0-N)
S13V1599,HB2387,2/12/2025,S Reported from Courts of Justice (15-Y 0-N)
SV522,HB2387,2/14/2025,S Constitutional reading dispensed (on 2nd reading) (36-Y 0-N)
SV558,HB2387,2/17/2025,S Passed Senate (39-Y 0-N)
H18001V2510407,HB2388,1/20/2025,H Subcommittee recommends striking from the docket (8-Y 0-N)
H18001V2510401,HB2390,1/20/2025,H Subcommittee recommends passing by indefinitely (6-Y 2-N)
H14001V2511462,HB2392,1/28/2025,H Subcommittee recommends reporting (7-Y 0-N)
H14V2512044,HB2392,1/30/2025,H Reported from Labor and Commerce (22-Y 0-N)
2518374,HB2392,2/4/2025,H Read third time and passed House (97-Y 0-N)
2518375,HB2392,2/4/2025,H Passed House (99-Y 0-N)
S02V1331,HB2392,2/10/2025,S Reported from Commerce and Labor (15-Y 0-N)
SV431,HB2392,2/12/2025,S Constitutional reading dispensed (on 2nd reading) (39-Y 0-N)
SV457,HB2392,2/13/2025,S Passed Senate (40-Y 0-N)
H08001V2510730,HB2393,1/22/2025,H Subcommittee recommends reporting with substitute (8-Y 0-N)
H08V2511036,HB2393,1/24/2025,H Reported from Courts of Justice with substitute (22-Y 0-N)
2518291,HB2393,1/30/2025,H Read third time and passed House (96-Y 0-N)
S13V1277,HB2393,2/10/2025,S Reported from Courts of Justice (15-Y 0-N)
SV382,HB2393,2/11/2025,S Constitutional reading dispensed (on 2nd reading) (40-Y 0-N)
SV396,HB2393,2/12/2025,S Passed Senate (39-Y 0-N)
2519317,HB2393,4/2/2025,H House concurred in Governor's recommendation (96-Y 0-N)
SV1084,HB2393,4/2/2025,S Senate concurred in Governor's recommendation (40-Y 0-N)
H24004V2510925,HB2394,1/23/2025,H Subcommittee recommends reporting and referring to Appropriations (5-Y 3-N)
H24V2511353,HB2394,1/28/2025,H Reported from Health and Human Services and referred to Appropriations (21-Y 0-N)
H18001V2510395,HB2395,1/20/2025,H Subcommittee failed to recommend reporting (3-Y 5-N)
H11002V2510870,HB2396,1/23/2025,H Subcommittee recommends reporting with substitute (8-Y 0-N)
H11V2511406,HB2396,1/28/2025,H Reported from General Laws with substitute (22-Y 0-N)
2518337,HB2396,2/3/2025,H Read third time and passed House (98-Y 0-N)
2518364,HB2396,2/3/2025,H Read third time and passed House (99-Y 0-N)
S12V1541,HB2396,2/12/2025,S Reported from General Laws and Technology with amendments (14-Y 0-N)
SV522,HB2396,2/14/2025,S Constitutional reading dispensed (on 2nd reading) (36-Y 0-N)
SV558,HB2396,2/17/2025,S Passed Senate with amendments (39-Y 0-N)
2518872,HB2396,2/18/2025,H Senate Amendments agreed to by House (97-Y 0-N)
H11001V2510913,HB2397,1/23/2025,H Subcommittee recommends reporting with substitute (5-Y 2-N)
H11V2511430,HB2397,1/28/2025,H Reported from General Laws with substitute (13-Y 9-N)
2518353,HB2397,2/3/2025,H Read third time and passed House (56-Y 43-N)
S05V1393,HB2397,2/11/2025,S Reported from Finance and Appropriations (15-Y 0-N)
SV383,HB2397,2/11/2025,S Constitutional reading dispensed (on 2nd reading) (40-Y 0-N)
SV396,HB2397,2/12/2025,S Passed Senate (39-Y 0-N)
H24001V2511801,HB2399,1/29/2025,H Subcommittee recommends reporting (7-Y 0-N 1-A)
H24V2511905,HB2399,1/30/2025,H Reported from Health and Human Services and referred to Appropriations (13-Y 8-N)
H09001V2511507,HB2400,1/28/2025,H Subcommittee recommends laying on the table (5-Y 3-N)
H14002V2510869,HB2401,1/23/2025,H Subcommittee recommends reporting (5-Y 3-N)
H14V2511419,HB2401,1/28/2025,H Reported from Labor and Commerce (11-Y 10-N)
2518354,HB2401,2/3/2025,H Read third time and passed House (53-Y 46-N)
S02V1339,HB2401,2/10/2025,S Reported from Commerce and Labor with substitute and rereferred to Finance and Appropriations (15-Y 0-N)
S05V1828,HB2401,2/14/2025,S Reported from Finance and Appropriations with substitute (14-Y 0-N)
SV567,HB2401,2/17/2025,S Constitutional reading dispensed (on 2nd reading) (39-Y 0-N)
SV593,HB2401,2/18/2025,S Passed Senate with substitute (40-Y 0-N)
2518941,HB2401,2/19/2025,H Senate substitute rejected by House (1-Y 96-N)
SV850,HB2401,2/20/2025,S Senate insisted on substitute (39-Y 0-N)
2519138,HB2401,2/21/2025,H Conference report agreed to by House (52-Y 44-N)
SV944,HB2401,2/21/2025,S Conference report agreed to by Senate (38-Y 1-N)
2519253,HB2401,4/2/2025,H Passed by for the day (47-Y 46-N)
H18001V2511252,HB2402,1/27/2025,H Subcommittee failed to recommend reporting (4-Y 4-N)
H10001V2511146,HB2404,1/27/2025,H Subcommittee recommends laying on the table (5-Y 3-N)
H10V2511682,HB2404,1/29/2025,H Reported from Finance (22-Y 0-N)
2518374,HB2404,2/4/2025,H Read third time and passed House (97-Y 0-N)
2518375,HB2404,2/4/2025,H Passed House (99-Y 0-N)
S05V2017,HB2404,2/17/2025,S Passed by indefinitely in Finance and Appropriations (10-Y 4-N)
H08001V2512206,HB2406,1/31/2025,H Subcommittee recommends reporting with substitute (8-Y 0-N)
H08V2512225,HB2406,1/31/2025,H Reported from Courts of Justice (20-Y 0-N)
2518374,HB2406,2/4/2025,H Read third time and passed House (97-Y 0-N)
2518375,HB2406,2/4/2025,H Passed House (99-Y 0-N)
S13V1325,HB2406,2/10/2025,S Reported from Courts of Justice and rereferred to Finance and Appropriations (12-Y 0-N)
S05V1490,HB2406,2/12/2025,S Reported from Finance and Appropriations (15-Y 0-N)
SV472,HB2406,2/13/2025,S Constitutional reading dispensed (on 2nd reading) (40-Y 0-N)
SV493,HB2406,2/14/2025,S Passed Senate (36-Y 0-N)
H21002V2510658,HB2411,1/22/2025,H Subcommittee recommends reporting with amendment(s)  (7-Y 2-N)
H21V2511178,HB2411,1/27/2025,"H Reported from Communications, Technology and Innovation with amendment(s)  and referred to Appropriations (12-Y 10-N)"
H15001V2510880,HB2412,1/23/2025,H Subcommittee recommends passing by indefinitely (5-Y 3-N)
H14003V2510936,HB2413,1/23/2025,H Subcommittee recommends reporting (8-Y 2-N)
H14V2511440,HB2413,1/28/2025,H Reported from Labor and Commerce (16-Y 6-N)
2518355,HB2413,2/3/2025,H Read third time and passed House (78-Y 21-N)
S02V1909,HB2413,2/17/2025,S Reported from Commerce and Labor with substitute (9-Y 6-N)
SV663,HB2413,2/18/2025,S Constitutional reading dispensed (on 2nd reading) (40-Y 0-N)
SV731,HB2413,2/19/2025,S Passed Senate with substitute (21-Y 18-N)
2519049,HB2413,2/20/2025,H Senate substitute agreed to by House (53-Y 45-N)
H15001V2510915,HB2414,1/23/2025,H Subcommittee failed to recommend reporting (3-Y 6-N)
H08002V2511809,HB2415,1/29/2025,H Subcommittee recommends reporting with substitute (7-Y 1-N)
H08V2512217,HB2415,1/31/2025,H Reported from Courts of Justice with substitute (13-Y 7-N)
2518503,HB2415,2/4/2025,H Read third time and passed House (54-Y 44-N)
S12V1525,HB2415,2/12/2025,S Rereferred from General Laws and Technology to Courts of Justice (10-Y 0-N)
S13V1874,HB2415,2/17/2025,S Reported from Courts of Justice with substitute (10-Y 0-N)
SV634,HB2415,2/18/2025,S Constitutional reading dispensed (on 2nd reading) (39-Y 0-N)
SV670,HB2415,2/19/2025,S Passed Senate with substitute (40-Y 0-N)
2519050,HB2415,2/20/2025,H Senate substitute agreed to by House (54-Y 44-N)
2519253,HB2415,4/2/2025,H Passed by for the day (47-Y 46-N)
H08001V2510364,HB2416,1/20/2025,H Subcommittee recommends laying on the table (5-Y 3-N)
H07003V2512086,HB2417,1/31/2025,H Subcommittee recommends laying on the table (5-Y 3-N)
H09001V2511175,HB2418,1/27/2025,H Subcommittee recommends laying on the table (5-Y 3-N)
H09001V2510534,HB2419,1/21/2025,H Subcommittee recommends reporting (8-Y 0-N)
H09V2511615,HB2419,1/29/2025,H Reported from Education with amendment(s)  (21-Y 1-N)
2518423,HB2419,2/4/2025,H Read third time and passed House  (99-Y 0-N)
S04V1767,HB2419,2/13/2025,S Reported from Education and Health (14-Y 0-N)
SV564,HB2419,2/17/2025,S Constitutional reading dispensed (on 2nd reading)
SV593,HB2419,2/18/2025,S Passed Senate (40-Y 0-N)
H09002V2511145,HB2420,1/27/2025,H Subcommittee recommends reporting with amendment(s)  (10-Y 0-N)
H09V2511561,HB2420,1/29/2025,H Reported from Education with amendment(s)  (22-Y 0-N)
2518374,HB2420,2/4/2025,H Read third time and passed House (97-Y 0-N)
2518375,HB2420,2/4/2025,H Passed House (99-Y 0-N)
S04V1697,HB2420,2/13/2025,S Reported from Education and Health (15-Y 0-N)
SV564,HB2420,2/17/2025,S Constitutional reading dispensed (on 2nd reading)
SV593,HB2420,2/18/2025,S Passed Senate (40-Y 0-N)
H09002V2511147,HB2421,1/27/2025,H Subcommittee recommends laying on the table (6-Y 4-N)
H19001V2511301,HB2423,1/28/2025,H Subcommittee recommends reporting (8-Y 0-N)
H19V2511924,HB2423,1/30/2025,H Reported from Transportation (22-Y 0-N)
2518374,HB2423,2/4/2025,H Read third time and passed House (97-Y 0-N)
2518375,HB2423,2/4/2025,H Passed House (99-Y 0-N)
S11V1786,HB2423,2/13/2025,S Reported from Transportation (15-Y 0-N)
SV564,HB2423,2/17/2025,S Constitutional reading dispensed (on 2nd reading)
SV593,HB2423,2/18/2025,S Passed Senate (40-Y 0-N)
H14003V2510933,HB2426,1/23/2025,H Subcommittee recommends reporting with amendment(s)  (6-Y 4-N)
H14V2511441,HB2426,1/28/2025,H Reported from Labor and Commerce with amendment(s)  and referred to Appropriations (17-Y 5-N)
H02001V2511696,HB2426,1/29/2025,H Subcommittee recommends reporting with amendment(s)  (7-Y 1-N)
H02V2511752,HB2426,1/29/2025,H Reported from Appropriations with amendment(s)  (17-Y 4-N)
2518424,HB2426,2/4/2025,H Read third time and passed House (91-Y 8-N)
S02V1367,HB2426,2/10/2025,S Reported from Commerce and Labor with amendment and rereferred to Finance and Appropriations (12-Y 2-N 1-A)
S05V1962,HB2426,2/17/2025,S Reported from Finance and Appropriations with amendment (10-Y 3-N 1-A)
SV738,HB2426,2/19/2025,S Constitutional reading dispensed (on 2nd reading) (40-Y 0-N)
SV828,HB2426,2/20/2025,S Passed Senate with amendment (23-Y 15-N 1-A)
2519108,HB2426,2/20/2025,H Senate Amendment agreed to by House (90-Y 6-N)
2519318,HB2426,4/2/2025,H House rejected Governor's recommendation (27-Y 69-N)
H11002V2510868,HB2430,1/23/2025,H Subcommittee recommends reporting with substitute (8-Y 0-N)
H11V2511409,HB2430,1/28/2025,H Reported from General Laws with substitute (20-Y 2-N)
2518356,HB2430,2/3/2025,H Read third time and passed House (87-Y 12-N)
S12V1593,HB2430,2/12/2025,S Reported from General Laws and Technology with amendment (11-Y 4-N)
SV522,HB2430,2/14/2025,S Constitutional reading dispensed (on 2nd reading) (36-Y 0-N)
SV615,HB2430,2/18/2025,S Passed Senate with amendment (22-Y 18-N)
2518942,HB2430,2/19/2025,H Senate Amendment agreed to by House (81-Y 16-N)
H08002V2511787,HB2431,1/29/2025,H Subcommittee recommends reporting with substitute (8-Y 0-N)
H08V2512216,HB2431,1/31/2025,H Reported from Courts of Justice with substitute (17-Y 0-N)
2518374,HB2431,2/4/2025,H Read third time and passed House (97-Y 0-N)
2518375,HB2431,2/4/2025,H Passed House (99-Y 0-N)
S12V1578,HB2431,2/12/2025,S Reported from General Laws and Technology (15-Y 0-N)
SV522,HB2431,2/14/2025,S Constitutional reading dispensed (on 2nd reading) (36-Y 0-N)
SV558,HB2431,2/17/2025,S Passed Senate (39-Y 0-N)
H11V2510475,HB2432,1/21/2025,H Stricken from docket by General Laws (21-Y 0-N)
H15002V2510790,HB2433,1/23/2025,H Subcommittee recommends striking from the docket (6-Y 0-N)
H18001V2511253,HB2434,1/27/2025,H Subcommittee recommends passing by indefinitely (5-Y 3-N)
H15002V2511876,HB2435,1/30/2025,H Subcommittee recommends reporting with substitute (5-Y 1-N)
H15V2512096,HB2435,1/31/2025,H Reported from Public Safety with substitute (21-Y 0-N)
2518374,HB2435,2/4/2025,H Read third time and passed House (97-Y 0-N)
2518375,HB2435,2/4/2025,H Passed House (99-Y 0-N)
S04V1353,HB2435,2/10/2025,S Rereferred to Courts of Justice (12-Y 0-N)
S13V1764,HB2435,2/13/2025,S Reported from Courts of Justice and rereferred to Finance and Appropriations (14-Y 0-N)
S05V1978,HB2435,2/17/2025,S Reported from Finance and Appropriations (14-Y 0-N)
SV738,HB2435,2/19/2025,S Constitutional reading dispensed (on 2nd reading) (40-Y 0-N)
SV801,HB2435,2/20/2025,S Passed Senate (39-Y 0-N)
SV803,HB2435,2/20/2025,S Reconsideration of Senate passage agreed to by Senate (39-Y 0-N)
SV804,HB2435,2/20/2025,S Passed Senate (39-Y 0-N)
H07002V2510764,HB2438,1/23/2025,H Subcommittee recommends reporting (7-Y 1-N)
H07V2510992,HB2438,1/24/2025,"H Reported from Counties, Cities and Towns (12-Y 8-N)"
2518311,HB2438,1/30/2025,H Read third time and passed House  (48-Y 46-N)
S02V1921,HB2438,2/17/2025,S Failed to report (defeated) in Commerce and Labor (7-Y 7-N 1-A)
H09001V2511159,HB2441,1/27/2025,H Subcommittee recommends reporting (8-Y 0-N)
H09V2511573,HB2441,1/29/2025,H Reported from Education (22-Y 0-N)
2518374,HB2441,2/4/2025,H Read third time and passed House (97-Y 0-N)
2518375,HB2441,2/4/2025,H Passed House (99-Y 0-N)
S13V1879,HB2441,2/17/2025,S Reported from Courts of Justice with amendment (15-Y 0-N)
SV634,HB2441,2/18/2025,S Constitutional reading dispensed (on 2nd reading) (39-Y 0-N)
SV670,HB2441,2/19/2025,S Passed Senate with amendment (40-Y 0-N)
2519051,HB2441,2/20/2025,H Senate Amendment agreed to by House (98-Y 0-N)
H14002V2510866,HB2443,1/23/2025,H Subcommittee recommends passing by indefinitely (4-Y 3-N)
H18001V2511266,HB2444,1/27/2025,H Subcommittee recommends laying on the table (5-Y 3-N)
H18001V2511233,HB2445,1/27/2025,H Subcommittee recommends passing by indefinitely (5-Y 3-N)
H24001V2511820,HB2446,1/29/2025,H Subcommittee recommends reporting and referring to Appropriations (8-Y 0-N)
H24V2511906,HB2446,1/30/2025,H Reported from Health and Human Services and referred to Appropriations (21-Y 0-N)
H02V2512157,HB2446,1/31/2025,H Reported from Appropriations (22-Y 0-N)
2518374,HB2446,2/4/2025,H Read third time and passed House (97-Y 0-N)
2518375,HB2446,2/4/2025,H Passed House (99-Y 0-N)
S04V1649,HB2446,2/13/2025,S Reported from Education and Health with amendment and rereferred to Finance and Appropriations (15-Y 0-N)
S05V1847,HB2446,2/14/2025,S Reported from Finance and Appropriations (14-Y 0-N)
SV567,HB2446,2/17/2025,S Constitutional reading dispensed (on 2nd reading) (39-Y 0-N)
SV593,HB2446,2/18/2025,S Passed Senate with amendment (40-Y 0-N)
2518943,HB2446,2/19/2025,H Senate Amendment agreed to by House (97-Y 0-N)
2519319,HB2446,4/2/2025,H House rejected Governor's recommendation (18-Y 78-N)
2519320,HB2446,4/2/2025,H Passed in enrolled form (93-Y 0-N)
H02002V2511165,HB2447,1/27/2025,H Subcommittee recommends laying on the table (4-Y 3-N)
H24002V2511877,HB2448,1/30/2025,H Subcommittee recommends reporting (7-Y 1-N)
H24V2511911,HB2448,1/30/2025,H Reported from Health and Human Services (19-Y 1-N 1-A)
2518504,HB2448,2/4/2025,H Read third time and passed House (96-Y 0-N 1-A)
S04V1665,HB2448,2/13/2025,S Reported from Education and Health (15-Y 0-N)
SV564,HB2448,2/17/2025,S Constitutional reading dispensed (on 2nd reading)
SV593,HB2448,2/18/2025,S Passed Senate (40-Y 0-N)
H01002V2511244,HB2450,1/27/2025,H Subcommittee recommends laying on the table (8-Y 2-N)
H09003V2510663,HB2451,1/22/2025,H Subcommittee recommends reporting and referred to Appropriations (8-Y 0-N)
H09V2511591,HB2451,1/29/2025,H Reported from Education and referred to Appropriations (22-Y 0-N)
H02003V2511773,HB2451,1/29/2025,H Subcommittee recommends laying on the table (7-Y 0-N)
H09002V2511142,HB2452,1/27/2025,H Subcommittee recommends reporting with amendment(s)  (8-Y 2-N)
H09V2511564,HB2452,1/29/2025,H Reported from Education with amendment(s)  (20-Y 2-N)
2518425,HB2452,2/4/2025,H Read third time and passed House (95-Y 4-N)
S04V1698,HB2452,2/13/2025,S Reported from Education and Health and rereferred to Finance and Appropriations (15-Y 0-N)
S05V1865,HB2452,2/14/2025,S Reported from Finance and Appropriations (14-Y 0-N)
SV567,HB2452,2/17/2025,S Constitutional reading dispensed (on 2nd reading) (39-Y 0-N)
SV593,HB2452,2/18/2025,S Passed Senate (40-Y 0-N)
H02001V2510720,HB2453,1/22/2025,H Subcommittee recommends striking from the docket (8-Y 0-N)
H02V2511014,HB2453,1/24/2025,H Stricken from docket by Appropriations (22-Y 0-N)
H09001V2510579,HB2454,1/21/2025,H Subcommittee recommends reporting (6-Y 2-N)
H09V2510640,HB2454,1/22/2025,H Reported from Education (12-Y 10-N)
2518262,HB2454,1/28/2025,H Read third time and passed House (52-Y 46-N)
S04V1197,HB2454,2/6/2025,S Reported from Education and Health (14-Y 0-N)
SV363,HB2454,2/7/2025,S Constitutional reading dispensed (on 2nd reading) (38-Y 0-N)
SV396,HB2454,2/12/2025,S Passed Senate (39-Y 0-N)
2519253,HB2454,4/2/2025,H Passed by for the day (47-Y 46-N)
H09001V2511373,HB2455,1/28/2025,H Subcommittee recommends reporting with substitute (8-Y 0-N)
H09V2511574,HB2455,1/29/2025,H Reported from Education with substitute (22-Y 0-N)
2518374,HB2455,2/4/2025,H Read third time and passed House (97-Y 0-N)
2518375,HB2455,2/4/2025,H Passed House (99-Y 0-N)
S04V1738,HB2455,2/13/2025,S Reported from Education and Health with substitute and rereferred to Finance and Appropriations (14-Y 0-N 1-A)
S05V2011,HB2455,2/17/2025,S Passed by indefinitely in Finance and Appropriations (13-Y 0-N 1-A)
H08001V2512207,HB2456,1/31/2025,H Subcommittee recommends laying on the table (8-Y 0-N)
H24004V2510924,HB2457,1/23/2025,H Subcommittee recommends reporting (8-Y 0-N)
H24V2511334,HB2457,1/28/2025,H Reported from Health and Human Services (21-Y 0-N)
2518337,HB2457,2/3/2025,H Read third time and passed House (98-Y 0-N)
2518364,HB2457,2/3/2025,H Read third time and passed House (99-Y 0-N)
S09V1795,HB2457,2/14/2025,S Reported from Rehabilitation and Social Services (14-Y 0-N)
SV564,HB2457,2/17/2025,S Constitutional reading dispensed (on 2nd reading)
SV593,HB2457,2/18/2025,S Passed Senate (40-Y 0-N)
H19001V2511296,HB2458,1/28/2025,H Subcommittee recommends reporting with substitute (8-Y 0-N)
H19V2511925,HB2458,1/30/2025,H Reported from Transportation with substitute (22-Y 0-N)
2518374,HB2458,2/4/2025,H Read third time and passed House (97-Y 0-N)
2518375,HB2458,2/4/2025,H Passed House (99-Y 0-N)
S11V1782,HB2458,2/13/2025,S Reported from Transportation with amendment (13-Y 0-N 2-A)
SV564,HB2458,2/17/2025,S Constitutional reading dispensed (on 2nd reading) (39-Y 0-N)
SV802,HB2458,2/20/2025,S Passed Senate with amendments (33-Y 6-N)
2519109,HB2458,2/20/2025,H Senate Amendments agreed to by House (92-Y 3-N)
2519321,HB2458,4/2/2025,H House rejected Governor's amendment #1 (45-Y 51-N)
2519322,HB2458,4/2/2025,H House rejected  Governor's amendments #'s 2-7 (46-Y 50-N)
H09001V2511347,HB2460,1/28/2025,H Subcommittee recommends reporting (6-Y 2-N)
H09V2511607,HB2460,1/29/2025,H Reported from Education (21-Y 1-N)
2518426,HB2460,2/4/2025,H Read third time and passed House (98-Y 0-N)
S04V1768,HB2460,2/13/2025,S Reported from Education and Health and rereferred to Finance and Appropriations (14-Y 0-N)
S05V1959,HB2460,2/17/2025,S Reported from Finance and Appropriations (14-Y 0-N)
SV738,HB2460,2/19/2025,S Constitutional reading dispensed (on 2nd reading) (40-Y 0-N)
SV801,HB2460,2/20/2025,S Passed Senate (39-Y 0-N)
SV803,HB2460,2/20/2025,S Reconsideration of Senate passage agreed to by Senate (39-Y 0-N)
SV804,HB2460,2/20/2025,S Passed Senate (39-Y 0-N)
H21001V2511170,HB2462,1/27/2025,H Subcommittee recommends reporting with substitute (7-Y 3-N)
H21V2511184,HB2462,1/27/2025,"H Reported from Communications, Technology and Innovation with substitute (12-Y 10-N)"
2518334,HB2462,1/31/2025,H Read third time and passed House (55-Y 41-N)
S13V1899,HB2462,2/17/2025,S Reported from Courts of Justice with substitute (10-Y 5-N)
SV634,HB2462,2/18/2025,S Constitutional reading dispensed (on 2nd reading) (39-Y 0-N)
SV732,HB2462,2/19/2025,S Passed Senate with substitute (22-Y 17-N)
2519052,HB2462,2/20/2025,H Senate substitute rejected by House (1-Y 97-N)
SV879,HB2462,2/20/2025,S Senate insisted on substitute (39-Y 0-N)
H09001V2511508,HB2463,1/28/2025,H Subcommittee recommends laying on the table (5-Y 3-N)
H19002V2511473,HB2464,1/28/2025,H Subcommittee recommends laying on the table (6-Y 2-N)
H19002V2511471,HB2466,1/28/2025,H Subcommittee recommends reporting with substitute (5-Y 3-N)
H19V2511932,HB2466,1/30/2025,H Reported from Transportation with substitute (12-Y 10-N)
2518505,HB2466,2/4/2025,H Read third time and passed House (58-Y 40-N)
S11V1777,HB2466,2/13/2025,S Reported from Transportation with amendment and rereferred to Finance and Appropriations (14-Y 0-N 1-A)
S05V1998,HB2466,2/17/2025,S Reported from Finance and Appropriations (14-Y 0-N)
SV738,HB2466,2/19/2025,S Constitutional reading dispensed (on 2nd reading) (40-Y 0-N)
SV847,HB2466,2/20/2025,S Passed Senate with amendment (39-Y 0-N)
2519110,HB2466,2/20/2025,H Senate Amendment agreed to by House (56-Y 39-N)
2519263,HB2466,4/2/2025,H House sustained Governor's veto (54-Y 39-N)
H15002V2510811,HB2467,1/23/2025,H Subcommittee recommends reporting with amendment(s)  and referring to Appropriations (4-Y 2-N)
H15V2510958,HB2467,1/24/2025,H Reported from Public Safety with amendment(s)  and referred to Appropriations (12-Y 10-N)
H02007V2511673,HB2467,1/29/2025,H Subcommittee recommends reporting (5-Y 3-N)
H02V2511738,HB2467,1/29/2025,H Reported from Appropriations (12-Y 9-N)
2518427,HB2467,2/4/2025,H Read third time and passed House 55-Y 44-N 0-A)
S09V1229,HB2467,2/7/2025,S Passed by indefinitely in Rehabilitation and Social Services with letter (15-Y 0-N)
H24002V2510783,HB2468,1/23/2025,H Subcommittee recommends reporting (8-Y 0-N)
H24V2511329,HB2468,1/28/2025,H Reported from Health and Human Services with amendment(s)  (21-Y 0-N)
2518337,HB2468,2/3/2025,H Read third time and passed House (98-Y 0-N)
2518364,HB2468,2/3/2025,H Read third time and passed House (99-Y 0-N)
S04V1682,HB2468,2/13/2025,S Reported from Education and Health (15-Y 0-N)
SV564,HB2468,2/17/2025,S Constitutional reading dispensed (on 2nd reading)
SV593,HB2468,2/18/2025,S Passed Senate (40-Y 0-N)
H14002V2510888,HB2469,1/23/2025,H Subcommittee recommends reporting (5-Y 3-N)
H14V2511420,HB2469,1/28/2025,H Reported from Labor and Commerce and referred to Appropriations (12-Y 10-N)
H02001V2511691,HB2469,1/29/2025,H Subcommittee recommends reporting with amendment(s)  (5-Y 3-N)
H02V2511754,HB2469,1/29/2025,H Reported from Appropriations with amendment(s)  (11-Y 10-N)
2518428,HB2469,2/4/2025,H Read third time and passed House (51-Y 47-N 1-A)
S02V1910,HB2469,2/17/2025,S Reported from Commerce and Labor with amendment (9-Y 6-N)
SV663,HB2469,2/18/2025,S Constitutional reading dispensed (on 2nd reading) (40-Y 0-N)
SV733,HB2469,2/19/2025,S Passed Senate with amendment (22-Y 18-N)
2519053,HB2469,2/20/2025,H Senate Amendment agreed to by House (50-Y 46-N)
H14003V2510935,HB2470,1/24/2025,H Subcommittee recommends laying on the table (6-Y 4-N)
H09001V2510580,HB2471,1/21/2025,H Subcommittee recommends reporting and referred to Appropriations (8-Y 0-N)
H09V2510629,HB2471,1/22/2025,H Reported from Education (22-Y 0-N)
2518268,HB2471,1/28/2025,H Read third time and passed House (77-Y 22-N)
S04V1736,HB2471,2/13/2025,S Reported from Education and Health and rereferred to Finance and Appropriations (10-Y 5-N)
S05V2012,HB2471,2/17/2025,S Passed by indefinitely in Finance and Appropriations (14-Y 0-N)
H08001V2511114,HB2472,1/24/2025,H Subcommittee recommends reporting with amendment(s)  (8-Y 0-N)
H08V2511702,HB2472,1/29/2025,H Reported from Courts of Justice with amendment(s)  (22-Y 0-N)
2518548,HB2472,2/4/2025,H Read third time and passed House  (56-Y 41-N)
2518557,HB2472,2/4/2025,H Passed House (51-Y 46-N)
S13V1278,HB2472,2/10/2025,S Reported from Courts of Justice (15-Y 0-N)
SV382,HB2472,2/11/2025,S Constitutional reading dispensed (on 2nd reading) (40-Y 0-N)
SV396,HB2472,2/12/2025,S Passed Senate (39-Y 0-N)
H24001V2511465,HB2473,1/28/2025,H Subcommittee recommends reporting (8-Y 0-N)
H24V2511897,HB2473,1/30/2025,H Reported from Health and Human Services (21-Y 0-N)
2518374,HB2473,2/4/2025,H Read third time and passed House (97-Y 0-N)
2518375,HB2473,2/4/2025,H Passed House (99-Y 0-N)
S04V1640,HB2473,2/13/2025,S Reported from Education and Health (13-Y 0-N)
SV564,HB2473,2/17/2025,S Constitutional reading dispensed (on 2nd reading)
SV593,HB2473,2/18/2025,S Passed Senate (40-Y 0-N)
H19004V2511785,HB2475,1/29/2025,H Subcommittee recommends reporting (4-Y 1-N)
H19V2511940,HB2475,1/30/2025,H Reported from Transportation (12-Y 10-N)
2518506,HB2475,2/4/2025,H Read third time and passed House (65-Y 33-N)
S11V1775,HB2475,2/13/2025,S Reported from Transportation (11-Y 3-N 1-A)
SV564,HB2475,2/17/2025,S Constitutional reading dispensed (on 2nd reading) (39-Y 0-N)
SV713,HB2475,2/19/2025,S Passed Senate (22-Y 17-N)
H08002V2510704,HB2476,1/22/2025,H Subcommittee recommends reporting with substitute (8-Y 0-N)
H08V2511069,HB2476,1/24/2025,H Reported from Courts of Justice with substitute (22-Y 0-N)
2518291,HB2476,1/30/2025,H Read third time and passed House (96-Y 0-N)
S13V1889,HB2476,2/17/2025,S Reported from Courts of Justice with amendment (15-Y 0-N)
SV634,HB2476,2/18/2025,S Constitutional reading dispensed (on 2nd reading) (39-Y 0-N)
SV670,HB2476,2/19/2025,S Passed Senate with amendment (40-Y 0-N)
2519054,HB2476,2/20/2025,H Senate Amendment agreed to by House (92-Y 1-N)
H08002V2510706,HB2477,1/22/2025,H Subcommittee recommends reporting (8-Y 0-N)
H08V2511073,HB2477,1/24/2025,H Reported from Courts of Justice (21-Y 1-N)
2518312,HB2477,1/30/2025,H Read third time and passed House (89-Y 5-N)
S13V1888,HB2477,2/17/2025,S Reported from Courts of Justice (12-Y 0-N 3-A)
SV634,HB2477,2/18/2025,S Constitutional reading dispensed (on 2nd reading) (39-Y 0-N)
SV734,HB2477,2/19/2025,S Passed Senate (30-Y 9-N)
H18001V2511259,HB2478,1/27/2025,H Subcommittee failed to recommend reporting (2-Y 6-N)
H18V2512122,HB2479,1/31/2025,H Reported from Privileges and Elections (19-Y 2-N)
2518507,HB2479,2/4/2025,H Read third time and passed House (80-Y 18-N)
S08V1427,HB2479,2/11/2025,S Reported from Privileges and Elections with substitute (8-Y 7-N)
SV472,HB2479,2/13/2025,S Constitutional reading dispensed (on 2nd reading) (40-Y 0-N)
SV514,HB2479,2/14/2025,S Passed Senate with substitute (23-Y 13-N)
2518873,HB2479,2/18/2025,H Senate substitute rejected by House (0-Y 96-N)
SV744,HB2479,2/19/2025,S Senate insisted on substitute (38-Y 2-N)
SV981,HB2479,2/22/2025,S Conference report agreed to by Senate (23-Y 17-N)
2519187,HB2479,2/22/2025,H Conference report agreed to by House (76-Y 22-N)
H07002V2510765,HB2480,1/23/2025,H Subcommittee recommends laying on the table (5-Y 3-N)
H14001V2511501,HB2481,1/28/2025,H Subcommittee recommends reporting and referring to Appropriations (5-Y 2-N)
H14V2512053,HB2481,1/30/2025,H Reported from Labor and Commerce and referred to Appropriations (13-Y 9-N)
H11004V2511488,HB2482,1/28/2025,H Subcommittee recommends reporting with substitute (5-Y 3-N)
H11V2512015,HB2482,1/30/2025,H Reported from General Laws with substitute (12-Y 9-N)
2518508,HB2482,2/4/2025,H Read third time and passed House (55-Y 43-N)
S12V1554,HB2482,2/12/2025,S Reported from General Laws and Technology with amendment and rereferred to Finance and Appropriations (9-Y 6-N)
S05V1941,HB2482,2/17/2025,S Reported from Finance and Appropriations (10-Y 4-N)
SV738,HB2482,2/19/2025,S Constitutional reading dispensed (on 2nd reading) (40-Y 0-N)
SV831,HB2482,2/20/2025,S Passed Senate with amendment (20-Y 19-N)
2519111,HB2482,2/20/2025,H Senate Amendment agreed to by House (51-Y 44-N)
H14004V2511994,HB2483,1/30/2025,H Subcommittee recommends striking from the docket (5-Y 0-N)
H11005V2511110,HB2485,1/24/2025,H Subcommittee recommends reporting with substitute and referring to Appropriations (5-Y 1-N)
H11V2511439,HB2485,1/28/2025,H Reported from General Laws with substitute and referred to Appropriations (14-Y 8-N)
H02007V2511671,HB2485,1/29/2025,H Subcommittee recommends reporting (5-Y 3-N)
H02V2511739,HB2485,1/29/2025,H Reported from Appropriations (13-Y 8-N)
2518429,HB2485,2/4/2025,H Read third time and passed House (53-Y 46-N)
S09V1215,HB2485,2/7/2025,S Reported from Rehabilitation and Social Services and rereferred to Finance and Appropriations (8-Y 6-N)
S05V1399,HB2485,2/11/2025,S Reported from Finance and Appropriations (10-Y 5-N)
SV383,HB2485,2/11/2025,S Constitutional reading dispensed (on 2nd reading) (40-Y 0-N)
SV407,HB2485,2/12/2025,S Passed Senate (21-Y 18-N)
H08002V2511216,HB2486,1/27/2025,H Subcommittee recommends laying on the table (5-Y 3-N)
H10001V2511150,HB2487,1/27/2025,H Subcommittee recommends striking from the docket (8-Y 0-N)
H24002V2510782,HB2489,1/23/2025,H Subcommittee recommends reporting (8-Y 0-N)
H24V2511322,HB2489,1/28/2025,H Reported from Health and Human Services (21-Y 0-N)
2518337,HB2489,2/3/2025,H Read third time and passed House (98-Y 0-N)
2518364,HB2489,2/3/2025,H Read third time and passed House (99-Y 0-N)
S04V1683,HB2489,2/13/2025,S Reported from Education and Health (15-Y 0-N)
SV564,HB2489,2/17/2025,S Constitutional reading dispensed (on 2nd reading)
SV593,HB2489,2/18/2025,S Passed Senate (40-Y 0-N)
H08V2511019,HB2492,1/24/2025,H Stricken from docket by Courts of Justice (22-Y 0-N)
H11003V2511458,HB2493,1/28/2025,H Subcommittee recommends reporting (8-Y 0-N)
H11V2512009,HB2493,1/30/2025,H Reported from General Laws (21-Y 0-N)
2518554,HB2493,2/4/2025,H Read third time and passed House (86-Y 12-N)
S12V1584,HB2493,2/12/2025,S Reported from General Laws and Technology (13-Y 1-N 1-A)
SV522,HB2493,2/14/2025,S Constitutional reading dispensed (on 2nd reading) (36-Y 0-N)
SV616,HB2493,2/18/2025,S Passed Senate (21-Y 19-N)
2519323,HB2493,4/2/2025,H House concurred in Governor's recommendation (89-Y 7-N)
SV1100,HB2493,4/2/2025,S Senate concurred in Governor's recommendation (30-Y 8-N)
H14002V2511959,HB2495,1/30/2025,H Subcommittee recommends reporting (5-Y 3-N)
H14V2512060,HB2495,1/30/2025,H Reported from Labor and Commerce (12-Y 10-N)
2518509,HB2495,2/4/2025,H Read third time and passed House (54-Y 44-N)
S02V1349,HB2495,2/10/2025,S Passed by indefinitely in Commerce and Labor (10-Y 5-N)
H01001V2510744,HB2496,1/22/2025,H Subcommittee recommends laying on the table (6-Y 4-N)
H01001V2510745,HB2497,1/22/2025,H Subcommittee recommends laying on the table (6-Y 4-N)
H11003V2511460,HB2498,1/28/2025,H Subcommittee recommends reporting with substitute (8-Y 0-N)
H11V2512010,HB2498,1/30/2025,H Reported from General Laws with substitute and referred to Appropriations (21-Y 0-N)
H07003V2510967,HB2499,1/24/2025,H Subcommittee recommends laying on the table (5-Y 3-N)
H02005V2511093,HB2500,1/24/2025,H Subcommittee recommends reporting (7-Y 0-N)
H02V2511199,HB2500,1/27/2025,H Reported from Appropriations (22-Y 0-N)
2518321,HB2500,1/31/2025,H Read third time and passed House (96-Y 0-N)
S05V1472,HB2500,2/12/2025,S Reported from Finance and Appropriations (15-Y 0-N)
SV472,HB2500,2/13/2025,S Constitutional reading dispensed (on 2nd reading) (40-Y 0-N)
SV493,HB2500,2/14/2025,S Passed Senate (36-Y 0-N)
H19001V2511327,HB2501,1/28/2025,H Subcommittee recommends reporting (8-Y 0-N)
H19V2511926,HB2501,1/30/2025,H Reported from Transportation (22-Y 0-N)
2518374,HB2501,2/4/2025,H Read third time and passed House (97-Y 0-N)
2518375,HB2501,2/4/2025,H Passed House (99-Y 0-N)
S11V1754,HB2501,2/13/2025,S Reported from Transportation with substitute and rereferred to Finance and Appropriations (14-Y 0-N)
S05V1870,HB2501,2/14/2025,S Reported from Finance and Appropriations (14-Y 0-N)
SV567,HB2501,2/17/2025,S Constitutional reading dispensed (on 2nd reading) (39-Y 0-N)
SV593,HB2501,2/18/2025,S Passed Senate with substitute (40-Y 0-N)
2518944,HB2501,2/19/2025,H Senate substitute agreed to by House (97-Y 0-N)
2519268,HB2501,4/2/2025,H House concurred in Governor's recommendation  (96-Y 0-N)
SV1101,HB2501,4/2/2025,S Senate concurred in Governor's recommendation (39-Y 1-N)
H11004V2511506,HB2502,1/28/2025,H Subcommittee recommends reporting with substitute (8-Y 0-N)
H11V2512016,HB2502,1/30/2025,H Reported from General Laws with substitute (21-Y 0-N)
2518374,HB2502,2/4/2025,H Read third time and passed House (97-Y 0-N)
2518375,HB2502,2/4/2025,H Passed House (99-Y 0-N)
S12V1546,HB2502,2/12/2025,S Reported from General Laws and Technology (9-Y 6-N)
SV522,HB2502,2/14/2025,S Constitutional reading dispensed (on 2nd reading) (36-Y 0-N)
SV617,HB2502,2/18/2025,S Passed Senate (24-Y 13-N)
SV618,HB2502,2/18/2025,S Reconsideration of Senate passage agreed to by Senate (39-Y 0-N)
SV619,HB2502,2/18/2025,S Passed Senate (30-Y 7-N)
H11001V2511996,HB2503,1/30/2025,H Subcommittee recommends reporting with amendment(s)  (8-Y 0-N)
H11V2512046,HB2503,1/30/2025,H Reported from General Laws with amendment(s)  (21-Y 0-N)
2518374,HB2503,2/4/2025,H Read third time and passed House (97-Y 0-N)
2518375,HB2503,2/4/2025,H Passed House (99-Y 0-N)
S12V1527,HB2503,2/12/2025,S Rereferred from General Laws and Technology to Transportation (10-Y 0-N)
S11V1742,HB2503,2/13/2025,S Reported from Transportation (13-Y 0-N)
SV564,HB2503,2/17/2025,S Constitutional reading dispensed (on 2nd reading)
SV593,HB2503,2/18/2025,S Passed Senate (40-Y 0-N)
H02007V2510701,HB2504,1/22/2025,H Subcommittee recommends laying on the table (8-Y 0-N)
H08002V2511239,HB2505,1/27/2025,H Subcommittee recommends laying on the table (8-Y 0-N)
H09001V2510541,HB2507,1/21/2025,H Subcommittee recommends reporting and referred to Appropriations (8-Y 0-N)
H09V2510630,HB2507,1/22/2025,H Reported from Education and referred to Appropriations (22-Y 0-N)
H02003V2511128,HB2507,1/24/2025,H Subcommittee recommends reporting (8-Y 0-N)
H02V2511203,HB2507,1/27/2025,H Reported from Appropriations (21-Y 0-N)
2518321,HB2507,1/31/2025,H Read third time and passed House (96-Y 0-N)
S04V1198,HB2507,2/6/2025,S Reported from Education and Health and rereferred to Finance and Appropriations (14-Y 0-N)
S05V1478,HB2507,2/12/2025,S Passed by indefinitely in Finance and Appropriations (15-Y 0-N)
H18001V2511245,HB2508,1/27/2025,H Subcommittee recommends passing by indefinitely (6-Y 2-N)
H14003V2511532,HB2509,1/28/2025,H Subcommittee recommends reporting with substitute and referring to Appropriations (6-Y 4-N)
H14V2512064,HB2509,1/30/2025,H Reported from Labor and Commerce with substitute and referred to Appropriations (12-Y 10-N)
H02V2512177,HB2509,1/31/2025,H Reported from Appropriations (12-Y 10-N)
2518510,HB2509,2/4/2025,H Read third time and passed House (52-Y 46-N)
S02V1364,HB2509,2/10/2025,S Reported from Commerce and Labor and rereferred to Finance and Appropriations (9-Y 6-N)
S05V2005,HB2509,2/17/2025,S Passed by indefinitely in Finance and Appropriations (13-Y 0-N 1-A)
H14004V2511982,HB2510,1/30/2025,H Subcommittee recommends laying on the table (3-Y 2-N)
H01001V2510746,HB2512,1/22/2025,H Subcommittee recommends striking from the docket (10-Y 0-N)
H18001V2511230,HB2513,1/27/2025,H Subcommittee recommends reporting (8-Y 0-N)
H18V2512126,HB2513,1/31/2025,H Reported from Privileges and Elections (21-Y 0-N)
2518555,HB2513,2/4/2025,H Read third time and passed House (78-Y 19-N)
S08V1446,HB2513,2/11/2025,S Passed by indefinitely in Privileges and Elections (8-Y 7-N)
H14004V2511974,HB2515,1/30/2025,H Subcommittee recommends reporting with substitute (3-Y 2-N)
H14V2512073,HB2515,1/30/2025,H Reported from Labor and Commerce with substitute (12-Y 9-N)
2518511,HB2515,2/4/2025,H Read third time and passed House (51-Y 47-N)
S12V1555,HB2515,2/12/2025,S Reported from General Laws and Technology (10-Y 5-N)
SV522,HB2515,2/14/2025,S Constitutional reading dispensed (on 2nd reading) (36-Y 0-N)
SV620,HB2515,2/18/2025,S Passed Senate (25-Y 15-N)
2519324,HB2515,4/2/2025,H House rejected Governor's recommendation (30-Y 65-N)
H01002V2511261,HB2516,1/27/2025,H Subcommittee recommends reporting (9-Y 0-N)
H01V2511628,HB2516,1/29/2025,"H Reported from Agriculture, Chesapeake and Natural Resources (22-Y 0-N)"
2518374,HB2516,2/4/2025,H Read third time and passed House (97-Y 0-N)
2518375,HB2516,2/4/2025,H Passed House (99-Y 0-N)
S01V1429,HB2516,2/11/2025,"S Reported from Agriculture, Conservation and Natural Resources and rereferred to Finance and Appropriations (15-Y 0-N)"
S05V2006,HB2516,2/17/2025,S Reported from Finance and Appropriations (14-Y 0-N)
SV738,HB2516,2/19/2025,S Constitutional reading dispensed (on 2nd reading) (40-Y 0-N)
SV801,HB2516,2/20/2025,S Passed Senate (39-Y 0-N)
SV803,HB2516,2/20/2025,S Reconsideration of Senate passage agreed to by Senate (39-Y 0-N)
SV804,HB2516,2/20/2025,S Passed Senate (39-Y 0-N)
H01002V2511254,HB2517,1/27/2025,H Subcommittee recommends reporting with substitute with amendment(s)  (10-Y 0-N)
H01V2511630,HB2517,1/29/2025,"H Reported from Agriculture, Chesapeake and Natural Resources with substitute (21-Y 1-N)"
2518430,HB2517,2/4/2025,H Read third time and passed House (82-Y 17-N)
S01V1451,HB2517,2/11/2025,"S Reported from Agriculture, Conservation and Natural Resources with amendments (15-Y 0-N)"
SV472,HB2517,2/13/2025,S Constitutional reading dispensed (on 2nd reading) (40-Y 0-N)
SV493,HB2517,2/14/2025,S Passed Senate with amendments (36-Y 0-N)
2518874,HB2517,2/18/2025,H Senate Amendments agreed to by House (94-Y 3-N)
H10002V2511523,HB2519,1/28/2025,H Subcommittee recommends laying on the table (5-Y 0-N)
H15002V2511863,HB2520,1/30/2025,H Subcommittee recommends reporting with substitute (4-Y 2-N)
H15V2512097,HB2520,1/31/2025,H Reported from Public Safety with substitute (18-Y 3-N)
2518512,HB2520,2/4/2025,H Read third time and passed House (93-Y 3-N)
S12V1568,HB2520,2/12/2025,S Reported from General Laws and Technology and rereferred to Finance and Appropriations (11-Y 2-N 2-A)
S05V1958,HB2520,2/17/2025,S Reported from Finance and Appropriations with substitute (14-Y 0-N)
SV738,HB2520,2/19/2025,S Constitutional reading dispensed (on 2nd reading) (40-Y 0-N)
SV833,HB2520,2/20/2025,S Passed Senate with substitute (39-Y 0-N)
2519112,HB2520,2/20/2025,H Senate substitute rejected by House (0-Y 95-N)
SV897,HB2520,2/20/2025,S Senate insisted on substitute (38-Y 0-N)
SV945,HB2520,2/21/2025,S Conference report agreed to by Senate (39-Y 0-N)
2519221,HB2520,2/22/2025,H Conference report agreed to by House (49-Y 47-N)
2519325,HB2520,4/2/2025,H House rejected Governor's recommendation (35-Y 61-N)
2519326,HB2520,4/2/2025,H Motion to pass in enrolled form rejected (51-Y 44-N)
H01001V2510747,HB2523,1/22/2025,H Subcommittee recommends striking from the docket (10-Y 0-N)
H10002V2511511,HB2524,1/28/2025,H Subcommittee recommends laying on the table (5-Y 1-N)
H14001V2511456,HB2525,1/28/2025,H Subcommittee recommends reporting (7-Y 0-N)
H14V2512055,HB2525,1/30/2025,H Reported from Labor and Commerce (22-Y 0-N)
2518374,HB2525,2/4/2025,H Read third time and passed House (97-Y 0-N)
2518375,HB2525,2/4/2025,H Passed House (99-Y 0-N)
S02V1929,HB2525,2/17/2025,S Reported from Commerce and Labor (15-Y 0-N)
SV663,HB2525,2/18/2025,S Constitutional reading dispensed (on 2nd reading) (40-Y 0-N)
SV670,HB2525,2/19/2025,S Passed Senate (40-Y 0-N)
H11V2511398,HB2526,1/28/2025,H Stricken from docket by General Laws (22-Y 0-N)
H14003V2511548,HB2528,1/28/2025,H Subcommittee recommends reporting (6-Y 0-N)
H14V2512027,HB2528,1/30/2025,H Tabled in Labor and Commerce (16-Y 6-N)
H14002V2510873,HB2531,1/23/2025,H Subcommittee recommends reporting and referring to Appropriations (6-Y 3-N)
H14V2511422,HB2531,1/28/2025,H Reported from Labor and Commerce and referred to Appropriations (12-Y 10-N)
H02V2512179,HB2531,1/31/2025,H Reported from Appropriations with substitute (12-Y 10-N)
2518513,HB2531,2/4/2025,H Read third time and passed House (51-Y 47-N)
S02V1335,HB2531,2/10/2025,S Reported from Commerce and Labor and rereferred to Finance and Appropriations (9-Y 6-N)
S05V1377,HB2531,2/11/2025,S Reported from Finance and Appropriations (10-Y 5-N)
SV383,HB2531,2/11/2025,S Constitutional reading dispensed (on 2nd reading) (40-Y 0-N)
SV408,HB2531,2/12/2025,S Passed Senate (22-Y 17-N)
SV415,HB2531,2/12/2025,S Reconsideration of Senate passage agreed to by Senate (39-Y 0-N)
SV416,HB2531,2/12/2025,S Passed Senate (21-Y 18-N)
2519264,HB2531,4/2/2025,H House sustained Governor's veto (50-Y 46-N)
H08001V2511229,HB2532,1/27/2025,H Subcommittee recommends striking from the docket (8-Y 0-N)
H07002V2510800,HB2533,1/23/2025,H Subcommittee recommends reporting with substitute (8-Y 0-N)
H07V2510993,HB2533,1/24/2025,"H Reported from Counties, Cities and Towns with substitute (20-Y 0-N)"
2518291,HB2533,1/30/2025,H Read third time and passed House (96-Y 0-N)
S07V1267,HB2533,2/10/2025,S Reported from Local Government with substitute (12-Y 3-N)
SV382,HB2533,2/11/2025,S Constitutional reading dispensed (on 2nd reading) (40-Y 0-N)
SV429,HB2533,2/12/2025,S Passed Senate with substitute (25-Y 13-N)
2518770,HB2533,2/14/2025,H Senate substitute agreed to by House (96-Y 0-N)
H24004V2510922,HB2534,1/23/2025,H Subcommittee recommends reporting with substitute (8-Y 0-N)
H24V2511349,HB2534,1/28/2025,H Reported from Health and Human Services with substitute (21-Y 0-N)
2518337,HB2534,2/3/2025,H Read third time and passed House (98-Y 0-N)
2518364,HB2534,2/3/2025,H Read third time and passed House (99-Y 0-N)
S04V1641,HB2534,2/13/2025,S Reported from Education and Health (13-Y 0-N)
SV564,HB2534,2/17/2025,S Constitutional reading dispensed (on 2nd reading)
SV593,HB2534,2/18/2025,S Passed Senate (40-Y 0-N)
H24001V2511467,HB2535,1/28/2025,H Subcommittee recommends laying on the table (8-Y 0-N)
H08002V2510725,HB2536,1/22/2025,H Subcommittee recommends reporting (8-Y 0-N)
H08V2511070,HB2536,1/24/2025,H Reported from Courts of Justice (22-Y 0-N)
2518291,HB2536,1/30/2025,H Read third time and passed House (96-Y 0-N)
S13V1887,HB2536,2/17/2025,S Reported from Courts of Justice (15-Y 0-N)
SV634,HB2536,2/18/2025,S Constitutional reading dispensed (on 2nd reading) (39-Y 0-N)
SV670,HB2536,2/19/2025,S Passed Senate (40-Y 0-N)
H14003V2511550,HB2537,1/28/2025,H Subcommittee recommends reporting with substitute (8-Y 2-N)
H14V2512065,HB2537,1/30/2025,H Reported from Labor and Commerce with substitute (17-Y 5-N)
2518514,HB2537,2/4/2025,H Read third time and passed House (54-Y 44-N)
S02V1340,HB2537,2/10/2025,S Reported from Commerce and Labor with substitute and rereferred to Finance and Appropriations (9-Y 6-N)
S05V1951,HB2537,2/17/2025,S Reported from Finance and Appropriations (10-Y 4-N)
SV738,HB2537,2/19/2025,S Constitutional reading dispensed (on 2nd reading) (40-Y 0-N)
SV834,HB2537,2/20/2025,S Passed Senate with substitute (20-Y 19-N)
2519113,HB2537,2/20/2025,H Senate substitute agreed to by House (56-Y 40-N)
2519327,HB2537,4/2/2025,H House rejected Governor's recommendation (47-Y 49-N)
H09003V2510648,HB2538,1/22/2025,H Subcommittee recommends reporting and referred to Appropriations (6-Y 2-N)
H09V2511592,HB2538,1/29/2025,H Reported from Education with amendment(s)  (15-Y 7-N)
2518431,HB2538,2/4/2025,H Read third time and passed House (71-Y 28-N)
S04V1748,HB2538,2/13/2025,S Reported from Education and Health with substitute and rereferred to Finance and Appropriations (15-Y 0-N)
S05V1985,HB2538,2/17/2025,S Passed by indefinitely in Finance and Appropriations with letter (14-Y 0-N)
H24004V2510927,HB2539,1/23/2025,H Subcommittee recommends reporting and referring to Appropriations (8-Y 0-N)
H24V2511342,HB2539,1/28/2025,H Reported from Health and Human Services and referred to Appropriations (21-Y 0-N)
H02005V2511808,HB2539,1/29/2025,H Subcommittee recommends reporting (6-Y 0-N)
H02V2512158,HB2539,1/31/2025,H Reported from Appropriations (22-Y 0-N)
2518374,HB2539,2/4/2025,H Read third time and passed House (97-Y 0-N)
2518375,HB2539,2/4/2025,H Passed House (99-Y 0-N)
S04V1666,HB2539,2/13/2025,S Reported from Education and Health with amendment and rereferred to Finance and Appropriations (15-Y 0-N)
S05V2008,HB2539,2/17/2025,S Reported from Finance and Appropriations (14-Y 0-N)
SV738,HB2539,2/19/2025,S Constitutional reading dispensed (on 2nd reading) (40-Y 0-N)
SV801,HB2539,2/20/2025,S Passed Senate with amendment (39-Y 0-N)
SV803,HB2539,2/20/2025,S Reconsideration of Senate passage agreed to by Senate (39-Y 0-N)
SV804,HB2539,2/20/2025,S Passed Senate with amendment (39-Y 0-N)
2519114,HB2539,2/20/2025,H Senate Amendment agreed to by House (95-Y 1-N)
H02001V2510719,HB2540,1/22/2025,H Subcommittee recommends reporting with amendment(s)  (8-Y 0-N)
H02V2511015,HB2540,1/24/2025,H Reported from Appropriations with amendment(s)  (22-Y 0-N)
2518319,HB2540,1/30/2025,H Read third time and passed House (90-Y 6-N)
S05V1122,HB2540,2/5/2025,S Reported from Finance and Appropriations (13-Y 0-N)
SV353,HB2540,2/6/2025,S Constitutional reading dispensed (on 2nd reading) (40-Y 0-N)
SV361,HB2540,2/7/2025,S Passed Senate (39-Y 0-N)
H21002V2510664,HB2541,1/22/2025,H Subcommittee recommends reporting with substitute and referring to Appropriations (9-Y 0-N)
H21V2511179,HB2541,1/27/2025,"H Reported from Communications, Technology and Innovation with substitute and referred to Appropriations (19-Y 3-N)"
H02V2512189,HB2541,1/31/2025,H Reported from Appropriations with substitute (22-Y 0-N)
2518515,HB2541,2/4/2025,H Read third time and passed House (98-Y 0-N)
S12V1564,HB2541,2/12/2025,S Reported from General Laws and Technology with amendments and rereferred to Finance and Appropriations (15-Y 0-N)
S05V1953,HB2541,2/17/2025,S Reported from Finance and Appropriations (14-Y 0-N)
SV738,HB2541,2/19/2025,S Constitutional reading dispensed (on 2nd reading) (40-Y 0-N)
SV801,HB2541,2/20/2025,S Passed Senate with amendments (39-Y 0-N)
SV803,HB2541,2/20/2025,S Reconsideration of Senate passage agreed to by Senate (39-Y 0-N)
SV804,HB2541,2/20/2025,S Passed Senate with amendments (39-Y 0-N)
2519115,HB2541,2/20/2025,H Senate Amendments agreed to by House (96-Y 0-N)
H11002V2510844,HB2542,1/23/2025,H Subcommittee recommends laying on the table (5-Y 3-N)
H09001V2510427,HB2543,1/21/2025,H Subcommittee recommends reporting (8-Y 0-N)
H09V2510631,HB2543,1/22/2025,H Reported from Education (22-Y 0-N)
2518272,HB2543,1/29/2025,H Read third time and passed House (97-Y 0-N)
S04V1199,HB2543,2/6/2025,S Reported from Education and Health (14-Y 0-N)
SV363,HB2543,2/7/2025,S Constitutional reading dispensed (on 2nd reading) (38-Y 0-N)
SV368,HB2543,2/10/2025,S Passed Senate (39-Y 0-N)
2519268,HB2543,4/2/2025,H House concurred in Governor's recommendation  (96-Y 0-N)
SV1084,HB2543,4/2/2025,S Senate concurred in Governor's recommendation (40-Y 0-N)
H10V2512085,HB2544,1/31/2025,H Reported from Finance (18-Y 1-N)
2518516,HB2544,2/4/2025,H Read third time and passed House (90-Y 7-N)
S05V1410,HB2544,2/11/2025,S Passed by indefinitely in Finance and Appropriations (15-Y 0-N)
H14003V2511537,HB2545,1/28/2025,H Subcommittee recommends reporting with substitute (6-Y 4-N)
H14V2512066,HB2545,1/30/2025,H Failed to report (defeated) in Labor and Commerce (7-Y 15-N)
H08001V2510366,HB2546,1/20/2025,H Subcommittee recommends reporting with substitute (7-Y 1-N)
H08V2511052,HB2546,1/24/2025,H Reported from Courts of Justice with substitute (22-Y 0-N)
2518291,HB2546,1/30/2025,H Read third time and passed House (96-Y 0-N)
S13V1891,HB2546,2/17/2025,S Reported from Courts of Justice with amendments (15-Y 0-N)
SV634,HB2546,2/18/2025,S Constitutional reading dispensed (on 2nd reading) (39-Y 0-N)
SV670,HB2546,2/19/2025,S Passed Senate with amendments (40-Y 0-N)
2519055,HB2546,2/20/2025,H Senate Amendments agreed to by House (97-Y 0-N)
H14003V2511535,HB2547,1/28/2025,H Subcommittee recommends laying on the table (10-Y 0-N)
H09001V2511187,HB2548,1/27/2025,H Subcommittee recommends reporting with amendment(s)  (8-Y 0-N)
H09V2511575,HB2548,1/29/2025,H Reported from Education with amendment(s)  (22-Y 0-N)
2518374,HB2548,2/4/2025,H Read third time and passed House (97-Y 0-N)
2518375,HB2548,2/4/2025,H Passed House (99-Y 0-N)
S04V1691,HB2548,2/13/2025,S Reported from Education and Health with substitute and rereferred to Finance and Appropriations (15-Y 0-N)
S05V1871,HB2548,2/14/2025,S Reported from Finance and Appropriations with substitute (14-Y 0-N)
SV567,HB2548,2/17/2025,S Constitutional reading dispensed (on 2nd reading) (39-Y 0-N)
SV593,HB2548,2/18/2025,S Passed Senate with substitute (40-Y 0-N)
2518945,HB2548,2/19/2025,H Senate substitute agreed to by House (97-Y 0-N)
H10002V2510571,HB2549,1/21/2025,H Subcommittee recommends reporting with substitute (5-Y 3-N)
H10V2510696,HB2549,1/22/2025,H Reported from Finance with substitute (12-Y 10-N)
2518263,HB2549,1/28/2025,H Read third time and passed House (52-Y 47-N)
S05V1390,HB2549,2/11/2025,S Passed by indefinitely in Finance and Appropriations with letter (15-Y 0-N)
H19003V2511828,HB2550,1/29/2025,H Subcommittee recommends reporting with substitute (5-Y 3-N)
H19V2511941,HB2550,1/30/2025,H Reported from Transportation with substitute (12-Y 10-N)
2518517,HB2550,2/4/2025,H Read third time and passed House (54-Y 44-N)
S11V1789,HB2550,2/13/2025,S Reported from Transportation with amendment and rereferred to Finance and Appropriations (8-Y 6-N)
S05V1952,HB2550,2/17/2025,S Reported from Finance and Appropriations with substitute (10-Y 4-N)
SV738,HB2550,2/19/2025,S Constitutional reading dispensed (on 2nd reading) (40-Y 0-N)
SV835,HB2550,2/20/2025,S Passed Senate with substitute (21-Y 17-N)
2519116,HB2550,2/20/2025,H Senate substitute rejected by House (0-Y 96-N)
SV897,HB2550,2/20/2025,S Senate insisted on substitute (38-Y 0-N)
SV982,HB2550,2/22/2025,S Conference report agreed to by Senate (24-Y 16-N)
2519188,HB2550,2/22/2025,H Conference report agreed to by House (53-Y 45-N)
H09001V2511519,HB2551,1/28/2025,H Subcommittee recommends laying on the table (5-Y 2-N)
H14V2510504,HB2552,1/21/2025,H Stricken from docket by Labor and Commerce (20-Y 0-N)
H11001V2511993,HB2553,1/30/2025,H Subcommittee recommends reporting (8-Y 0-N)
H11V2512047,HB2553,1/30/2025,H Reported from General Laws (21-Y 0-N)
2518374,HB2553,2/4/2025,H Read third time and passed House (97-Y 0-N)
2518375,HB2553,2/4/2025,H Passed House (99-Y 0-N)
S12V1543,HB2553,2/12/2025,S Reported from General Laws and Technology (14-Y 0-N)
SV522,HB2553,2/14/2025,S Constitutional reading dispensed (on 2nd reading) (36-Y 0-N)
SV558,HB2553,2/17/2025,S Passed Senate (39-Y 0-N)
H21002V2510662,HB2554,1/22/2025,H Subcommittee recommends laying on the table (8-Y 1-N)
H08001V2510367,HB2555,1/20/2025,H Subcommittee recommends reporting with substitute (7-Y 1-N)
H08V2511053,HB2555,1/24/2025,H Reported from Courts of Justice with substitute (14-Y 8-N)
2518313,HB2555,1/30/2025,H Read third time and passed House (51-Y 44-N)
S13V1318,HB2555,2/10/2025,S Reported from Courts of Justice and rereferred to Finance and Appropriations (9-Y 6-N)
S05V1499,HB2555,2/12/2025,S Reported from Finance and Appropriations (10-Y 5-N)
SV472,HB2555,2/13/2025,S Constitutional reading dispensed (on 2nd reading) (40-Y 0-N)
SV515,HB2555,2/14/2025,S Passed Senate (21-Y 15-N)
2519265,HB2555,4/2/2025,H House sustained Governor's veto (50-Y 46-N)
H08001V2511273,HB2556,1/27/2025,H Subcommittee recommends reporting and referring to Appropriations (7-Y 1-N)
H08V2511731,HB2556,1/29/2025,H Reported from Courts of Justice and referred to Appropriations (21-Y 1-N)
H11001V2512001,HB2557,1/30/2025,H Subcommittee recommends reporting with substitute (8-Y 0-N)
H11V2512048,HB2557,1/30/2025,H Reported from General Laws with substitute (21-Y 0-N)
2518374,HB2557,2/4/2025,H Read third time and passed House (97-Y 0-N)
2518375,HB2557,2/4/2025,H Passed House (99-Y 0-N)
S12V1556,HB2557,2/12/2025,S Reported from General Laws and Technology (15-Y 0-N)
SV522,HB2557,2/14/2025,S Constitutional reading dispensed (on 2nd reading) (36-Y 0-N)
SV558,HB2557,2/17/2025,S Passed Senate (39-Y 0-N)
H14002V2511962,HB2559,1/30/2025,H Subcommittee recommends reporting with substitute (5-Y 3-N)
H14V2512061,HB2559,1/30/2025,H Reported from Labor and Commerce with substitute (12-Y 10-N)
2518518,HB2559,2/4/2025,H Read third time and passed House (51-Y 46-N)
S07V1268,HB2559,2/10/2025,S Reported from Local Government with substitute and rereferred to Finance and Appropriations (8-Y 7-N)
S05V1467,HB2559,2/12/2025,S Reported from Finance and Appropriations (10-Y 5-N)
SV472,HB2559,2/13/2025,S Constitutional reading dispensed (on 2nd reading) (40-Y 0-N)
SV516,HB2559,2/14/2025,S Passed Senate with substitute (21-Y 15-N)
2518875,HB2559,2/18/2025,H Senate substitute agreed to by House (51-Y 45-N)
2518881,HB2559,2/18/2025,H Senate substitute agreed to by House (50-Y 46-N)
H08001V2511236,HB2560,1/27/2025,H Subcommittee recommends reporting (8-Y 0-N)
H08V2511703,HB2560,1/29/2025,H Reported from Courts of Justice (22-Y 0-N)
2518374,HB2560,2/4/2025,H Read third time and passed House (97-Y 0-N)
2518375,HB2560,2/4/2025,H Passed House (99-Y 0-N)
S13V1580,HB2560,2/12/2025,S Reported from Courts of Justice with amendment (15-Y 0-N)
SV522,HB2560,2/14/2025,S Constitutional reading dispensed (on 2nd reading) (36-Y 0-N)
SV561,HB2560,2/17/2025,S Passed Senate with amendment (23-Y 15-N)
2518876,HB2560,2/18/2025,H Senate Amendment agreed to by House (92-Y 3-N)
H14002V2510892,HB2561,1/23/2025,H Subcommittee recommends reporting (5-Y 3-N)
H14V2511424,HB2561,1/28/2025,H Reported from Labor and Commerce (12-Y 10-N)
2518357,HB2561,2/3/2025,H Read third time and passed House (51-Y 48-N)
S02V1931,HB2561,2/17/2025,S Reported from Commerce and Labor (9-Y 6-N)
SV663,HB2561,2/18/2025,S Constitutional reading dispensed (on 2nd reading) (40-Y 0-N)
SV735,HB2561,2/19/2025,S Passed Senate (21-Y 19-N)
H08002V2510727,HB2565,1/22/2025,H Subcommittee recommends reporting with amendment(s)  and referring to Appropriations (7-Y 1-N)
H08V2511083,HB2565,1/24/2025,H Reported from Courts of Justice with substitute and referred to Appropriations (22-Y 0-N)
H02004V2511213,HB2565,1/27/2025,H Subcommittee recommends reporting (8-Y 0-N)
H02V2511719,HB2565,1/29/2025,H Reported from Appropriations (21-Y 0-N)
2518374,HB2565,2/4/2025,H Read third time and passed House (97-Y 0-N)
2518375,HB2565,2/4/2025,H Passed House (99-Y 0-N)
S13V1875,HB2565,2/17/2025,S Reported from Courts of Justice with substitute (10-Y 0-N)
SV634,HB2565,2/18/2025,S Constitutional reading dispensed (on 2nd reading) (39-Y 0-N)
SV670,HB2565,2/19/2025,S Passed Senate with substitute (40-Y 0-N)
2519056,HB2565,2/20/2025,H Senate substitute rejected by House (0-Y 98-N)
SV879,HB2565,2/20/2025,S Senate insisted on substitute (39-Y 0-N)
SV946,HB2565,2/21/2025,S Conference report agreed to by Senate (40-Y 0-N)
2519189,HB2565,2/22/2025,H Conference report agreed to by House (97-Y 0-N)
H08002V2511781,HB2568,1/29/2025,H Subcommittee recommends laying on the table (5-Y 3-N)
H11002V2510826,HB2570,1/23/2025,H Subcommittee recommends striking from the docket (8-Y 0-N)
H11001V2512006,HB2573,1/30/2025,H Subcommittee recommends reporting with substitute (8-Y 0-N)
H11V2512049,HB2573,1/30/2025,H Reported from General Laws with substitute (21-Y 0-N)
2518374,HB2573,2/4/2025,H Read third time and passed House (97-Y 0-N)
2518375,HB2573,2/4/2025,H Passed House (99-Y 0-N)
S04V1684,HB2573,2/13/2025,S Reported from Education and Health (14-Y 0-N 1-A)
SV564,HB2573,2/17/2025,S Constitutional reading dispensed (on 2nd reading) (39-Y 0-N)
SV714,HB2573,2/19/2025,S Passed Senate (40-Y 0-N)
SV716,HB2573,2/19/2025,S Reconsideration of Senate passage agreed to by Senate
SV717,HB2573,2/19/2025,S Passed Senate (38-Y 1-N)
H08001V2510377,HB2574,1/20/2025,H Subcommittee recommends laying on the table (5-Y 3-N)
H08001V2510750,HB2574,1/22/2025,H Subcommittee recommends reporting with amendment(s)  (5-Y 3-N)
H08V2511054,HB2574,1/24/2025,H Reported from Courts of Justice with amendment(s)  and referred to Appropriations (16-Y 6-N)
H11002V2511967,HB2577,1/30/2025,H Subcommittee recommends laying on the table (6-Y 2-N)
H14004V2512007,HB2578,1/30/2025,H Subcommittee recommends laying on the table (4-Y 1-N)
H10001V2511155,HB2582,1/27/2025,H Subcommittee recommends laying on the table (6-Y 2-N)
H07003V2510955,HB2585,1/24/2025,H Subcommittee recommends passing by indefinitely (5-Y 3-N)
H18001V2511274,HB2586,1/27/2025,H Subcommittee recommends passing by indefinitely (7-Y 1-N)
H07001V2511562,HB2587,1/29/2025,H Subcommittee failed to recommend reporting (3-Y 5-N)
H11004V2511492,HB2588,1/28/2025,H Subcommittee recommends laying on the table (6-Y 2-N)
H09001V2510425,HB2590,1/21/2025,H Subcommittee recommends reporting with substitute and referred to Appropriations (7-Y 1-N)
H09V2510642,HB2590,1/22/2025,H Reported from Education with substitute and referred to Appropriations (15-Y 7-N)
H02003V2511129,HB2590,1/24/2025,H Subcommittee recommends reporting with substitute (7-Y 1-N)
H02V2511204,HB2590,1/27/2025,H Reported from Appropriations with substitute (22-Y 0-N)
2518339,HB2590,2/3/2025,H Read third time and passed House (79-Y 20-N)
S04V1769,HB2590,2/13/2025,S Reported from Education and Health and rereferred to Finance and Appropriations (13-Y 0-N 1-A)
S05V1991,HB2590,2/17/2025,S Reported from Finance and Appropriations (14-Y 0-N)
SV738,HB2590,2/19/2025,S Constitutional reading dispensed (on 2nd reading) (40-Y 0-N)
SV836,HB2590,2/20/2025,S Passed Senate (36-Y 3-N)
H21002V2510646,HB2591,1/22/2025,H Subcommittee recommends laying on the table (6-Y 4-N)
H09002V2511156,HB2593,1/27/2025,H Subcommittee recommends reporting with substitute and referring to Appropriations (6-Y 4-N)
H09V2511565,HB2593,1/29/2025,H Reported from Education with substitute and referred to Appropriations (14-Y 8-N)
H15002V2510812,HB2594,1/23/2025,H Subcommittee recommends reporting with substitute (5-Y 1-N)
H15V2510959,HB2594,1/24/2025,H Reported from Public Safety with substitute (13-Y 9-N)
H15V2511057,HB2594,1/24/2025,H Reported from Public Safety with substitute and referred to Appropriations (13-Y 7-N)
H02007V2511680,HB2594,1/29/2025,H Subcommittee recommends reporting (7-Y 1-N)
H02V2511741,HB2594,1/29/2025,H Reported from Appropriations (15-Y 6-N)
2518432,HB2594,2/4/2025,H Read third time and passed House (74-Y 23-N)
S13V1613,HB2594,2/12/2025,S Reported from Courts of Justice and rereferred to Finance and Appropriations (14-Y 1-N)
S05V1947,HB2594,2/17/2025,S Reported from Finance and Appropriations with substitute (14-Y 0-N)
SV738,HB2594,2/19/2025,S Constitutional reading dispensed (on 2nd reading) (40-Y 0-N)
SV848,HB2594,2/20/2025,S Passed Senate with substitute (39-Y 0-N)
2519117,HB2594,2/20/2025,H Senate substitute rejected by House (0-Y 96-N)
SV897,HB2594,2/20/2025,S Senate insisted on substitute (38-Y 0-N)
SV970,HB2594,2/22/2025,S Conference report agreed to by Senate (40-Y 0-N)
2519190,HB2594,2/22/2025,H Conference report agreed to by House (83-Y 16-N)
2519328,HB2594,4/2/2025,H House concurred in Governor's recommendation (87-Y 9-N)
SV1102,HB2594,4/2/2025,S Senate concurred in Governor's recommendation (39-Y 1-N)
H10002V2510566,HB2595,1/21/2025,H Subcommittee recommends reporting with substitute (8-Y 0-N)
H10V2510685,HB2595,1/22/2025,H Reported from Finance with substitute (22-Y 0-N)
2518269,HB2595,1/28/2025,H Read third time and passed House (97-Y 2-N)
2518270,HB2595,1/28/2025,H Passed House (99-Y 0-N)
S05V1126,HB2595,2/5/2025,S Reported from Finance and Appropriations (13-Y 0-N)
SV353,HB2595,2/6/2025,S Constitutional reading dispensed (on 2nd reading) (40-Y 0-N)
SV361,HB2595,2/7/2025,S Passed Senate (39-Y 0-N)
H08002V2511232,HB2596,1/27/2025,H Subcommittee recommends reporting with substitute and referring to Appropriations (8-Y 0-N)
H08V2511771,HB2596,1/29/2025,H Reported from Courts of Justice with substitute and referred to Appropriations (21-Y 0-N)
H02V2512190,HB2596,1/31/2025,H Reported from Appropriations (22-Y 0-N)
2518374,HB2596,2/4/2025,H Read third time and passed House (97-Y 0-N)
2518375,HB2596,2/4/2025,H Passed House (99-Y 0-N)
S13V1576,HB2596,2/12/2025,S Reported from Courts of Justice (15-Y 0-N)
SV522,HB2596,2/14/2025,S Constitutional reading dispensed (on 2nd reading) (36-Y 0-N)
SV558,HB2596,2/17/2025,S Passed Senate (39-Y 0-N)
H24004V2510877,HB2597,1/23/2025,H Subcommittee recommends reporting with substitute (7-Y 1-N)
H24V2511354,HB2597,1/28/2025,H Reported from Health and Human Services with substitute (21-Y 0-N)
2518359,HB2597,2/3/2025,H Read third time and passed House (99-Y 0-N)
S09V1218,HB2597,2/7/2025,S Reported from Rehabilitation and Social Services with amendments (15-Y 0-N)
SV375,HB2597,2/10/2025,S Constitutional reading dispensed (on 2nd reading) (39-Y 0-N)
SV396,HB2597,2/12/2025,S Passed Senate with amendments (39-Y 0-N)
2518794,HB2597,2/17/2025,H Senate Amendments agreed to by House (95-Y 0-N)
H09001V2511502,HB2598,1/28/2025,H Subcommittee recommends reporting with substitute (8-Y 0-N)
H09V2511576,HB2598,1/29/2025,H Reported from Education with substitute (22-Y 0-N)
2518374,HB2598,2/4/2025,H Read third time and passed House (97-Y 0-N)
2518375,HB2598,2/4/2025,H Passed House (99-Y 0-N)
S04V1770,HB2598,2/13/2025,S Reported from Education and Health (14-Y 0-N)
SV564,HB2598,2/17/2025,S Constitutional reading dispensed (on 2nd reading)
SV593,HB2598,2/18/2025,S Passed Senate (40-Y 0-N)
H08003V2511100,HB2599,1/24/2025,H Subcommittee recommends reporting with substitute (8-Y 0-N)
H08V2511775,HB2599,1/29/2025,H Reported from Courts of Justice with substitute (21-Y 0-N)
2518549,HB2599,2/4/2025,H Read third time and passed House (72-Y 24-N)
S13V1880,HB2599,2/17/2025,S Reported from Courts of Justice with amendment (15-Y 0-N)
SV634,HB2599,2/18/2025,S Constitutional reading dispensed (on 2nd reading) (39-Y 0-N)
SV670,HB2599,2/19/2025,S Passed Senate with amendment (40-Y 0-N)
2519057,HB2599,2/20/2025,H Senate Amendment agreed to by House (96-Y 1-N)
H19004V2511778,HB2600,1/29/2025,H Subcommittee recommends striking from the docket (6-Y 0-N)
H09001V2511364,HB2601,1/28/2025,H Subcommittee recommends reporting with substitute and referring to Appropriations (5-Y 3-N)
H09V2511608,HB2601,1/29/2025,H Reported from Education with substitute and referred to Appropriations (12-Y 10-N)
H02003V2511777,HB2601,1/29/2025,H Subcommittee recommends reporting with amendment(s)  (4-Y 3-N)
H02V2512136,HB2601,1/31/2025,H Reported from Appropriations with amendment(s)  (12-Y 10-N)
2518519,HB2601,2/4/2025,H Read third time and passed House (56-Y 41-N)
S04V1771,HB2601,2/13/2025,S Reported from Education and Health with amendment (14-Y 0-N)
SV564,HB2601,2/17/2025,S Constitutional reading dispensed (on 2nd reading)
SV593,HB2601,2/18/2025,S Passed Senate with amendment (40-Y 0-N)
2518946,HB2601,2/19/2025,H Senate amendment agreed to by House
H07003V2510963,HB2602,1/24/2025,H Subcommittee recommends laying on the table (7-Y 1-N)
H07002V2511870,HB2603,1/30/2025,H Subcommittee recommends striking from the docket (8-Y 0-N)
H14003V2511530,HB2604,1/28/2025,H Subcommittee recommends striking from the docket (10-Y 0-N)
H24002V2511875,HB2605,1/30/2025,H Subcommittee recommends laying on the table (5-Y 3-N)
H09001V2511163,HB2606,1/27/2025,H Subcommittee recommends reporting with substitute (6-Y 2-N)
H09V2511609,HB2606,1/29/2025,H Reported from Education with substitute (19-Y 3-N)
2518433,HB2606,2/4/2025,H Read third time and passed House (68-Y 31-N)
S04V1717,HB2606,2/13/2025,S Reported from Education and Health with substitute (15-Y 0-N)
SV564,HB2606,2/17/2025,S Constitutional reading dispensed (on 2nd reading)
SV593,HB2606,2/18/2025,S Passed Senate with substitute (40-Y 0-N)
2518947,HB2606,2/19/2025,H Senate substitute rejected by House (0-Y 95-N)
SV850,HB2606,2/20/2025,S Senate insisted on substitute (39-Y 0-N)
2519139,HB2606,2/21/2025,H Conference report agreed to by House (77-Y 18-N)
SV917,HB2606,2/21/2025,S Conference report agreed to by Senate (38-Y 0-N)
H09001V2511480,HB2608,1/28/2025,H Subcommittee recommends reporting and referring to Appropriations (5-Y 3-N)
H09V2511610,HB2608,1/29/2025,H Reported from Education and referred to Appropriations (12-Y 10-N)
H24004V2510891,HB2610,1/23/2025,H Subcommittee recommends reporting with substitute and referring to Appropriations (7-Y 1-N)
H24V2511355,HB2610,1/28/2025,H Reported from Health and Human Services with substitute and referred to Appropriations (20-Y 1-N)
H02V2512160,HB2610,1/31/2025,H Reported from Appropriations with substitute (22-Y 0-N)
2518520,HB2610,2/4/2025,H Read third time and passed House (98-Y 0-N)
S04V1650,HB2610,2/13/2025,S Reported from Education and Health with substitute and rereferred to Finance and Appropriations (15-Y 0-N)
S05V1860,HB2610,2/14/2025,S Reported from Finance and Appropriations with amendment (14-Y 0-N)
SV567,HB2610,2/17/2025,S Constitutional reading dispensed (on 2nd reading) (39-Y 0-N)
SV593,HB2610,2/18/2025,S Passed Senate with substitute with amendments (40-Y 0-N)
2519022,HB2610,2/20/2025,H Senate substitute with amendment rejected by House (Y-6 N-92 A-0)
SV879,HB2610,2/20/2025,S Senate insisted on substitute with amendments (39-Y 0-N)
SV971,HB2610,2/22/2025,S Conference report agreed to by Senate (40-Y 0-N)
2519192,HB2610,2/22/2025,H Conference report agreed to by House (95-Y 2-N)
2519253,HB2610,4/2/2025,H Passed by for the day (47-Y 46-N)
H14001V2511485,HB2611,1/28/2025,H Subcommittee recommends laying on the table (7-Y 0-N)
H11001V2511997,HB2612,1/30/2025,H Subcommittee recommends laying on the table (7-Y 1-N)
H08002V2511217,HB2613,1/27/2025,H Subcommittee recommends reporting (5-Y 3-N)
H08V2511765,HB2613,1/29/2025,H Reported from Courts of Justice (13-Y 9-N)
2518434,HB2613,2/4/2025,H Read third time and passed House (50-Y 48-N)
S13V1607,HB2613,2/12/2025,S Reported from Courts of Justice (12-Y 3-N)
SV522,HB2613,2/14/2025,S Constitutional reading dispensed (on 2nd reading) (36-Y 0-N)
SV621,HB2613,2/18/2025,S Passed Senate (26-Y 14-N)
H24001V2511818,HB2614,1/29/2025,H Subcommittee failed to recommend reporting with substitute (3-Y 5-N)
H08002V2511208,HB2615,1/27/2025,H Subcommittee recommends striking from the docket (8-Y 0-N)
H24003V2511290,HB2616,1/28/2025,H Subcommittee recommends reporting with amendment(s)  and referring to Appropriations (8-Y 0-N)
H24V2511913,HB2616,1/30/2025,H Reported from Health and Human Services with amendment(s)  and referred to Appropriations (21-Y 0-N)
H02V2512162,HB2616,1/31/2025,H Tabled in Appropriations (12-Y 10-N)
H20V2511838,HB2617,1/29/2025,H Reported from Rules and referred to Appropriations (14-Y 0-N)
H02V2512163,HB2617,1/31/2025,H Reported from Appropriations with substitute (22-Y 0-N)
2518374,HB2617,2/4/2025,H Read third time and passed House (97-Y 0-N)
2518375,HB2617,2/4/2025,H Passed House (99-Y 0-N)
S10V1799,HB2617,2/14/2025,S Reported from Rules with amendment (15-Y 0-N)
SV564,HB2617,2/17/2025,S Constitutional reading dispensed (on 2nd reading)
SV593,HB2617,2/18/2025,S Passed Senate with amendment (40-Y 0-N)
2518948,HB2617,2/19/2025,H Senate Amendment agreed to by House (96-Y 0-N)
H09001V2511500,HB2618,1/28/2025,H Subcommittee recommends reporting with substitute (7-Y 1-N)
H09V2511611,HB2618,1/29/2025,H Reported from Education with substitute (13-Y 9-N)
2518435,HB2618,2/4/2025,H Read third time and passed House (56-Y 43-N)
S04V1751,HB2618,2/13/2025,S Reported from Education and Health with substitute (9-Y 5-N)
SV564,HB2618,2/17/2025,S Constitutional reading dispensed (on 2nd reading) (39-Y 0-N)
SV715,HB2618,2/19/2025,S Passed Senate with substitute (22-Y 18-N)
2519058,HB2618,2/20/2025,H Senate substitute agreed to by House  (57-Y 40-N)
2519329,HB2618,4/2/2025,H House concurred in Governor's recommendation (91-Y 3-N)
SV1084,HB2618,4/2/2025,S Senate concurred in Governor's recommendation (40-Y 0-N)
H14002V2510875,HB2619,1/23/2025,H Subcommittee recommends reporting (6-Y 3-N)
H14V2511426,HB2619,1/28/2025,H Reported from Labor and Commerce (12-Y 10-N)
2518358,HB2619,2/3/2025,H Read third time and passed House (50-Y 48-N)
S02V1336,HB2619,2/10/2025,S Reported from Commerce and Labor with substitute (9-Y 6-N)
SV431,HB2619,2/12/2025,S Constitutional reading dispensed (on 2nd reading) (39-Y 0-N)
SV462,HB2619,2/13/2025,S Passed Senate with substitute (21-Y 19-N)
2518798,HB2619,2/17/2025,H Senate substitute agreed to by House (50-Y 46-N)
H09001V2511525,HB2620,1/28/2025,H Subcommittee recommends reporting with amendment(s)  (6-Y 2-N)
H09V2511614,HB2620,1/29/2025,H Reported from Education with amendment(s)  (16-Y 6-N)
H14003V2511544,HB2621,1/28/2025,H Subcommittee recommends reporting with substitute (9-Y 0-N)
H14V2512072,HB2621,1/30/2025,H Reported from Labor and Commerce with substitute (21-Y 1-N)
2518521,HB2621,2/4/2025,H Read third time and passed House (81-Y 17-N)
S02V1911,HB2621,2/17/2025,S Reported from Commerce and Labor with substitute (15-Y 0-N)
SV663,HB2621,2/18/2025,S Constitutional reading dispensed (on 2nd reading) (40-Y 0-N)
SV670,HB2621,2/19/2025,S Passed Senate with substitute (40-Y 0-N)
2519059,HB2621,2/20/2025,H Senate substitute rejected by House (0-Y 98-N)
SV879,HB2621,2/20/2025,S Senate insisted on substitute (39-Y 0-N)
2519193,HB2621,2/22/2025,H Conference report agreed to by House (98-Y 0-N)
SV1003,HB2621,2/22/2025,S Conference report agreed to by Senate (38-Y 0-N)
SV1004,HB2621,2/22/2025,S Reconsideration of conference report agreed to (39-Y 0-N)
SV1005,HB2621,2/22/2025,S Conference report agreed to by Senate (39-Y 0-N)
H01001V2510752,HB2622,1/22/2025,H Subcommittee recommends laying on the table (6-Y 4-N)
H11V2510815,HB2625,1/23/2025,H Stricken from docket by General Laws (21-Y 0-N)
H08001V2511118,HB2626,1/24/2025,H Subcommittee recommends laying on the table (5-Y 3-N)
H19003V2511845,HB2627,1/29/2025,H Subcommittee recommends reporting with substitute (8-Y 0-N)
H19V2511946,HB2627,1/30/2025,H Reported from Transportation with substitute (22-Y 0-N)
2518374,HB2627,2/4/2025,H Read third time and passed House (97-Y 0-N)
2518375,HB2627,2/4/2025,H Passed House (99-Y 0-N)
S10V1800,HB2627,2/14/2025,S Reported from Rules (15-Y 0-N)
SV564,HB2627,2/17/2025,S Constitutional reading dispensed (on 2nd reading)
SV593,HB2627,2/18/2025,S Passed Senate with amendment (40-Y 0-N)
2518949,HB2627,2/19/2025,H Senate Amendment rejected by House (4-Y 92-N)
SV850,HB2627,2/20/2025,S Senate insisted on amendment (39-Y 0-N)
2519194,HB2627,2/22/2025,H Conference report agreed to by House (97-Y 0-N)
SV992,HB2627,2/22/2025,S Conference report agreed to by Senate (40-Y 0-N)
H07002V2510770,HB2628,1/23/2025,H Subcommittee recommends reporting (8-Y 0-N)
H07V2510994,HB2628,1/24/2025,"H Reported from Counties, Cities and Towns (20-Y 0-N)"
2518291,HB2628,1/30/2025,H Read third time and passed House (96-Y 0-N)
S07V1264,HB2628,2/10/2025,S Reported from Local Government (15-Y 0-N)
SV382,HB2628,2/11/2025,S Constitutional reading dispensed (on 2nd reading) (40-Y 0-N)
SV396,HB2628,2/12/2025,S Passed Senate (39-Y 0-N)
H01001V2510751,HB2629,1/22/2025,H Subcommittee recommends laying on the table (6-Y 4-N)
H01003V2511563,HB2630,1/29/2025,H Subcommittee recommends reporting (10-Y 0-N)
H01V2511644,HB2630,1/29/2025,"H Reported from Agriculture, Chesapeake and Natural Resources (22-Y 0-N)"
2518543,HB2630,2/4/2025,H Read third time and passed House (63-Y 35-N)
S01V1452,HB2630,2/11/2025,"S Reported from Agriculture, Conservation and Natural Resources (10-Y 4-N)"
SV472,HB2630,2/13/2025,S Constitutional reading dispensed (on 2nd reading) (40-Y 0-N)
SV517,HB2630,2/14/2025,S Passed Senate (27-Y 9-N)
H15V2512088,HB2631,1/31/2025,H Reported from Public Safety (12-Y 9-N)
2518522,HB2631,2/4/2025,H Read third time and passed House (51-Y 47-N)
S13V1241,HB2631,2/10/2025,S Reported from Courts of Justice and rereferred to Finance and Appropriations (9-Y 4-N)
S05V1483,HB2631,2/12/2025,S Reported from Finance and Appropriations (10-Y 5-N)
SV472,HB2631,2/13/2025,S Constitutional reading dispensed (on 2nd reading) (40-Y 0-N)
SV518,HB2631,2/14/2025,S Passed Senate (21-Y 15-N)
H08002V2511224,HB2632,1/27/2025,H Subcommittee recommends laying on the table (5-Y 3-N)
H01001V2510756,HB2633,1/22/2025,H Subcommittee recommends reporting with substitute (4-Y 3-N 2-A)
H01V2511620,HB2633,1/29/2025,"H Tabled in Agriculture, Chesapeake and Natural Resources (12-Y 10-N)"
H11003V2511443,HB2634,1/28/2025,H Subcommittee recommends striking from the docket (8-Y 0-N)
H14003V2511546,HB2635,1/28/2025,H Subcommittee recommends reporting (10-Y 0-N)
H14V2512070,HB2635,1/30/2025,H Reported from Labor and Commerce (22-Y 0-N)
2518374,HB2635,2/4/2025,H Read third time and passed House (97-Y 0-N)
2518375,HB2635,2/4/2025,H Passed House (99-Y 0-N)
S05V1479,HB2635,2/12/2025,S Passed by indefinitely in Finance and Appropriations (9-Y 6-N)
H08002V2511235,HB2636,1/27/2025,H Subcommittee recommends reporting (8-Y 0-N)
H08V2511761,HB2636,1/29/2025,H Reported from Courts of Justice (22-Y 0-N)
2518374,HB2636,2/4/2025,H Read third time and passed House (97-Y 0-N)
2518375,HB2636,2/4/2025,H Passed House (99-Y 0-N)
S13V1902,HB2636,2/17/2025,S Reported from Courts of Justice (15-Y 0-N)
SV634,HB2636,2/18/2025,S Constitutional reading dispensed (on 2nd reading) (39-Y 0-N)
SV670,HB2636,2/19/2025,S Passed Senate with amendments (40-Y 0-N)
2519060,HB2636,2/20/2025,H Senate Amendments agreed to by House (98-Y 0-N)
H24003V2511280,HB2637,1/28/2025,H Subcommittee recommends reporting (8-Y 0-N)
H24V2511914,HB2637,1/30/2025,H Reported from Health and Human Services (21-Y 0-N)
2518374,HB2637,2/4/2025,H Read third time and passed House (97-Y 0-N)
2518375,HB2637,2/4/2025,H Passed House (99-Y 0-N)
S04V1749,HB2637,2/13/2025,S Reported from Education and Health with substitute and rereferred to Finance and Appropriations (15-Y 0-N)
S05V1868,HB2637,2/14/2025,S Reported from Finance and Appropriations (14-Y 0-N)
SV567,HB2637,2/17/2025,S Constitutional reading dispensed (on 2nd reading) (39-Y 0-N)
SV593,HB2637,2/18/2025,S Passed Senate with substitute (40-Y 0-N)
2518950,HB2637,2/19/2025,H Senate substitute agreed to by House (97-Y 0-N)
H01V2511647,HB2638,1/29/2025,"H Reported from Agriculture, Chesapeake and Natural Resources (22-Y 0-N)"
2518544,HB2638,2/4/2025,H Read third time and passed House (63-Y 35-N)
S01V1459,HB2638,2/11/2025,"S Reported from Agriculture, Conservation and Natural Resources (8-Y 7-N)"
SV472,HB2638,2/13/2025,S Constitutional reading dispensed (on 2nd reading) (40-Y 0-N)
SV599,HB2638,2/18/2025,S Passed Senate (22-Y 18-N)
H10002V2511534,HB2639,1/28/2025,H Subcommittee recommends reporting with amendment(s)  (2-Y 4-N)
H10002V2511539,HB2639,1/28/2025,H Subcommittee failed to recommend reporting (3-Y 4-N)
H09001V2511306,HB2640,1/28/2025,H Subcommittee recommends reporting (8-Y 0-N)
H09V2511577,HB2640,1/29/2025,H Reported from Education (22-Y 0-N)
2518374,HB2640,2/4/2025,H Read third time and passed House (97-Y 0-N)
2518375,HB2640,2/4/2025,H Passed House (99-Y 0-N)
S04V1642,HB2640,2/13/2025,S Reported from Education and Health (13-Y 0-N)
SV564,HB2640,2/17/2025,S Constitutional reading dispensed (on 2nd reading)
SV593,HB2640,2/18/2025,S Passed Senate (40-Y 0-N)
H07002V2510781,HB2641,1/23/2025,H Subcommittee recommends reporting (5-Y 3-N)
H07V2510995,HB2641,1/24/2025,"H Reported from Counties, Cities and Towns and referred to Appropriations (11-Y 9-N)"
H02001V2511688,HB2641,1/29/2025,H Subcommittee recommends reporting with amendment(s)  (5-Y 3-N)
H02V2511756,HB2641,1/29/2025,H Reported from Appropriations with amendment(s)  (12-Y 9-N)
2518436,HB2641,2/4/2025,H Read third time and passed House (50-Y 48-N)
S07V1269,HB2641,2/10/2025,S Reported from Local Government with amendment and rereferred to Finance and Appropriations (7-Y 6-N 2-A)
S05V1466,HB2641,2/12/2025,S Passed by indefinitely in Finance and Appropriations (15-Y 0-N)
H11002V2511972,HB2642,1/30/2025,H Subcommittee recommends reporting (8-Y 0-N)
H11V2512030,HB2642,1/30/2025,H Reported from General Laws (21-Y 0-N)
2518374,HB2642,2/4/2025,H Read third time and passed House (97-Y 0-N)
2518375,HB2642,2/4/2025,H Passed House (99-Y 0-N)
S12V1594,HB2642,2/12/2025,S Reported from General Laws and Technology (15-Y 0-N)
SV522,HB2642,2/14/2025,S Constitutional reading dispensed (on 2nd reading) (36-Y 0-N)
SV558,HB2642,2/17/2025,S Passed Senate (39-Y 0-N)
H10002V2510546,HB2643,1/21/2025,H Subcommittee recommends reporting (8-Y 0-N)
H10V2510686,HB2643,1/22/2025,H Reported from Finance (22-Y 0-N)
2518240,HB2643,1/28/2025,H Read third time and passed House (99-Y 0-N)
S05V1123,HB2643,2/5/2025,S Passed by indefinitely in Finance and Appropriations (12-Y 0-N)
H14004V2511980,HB2644,1/30/2025,H Subcommittee recommends reporting (5-Y 0-N)
H14V2512074,HB2644,1/30/2025,H Reported from Labor and Commerce (21-Y 0-N)
2518374,HB2644,2/4/2025,H Read third time and passed House (97-Y 0-N)
2518375,HB2644,2/4/2025,H Passed House (99-Y 0-N)
S02V1912,HB2644,2/17/2025,S Reported from Commerce and Labor (15-Y 0-N)
SV663,HB2644,2/18/2025,S Constitutional reading dispensed (on 2nd reading) (40-Y 0-N)
SV670,HB2644,2/19/2025,S Passed Senate (40-Y 0-N)
H09V2511560,HB2645,1/29/2025,H Reported from Education (22-Y 0-N)
2518374,HB2645,2/4/2025,H Read third time and passed House (97-Y 0-N)
2518375,HB2645,2/4/2025,H Passed House (99-Y 0-N)
S10V1798,HB2645,2/14/2025,S Reported from Rules (15-Y 0-N)
SV564,HB2645,2/17/2025,S Constitutional reading dispensed (on 2nd reading)
SV593,HB2645,2/18/2025,S Passed Senate (40-Y 0-N)
H15002V2510789,HB2647,1/23/2025,H Subcommittee recommends reporting with substitute and referring to Appropriations (4-Y 2-N)
H15V2510960,HB2647,1/24/2025,H Reported from Public Safety with substitute and referred to Appropriations (12-Y 10-N)
H02007V2511681,HB2647,1/29/2025,H Subcommittee recommends reporting (5-Y 3-N)
H02V2511742,HB2647,1/29/2025,H Reported from Appropriations (14-Y 7-N)
2518437,HB2647,2/4/2025,H Read third time and passed House (51-Y 46-N)
S09V1214,HB2647,2/7/2025,S Reported from Rehabilitation and Social Services and rereferred to Finance and Appropriations (8-Y 6-N)
S05V1502,HB2647,2/12/2025,S Reported from Finance and Appropriations (10-Y 5-N)
SV472,HB2647,2/13/2025,S Constitutional reading dispensed (on 2nd reading) (40-Y 0-N)
SV519,HB2647,2/14/2025,S Passed Senate (21-Y 15-N)
H14003V2510907,HB2648,1/23/2025,H Subcommittee recommends striking from the docket (10-Y 0-N)
H24003V2511281,HB2649,1/28/2025,H Subcommittee recommends reporting (8-Y 0-N)
H24V2511918,HB2649,1/30/2025,H Reported from Health and Human Services (21-Y 0-N)
2518374,HB2649,2/4/2025,H Read third time and passed House (97-Y 0-N)
2518375,HB2649,2/4/2025,H Passed House (99-Y 0-N)
S04V1685,HB2649,2/13/2025,S Reported from Education and Health (15-Y 0-N)
SV564,HB2649,2/17/2025,S Constitutional reading dispensed (on 2nd reading)
SV593,HB2649,2/18/2025,S Passed Senate (40-Y 0-N)
H11003V2511444,HB2651,1/28/2025,H Subcommittee recommends striking from the docket (8-Y 0-N)
H08001V2511111,HB2652,1/24/2025,H Subcommittee recommends reporting (8-Y 0-N)
H08V2511704,HB2652,1/29/2025,H Reported from Courts of Justice (22-Y 0-N)
2518374,HB2652,2/4/2025,H Read third time and passed House (97-Y 0-N)
2518375,HB2652,2/4/2025,H Passed House (99-Y 0-N)
S13V1605,HB2652,2/12/2025,S Reported from Courts of Justice (15-Y 0-N)
SV522,HB2652,2/14/2025,S Constitutional reading dispensed (on 2nd reading) (36-Y 0-N)
SV558,HB2652,2/17/2025,S Passed Senate (39-Y 0-N)
H10002V2510574,HB2653,1/21/2025,H Subcommittee recommends reporting (8-Y 0-N)
H10V2510687,HB2653,1/22/2025,H Reported from Finance (22-Y 0-N)
2518240,HB2653,1/28/2025,H Read third time and passed House (99-Y 0-N)
S05V1384,HB2653,2/11/2025,S Reported from Finance and Appropriations (15-Y 0-N)
SV383,HB2653,2/11/2025,S Constitutional reading dispensed (on 2nd reading) (40-Y 0-N)
SV396,HB2653,2/12/2025,S Passed Senate (39-Y 0-N)
H08001V2512212,HB2654,1/31/2025,H Subcommittee recommends laying on the table (5-Y 3-N)
H01003V2511552,HB2656,1/29/2025,H Subcommittee recommends striking from the docket (9-Y 1-N)
H08001V2511255,HB2657,1/27/2025,H Subcommittee recommends reporting with substitute and referring to Appropriations (6-Y 2-N)
H08V2511755,HB2657,1/29/2025,H Reported from Courts of Justice with substitute (18-Y 4-N)
2518438,HB2657,2/4/2025,H Read third time and passed House Passage (98-Y 1-N)
S13V1322,HB2657,2/10/2025,S Reported from Courts of Justice with substitute and rereferred to Finance and Appropriations (15-Y 0-N)
S05V1491,HB2657,2/12/2025,S Reported from Finance and Appropriations (14-Y 1-N)
SV472,HB2657,2/13/2025,S Constitutional reading dispensed (on 2nd reading) (40-Y 0-N)
SV600,HB2657,2/18/2025,S Passed Senate with substitute (39-Y 1-N)
2518951,HB2657,2/19/2025,H Senate substitute rejected by House (46-Y 51-N)
SV850,HB2657,2/20/2025,S Senate insisted on substitute (39-Y 0-N)
2519140,HB2657,2/21/2025,H Conference report agreed to by House (93-Y 1-N)
SV947,HB2657,2/21/2025,S Conference report agreed to by Senate (35-Y 4-N)
2519253,HB2657,4/2/2025,H Passed by for the day (47-Y 46-N)
H07001V2511566,HB2658,1/29/2025,H Subcommittee recommends reporting (8-Y 0-N)
H07V2512111,HB2658,1/31/2025,"H Reported from Counties, Cities and Towns (22-Y 0-N)"
2518374,HB2658,2/4/2025,H Read third time and passed House (97-Y 0-N)
2518375,HB2658,2/4/2025,H Passed House (99-Y 0-N)
S07V1285,HB2658,2/10/2025,S Reported from Local Government (15-Y 0-N)
SV382,HB2658,2/11/2025,S Constitutional reading dispensed (on 2nd reading) (40-Y 0-N)
SV396,HB2658,2/12/2025,S Passed Senate (39-Y 0-N)
H19V2511934,HB2659,1/30/2025,H Reported from Transportation with amendment(s)  (20-Y 2-N)
2518523,HB2659,2/4/2025,H Read third time and passed House (97-Y 0-N)
S11V1779,HB2659,2/13/2025,S Reported from Transportation with substitute (15-Y 0-N)
SV564,HB2659,2/17/2025,S Constitutional reading dispensed (on 2nd reading)
SV593,HB2659,2/18/2025,S Passed Senate with substitute (40-Y 0-N)
2518952,HB2659,2/19/2025,H Senate substitute agreed to by House (97-Y 0-N)
H07002V2511864,HB2660,1/30/2025,H Subcommittee recommends reporting with amendment(s)  (8-Y 0-N)
H07V2512118,HB2660,1/31/2025,"H Reported from Counties, Cities and Towns with amendment(s)  (21-Y 1-N)"
2518524,HB2660,2/4/2025,H Read third time and passed House (97-Y 1-N)
S07V1284,HB2660,2/10/2025,S Reported from Local Government (15-Y 0-N)
SV382,HB2660,2/11/2025,S Constitutional reading dispensed (on 2nd reading) (40-Y 0-N)
SV396,HB2660,2/12/2025,S Passed Senate (39-Y 0-N)
H09001V2511160,HB2661,1/27/2025,H Subcommittee recommends laying on the table (5-Y 3-N)
H24003V2511286,HB2662,1/28/2025,H Subcommittee recommends laying on the table (8-Y 0-N)
H10V2512087,HB2663,1/31/2025,H Reported from Finance (14-Y 6-N)
2518525,HB2663,2/4/2025,H Read third time and passed House (80-Y 16-N)
S05V1375,HB2663,2/11/2025,S Reported from Finance and Appropriations (14-Y 0-N)
SV383,HB2663,2/11/2025,S Constitutional reading dispensed (on 2nd reading) (40-Y 0-N)
SV396,HB2663,2/12/2025,S Passed Senate (39-Y 0-N)
H07V2510997,HB2664,1/24/2025,"H Reported from Counties, Cities and Towns (20-Y 0-N)"
2518291,HB2664,1/30/2025,H Read third time and passed House (96-Y 0-N)
S07V1294,HB2664,2/10/2025,S Reported from Local Government (15-Y 0-N)
SV382,HB2664,2/11/2025,S Constitutional reading dispensed (on 2nd reading) (40-Y 0-N)
SV396,HB2664,2/12/2025,S Passed Senate (39-Y 0-N)
H18001V2511268,HB2668,1/27/2025,H Subcommittee recommends reporting with substitute (5-Y 2-N 1-A)
H18V2512129,HB2668,1/31/2025,H Reported from Privileges and Elections with substitute (18-Y 3-N)
2518526,HB2668,2/4/2025,H Read third time and passed House (77-Y 21-N)
S08V1439,HB2668,2/11/2025,S Reported from Privileges and Elections (8-Y 7-N)
SV472,HB2668,2/13/2025,S Constitutional reading dispensed (on 2nd reading) (40-Y 0-N)
SV520,HB2668,2/14/2025,S Passed Senate (21-Y 15-N)
H11001V2511998,HB2669,1/30/2025,H Subcommittee recommends reporting with amendment(s)  (8-Y 0-N)
H11V2512054,HB2669,1/30/2025,H Reported from General Laws with amendment(s)  (18-Y 2-N 1-A)
2518527,HB2669,2/4/2025,H Read third time and passed House (83-Y 14-N)
S12V1582,HB2669,2/12/2025,S Reported from General Laws and Technology (15-Y 0-N)
SV522,HB2669,2/14/2025,S Constitutional reading dispensed (on 2nd reading) (36-Y 0-N)
SV558,HB2669,2/17/2025,S Passed Senate (39-Y 0-N)
H18V2510973,HB2670,1/24/2025,H Reported from Privileges and Elections with substitute and referred to Appropriations (21-Y 0-N)
H14001V2511509,HB2671,1/28/2025,H Subcommittee recommends reporting with substitute (7-Y 0-N)
H14V2512056,HB2671,1/30/2025,H Reported from Labor and Commerce with substitute (19-Y 3-N)
2518528,HB2671,2/4/2025,H Read third time and passed House (93-Y 5-N)
S02V1933,HB2671,2/17/2025,S Reported from Commerce and Labor (15-Y 0-N)
SV663,HB2671,2/18/2025,S Constitutional reading dispensed (on 2nd reading) (40-Y 0-N)
SV670,HB2671,2/19/2025,S Passed Senate (40-Y 0-N)
H18001V2511246,HB2672,1/27/2025,H Subcommittee recommends reporting (7-Y 1-N)
H18V2512131,HB2672,1/31/2025,H Reported from Privileges and Elections (19-Y 2-N)
H10001V2511133,HB2673,1/27/2025,H Subcommittee recommends striking from the docket (8-Y 0-N)
H09002V2511139,HB2674,1/27/2025,H Subcommittee recommends striking from the docket (10-Y 0-N)
H10001V2511144,HB2675,1/27/2025,H Subcommittee recommends reporting (7-Y 1-N)
H10V2511659,HB2675,1/29/2025,H Reported from Finance (20-Y 2-N)
2518439,HB2675,2/4/2025,H Read third time and passed House (95-Y 2-N)
S05V1378,HB2675,2/11/2025,S Reported from Finance and Appropriations (15-Y 0-N)
SV383,HB2675,2/11/2025,S Constitutional reading dispensed (on 2nd reading) (40-Y 0-N)
SV396,HB2675,2/12/2025,S Passed Senate (39-Y 0-N)
H14003V2511543,HB2676,1/28/2025,H Subcommittee recommends laying on the table (6-Y 4-N)
H19003V2511861,HB2677,1/29/2025,H Subcommittee recommends striking from the docket (8-Y 0-N)
H08002V2511222,HB2678,1/27/2025,H Subcommittee recommends reporting (6-Y 2-N)
H08V2511767,HB2678,1/29/2025,H Reported from Courts of Justice (12-Y 9-N)
2518440,HB2678,2/4/2025,H Read third time and passed House (53-Y 46-N)
S13V1614,HB2678,2/12/2025,S Reported from Courts of Justice with substitute (15-Y 0-N)
SV522,HB2678,2/14/2025,S Constitutional reading dispensed (on 2nd reading) (36-Y 0-N)
SV558,HB2678,2/17/2025,S Passed Senate with substitute (39-Y 0-N)
2518877,HB2678,2/18/2025,H Senate substitute agreed to by House (82-Y 15-N)
H09001V2511330,HB2679,1/28/2025,H Subcommittee recommends reporting (8-Y 0-N)
H09V2511583,HB2679,1/29/2025,H Reported from Education (17-Y 5-N)
2518441,HB2679,2/4/2025,H Read third time and passed House (86-Y 13-N)
S04V1772,HB2679,2/13/2025,S Reported from Education and Health (11-Y 3-N)
SV564,HB2679,2/17/2025,S Constitutional reading dispensed (on 2nd reading) (39-Y 0-N)
SV718,HB2679,2/19/2025,S Passed Senate (40-Y 0-N)
H11001V2512000,HB2680,1/30/2025,H Subcommittee recommends reporting with amendment(s)  (8-Y 0-N)
H11V2512050,HB2680,1/30/2025,H Reported from General Laws with amendment(s)  (21-Y 0-N)
2518374,HB2680,2/4/2025,H Read third time and passed House (97-Y 0-N)
2518375,HB2680,2/4/2025,H Passed House (99-Y 0-N)
S12V1544,HB2680,2/12/2025,S Reported from General Laws and Technology (15-Y 0-N)
SV522,HB2680,2/14/2025,S Constitutional reading dispensed (on 2nd reading) (36-Y 0-N)
SV558,HB2680,2/17/2025,S Passed Senate (39-Y 0-N)
H10002V2511503,HB2681,1/28/2025,H Subcommittee recommends reporting with substitute (7-Y 0-N)
H10V2511679,HB2681,1/29/2025,H Reported from Finance with substitute (22-Y 0-N)
2518374,HB2681,2/4/2025,H Read third time and passed House (97-Y 0-N)
2518375,HB2681,2/4/2025,H Passed House (99-Y 0-N)
S05V1371,HB2681,2/11/2025,S Passed by indefinitely in Finance and Appropriations (13-Y 0-N)
H07002V2511865,HB2682,1/30/2025,H Subcommittee recommends laying on the table (5-Y 3-N)
H07001V2511567,HB2683,1/29/2025,H Subcommittee recommends laying on the table (8-Y 0-N)
H09001V2511324,HB2686,1/28/2025,H Subcommittee recommends reporting with substitute (8-Y 0-N)
H09V2511578,HB2686,1/29/2025,H Reported from Education with substitute (22-Y 0-N)
2518374,HB2686,2/4/2025,H Read third time and passed House (97-Y 0-N)
2518375,HB2686,2/4/2025,H Passed House (99-Y 0-N)
S04V1773,HB2686,2/13/2025,S Reported from Education and Health with substitute (14-Y 0-N)
SV564,HB2686,2/17/2025,S Constitutional reading dispensed (on 2nd reading)
SV593,HB2686,2/18/2025,S Passed Senate with substitute (40-Y 0-N)
2518953,HB2686,2/19/2025,H Senate substitute agreed to by House (84-Y 11-N)
H14002V2510886,HB2688,1/23/2025,H Subcommittee recommends laying on the table (6-Y 3-N)
H08002V2511237,HB2689,1/27/2025,H Subcommittee recommends reporting (8-Y 0-N)
H08V2511762,HB2689,1/29/2025,H Reported from Courts of Justice (22-Y 0-N)
2518374,HB2689,2/4/2025,H Read third time and passed House (97-Y 0-N)
2518375,HB2689,2/4/2025,H Passed House (99-Y 0-N)
S13V1598,HB2689,2/12/2025,S Reported from Courts of Justice (15-Y 0-N)
SV522,HB2689,2/14/2025,S Constitutional reading dispensed (on 2nd reading) (36-Y 0-N)
SV558,HB2689,2/17/2025,S Passed Senate (39-Y 0-N)
H07001V2510612,HB2690,1/22/2025,H Subcommittee recommends laying on the table (5-Y 2-N)
H02004V2511242,HB2691,1/27/2025,H Subcommittee recommends reporting (7-Y 0-N)
H02V2511721,HB2691,1/29/2025,H Reported from Appropriations (21-Y 0-N)
2518374,HB2691,2/4/2025,H Read third time and passed House (97-Y 0-N)
2518375,HB2691,2/4/2025,H Passed House (99-Y 0-N)
S05V1504,HB2691,2/12/2025,S Reported from Finance and Appropriations (15-Y 0-N)
SV472,HB2691,2/13/2025,S Constitutional reading dispensed (on 2nd reading) (40-Y 0-N)
SV493,HB2691,2/14/2025,S Passed Senate (36-Y 0-N)
H08001V2511109,HB2692,1/24/2025,H Subcommittee recommends reporting with amendment(s)  (5-Y 3-N)
H08V2511720,HB2692,1/29/2025,H Reported from Courts of Justice with amendment(s)  (12-Y 10-N)
2518442,HB2692,2/4/2025,H Read third time and passed House  (51-Y 48-N)
S13V1610,HB2692,2/12/2025,S Reported from Courts of Justice with amendment (10-Y 5-N)
SV522,HB2692,2/14/2025,S Constitutional reading dispensed (on 2nd reading) (36-Y 0-N)
SV622,HB2692,2/18/2025,S Passed Senate with amendment (22-Y 18-N)
2518954,HB2692,2/19/2025,H Senate Amendment agreed to by House  (51-Y 46-N)
2519330,HB2692,4/2/2025,H House concurred in Governor's recommendation (72-Y 23-N)
SV1103,HB2692,4/2/2025,S Senate concurred in Governor's recommendation (27-Y 12-N)
H11001V2511999,HB2695,1/30/2025,H Subcommittee recommends reporting (8-Y 0-N)
H11V2512051,HB2695,1/30/2025,H Reported from General Laws (21-Y 0-N)
2518374,HB2695,2/4/2025,H Read third time and passed House (97-Y 0-N)
2518375,HB2695,2/4/2025,H Passed House (99-Y 0-N)
S12V1609,HB2695,2/12/2025,S Reported from General Laws and Technology (15-Y 0-N)
SV522,HB2695,2/14/2025,S Constitutional reading dispensed (on 2nd reading) (36-Y 0-N)
SV558,HB2695,2/17/2025,S Passed Senate (39-Y 0-N)
2519253,HB2695,4/2/2025,H Passed by for the day (47-Y 46-N)
H02005V2511094,HB2696,1/24/2025,H Subcommittee recommends reporting (7-Y 0-N)
H02V2511200,HB2696,1/27/2025,H Reported from Appropriations (22-Y 0-N)
2518321,HB2696,1/31/2025,H Read third time and passed House (96-Y 0-N)
S05V1382,HB2696,2/11/2025,S Reported from Finance and Appropriations (15-Y 0-N)
SV383,HB2696,2/11/2025,S Constitutional reading dispensed (on 2nd reading) (40-Y 0-N)
SV396,HB2696,2/12/2025,S Passed Senate (39-Y 0-N)
H14V2510473,HB2697,1/21/2025,H Stricken from docket by Labor and Commerce (19-Y 0-N)
H24003V2511283,HB2698,1/28/2025,H Subcommittee recommends laying on the table (8-Y 0-N)
H14003V2510938,HB2699,1/24/2025,H Subcommittee recommends laying on the table (6-Y 4-N)
H11001V2511983,HB2702,1/30/2025,H Subcommittee recommends laying on the table (8-Y 0-N)
H07001V2511582,HB2704,1/29/2025,H Subcommittee recommends striking from the docket (8-Y 0-N)
H08002V2511240,HB2705,1/27/2025,H Subcommittee recommends striking from the docket (8-Y 0-N)
H10002V2511528,HB2707,1/28/2025,H Subcommittee recommends laying on the table (5-Y 2-N)
H08001V2511112,HB2708,1/24/2025,H Subcommittee recommends reporting with amendment(s)  (8-Y 0-N)
H08V2511705,HB2708,1/29/2025,H Reported from Courts of Justice with amendment(s)  (22-Y 0-N)
2518374,HB2708,2/4/2025,H Read third time and passed House (97-Y 0-N)
2518375,HB2708,2/4/2025,H Passed House (99-Y 0-N)
S13V1882,HB2708,2/17/2025,S Reported from Courts of Justice (15-Y 0-N)
SV634,HB2708,2/18/2025,S Constitutional reading dispensed (on 2nd reading) (39-Y 0-N)
SV670,HB2708,2/19/2025,S Passed Senate (40-Y 0-N)
H01V2511648,HB2710,1/29/2025,"H Tabled in Agriculture, Chesapeake and Natural Resources (22-Y 0-N)"
H14003V2511549,HB2711,1/28/2025,H Subcommittee recommends reporting (9-Y 0-N 1-A)
H14V2512069,HB2711,1/30/2025,H Reported from Labor and Commerce with substitute (17-Y 4-N 1-A)
2518529,HB2711,2/4/2025,H Read third time and passed House (83-Y 14-N)
S02V1918,HB2711,2/17/2025,S Reported from Commerce and Labor with amendments (15-Y 0-N)
SV663,HB2711,2/18/2025,S Constitutional reading dispensed (on 2nd reading) (40-Y 0-N)
SV670,HB2711,2/19/2025,S Passed Senate with amendments (40-Y 0-N)
2519061,HB2711,2/20/2025,H Senate Amendments rejected by House (2-Y 96-N)
SV879,HB2711,2/20/2025,S Senate insisted on amendment (39-Y 0-N)
2519141,HB2711,2/21/2025,H Conference report agreed to by House (81-Y 14-N)
SV948,HB2711,2/21/2025,S Conference report agreed to by Senate (39-Y 1-N)
H07002V2511871,HB2712,1/30/2025,H Subcommittee recommends laying on the table (7-Y 1-N)
H24003V2511284,HB2714,1/28/2025,H Subcommittee recommends reporting with amendment(s)  and referring to Appropriations (8-Y 0-N)
H24V2511916,HB2714,1/30/2025,H Reported from Health and Human Services with amendment(s)  (21-Y 0-N)
2518374,HB2714,2/4/2025,H Read third time and passed House (97-Y 0-N)
2518375,HB2714,2/4/2025,H Passed House (99-Y 0-N)
S04V1667,HB2714,2/13/2025,S Reported from Education and Health with substitute and rereferred to Finance and Appropriations (15-Y 0-N)
S05V2023,HB2714,2/17/2025,S Passed by indefinitely in Finance and Appropriations (11-Y 2-N 1-A)
H10001V2511135,HB2715,1/27/2025,H Subcommittee recommends striking from the docket (8-Y 0-N)
H19003V2511829,HB2716,1/29/2025,H Subcommittee recommends reporting (7-Y 1-N)
H19V2511943,HB2716,1/30/2025,H Stricken from docket by Transportation (22-Y 0-N)
H10002V2511477,HB2717,1/28/2025,H Subcommittee recommends striking from the docket (7-Y 0-N)
H19003V2511823,HB2718,1/29/2025,H Subcommittee recommends reporting (8-Y 0-N)
H19V2511947,HB2718,1/30/2025,H Reported from Transportation (22-Y 0-N)
2518374,HB2718,2/4/2025,H Read third time and passed House (97-Y 0-N)
2518375,HB2718,2/4/2025,H Passed House (99-Y 0-N)
S11V1784,HB2718,2/13/2025,S Reported from Transportation with amendment (14-Y 1-N)
SV564,HB2718,2/17/2025,S Constitutional reading dispensed (on 2nd reading) (39-Y 0-N)
SV719,HB2718,2/19/2025,S Passed Senate with amendment (36-Y 4-N)
2519062,HB2718,2/20/2025,H Senate Amendment agreed to by House (95-Y 2-N)
2519331,HB2718,4/2/2025,H House concurred in Governor's recommendation (95-Y 0-N)
SV1104,HB2718,4/2/2025,S Senate concurred in Governor's recommendation (34-Y 5-N)
H15001V2511976,HB2719,1/30/2025,H Subcommittee recommends striking from the docket (9-Y 0-N)
H09001V2511171,HB2720,1/27/2025,H Subcommittee recommends reporting with substitute (8-Y 0-N)
H09V2511593,HB2720,1/29/2025,H Reported from Education with substitute (21-Y 1-N)
2518443,HB2720,2/4/2025,H Read third time and passed House (99-Y 0-N)
S04V1774,HB2720,2/13/2025,S Reported from Education and Health and rereferred to Finance and Appropriations (9-Y 2-N 3-A)
S05V1981,HB2720,2/17/2025,S Reported from Finance and Appropriations with substitute (14-Y 0-N)
SV738,HB2720,2/19/2025,S Constitutional reading dispensed (on 2nd reading) (40-Y 0-N)
SV837,HB2720,2/20/2025,S Passed Senate with substitute (36-Y 3-N)
2519118,HB2720,2/20/2025,H Senate substitute agreed to by House (96-Y 0-N)
H19001V2511307,HB2721,1/28/2025,H Subcommittee recommends reporting (8-Y 0-N)
H19V2511927,HB2721,1/30/2025,H Reported from Transportation (22-Y 0-N)
2518547,HB2721,2/4/2025,H Read third time and passed House (92-Y 5-N)
S11V1758,HB2721,2/13/2025,S Reported from Transportation (14-Y 0-N)
SV564,HB2721,2/17/2025,S Constitutional reading dispensed (on 2nd reading)
SV593,HB2721,2/18/2025,S Passed Senate (40-Y 0-N)
H09002V2511152,HB2722,1/27/2025,H Subcommittee recommends laying on the table (7-Y 3-N)
H08001V2511267,HB2723,1/27/2025,H Subcommittee recommends reporting with substitute and referring to Appropriations (7-Y 1-N)
H08V2511740,HB2723,1/29/2025,H Reported from Courts of Justice with substitute and referred to Appropriations (14-Y 8-N)
H02V2512191,HB2723,1/31/2025,H Reported from Appropriations (15-Y 7-N)
2518530,HB2723,2/4/2025,H Read third time and passed House (89-Y 7-N)
S13V1250,HB2723,2/10/2025,S Reported from Courts of Justice with substitute and rereferred to Finance and Appropriations (10-Y 5-N)
S05V1854,HB2723,2/14/2025,S Reported from Finance and Appropriations with substitute (10-Y 4-N)
SV567,HB2723,2/17/2025,S Constitutional reading dispensed (on 2nd reading) (39-Y 0-N)
SV720,HB2723,2/19/2025,S Passed Senate with substitute (23-Y 16-N)
2519063,HB2723,2/20/2025,H Senate substitute rejected by House (0-Y 97-N)
SV879,HB2723,2/20/2025,S Senate insisted on substitute (39-Y 0-N)
2519195,HB2723,2/22/2025,H Conference report agreed to by House (98-Y 0-N)
SV993,HB2723,2/22/2025,S Conference report agreed to by Senate (28-Y 12-N)
2519268,HB2723,4/2/2025,H House concurred in Governor's recommendation (96-Y 0-N)
SV1084,HB2723,4/2/2025,S Senate concurred in Governor's recommendation (40-Y 0-N)
H08001V2511270,HB2724,1/27/2025,H Subcommittee recommends reporting with substitute and referring to Appropriations (5-Y 3-N)
H08V2511748,HB2724,1/29/2025,H Reported from Courts of Justice with substitute and referred to Appropriations (18-Y 4-N)
H02V2512202,HB2724,1/31/2025,H Reported from Appropriations (17-Y 5-N)
2518531,HB2724,2/4/2025,H Read third time and passed House (59-Y 39-N)
S13V1878,HB2724,2/17/2025,S Reported from Courts of Justice with substitute and rereferred to Finance and Appropriations (11-Y 3-N 1-A)
S05V1963,HB2724,2/17/2025,S Reported from Finance and Appropriations (11-Y 3-N)
SV738,HB2724,2/19/2025,S Constitutional reading dispensed (on 2nd reading) (40-Y 0-N)
SV838,HB2724,2/20/2025,S Passed Senate with substitute (28-Y 11-N)
2519119,HB2724,2/20/2025,H Senate substitute agreed to by House (71-Y 24-N)
2519253,HB2724,4/2/2025,H Passed by for the day (47-Y 46-N)
H15V2512092,HB2725,1/31/2025,H Reported from Public Safety (21-Y 0-N)
2518374,HB2725,2/4/2025,H Read third time and passed House (97-Y 0-N)
2518375,HB2725,2/4/2025,H Passed House (99-Y 0-N)
S12V1526,HB2725,2/12/2025,S Rereferred from General Laws and Technology to Courts of Justice (10-Y 0-N)
S13V1892,HB2725,2/17/2025,S Reported from Courts of Justice (15-Y 0-N)
SV634,HB2725,2/18/2025,S Constitutional reading dispensed (on 2nd reading) (39-Y 0-N)
SV670,HB2725,2/19/2025,S Passed Senate (40-Y 0-N)
H08V2511020,HB2726,1/24/2025,H Stricken from docket by Courts of Justice (22-Y 0-N)
H08003V2511091,HB2729,1/24/2025,H Subcommittee recommends reporting with substitute and referring to Appropriations (8-Y 0-N)
H08V2511774,HB2729,1/29/2025,H Reported from Courts of Justice with substitute and referred to Appropriations (21-Y 0-N)
H02V2512192,HB2729,1/31/2025,H Reported from Appropriations (22-Y 0-N)
2518374,HB2729,2/4/2025,H Read third time and passed House (97-Y 0-N)
2518375,HB2729,2/4/2025,H Passed House (99-Y 0-N)
S13V1251,HB2729,2/10/2025,S Reported from Courts of Justice with substitute and rereferred to Finance and Appropriations (14-Y 1-N)
S05V1852,HB2729,2/14/2025,S Reported from Finance and Appropriations (14-Y 0-N)
SV567,HB2729,2/17/2025,S Constitutional reading dispensed (on 2nd reading) (39-Y 0-N)
SV721,HB2729,2/19/2025,S Passed Senate with substitute (40-Y 0-N)
2519064,HB2729,2/20/2025,H Senate substitute rejected by House (1-Y 97-N)
2519078,HB2729,2/20/2025,H Senate substitute agreed to by House (87-Y 0-N)
H08001V2511271,HB2730,1/27/2025,H Subcommittee recommends reporting with amendment(s)  and referring to Appropriations (8-Y 0-N)
H08V2511753,HB2730,1/29/2025,H Reported from Courts of Justice with amendment(s)  and referred to Appropriations (22-Y 0-N)
H02V2512193,HB2730,1/31/2025,H Reported from Appropriations (22-Y 0-N)
2518374,HB2730,2/4/2025,H Read third time and passed House (97-Y 0-N)
2518375,HB2730,2/4/2025,H Passed House (99-Y 0-N)
S13V1252,HB2730,2/10/2025,S Reported from Courts of Justice with substitute and rereferred to Finance and Appropriations (15-Y 0-N)
S05V1853,HB2730,2/14/2025,S Reported from Finance and Appropriations (14-Y 0-N)
SV567,HB2730,2/17/2025,S Constitutional reading dispensed (on 2nd reading) (39-Y 0-N)
SV593,HB2730,2/18/2025,S Passed Senate with substitute (40-Y 0-N)
2518955,HB2730,2/19/2025,H Senate substitute rejected by House (0-Y 97-N)
SV850,HB2730,2/20/2025,S Senate insisted on substitute (39-Y 0-N)
SV983,HB2730,2/22/2025,S Conference report agreed to by Senate (40-Y 0-N)
2519196,HB2730,2/22/2025,H Conference report agreed to by House (97-Y 0-N)
H09001V2511516,HB2731,1/28/2025,H Subcommittee recommends laying on the table (5-Y 3-N)
H09001V2511513,HB2733,1/28/2025,H Subcommittee recommends reporting with substitute and referring to Appropriations (8-Y 0-N)
H09V2511585,HB2733,1/29/2025,H Reported from Education with substitute and referred to Appropriations (14-Y 8-N)
H02003V2511768,HB2733,1/29/2025,H Subcommittee recommends laying on the table (4-Y 3-N)
H09002V2511140,HB2734,1/27/2025,H Subcommittee recommends laying on the table (6-Y 4-N)
H08001V2511105,HB2735,1/24/2025,H Subcommittee recommends striking from the docket (8-Y 0-N)
H11001V2511991,HB2736,1/30/2025,H Subcommittee recommends reporting (8-Y 0-N)
H11V2512052,HB2736,1/30/2025,H Reported from General Laws (21-Y 0-N)
2518374,HB2736,2/4/2025,H Read third time and passed House (97-Y 0-N)
2518375,HB2736,2/4/2025,H Passed House (99-Y 0-N)
S12V1559,HB2736,2/12/2025,S Reported from General Laws and Technology and rereferred to Finance and Appropriations (15-Y 0-N)
S05V2015,HB2736,2/17/2025,S Reported from Finance and Appropriations (14-Y 0-N)
SV738,HB2736,2/19/2025,S Constitutional reading dispensed (on 2nd reading) (40-Y 0-N)
SV801,HB2736,2/20/2025,S Passed Senate (39-Y 0-N)
SV803,HB2736,2/20/2025,S Reconsideration of Senate passage agreed to by Senate (39-Y 0-N)
SV804,HB2736,2/20/2025,S Passed Senate (39-Y 0-N)
H14001V2511482,HB2738,1/28/2025,H Subcommittee recommends reporting with substitute (5-Y 2-N)
H14V2512057,HB2738,1/30/2025,H Reported from Labor and Commerce with substitute (14-Y 8-N)
2518532,HB2738,2/4/2025,H Read third time and passed House (79-Y 19-N)
S02V1930,HB2738,2/17/2025,S Reported from Commerce and Labor with amendments (14-Y 0-N)
SV663,HB2738,2/18/2025,S Constitutional reading dispensed (on 2nd reading) (40-Y 0-N)
SV670,HB2738,2/19/2025,S Passed Senate with amendments (40-Y 0-N)
2519065,HB2738,2/20/2025,H Senate Amendments agreed to by House (83-Y 15-N)
H10002V2511489,HB2740,1/28/2025,H Subcommittee recommends laying on the table (7-Y 0-N)
H24001V2511468,HB2742,1/28/2025,H Subcommittee recommends reporting with amendment(s)  (8-Y 0-N)
H24V2511899,HB2742,1/30/2025,H Reported from Health and Human Services with amendment(s)  (21-Y 0-N)
2518374,HB2742,2/4/2025,H Read third time and passed House (97-Y 0-N)
2518375,HB2742,2/4/2025,H Passed House (99-Y 0-N)
S04V1668,HB2742,2/13/2025,S Reported from Education and Health (15-Y 0-N)
SV564,HB2742,2/17/2025,S Constitutional reading dispensed (on 2nd reading)
SV593,HB2742,2/18/2025,S Passed Senate (40-Y 0-N)
H14002V2511957,HB2743,1/30/2025,H Subcommittee recommends reporting with substitute and referring to Appropriations (5-Y 3-N)
H14V2512062,HB2743,1/30/2025,H Reported from Labor and Commerce with substitute and referred to Appropriations (12-Y 10-N)
H02V2512180,HB2743,1/31/2025,H Reported from Appropriations (12-Y 10-N)
2518533,HB2743,2/4/2025,H Read third time and passed House (51-Y 46-N)
S02V1363,HB2743,2/10/2025,S Reported from Commerce and Labor and rereferred to Finance and Appropriations (9-Y 6-N)
S05V2018,HB2743,2/17/2025,S Reported from Finance and Appropriations (9-Y 5-N)
SV738,HB2743,2/19/2025,S Constitutional reading dispensed (on 2nd reading) (40-Y 0-N)
SV839,HB2743,2/20/2025,S Passed Senate (20-Y 18-N)
H14003V2511542,HB2744,1/28/2025,H Subcommittee recommends reporting with substitute (6-Y 4-N)
H14V2512071,HB2744,1/30/2025,H Reported from Labor and Commerce with substitute (15-Y 7-N)
2518534,HB2744,2/4/2025,H Read third time and passed House (67-Y 31-N)
S02V1917,HB2744,2/17/2025,S Reported from Commerce and Labor with amendment (11-Y 4-N)
SV663,HB2744,2/18/2025,S Constitutional reading dispensed (on 2nd reading) (40-Y 0-N)
SV736,HB2744,2/19/2025,S Passed Senate with amendment (22-Y 18-N)
2519066,HB2744,2/20/2025,H Senate Amendment agreed to by House (70-Y 27-N)
H07002V2511868,HB2745,1/30/2025,H Subcommittee recommends reporting with substitute (8-Y 0-N)
H07V2512123,HB2745,1/31/2025,"H Failed to report from Counties, Cities and Towns with substitute (9-Y 13-N)"
H08002V2511816,HB2746,1/29/2025,H Subcommittee recommends reporting with substitute (5-Y 2-N)
H08V2512218,HB2746,1/31/2025,H Reported from Courts of Justice with substitute (14-Y 6-N)
2518535,HB2746,2/4/2025,H Read third time and passed House (59-Y 39-N)
S13V1236,HB2746,2/10/2025,S Reported from Courts of Justice (13-Y 0-N)
SV382,HB2746,2/11/2025,S Constitutional reading dispensed (on 2nd reading) (40-Y 0-N)
SV396,HB2746,2/12/2025,S Passed Senate (39-Y 0-N)
H11003V2511454,HB2747,1/28/2025,H Subcommittee recommends laying on the table (8-Y 0-N)
H24V2511295,HB2748,1/28/2025,H Reported from Health and Human Services with substitute and referred to Appropriations (22-Y 0-N)
H02V2512203,HB2748,1/31/2025,H Reported from Appropriations (22-Y 0-N)
2518374,HB2748,2/4/2025,H Read third time and passed House (97-Y 0-N)
2518375,HB2748,2/4/2025,H Passed House (99-Y 0-N)
S12V1558,HB2748,2/12/2025,S Reported from General Laws and Technology (15-Y 0-N)
SV522,HB2748,2/14/2025,S Constitutional reading dispensed (on 2nd reading) (36-Y 0-N)
SV558,HB2748,2/17/2025,S Passed Senate (39-Y 0-N)
H24001V2511469,HB2749,1/28/2025,H Subcommittee recommends reporting with substitute (8-Y 0-N)
H24V2511896,HB2749,1/30/2025,H Reported from Health and Human Services with substitute (21-Y 0-N)
2518374,HB2749,2/4/2025,H Read third time and passed House (97-Y 0-N)
2518375,HB2749,2/4/2025,H Passed House (99-Y 0-N)
S04V1651,HB2749,2/13/2025,S Reported from Education and Health with substitute (15-Y 0-N)
SV564,HB2749,2/17/2025,S Constitutional reading dispensed (on 2nd reading)
SV593,HB2749,2/18/2025,S Passed Senate with substitute (40-Y 0-N)
2518956,HB2749,2/19/2025,H Senate substitute rejected by House (0-Y 97-N)
SV850,HB2749,2/20/2025,S Senate insisted on substitute (39-Y 0-N)
2519142,HB2749,2/21/2025,H Conference report agreed to by House  (94-Y 0-N)
SV918,HB2749,2/21/2025,S Conference report agreed to by Senate (38-Y 0-N)
2519268,HB2749,4/2/2025,H House concurred in Governor's recommendation (96-Y 0-N)
SV1084,HB2749,4/2/2025,S Senate concurred in Governor's recommendation (40-Y 0-N)
H11002V2511969,HB2750,1/30/2025,H Subcommittee recommends reporting with substitute (7-Y 1-N)
H11V2512029,HB2750,1/30/2025,H Reported from General Laws with substitute (21-Y 0-N)
2518374,HB2750,2/4/2025,H Read third time and passed House (97-Y 0-N)
2518375,HB2750,2/4/2025,H Passed House (99-Y 0-N)
S12V1622,HB2750,2/12/2025,S Reported from General Laws and Technology (10-Y 4-N 1-A)
SV522,HB2750,2/14/2025,S Constitutional reading dispensed (on 2nd reading) (36-Y 0-N)
SV623,HB2750,2/18/2025,S Passed Senate (31-Y 5-N)
H11004V2511484,HB2751,1/28/2025,H Subcommittee recommends reporting with substitute (8-Y 0-N)
H11V2512018,HB2751,1/30/2025,H Reported from General Laws with substitute (21-Y 0-N)
2518374,HB2751,2/4/2025,H Read third time and passed House (97-Y 0-N)
2518375,HB2751,2/4/2025,H Passed House (99-Y 0-N)
S12V1585,HB2751,2/12/2025,S Reported from General Laws and Technology (15-Y 0-N)
SV522,HB2751,2/14/2025,S Constitutional reading dispensed (on 2nd reading) (36-Y 0-N)
SV558,HB2751,2/17/2025,S Passed Senate (39-Y 0-N)
H24001V2511470,HB2753,1/28/2025,H Subcommittee recommends reporting with substitute (8-Y 0-N)
H24V2511898,HB2753,1/30/2025,H Reported from Health and Human Services with substitute (21-Y 0-N)
2518374,HB2753,2/4/2025,H Read third time and passed House (97-Y 0-N)
2518375,HB2753,2/4/2025,H Passed House (99-Y 0-N)
S04V1652,HB2753,2/13/2025,S Reported from Education and Health with substitute (15-Y 0-N)
SV564,HB2753,2/17/2025,S Constitutional reading dispensed (on 2nd reading)
SV593,HB2753,2/18/2025,S Passed Senate with substitute (40-Y 0-N)
2518957,HB2753,2/19/2025,H Senate substitute agreed to by House (97-Y 0-N)
H24004V2510903,HB2754,1/23/2025,H Subcommittee recommends reporting with substitute (8-Y 0-N)
H24V2511350,HB2754,1/28/2025,H Reported from Health and Human Services with substitute (21-Y 0-N)
2518337,HB2754,2/3/2025,H Read third time and passed House (98-Y 0-N)
2518364,HB2754,2/3/2025,H Read third time and passed House (99-Y 0-N)
S04V1181,HB2754,2/6/2025,S Rereferred from Education and Health to Rehabilitation and Social Services (14-Y 0-N)
S09V1792,HB2754,2/14/2025,S Reported from Rehabilitation and Social Services (11-Y 0-N)
SV564,HB2754,2/17/2025,S Constitutional reading dispensed (on 2nd reading)
SV593,HB2754,2/18/2025,S Passed Senate (40-Y 0-N)
H14004V2511986,HB2755,1/30/2025,H Subcommittee recommends reporting with substitute (3-Y 2-N)
H14V2512075,HB2755,1/30/2025,H Reported from Labor and Commerce with substitute (12-Y 9-N)
2518536,HB2755,2/4/2025,H Read third time and passed House (49-Y 48-N)
S02V1919,HB2755,2/17/2025,S Failed to report (defeated) in Commerce and Labor (6-Y 8-N)
H19003V2511840,HB2756,1/29/2025,H Subcommittee recommends reporting with substitute (7-Y 1-N)
H19V2511944,HB2756,1/30/2025,H Reported from Transportation with substitute (18-Y 4-N)
2518537,HB2756,2/4/2025,H Read third time and passed House (59-Y 39-N)
S11V1742,HB2756,2/13/2025,S Reported from Transportation (13-Y 0-N)
SV564,HB2756,2/17/2025,S Constitutional reading dispensed (on 2nd reading)
SV593,HB2756,2/18/2025,S Passed Senate (40-Y 0-N)
H24V2511357,HB2757,1/28/2025,H Reported from Health and Human Services (21-Y 0-N)
H24V2511887,HB2757,1/30/2025,H Reported from Health and Human Services and referred to Appropriations (21-Y 0-N)
H02V2512164,HB2757,1/31/2025,H Reported from Appropriations (22-Y 0-N)
2518374,HB2757,2/4/2025,H Read third time and passed House (97-Y 0-N)
2518375,HB2757,2/4/2025,H Passed House (99-Y 0-N)
S04V1669,HB2757,2/13/2025,S Reported from Education and Health and rereferred to Finance and Appropriations (15-Y 0-N)
S05V2009,HB2757,2/17/2025,S Passed by indefinitely in Finance and Appropriations (14-Y 0-N)
H14003V2511545,HB2758,1/28/2025,H Subcommittee recommends striking from the docket (10-Y 0-N)
H10002V2511514,HB2759,1/28/2025,H Subcommittee recommends laying on the table (5-Y 2-N)
H07001V2511586,HB2760,1/29/2025,H Subcommittee recommends reporting (8-Y 0-N)
H07V2512113,HB2760,1/31/2025,"H Reported from Counties, Cities and Towns (22-Y 0-N)"
2518374,HB2760,2/4/2025,H Read third time and passed House (97-Y 0-N)
2518375,HB2760,2/4/2025,H Passed House (99-Y 0-N)
S07V1286,HB2760,2/10/2025,S Reported from Local Government (15-Y 0-N)
SV382,HB2760,2/11/2025,S Constitutional reading dispensed (on 2nd reading) (40-Y 0-N)
SV396,HB2760,2/12/2025,S Passed Senate (39-Y 0-N)
H10002V2511517,HB2762,1/28/2025,H Subcommittee recommends laying on the table (5-Y 2-N)
H14002V2511961,HB2764,1/30/2025,H Subcommittee recommends reporting (5-Y 3-N)
H14V2512063,HB2764,1/30/2025,H Reported from Labor and Commerce (12-Y 10-N)
2518538,HB2764,2/4/2025,H Read third time and passed House (51-Y 46-N 1-A)
S02V1351,HB2764,2/10/2025,S Reported from Commerce and Labor with substitute and rereferred to Finance and Appropriations (9-Y 6-N)
S05V1849,HB2764,2/14/2025,S Reported from Finance and Appropriations (10-Y 4-N)
SV567,HB2764,2/17/2025,S Constitutional reading dispensed (on 2nd reading) (39-Y 0-N)
SV722,HB2764,2/19/2025,S Passed Senate with substitute (21-Y 19-N)
2519067,HB2764,2/20/2025,H Senate substitute rejected by House (1-Y 97-N)
SV879,HB2764,2/20/2025,S Senate insisted on substitute (39-Y 0-N)
2519197,HB2764,2/22/2025,H Conference report agreed to by House (49-Y 46-N)
2519199,HB2764,2/22/2025,H Conference report agreed to by House (50-Y 47-N)
SV994,HB2764,2/22/2025,S Conference report agreed to by Senate (21-Y 19-N)
2519266,HB2764,4/2/2025,H House sustained Governor's veto (50-Y 46-N)
H15001V2511984,HB2767,1/30/2025,H Subcommittee recommends passing by indefinitely (6-Y 4-N)
H07V2510996,HB2768,1/24/2025,"H Reported from Counties, Cities and Towns (11-Y 9-N)"
2518314,HB2768,1/30/2025,H Read third time and passed House (54-Y 40-N)
S07V1307,HB2768,2/10/2025,S Reported from Local Government with amendment (8-Y 7-N)
SV382,HB2768,2/11/2025,S Constitutional reading dispensed (on 2nd reading) (40-Y 0-N)
SV430,HB2768,2/12/2025,S Passed Senate with amendment (21-Y 18-N)
2518846,HB2768,2/18/2025,H Senate Amendment agreed to by House (53-Y 44-N)
H14001V2511505,HB2769,1/28/2025,H Subcommittee recommends reporting (4-Y 3-N)
H14V2512058,HB2769,1/30/2025,H Reported from Labor and Commerce (12-Y 10-N)
2518539,HB2769,2/4/2025,H Read third time and passed House (53-Y 44-N)
S02V1914,HB2769,2/17/2025,S Reported from Commerce and Labor (11-Y 4-N)
SV663,HB2769,2/18/2025,S Constitutional reading dispensed (on 2nd reading) (40-Y 0-N)
SV737,HB2769,2/19/2025,S Passed Senate (24-Y 15-N)
H09001V2511361,HB2770,1/28/2025,H Subcommittee recommends laying on the table (5-Y 3-N)
H19004V2511779,HB2771,1/29/2025,H Subcommittee recommends striking from the docket (6-Y 0-N)
H14001V2511518,HB2773,1/28/2025,H Subcommittee recommends laying on the table (4-Y 3-N)
H09001V2511358,HB2774,1/28/2025,H Subcommittee recommends reporting with substitute (7-Y 1-N)
H09V2511613,HB2774,1/29/2025,H Reported from Education with substitute (18-Y 4-N)
2518444,HB2774,2/4/2025,H Read third time and passed House (97-Y 0-N)
S04V1752,HB2774,2/13/2025,S Reported from Education and Health with substitute (14-Y 0-N)
SV564,HB2774,2/17/2025,S Constitutional reading dispensed (on 2nd reading)
SV593,HB2774,2/18/2025,S Passed Senate with substitute (40-Y 0-N)
2518958,HB2774,2/19/2025,H Senate substitute rejected by House (2-Y 94-N)
SV850,HB2774,2/20/2025,S Senate insisted on substitute (39-Y 0-N)
SV972,HB2774,2/22/2025,S Conference report agreed to by Senate (40-Y 0-N)
2519198,HB2774,2/22/2025,H Conference report agreed to by House (97-Y 0-N)
H01001V2511616,HB2775,1/29/2025,H Subcommittee recommends laying on the table (10-Y 0-N)
H09001V2511367,HB2777,1/28/2025,H Subcommittee recommends reporting with substitute (8-Y 0-N)
H09V2511587,HB2777,1/29/2025,H Reported from Education with substitute (17-Y 5-N)
2518445,HB2777,2/4/2025,H Read third time and passed House (89-Y 10-N)
S04V1753,HB2777,2/13/2025,S Reported from Education and Health with substitute and rereferred to Finance and Appropriations (14-Y 0-N)
S05V1975,HB2777,2/17/2025,S Reported from Finance and Appropriations (14-Y 0-N)
SV738,HB2777,2/19/2025,S Constitutional reading dispensed (on 2nd reading) (40-Y 0-N)
SV801,HB2777,2/20/2025,S Passed Senate with substitute (39-Y 0-N)
SV803,HB2777,2/20/2025,S Reconsideration of Senate passage agreed to by Senate (39-Y 0-N)
SV804,HB2777,2/20/2025,S Passed Senate with substitute (39-Y 0-N)
2519120,HB2777,2/20/2025,H Senate substitute rejected by House (1-Y 95-N)
SV897,HB2777,2/20/2025,S Senate insisted on substitute (38-Y 0-N)
2519143,HB2777,2/21/2025,H Conference report agreed to by House (91-Y 3-N)
SV919,HB2777,2/21/2025,S Conference report agreed to by Senate (39-Y 0-N)
2519253,HB2777,4/2/2025,H Passed by for the day (47-Y 46-N)
H09002V2511151,HB2778,1/27/2025,H Subcommittee recommends laying on the table (6-Y 4-N)
H11001V2511987,HB2779,1/30/2025,H Subcommittee recommends reporting with substitute (8-Y 0-N)
H11V2512041,HB2779,1/30/2025,H Reported from General Laws with substitute (21-Y 0-N)
2518374,HB2779,2/4/2025,H Read third time and passed House (97-Y 0-N)
2518375,HB2779,2/4/2025,H Passed House (99-Y 0-N)
S12V1565,HB2779,2/12/2025,S Reported from General Laws and Technology (15-Y 0-N)
SV522,HB2779,2/14/2025,S Constitutional reading dispensed (on 2nd reading) (36-Y 0-N)
SV558,HB2779,2/17/2025,S Passed Senate (39-Y 0-N)
2519253,HB2779,4/2/2025,H Passed by for the day (47-Y 46-N)
H14003V2511547,HB2780,1/28/2025,H Subcommittee recommends laying on the table (6-Y 4-N)
H07002V2511885,HB2781,1/30/2025,H Subcommittee recommends reporting (6-Y 2-N)
H07V2512119,HB2781,1/31/2025,"H Reported from Counties, Cities and Towns (19-Y 3-N)"
2518540,HB2781,2/4/2025,H Read third time and passed House (71-Y 25-N)
S12V1566,HB2781,2/12/2025,S Reported from General Laws and Technology (15-Y 0-N)
SV522,HB2781,2/14/2025,S Constitutional reading dispensed (on 2nd reading) (36-Y 0-N)
SV562,HB2781,2/17/2025,S Passed Senate (23-Y 16-N)
H01002V2511256,HB2782,1/27/2025,H Subcommittee recommends reporting with substitute (10-Y 0-N)
H01V2511635,HB2782,1/29/2025,"H Reported from Agriculture, Chesapeake and Natural Resources (22-Y 0-N)"
2518550,HB2782,2/4/2025,H Read third time and passed House (78-Y 18-N)
S01V1448,HB2782,2/11/2025,"S Reported from Agriculture, Conservation and Natural Resources with amendment (14-Y 1-N)"
SV472,HB2782,2/13/2025,S Constitutional reading dispensed (on 2nd reading) (40-Y 0-N)
SV521,HB2782,2/14/2025,S Passed Senate with amendments (35-Y 1-N)
2518878,HB2782,2/18/2025,H Senate Amendments agreed to by House (67-Y 30-N)
H08001V2512209,HB2783,1/31/2025,H Subcommittee recommends reporting (8-Y 0-N)
H08V2512226,HB2783,1/31/2025,H Reported from Courts of Justice (20-Y 0-N)
2518374,HB2783,2/4/2025,H Read third time and passed House (97-Y 0-N)
2518375,HB2783,2/4/2025,H Passed House (99-Y 0-N)
S13V1320,HB2783,2/10/2025,S Reported from Courts of Justice with substitute and rereferred to Finance and Appropriations (15-Y 0-N)
S05V1505,HB2783,2/12/2025,S Reported from Finance and Appropriations with substitute (15-Y 0-N)
SV472,HB2783,2/13/2025,S Constitutional reading dispensed (on 2nd reading) (40-Y 0-N)
SV493,HB2783,2/14/2025,S Passed Senate with substitute (36-Y 0-N)
2518879,HB2783,2/18/2025,H Senate substitute agreed to by House (97-Y 0-N)
2519332,HB2783,4/2/2025,H House concurred in Governor's recommendation (95-Y 0-N)
SV1105,HB2783,4/2/2025,S Senate concurred in Governor's recommendation (40-Y 0-N)
2510005,HJ1,11/13/2024,H Reported from Privileges and Elections with substitute (12-Y 9-N)
2518174,HJ1,1/14/2025,H Agreed to by House (51-Y 48-N)
S08V822,HJ1,1/28/2025,S Reported from Privileges and Elections (8-Y 7-N)
SV225,HJ1,1/30/2025,S Reading waived (on 2nd reading) (39-Y 0-N)
SV246,HJ1,1/31/2025,S Agreed to by Senate  (21-Y 18-N)
2510002,HJ2,11/13/2024,H Reported from Privileges and Elections (12-Y 9-N)
2518181,HJ2,1/14/2025,H Motion to pass by Delegate Cherry Amendment #1 agreed to (52-Y 47-N)
2518182,HJ2,1/14/2025,"H Motion to pass by Delegate Cherry Amendments #2, #3 agreed to  (51-Y 48-N)"
2518183,HJ2,1/14/2025,H Agreed to by House (55-Y 44-N)
S08V823,HJ2,1/28/2025,S Reported from Privileges and Elections (8-Y 7-N)
SV225,HJ2,1/30/2025,S Reading waived (on 2nd reading) (39-Y 0-N)
SV244,HJ2,1/31/2025,S Agreed to by Senate (21-Y 18-N)
2510003,HJ9,11/13/2024,H Reported from Privileges and Elections with substitute (16-Y 5-N)
2518184,HJ9,1/14/2025,H Agreed to by House (58-Y 35-N 2-A)
S08V824,HJ9,1/28/2025,S Reported from Privileges and Elections (10-Y 5-N)
SV225,HJ9,1/30/2025,S Reading waived (on 2nd reading) (39-Y 0-N)
SV245,HJ9,1/31/2025,S Agreed to by Senate (24-Y 15-N)
2518166,HJ429,1/8/2025,H Agreed to by House (97-Y 0-N)
SV7,HJ429,1/8/2025,S Agreed to by Senate (36-Y 0-N)
2518165,HJ430,1/8/2025,H Agreed to by House (Y-97 N-0)
SV4,HJ430,1/8/2025,S Rules suspended (36-Y 0-N)
SV5,HJ430,1/8/2025,S Agreed to by Senate with amendment (36-Y 0-N)
2518167,HJ430,1/8/2025,H Senate amendment agreed to by House (93-Y 0-N)
H20V2511854,HJ434,1/29/2025,H Reported from Rules with amendment(s)  (13-Y 0-N)
2518372,HJ434,2/3/2025,H Agreed to by House (69-Y 27-N)
S10V1805,HJ434,2/14/2025,S Reported from Rules (Voice Vote)
SV565,HJ434,2/17/2025,S Reading waived (on 2nd reading) (39-Y 0-N)
H20V2511855,HJ435,1/29/2025,H Reported from Rules (14-Y 0-N)
2518365,HJ435,2/3/2025,H Agreed to by House (96-Y 0-N)
S10V1811,HJ435,2/14/2025,S Reported from Rules (Voice Vote)
SV565,HJ435,2/17/2025,S Reading waived (on 2nd reading) (39-Y 0-N)
H20V2511848,HJ437,1/29/2025,H Reported from Rules (11-Y 4-N)
2518366,HJ437,2/3/2025,H Agreed to by House (72-Y 24-N)
S10V1808,HJ437,2/14/2025,S Reported from Rules (Voice Vote)
SV565,HJ437,2/17/2025,S Reading waived (on 2nd reading) (39-Y 0-N)
H20V2511859,HJ440,1/29/2025,H Reported from Rules with amendment(s)  and referred to Appropriations (11-Y 3-N)
H02V2512194,HJ440,1/31/2025,H Reported from Appropriations with substitute (13-Y 9-N)
2518558,HJ440,2/4/2025,H Agreed to by House (54-Y 44-N)
S10V1806,HJ440,2/14/2025,S Reported from Rules with substitute (Voice Vote)
SV565,HJ440,2/17/2025,S Reading waived (on 2nd reading) (39-Y 0-N)
2518959,HJ440,2/19/2025,H Senate substitute agreed to by House
H20V2511847,HJ441,1/29/2025,H Tabled in Rules (15-Y 0-N)
H20V2511849,HJ443,1/29/2025,H Reported from Rules (11-Y 4-N)
2518367,HJ443,2/3/2025,H Agreed to by House (50-Y 46-N)
S10V1807,HJ443,2/14/2025,S Reported from Rules with amendments and rereferred to Finance and Appropriations (Voice Vote)
S05V1948,HJ443,2/17/2025,S Reported from Finance and Appropriations with substitute (10-Y 4-N)
SV739,HJ443,2/19/2025,S Reading waived (on 2nd reading) (39-Y 0-N)
SV849,HJ443,2/20/2025,S Agreed to by Senate with substitute (20-Y 19-N)
2519122,HJ443,2/20/2025,H Senate substitute rejected by House (0-Y 95-N)
SV897,HJ443,2/20/2025,S Senate insisted on substitute (38-Y 0-N)
2519144,HJ443,2/21/2025,H Conference report agreed to by House (50-Y 46-N)
H20V2511856,HJ446,1/29/2025,H Reported from Rules (11-Y 3-N)
2518368,HJ446,2/3/2025,H Agreed to by House (57-Y 39-N)
S10V1812,HJ446,2/14/2025,S Reported from Rules (Voice Vote)
SV565,HJ446,2/17/2025,S Reading waived (on 2nd reading) (39-Y 0-N)
H20V2511846,HJ447,1/29/2025,H Reported from Rules (11-Y 2-N)
2518369,HJ447,2/3/2025,H Agreed to by House (64-Y 31-N)
S10V1809,HJ447,2/14/2025,S Reported from Rules (Voice Vote)
SV565,HJ447,2/17/2025,S Reading waived (on 2nd reading) (39-Y 0-N)
H20V2511831,HJ448,1/29/2025,H Reported from Rules with substitute (12-Y 2-N)
2518370,HJ448,2/3/2025,H Agreed to by House (60-Y 37-N)
S10V1804,HJ448,2/14/2025,S Reported from Rules and rereferred to Finance and Appropriations (Voice Vote)
S05V1939,HJ448,2/17/2025,S Reported from Finance and Appropriations (9-Y 4-N)
SV739,HJ448,2/19/2025,S Reading waived (on 2nd reading) (39-Y 0-N)
H18002V2511282,HJ452,1/28/2025,H Subcommittee recommends laying on the table (5-Y 3-N)
H20V2511844,HJ463,1/29/2025,H Tabled in Rules (13-Y 0-N)
H20V2511851,HJ466,1/29/2025,H Reported from Rules (15-Y 0-N)
2518365,HJ466,2/3/2025,H Agreed to by House (96-Y 0-N)
S10V1813,HJ466,2/14/2025,S Reported from Rules (Voice Vote)
SV565,HJ466,2/17/2025,S Reading waived (on 2nd reading) (39-Y 0-N)
H20V2511850,HJ473,1/29/2025,H Reported from Rules (15-Y 0-N)
2518365,HJ473,2/3/2025,H Agreed to by House (96-Y 0-N)
S10V1814,HJ473,2/14/2025,S Reported from Rules (Voice Vote)
SV565,HJ473,2/17/2025,S Reading waived (on 2nd reading) (39-Y 0-N)
2518173,HJ476,1/14/2025,H Agreed to by House  (99-Y 0-N)
SV13,HJ476,1/14/2025,S Rules suspended (37-Y 0-N)
2518180,HJ476,1/14/2025,H Waive reading of report - Adoption (99-Y 0-N)
SV14,HJ476,1/14/2025,S Agreed to by Senate (37-Y 0-N)
H18002V2511285,HJ492,1/28/2025,H Subcommittee recommends laying on the table (5-Y 3-N)
H20V2511830,HJ497,1/29/2025,H Reported from Rules (10-Y 3-N)
2518371,HJ497,2/3/2025,H Agreed to by House (54-Y 43-N)
S10V1810,HJ497,2/14/2025,S Reported from Rules with amendment and rereferred to Finance and Appropriations (Voice Vote)
S05V2025,HJ497,2/17/2025,S Reported from Finance and Appropriations (Voice Vote)
SV739,HJ497,2/19/2025,S Reading waived (on 2nd reading) (39-Y 0-N)
2519123,HJ497,2/20/2025,H Senate Amendment agreed to by House  (50-Y 45-N)
H20V2511852,HJ499,1/29/2025,H Reported from Rules (15-Y 0-N)
2518365,HJ499,2/3/2025,H Agreed to by House (96-Y 0-N)
S10V1815,HJ499,2/14/2025,S Reported from Rules (Voice Vote)
SV565,HJ499,2/17/2025,S Reading waived (on 2nd reading) (39-Y 0-N)
H20V2511853,HJ500,1/29/2025,H Reported from Rules (15-Y 0-N)
2518365,HJ500,2/3/2025,H Agreed to by House (96-Y 0-N)
S10V1816,HJ500,2/14/2025,S Reported from Rules (Voice Vote)
SV565,HJ500,2/17/2025,S Reading waived (on 2nd reading) (39-Y 0-N)
H20V2511858,HJ502,1/29/2025,H Reported from Rules (14-Y 0-N)
2518365,HJ502,2/3/2025,H Agreed to by House (96-Y 0-N)
S10V1818,HJ502,2/14/2025,S Reported from Rules (Voice Vote)
SV565,HJ502,2/17/2025,S Reading waived (on 2nd reading) (39-Y 0-N)
H20V2511843,HJ507,1/29/2025,H Reported from Rules (13-Y 0-N)
2518365,HJ507,2/3/2025,H Agreed to by House (96-Y 0-N)
S10V1817,HJ507,2/14/2025,S Reported from Rules (Voice Vote)
SV565,HJ507,2/17/2025,S Reading waived (on 2nd reading) (39-Y 0-N)
SV387,HJ584,2/12/2025,S Rules suspended (40-Y 0-N)
SV379,HJ593,2/11/2025,S Rules suspended (38-Y 0-N)
SV443,HJ616,2/12/2025,S Rules suspended (40-Y 0-N)
SV528,HJ659,2/17/2025,S Rules suspended (36-Y 0-N)
H20V2512864,HJ673,2/17/2025,H Reported from Rules (18-Y 0-N)
2519072,HJ673,2/20/2025,H Agreed to by House (98-Y 0-N)
S10V2027,HJ673,2/21/2025,S Reported from Rules (12-Y 0-N)
SV984,HJ673,2/22/2025,S Reading waived (on 3rd reading) (37-Y 0-N)
SV985,HJ673,2/22/2025,S Agreed to by Senate (40-Y 0-N)
2518907,HJ760,2/19/2025,H Agreed to by House (97-Y 0-N)
2518925,HJ760,2/19/2025,H Waive reading of Report (96-Y 1-N)
SV684,HJ760,2/19/2025,S Taken up for immediate consideration
SV685,HJ760,2/19/2025,S Agreed to by Senate (40-Y 0-N)
2518168,HR457,1/8/2025,H Agreed to by House (95-Y 0-N)
2518175,HR472,1/14/2025,H Election of House (99-Y 0-N)
2518176,HR473,1/14/2025,H Election of House (98-Y 0-N)
2518177,HR474,1/14/2025,H Election of House (98-Y 0-N)
2518178,HR475,1/14/2025,H Election of House (99-Y 0-N)
2518179,HR476,1/14/2025,H Election of House (97-Y 0-N)
H20V2512865,HR711,2/17/2025,H Reported from Rules (18-Y 0-N)
2519073,HR711,2/20/2025,H Agreed to by House (98-Y 0-N)
2518921,HR802,2/19/2025,H Election by House (97-Y 0-N)
2518922,HR803,2/19/2025,H Election by House (97-Y 0-N)
2518923,HR804,2/19/2025,H Election by House (97-Y 0-N)
2518924,HR805,2/19/2025,H Election by House (97-Y 0-N)
S04V533,SB738,1/23/2025,S Reported from Education and Health with substitute (9-Y 6-N)
SV125,SB738,1/24/2025,S Constitutional reading dispensed (on 1st reading) (37-Y 0-N)
SV175,SB738,1/28/2025,S Read third time and passed Senate (21-Y 18-N)
H09V2512254,SB738,2/5/2025,H Reported from Education with substitute (14-Y 6-N)
2518644,SB738,2/10/2025,H Passed House with substitute (67-Y 28-N)
SV388,SB738,2/12/2025,S House substitute rejected by Senate (0-Y 37-N)
SV554,SB738,2/17/2025,S Senate acceded to request (39-Y 0-N)
2519145,SB738,2/21/2025,H Conference report agreed to by House (73-Y 23-N)
SV920,SB738,2/21/2025,S Conference report agreed to by Senate (21-Y 18-N)
SV1010,SB738,4/2/2025,S Senate concurred in Governor's recommendation (40-Y 0-N)
2519336,SB738,4/2/2025,H House concurred in Governor's recommendation (91-Y 2-N)
S04V976,SB739,1/30/2025,S Stricken at request of Patron in Education and Health (15-Y 0-N)
S04V498,SB740,1/23/2025,S Reported from Education and Health (10-Y 4-N)
SV125,SB740,1/24/2025,S Constitutional reading dispensed (on 1st reading) (37-Y 0-N)
SV178,SB740,1/28/2025,S Read third time and passed Senate (23-Y 14-N)
H24V2512307,SB740,2/6/2025,H Reported from Health and Human Services (14-Y 8-N)
2518653,SB740,2/11/2025,H Passed House (50-Y 44-N)
SV1011,SB740,4/2/2025,S Senate rejected Governor's recommendation (17-Y 23-N)
S11V160,SB741,1/16/2025,S Reported from Transportation and rereferred to Finance and Appropriations (15-Y 0-N)
S05V770,SB741,1/28/2025,S Reported from Finance and Appropriations (15-Y 0-N)
SV209,SB741,1/29/2025,S Constitutional reading dispensed (on 1st reading) (38-Y 0-N)
SV222,SB741,1/30/2025,S Constitutional reading dispensed (on 3rd reading) (39-Y 1-N)
SV223,SB741,1/30/2025,S Passed Senate (40-Y 0-N)
H19001V2512548,SB741,2/11/2025,H Subcommittee recommends reporting (7-Y 0-N)
H19V2512730,SB741,2/13/2025,H Reported from Transportation (20-Y 0-N)
2518800,SB741,2/18/2025,H Passed House (97-Y 0-N)
S04V523,SB742,1/23/2025,S Reported from Education and Health with substitute and rereferred to Finance and Appropriations (15-Y 0-N)
S05V899,SB742,1/29/2025,S Reported from Finance and Appropriations (14-Y 0-N)
SV224,SB742,1/30/2025,S Constitutional reading dispensed (on 1st reading) (39-Y 0-N 1-A)
SV241,SB742,1/31/2025,S Constitutional reading dispensed (on 3rd reading) (40-Y 0-N)
SV242,SB742,1/31/2025,S Passed Senate (40-Y 0-N)
H09002V2512430,SB742,2/10/2025,H Subcommittee recommends reporting with amendment(s)  (10-Y 0-N)
H09V2512667,SB742,2/12/2025,H Reported from Education with amendment(s)  (21-Y 0-N)
2518775,SB742,2/17/2025,H Passed House with amendment (95-Y 0-N)
2518778,SB742,2/17/2025,H Passed House with amendment (96-Y 0-N)
SV639,SB742,2/18/2025,S House Amendment agreed to by Senate (40-Y 0-N)
SV1012,SB742,4/2/2025,S Senate concurred in Governor's recommendation (40-Y 0-N)
2519337,SB742,4/2/2025,H House concurred in Governor's recommendation (96-Y 0-N)
S04V141,SB743,1/16/2025,S Rereferred from Education and Health
S04V178,SB743,1/16/2025,S Rereferred from Education and Health to Courts of Justice (14-Y 0-N)
S13V488,SB743,1/22/2025,S Reported from Courts of Justice (8-Y 6-N)
SV125,SB743,1/24/2025,S Constitutional reading dispensed (on 1st reading) (37-Y 0-N)
SV179,SB743,1/28/2025,S Read third time and passed Senate (21-Y 18-N)
H08001V2512703,SB743,2/12/2025,H Subcommittee recommends reporting (5-Y 3-N)
S13V37,SB744,1/13/2025,S Reported from Courts of Justice (8-Y 5-N)
SV26,SB744,1/14/2025,S Constitutional reading dispensed (on 1st reading) (37-Y 0-N)
SV51,SB744,1/17/2025,S Read third time and passed Senate (21-Y 19-N)
H15V2512372,SB744,2/7/2025,H Reported from Public Safety (11-Y 10-N)
2518681,SB744,2/12/2025,H Passed House (50-Y 47-N)
S04V499,SB745,1/23/2025,S Reported from Education and Health (15-Y 0-N)
SV125,SB745,1/24/2025,S Constitutional reading dispensed (on 1st reading) (37-Y 0-N)
SV162,SB745,1/28/2025,S Read third time and passed Senate (39-Y 0-N)
H24001V2512590,SB745,2/11/2025,H Subcommittee recommends reporting (6-Y 2-N)
H24V2512748,SB745,2/13/2025,H Reported from Health and Human Services (14-Y 8-N)
2518802,SB745,2/18/2025,H Passed House (51-Y 46-N)
S13V718,SB746,1/27/2025,S Reported from Courts of Justice with substitute and rereferred to Finance and Appropriations (13-Y 1-N)
S05V879,SB746,1/29/2025,S Reported from Finance and Appropriations (12-Y 1-N 2-A)
SV224,SB746,1/30/2025,S Constitutional reading dispensed (on 1st reading) (39-Y 0-N 1-A)
SV283,SB746,2/3/2025,S Courts of Justice                                            Substitute  agreed to
SV290,SB746,2/4/2025,S Read third time and passed Senate (33-Y 6-N)
H08V2512479,SB746,2/10/2025,H Reported from Courts of Justice with substitute (20-Y 2-N)
2518718,SB746,2/13/2025,H Courts of Justice Substitute agreed to (51-Y 46-N)
2518719,SB746,2/13/2025,H Passed House with substitute (95-Y 2-N)
SV529,SB746,2/17/2025,S House substitute rejected by Senate (18-Y 21-N)
SV775,SB746,2/19/2025,S Senate acceded to request (40-Y 0-N)
2519163,SB746,2/21/2025,H Conference report agreed to by House (91-Y 2-N)
SV949,SB746,2/21/2025,S Conference report agreed to by Senate (34-Y 3-N)
SV1013,SB746,4/2/2025,S Senate rejected Governor's recommendation (19-Y 21-N)
S13V38,SB747,1/13/2025,S Reported from Courts of Justice with substitute and rereferred to Finance and Appropriations (8-Y 5-N)
S05V396,SB747,1/22/2025,S Reported from Finance and Appropriations with substitute (15-Y 0-N)
SV110,SB747,1/23/2025,S Constitutional reading dispensed (on 1st reading) (39-Y 0-N)
SV135,SB747,1/27/2025,S Read third time and passed Senate (38-Y 0-N)
H08001V2512704,SB747,2/12/2025,H Subcommittee recommends reporting with amendment(s)  (8-Y 0-N)
S12V108,SB748,1/15/2025,S Reported from General Laws and Technology with substitute (9-Y 6-N)
SV57,SB748,1/17/2025,S Constitutional reading dispensed (on 1st reading) (40-Y 0-N)
SV78,SB748,1/21/2025,S Read third time and passed Senate (21-Y 19-N)
H20V2512878,SB748,2/17/2025,H Tabled in Rules (18-Y 0-N)
S04V534,SB749,1/23/2025,S Passed by indefinitely in Education and Health (9-Y 6-N)
S11V173,SB750,1/16/2025,S Reported from Transportation and rereferred to Courts of Justice (14-Y 0-N)
S13V1095,SB750,2/3/2025,S Reported from Courts of Justice with substitute (15-Y 0-N)
SV328,SB750,2/4/2025,S Constitutional reading dispensed (on 1st reading) (40-Y 0-N)
SV329,SB750,2/4/2025,S Constitutional reading dispensed (on 3rd reading) (40-Y 0-N)
SV330,SB750,2/4/2025,S Passed Senate (40-Y 0-N)
H19V2512580,SB750,2/11/2025,H Reported from Transportation with substitute and referred to Courts of Justice (20-Y 0-N)
H08001V2512706,SB750,2/12/2025,H Subcommittee recommends reporting (8-Y 0-N)
H08V2512841,SB750,2/14/2025,H Reported from Courts of Justice (21-Y 0-N)
2518884,SB750,2/19/2025,H Passed House with substitute (97-Y 0-N)
SV851,SB750,2/20/2025,S House substitute rejected by Senate (4-Y 34-N)
SV898,SB750,2/20/2025,S Senate acceded to request (38-Y 0-N)
SV973,SB750,2/22/2025,S Conference report agreed to by Senate (40-Y 0-N)
2519200,SB750,2/22/2025,H Conference report agreed to by House (91-Y 5-N)
S04V500,SB752,1/23/2025,S Reported from Education and Health with substitute (14-Y 0-N)
SV125,SB752,1/24/2025,S Constitutional reading dispensed (on 1st reading) (37-Y 0-N)
SV162,SB752,1/28/2025,S Read third time and passed Senate (39-Y 0-N)
H24002V2512557,SB752,2/11/2025,H Subcommittee recommends reporting (8-Y 0-N)
H24V2512723,SB752,2/13/2025,H Reported from Health and Human Services (21-Y 0-N)
2518800,SB752,2/18/2025,H Passed House (97-Y 0-N)
S04V535,SB753,1/23/2025,S Reported from Education and Health with substitute and rereferred to Finance and Appropriations (12-Y 3-N)
S12V111,SB754,1/15/2025,S Reported from General Laws and Technology and rereferred to Finance and Appropriations (9-Y 6-N)
S05V334,SB754,1/21/2025,S Reported from Finance and Appropriations (10-Y 5-N)
SV99,SB754,1/22/2025,S Constitutional reading dispensed (on 1st reading) (40-Y 0-N)
SV120,SB754,1/24/2025,S Read third time and passed Senate (21-Y 17-N)
H11002V2512367,SB754,2/6/2025,H Subcommittee recommends reporting (6-Y 2-N)
H11V2512619,SB754,2/11/2025,H Reported from General Laws (12-Y 7-N)
2518748,SB754,2/14/2025,H Passed House (52-Y 43-N)
S04V551,SB755,1/23/2025,S Passed by indefinitely in Education and Health (9-Y 6-N)
S04V536,SB756,1/23/2025,S Reported from Education and Health with substitute and rereferred to Finance and Appropriations (15-Y 0-N)
S13V30,SB757,1/13/2025,S Reported from Courts of Justice with substitute and rereferred to Finance and Appropriations (13-Y 0-N)
S05V398,SB757,1/22/2025,S Reported from Finance and Appropriations (15-Y 0-N)
SV110,SB757,1/23/2025,S Constitutional reading dispensed (on 1st reading) (39-Y 0-N)
SV131,SB757,1/27/2025,S Read third time and passed Senate (38-Y 0-N)
H08V2512268,SB757,2/5/2025,H Reported from Courts of Justice with substitute (22-Y 0-N)
2518643,SB757,2/10/2025,H Passed House (95-Y 0-N)
S04V148,SB758,1/16/2025,S Reported from Education and Health and rereferred to Finance and Appropriations (14-Y 0-N)
S05V586,SB758,1/23/2025,S Reported from Finance and Appropriations (12-Y 0-N)
SV154,SB758,1/27/2025,S Constitutional reading dispensed (on 1st reading) (36-Y 0-N)
SV202,SB758,1/29/2025,S Read third time and passed Senate (38-Y 0-N)
H24V2512522,SB758,2/11/2025,H Reported from Health and Human Services and referred to Appropriations (22-Y 0-N)
S02V729,SB759,1/27/2025,S Stricken at request of Patron in Commerce and Labor (15-Y 0-N)
S08V380,SB760,1/21/2025,S Reported from Privileges and Elections (11-Y 4-N)
SV110,SB760,1/23/2025,S Constitutional reading dispensed (on 1st reading) (39-Y 0-N)
SV136,SB760,1/27/2025,S Read third time and passed Senate (23-Y 15-N)
H18001V2512507,SB760,2/10/2025,H Subcommittee recommends reporting (5-Y 3-N)
H18V2512827,SB760,2/14/2025,H Reported from Privileges and Elections (12-Y 10-N)
2518887,SB760,2/19/2025,H Passed House (54-Y 43-N)
S13V42,SB761,1/13/2025,S Reported from Courts of Justice with substitute (13-Y 0-N)
SV26,SB761,1/14/2025,S Constitutional reading dispensed (on 1st reading) (37-Y 0-N)
SV39,SB761,1/16/2025,S Read third time and passed Senate (39-Y 0-N)
H08002V2512277,SB761,2/5/2025,H Subcommittee recommends reporting (8-Y 0-N)
H08V2512491,SB761,2/10/2025,H Reported from Courts of Justice (22-Y 0-N)
2518717,SB761,2/13/2025,H Passed House (96-Y 0-N)
S07V35,SB762,1/13/2025,S Reported from Local Government (7-Y 4-N 1-A)
SV26,SB762,1/14/2025,S Constitutional reading dispensed (on 1st reading) (37-Y 0-N)
SV63,SB762,1/20/2025,S Read third time and defeated by Senate (13-Y 23-N 1-A)
S09V182,SB765,1/17/2025,S Rereferred from Rehabilitation and Social Services to Courts of Justice (14-Y 0-N)
S13V941,SB765,1/29/2025,S Reported from Courts of Justice with substitute (10-Y 2-N 3-A)
SV243,SB765,1/31/2025,S Constitutional reading dispensed (on 1st reading) (39-Y 0-N)
SV295,SB765,2/4/2025,S Read third time and passed Senate (39-Y 0-N 1-A)
S12V115,SB766,1/15/2025,S Reported from General Laws and Technology and rereferred to Finance and Appropriations (15-Y 0-N)
S05V323,SB766,1/21/2025,S Passed by indefinitely in Finance and Appropriations (11-Y 4-N)
S04V524,SB767,1/23/2025,S Passed by indefinitely in Education and Health (9-Y 6-N)
S04V146,SB768,1/16/2025,S Reported from Education and Health (14-Y 0-N)
SV57,SB768,1/17/2025,S Constitutional reading dispensed (on 1st reading) (40-Y 0-N)
SV77,SB768,1/21/2025,S Read third time and passed Senate (40-Y 0-N)
H20V2512879,SB768,2/17/2025,H Reported from Rules (17-Y 1-N)
2518999,SB768,2/20/2025,H Passed House (97-Y 1-N)
S09V187,SB770,1/17/2025,S Reported from Rehabilitation and Social Services (15-Y 0-N)
SV72,SB770,1/20/2025,S Constitutional reading dispensed (on 1st reading) (40-Y 0-N)
SV95,SB770,1/22/2025,S Read third time and passed Senate (40-Y 0-N)
H15002V2512299,SB770,2/6/2025,H Subcommittee recommends reporting (6-Y 0-N)
H15V2512389,SB770,2/7/2025,H Reported from Public Safety (21-Y 0-N)
2518661,SB770,2/12/2025,H Passed House (97-Y 0-N)
S04V525,SB771,1/23/2025,S Reported from Education and Health (15-Y 0-N)
SV125,SB771,1/24/2025,S Constitutional reading dispensed (on 1st reading) (37-Y 0-N)
SV162,SB771,1/28/2025,S Read third time and passed Senate (39-Y 0-N)
H09V2512250,SB771,2/5/2025,H Reported from Education (20-Y 0-N)
2518643,SB771,2/10/2025,H Passed House (95-Y 0-N)
S13V1099,SB772,2/3/2025,S Passed by indefinitely in Courts of Justice (9-Y 6-N)
S09V188,SB773,1/17/2025,S Reported from Rehabilitation and Social Services with substitute and rereferred to Finance and Appropriations (15-Y 0-N)
S05V585,SB773,1/23/2025,S Reported from Finance and Appropriations with amendments (12-Y 0-N)
SV154,SB773,1/27/2025,S Constitutional reading dispensed (on 1st reading) (36-Y 0-N)
SV202,SB773,1/29/2025,S Read third time and passed Senate (38-Y 0-N)
H24004V2512551,SB773,2/11/2025,H Subcommittee recommends reporting and referring to Appropriations (8-Y 0-N)
H24V2512737,SB773,2/13/2025,H Reported from Health and Human Services and referred to Appropriations (22-Y 0-N)
S10V209,SB774,1/17/2025,S Reported from Rules (15-Y 0-N)
SV72,SB774,1/20/2025,S Constitutional reading dispensed (on 1st reading) (40-Y 0-N)
SV95,SB774,1/22/2025,S Read third time and passed Senate (40-Y 0-N)
H14001V2512620,SB774,2/11/2025,H Subcommittee recommends reporting (7-Y 0-N)
H14V2512774,SB774,2/13/2025,H Reported from Labor and Commerce (22-Y 0-N)
2518800,SB774,2/18/2025,H Passed House (97-Y 0-N)
S08V835,SB775,1/28/2025,S Reported from Privileges and Elections with substitute (8-Y 7-N)
S13V1107,SB775,2/3/2025,S Reported from Courts of Justice with substitute (8-Y 5-N 2-A)
SV328,SB775,2/4/2025,S Constitutional reading dispensed (on 1st reading) (40-Y 0-N)
SV331,SB775,2/4/2025,S Constitutional reading dispensed (on 3rd reading) (40-Y 0-N)
SV332,SB775,2/4/2025,S Passed Senate (23-Y 17-N)
H18V2512824,SB775,2/14/2025,H Reported from Privileges and Elections with substitute (15-Y 7-N)
2518888,SB775,2/19/2025,H Passed House with substitute (72-Y 25-N)
SV852,SB775,2/20/2025,S House substitute rejected by Senate (0-Y 39-N)
SV898,SB775,2/20/2025,S Senate acceded to request (38-Y 0-N)
2519201,SB775,2/22/2025,H Conference report agreed to by House (71-Y 25-N)
SV995,SB775,2/22/2025,S Conference report agreed to by Senate (22-Y 18-N)
S11V574,SB776,1/23/2025,S Reported from Transportation with amendment (10-Y 4-N)
SV154,SB776,1/27/2025,S Constitutional reading dispensed (on 1st reading) (36-Y 0-N)
SV204,SB776,1/29/2025,S Read third time and passed Senate (25-Y 13-N)
H19003V2512702,SB776,2/12/2025,H Subcommittee recommends reporting (4-Y 3-N 1-A)
H19V2512732,SB776,2/13/2025,H Failed to report (defeated) in Transportation (6-Y 14-N)
S12V129,SB777,1/15/2025,S Reported from General Laws and Technology with substitute and rereferred to Finance and Appropriations (15-Y 0-N)
S05V335,SB777,1/21/2025,S Reported from Finance and Appropriations with amendments (15-Y 0-N)
SV99,SB777,1/22/2025,S Constitutional reading dispensed (on 1st reading) (40-Y 0-N)
SV131,SB777,1/27/2025,S Read third time and passed Senate (38-Y 0-N)
H14V2512317,SB777,2/6/2025,H Reported from Labor and Commerce with amendment(s)  (17-Y 4-N)
2518654,SB777,2/11/2025,H Passed House with amendments (73-Y 21-N)
SV451,SB777,2/13/2025,S House Amendments agreed to by Senate (40-Y 0-N)
S13V93,SB778,1/15/2025,S Reported from Courts of Justice with substitute (9-Y 5-N)
SV57,SB778,1/17/2025,S Constitutional reading dispensed (on 1st reading) (40-Y 0-N)
SV96,SB778,1/22/2025,S Read third time and passed Senate (21-Y 18-N 1-A)
H08001V2512282,SB778,2/5/2025,H Subcommittee recommends reporting (5-Y 3-N)
H08V2512486,SB778,2/10/2025,H Reported from Courts of Justice (12-Y 9-N)
2518720,SB778,2/13/2025,H Passed House (51-Y 46-N)
S11V155,SB779,1/16/2025,S Rereferred from Transportation to Commerce and Labor (14-Y 0-N)
S02V740,SB779,1/27/2025,S Reported from Commerce and Labor (8-Y 7-N)
SV209,SB779,1/29/2025,S Constitutional reading dispensed (on 1st reading) (38-Y 0-N)
SV229,SB779,1/31/2025,S Read third time and passed Senate (21-Y 19-N)
H20V2512922,SB779,2/17/2025,H Passed by indefinitely in Rules (18-Y 0-N)
S02V55,SB780,1/13/2025,S Reported from Commerce and Labor with amendments and rereferred to Finance and Appropriations (9-Y 6-N)
S05V326,SB780,1/21/2025,S Reported from Finance and Appropriations (10-Y 5-N)
SV99,SB780,1/22/2025,S Constitutional reading dispensed (on 1st reading) (40-Y 0-N)
SV121,SB780,1/24/2025,S Read third time and passed Senate (21-Y 17-N)
H14V2512318,SB780,2/6/2025,H Reported from Labor and Commerce with amendment(s)  (15-Y 6-N)
2518664,SB780,2/12/2025,H Passed House with amendment (67-Y 30-N)
SV477,SB780,2/14/2025,S House amendment agreed to by Senate (24-Y 11-N)
SV483,SB780,2/14/2025,S Reconsideration of House amendment agreed to by Senate (36-Y 0-N)
SV484,SB780,2/14/2025,S House Amendment agreed to by Senate (24-Y 12-N)
SV1014,SB780,4/2/2025,S Senate rejected Governor's recommendation (19-Y 21-N)
S13V48,SB781,1/13/2025,S Reported from Courts of Justice with amendments (13-Y 0-N)
SV26,SB781,1/14/2025,S Constitutional reading dispensed (on 1st reading) (37-Y 0-N)
SV39,SB781,1/16/2025,S Read third time and passed Senate (39-Y 0-N)
H08V2512258,SB781,2/5/2025,H Reported from Courts of Justice (22-Y 0-N)
2518643,SB781,2/10/2025,H Passed House (95-Y 0-N)
S12V946,SB783,1/29/2025,S Passed by indefinitely in General Laws and Technology (8-Y 6-N 1-A)
S04V552,SB784,1/23/2025,S Reported from Education and Health with substitute (15-Y 0-N)
SV125,SB784,1/24/2025,S Constitutional reading dispensed (on 1st reading) (37-Y 0-N)
SV162,SB784,1/28/2025,S Read third time and passed Senate (39-Y 0-N)
H09V2512253,SB784,2/5/2025,H Reported from Education (11-Y 9-N)
2518662,SB784,2/12/2025,H Passed House (52-Y 41-N)
S12V114,SB785,1/15/2025,S Reported from General Laws and Technology with substitute and rereferred to Finance and Appropriations (15-Y 0-N)
S05V407,SB785,1/22/2025,S Reported from Finance and Appropriations (15-Y 0-N)
SV110,SB785,1/23/2025,S Constitutional reading dispensed (on 1st reading) (39-Y 0-N)
SV131,SB785,1/27/2025,S Read third time and passed Senate (38-Y 0-N)
H11V2512239,SB785,2/4/2025,H Reported from General Laws (21-Y 0-N)
2518629,SB785,2/7/2025,H Passed House (94-Y 0-N)
S04V802,SB786,1/28/2025,S Reported from Education and Health and rereferred to Finance and Appropriations (15-Y 0-N)
S12V116,SB787,1/15/2025,S Reported from General Laws and Technology (15-Y 0-N)
SV57,SB787,1/17/2025,S Constitutional reading dispensed (on 1st reading) (40-Y 0-N)
SV77,SB787,1/21/2025,S Read third time and passed Senate (40-Y 0-N)
H11V2512341,SB787,2/6/2025,H Reported from General Laws with amendment(s)  (21-Y 0-N)
2518652,SB787,2/11/2025,H Passed House with amendments (94-Y 0-N)
SV452,SB787,2/13/2025,S House Amendments agreed to by Senate (40-Y 0-N)
S02V290,SB788,1/20/2025,S Passed by indefinitely in Commerce and Labor (9-Y 6-N)
S05V319,SB789,1/21/2025,S Passed by indefinitely in Finance and Appropriations (13-Y 1-N)
S04V527,SB792,1/23/2025,S Passed by indefinitely in Education and Health (9-Y 6-N)
S02V291,SB793,1/20/2025,S Stricken at request of Patron in Commerce and Labor (15-Y 0-N)
S12V134,SB795,1/15/2025,S Reported from General Laws and Technology and rereferred to Finance and Appropriations (13-Y 0-N)
S01V70,SB796,1/14/2025,"S Reported from Agriculture, Conservation and Natural Resources and rereferred to Finance and Appropriations (13-Y 0-N)"
S05V320,SB796,1/21/2025,S Reported from Finance and Appropriations (15-Y 0-N)
SV99,SB796,1/22/2025,S Constitutional reading dispensed (on 1st reading) (40-Y 0-N)
SV119,SB796,1/24/2025,S Read third time and passed Senate (38-Y 0-N)
H01V2512674,SB796,2/12/2025,"H Reported from Agriculture, Chesapeake and Natural Resources with amendment(s)  (22-Y 0-N)"
2518775,SB796,2/17/2025,H Passed House with amendments (95-Y 0-N)
2518778,SB796,2/17/2025,H Passed House with amendments (96-Y 0-N)
SV640,SB796,2/18/2025,S House Amendments agreed to by Senate (40-Y 0-N)
S04V528,SB797,1/23/2025,S Reported from Education and Health and rereferred to Finance and Appropriations (15-Y 0-N)
S02V54,SB798,1/13/2025,S Reported from Commerce and Labor (13-Y 0-N 2-A)
SV32,SB798,1/15/2025,S Constitutional reading dispensed (on 1st reading) (38-Y 0-N)
SV54,SB798,1/17/2025,S Read third time and passed Senate (40-Y 0-N)
H14002V2512629,SB798,2/11/2025,H Subcommittee recommends passing by indefinitely (6-Y 2-N)
S10V205,SB799,1/17/2025,S Reported from Rules (15-Y 0-N)
SV72,SB799,1/20/2025,S Constitutional reading dispensed (on 1st reading) (40-Y 0-N)
SV95,SB799,1/22/2025,S Read third time and passed Senate (40-Y 0-N)
H20V2512880,SB799,2/17/2025,H Reported from Rules (17-Y 1-N)
2519000,SB799,2/20/2025,H Passed House (98-Y 0-N)
S05V1088,SB800,2/2/2025,S Reported from Finance and Appropriations with amendments (15-Y 0-N)
SV328,SB800,2/4/2025,S Constitutional reading dispensed (on 1st reading) (40-Y 0-N)
SV350,SB800,2/5/2025,S Motion for Special and Continuing Order (40-Y 0-N)
SV355,SB800,2/6/2025,S Contested committee amendment agreed to (Page 147 Item 377 #1s) (21-Y 19-N)
SV356,SB800,2/6/2025,S Constitutional reading dispensed (on 3rd reading) (40-Y 0-N)
SV357,SB800,2/6/2025,S Passed Senate (38-Y 2-N)
S09V189,SB801,1/17/2025,S Reported from Rehabilitation and Social Services with amendments (15-Y 0-N)
SV72,SB801,1/20/2025,S Constitutional reading dispensed (on 1st reading) (40-Y 0-N)
SV95,SB801,1/22/2025,S Read third time and passed Senate (40-Y 0-N)
H24004V2512294,SB801,2/6/2025,H Subcommittee recommends reporting (8-Y 0-N)
H24V2512301,SB801,2/6/2025,H Reported from Health and Human Services (21-Y 1-N)
2518665,SB801,2/12/2025,H Passed House (97-Y 0-N)
S13V44,SB804,1/13/2025,S Reported from Courts of Justice with substitute (13-Y 0-N)
SV26,SB804,1/14/2025,S Constitutional reading dispensed (on 1st reading) (37-Y 0-N)
SV39,SB804,1/16/2025,S Read third time and passed Senate (39-Y 0-N)
H08V2512259,SB804,2/5/2025,H Reported from Courts of Justice (22-Y 0-N)
2518643,SB804,2/10/2025,H Passed House (95-Y 0-N)
S13V47,SB805,1/13/2025,S Reported from Courts of Justice (12-Y 1-N)
SV26,SB805,1/14/2025,S Constitutional reading dispensed (on 1st reading) (37-Y 0-N)
SV53,SB805,1/17/2025,S Read third time and passed Senate (32-Y 7-N)
H08002V2512276,SB805,2/5/2025,H Subcommittee recommends reporting (8-Y 0-N)
H08V2512492,SB805,2/10/2025,H Reported from Courts of Justice (22-Y 0-N)
2518728,SB805,2/13/2025,H Passed House (77-Y 19-N)
SV1015,SB805,4/2/2025,S Senate rejected Governor's recommendation (18-Y 22-N)
S01V360,SB806,1/21/2025,"S Passed by indefinitely in Agriculture, Conservation and Natural Resources (8-Y 7-N)"
S12V124,SB807,1/15/2025,S Reported from General Laws and Technology (15-Y 0-N)
SV57,SB807,1/17/2025,S Constitutional reading dispensed (on 1st reading) (40-Y 0-N)
SV77,SB807,1/21/2025,S Read third time and passed Senate (40-Y 0-N)
H11002V2512757,SB807,2/13/2025,H Subcommittee recommends reporting (4-Y 3-N)
H11V2512788,SB807,2/13/2025,H Reported from General Laws (13-Y 6-N)
2518803,SB807,2/18/2025,H Passed House (87-Y 9-N)
S12V125,SB808,1/15/2025,S Reported from General Laws and Technology (15-Y 0-N)
SV57,SB808,1/17/2025,S Constitutional reading dispensed (on 1st reading) (40-Y 0-N)
SV77,SB808,1/21/2025,S Read third time and passed Senate (40-Y 0-N)
H11V2512320,SB808,2/6/2025,H Reported from General Laws (21-Y 0-N)
2518652,SB808,2/11/2025,H Passed House (94-Y 0-N)
S12V82,SB809,1/15/2025,S Stricken at request of Patron in General Laws and Technology (13-Y 0-N)
S09V186,SB811,1/17/2025,S Reported from Rehabilitation and Social Services (14-Y 0-N)
SV72,SB811,1/20/2025,S Constitutional reading dispensed (on 1st reading) (40-Y 0-N)
SV95,SB811,1/22/2025,S Read third time and passed Senate (40-Y 0-N)
H11V2512244,SB811,2/4/2025,H Reported from General Laws with substitute (19-Y 2-N)
2518630,SB811,2/7/2025,H Passed House with substitute (86-Y 7-N)
SV380,SB811,2/11/2025,S House substitute agreed to by Senate (37-Y 1-N)
S12V127,SB812,1/15/2025,S Reported from General Laws and Technology (9-Y 6-N)
SV57,SB812,1/17/2025,S Constitutional reading dispensed (on 1st reading) (40-Y 0-N)
SV79,SB812,1/21/2025,S Read third time and passed Senate (20-Y 19-N)
H11V2512332,SB812,2/6/2025,H Reported from General Laws (12-Y 9-N)
2518666,SB812,2/12/2025,H Passed House (50-Y 47-N)
S08V375,SB813,1/21/2025,S Reported from Privileges and Elections with substitute (8-Y 7-N)
SV110,SB813,1/23/2025,S Constitutional reading dispensed (on 1st reading) (39-Y 0-N)
SV137,SB813,1/27/2025,S Read third time and passed Senate (20-Y 18-N)
H18V2512394,SB813,2/7/2025,H Reported from Privileges and Elections (13-Y 9-N)
2518682,SB813,2/12/2025,H Passed House (51-Y 46-N)
S08V374,SB814,1/21/2025,S Reported from Privileges and Elections (8-Y 7-N)
SV110,SB814,1/23/2025,S Constitutional reading dispensed (on 1st reading) (39-Y 0-N)
SV138,SB814,1/27/2025,S Read third time and passed Senate (20-Y 18-N)
H18001V2512515,SB814,2/10/2025,H Subcommittee recommends reporting (5-Y 3-N)
H18V2512828,SB814,2/14/2025,H Reported from Privileges and Elections (12-Y 10-N)
2518889,SB814,2/19/2025,H Passed House with amendment (51-Y 46-N)
SV853,SB814,2/20/2025,S House Amendment agreed to by Senate (20-Y 19-N)
S12V83,SB815,1/15/2025,S Rereferred from General Laws and Technology to Courts of Justice (15-Y 0-N)
S13V436,SB815,1/22/2025,S Reported from Courts of Justice (11-Y 4-N)
SV125,SB815,1/24/2025,S Constitutional reading dispensed (on 1st reading) (37-Y 0-N)
SV180,SB815,1/28/2025,S Read third time and passed Senate (23-Y 16-N)
H11V2512245,SB815,2/4/2025,H Reported from General Laws with amendment(s)  (12-Y 9-N)
2518631,SB815,2/7/2025,H Passed House with amendment (49-Y 45-N)
SV381,SB815,2/11/2025,S House Amendment agreed to by Senate (28-Y 11-N 1-A)
S05V593,SB816,1/23/2025,S Reported from Finance and Appropriations with substitute (13-Y 0-N)
SV154,SB816,1/27/2025,S Constitutional reading dispensed (on 1st reading) (36-Y 0-N)
SV202,SB816,1/29/2025,S Read third time and passed Senate (38-Y 0-N)
H10V2512439,SB816,2/10/2025,H Reported from Finance (19-Y 0-N)
2518717,SB816,2/13/2025,H Passed House (96-Y 0-N)
S04V145,SB817,1/16/2025,S Reported from Education and Health and rereferred to Finance and Appropriations (14-Y 0-N)
S05V594,SB817,1/23/2025,S Reported from Finance and Appropriations (13-Y 0-N)
SV154,SB817,1/27/2025,S Constitutional reading dispensed (on 1st reading) (36-Y 0-N)
SV202,SB817,1/29/2025,S Read third time and passed Senate (38-Y 0-N)
H02V2512455,SB817,2/10/2025,H Reported from Appropriations with substitute (22-Y 0-N)
2518717,SB817,2/13/2025,H Passed House with substitute (96-Y 0-N)
SV530,SB817,2/17/2025,S House substitute agreed to by Senate (39-Y 0-N)
S09V190,SB818,1/17/2025,S Reported from Rehabilitation and Social Services with substitute (15-Y 0-N)
SV72,SB818,1/20/2025,S Constitutional reading dispensed (on 1st reading) (40-Y 0-N)
SV95,SB818,1/22/2025,S Read third time and passed Senate (40-Y 0-N)
H24004V2512296,SB818,2/6/2025,H Subcommittee recommends reporting with amendment(s)  (8-Y 0-N)
H24V2512302,SB818,2/6/2025,H Reported from Health and Human Services with amendment(s)  (22-Y 0-N)
2518652,SB818,2/11/2025,H Passed House with amendment (94-Y 0-N)
SV453,SB818,2/13/2025,S House Amendment agreed to by Senate (40-Y 0-N)
S09V183,SB819,1/17/2025,S Rereferred from Rehabilitation and Social Services to Education and Health (14-Y 0-N)
S04V987,SB819,1/30/2025,S Reported from Education and Health with amendments (15-Y 0-N)
SV243,SB819,1/31/2025,S Constitutional reading dispensed (on 1st reading) (39-Y 0-N)
SV280,SB819,2/3/2025,S Constitutional reading dispensed (on 3rd reading) (40-Y 0-N)
SV281,SB819,2/3/2025,S Passed Senate (40-Y 0-N)
H24003V2512596,SB819,2/11/2025,H Subcommittee recommends reporting (8-Y 0-N)
H24V2512740,SB819,2/13/2025,H Reported from Health and Human Services (22-Y 0-N)
2518800,SB819,2/18/2025,H Passed House (97-Y 0-N)
S04V537,SB820,1/23/2025,S Reported from Education and Health with substitute and rereferred to Finance and Appropriations (15-Y 0-N)
S04V502,SB821,1/23/2025,S Reported from Education and Health with substitute (15-Y 0-N)
SV125,SB821,1/24/2025,S Constitutional reading dispensed (on 1st reading) (37-Y 0-N)
SV162,SB821,1/28/2025,S Read third time and passed Senate (39-Y 0-N)
H24001V2512589,SB821,2/11/2025,H Subcommittee recommends reporting with substitute (7-Y 1-N)
H24V2512749,SB821,2/13/2025,H Reported from Health and Human Services with substitute (22-Y 0-N)
2518800,SB821,2/18/2025,H Passed House with substitute (97-Y 0-N)
SV745,SB821,2/19/2025,S House substitute agreed to by Senate (40-Y 0-N)
S04V803,SB822,1/28/2025,S Reported from Education and Health with substitute and rereferred to Finance and Appropriations (15-Y 0-N)
S05V1069,SB822,1/30/2025,S Reported from Finance and Appropriations with substitute (15-Y 0-N)
SV285,SB822,2/3/2025,S Constitutional reading dispensed (on 1st reading) (40-Y 0-N)
SV312,SB822,2/4/2025,S Constitutional reading dispensed (on 3rd reading) (39-Y 0-N)
SV313,SB822,2/4/2025,S Passed Senate (40-Y 0-N)
H09V2512656,SB822,2/12/2025,H Reported from Education with substitute (21-Y 0-N)
2518775,SB822,2/17/2025,H Passed House with substitute (95-Y 0-N)
2518778,SB822,2/17/2025,H Passed House with substitute (96-Y 0-N)
SV641,SB822,2/18/2025,S House substitute rejected by Senate (1-Y 39-N)
SV876,SB822,2/20/2025,S Senate acceded to request (39-Y 0-N)
2519146,SB822,2/21/2025,H Conference report agreed to by House (95-Y 0-N)
SV921,SB822,2/21/2025,S Conference report agreed to by Senate (37-Y 1-N)
S02V59,SB823,1/13/2025,S Reported from Commerce and Labor with amendment (9-Y 6-N)
SV32,SB823,1/15/2025,S Constitutional reading dispensed (on 1st reading) (38-Y 0-N)
SV55,SB823,1/17/2025,S Read third time and passed Senate (21-Y 19-N)
H14003V2512638,SB823,2/11/2025,H Subcommittee recommends reporting (6-Y 4-N)
H14V2512799,SB823,2/13/2025,H Reported from Labor and Commerce (12-Y 10-N)
2518804,SB823,2/18/2025,H Passed House (51-Y 46-N)
S02V58,SB824,1/13/2025,S Reported from Commerce and Labor with amendment (8-Y 6-N 1-A)
SV32,SB824,1/15/2025,S Constitutional reading dispensed (on 1st reading) (38-Y 0-N)
SV56,SB824,1/17/2025,S Read third time and passed Senate (21-Y 19-N)
H14003V2512639,SB824,2/11/2025,H Subcommittee recommends reporting (6-Y 4-N)
H14V2512800,SB824,2/13/2025,H Reported from Labor and Commerce (12-Y 10-N)
2518805,SB824,2/18/2025,H Passed House (51-Y 46-N)
S13V39,SB825,1/13/2025,S Reported from Courts of Justice with substitute (13-Y 0-N)
SV26,SB825,1/14/2025,S Constitutional reading dispensed (on 1st reading) (37-Y 0-N)
SV1047,SB825,1/15/2025,S Courts of Justice                                            Substitute  agreed to
SV46,SB825,1/17/2025,S Reconsideration of  Engrossment agreed to (40-Y 0-N)
SV47,SB825,1/17/2025,S Reconsideration of  Courts of Justice Substitute agreed to (40-Y 0-N)
SV48,SB825,1/17/2025,S Constitutional reading dispensed (on 3rd reading) (40-Y 0-N)
SV49,SB825,1/17/2025,S Passed Senate (40-Y 0-N)
S04V977,SB826,1/30/2025,S Reported from Education and Health with substitute (15-Y 0-N)
SV243,SB826,1/31/2025,S Constitutional reading dispensed (on 1st reading) (39-Y 0-N)
SV280,SB826,2/3/2025,S Constitutional reading dispensed (on 3rd reading) (40-Y 0-N)
SV281,SB826,2/3/2025,S Passed Senate (40-Y 0-N)
H24002V2512563,SB826,2/11/2025,H Subcommittee recommends reporting (8-Y 0-N)
H24V2512722,SB826,2/13/2025,H Reported from Health and Human Services (21-Y 0-N)
2518800,SB826,2/18/2025,H Passed House (97-Y 0-N)
S12V410,SB827,1/22/2025,S Passed by indefinitely in General Laws and Technology with letter (12-Y 0-N)
S04V538,SB829,1/23/2025,S Reported from Education and Health and rereferred to Finance and Appropriations (15-Y 0-N)
S12V128,SB830,1/15/2025,S Reported from General Laws and Technology and rereferred to Finance and Appropriations (15-Y 0-N)
S05V384,SB830,1/22/2025,S Reported from Finance and Appropriations with amendments (14-Y 0-N)
SV110,SB830,1/23/2025,S Constitutional reading dispensed (on 1st reading) (39-Y 0-N)
SV131,SB830,1/27/2025,S Read third time and passed Senate (38-Y 0-N)
H11V2512243,SB830,2/4/2025,H Reported from General Laws (19-Y 2-N)
2518632,SB830,2/7/2025,H Passed House (76-Y 18-N)
S04V149,SB831,1/16/2025,S Reported from Education and Health with substitute and rereferred to Finance and Appropriations (14-Y 0-N)
S12V130,SB832,1/15/2025,S Reported from General Laws and Technology with substitute and rereferred to Finance and Appropriations (9-Y 4-N)
S04V150,SB833,1/16/2025,S Reported from Education and Health with substitute and rereferred to Finance and Appropriations (14-Y 0-N)
S05V587,SB833,1/23/2025,S Reported from Finance and Appropriations with amendments (13-Y 0-N)
SV154,SB833,1/27/2025,S Constitutional reading dispensed (on 1st reading) (36-Y 0-N)
SV202,SB833,1/29/2025,S Read third time and passed Senate (38-Y 0-N)
H24001V2512578,SB833,2/11/2025,H Subcommittee recommends striking from the docket (8-Y 0-N)
S09V191,SB834,1/17/2025,S Reported from Rehabilitation and Social Services (15-Y 0-N)
SV72,SB834,1/20/2025,S Constitutional reading dispensed (on 1st reading) (40-Y 0-N)
SV95,SB834,1/22/2025,S Read third time and passed Senate (40-Y 0-N)
H11V2512240,SB834,2/4/2025,H Reported from General Laws (21-Y 0-N)
2518629,SB834,2/7/2025,H Passed House (94-Y 0-N)
S07V43,SB836,1/13/2025,S Reported from Local Government with amendments (12-Y 0-N)
SV26,SB836,1/14/2025,S Constitutional reading dispensed (on 1st reading) (37-Y 0-N)
SV39,SB836,1/16/2025,S Read third time and passed Senate (39-Y 0-N)
H07001V2512248,SB836,2/5/2025,H Subcommittee recommends reporting (5-Y 3-N)
H07V2512397,SB836,2/7/2025,"H Reported from Counties, Cities and Towns (17-Y 4-N)"
2518683,SB836,2/12/2025,H Passed House (91-Y 6-N)
S13V227,SB837,1/17/2025,S Passed by indefinitely in Courts of Justice (9-Y 6-N)
S04V142,SB838,1/16/2025,S Rereferred from Education and Health to Rehabilitation and Social Services (14-Y 0-N)
S09V621,SB838,1/24/2025,S Reported from Rehabilitation and Social Services with substitute and rereferred to Finance and Appropriations (13-Y 1-N 1-A)
S05V890,SB838,1/29/2025,S Reported from Finance and Appropriations with amendment (15-Y 0-N)
SV224,SB838,1/30/2025,S Constitutional reading dispensed (on 1st reading) (39-Y 0-N 1-A)
SV256,SB838,2/3/2025,S Read third time and passed Senate (40-Y 0-N)
H24003V2512595,SB838,2/11/2025,H Subcommittee recommends reporting and referring to Appropriations (8-Y 0-N)
H24V2512741,SB838,2/13/2025,H Reported from Health and Human Services with amendment(s)  and referred to Appropriations (22-Y 0-N)
H02V2512833,SB838,2/14/2025,H Reported from Appropriations (21-Y 0-N)
2518884,SB838,2/19/2025,H Passed House with amendments (97-Y 0-N)
SV854,SB838,2/20/2025,S House Amendments agreed to by Senate (38-Y 0-N)
SV1016,SB838,4/2/2025,S Senate concurred in Governor's recommendation (40-Y 0-N)
2519338,SB838,4/2/2025,H House concurred in Governor's recommendation (93-Y 0-N)
S07V270,SB839,1/20/2025,S Failed to report (defeated) in Local Government (5-Y 7-N 3-A)
S04V151,SB841,1/16/2025,S Reported from Education and Health (14-Y 0-N)
SV57,SB841,1/17/2025,S Constitutional reading dispensed (on 1st reading) (40-Y 0-N)
SV77,SB841,1/21/2025,S Read third time and passed Senate (40-Y 0-N)
H24003V2512597,SB841,2/11/2025,H Subcommittee recommends reporting with amendment(s)  and referring to Appropriations (8-Y 0-N)
H24V2512742,SB841,2/13/2025,H Reported from Health and Human Services with amendment(s)  and referred to Appropriations (22-Y 0-N)
S12V113,SB842,1/15/2025,S Reported from General Laws and Technology with amendments and rereferred to Finance and Appropriations (15-Y 0-N)
S05V385,SB842,1/22/2025,S Reported from Finance and Appropriations (14-Y 0-N)
SV110,SB842,1/23/2025,S Constitutional reading dispensed (on 1st reading) (39-Y 0-N)
SV131,SB842,1/27/2025,S Read third time and passed Senate (38-Y 0-N)
H11002V2512369,SB842,2/6/2025,H Subcommittee recommends reporting (8-Y 0-N)
H11V2512614,SB842,2/11/2025,H Reported from General Laws (19-Y 0-N)
2518747,SB842,2/14/2025,H Passed House (96-Y 0-N)
S04V152,SB843,1/16/2025,S Reported from Education and Health (14-Y 0-N)
SV57,SB843,1/17/2025,S Constitutional reading dispensed (on 1st reading) (40-Y 0-N)
SV77,SB843,1/21/2025,S Read third time and passed Senate (40-Y 0-N)
H24004V2512553,SB843,2/11/2025,H Subcommittee recommends reporting (8-Y 0-N)
H24V2512738,SB843,2/13/2025,H Reported from Health and Human Services (22-Y 0-N)
2518800,SB843,2/18/2025,H Passed House (97-Y 0-N)
S13V40,SB844,1/13/2025,S Reported from Courts of Justice with substitute (13-Y 0-N)
SV26,SB844,1/14/2025,S Constitutional reading dispensed (on 1st reading) (37-Y 0-N)
SV39,SB844,1/16/2025,S Read third time and passed Senate (39-Y 0-N)
H15002V2512291,SB844,2/6/2025,H Subcommittee recommends reporting (6-Y 0-N)
H15V2512388,SB844,2/7/2025,H Reported from Public Safety (21-Y 0-N)
2518661,SB844,2/12/2025,H Passed House (97-Y 0-N)
S13V97,SB846,1/15/2025,S Reported from Courts of Justice with substitute (15-Y 0-N)
SV57,SB846,1/17/2025,S Constitutional reading dispensed (on 1st reading) (40-Y 0-N)
SV77,SB846,1/21/2025,S Read third time and passed Senate (40-Y 0-N)
H08V2512274,SB846,2/5/2025,H Reported from Courts of Justice with amendment(s)  (21-Y 1-N)
2518645,SB846,2/10/2025,H Passed House with amendment (90-Y 5-N)
SV389,SB846,2/12/2025,S House Amendment rejected by Senate (1-Y 38-N)
SV555,SB846,2/17/2025,S Senate acceded to request (39-Y 0-N)
2519076,SB846,2/20/2025,H Conference report agreed to by House  (98-Y 0-N)
SV922,SB846,2/21/2025,S Conference report agreed to by Senate (40-Y 0-N)
S11V157,SB847,1/16/2025,S Rereferred from Transportation to Courts of Justice (14-Y 0-N)
S13V944,SB847,1/29/2025,S Reported from Courts of Justice with amendment (15-Y 0-N)
SV243,SB847,1/31/2025,S Constitutional reading dispensed (on 1st reading) (39-Y 0-N)
SV280,SB847,2/3/2025,S Constitutional reading dispensed (on 3rd reading) (40-Y 0-N)
SV281,SB847,2/3/2025,S Passed Senate (40-Y 0-N)
H08001V2512711,SB847,2/12/2025,H Subcommittee recommends reporting (8-Y 0-N)
H08V2512842,SB847,2/14/2025,H Reported from Courts of Justice (21-Y 0-N)
2518884,SB847,2/19/2025,H Passed House (97-Y 0-N)
S13V231,SB848,1/17/2025,S Reported from Courts of Justice and rereferred to Finance and Appropriations (9-Y 6-N)
S05V403,SB848,1/22/2025,S Reported from Finance and Appropriations (10-Y 5-N)
SV110,SB848,1/23/2025,S Constitutional reading dispensed (on 1st reading) (39-Y 0-N)
SV139,SB848,1/27/2025,S Read third time and passed Senate (19-Y 18-N)
SV140,SB848,1/27/2025,S Reconsideration of  (37-Y 0-N)
SV141,SB848,1/27/2025,S Read third time and passed Senate (20-Y 18-N)
H15V2512373,SB848,2/7/2025,H Reported from Public Safety (11-Y 10-N)
2518684,SB848,2/12/2025,H Passed House (50-Y 47-N)
S13V222,SB849,1/17/2025,S Passed by indefinitely in Courts of Justice (9-Y 6-N)
S02V62,SB850,1/13/2025,S Reported from Commerce and Labor with substitute (12-Y 1-N 2-A)
SV32,SB850,1/15/2025,S Constitutional reading dispensed (on 1st reading) (38-Y 0-N)
SV64,SB850,1/20/2025,S Read third time and passed Senate (38-Y 2-N)
H14V2512359,SB850,2/6/2025,H Reported from Labor and Commerce with substitute (17-Y 4-N)
2518667,SB850,2/12/2025,H Passed House with substitute (87-Y 10-N)
SV478,SB850,2/14/2025,S House substitute agreed to by Senate (35-Y 0-N)
S07V263,SB851,1/20/2025,"S Rereferred from Local Government and Rereferred to Agriculture, Conservation and Natural Resources (15-Y 0-N)"
S01V850,SB851,1/28/2025,"S Reported from Agriculture, Conservation and Natural Resources (14-Y 0-N)"
SV224,SB851,1/30/2025,S Constitutional reading dispensed (on 1st reading) (39-Y 0-N 1-A)
SV241,SB851,1/31/2025,S Constitutional reading dispensed (on 3rd reading) (40-Y 0-N)
SV242,SB851,1/31/2025,S Passed Senate (40-Y 0-N)
H01V2512692,SB851,2/12/2025,"H Reported from Agriculture, Chesapeake and Natural Resources (22-Y 0-N)"
2518775,SB851,2/17/2025,H Passed House (95-Y 0-N)
2518778,SB851,2/17/2025,H Passed House (96-Y 0-N)
S11V168,SB852,1/16/2025,S Reported from Transportation (13-Y 2-N)
SV72,SB852,1/20/2025,S Constitutional reading dispensed (on 1st reading) (40-Y 0-N)
SV97,SB852,1/22/2025,S Read third time and passed Senate (30-Y 10-N)
H19003V2512699,SB852,2/12/2025,H Subcommittee recommends reporting (7-Y 0-N)
H19V2512733,SB852,2/13/2025,H Reported from Transportation (13-Y 6-N)
2518806,SB852,2/18/2025,H Passed House (69-Y 27-N)
S02V304,SB853,1/20/2025,S Reported from Commerce and Labor with substitute (9-Y 6-N)
SV99,SB853,1/22/2025,S Constitutional reading dispensed (on 1st reading) (40-Y 0-N)
SV122,SB853,1/24/2025,S Read third time and passed Senate (20-Y 18-N)
H14V2512335,SB853,2/6/2025,H Reported from Labor and Commerce (11-Y 10-N)
2518668,SB853,2/12/2025,H Passed House (50-Y 47-N)
S12V972,SB854,1/29/2025,S Reported from General Laws and Technology with substitute (15-Y 0-N)
SV243,SB854,1/31/2025,S Constitutional reading dispensed (on 1st reading) (39-Y 0-N)
SV280,SB854,2/3/2025,S Constitutional reading dispensed (on 3rd reading) (40-Y 0-N)
SV281,SB854,2/3/2025,S Passed Senate (40-Y 0-N)
H21001V2512915,SB854,2/17/2025,H Subcommittee recommends reporting with substitute (9-Y 0-N)
H21V2512920,SB854,2/17/2025,"H Reported from Communications, Technology and Innovation with substitute (22-Y 0-N)"
2519018,SB854,2/20/2025,H Passed House with substitute (97-Y 0-N)
SV880,SB854,2/20/2025,S House substitute agreed to by Senate (39-Y 0-N)
SV1017,SB854,4/2/2025,S Senate concurred in Governor's recommendation (40-Y 0-N)
S04V539,SB855,1/23/2025,S Reported from Education and Health with substitute and rereferred to Finance and Appropriations (15-Y 0-N)
S01V71,SB857,1/14/2025,"S Reported from Agriculture, Conservation and Natural Resources with amendments and rereferred to Finance and Appropriations (13-Y 0-N)"
S05V318,SB857,1/21/2025,S Reported from Finance and Appropriations (14-Y 0-N)
SV99,SB857,1/22/2025,S Constitutional reading dispensed (on 1st reading) (40-Y 0-N)
SV119,SB857,1/24/2025,S Read third time and passed Senate (38-Y 0-N)
H01V2512675,SB857,2/12/2025,"H Reported from Agriculture, Chesapeake and Natural Resources with amendment(s)  (22-Y 0-N)"
2518791,SB857,2/17/2025,H Passed House with amendments (89-Y 6-N)
SV642,SB857,2/18/2025,S House Amendments agreed to by Senate (40-Y 0-N)
S04V553,SB859,1/23/2025,S Reported from Education and Health (15-Y 0-N)
SV125,SB859,1/24/2025,S Constitutional reading dispensed (on 1st reading) (37-Y 0-N)
SV162,SB859,1/28/2025,S Read third time and passed Senate (39-Y 0-N)
H09001V2512567,SB859,2/11/2025,H Subcommittee recommends laying on the table (4-Y 2-N)
S13V95,SB861,1/15/2025,S Reported from Courts of Justice and rereferred to Finance and Appropriations (15-Y 0-N)
S05V402,SB861,1/22/2025,S Reported from Finance and Appropriations (15-Y 0-N)
SV110,SB861,1/23/2025,S Constitutional reading dispensed (on 1st reading) (39-Y 0-N)
SV131,SB861,1/27/2025,S Read third time and passed Senate (38-Y 0-N)
H15V2512374,SB861,2/7/2025,H Reported from Public Safety with substitute (20-Y 1-N)
2518685,SB861,2/12/2025,H Passed House  (97-Y 0-N)
S12V411,SB862,1/22/2025,S Stricken at request of Patron in General Laws and Technology (11-Y 0-N)
S12V412,SB863,1/22/2025,S Stricken at request of Patron in General Laws and Technology (12-Y 0-N)
S12V413,SB864,1/22/2025,S Reported from General Laws and Technology with substitute and rereferred to Finance and Appropriations (12-Y 0-N)
S05V761,SB864,1/28/2025,S Passed by indefinitely in Finance and Appropriations (8-Y 7-N)
S12V131,SB866,1/15/2025,S Reported from General Laws and Technology (10-Y 0-N 3-A)
SV57,SB866,1/17/2025,S Constitutional reading dispensed (on 1st reading) (40-Y 0-N)
SV80,SB866,1/21/2025,S Read third time and passed Senate (40-Y 0-N)
H11V2512321,SB866,2/6/2025,H Reported from General Laws (21-Y 0-N)
2518652,SB866,2/11/2025,H Passed House (94-Y 0-N)
SV1018,SB866,4/2/2025,S Senate concurred in Governor's recommendation (40-Y 0-N)
2519339,SB866,4/2/2025,H House concurred in Governor's recommendation (95-Y 0-N)
S09V1078,SB868,1/31/2025,S Reported from Rehabilitation and Social Services (14-Y 0-N)
SV285,SB868,2/3/2025,S Constitutional reading dispensed (on 1st reading) (40-Y 0-N)
SV312,SB868,2/4/2025,S Constitutional reading dispensed (on 3rd reading) (39-Y 0-N)
SV314,SB868,2/4/2025,S Passed Senate (39-Y 1-N)
H11003V2512623,SB868,2/11/2025,H Subcommittee recommends reporting (6-Y 1-N)
H11V2512778,SB868,2/13/2025,H Reported from General Laws (18-Y 1-N)
2518807,SB868,2/18/2025,H Passed House (87-Y 8-N)
S13V943,SB869,1/29/2025,S Reported from Courts of Justice with substitute (14-Y 0-N 1-A)
SV243,SB869,1/31/2025,S Constitutional reading dispensed (on 1st reading) (39-Y 0-N)
SV296,SB869,2/4/2025,S Read third time and passed Senate (40-Y 0-N)
H08001V2512705,SB869,2/12/2025,H Subcommittee recommends reporting and referring to Appropriations (8-Y 0-N)
S09V1087,SB870,1/31/2025,S Reported from Rehabilitation and Social Services (15-Y 0-N)
SV285,SB870,2/3/2025,S Constitutional reading dispensed (on 1st reading) (40-Y 0-N)
SV312,SB870,2/4/2025,S Constitutional reading dispensed (on 3rd reading) (39-Y 0-N)
SV313,SB870,2/4/2025,S Passed Senate (40-Y 0-N)
H24V2512523,SB870,2/11/2025,H Reported from Health and Human Services (22-Y 0-N)
2518747,SB870,2/14/2025,H Passed House (96-Y 0-N)
S05V598,SB871,1/23/2025,S Reported from Finance and Appropriations (14-Y 0-N)
SV154,SB871,1/27/2025,S Constitutional reading dispensed (on 1st reading) (36-Y 0-N)
SV202,SB871,1/29/2025,S Read third time and passed Senate (38-Y 0-N)
H10V2512693,SB871,2/12/2025,H Reported from Finance with substitute (21-Y 1-N)
2518776,SB871,2/17/2025,H Passed House with substitute  (92-Y 4-N)
SV643,SB871,2/18/2025,S House substitute rejected by Senate (0-Y 40-N)
SV876,SB871,2/20/2025,S Senate acceded to request (39-Y 0-N)
2519147,SB871,2/21/2025,H Conference report agreed to by House (93-Y 3-N)
SV923,SB871,2/21/2025,S Conference report agreed to by Senate (40-Y 0-N)
S07V26,SB872,1/13/2025,S Reported from Local Government (10-Y 0-N 3-A)
SV26,SB872,1/14/2025,S Constitutional reading dispensed (on 1st reading) (37-Y 0-N)
SV52,SB872,1/17/2025,S Read third time and passed Senate (38-Y 1-N)
H07001V2512246,SB872,2/5/2025,H Subcommittee recommends reporting (8-Y 0-N)
H07V2512398,SB872,2/7/2025,"H Reported from Counties, Cities and Towns (21-Y 0-N)"
2518700,SB872,2/12/2025,H Passed House (91-Y 3-N)
S07V46,SB873,1/13/2025,S Reported from Local Government (13-Y 0-N)
SV26,SB873,1/14/2025,S Constitutional reading dispensed (on 1st reading) (37-Y 0-N)
SV39,SB873,1/16/2025,S Read third time and passed Senate (39-Y 0-N)
H07001V2512651,SB873,2/12/2025,H Subcommittee recommends reporting (8-Y 0-N)
H07V2512816,SB873,2/14/2025,"H Reported from Counties, Cities and Towns (21-Y 0-N)"
2518884,SB873,2/19/2025,H Passed House (97-Y 0-N)
S04V510,SB875,1/23/2025,S Reported from Education and Health and rereferred to Finance and Appropriations (14-Y 0-N 1-A)
S05V887,SB875,1/29/2025,S Reported from Finance and Appropriations with amendments (15-Y 0-N)
SV224,SB875,1/30/2025,S Constitutional reading dispensed (on 1st reading) (39-Y 0-N 1-A)
SV257,SB875,2/3/2025,S Read third time and passed Senate (40-Y 0-N)
H24V2512538,SB875,2/11/2025,H Reported from Health and Human Services with substitute (22-Y 0-N)
2518747,SB875,2/14/2025,H Passed House with substitute (96-Y 0-N)
SV581,SB875,2/18/2025,S House substitute rejected by Senate (0-Y 40-N)
SV876,SB875,2/20/2025,S Senate acceded to request (39-Y 0-N)
SV974,SB875,2/22/2025,S Conference report agreed to by Senate (40-Y 0-N)
2519202,SB875,2/22/2025,H Conference report agreed to by House (92-Y 2-N)
SV1019,SB875,4/2/2025,S Senate rejected Governor's recommendation (13-Y 27-N)
SV1020,SB875,4/2/2025,S Reconsideration of Governor's recommendation rejected (40-Y 0-N)
SV1076,SB875,4/2/2025,S Senate rejected Governor's recommendation (0-Y 40-N)
SV1077,SB875,4/2/2025,S Motion to pass in enrolled form rejected (21-Y 19-N)
S12V137,SB876,1/15/2025,S Reported from General Laws and Technology with substitute and rereferred to Finance and Appropriations (14-Y 0-N)
S05V912,SB876,1/29/2025,S Reported from Finance and Appropriations (14-Y 0-N)
SV224,SB876,1/30/2025,S Constitutional reading dispensed (on 1st reading) (39-Y 0-N 1-A)
SV241,SB876,1/31/2025,S Constitutional reading dispensed (on 3rd reading) (40-Y 0-N)
SV242,SB876,1/31/2025,S Passed Senate (40-Y 0-N)
H11004V2512628,SB876,2/11/2025,H Subcommittee recommends laying on the table (7-Y 0-N)
S09V606,SB877,1/24/2025,S Reported from Rehabilitation and Social Services with amendment and rereferred to Finance and Appropriations (15-Y 0-N)
S05V877,SB877,1/29/2025,S Reported from Finance and Appropriations with amendment (15-Y 0-N)
SV224,SB877,1/30/2025,S Constitutional reading dispensed (on 1st reading) (39-Y 0-N 1-A)
SV241,SB877,1/31/2025,S Constitutional reading dispensed (on 3rd reading) (40-Y 0-N)
SV242,SB877,1/31/2025,S Passed Senate (40-Y 0-N)
H15V2512377,SB877,2/7/2025,H Reported from Public Safety (21-Y 0-N)
2518661,SB877,2/12/2025,H Passed House (97-Y 0-N)
S10V206,SB878,1/17/2025,S Reported from Rules (15-Y 0-N)
SV72,SB878,1/20/2025,S Constitutional reading dispensed (on 1st reading) (40-Y 0-N)
SV95,SB878,1/22/2025,S Read third time and passed Senate (40-Y 0-N)
H20V2512866,SB878,2/17/2025,H Reported from Rules (17-Y 0-N)
2519019,SB878,2/20/2025,H Passed House (60-Y 38-N)
S04V1021,SB879,1/30/2025,S Reported from Education and Health (15-Y 0-N)
SV243,SB879,1/31/2025,S Constitutional reading dispensed (on 1st reading) (39-Y 0-N)
SV280,SB879,2/3/2025,S Constitutional reading dispensed (on 3rd reading)
SV281,SB879,2/3/2025,S Passed Senate (40-Y 0-N)
H09V2512657,SB879,2/12/2025,H Reported from Education (21-Y 0-N)
2518775,SB879,2/17/2025,H Passed House (95-Y 0-N)
2518778,SB879,2/17/2025,H Passed House (96-Y 0-N)
SV1021,SB879,4/2/2025,S Senate rejected Governor's recommendation (19-Y 21-N)
S13V225,SB880,1/17/2025,S Reported from Courts of Justice with substitute and rereferred to Finance and Appropriations (9-Y 6-N)
S05V394,SB880,1/22/2025,S Reported from Finance and Appropriations (10-Y 5-N)
SV110,SB880,1/23/2025,S Constitutional reading dispensed (on 1st reading) (39-Y 0-N)
SV169,SB880,1/28/2025,S Read third time and passed Senate (21-Y 18-N)
H15V2512375,SB880,2/7/2025,H Reported from Public Safety (11-Y 10-N)
2518686,SB880,2/12/2025,H Passed House (50-Y 47-N)
S13V226,SB881,1/17/2025,S Reported from Courts of Justice and rereferred to Finance and Appropriations (9-Y 6-N)
S05V395,SB881,1/22/2025,S Reported from Finance and Appropriations (10-Y 5-N)
SV110,SB881,1/23/2025,S Constitutional reading dispensed (on 1st reading) (39-Y 0-N)
SV142,SB881,1/27/2025,S Read third time and passed Senate (20-Y 18-N)
H15V2512376,SB881,2/7/2025,H Reported from Public Safety (11-Y 10-N)
2518687,SB881,2/12/2025,H Passed House (49-Y 47-N)
SV1022,SB881,4/2/2025,S Senate rejected Governor's recommendation (20-Y 20-N)
SV1023,SB881,4/2/2025,S Reconsideration of Governor's recommendation agreed to (40-Y 0-N)
SV1024,SB881,4/2/2025,S Senate rejected Governor's recommendation (19-Y 21-N)
S04V819,SB882,1/28/2025,S Reported from Education and Health and rereferred to Finance and Appropriations (12-Y 0-N 3-A)
S05V864,SB882,1/29/2025,S Reported from Finance and Appropriations (14-Y 0-N 1-A)
SV224,SB882,1/30/2025,S Constitutional reading dispensed (on 1st reading) (39-Y 0-N 1-A)
SV258,SB882,2/3/2025,S Read third time and passed Senate (37-Y 3-N)
H24V2512717,SB882,2/13/2025,H Reported from Health and Human Services and referred to Appropriations (20-Y 1-N)
H02V2512834,SB882,2/14/2025,H Reported from Appropriations (18-Y 1-N)
2518890,SB882,2/19/2025,H Passed House (84-Y 13-N)
S13V236,SB883,1/17/2025,S Reported from Courts of Justice and rereferred to Finance and Appropriations (8-Y 6-N 1-A)
S05V400,SB883,1/22/2025,S Reported from Finance and Appropriations (10-Y 5-N)
SV110,SB883,1/23/2025,S Constitutional reading dispensed (on 1st reading) (39-Y 0-N)
SV171,SB883,1/28/2025,S Read third time and passed Senate (21-Y 17-N)
SV176,SB883,1/28/2025,S Reconsideration of  (39-Y 0-N)
SV177,SB883,1/28/2025,S Passed Senate (23-Y 16-N)
H15001V2512366,SB883,2/6/2025,H Subcommittee recommends reporting with substitute and referring to Appropriations (6-Y 4-N)
H15V2512385,SB883,2/7/2025,H Reported from Public Safety with substitute (11-Y 10-N)
H20V2512869,SB883,2/17/2025,H Reported from Rules (13-Y 5-N)
2519001,SB883,2/20/2025,H Passed House with substitute (52-Y 46-N)
SV881,SB883,2/20/2025,S House substitute rejected by Senate (0-Y 39-N)
SV900,SB883,2/20/2025,S Senate acceded to request (37-Y 0-N)
2519148,SB883,2/21/2025,H Conference report agreed to by House (51-Y 45-N)
SV924,SB883,2/21/2025,S Conference report agreed to by Senate (22-Y 18-N)
S12V105,SB884,1/15/2025,S Reported from General Laws and Technology (12-Y 0-N 2-A)
SV57,SB884,1/17/2025,S Constitutional reading dispensed (on 1st reading) (40-Y 0-N)
SV81,SB884,1/21/2025,S Motion to rerefer to committee rejected (19-Y 21-N)
SV82,SB884,1/21/2025,S Read third time and passed Senate (23-Y 17-N)
SV84,SB884,1/21/2025,S Reconsideration of passage agreed to by Senate
SV85,SB884,1/21/2025,S Passed Senate (25-Y 15-N)
H11002V2512365,SB884,2/6/2025,H Subcommittee recommends reporting with substitute (6-Y 2-N)
H11V2512789,SB884,2/13/2025,H Reported from General Laws with substitute (14-Y 5-N)
2518808,SB884,2/18/2025,H Passed House with substitute (63-Y 33-N)
SV746,SB884,2/19/2025,S House substitute agreed to by Senate (23-Y 15-N 1-A)
S12V106,SB885,1/15/2025,S Reported from General Laws and Technology (15-Y 0-N)
SV57,SB885,1/17/2025,S Constitutional reading dispensed (on 1st reading) (40-Y 0-N)
SV77,SB885,1/21/2025,S Read third time and passed Senate (40-Y 0-N)
H11V2512322,SB885,2/6/2025,H Reported from General Laws (21-Y 0-N)
H20V2512870,SB885,2/17/2025,H Reported from Rules (18-Y 0-N)
2518997,SB885,2/20/2025,H Passed House  (98-Y 0-N)
S13V237,SB886,1/17/2025,S Reported from Courts of Justice with substitute and rereferred to Finance and Appropriations (9-Y 6-N)
S05V401,SB886,1/22/2025,S Reported from Finance and Appropriations (10-Y 5-N)
SV110,SB886,1/23/2025,S Constitutional reading dispensed (on 1st reading) (39-Y 0-N)
SV172,SB886,1/28/2025,S Read third time and passed Senate (21-Y 18-N)
H15001V2512368,SB886,2/6/2025,H Subcommittee recommends reporting (6-Y 4-N)
H15V2512386,SB886,2/7/2025,H Reported from Public Safety (11-Y 10-N)
H20V2512871,SB886,2/17/2025,H Reported from Rules (12-Y 6-N)
2519002,SB886,2/20/2025,H Passed House (51-Y 47-N)
S11V578,SB887,1/23/2025,S Stricken at request of Patron in Transportation (14-Y 0-N)
S13V112,SB888,1/15/2025,S Reported from Courts of Justice (15-Y 0-N)
SV57,SB888,1/17/2025,S Constitutional reading dispensed (on 1st reading) (40-Y 0-N)
SV77,SB888,1/21/2025,S Read third time and passed Senate (40-Y 0-N)
H08V2512260,SB888,2/5/2025,H Reported from Courts of Justice (22-Y 0-N)
2518643,SB888,2/10/2025,H Passed House (95-Y 0-N)
S12V414,SB889,1/22/2025,S Reported from General Laws and Technology with substitute and rereferred to Finance and Appropriations (12-Y 0-N)
S05V757,SB889,1/28/2025,S Passed by indefinitely in Finance and Appropriations (10-Y 4-N)
S01V346,SB890,1/21/2025,"S Reported from Agriculture, Conservation and Natural Resources (14-Y 0-N)"
SV110,SB890,1/23/2025,S Constitutional reading dispensed (on 1st reading) (39-Y 0-N)
SV131,SB890,1/27/2025,S Read third time and passed Senate (38-Y 0-N)
H01V2512676,SB890,2/12/2025,"H Reported from Agriculture, Chesapeake and Natural Resources (22-Y 0-N)"
2518775,SB890,2/17/2025,H Passed House (95-Y 0-N)
2518778,SB890,2/17/2025,H Passed House (96-Y 0-N)
S13V232,SB891,1/17/2025,S Reported from Courts of Justice and rereferred to Finance and Appropriations (9-Y 6-N)
S05V404,SB891,1/22/2025,S Reported from Finance and Appropriations (10-Y 5-N)
SV110,SB891,1/23/2025,S Constitutional reading dispensed (on 1st reading) (39-Y 0-N)
SV143,SB891,1/27/2025,S Read third time and passed Senate (20-Y 18-N)
H15V2512378,SB891,2/7/2025,H Reported from Public Safety (11-Y 10-N)
2518688,SB891,2/12/2025,H Passed House (50-Y 47-N)
S13V99,SB892,1/15/2025,S Reported from Courts of Justice with substitute (15-Y 0-N)
SV57,SB892,1/17/2025,S Constitutional reading dispensed (on 1st reading) (40-Y 0-N)
SV77,SB892,1/21/2025,S Read third time and passed Senate (40-Y 0-N)
H08002V2512497,SB892,2/10/2025,H Subcommittee recommends reporting (8-Y 0-N)
H08V2512856,SB892,2/14/2025,H Reported from Courts of Justice (21-Y 0-N)
2518902,SB892,2/19/2025,H Passed House (91-Y 4-N)
S02V1110,SB893,2/3/2025,S Reported from Commerce and Labor with substitute (9-Y 6-N)
SV328,SB893,2/4/2025,S Constitutional reading dispensed (on 1st reading) (40-Y 0-N)
SV331,SB893,2/4/2025,S Constitutional reading dispensed (on 3rd reading) (40-Y 0-N)
SV333,SB893,2/4/2025,S Passed Senate (21-Y 19-N)
H14003V2512643,SB893,2/11/2025,H Subcommittee recommends reporting with substitute (6-Y 4-N)
H14V2512801,SB893,2/13/2025,H Reported from Labor and Commerce with substitute (12-Y 10-N)
2518809,SB893,2/18/2025,H Defeated by House ( 44-Y  53-N )
2518880,SB893,2/18/2025,H Passed House with substitute (50-Y 46-N)
SV788,SB893,2/19/2025,S House substitute agreed to by Senate (20-Y 19-N)
S13V281,SB894,1/20/2025,S Reported from Courts of Justice with substitute (13-Y 1-N 1-A)
SV87,SB894,1/21/2025,S Constitutional reading dispensed (on 1st reading) (40-Y 0-N)
SV127,SB894,1/24/2025,S Reconsideration of Committee substitute (37-Y 0-N)
SV132,SB894,1/27/2025,S Read third time and passed Senate (24-Y 13-N)
SV133,SB894,1/27/2025,S Reconsideration of Passage agreed to  (38-Y 0-N)
SV134,SB894,1/27/2025,S Passed Senate (25-Y 12-N 1-A)
H08V2512275,SB894,2/5/2025,H Reported from Courts of Justice with amendment(s)  (17-Y 4-N 1-A)
2518646,SB894,2/10/2025,H Passed House with amendments (57-Y 37-N 1-A)
SV390,SB894,2/12/2025,S House Amendments agreed to by Senate (30-Y 7-N)
SV1025,SB894,4/2/2025,S Senate rejected Governor's recommendation (4-Y 36-N)
S13V489,SB896,1/22/2025,S Reported from Courts of Justice (14-Y 0-N)
SV125,SB896,1/24/2025,S Constitutional reading dispensed (on 1st reading) (37-Y 0-N)
SV162,SB896,1/28/2025,S Read third time and passed Senate (39-Y 0-N)
H08V2512261,SB896,2/5/2025,H Reported from Courts of Justice (22-Y 0-N)
2518643,SB896,2/10/2025,H Passed House (95-Y 0-N)
S02V56,SB897,1/13/2025,S Reported from Commerce and Labor and rereferred to Finance and Appropriations (9-Y 6-N)
S05V327,SB897,1/21/2025,S Reported from Finance and Appropriations with amendment (10-Y 5-N)
SV99,SB897,1/22/2025,S Constitutional reading dispensed (on 1st reading) (40-Y 0-N)
SV123,SB897,1/24/2025,S Read third time and passed Senate (21-Y 17-N)
H14V2512337,SB897,2/6/2025,H Reported from Labor and Commerce with amendment(s)  (11-Y 10-N)
2518669,SB897,2/12/2025,H Passed House with amendment (50-Y 46-N)
SV531,SB897,2/17/2025,S House Amendment rejected by Senate (0-Y 39-N)
SV776,SB897,2/19/2025,S Senate acceded to request (40-Y 0-N)
2519149,SB897,2/21/2025,H Conference report agreed to by House (50-Y 46-N)
SV925,SB897,2/21/2025,S Conference report agreed to by Senate (22-Y 18-N)
S04V1022,SB898,1/30/2025,S Failed to report (defeated) in Education and Health (6-Y 9-N)
S07V711,SB899,1/27/2025,S Reported from Local Government with substitute (7-Y 6-N 2-A)
SV195,SB899,1/28/2025,S Constitutional reading dispensed (on 1st reading) (39-Y 0-N)
SV217,SB899,1/30/2025,S Read third time and defeated by Senate (13-Y 26-N 1-A)
S13V273,SB901,1/20/2025,S Reported from Courts of Justice (15-Y 0-N)
SV87,SB901,1/21/2025,S Constitutional reading dispensed (on 1st reading) (40-Y 0-N)
SV104,SB901,1/23/2025,S Read third time and passed Senate (39-Y 0-N)
H08V2512269,SB901,2/5/2025,H Reported from Courts of Justice (20-Y 2-N)
2518647,SB901,2/10/2025,H Passed House (87-Y 8-N)
S02V60,SB902,1/13/2025,S Passed by indefinitely in Commerce and Labor (8-Y 6-N 1-A)
S01V843,SB903,1/28/2025,"S Reported from Agriculture, Conservation and Natural Resources with substitute (13-Y 0-N 1-A)"
SV224,SB903,1/30/2025,S Constitutional reading dispensed (on 1st reading) (39-Y 0-N 1-A)
SV259,SB903,2/3/2025,S Read third time and passed Senate (40-Y 0-N)
H01001V2512655,SB903,2/12/2025,H Subcommittee recommends reporting with amendment(s)  (10-Y 0-N)
H01V2512683,SB903,2/12/2025,"H Reported from Agriculture, Chesapeake and Natural Resources with amendment(s)  (22-Y 0-N)"
2518775,SB903,2/17/2025,H Passed House with amendments (95-Y 0-N)
2518778,SB903,2/17/2025,H Passed House with amendments (96-Y 0-N)
SV644,SB903,2/18/2025,S House Amendments agreed to by Senate (40-Y 0-N)
SV1026,SB903,4/2/2025,S Senate concurred in Governor's recommendation (23-Y 17-N)
2519340,SB903,4/2/2025,H House concurred in Governor's recommendation (94-Y 1-N)
S13V278,SB904,1/20/2025,S Reported from Courts of Justice and rereferred to Finance and Appropriations (8-Y 6-N 1-A)
S05V799,SB904,1/28/2025,S Passed by indefinitely in Finance and Appropriations (9-Y 6-N)
S04V540,SB905,1/23/2025,S Reported from Education and Health with substitute (15-Y 0-N)
SV125,SB905,1/24/2025,S Constitutional reading dispensed (on 1st reading) (37-Y 0-N)
SV162,SB905,1/28/2025,S Read third time and passed Senate (39-Y 0-N)
H09001V2512542,SB905,2/11/2025,H Subcommittee recommends reporting with substitute (7-Y 0-N)
H09V2512900,SB905,2/17/2025,H Reported from Education with substitute (14-Y 8-N)
2519003,SB905,2/20/2025,H Passed House with substitute (78-Y 18-N)
SV882,SB905,2/20/2025,S House substitute agreed to by Senate (39-Y 0-N)
S08V845,SB906,1/28/2025,S Passed by indefinitely in Privileges and Elections (10-Y 5-N)
S01V69,SB907,1/14/2025,"S Rereferred from Agriculture, Conservation and Natural Resources (12-Y 1-N)"
S04V508,SB907,1/23/2025,S Reported from Education and Health with amendment (15-Y 0-N)
SV125,SB907,1/24/2025,S Constitutional reading dispensed (on 1st reading) (37-Y 0-N)
SV181,SB907,1/28/2025,S Read third time and passed Senate (39-Y 0-N)
H01001V2512650,SB907,2/12/2025,H Subcommittee recommends reporting (8-Y 2-N)
H01V2512684,SB907,2/12/2025,"H Reported from Agriculture, Chesapeake and Natural Resources (17-Y 5-N)"
2518777,SB907,2/17/2025,H Passed House (75-Y 21-N)
S04V541,SB908,1/23/2025,S Reported from Education and Health (15-Y 0-N)
SV125,SB908,1/24/2025,S Constitutional reading dispensed (on 1st reading) (37-Y 0-N)
SV162,SB908,1/28/2025,S Read third time and passed Senate (39-Y 0-N)
H09001V2512545,SB908,2/11/2025,H Subcommittee recommends reporting (7-Y 0-N)
H09V2512901,SB908,2/17/2025,H Reported from Education (19-Y 3-N)
2519004,SB908,2/20/2025,H Passed House (90-Y 7-N)
S09V1083,SB909,1/31/2025,S Passed by indefinitely in Rehabilitation and Social Services (9-Y 5-N 1-A)
S04V153,SB910,1/16/2025,S Passed by indefinitely in Education and Health (13-Y 1-N)
S01V73,SB911,1/14/2025,"S Passed by indefinitely in Agriculture, Conservation and Natural Resources (12-Y 1-N)"
S02V61,SB912,1/13/2025,S Passed by indefinitely in Commerce and Labor (9-Y 6-N)
S12V117,SB913,1/15/2025,S Reported from General Laws and Technology with substitute (15-Y 0-N)
SV57,SB913,1/17/2025,S Constitutional reading dispensed (on 1st reading) (40-Y 0-N)
SV77,SB913,1/21/2025,S Read third time and passed Senate (40-Y 0-N)
H11004V2512631,SB913,2/11/2025,H Subcommittee recommends reporting with substitute (6-Y 1-N)
H11V2512781,SB913,2/13/2025,H Reported from General Laws with substitute (18-Y 1-N)
2518885,SB913,2/19/2025,H Passed House with substitute (95-Y 2-N)
SV855,SB913,2/20/2025,S House substitute rejected by Senate (2-Y 37-N)
SV898,SB913,2/20/2025,S Senate acceded to request (38-Y 0-N)
2519150,SB913,2/21/2025,H Conference report agreed to by House (92-Y 4-N)
SV950,SB913,2/21/2025,S Conference report agreed to by Senate (39-Y 0-N)
S13V467,SB914,1/22/2025,S Passed by indefinitely in Courts of Justice with letter (8-Y 6-N)
S04V812,SB915,1/28/2025,S Passed by indefinitely in Education and Health (9-Y 6-N)
S01V74,SB916,1/14/2025,"S Reported from Agriculture, Conservation and Natural Resources with substitute (13-Y 0-N)"
SV42,SB916,1/16/2025,S Constitutional reading dispensed (on 1st reading) (39-Y 0-N)
SV61,SB916,1/20/2025,S Read third time and passed Senate (38-Y 0-N)
SV66,SB916,1/20/2025,S Reconsideration of passage agreed to by Senate
SV67,SB916,1/20/2025,S Passed Senate (40-Y 0-N)
H01001V2512648,SB916,2/12/2025,H Subcommittee recommends laying on the table (10-Y 0-N)
S02V667,SB917,1/24/2025,S Reported from Commerce and Labor with substitute and rereferred to Finance and Appropriations (9-Y 6-N)
S05V906,SB917,1/29/2025,S Reported from Finance and Appropriations with substitute (10-Y 4-N)
SV224,SB917,1/30/2025,S Constitutional reading dispensed (on 1st reading) (39-Y 0-N 1-A)
SV284,SB917,2/3/2025,"S Senator Stanley, William M., Jr.        Amendments rejected"
SV291,SB917,2/4/2025,S Read third time and passed Senate (20-Y 19-N)
H14V2512761,SB917,2/13/2025,H Reported from Labor and Commerce with substitute (12-Y 10-N)
2518810,SB917,2/18/2025,H Passed House with substitute (49-Y 48-N)
2518843,SB917,2/18/2025,H Passed House with substitute (50-Y 47-N)
SV747,SB917,2/19/2025,S House substitute rejected by Senate (0-Y 40-N)
SV895,SB917,2/20/2025,S Senate acceded to request (38-Y 0-N)
2519203,SB917,2/22/2025,H Conference report agreed to by House (51-Y 45-N)
SV996,SB917,2/22/2025,S Conference report agreed to by Senate (21-Y 19-N)
S13V269,SB918,1/20/2025,S Reported from Courts of Justice with amendments (8-Y 7-N)
SV87,SB918,1/21/2025,S Constitutional reading dispensed (on 1st reading) (40-Y 0-N)
SV105,SB918,1/23/2025,S Read third time and passed Senate (23-Y 16-N)
H08001V2512278,SB918,2/5/2025,H Subcommittee recommends laying on the table (8-Y 0-N)
S11V156,SB919,1/16/2025,S Rereferred from Transportation to Commerce and Labor (14-Y 0-N)
S02V659,SB919,1/24/2025,S Reported from Commerce and Labor and rereferred to Finance and Appropriations (9-Y 6-N)
S05V860,SB919,1/29/2025,S Reported from Finance and Appropriations (10-Y 5-N)
SV224,SB919,1/30/2025,S Constitutional reading dispensed (on 1st reading) (39-Y 0-N 1-A)
SV260,SB919,2/3/2025,S Read third time and passed Senate (21-Y 19-N)
H14V2512764,SB919,2/13/2025,H Reported from Labor and Commerce with substitute (12-Y 10-N)
2518811,SB919,2/18/2025,H Passed House with substitute (50-Y 47-N)
SV748,SB919,2/19/2025,S House substitute agreed to by Senate (23-Y 17-N)
SV751,SB919,2/19/2025,S Reconsideration of House substitute agreed to by Senate (40-Y 0-N)
SV752,SB919,2/19/2025,S House substitute agreed to by Senate (21-Y 19-N)
S02V52,SB920,1/13/2025,S Reported from Commerce and Labor and rereferred to Finance and Appropriations (15-Y 0-N)
S05V797,SB920,1/28/2025,S Reported from Finance and Appropriations (15-Y 0-N)
SV209,SB920,1/29/2025,S Constitutional reading dispensed (on 1st reading) (38-Y 0-N)
SV222,SB920,1/30/2025,S Constitutional reading dispensed (on 3rd reading) (39-Y 1-N)
SV223,SB920,1/30/2025,S Passed Senate (40-Y 0-N)
H14V2512339,SB920,2/6/2025,H Reported from Labor and Commerce (21-Y 0-N)
2518652,SB920,2/11/2025,H Passed House (94-Y 0-N)
S01V371,SB921,1/22/2025,"S Reported from Agriculture, Conservation and Natural Resources (14-Y 0-N)"
S05V896,SB921,1/29/2025,S Reported from Finance and Appropriations with substitute (15-Y 0-N)
SV224,SB921,1/30/2025,S Constitutional reading dispensed (on 1st reading) (39-Y 0-N 1-A)
SV242,SB921,1/31/2025,S Passed Senate (40-Y 0-N)
H02V2512443,SB921,2/10/2025,H Reported from Appropriations with substitute (22-Y 0-N)
2518717,SB921,2/13/2025,H Passed House with substitute (96-Y 0-N)
SV532,SB921,2/17/2025,S House substitute rejected by Senate (0-Y 39-N)
SV777,SB921,2/19/2025,S Senate acceded to request (40-Y 0-N)
2519151,SB921,2/21/2025,H Conference report agreed to by House (95-Y 0-N)
SV926,SB921,2/21/2025,S Conference report agreed to by Senate (40-Y 0-N)
S01V853,SB923,1/28/2025,"S Reported from Agriculture, Conservation and Natural Resources with substitute and rereferred to Finance and Appropriations (14-Y 0-N)"
S13V934,SB924,1/29/2025,S Reported from Courts of Justice (14-Y 0-N 1-A)
SV243,SB924,1/31/2025,S Constitutional reading dispensed (on 1st reading) (39-Y 0-N)
SV297,SB924,2/4/2025,S Read third time and passed Senate (39-Y 1-N)
H08001V2512496,SB924,2/10/2025,H Subcommittee recommends reporting (8-Y 0-N)
H08V2512843,SB924,2/14/2025,H Reported from Courts of Justice (21-Y 0-N)
2518884,SB924,2/19/2025,H Passed House (97-Y 0-N)
S02V53,SB925,1/13/2025,S Reported from Commerce and Labor with substitute (15-Y 0-N)
SV32,SB925,1/15/2025,S Constitutional reading dispensed (on 1st reading) (38-Y 0-N)
SV50,SB925,1/17/2025,S Read third time and passed Senate (40-Y 0-N)
H14V2512340,SB925,2/6/2025,H Reported from Labor and Commerce (21-Y 0-N)
2518652,SB925,2/11/2025,H Passed House (94-Y 0-N)
S13V107,SB926,1/15/2025,S Reported from Courts of Justice with substitute and rereferred to Finance and Appropriations (10-Y 5-N)
S05V405,SB926,1/22/2025,S Failed to report (defeated) in Finance and Appropriations (6-Y 9-N)
S05V321,SB927,1/21/2025,S Reported from Finance and Appropriations with amendment (15-Y 0-N)
SV99,SB927,1/22/2025,S Constitutional reading dispensed (on 1st reading) (40-Y 0-N)
SV119,SB927,1/24/2025,S Read third time and passed Senate (38-Y 0-N)
H02V2512444,SB927,2/10/2025,H Reported from Appropriations with substitute (22-Y 0-N)
2518729,SB927,2/13/2025,H Passed House with substitute (90-Y 7-N)
SV533,SB927,2/17/2025,S House substitute agreed to by Senate (39-Y 0-N)
S01V348,SB929,1/21/2025,"S Reported from Agriculture, Conservation and Natural Resources (14-Y 0-N)"
S10V630,SB930,1/24/2025,S Reported from Rules with amendment and rereferred to Finance and Appropriations (13-Y 0-N)
S13V245,SB931,1/20/2025,S Stricken at request of Patron in Courts of Justice (14-Y 0-N)
S07V41,SB932,1/13/2025,S Reported from Local Government with amendments (6-Y 5-N 2-A)
SV26,SB932,1/14/2025,S Constitutional reading dispensed (on 1st reading) (37-Y 0-N)
S07V684,SB932,1/27/2025,S Reported from Local Government with substitute (11-Y 4-N)
SV216,SB932,1/30/2025,S Read third time and passed Senate (30-Y 10-N)
H07002V2512286,SB932,2/6/2025,H Subcommittee recommends reporting (8-Y 0-N)
H07V2512402,SB932,2/7/2025,"H Reported from Counties, Cities and Towns (21-Y 0-N)"
S01V829,SB933,1/28/2025,"S Reported from Agriculture, Conservation and Natural Resources (14-Y 0-N)"
SV224,SB933,1/30/2025,S Constitutional reading dispensed (on 1st reading) (39-Y 0-N 1-A)
SV241,SB933,1/31/2025,S Constitutional reading dispensed (on 3rd reading) (40-Y 0-N)
SV242,SB933,1/31/2025,S Passed Senate (40-Y 0-N)
H01V2512677,SB933,2/12/2025,"H Reported from Agriculture, Chesapeake and Natural Resources (22-Y 0-N)"
2518775,SB933,2/17/2025,H Passed House (95-Y 0-N)
2518778,SB933,2/17/2025,H Passed House (96-Y 0-N)
S12V465,SB934,1/22/2025,S Reported from General Laws and Technology (15-Y 0-N)
SV125,SB934,1/24/2025,S Constitutional reading dispensed (on 1st reading) (37-Y 0-N)
SV162,SB934,1/28/2025,S Read third time and passed Senate (39-Y 0-N)
H11002V2512362,SB934,2/6/2025,H Subcommittee recommends reporting (8-Y 0-N)
H11V2512615,SB934,2/11/2025,H Reported from General Laws (19-Y 0-N)
2518747,SB934,2/14/2025,H Passed House (96-Y 0-N)
S07V27,SB935,1/13/2025,S Reported from Local Government (13-Y 0-N)
SV26,SB935,1/14/2025,S Constitutional reading dispensed (on 1st reading) (37-Y 0-N)
SV39,SB935,1/16/2025,S Read third time and passed Senate (39-Y 0-N)
H07V2512815,SB935,2/14/2025,"H Reported from Counties, Cities and Towns (21-Y 0-N)"
2518884,SB935,2/19/2025,H Passed House (97-Y 0-N)
S13V686,SB936,1/27/2025,S Reported from Courts of Justice and rereferred to Finance and Appropriations (14-Y 0-N)
S05V874,SB936,1/29/2025,S Reported from Finance and Appropriations with substitute (15-Y 0-N)
SV224,SB936,1/30/2025,S Constitutional reading dispensed (on 1st reading) (39-Y 0-N 1-A)
SV241,SB936,1/31/2025,S Constitutional reading dispensed (on 3rd reading) (40-Y 0-N)
SV242,SB936,1/31/2025,S Passed Senate (40-Y 0-N)
H08V2512462,SB936,2/10/2025,H Reported from Courts of Justice with substitute (15-Y 7-N)
2518721,SB936,2/13/2025,H Passed House with substitute (57-Y 40-N)
SV582,SB936,2/18/2025,S House substitute rejected by Senate (0-Y 40-N)
SV876,SB936,2/20/2025,S Senate acceded to request (39-Y 0-N)
2519204,SB936,2/22/2025,H Conference report agreed to by House (64-Y 30-N)
SV997,SB936,2/22/2025,S Conference report agreed to by Senate (36-Y 3-N)
SV1027,SB936,4/2/2025,S Senate concurred in Governor's recommendation (22-Y 18-N)
2519341,SB936,4/2/2025,H House concurred in Governor's recommendation (62-Y 34-N)
S09V1086,SB937,1/31/2025,S Reported from Rehabilitation and Social Services with substitute (7-Y 5-N 3-A)
SV285,SB937,2/3/2025,S Constitutional reading dispensed (on 1st reading) (40-Y 0-N)
SV315,SB937,2/4/2025,S Constitutional reading dispensed (on 3rd reading) (40-Y 0-N)
SV316,SB937,2/4/2025,S Passed Senate (40-Y 0-N)
H24V2512539,SB937,2/11/2025,H Reported from Health and Human Services with amendment(s)  (22-Y 0-N)
2518747,SB937,2/14/2025,H Passed House with amendment (96-Y 0-N)
SV583,SB937,2/18/2025,S House Amendment agreed to by Senate (40-Y 0-N)
S13V220,SB938,1/17/2025,S Passed by indefinitely in Courts of Justice (8-Y 5-N)
S13V698,SB939,1/27/2025,S Reported from Courts of Justice with substitute and rereferred to Finance and Appropriations (13-Y 1-N)
S05V882,SB939,1/29/2025,S Reported from Finance and Appropriations with substitute (15-Y 0-N)
SV224,SB939,1/30/2025,S Constitutional reading dispensed (on 1st reading) (39-Y 0-N 1-A)
SV261,SB939,2/3/2025,S Read third time and passed Senate (39-Y 1-N)
H08V2512463,SB939,2/10/2025,H Reported from Courts of Justice (22-Y 0-N)
2518717,SB939,2/13/2025,H Passed House (96-Y 0-N)
S08V827,SB940,1/28/2025,S Reported from Privileges and Elections with substitute (15-Y 0-N)
SV224,SB940,1/30/2025,S Constitutional reading dispensed (on 1st reading) (39-Y 0-N 1-A)
SV241,SB940,1/31/2025,S Constitutional reading dispensed (on 3rd reading) (40-Y 0-N)
SV242,SB940,1/31/2025,S Passed Senate (40-Y 0-N)
H18001V2512513,SB940,2/10/2025,H Subcommittee recommends reporting with amendment(s)  (8-Y 0-N)
H18V2512825,SB940,2/14/2025,H Reported from Privileges and Elections with amendment(s)  (20-Y 2-N)
2518891,SB940,2/19/2025,H Passed House with amendment (94-Y 2-N)
SV856,SB940,2/20/2025,S House Amendment agreed to by Senate (39-Y 0-N)
SV1028,SB940,4/2/2025,S Senate rejected Governor's recommendation (17-Y 23-N)
S13V223,SB941,1/17/2025,S Reported from Courts of Justice with substitute and rereferred to Finance and Appropriations (15-Y 0-N)
S05V392,SB941,1/22/2025,S Reported from Finance and Appropriations (13-Y 0-N 1-A)
SV110,SB941,1/23/2025,S Constitutional reading dispensed (on 1st reading) (39-Y 0-N)
SV144,SB941,1/27/2025,S Read third time and passed Senate (38-Y 0-N)
H08001V2512280,SB941,2/5/2025,H Subcommittee recommends reporting and referring to Appropriations (8-Y 0-N)
H08V2512487,SB941,2/10/2025,H Reported from Courts of Justice and referred to Appropriations (22-Y 0-N)
S05V588,SB942,1/23/2025,S Reported from Finance and Appropriations with substitute (13-Y 0-N)
SV154,SB942,1/27/2025,S Constitutional reading dispensed (on 1st reading) (36-Y 0-N)
SV207,SB942,1/29/2025,S Constitutional reading dispensed (on 3rd reading) (38-Y 0-N)
SV208,SB942,1/29/2025,S Passed Senate (38-Y 0-N)
H10V2512694,SB942,2/12/2025,H Reported from Finance with substitute (22-Y 0-N)
2518775,SB942,2/17/2025,H Passed House with substitute (95-Y 0-N)
2518778,SB942,2/17/2025,H Passed House with substitute (96-Y 0-N)
SV645,SB942,2/18/2025,S House substitute rejected by Senate (0-Y 40-N)
SV876,SB942,2/20/2025,S Senate acceded to request (39-Y 0-N)
SV975,SB942,2/22/2025,S Conference report agreed to by Senate (40-Y 0-N)
2519205,SB942,2/22/2025,H Conference report agreed to by House (95-Y 2-N)
S05V317,SB943,1/21/2025,S Passed by indefinitely in Finance and Appropriations (14-Y 0-N)
S10V617,SB944,1/24/2025,S Passed by indefinitely in Rules (8-Y 4-N)
S08V846,SB945,1/28/2025,S Reported from Privileges and Elections (15-Y 0-N)
SV224,SB945,1/30/2025,S Constitutional reading dispensed (on 1st reading) (39-Y 0-N 1-A)
SV241,SB945,1/31/2025,S Constitutional reading dispensed (on 3rd reading) (40-Y 0-N)
SV242,SB945,1/31/2025,S Passed Senate (40-Y 0-N)
H18V2512832,SB945,2/14/2025,H Reported from Privileges and Elections with substitute (22-Y 0-N)
2518884,SB945,2/19/2025,H Passed House with substitute (97-Y 0-N)
SV857,SB945,2/20/2025,S House substitute agreed to by Senate (39-Y 0-N)
S11V158,SB947,1/16/2025,S Rereferred from Transportation to Courts of Justice (15-Y 0-N)
S13V680,SB947,1/27/2025,S Passed by indefinitely in Courts of Justice (8-Y 6-N)
S11V170,SB948,1/16/2025,S Reported from Transportation and rereferred to Finance and Appropriations (15-Y 0-N)
S05V767,SB948,1/28/2025,S Reported from Finance and Appropriations (14-Y 1-N)
SV209,SB948,1/29/2025,S Constitutional reading dispensed (on 1st reading) (38-Y 0-N)
SV230,SB948,1/31/2025,S Read third time and passed Senate (40-Y 0-N)
H19V2512574,SB948,2/11/2025,H Reported from Transportation (19-Y 1-N)
2518749,SB948,2/14/2025,H Passed House (91-Y 4-N)
S10V628,SB949,1/24/2025,S Reported from Rules (13-Y 0-N)
SV157,SB949,1/27/2025,S Constitutional reading dispensed (on 1st reading) (37-Y 1-N)
SV202,SB949,1/29/2025,S Read third time and passed Senate (38-Y 0-N)
H11V2512612,SB949,2/11/2025,H Reported from General Laws with amendment(s)  (19-Y 0-N)
2518747,SB949,2/14/2025,H Passed House with amendments (96-Y 0-N)
SV584,SB949,2/18/2025,S House Amendments agreed to by Senate (40-Y 0-N)
S05V332,SB950,1/21/2025,S Reported from Finance and Appropriations with amendment (15-Y 0-N)
SV99,SB950,1/22/2025,S Constitutional reading dispensed (on 1st reading) (40-Y 0-N)
SV119,SB950,1/24/2025,S Read third time and passed Senate (38-Y 0-N)
H02V2512835,SB950,2/14/2025,H Reported from Appropriations with substitute (21-Y 0-N)
2518884,SB950,2/19/2025,H Passed House with substitute (97-Y 0-N)
SV858,SB950,2/20/2025,S House substitute agreed to by Senate (39-Y 0-N)
S13V92,SB952,1/15/2025,S Passed by indefinitely in Courts of Justice (9-Y 5-N)
S04V529,SB953,1/23/2025,S Reported from Education and Health with substitute and rereferred to Finance and Appropriations (15-Y 0-N)
S05V895,SB953,1/29/2025,S Reported from Finance and Appropriations with amendment (15-Y 0-N)
SV224,SB953,1/30/2025,S Constitutional reading dispensed (on 1st reading) (39-Y 0-N 1-A)
SV241,SB953,1/31/2025,S Constitutional reading dispensed (on 3rd reading) (40-Y 0-N)
SV242,SB953,1/31/2025,S Passed Senate (40-Y 0-N)
H09002V2512431,SB953,2/10/2025,H Subcommittee recommends reporting (10-Y 0-N)
H09V2512668,SB953,2/12/2025,H Reported from Education (21-Y 0-N)
2518840,SB953,2/18/2025,H Passed House with substitute (97-Y 0-N)
SV749,SB953,2/19/2025,S House substitute agreed to by Senate (40-Y 0-N)
S02V292,SB954,1/20/2025,S Passed by indefinitely in Commerce and Labor with letter (15-Y 0-N)
S04V542,SB955,1/23/2025,S Reported from Education and Health with substitute and rereferred to Finance and Appropriations (15-Y 0-N)
S05V908,SB955,1/29/2025,S Reported from Finance and Appropriations with substitute (14-Y 0-N)
SV224,SB955,1/30/2025,S Constitutional reading dispensed (on 1st reading) (39-Y 0-N 1-A)
SV241,SB955,1/31/2025,S Constitutional reading dispensed (on 3rd reading) (40-Y 0-N)
SV242,SB955,1/31/2025,S Passed Senate (40-Y 0-N)
H09V2512658,SB955,2/12/2025,H Reported from Education with substitute (15-Y 6-N)
2518779,SB955,2/17/2025,H Passed House with substitute (84-Y 11-N)
SV646,SB955,2/18/2025,S House substitute rejected by Senate (0-Y 40-N)
SV876,SB955,2/20/2025,S Senate acceded to request (39-Y 0-N)
2519152,SB955,2/21/2025,H Conference report agreed to by House (88-Y 8-N)
SV927,SB955,2/21/2025,S Conference report agreed to by Senate (40-Y 0-N)
SV1029,SB955,4/2/2025,S Senate rejected Governor's recommendation (19-Y 21-N)
S13V490,SB956,1/22/2025,S Reported from Courts of Justice (13-Y 0-N 1-A)
SV125,SB956,1/24/2025,S Constitutional reading dispensed (on 1st reading) (37-Y 0-N)
SV182,SB956,1/28/2025,S Read third time and passed Senate (39-Y 0-N)
H15V2512811,SB956,2/14/2025,H Reported from Public Safety with amendment(s)  (21-Y 0-N)
2518884,SB956,2/19/2025,H Passed House with amendments (97-Y 0-N)
SV859,SB956,2/20/2025,S House amendments agreed to by Senate (39-Y 0-N)
S13V1102,SB957,2/3/2025,S Reported from Courts of Justice with substitute (14-Y 0-N 1-A)
SV328,SB957,2/4/2025,S Constitutional reading dispensed (on 1st reading) (40-Y 0-N)
SV331,SB957,2/4/2025,S Constitutional reading dispensed (on 3rd reading) (40-Y 0-N)
SV334,SB957,2/4/2025,S Passed Senate (39-Y 0-N)
H08V2512464,SB957,2/10/2025,H Reported from Courts of Justice (22-Y 0-N)
2518717,SB957,2/13/2025,H Passed House (96-Y 0-N)
S01V356,SB958,1/21/2025,"S Reported from Agriculture, Conservation and Natural Resources with substitute and rereferred to Finance and Appropriations (14-Y 0-N)"
S11V175,SB959,1/16/2025,S Reported from Transportation (13-Y 0-N)
SV72,SB959,1/20/2025,S Constitutional reading dispensed (on 1st reading) (40-Y 0-N)
SV95,SB959,1/22/2025,S Read third time and passed Senate (40-Y 0-N)
H19V2512310,SB959,2/6/2025,H Reported from Transportation (20-Y 0-N)
2518652,SB959,2/11/2025,H Passed House (94-Y 0-N)
S02V748,SB960,1/27/2025,S Reported from Commerce and Labor with substitute and rereferred to Finance and Appropriations (10-Y 5-N)
S05V1056,SB960,1/30/2025,S Reported from Finance and Appropriations with substitute (11-Y 4-N)
SV285,SB960,2/3/2025,S Constitutional reading dispensed (on 1st reading) (40-Y 0-N)
SV315,SB960,2/4/2025,S Constitutional reading dispensed (on 3rd reading) (40-Y 0-N)
SV317,SB960,2/4/2025,S Passed Senate (26-Y 13-N 1-A)
H14003V2512637,SB960,2/11/2025,H Subcommittee recommends reporting with substitute (6-Y 4-N)
H14V2512802,SB960,2/13/2025,H Reported from Labor and Commerce with substitute (14-Y 8-N)
2518812,SB960,2/18/2025,H Passed House with substitute (62-Y 34-N)
2518844,SB960,2/18/2025,H Passed House with substitute (63-Y 34-N)
SV750,SB960,2/19/2025,S House substitute rejected by Senate (0-Y 40-N)
SV895,SB960,2/20/2025,S Senate acceded to request (38-Y 0-N)
S04V813,SB961,1/28/2025,S Reported from Education and Health and rereferred to Finance and Appropriations (15-Y 0-N)
S05V1066,SB961,1/30/2025,S Reported from Finance and Appropriations with substitute (15-Y 0-N)
SV285,SB961,2/3/2025,S Constitutional reading dispensed (on 1st reading) (40-Y 0-N)
SV312,SB961,2/4/2025,S Constitutional reading dispensed (on 3rd reading) (39-Y 0-N)
SV313,SB961,2/4/2025,S Passed Senate (40-Y 0-N)
H09002V2512432,SB961,2/10/2025,H Subcommittee recommends reporting with substitute (10-Y 0-N)
H09V2512669,SB961,2/12/2025,H Reported from Education with substitute (21-Y 0-N)
2518775,SB961,2/17/2025,H Passed House with substitute (95-Y 0-N)
2518778,SB961,2/17/2025,H Passed House with substitute (96-Y 0-N)
SV647,SB961,2/18/2025,S House substitute agreed to by Senate (37-Y 0-N)
S12V481,SB962,1/22/2025,S Reported from General Laws and Technology with substitute and rereferred to Finance and Appropriations (9-Y 6-N)
S05V766,SB962,1/28/2025,S Reported from Finance and Appropriations (10-Y 5-N)
SV209,SB962,1/29/2025,S Constitutional reading dispensed (on 1st reading) (38-Y 0-N)
SV231,SB962,1/31/2025,S Read third time and passed Senate (21-Y 19-N)
H11V2512346,SB962,2/6/2025,H Reported from General Laws with substitute (12-Y 9-N)
2518670,SB962,2/12/2025,H Passed House with substitute with amendment (50-Y 47-N)
SV480,SB962,2/14/2025,S House substitute with amendment agreed to by Senate (21-Y 15-N)
S13V705,SB963,1/27/2025,S Reported from Courts of Justice with substitute and rereferred to Finance and Appropriations (9-Y 3-N 2-A)
S05V926,SB963,1/29/2025,S Reported from Finance and Appropriations (11-Y 2-N 1-A)
SV224,SB963,1/30/2025,S Constitutional reading dispensed (on 1st reading) (39-Y 0-N 1-A)
SV262,SB963,2/3/2025,S Read third time and passed Senate (33-Y 6-N)
H08V2512465,SB963,2/10/2025,H Reported from Courts of Justice (20-Y 2-N)
2518722,SB963,2/13/2025,H Passed House  (91-Y 6-N)
SV1030,SB963,4/2/2025,S Senate rejected Governor's recommendation (19-Y 21-N)
S13V110,SB965,1/15/2025,S Reported from Courts of Justice with amendments (15-Y 0-N)
SV57,SB965,1/17/2025,S Constitutional reading dispensed (on 1st reading) (40-Y 0-N)
SV77,SB965,1/21/2025,S Read third time and passed Senate (40-Y 0-N)
H08001V2512421,SB965,2/7/2025,H Subcommittee recommends reporting (8-Y 0-N)
H08V2512482,SB965,2/10/2025,H Reported from Courts of Justice (22-Y 0-N)
2518717,SB965,2/13/2025,H Passed House (96-Y 0-N)
S10V201,SB966,1/17/2025,S Reported from Rules (15-Y 0-N)
SV72,SB966,1/20/2025,S Constitutional reading dispensed (on 1st reading) (40-Y 0-N)
SV95,SB966,1/22/2025,S Read third time and passed Senate (40-Y 0-N)
H20V2512886,SB966,2/17/2025,H Reported from Rules (18-Y 0-N)
2518997,SB966,2/20/2025,H Passed House  (98-Y 0-N)
S02V57,SB967,1/13/2025,S Failed to report (defeated) in Commerce and Labor (6-Y 8-N 1-A)
S04V554,SB968,1/23/2025,S Reported from Education and Health (15-Y 0-N)
SV125,SB968,1/24/2025,S Constitutional reading dispensed (on 1st reading) (37-Y 0-N)
SV162,SB968,1/28/2025,S Read third time and passed Senate (39-Y 0-N)
H09V2512251,SB968,2/5/2025,H Reported from Education (18-Y 2-N)
2518648,SB968,2/10/2025,H Passed House (89-Y 6-N)
S01V357,SB969,1/21/2025,"S Reported from Agriculture, Conservation and Natural Resources (14-Y 0-N)"
SV110,SB969,1/23/2025,S Constitutional reading dispensed (on 1st reading) (39-Y 0-N)
SV131,SB969,1/27/2025,S Read third time and passed Senate (38-Y 0-N)
H01V2512678,SB969,2/12/2025,"H Reported from Agriculture, Chesapeake and Natural Resources (22-Y 0-N)"
2518775,SB969,2/17/2025,H Passed House (95-Y 0-N)
2518778,SB969,2/17/2025,H Passed House (96-Y 0-N)
S09V192,SB970,1/17/2025,S Reported from Rehabilitation and Social Services with substitute and rereferred to Finance and Appropriations (8-Y 7-N)
S05V762,SB970,1/28/2025,S Reported from Finance and Appropriations (10-Y 5-N)
SV209,SB970,1/29/2025,S Constitutional reading dispensed (on 1st reading) (38-Y 0-N)
SV232,SB970,1/31/2025,S Read third time and passed Senate (21-Y 19-N)
H11V2512334,SB970,2/6/2025,H Reported from General Laws (13-Y 8-N)
2518671,SB970,2/12/2025,H Passed House (53-Y 44-N)
S12V126,SB972,1/15/2025,S Reported from General Laws and Technology and rereferred to Finance and Appropriations (15-Y 0-N)
S01V363,SB973,1/21/2025,"S Passed by indefinitely in Agriculture, Conservation and Natural Resources (8-Y 7-N)"
S07V695,SB974,1/27/2025,S Reported from Local Government with substitute (12-Y 2-N)
SV195,SB974,1/28/2025,S Constitutional reading dispensed (on 1st reading) (39-Y 0-N)
SV218,SB974,1/30/2025,S Read third time and passed Senate (35-Y 5-N)
H07002V2512285,SB974,2/6/2025,H Subcommittee recommends reporting with amendment(s)  (8-Y 0-N)
H07V2512406,SB974,2/7/2025,"H Reported from Counties, Cities and Towns with amendment(s)  (17-Y 4-N)"
2518701,SB974,2/12/2025,H Passed House with amendments (89-Y 8-N)
SV481,SB974,2/14/2025,S House Amendments agreed to by Senate (30-Y 5-N)
S07V265,SB975,1/20/2025,S Failed to report (defeated) in Local Government (4-Y 8-N 3-A)
S12V947,SB976,1/29/2025,S Stricken at request of Patron in General Laws and Technology (15-Y 0-N)
S04V147,SB977,1/16/2025,S Reported from Education and Health and rereferred to Finance and Appropriations (11-Y 3-N)
S04V555,SB978,1/23/2025,S Reported from Education and Health and rereferred to Finance and Appropriations (14-Y 1-N)
S04V556,SB979,1/23/2025,S Reported from Education and Health with substitute and rereferred to Finance and Appropriations (8-Y 7-N)
S05V897,SB979,1/29/2025,S Reported from Finance and Appropriations (10-Y 5-N)
SV224,SB979,1/30/2025,S Constitutional reading dispensed (on 1st reading) (39-Y 0-N 1-A)
SV292,SB979,2/4/2025,S Read third time and defeated by Senate (17-Y 22-N)
S10V631,SB980,1/24/2025,S Reported from Rules and rereferred to Finance and Appropriations (12-Y 0-N)
S04V503,SB981,1/23/2025,S Reported from Education and Health and rereferred to Finance and Appropriations (15-Y 0-N)
S05V884,SB981,1/29/2025,S Reported from Finance and Appropriations with substitute (15-Y 0-N)
SV224,SB981,1/30/2025,S Constitutional reading dispensed (on 1st reading) (39-Y 0-N 1-A)
SV241,SB981,1/31/2025,S Constitutional reading dispensed (on 3rd reading) (40-Y 0-N)
SV242,SB981,1/31/2025,S Passed Senate (40-Y 0-N)
H24002V2512566,SB981,2/11/2025,H Subcommittee recommends reporting and referring to Appropriations (8-Y 0-N)
H24V2512724,SB981,2/13/2025,H Reported from Health and Human Services (17-Y 4-N)
2518813,SB981,2/18/2025,H Passed House (81-Y 15-N)
S12V431,SB982,1/22/2025,S Reported from General Laws and Technology and rereferred to Finance and Appropriations (11-Y 3-N 1-A)
S05V765,SB982,1/28/2025,S Reported from Finance and Appropriations (9-Y 6-N)
SV209,SB982,1/29/2025,S Constitutional reading dispensed (on 1st reading) (38-Y 0-N)
SV311,SB982,2/4/2025,S Read third time and passed Senate (24-Y 16-N)
S12V665,SB984,1/24/2025,S Reported from General Laws and Technology with amendment and rereferred to Finance and Appropriations (14-Y 0-N)
S05V901,SB984,1/29/2025,S Passed by indefinitely in Finance and Appropriations (10-Y 4-N)
S12V443,SB985,1/22/2025,S Reported from General Laws and Technology with substitute and rereferred to Finance and Appropriations (15-Y 0-N)
S05V923,SB985,1/29/2025,S Passed by indefinitely in Finance and Appropriations (14-Y 0-N)
S13V102,SB986,1/15/2025,S Reported from Courts of Justice (15-Y 0-N)
SV57,SB986,1/17/2025,S Constitutional reading dispensed (on 1st reading) (40-Y 0-N)
SV77,SB986,1/21/2025,S Read third time and passed Senate (40-Y 0-N)
H08001V2512506,SB986,2/10/2025,H Subcommittee recommends reporting with substitute (8-Y 0-N)
H08V2512844,SB986,2/14/2025,H Reported from Courts of Justice with substitute (21-Y 0-N)
2518884,SB986,2/19/2025,H Passed House with substitute (97-Y 0-N)
SV860,SB986,2/20/2025,S House substitute agreed to by Senate (37-Y 2-N)
S07V29,SB987,1/13/2025,S Reported from Local Government (13-Y 0-N)
SV26,SB987,1/14/2025,S Constitutional reading dispensed (on 1st reading) (37-Y 0-N)
SV39,SB987,1/16/2025,S Read third time and passed Senate (39-Y 0-N)
H07001V2512652,SB987,2/12/2025,H Subcommittee recommends reporting (8-Y 0-N)
H07V2512817,SB987,2/14/2025,"H Reported from Counties, Cities and Towns (21-Y 0-N)"
2518884,SB987,2/19/2025,H Passed House (97-Y 0-N)
S08V839,SB988,1/28/2025,S Failed to report (defeated) in Privileges and Elections (7-Y 8-N)
S12V445,SB989,1/22/2025,S Reported from General Laws and Technology with amendment (15-Y 0-N)
SV125,SB989,1/24/2025,S Constitutional reading dispensed (on 1st reading) (37-Y 0-N)
SV162,SB989,1/28/2025,S Read third time and passed Senate (39-Y 0-N)
H24001V2512585,SB989,2/11/2025,H Subcommittee recommends reporting (6-Y 2-N)
H24V2512750,SB989,2/13/2025,H Reported from Health and Human Services (22-Y 0-N)
2518800,SB989,2/18/2025,H Passed House (97-Y 0-N)
S01V365,SB990,1/21/2025,"S Reported from Agriculture, Conservation and Natural Resources with substitute and rereferred to Finance and Appropriations (13-Y 0-N)"
S08V361,SB991,1/21/2025,S Reported from Privileges and Elections (15-Y 0-N)
SV110,SB991,1/23/2025,S Constitutional reading dispensed (on 1st reading) (39-Y 0-N)
SV131,SB991,1/27/2025,S Read third time and passed Senate (38-Y 0-N)
H18V2512395,SB991,2/7/2025,H Reported from Privileges and Elections (21-Y 1-N)
2518689,SB991,2/12/2025,H Passed House (89-Y 8-N)
S07V31,SB992,1/13/2025,S Reported from Local Government (12-Y 0-N 1-A)
SV26,SB992,1/14/2025,S Constitutional reading dispensed (on 1st reading) (37-Y 0-N)
SV40,SB992,1/16/2025,S Read third time and passed Senate (39-Y 0-N)
H07002V2512713,SB992,2/13/2025,H Subcommittee recommends reporting with amendment(s)  (8-Y 0-N)
H07V2512820,SB992,2/14/2025,"H Reported from Counties, Cities and Towns with amendment(s)  (21-Y 0-N)"
2518884,SB992,2/19/2025,H Passed House with amendment (97-Y 0-N)
SV861,SB992,2/20/2025,S House Amendment agreed to by Senate (39-Y 0-N)
S12V118,SB993,1/15/2025,S Reported from General Laws and Technology (15-Y 0-N)
SV57,SB993,1/17/2025,S Constitutional reading dispensed (on 1st reading) (40-Y 0-N)
SV77,SB993,1/21/2025,S Read third time and passed Senate (40-Y 0-N)
H11V2512348,SB993,2/6/2025,H Reported from General Laws with substitute (21-Y 0-N)
2518652,SB993,2/11/2025,H Passed House with substitute (94-Y 0-N)
SV454,SB993,2/13/2025,S House substitute agreed to by Senate (40-Y 0-N)
S08V837,SB994,1/28/2025,S Stricken at request of Patron in Privileges and Elections (15-Y 0-N)
S10V618,SB995,1/24/2025,S Reported from Rules with substitute (11-Y 1-N)
SV157,SB995,1/27/2025,S Constitutional reading dispensed (on 1st reading) (37-Y 1-N)
SV205,SB995,1/29/2025,S Read third time and passed Senate (35-Y 2-N 1-A)
H11V2512336,SB995,2/6/2025,H Reported from General Laws (16-Y 5-N)
2518672,SB995,2/12/2025,H Passed House  (54-Y 43-N)
S12V449,SB996,1/22/2025,S Reported from General Laws and Technology with substitute and rereferred to Finance and Appropriations (15-Y 0-N)
S05V924,SB996,1/29/2025,S Reported from Finance and Appropriations (14-Y 0-N)
SV224,SB996,1/30/2025,S Constitutional reading dispensed (on 1st reading) (39-Y 0-N 1-A)
SV241,SB996,1/31/2025,S Constitutional reading dispensed (on 3rd reading) (40-Y 0-N)
SV242,SB996,1/31/2025,S Passed Senate (40-Y 0-N)
H11V2512323,SB996,2/6/2025,H Reported from General Laws (21-Y 0-N)
2518678,SB996,2/12/2025,H Passed House  (97-Y 0-N)
S07V32,SB997,1/13/2025,S Reported from Local Government (13-Y 0-N)
SV26,SB997,1/14/2025,S Constitutional reading dispensed (on 1st reading) (37-Y 0-N)
SV39,SB997,1/16/2025,S Read third time and passed Senate (39-Y 0-N)
H07002V2512290,SB997,2/6/2025,H Subcommittee recommends reporting (8-Y 0-N)
H07V2512403,SB997,2/7/2025,"H Reported from Counties, Cities and Towns (21-Y 0-N)"
2518661,SB997,2/12/2025,H Passed House (97-Y 0-N)
S02V735,SB998,1/27/2025,S Reported from Commerce and Labor with substitute and rereferred to Finance and Appropriations (14-Y 0-N 1-A)
S05V1058,SB998,1/30/2025,S Reported from Finance and Appropriations with substitute (15-Y 0-N)
SV285,SB998,2/3/2025,S Constitutional reading dispensed (on 1st reading) (40-Y 0-N)
SV315,SB998,2/4/2025,S Constitutional reading dispensed (on 3rd reading) (40-Y 0-N)
SV318,SB998,2/4/2025,S Passed Senate (40-Y 0-N)
H14V2512766,SB998,2/13/2025,H Reported from Labor and Commerce with substitute (12-Y 10-N)
2518814,SB998,2/18/2025,H Passed House with substitute (54-Y 43-N)
SV753,SB998,2/19/2025,S House substitute agreed to by Senate (40-Y 0-N)
SV1031,SB998,4/2/2025,S Senate concurred in Governor's recommendation (20-Y 19-N)
SV1032,SB998,4/2/2025,S Reconsideration of Governor's recommendation agreed to (40-Y 0-N)
SV1033,SB998,4/2/2025,S Senate rejected Governor's recommendation (19-Y 21-N)
S13V485,SB999,1/22/2025,S Reported from Courts of Justice and rereferred to Finance and Appropriations (10-Y 3-N 1-A)
S05V920,SB999,1/29/2025,S Reported from Finance and Appropriations (11-Y 3-N)
SV224,SB999,1/30/2025,S Constitutional reading dispensed (on 1st reading) (39-Y 0-N 1-A)
SV263,SB999,2/3/2025,S Read third time and passed Senate (32-Y 8-N)
H08002V2512508,SB999,2/10/2025,H Subcommittee recommends reporting (8-Y 0-N)
H08V2512857,SB999,2/14/2025,H Reported from Courts of Justice (21-Y 0-N)
2518884,SB999,2/19/2025,H Passed House (97-Y 0-N)
SV1034,SB999,4/2/2025,S Senate concurred in Governor's recommendation (39-Y 1-N)
2519342,SB999,4/2/2025,H House concurred in Governor's recommendation (94-Y 0-N)
S01V349,SB1000,1/21/2025,"S Reported from Agriculture, Conservation and Natural Resources (14-Y 0-N)"
SV110,SB1000,1/23/2025,S Constitutional reading dispensed (on 1st reading) (39-Y 0-N)
SV131,SB1000,1/27/2025,S Read third time and passed Senate (38-Y 0-N)
H01001V2512649,SB1000,2/12/2025,H Subcommittee recommends reporting (10-Y 0-N)
H01V2512686,SB1000,2/12/2025,"H Reported from Agriculture, Chesapeake and Natural Resources (22-Y 0-N)"
2518775,SB1000,2/17/2025,H Passed House (95-Y 0-N)
2518778,SB1000,2/17/2025,H Passed House (96-Y 0-N)
S08V825,SB1002,1/28/2025,S Reported from Privileges and Elections and rereferred to Finance and Appropriations (13-Y 2-N)
S05V1073,SB1002,1/30/2025,S Reported from Finance and Appropriations (11-Y 0-N 4-A)
SV285,SB1002,2/3/2025,S Constitutional reading dispensed (on 1st reading) (40-Y 0-N)
SV315,SB1002,2/4/2025,S Constitutional reading dispensed (on 3rd reading) (40-Y 0-N)
SV319,SB1002,2/4/2025,S Passed Senate (36-Y 4-N)
H18V2512823,SB1002,2/14/2025,H Reported from Privileges and Elections (22-Y 0-N)
2518884,SB1002,2/19/2025,H Passed House (97-Y 0-N)
S04V543,SB1003,1/23/2025,S Reported from Education and Health and rereferred to Finance and Appropriations (14-Y 1-N)
S11V176,SB1004,1/17/2025,S Reported from Transportation with amendments (14-Y 0-N)
SV72,SB1004,1/20/2025,S Constitutional reading dispensed (on 1st reading) (40-Y 0-N)
SV95,SB1004,1/22/2025,S Read third time and passed Senate (40-Y 0-N)
H19V2512311,SB1004,2/6/2025,H Reported from Transportation (20-Y 0-N)
2518652,SB1004,2/11/2025,H Passed House (94-Y 0-N)
S10V629,SB1005,1/24/2025,S Reported from Rules (13-Y 0-N)
SV157,SB1005,1/27/2025,S Constitutional reading dispensed (on 1st reading) (37-Y 1-N)
SV202,SB1005,1/29/2025,S Read third time and passed Senate (38-Y 0-N)
H24V2512524,SB1005,2/11/2025,H Reported from Health and Human Services (22-Y 0-N)
2518747,SB1005,2/14/2025,H Passed House (96-Y 0-N)
S13V491,SB1006,1/22/2025,S Reported from Courts of Justice with substitute (14-Y 0-N)
SV125,SB1006,1/24/2025,S Constitutional reading dispensed (on 1st reading) (37-Y 0-N)
SV162,SB1006,1/28/2025,S Read third time and passed Senate (39-Y 0-N)
H08001V2512417,SB1006,2/7/2025,H Subcommittee recommends reporting with substitute (8-Y 0-N)
H08V2512483,SB1006,2/10/2025,H Reported from Courts of Justice with substitute (22-Y 0-N)
2518717,SB1006,2/13/2025,H Passed House with substitute (96-Y 0-N)
SV534,SB1006,2/17/2025,S House substitute agreed to by Senate (39-Y 0-N)
S11V575,SB1007,1/23/2025,S Reported from Transportation with substitute and rereferred to Finance and Appropriations (14-Y 0-N)
S05V776,SB1007,1/28/2025,S Reported from Finance and Appropriations (14-Y 0-N 1-A)
SV209,SB1007,1/29/2025,S Constitutional reading dispensed (on 1st reading) (38-Y 0-N)
SV240,SB1007,1/31/2025,S Read third time and passed Senate (37-Y 2-N 1-A)
H19002V2512588,SB1007,2/11/2025,H Subcommittee recommends reporting (6-Y 2-N)
S12V657,SB1008,1/24/2025,S Reported from General Laws and Technology (15-Y 0-N)
SV195,SB1008,1/28/2025,S Constitutional reading dispensed (on 1st reading) (39-Y 0-N)
SV207,SB1008,1/29/2025,S Constitutional reading dispensed (on 3rd reading) (38-Y 0-N)
SV208,SB1008,1/29/2025,S Passed Senate (38-Y 0-N)
H11001V2512767,SB1008,2/13/2025,H Subcommittee recommends reporting (6-Y 1-N)
H11V2512793,SB1008,2/13/2025,H Reported from General Laws (14-Y 5-N)
2518815,SB1008,2/18/2025,H Passed House (52-Y 45-N)
S08V370,SB1009,1/21/2025,S Reported from Privileges and Elections and rereferred to Finance and Appropriations (8-Y 7-N)
S05V919,SB1009,1/29/2025,S Reported from Finance and Appropriations (10-Y 4-N)
SV224,SB1009,1/30/2025,S Constitutional reading dispensed (on 1st reading) (39-Y 0-N 1-A)
SV264,SB1009,2/3/2025,S Read third time and passed Senate (21-Y 19-N)
H18001V2512504,SB1009,2/10/2025,H Subcommittee recommends reporting with substitute (5-Y 3-N)
H18V2512830,SB1009,2/14/2025,H Reported from Privileges and Elections with substitute (12-Y 10-N)
2518892,SB1009,2/19/2025,H Passed House with substitute (50-Y 46-N)
SV862,SB1009,2/20/2025,S House substitute agreed to by Senate (20-Y 19-N)
S13V959,SB1010,1/29/2025,S Reported from Courts of Justice with substitute (15-Y 0-N)
SV243,SB1010,1/31/2025,S Constitutional reading dispensed (on 1st reading) (39-Y 0-N)
SV280,SB1010,2/3/2025,S Constitutional reading dispensed (on 3rd reading) (40-Y 0-N)
SV281,SB1010,2/3/2025,S Passed Senate (40-Y 0-N)
H08002V2512510,SB1010,2/10/2025,H Subcommittee recommends reporting with substitute (8-Y 0-N)
H08V2512858,SB1010,2/14/2025,H Reported from Courts of Justice with substitute (21-Y 0-N)
2518884,SB1010,2/19/2025,H Passed House with substitute (97-Y 0-N)
SV863,SB1010,2/20/2025,S House substitute rejected by Senate (0-Y 39-N)
SV898,SB1010,2/20/2025,S Senate acceded to request (38-Y 0-N)
2519153,SB1010,2/21/2025,H Conference report agreed to by House (96-Y 0-N)
SV951,SB1010,2/21/2025,S Conference report agreed to by Senate (40-Y 0-N)
S07V36,SB1011,1/13/2025,S Reported from Local Government (12-Y 1-N)
SV26,SB1011,1/14/2025,S Constitutional reading dispensed (on 1st reading) (37-Y 0-N)
SV41,SB1011,1/16/2025,S Read third time and passed Senate (39-Y 0-N)
H07002V2512287,SB1011,2/6/2025,H Subcommittee recommends reporting (8-Y 0-N)
H07V2512404,SB1011,2/7/2025,"H Reported from Counties, Cities and Towns (21-Y 0-N)"
H20V2512877,SB1011,2/17/2025,H Reported from Rules (11-Y 6-N)
2519005,SB1011,2/20/2025,H Passed House (67-Y 31-N)
S13V720,SB1012,1/27/2025,S Failed to report from Courts of Justice with substitute (7-Y 7-N)
S13V945,SB1013,1/29/2025,S Reported from Courts of Justice (10-Y 5-N)
SV243,SB1013,1/31/2025,S Constitutional reading dispensed (on 1st reading) (39-Y 0-N)
SV298,SB1013,2/4/2025,S Read third time and passed Senate (23-Y 17-N)
H08001V2512500,SB1013,2/10/2025,H Subcommittee recommends reporting (7-Y 1-N)
H08V2512849,SB1013,2/14/2025,H Reported from Courts of Justice with substitute (15-Y 5-N)
2518893,SB1013,2/19/2025,H Passed House with substitute (53-Y 43-N)
SV864,SB1013,2/20/2025,S House substitute agreed to by Senate (23-Y 16-N)
S12V123,SB1014,1/15/2025,S Reported from General Laws and Technology and rereferred to Finance and Appropriations (15-Y 0-N)
S05V922,SB1014,1/29/2025,S Reported from Finance and Appropriations (14-Y 0-N)
SV224,SB1014,1/30/2025,S Constitutional reading dispensed (on 1st reading) (39-Y 0-N 1-A)
SV241,SB1014,1/31/2025,S Constitutional reading dispensed (on 3rd reading) (40-Y 0-N)
SV242,SB1014,1/31/2025,S Passed Senate (40-Y 0-N)
H11V2512324,SB1014,2/6/2025,H Reported from General Laws (21-Y 0-N)
2518652,SB1014,2/11/2025,H Passed House (94-Y 0-N)
S04V504,SB1015,1/23/2025,S Reported from Education and Health (15-Y 0-N)
SV125,SB1015,1/24/2025,S Constitutional reading dispensed (on 1st reading) (37-Y 0-N)
SV162,SB1015,1/28/2025,S Read third time and passed Senate (39-Y 0-N)
H24V2512306,SB1015,2/6/2025,H Reported from Health and Human Services (22-Y 0-N)
2518652,SB1015,2/11/2025,H Passed House (94-Y 0-N)
S04V814,SB1016,1/28/2025,S Reported from Education and Health and rereferred to Finance and Appropriations (14-Y 1-N)
S05V1067,SB1016,1/30/2025,S Reported from Finance and Appropriations with amendment (15-Y 0-N)
SV285,SB1016,2/3/2025,S Constitutional reading dispensed (on 1st reading) (40-Y 0-N)
SV315,SB1016,2/4/2025,S Constitutional reading dispensed (on 3rd reading) (40-Y 0-N)
SV320,SB1016,2/4/2025,S Passed Senate (39-Y 1-N)
H09002V2512433,SB1016,2/10/2025,H Subcommittee recommends reporting with substitute (7-Y 3-N)
H09V2512670,SB1016,2/12/2025,H Reported from Education with substitute (16-Y 5-N)
2518780,SB1016,2/17/2025,H Passed House with substitute (69-Y 27-N)
SV648,SB1016,2/18/2025,S House substitute rejected by Senate (0-Y 40-N)
SV876,SB1016,2/20/2025,S Senate acceded to request (39-Y 0-N)
2519154,SB1016,2/21/2025,H Conference report agreed to by House (70-Y 26-N)
SV928,SB1016,2/21/2025,S Conference report agreed to by Senate (39-Y 1-N)
S04V544,SB1017,1/23/2025,S Reported from Education and Health (13-Y 2-N)
SV125,SB1017,1/24/2025,S Constitutional reading dispensed (on 1st reading) (37-Y 0-N)
SV183,SB1017,1/28/2025,S Read third time and passed Senate (35-Y 4-N)
H09001V2512556,SB1017,2/11/2025,H Subcommittee recommends reporting (5-Y 2-N)
H09V2512902,SB1017,2/17/2025,H Reported from Education with amendment(s)  (13-Y 9-N)
2519006,SB1017,2/20/2025,H Passed House with amendments (58-Y 39-N)
SV883,SB1017,2/20/2025,S House Amendments agreed to by Senate (35-Y 4-N)
S04V1012,SB1018,1/30/2025,S Reported from Education and Health (15-Y 0-N)
SV243,SB1018,1/31/2025,S Constitutional reading dispensed (on 1st reading) (39-Y 0-N)
SV280,SB1018,2/3/2025,S Constitutional reading dispensed (on 3rd reading) (40-Y 0-N)
SV281,SB1018,2/3/2025,S Passed Senate (40-Y 0-N)
H09V2512913,SB1018,2/17/2025,H Reported from Education (15-Y 7-N)
2519007,SB1018,2/20/2025,H Passed House (66-Y 31-N)
S04V511,SB1019,1/23/2025,S Reported from Education and Health (15-Y 0-N)
SV125,SB1019,1/24/2025,S Constitutional reading dispensed (on 1st reading) (37-Y 0-N)
SV162,SB1019,1/28/2025,S Read third time and passed Senate (39-Y 0-N)
H24004V2512298,SB1019,2/6/2025,H Subcommittee recommends reporting (8-Y 0-N)
H24V2512303,SB1019,2/6/2025,H Reported from Health and Human Services (22-Y 0-N)
H20V2512882,SB1019,2/17/2025,H Reported from Rules (17-Y 1-N)
2519008,SB1019,2/20/2025,H Passed House (86-Y 10-N)
S09V185,SB1020,1/17/2025,S Reported from Rehabilitation and Social Services (15-Y 0-N)
SV72,SB1020,1/20/2025,S Constitutional reading dispensed (on 1st reading) (40-Y 0-N)
SV95,SB1020,1/22/2025,S Read third time and passed Senate (40-Y 0-N)
H24004V2512300,SB1020,2/6/2025,H Subcommittee recommends reporting with amendment(s)  (8-Y 0-N)
H24V2512304,SB1020,2/6/2025,H Reported from Health and Human Services with amendment(s)  (21-Y 1-N)
2518673,SB1020,2/12/2025,H Passed House with amendments (81-Y 16-N)
SV482,SB1020,2/14/2025,S House Amendments agreed to by Senate (36-Y 0-N)
S02V669,SB1021,1/24/2025,S Reported from Commerce and Labor with substitute and rereferred to Finance and Appropriations (9-Y 6-N)
S05V921,SB1021,1/29/2025,S Reported from Finance and Appropriations with amendment (10-Y 4-N)
SV224,SB1021,1/30/2025,S Constitutional reading dispensed (on 1st reading) (39-Y 0-N 1-A)
SV265,SB1021,2/3/2025,S Read third time and passed Senate (21-Y 19-N)
H14V2512762,SB1021,2/13/2025,H Reported from Labor and Commerce with substitute (14-Y 8-N)
2518816,SB1021,2/18/2025,H Passed House with substitute (74-Y 23-N)
SV754,SB1021,2/19/2025,S House substitute rejected by Senate (0-Y 40-N)
SV895,SB1021,2/20/2025,S Senate acceded to request (38-Y 0-N)
2519155,SB1021,2/21/2025,H Conference report agreed to by House (65-Y 31-N)
SV929,SB1021,2/21/2025,S Conference report agreed to by Senate (21-Y 19-N)
S02V727,SB1022,1/27/2025,S Passed by indefinitely in Commerce and Labor with letter (15-Y 0-N)
S12V960,SB1023,1/29/2025,S Reported from General Laws and Technology (12-Y 3-N)
SV243,SB1023,1/31/2025,S Constitutional reading dispensed (on 1st reading) (39-Y 0-N)
SV299,SB1023,2/4/2025,S Read third time and passed Senate (35-Y 5-N)
H21001V2512911,SB1023,2/17/2025,H Subcommittee recommends laying on the table (6-Y 4-N)
S11V164,SB1024,1/16/2025,S Reported from Transportation with amendment and rereferred to Finance and Appropriations (15-Y 0-N)
S05V775,SB1024,1/28/2025,S Reported from Finance and Appropriations (15-Y 0-N)
SV209,SB1024,1/29/2025,S Constitutional reading dispensed (on 1st reading) (38-Y 0-N)
SV223,SB1024,1/30/2025,S Constitutional reading dispensed (on 3rd reading) (39-Y 1-N)
SV222,SB1024,1/30/2025,S Passed Senate (40-Y 0-N)
H19001V2512550,SB1024,2/11/2025,H Subcommittee recommends reporting (6-Y 1-N)
H19V2512731,SB1024,2/13/2025,H Reported from Transportation (16-Y 4-N)
2518817,SB1024,2/18/2025,H Passed House (71-Y 26-N)
S13V221,SB1025,1/17/2025,S Passed by indefinitely in Courts of Justice (9-Y 6-N)
S13V425,SB1026,1/22/2025,S Passed by indefinitely in Courts of Justice (11-Y 4-N)
S13V90,SB1027,1/15/2025,S Stricken at request of Patron in Courts of Justice (11-Y 0-N)
S10V198,SB1028,1/17/2025,S Reported from Rules (15-Y 0-N)
SV72,SB1028,1/20/2025,S Constitutional reading dispensed (on 1st reading) (40-Y 0-N)
SV95,SB1028,1/22/2025,S Read third time and passed Senate (40-Y 0-N)
H20V2512868,SB1028,2/17/2025,H Tabled in Rules (12-Y 6-N)
S12V479,SB1029,1/22/2025,S Reported from General Laws and Technology and rereferred to Finance and Appropriations (14-Y 1-N)
S05V917,SB1029,1/29/2025,S Reported from Finance and Appropriations with amendments (14-Y 0-N)
SV224,SB1029,1/30/2025,S Constitutional reading dispensed (on 1st reading) (39-Y 0-N 1-A)
SV266,SB1029,2/3/2025,S Read third time and passed Senate (38-Y 2-N)
H11004V2512626,SB1029,2/11/2025,H Subcommittee recommends reporting (6-Y 1-N)
H11V2512783,SB1029,2/13/2025,H Reported from General Laws (16-Y 3-N)
S04V545,SB1030,1/23/2025,S Reported from Education and Health with substitute (15-Y 0-N)
SV125,SB1030,1/24/2025,S Constitutional reading dispensed (on 1st reading) (37-Y 0-N)
SV162,SB1030,1/28/2025,S Read third time and passed Senate (39-Y 0-N)
H09001V2512559,SB1030,2/11/2025,H Subcommittee recommends reporting (5-Y 2-N)
H09V2512903,SB1030,2/17/2025,H Reported from Education with substitute (20-Y 2-N)
2519009,SB1030,2/20/2025,H Passed House with substitute (86-Y 12-N)
SV884,SB1030,2/20/2025,S House substitute agreed to by Senate (39-Y 0-N)
S04V801,SB1031,1/28/2025,S Reported from Education and Health with substitute and rereferred to Finance and Appropriations (9-Y 6-N)
S05V1063,SB1031,1/30/2025,S Passed by indefinitely in Finance and Appropriations (13-Y 2-N)
S04V557,SB1032,1/23/2025,S Reported from Education and Health (14-Y 1-N)
SV125,SB1032,1/24/2025,S Constitutional reading dispensed (on 1st reading) (37-Y 0-N)
SV184,SB1032,1/28/2025,S Read third time and passed Senate (38-Y 1-N)
H09V2512255,SB1032,2/5/2025,H Reported from Education (10-Y 9-N)
2518649,SB1032,2/10/2025,H Passed House (50-Y 45-N)
S04V558,SB1033,1/23/2025,S Reported from Education and Health and rereferred to Finance and Appropriations (9-Y 6-N)
S04V546,SB1034,1/23/2025,S Reported from Education and Health (15-Y 0-N)
SV125,SB1034,1/24/2025,S Constitutional reading dispensed (on 1st reading) (37-Y 0-N)
SV162,SB1034,1/28/2025,S Read third time and passed Senate (39-Y 0-N)
H09V2512252,SB1034,2/5/2025,H Reported from Education with amendment(s)  (20-Y 0-N)
2518643,SB1034,2/10/2025,H Passed House with amendments (95-Y 0-N)
SV391,SB1034,2/12/2025,S House Amendments rejected by Senate (0-Y 39-N)
SV556,SB1034,2/17/2025,S Senate acceded to request (39-Y 0-N)
2519156,SB1034,2/21/2025,H Conference report agreed to by House (95-Y 0-N)
SV930,SB1034,2/21/2025,S Conference report agreed to by Senate (40-Y 0-N)
S04V505,SB1035,1/23/2025,S Reported from Education and Health with substitute (15-Y 0-N)
SV125,SB1035,1/24/2025,S Constitutional reading dispensed (on 1st reading) (37-Y 0-N)
SV162,SB1035,1/28/2025,S Read third time and passed Senate (39-Y 0-N)
H24V2512536,SB1035,2/11/2025,H Reported from Health and Human Services (21-Y 1-N)
2518750,SB1035,2/14/2025,H Passed House (91-Y 3-N)
S04V1023,SB1036,1/30/2025,S Reported from Education and Health with substitute (15-Y 0-N)
SV243,SB1036,1/31/2025,S Constitutional reading dispensed (on 1st reading) (39-Y 0-N)
SV280,SB1036,2/3/2025,S Constitutional reading dispensed (on 3rd reading) (40-Y 0-N)
SV281,SB1036,2/3/2025,S Passed Senate (40-Y 0-N)
H09V2512659,SB1036,2/12/2025,H Reported from Education with substitute (21-Y 0-N)
2518775,SB1036,2/17/2025,H Passed House with substitute (95-Y 0-N)
2518778,SB1036,2/17/2025,H Passed House with substitute (96-Y 0-N)
SV649,SB1036,2/18/2025,S House substitute agreed to by Senate (40-Y 0-N)
S04V560,SB1037,1/23/2025,S Reported from Education and Health with substitute and rereferred to Finance and Appropriations (15-Y 0-N)
S05V903,SB1037,1/29/2025,S Reported from Finance and Appropriations (14-Y 0-N)
SV224,SB1037,1/30/2025,S Constitutional reading dispensed (on 1st reading) (39-Y 0-N 1-A)
SV241,SB1037,1/31/2025,S Constitutional reading dispensed (on 3rd reading) (40-Y 0-N)
SV242,SB1037,1/31/2025,S Passed Senate  (40-Y 0-N)
H09001V2512565,SB1037,2/11/2025,H Subcommittee recommends laying on the table (6-Y 1-N)
H09V2512919,SB1037,2/17/2025,H Reported from Education with substitute (13-Y 9-N)
2519010,SB1037,2/20/2025,H Passed House (52-Y 46-N)
S04V512,SB1038,1/23/2025,S Reported from Education and Health (15-Y 0-N)
SV125,SB1038,1/24/2025,S Constitutional reading dispensed (on 1st reading) (37-Y 0-N)
SV162,SB1038,1/28/2025,S Read third time and passed Senate (39-Y 0-N)
H24003V2512600,SB1038,2/11/2025,H Subcommittee recommends reporting (8-Y 0-N)
H24V2512743,SB1038,2/13/2025,H Reported from Health and Human Services (22-Y 0-N)
2518800,SB1038,2/18/2025,H Passed House (97-Y 0-N)
S09V1082,SB1039,1/31/2025,S Reported from Rehabilitation and Social Services (15-Y 0-N)
SV285,SB1039,2/3/2025,S Constitutional reading dispensed (on 1st reading) (40-Y 0-N)
SV312,SB1039,2/4/2025,S Constitutional reading dispensed (on 3rd reading) (39-Y 0-N)
SV313,SB1039,2/4/2025,S Passed Senate (40-Y 0-N)
H15002V2512712,SB1039,2/13/2025,H Subcommittee recommends reporting (5-Y 1-N)
H15V2512813,SB1039,2/14/2025,H Reported from Public Safety (16-Y 5-N)
2518894,SB1039,2/19/2025,H Passed House (81-Y 15-N)
S02V724,SB1040,1/27/2025,S Reported from Commerce and Labor with substitute (9-Y 6-N)
SV209,SB1040,1/29/2025,S Constitutional reading dispensed (on 1st reading) (38-Y 0-N)
SV233,SB1040,1/31/2025,S Read third time and passed Senate (26-Y 14-N)
H14V2512763,SB1040,2/13/2025,H Reported from Labor and Commerce with amendment(s)  (21-Y 1-N)
2518818,SB1040,2/18/2025,H Passed House with amendment (97-Y 0-N)
SV755,SB1040,2/19/2025,S House Amendment agreed to by Senate (40-Y 0-N)
SV757,SB1040,2/19/2025,S Reconsideration of House amendment agreed to by Senate (40-Y 0-N)
SV758,SB1040,2/19/2025,S House Amendment agreed to by Senate (23-Y 17-N)
SV1035,SB1040,4/2/2025,S Senate rejected Governor's recommendation (19-Y 21-N)
S04V143,SB1041,1/16/2025,S Rereferred from Education and Health
S04V179,SB1041,1/16/2025,S Rereferred from Education and Health to Courts of Justice (14-Y 0-N)
S13V476,SB1041,1/22/2025,S Reported from Courts of Justice with substitute and rereferred to Finance and Appropriations (14-Y 0-N)
S05V872,SB1041,1/29/2025,S Reported from Finance and Appropriations with substitute (15-Y 0-N)
SV224,SB1041,1/30/2025,S Constitutional reading dispensed (on 1st reading) (39-Y 0-N 1-A)
SV280,SB1041,2/3/2025,S Constitutional reading dispensed (on 3rd reading) (40-Y 0-N)
SV281,SB1041,2/3/2025,S Passed Senate (40-Y 0-N)
H08V2512466,SB1041,2/10/2025,H Reported from Courts of Justice (22-Y 0-N)
2518717,SB1041,2/13/2025,H Passed House (96-Y 0-N)
S12V135,SB1042,1/15/2025,S Reported from General Laws and Technology with amendment and rereferred to Finance and Appropriations (15-Y 0-N)
S05V913,SB1042,1/29/2025,S Reported from Finance and Appropriations (14-Y 0-N)
SV224,SB1042,1/30/2025,S Constitutional reading dispensed (on 1st reading) (39-Y 0-N 1-A)
SV241,SB1042,1/31/2025,S Constitutional reading dispensed (on 3rd reading) (40-Y 0-N)
SV242,SB1042,1/31/2025,S Passed Senate (40-Y 0-N)
H11V2512325,SB1042,2/6/2025,H Reported from General Laws (21-Y 0-N)
2518652,SB1042,2/11/2025,H Passed House (94-Y 0-N)
S12V136,SB1043,1/15/2025,S Reported from General Laws and Technology with substitute (15-Y 0-N)
SV57,SB1043,1/17/2025,S Constitutional reading dispensed (on 1st reading) (40-Y 0-N)
SV77,SB1043,1/21/2025,S Read third time and passed Senate (40-Y 0-N)
H11V2512350,SB1043,2/6/2025,H Reported from General Laws (17-Y 4-N)
2518674,SB1043,2/12/2025,H Passed House (62-Y 34-N)
S08V369,SB1044,1/21/2025,S Reported from Privileges and Elections with amendment and rereferred to Finance and Appropriations (15-Y 0-N)
S05V918,SB1044,1/29/2025,S Reported from Finance and Appropriations (14-Y 0-N)
SV224,SB1044,1/30/2025,S Constitutional reading dispensed (on 1st reading) (39-Y 0-N 1-A)
SV241,SB1044,1/31/2025,S Constitutional reading dispensed (on 3rd reading) (40-Y 0-N)
SV242,SB1044,1/31/2025,S Passed Senate (40-Y 0-N)
H18001V2512514,SB1044,2/10/2025,H Subcommittee recommends reporting with amendment(s)  (6-Y 1-N 1-A)
H18V2512831,SB1044,2/14/2025,H Reported from Privileges and Elections (22-Y 0-N)
2518884,SB1044,2/19/2025,H Passed House (97-Y 0-N)
S07V702,SB1045,1/27/2025,S Failed to report (defeated) in Local Government (5-Y 10-N)
S07V713,SB1046,1/27/2025,S Failed to report from Local Government with substitute (5-Y 6-N 4-A)
S02V754,SB1047,1/27/2025,S Reported from Commerce and Labor with amendment and rereferred to Finance and Appropriations (9-Y 6-N)
S05V1057,SB1047,1/30/2025,S Reported from Finance and Appropriations (10-Y 5-N)
SV285,SB1047,2/3/2025,S Constitutional reading dispensed (on 1st reading) (40-Y 0-N)
SV315,SB1047,2/4/2025,S Constitutional reading dispensed (on 3rd reading) (40-Y 0-N)
SV321,SB1047,2/4/2025,S Passed Senate (21-Y 17-N)
H14003V2512642,SB1047,2/11/2025,H Subcommittee recommends reporting (5-Y 4-N)
H14V2512803,SB1047,2/13/2025,H Reported from Labor and Commerce (12-Y 9-N)
2518819,SB1047,2/18/2025,H Passed House (53-Y 44-N)
S04V561,SB1048,1/23/2025,S Reported from Education and Health (10-Y 5-N)
SV125,SB1048,1/24/2025,S Constitutional reading dispensed (on 1st reading) (37-Y 0-N)
SV185,SB1048,1/28/2025,S Read third time and passed Senate (21-Y 18-N)
H09V2512256,SB1048,2/5/2025,H Reported from Education (14-Y 6-N)
2518663,SB1048,2/12/2025,H Passed House (54-Y 42-N)
S02V744,SB1049,1/27/2025,S Failed to report (defeated) in Commerce and Labor (4-Y 11-N)
S08V836,SB1050,1/28/2025,S Reported from Privileges and Elections with amendment (8-Y 7-N)
SV224,SB1050,1/30/2025,S Constitutional reading dispensed (on 1st reading) (39-Y 0-N 1-A)
SV267,SB1050,2/3/2025,S Motion to recommit to committee rejected (11-Y 29-N)
S01V841,SB1051,1/28/2025,"S Rereferred from Agriculture, Conservation and Natural Resources to Courts of Justice (13-Y 1-N)"
S13V1091,SB1051,2/3/2025,S Reported from Courts of Justice with substitute (13-Y 0-N)
SV328,SB1051,2/4/2025,S Constitutional reading dispensed (on 1st reading) (40-Y 0-N)
SV331,SB1051,2/4/2025,S Constitutional reading dispensed (on 3rd reading) (40-Y 0-N)
SV335,SB1051,2/4/2025,S Passed Senate (39-Y 0-N)
H01V2512679,SB1051,2/12/2025,"H Reported from Agriculture, Chesapeake and Natural Resources (15-Y 7-N)"
2518781,SB1051,2/17/2025,H Passed House (63-Y 32-N)
SV1036,SB1051,4/2/2025,S Senate concurred in Governor's recommendation (40-Y 0-N)
2519343,SB1051,4/2/2025,H House concurred in Governor's recommendation (75-Y 16-N)
S12V472,SB1052,1/22/2025,S Reported from General Laws and Technology (8-Y 0-N 6-A)
SV125,SB1052,1/24/2025,S Constitutional reading dispensed (on 1st reading) (37-Y 0-N)
SV186,SB1052,1/28/2025,S Read third time and passed Senate (21-Y 18-N)
H14002V2512632,SB1052,2/11/2025,H Subcommittee recommends reporting (5-Y 3-N)
H14V2512780,SB1052,2/13/2025,H Reported from Labor and Commerce (12-Y 10-N)
2518820,SB1052,2/18/2025,H Passed House (50-Y 47-N)
S13V248,SB1053,1/20/2025,S Reported from Courts of Justice with amendment (15-Y 0-N)
SV87,SB1053,1/21/2025,S Constitutional reading dispensed (on 1st reading) (40-Y 0-N)
SV112,SB1053,1/23/2025,S Reconsideration of  Engrossment agreed to (39-Y 0-N)
SV113,SB1053,1/23/2025,S Constitutional reading dispensed (on 3rd reading) (39-Y 0-N)
SV114,SB1053,1/23/2025,S Passed Senate (39-Y 0-N)
H08001V2512284,SB1053,2/5/2025,H Subcommittee recommends reporting with substitute (7-Y 1-N)
H08V2512488,SB1053,2/10/2025,H Reported from Courts of Justice (22-Y 0-N)
2518730,SB1053,2/13/2025,H Passed House (89-Y 8-N)
S09V1081,SB1054,1/31/2025,S Passed by indefinitely in Rehabilitation and Social Services (15-Y 0-N)
S12V119,SB1055,1/15/2025,S Reported from General Laws and Technology (15-Y 0-N)
SV57,SB1055,1/17/2025,S Constitutional reading dispensed (on 1st reading) (40-Y 0-N)
SV77,SB1055,1/21/2025,S Read third time and passed Senate (40-Y 0-N)
H11002V2512370,SB1055,2/6/2025,H Subcommittee recommends reporting with amendment(s)  (8-Y 0-N)
H11V2512616,SB1055,2/11/2025,H Reported from General Laws with amendment(s)  (19-Y 0-N)
2518747,SB1055,2/14/2025,H Passed House with amendments (96-Y 0-N)
SV585,SB1055,2/18/2025,S House Amendments agreed to by Senate (21-Y 19-N)
S02V310,SB1056,1/20/2025,S Reported from Commerce and Labor and rereferred to Finance and Appropriations (15-Y 0-N)
S05V781,SB1056,1/28/2025,S Reported from Finance and Appropriations (15-Y 0-N)
SV209,SB1056,1/29/2025,S Constitutional reading dispensed (on 1st reading) (38-Y 0-N)
SV222,SB1056,1/30/2025,S Constitutional reading dispensed (on 3rd reading) (39-Y 1-N)
SV223,SB1056,1/30/2025,S Passed Senate (40-Y 0-N)
H14V2512342,SB1056,2/6/2025,H Reported from Labor and Commerce with amendment(s)  (12-Y 9-N)
2518675,SB1056,2/12/2025,H Passed House with amendments (49-Y 47-N)
SV485,SB1056,2/14/2025,S House Amendments rejected by Senate (1-Y 35-N)
SV661,SB1056,2/18/2025,S Senate acceded to request (40-Y 0-N)
SV976,SB1056,2/22/2025,S Conference report agreed to by Senate (37-Y 3-N)
2519206,SB1056,2/22/2025,H Conference report agreed to by House (51-Y 46-N)
SV1037,SB1056,4/2/2025,S Senate concurred in Governor's recommendation (40-Y 0-N)
2519344,SB1056,4/2/2025,H House concurred in Governor's recommendation (58-Y 37-N)
S02V309,SB1057,1/20/2025,S Reported from Commerce and Labor and rereferred to Finance and Appropriations (15-Y 0-N)
S05V782,SB1057,1/28/2025,S Reported from Finance and Appropriations (15-Y 0-N)
SV209,SB1057,1/29/2025,S Constitutional reading dispensed (on 1st reading) (38-Y 0-N)
SV222,SB1057,1/30/2025,S Constitutional reading dispensed (on 3rd reading) (39-Y 1-N)
SV223,SB1057,1/30/2025,S Passed Senate (40-Y 0-N)
H14002V2512630,SB1057,2/11/2025,H Subcommittee recommends reporting (6-Y 2-N)
H14V2512782,SB1057,2/13/2025,H Reported from Labor and Commerce (12-Y 10-N)
2518821,SB1057,2/18/2025,H Passed House (49-Y 47-N)
2518845,SB1057,2/18/2025,H Passed House (50-Y 47-N)
S02V1111,SB1058,2/3/2025,S Reported from Commerce and Labor with substitute (9-Y 6-N)
SV328,SB1058,2/4/2025,S Constitutional reading dispensed (on 1st reading) (40-Y 0-N)
SV331,SB1058,2/4/2025,S Constitutional reading dispensed (on 3rd reading) (40-Y 0-N)
SV336,SB1058,2/4/2025,S Passed Senate (21-Y 18-N)
H14V2512770,SB1058,2/13/2025,H Reported from Labor and Commerce with substitute (19-Y 3-N)
2518822,SB1058,2/18/2025,H Passed House with substitute (87-Y 9-N)
SV756,SB1058,2/19/2025,S House substitute agreed to by Senate (21-Y 19-N)
SV786,SB1058,2/19/2025,S Reconsideration of House substitute agreed to by Senate (40-Y 0-N)
SV787,SB1058,2/19/2025,S House substitute agreed to by Senate (22-Y 18-N)
SV1038,SB1058,4/2/2025,S Senate concurred in Governor's recommendation (39-Y 0-N)
2519345,SB1058,4/2/2025,H House concurred in Governor's recommendation (93-Y 2-N)
S12V433,SB1059,1/22/2025,S Reported from General Laws and Technology (15-Y 0-N)
SV125,SB1059,1/24/2025,S Constitutional reading dispensed (on 1st reading) (37-Y 0-N)
SV162,SB1059,1/28/2025,S Read third time and passed Senate (39-Y 0-N)
H11V2512241,SB1059,2/4/2025,H Reported from General Laws (21-Y 0-N)
2518629,SB1059,2/7/2025,H Passed House (94-Y 0-N)
S13V252,SB1060,1/20/2025,S Reported from Courts of Justice with substitute and rereferred to Finance and Appropriations (15-Y 0-N)
S05V863,SB1060,1/29/2025,S Reported from Finance and Appropriations with substitute (14-Y 0-N 1-A)
SV224,SB1060,1/30/2025,S Constitutional reading dispensed (on 1st reading) (39-Y 0-N 1-A)
SV268,SB1060,2/3/2025,S Read third time and passed Senate (39-Y 1-N)
H08V2512478,SB1060,2/10/2025,H Reported from Courts of Justice with substitute (22-Y 0-N)
2518660,SB1060,2/12/2025,H Constitutional reading dispensed (on 3rd reading)  (95-Y 0-N)
2518704,SB1060,2/12/2025,H Passed House with substitute (86-Y 10-N)
SV435,SB1060,2/12/2025,S House substitute rejected by Senate (4-Y 33-N)
SV441,SB1060,2/12/2025,S Senate acceded to request (40-Y 0-N)
2519157,SB1060,2/21/2025,H Conference report agreed to by House (80-Y 15-N)
SV931,SB1060,2/21/2025,S Conference report agreed to by Senate (40-Y 0-N)
S11V174,SB1061,1/16/2025,S Reported from Transportation and rereferred to Finance and Appropriations (12-Y 0-N)
S05V769,SB1061,1/28/2025,S Passed by indefinitely in Finance and Appropriations (11-Y 4-N)
S12V435,SB1062,1/22/2025,S Reported from General Laws and Technology with amendment and rereferred to Finance and Appropriations (15-Y 0-N)
S05V914,SB1062,1/29/2025,S Passed by indefinitely in Finance and Appropriations (13-Y 1-N)
S04V530,SB1063,1/23/2025,S Reported from Education and Health with substitute and rereferred to Finance and Appropriations (15-Y 0-N)
S04V513,SB1064,1/23/2025,S Reported from Education and Health (15-Y 0-N)
SV125,SB1064,1/24/2025,S Constitutional reading dispensed (on 1st reading) (37-Y 0-N)
SV162,SB1064,1/28/2025,S Read third time and passed Senate (39-Y 0-N)
H24003V2512599,SB1064,2/11/2025,H Subcommittee recommends reporting (8-Y 0-N)
H24V2512744,SB1064,2/13/2025,H Reported from Health and Human Services (22-Y 0-N)
2518800,SB1064,2/18/2025,H Passed House (97-Y 0-N)
S04V547,SB1066,1/23/2025,S Passed by indefinitely in Education and Health (9-Y 6-N)
S13V259,SB1067,1/20/2025,S Reported from Courts of Justice and rereferred to Finance and Appropriations (15-Y 0-N)
S05V795,SB1067,1/28/2025,S Reported from Finance and Appropriations (15-Y 0-N)
SV209,SB1067,1/29/2025,S Constitutional reading dispensed (on 1st reading) (38-Y 0-N)
SV222,SB1067,1/30/2025,S Constitutional reading dispensed (on 3rd reading) (39-Y 1-N)
SV223,SB1067,1/30/2025,S Passed Senate (40-Y 0-N)
H08V2512262,SB1067,2/5/2025,H Reported from Courts of Justice (22-Y 0-N)
2518643,SB1067,2/10/2025,H Passed House (95-Y 0-N)
S13V951,SB1068,1/29/2025,S Passed by indefinitely in Courts of Justice (9-Y 6-N)
S13V258,SB1069,1/20/2025,S Reported from Courts of Justice with amendment and rereferred to Finance and Appropriations (15-Y 0-N)
S05V916,SB1069,1/29/2025,S Reported from Finance and Appropriations with amendment (14-Y 0-N)
SV224,SB1069,1/30/2025,S Constitutional reading dispensed (on 1st reading) (39-Y 0-N 1-A)
SV241,SB1069,1/31/2025,S Constitutional reading dispensed (on 3rd reading) (40-Y 0-N)
SV242,SB1069,1/31/2025,S Passed Senate (40-Y 0-N)
H08002V2512414,SB1069,2/7/2025,H Subcommittee recommends reporting with amendment(s)  (8-Y 0-N)
H08V2512493,SB1069,2/10/2025,H Reported from Courts of Justice with amendment(s)  (22-Y 0-N)
2518717,SB1069,2/13/2025,H Passed House with amendments (96-Y 0-N)
SV535,SB1069,2/17/2025,S House Amendments agreed to by Senate (39-Y 0-N)
S08V353,SB1070,1/21/2025,S Passed by indefinitely in Privileges and Elections (8-Y 7-N)
S09V605,SB1071,1/24/2025,S Passed by indefinitely in Rehabilitation and Social Services (8-Y 7-N)
S08V358,SB1072,1/21/2025,S Passed by indefinitely in Privileges and Elections (8-Y 7-N)
S08V359,SB1073,1/21/2025,S Passed by indefinitely in Privileges and Elections (8-Y 7-N)
S04V514,SB1074,1/23/2025,S Passed by indefinitely in Education and Health (9-Y 6-N)
S02V1113,SB1076,2/3/2025,S Reported from Commerce and Labor (11-Y 0-N 4-A)
SV328,SB1076,2/4/2025,S Constitutional reading dispensed (on 1st reading) (40-Y 0-N)
SV331,SB1076,2/4/2025,S Constitutional reading dispensed (on 3rd reading) (40-Y 0-N)
SV337,SB1076,2/4/2025,S Passed Senate (39-Y 1-N)
H14V2512769,SB1076,2/13/2025,H Reported from Labor and Commerce with substitute (20-Y 1-N)
2518823,SB1076,2/18/2025,H Passed House with substitute (81-Y 15-N)
SV759,SB1076,2/19/2025,S House substitute rejected by Senate (0-Y 40-N)
SV895,SB1076,2/20/2025,S Senate acceded to request (38-Y 0-N)
2519207,SB1076,2/22/2025,H Conference report agreed to by House (97-Y 0-N)
SV1006,SB1076,2/22/2025,S Conference report agreed to by Senate (39-Y 0-N)
S02V1114,SB1077,2/3/2025,S Passed by indefinitely in Commerce and Labor (9-Y 6-N)
S02V311,SB1078,1/20/2025,S Failed to report (defeated) in Commerce and Labor (5-Y 10-N)
S04V548,SB1079,1/23/2025,S Passed by indefinitely in Education and Health (9-Y 6-N)
S09V604,SB1080,1/24/2025,S Passed by indefinitely in Rehabilitation and Social Services (8-Y 7-N)
S04V506,SB1081,1/23/2025,S Reported from Education and Health (15-Y 0-N)
SV125,SB1081,1/24/2025,S Constitutional reading dispensed (on 1st reading) (37-Y 0-N)
SV162,SB1081,1/28/2025,S Read third time and passed Senate (39-Y 0-N)
H24V2512305,SB1081,2/6/2025,H Reported from Health and Human Services (22-Y 0-N)
2518652,SB1081,2/11/2025,H Passed House (94-Y 0-N)
S11V159,SB1082,1/16/2025,S Rereferred from Transportation to Finance and Appropriations (15-Y 0-N)
S05V772,SB1082,1/28/2025,S Reported from Finance and Appropriations with substitute (15-Y 0-N)
SV209,SB1082,1/29/2025,S Constitutional reading dispensed (on 1st reading) (38-Y 0-N)
SV222,SB1082,1/30/2025,S Constitutional reading dispensed (on 3rd reading) (39-Y 1-N)
SV223,SB1082,1/30/2025,S Passed Senate  (40-Y 0-N)
H02V2512459,SB1082,2/10/2025,H Reported from Appropriations with amendment(s)  (22-Y 0-N)
2518660,SB1082,2/12/2025,H Constitutional reading dispensed (on 3rd reading) (95-Y 0-N)
2518705,SB1082,2/12/2025,H Passed House with amendment (95-Y 0-N)
SV436,SB1082,2/12/2025,S House Amendment rejected by Senate (0-Y 39-N)
SV442,SB1082,2/12/2025,S Senate acceded to request (40-Y 0-N)
SV800,SB1082,2/20/2025,S Conference report agreed to by Senate (39-Y 0-N)
2519077,SB1082,2/20/2025,H Conference report agreed to by House (95-Y 1-N)
S04V1024,SB1084,1/30/2025,S Reported from Education and Health with substitute (15-Y 0-N)
SV243,SB1084,1/31/2025,S Constitutional reading dispensed (on 1st reading) (39-Y 0-N)
SV280,SB1084,2/3/2025,S Constitutional reading dispensed (on 3rd reading) (40-Y 0-N)
SV281,SB1084,2/3/2025,S Passed Senate (40-Y 0-N)
H09001V2512540,SB1084,2/11/2025,H Subcommittee recommends reporting with amendment(s)  (6-Y 1-N)
H09V2512904,SB1084,2/17/2025,H Reported from Education with amendment(s)  (19-Y 3-N)
2519011,SB1084,2/20/2025,H Passed House with amendments (97-Y 0-N 1-A)
SV885,SB1084,2/20/2025,S House Amendments agreed to by Senate (39-Y 0-N)
S05V316,SB1085,1/21/2025,S Stricken at request of Patron in Finance and Appropriations (14-Y 0-N)
S11V570,SB1086,1/23/2025,S Stricken at request of Patron in Transportation (12-Y 0-N)
S07V250,SB1087,1/20/2025,S Stricken at request of Patron in Local Government (14-Y 0-N)
S12V463,SB1089,1/22/2025,S Reported from General Laws and Technology (15-Y 0-N)
SV125,SB1089,1/24/2025,S Constitutional reading dispensed (on 1st reading) (37-Y 0-N)
SV162,SB1089,1/28/2025,S Read third time and passed Senate (39-Y 0-N)
H11V2512242,SB1089,2/4/2025,H Reported from General Laws (21-Y 0-N)
2518629,SB1089,2/7/2025,H Passed House (94-Y 0-N)
S04V989,SB1090,1/30/2025,S Reported from Education and Health with substitute and rereferred to Finance and Appropriations (15-Y 0-N)
S02V726,SB1091,1/27/2025,S Passed by indefinitely in Commerce and Labor (9-Y 6-N)
S13V949,SB1092,1/29/2025,S Reported from Courts of Justice with substitute (15-Y 0-N)
SV243,SB1092,1/31/2025,S Constitutional reading dispensed (on 1st reading) (39-Y 0-N)
SV280,SB1092,2/3/2025,S Constitutional reading dispensed (on 3rd reading) (40-Y 0-N)
SV281,SB1092,2/3/2025,S Passed Senate (40-Y 0-N)
H08V2512469,SB1092,2/10/2025,H Reported from Courts of Justice with substitute and referred to Appropriations (21-Y 1-N)
S01V851,SB1093,1/28/2025,"S Reported from Agriculture, Conservation and Natural Resources (10-Y 0-N 4-A)"
SV224,SB1093,1/30/2025,S Constitutional reading dispensed (on 1st reading) (39-Y 0-N 1-A)
SV269,SB1093,2/3/2025,S Read third time and passed Senate (22-Y 18-N)
H01V2512680,SB1093,2/12/2025,"H Reported from Agriculture, Chesapeake and Natural Resources (21-Y 1-N)"
2518782,SB1093,2/17/2025,H Passed House (87-Y 9-N)
SV1039,SB1093,4/2/2025,S Senate concurred in Governor's recommendation (24-Y 15-N)
SV1041,SB1093,4/2/2025,S Reconsideration of Governor's recommendation rejected (40-Y 0-N)
SV1042,SB1093,4/2/2025,S Senate rejected Governor's recommendation (19-Y 21-N)
S04V515,SB1094,1/23/2025,S Reported from Education and Health with amendments (15-Y 0-N)
SV125,SB1094,1/24/2025,S Constitutional reading dispensed (on 1st reading) (37-Y 0-N)
SV162,SB1094,1/28/2025,S Read third time and passed Senate (39-Y 0-N)
H24V2512718,SB1094,2/13/2025,H Reported from Health and Human Services (21-Y 0-N)
2518800,SB1094,2/18/2025,H Passed House (97-Y 0-N)
S13V104,SB1095,1/15/2025,S Reported from Courts of Justice (15-Y 0-N)
SV57,SB1095,1/17/2025,S Constitutional reading dispensed (on 1st reading) (40-Y 0-N)
SV77,SB1095,1/21/2025,S Read third time and passed Senate (40-Y 0-N)
H08V2512263,SB1095,2/5/2025,H Reported from Courts of Justice (22-Y 0-N)
2518643,SB1095,2/10/2025,H Passed House (95-Y 0-N)
S12V456,SB1096,1/22/2025,S Reported from General Laws and Technology (15-Y 0-N)
SV125,SB1096,1/24/2025,S Constitutional reading dispensed (on 1st reading) (37-Y 0-N)
SV162,SB1096,1/28/2025,S Read third time and passed Senate (39-Y 0-N)
H11V2512608,SB1096,2/11/2025,H Reported from General Laws (19-Y 0-N)
2518747,SB1096,2/14/2025,H Passed House (96-Y 0-N)
S04V516,SB1098,1/23/2025,S Reported from Education and Health with substitute (9-Y 6-N)
SV125,SB1098,1/24/2025,S Constitutional reading dispensed (on 1st reading) (37-Y 0-N)
SV250,SB1098,2/3/2025,S Engrossment reconsidered by Senate
SV251,SB1098,2/3/2025,S Committee substitute reconsidered
SV252,SB1098,2/3/2025,S Education and Health                                         Substitute  rejected
SV253,SB1098,2/3/2025,S Constitutional reading dispensed (on 3rd reading) (38-Y 0-N)
SV254,SB1098,2/3/2025,S Passed Senate (21-Y 19-N)
S04V531,SB1099,1/23/2025,S Reported from Education and Health with amendments and rereferred to Finance and Appropriations (15-Y 0-N)
S02V732,SB1100,1/27/2025,S Reported from Commerce and Labor with substitute (13-Y 2-N)
SV209,SB1100,1/29/2025,S Constitutional reading dispensed (on 1st reading) (38-Y 0-N)
SV234,SB1100,1/31/2025,S Read third time and passed Senate (22-Y 18-N)
H14V2512758,SB1100,2/13/2025,H Reported from Labor and Commerce with substitute (17-Y 5-N)
2518824,SB1100,2/18/2025,H Passed House with substitute (70-Y 26-N)
SV760,SB1100,2/19/2025,S House substitute agreed to by Senate (21-Y 19-N)
SV1040,SB1100,4/2/2025,S Senate rejected Governor's recommendation (19-Y 21-N)
S04V517,SB1101,1/23/2025,S Reported from Education and Health and rereferred to Finance and Appropriations (13-Y 1-N)
S05V885,SB1101,1/29/2025,S Reported from Finance and Appropriations with substitute (15-Y 0-N)
SV224,SB1101,1/30/2025,S Constitutional reading dispensed (on 1st reading) (39-Y 0-N 1-A)
SV270,SB1101,2/3/2025,S Read third time and passed Senate (40-Y 0-N)
H20V2512923,SB1101,2/17/2025,H Passed by indefinitely in Rules (18-Y 0-N)
S04V804,SB1102,1/28/2025,S Reported from Education and Health with substitute and rereferred to Finance and Appropriations (15-Y 0-N)
S02V287,SB1103,1/20/2025,S Reported from Commerce and Labor with amendment and rereferred to Finance and Appropriations (9-Y 6-N)
S04V562,SB1104,1/23/2025,S Reported from Education and Health (9-Y 6-N)
SV125,SB1104,1/24/2025,S Constitutional reading dispensed (on 1st reading) (37-Y 0-N)
SV187,SB1104,1/28/2025,S Read third time and passed Senate (21-Y 18-N)
H09001V2512552,SB1104,2/11/2025,H Subcommittee recommends reporting (5-Y 1-N)
H09V2512905,SB1104,2/17/2025,H Reported from Education (16-Y 6-N)
2519012,SB1104,2/20/2025,H Passed House (80-Y 18-N)
S04V518,SB1105,1/23/2025,S Reported from Education and Health (9-Y 6-N)
SV125,SB1105,1/24/2025,S Constitutional reading dispensed (on 1st reading) (37-Y 0-N)
SV188,SB1105,1/28/2025,S Read third time and passed Senate (19-Y 19-N)
SV189,SB1105,1/28/2025,S Reconsideration of  (39-Y 0-N)
SV190,SB1105,1/28/2025,S Passed Senate (21-Y 18-N)
H24V2512541,SB1105,2/11/2025,H Reported from Health and Human Services with substitute (15-Y 7-N)
2518751,SB1105,2/14/2025,H Passed House with substitute (54-Y 41-N)
SV586,SB1105,2/18/2025,S House substitute agreed to by Senate (21-Y 19-N)
SV1043,SB1105,4/2/2025,S Senate rejected Governor's recommendation (19-Y 21-N)
S04V532,SB1106,1/23/2025,S Reported from Education and Health with amendment and rereferred to Finance and Appropriations (15-Y 0-N)
S05V898,SB1106,1/29/2025,S Reported from Finance and Appropriations (15-Y 0-N)
SV224,SB1106,1/30/2025,S Constitutional reading dispensed (on 1st reading) (39-Y 0-N 1-A)
SV241,SB1106,1/31/2025,S Constitutional reading dispensed (on 3rd reading) (40-Y 0-N)
SV242,SB1106,1/31/2025,S Passed Senate (40-Y 0-N)
H09002V2512429,SB1106,2/10/2025,H Subcommittee recommends reporting with amendment(s)  (10-Y 0-N)
H09V2512673,SB1106,2/12/2025,H Reported from Education with amendment(s)  and referred to Appropriations (21-Y 0-N)
H02V2512836,SB1106,2/14/2025,H Reported from Appropriations (21-Y 0-N)
2518884,SB1106,2/19/2025,H Passed House with amendments (97-Y 0-N)
SV865,SB1106,2/20/2025,S House Amendments rejected by Senate  (0-Y 39-N)
SV898,SB1106,2/20/2025,S Senate acceded to request (38-Y 0-N)
2519158,SB1106,2/21/2025,H Conference report agreed to by House (95-Y 0-N)
SV932,SB1106,2/21/2025,S Conference report agreed to by Senate (40-Y 0-N)
S12V471,SB1107,1/22/2025,S Reported from General Laws and Technology with substitute (14-Y 1-N)
SV125,SB1107,1/24/2025,S Constitutional reading dispensed (on 1st reading) (37-Y 0-N)
SV191,SB1107,1/28/2025,S Read third time and passed Senate (37-Y 1-N)
H11V2512609,SB1107,2/11/2025,H Reported from General Laws (19-Y 0-N)
2518747,SB1107,2/14/2025,H Passed House (96-Y 0-N)
S13V679,SB1108,1/27/2025,S Reported from Courts of Justice and rereferred to Finance and Appropriations (14-Y 0-N)
S05V875,SB1108,1/29/2025,S Reported from Finance and Appropriations (15-Y 0-N)
SV224,SB1108,1/30/2025,S Constitutional reading dispensed (on 1st reading) (39-Y 0-N 1-A)
SV241,SB1108,1/31/2025,S Constitutional reading dispensed (on 3rd reading) (40-Y 0-N)
SV242,SB1108,1/31/2025,S Passed Senate (40-Y 0-N)
H08001V2512423,SB1108,2/7/2025,H Subcommittee recommends reporting with substitute and referring to Appropriations (8-Y 0-N)
H08V2512489,SB1108,2/10/2025,H Reported from Courts of Justice with substitute and referred to Appropriations (22-Y 0-N)
S13V230,SB1109,1/17/2025,S Passed by indefinitely in Courts of Justice with letter (15-Y 0-N)
S13V228,SB1110,1/17/2025,S Reported from Courts of Justice with substitute and rereferred to Finance and Appropriations (8-Y 6-N 1-A)
S05V406,SB1110,1/22/2025,S Reported from Finance and Appropriations (10-Y 5-N)
SV110,SB1110,1/23/2025,S Constitutional reading dispensed (on 1st reading) (39-Y 0-N)
SV145,SB1110,1/27/2025,S Read third time and passed Senate (19-Y 19-N)
SV146,SB1110,1/27/2025,S Reconsideration of  Passage agreed to (37-Y 1-N)
SV147,SB1110,1/27/2025,S Passed Senate (20-Y 18-N)
H15V2512379,SB1110,2/7/2025,H Reported from Public Safety (11-Y 10-N)
2518690,SB1110,2/12/2025,H Passed House (51-Y 46-N)
S04V805,SB1111,1/28/2025,S Reported from Education and Health and rereferred to Finance and Appropriations (15-Y 0-N)
S05V1070,SB1111,1/30/2025,S Stricken at request of Patron in Finance and Appropriations (15-Y 0-N)
S02V289,SB1112,1/20/2025,S Reported from Commerce and Labor and rereferred to Finance and Appropriations (9-Y 6-N)
S07V251,SB1114,1/20/2025,S Rereferred from Local Government and Rereferred to Commerce and Labor (13-Y 1-N)
S13V100,SB1115,1/15/2025,S Reported from Courts of Justice (15-Y 0-N)
SV57,SB1115,1/17/2025,S Constitutional reading dispensed (on 1st reading) (40-Y 0-N)
SV77,SB1115,1/21/2025,S Read third time and passed Senate (40-Y 0-N)
H08V2512264,SB1115,2/5/2025,H Reported from Courts of Justice (22-Y 0-N)
2518643,SB1115,2/10/2025,H Passed House (95-Y 0-N)
S13V101,SB1116,1/15/2025,S Reported from Courts of Justice (13-Y 0-N 2-A)
SV57,SB1116,1/17/2025,S Constitutional reading dispensed (on 1st reading) (40-Y 0-N)
SV83,SB1116,1/21/2025,S Read third time and passed Senate (40-Y 0-N)
H08V2512265,SB1116,2/5/2025,H Reported from Courts of Justice (22-Y 0-N)
2518643,SB1116,2/10/2025,H Passed House (95-Y 0-N)
S12V121,SB1118,1/15/2025,S Reported from General Laws and Technology with amendment (9-Y 4-N 2-A)
SV57,SB1118,1/17/2025,S Constitutional reading dispensed (on 1st reading) (40-Y 0-N)
SV86,SB1118,1/21/2025,S Read third time and passed Senate (21-Y 19-N)
H07002V2512292,SB1118,2/6/2025,H Subcommittee recommends reporting with amendment(s)  (8-Y 0-N)
H07V2512407,SB1118,2/7/2025,"H Reported from Counties, Cities and Towns with amendment(s)  (18-Y 3-N)"
H20V2512883,SB1118,2/17/2025,H Reported from Rules (14-Y 4-N)
2519013,SB1118,2/20/2025,H Passed House with amendments (56-Y 42-N)
SV886,SB1118,2/20/2025,S House Amendments agreed to by Senate (23-Y 16-N)
S08V373,SB1119,1/21/2025,S Reported from Privileges and Elections (8-Y 6-N 1-A)
SV110,SB1119,1/23/2025,S Constitutional reading dispensed (on 1st reading) (39-Y 0-N)
SV148,SB1119,1/27/2025,S Reconsideration of  (38-Y 0-N)
SV150,SB1119,1/27/2025,S Passed Senate (27-Y 11-N)
H18V2512396,SB1119,2/7/2025,H Reported from Privileges and Elections (16-Y 6-N)
2518691,SB1119,2/12/2025,H Passed House (55-Y 42-N)
S10V207,SB1120,1/17/2025,S Reported from Rules and rereferred to Finance and Appropriations (15-Y 0-N)
S05V869,SB1120,1/29/2025,S Reported from Finance and Appropriations with substitute (15-Y 0-N)
SV224,SB1120,1/30/2025,S Constitutional reading dispensed (on 1st reading) (39-Y 0-N 1-A)
SV241,SB1120,1/31/2025,S Constitutional reading dispensed (on 3rd reading) (40-Y 0-N)
SV242,SB1120,1/31/2025,S Passed Senate (40-Y 0-N)
H02V2512458,SB1120,2/10/2025,H Reported from Appropriations with amendment(s)  (22-Y 0-N)
2518717,SB1120,2/13/2025,H Passed House with amendment (96-Y 0-N)
SV536,SB1120,2/17/2025,S House Amendment agreed to by Senate (39-Y 0-N)
S05V79,SB1121,1/15/2025,S Reported from Finance and Appropriations (13-Y 0-N)
SV42,SB1121,1/16/2025,S Constitutional reading dispensed (on 1st reading) (39-Y 0-N)
SV62,SB1121,1/20/2025,S Read third time and passed Senate (40-Y 0-N)
H02V2512456,SB1121,2/10/2025,H Reported from Appropriations (22-Y 0-N)
2518660,SB1121,2/12/2025,H Constitutional reading dispensed (on 3rd reading) (95-Y 0-N)
2518706,SB1121,2/12/2025,H Passed House (93-Y 4-N)
S05V325,SB1122,1/21/2025,S Reported from Finance and Appropriations with substitute (10-Y 5-N)
SV99,SB1122,1/22/2025,S Constitutional reading dispensed (on 1st reading) (40-Y 0-N)
SV168,SB1122,1/28/2025,S Read third time and passed Senate (21-Y 18-N)
H02V2512445,SB1122,2/10/2025,H Reported from Appropriations (12-Y 10-N)
2518660,SB1122,2/12/2025,H Constitutional reading dispensed (on 3rd reading) (95-Y 0-N)
2518702,SB1122,2/12/2025,H Defeated by House - 51 votes required for passage (49-Y 48-N)
S01V847,SB1123,1/28/2025,"S Passed by indefinitely in Agriculture, Conservation and Natural Resources with letter (11-Y 2-N 1-A)"
S04V549,SB1124,1/23/2025,S Reported from Education and Health with substitute (15-Y 0-N)
SV125,SB1124,1/24/2025,S Constitutional reading dispensed (on 1st reading) (37-Y 0-N)
SV162,SB1124,1/28/2025,S Read third time and passed Senate (39-Y 0-N)
H09001V2512555,SB1124,2/11/2025,H Subcommittee recommends reporting (6-Y 1-N)
H09V2512907,SB1124,2/17/2025,H Reported from Education (13-Y 9-N)
2519068,SB1124,2/20/2025,H Passed House (59-Y 39-N)
S01V838,SB1125,1/28/2025,"S Reported from Agriculture, Conservation and Natural Resources with substitute (8-Y 5-N 1-A)"
SV224,SB1125,1/30/2025,S Constitutional reading dispensed (on 1st reading) (39-Y 0-N 1-A)
SV293,SB1125,2/4/2025,S Read third time and passed Senate (21-Y 18-N)
H01001V2512644,SB1125,2/12/2025,H Subcommittee recommends reporting with substitute (6-Y 4-N)
H01V2512687,SB1125,2/12/2025,"H Reported from Agriculture, Chesapeake and Natural Resources with substitute (15-Y 7-N)"
2518783,SB1125,2/17/2025,H Passed House with substitute (55-Y 41-N)
SV650,SB1125,2/18/2025,S House substitute agreed to by Senate (22-Y 17-N)
S04V1020,SB1126,1/30/2025,S Failed to report (defeated) in Education and Health (2-Y 8-N 5-A)
S01V842,SB1127,1/28/2025,"S Reported from Agriculture, Conservation and Natural Resources with amendments and rereferred to Finance and Appropriations (14-Y 0-N)"
S05V1053,SB1127,1/30/2025,S Reported from Finance and Appropriations (15-Y 0-N)
SV285,SB1127,2/3/2025,S Constitutional reading dispensed (on 1st reading) (40-Y 0-N)
SV312,SB1127,2/4/2025,S Constitutional reading dispensed (on 3rd reading) (39-Y 0-N)
SV313,SB1127,2/4/2025,S Passed Senate (40-Y 0-N)
H01001V2512646,SB1127,2/12/2025,H Subcommittee recommends reporting with amendment(s)  (10-Y 0-N)
H01V2512688,SB1127,2/12/2025,"H Reported from Agriculture, Chesapeake and Natural Resources with amendment(s)  (22-Y 0-N)"
2518775,SB1127,2/17/2025,H Passed House with amendments (95-Y 0-N)
2518778,SB1127,2/17/2025,H Passed House with amendments (96-Y 0-N)
SV651,SB1127,2/18/2025,S House Amendments agreed to by Senate (40-Y 0-N)
S12V658,SB1128,1/24/2025,S Reported from General Laws and Technology with substitute (15-Y 0-N)
SV195,SB1128,1/28/2025,S Constitutional reading dispensed (on 1st reading) (39-Y 0-N)
SV207,SB1128,1/29/2025,S Constitutional reading dispensed (on 3rd reading) (38-Y 0-N)
SV208,SB1128,1/29/2025,S Passed Senate (38-Y 0-N)
H11V2512352,SB1128,2/6/2025,H Reported from General Laws with substitute (13-Y 8-N)
2518676,SB1128,2/12/2025,H Passed House with substitute (50-Y 47-N)
SV486,SB1128,2/14/2025,S House substitute agreed to by Senate (22-Y 14-N)
S04V550,SB1129,1/23/2025,S Reported from Education and Health and rereferred to Finance and Appropriations (15-Y 0-N)
S11V165,SB1131,1/16/2025,S Reported from Transportation (15-Y 0-N)
SV72,SB1131,1/20/2025,S Constitutional reading dispensed (on 1st reading) (40-Y 0-N)
SV95,SB1131,1/22/2025,S Read third time and passed Senate (40-Y 0-N)
H19002V2512586,SB1131,2/11/2025,H Subcommittee recommends reporting (8-Y 0-N)
S02V301,SB1132,1/20/2025,S Reported from Commerce and Labor (9-Y 6-N)
SV99,SB1132,1/22/2025,S Constitutional reading dispensed (on 1st reading) (40-Y 0-N)
SV166,SB1132,1/28/2025,S Read third time and passed Senate (21-Y 18-N)
H14002V2512633,SB1132,2/11/2025,H Subcommittee recommends reporting (5-Y 3-N)
H14V2512784,SB1132,2/13/2025,H Reported from Labor and Commerce (12-Y 10-N)
2518825,SB1132,2/18/2025,H Passed House (49-Y 47-N 1-A)
S04V988,SB1133,1/30/2025,S Reported from Education and Health with amendments (7-Y 6-N 2-A)
SV243,SB1133,1/31/2025,S Constitutional reading dispensed (on 1st reading) (39-Y 0-N)
SV300,SB1133,2/4/2025,S Read third time and passed Senate (21-Y 19-N)
S13V235,SB1134,1/17/2025,S Reported from Courts of Justice and rereferred to Finance and Appropriations (9-Y 6-N)
S05V387,SB1134,1/22/2025,S Reported from Finance and Appropriations (10-Y 4-N)
SV110,SB1134,1/23/2025,S Constitutional reading dispensed (on 1st reading) (39-Y 0-N)
SV170,SB1134,1/28/2025,S Read third time and passed Senate (21-Y 18-N)
H15V2512382,SB1134,2/7/2025,H Reported from Public Safety (11-Y 10-N)
2518692,SB1134,2/12/2025,H Passed House (50-Y 47-N)
S04V978,SB1135,1/30/2025,S Reported from Education and Health with substitute (15-Y 0-N)
SV243,SB1135,1/31/2025,S Constitutional reading dispensed (on 1st reading) (39-Y 0-N)
SV280,SB1135,2/3/2025,S Constitutional reading dispensed (on 3rd reading) (40-Y 0-N)
SV281,SB1135,2/3/2025,S Passed Senate (40-Y 0-N)
H24003V2512601,SB1135,2/11/2025,H Subcommittee recommends reporting (4-Y 3-N)
H24V2512745,SB1135,2/13/2025,H Reported from Health and Human Services (14-Y 8-N)
2518826,SB1135,2/18/2025,H Passed House (51-Y 45-N)
S07V697,SB1136,1/27/2025,S Rereferred from Local Government and rereferred to General Laws and Technology (14-Y 0-N)
S12V957,SB1136,1/29/2025,S Failed to report from General Laws and Technology with amendments (6-Y 6-N 3-A)
S12V441,SB1137,1/22/2025,S Reported from General Laws and Technology and rereferred to Finance and Appropriations (15-Y 0-N)
S05V909,SB1137,1/29/2025,S Reported from Finance and Appropriations (14-Y 0-N)
SV224,SB1137,1/30/2025,S Constitutional reading dispensed (on 1st reading) (39-Y 0-N 1-A)
SV241,SB1137,1/31/2025,S Constitutional reading dispensed (on 3rd reading) (40-Y 0-N)
SV242,SB1137,1/31/2025,S Passed Senate (40-Y 0-N)
H11V2512326,SB1137,2/6/2025,H Reported from General Laws (21-Y 0-N)
2518652,SB1137,2/11/2025,H Passed House (94-Y 0-N)
S10V203,SB1138,1/17/2025,S Passed by indefinitely in Rules (10-Y 5-N)
S12V933,SB1139,1/29/2025,S Passed by indefinitely in General Laws and Technology with letter (12-Y 0-N)
S13V1100,SB1141,2/3/2025,S Passed by indefinitely in Courts of Justice (8-Y 7-N)
S13V103,SB1142,1/15/2025,S Reported from Courts of Justice with substitute and rereferred to Finance and Appropriations (15-Y 0-N)
S05V333,SB1142,1/21/2025,S Reported from Finance and Appropriations with amendments (15-Y 0-N)
SV99,SB1142,1/22/2025,S Constitutional reading dispensed (on 1st reading) (40-Y 0-N)
SV119,SB1142,1/24/2025,S Read third time and passed Senate (38-Y 0-N)
H02V2512453,SB1142,2/10/2025,H Reported from Appropriations with amendment(s)  (22-Y 0-N)
2518717,SB1142,2/13/2025,H Passed House with amendments (96-Y 0-N)
SV537,SB1142,2/17/2025,S House Amendments agreed to by Senate (39-Y 0-N)
S04V1025,SB1143,1/30/2025,S Reported from Education and Health (15-Y 0-N)
SV243,SB1143,1/31/2025,S Constitutional reading dispensed (on 1st reading) (39-Y 0-N)
SV280,SB1143,2/3/2025,S Constitutional reading dispensed (on 3rd reading) (40-Y 0-N)
SV281,SB1143,2/3/2025,S Passed Senate (40-Y 0-N)
H09001V2512568,SB1143,2/11/2025,H Subcommittee recommends laying on the table (5-Y 2-N)
S11V161,SB1144,1/16/2025,S Reported from Transportation with amendment and rereferred to Finance and Appropriations (15-Y 0-N)
S05V773,SB1144,1/28/2025,S Reported from Finance and Appropriations (15-Y 0-N)
SV209,SB1144,1/29/2025,S Constitutional reading dispensed (on 1st reading) (38-Y 0-N)
SV222,SB1144,1/30/2025,S Constitutional reading dispensed (on 3rd reading) (39-Y 1-N)
SV223,SB1144,1/30/2025,S Passed Senate  (40-Y 0-N)
H02V2512460,SB1144,2/10/2025,H Reported from Appropriations (22-Y 0-N)
2518717,SB1144,2/13/2025,H Passed House (96-Y 0-N)
S13V257,SB1145,1/20/2025,S Reported from Courts of Justice with substitute (15-Y 0-N)
SV87,SB1145,1/21/2025,S Constitutional reading dispensed (on 1st reading) (40-Y 0-N)
SV104,SB1145,1/23/2025,S Read third time and passed Senate (39-Y 0-N)
H08002V2512502,SB1145,2/10/2025,H Subcommittee recommends laying on the table (5-Y 3-N)
S13V464,SB1146,1/22/2025,S Reported from Courts of Justice with substitute (15-Y 0-N)
SV125,SB1146,1/24/2025,S Constitutional reading dispensed (on 1st reading) (37-Y 0-N)
SV162,SB1146,1/28/2025,S Read third time and passed Senate (39-Y 0-N)
H08001V2512424,SB1146,2/7/2025,H Subcommittee recommends laying on the table (5-Y 3-N)
S13V254,SB1147,1/20/2025,S Reported from Courts of Justice with substitute and rereferred to Finance and Appropriations (15-Y 0-N)
S05V783,SB1147,1/28/2025,S Reported from Finance and Appropriations (15-Y 0-N)
SV209,SB1147,1/29/2025,S Constitutional reading dispensed (on 1st reading) (38-Y 0-N)
SV222,SB1147,1/30/2025,S Constitutional reading dispensed (on 3rd reading) (39-Y 1-N)
SV223,SB1147,1/30/2025,S Passed Senate (40-Y 0-N)
H08001V2512281,SB1147,2/5/2025,H Subcommittee recommends laying on the table (5-Y 3-N)
S13V480,SB1148,1/22/2025,S Reported from Courts of Justice with amendments and rereferred to Finance and Appropriations (14-Y 0-N)
S04V806,SB1149,1/28/2025,S Passed by indefinitely in Education and Health (9-Y 6-N)
S07V28,SB1150,1/13/2025,S Reported from Local Government (13-Y 0-N)
SV26,SB1150,1/14/2025,S Constitutional reading dispensed (on 1st reading) (37-Y 0-N)
SV39,SB1150,1/16/2025,S Read third time and passed Senate (39-Y 0-N)
H07V2512412,SB1150,2/7/2025,"H Reported from Counties, Cities and Towns (21-Y 0-N)"
2518661,SB1150,2/12/2025,H Passed House (97-Y 0-N)
S01V832,SB1151,1/28/2025,"S Reported from Agriculture, Conservation and Natural Resources with amendment and rereferred to Finance and Appropriations (13-Y 0-N 1-A)"
S04V980,SB1152,1/30/2025,S Reported from Education and Health with substitute (14-Y 0-N 1-A)
SV243,SB1152,1/31/2025,S Constitutional reading dispensed (on 1st reading) (39-Y 0-N)
SV301,SB1152,2/4/2025,S Read third time and passed Senate (40-Y 0-N)
H24001V2512594,SB1152,2/11/2025,H Subcommittee recommends reporting with substitute (8-Y 0-N)
H24V2512751,SB1152,2/13/2025,H Reported from Health and Human Services with substitute (22-Y 0-N)
2518800,SB1152,2/18/2025,H Passed House with substitute (97-Y 0-N)
SV761,SB1152,2/19/2025,S House substitute agreed to by Senate (40-Y 0-N)
S09V1079,SB1153,1/31/2025,S Reported from Rehabilitation and Social Services with substitute (15-Y 0-N)
SV285,SB1153,2/3/2025,S Constitutional reading dispensed (on 1st reading) (40-Y 0-N)
SV312,SB1153,2/4/2025,S Constitutional reading dispensed (on 3rd reading) (39-Y 0-N)
SV313,SB1153,2/4/2025,S Passed Senate (40-Y 0-N)
H24004V2512554,SB1153,2/11/2025,H Subcommittee recommends reporting (8-Y 0-N)
H24V2512739,SB1153,2/13/2025,H Reported from Health and Human Services (22-Y 0-N)
2518800,SB1153,2/18/2025,H Passed House (97-Y 0-N)
SV1044,SB1153,4/2/2025,S Senate concurred in Governor's recommendation (40-Y 0-N)
2519346,SB1153,4/2/2025,H House concurred in Governor's recommendation (96-Y 0-N)
S02V306,SB1154,1/20/2025,S Reported from Commerce and Labor (15-Y 0-N)
SV99,SB1154,1/22/2025,S Constitutional reading dispensed (on 1st reading) (40-Y 0-N)
SV119,SB1154,1/24/2025,S Read third time and passed Senate (38-Y 0-N)
H14V2512343,SB1154,2/6/2025,H Reported from Labor and Commerce (21-Y 0-N)
2518652,SB1154,2/11/2025,H Passed House (94-Y 0-N)
S09V610,SB1155,1/24/2025,S Reported from Rehabilitation and Social Services with substitute and rereferred to Courts of Justice (15-Y 0-N)
S13V953,SB1155,1/29/2025,S Reported from Courts of Justice (15-Y 0-N)
SV243,SB1155,1/31/2025,S Constitutional reading dispensed (on 1st reading) (39-Y 0-N)
SV280,SB1155,2/3/2025,S Constitutional reading dispensed (on 3rd reading) (40-Y 0-N)
SV281,SB1155,2/3/2025,S Passed Senate (40-Y 0-N)
H15V2512810,SB1155,2/14/2025,H Reported from Public Safety with substitute (11-Y 10-N)
2518895,SB1155,2/19/2025,H Passed House with substitute (54-Y 43-N)
SV866,SB1155,2/20/2025,S House substitute rejected by Senate (0-Y 39-N)
SV898,SB1155,2/20/2025,S Senate acceded to request (38-Y 0-N)
S13V954,SB1157,1/29/2025,S Reported from Courts of Justice (15-Y 0-N)
SV243,SB1157,1/31/2025,S Constitutional reading dispensed (on 1st reading) (39-Y 0-N)
SV280,SB1157,2/3/2025,S Constitutional reading dispensed (on 3rd reading) (40-Y 0-N)
SV281,SB1157,2/3/2025,S Passed Senate (40-Y 0-N)
H08V2512470,SB1157,2/10/2025,H Reported from Courts of Justice (22-Y 0-N)
2518717,SB1157,2/13/2025,H Passed House (96-Y 0-N)
S13V451,SB1158,1/22/2025,S Reported from Courts of Justice with substitute and rereferred to Finance and Appropriations (15-Y 0-N)
S05V774,SB1158,1/28/2025,S Reported from Finance and Appropriations (15-Y 0-N)
SV209,SB1158,1/29/2025,S Constitutional reading dispensed (on 1st reading) (38-Y 0-N)
SV222,SB1158,1/30/2025,S Constitutional reading dispensed (on 3rd reading) (39-Y 1-N)
SV223,SB1158,1/30/2025,S Passed Senate (40-Y 0-N)
H08002V2512283,SB1158,2/5/2025,H Subcommittee recommends reporting (7-Y 1-N)
H08V2512860,SB1158,2/14/2025,H Reported from Courts of Justice with amendment(s)  (21-Y 0-N)
2518884,SB1158,2/19/2025,H Passed House with amendments (97-Y 0-N)
SV867,SB1158,2/20/2025,S House Amendments agreed to by Senate (39-Y 0-N)
SV1045,SB1158,4/2/2025,S Senate concurred in Governor's recommendation (40-Y 0-N)
2519347,SB1158,4/2/2025,H House concurred in Governor's recommendation  (96-Y 0-N)
S02V307,SB1159,1/20/2025,S Reported from Commerce and Labor with amendment (15-Y 0-N)
SV99,SB1159,1/22/2025,S Constitutional reading dispensed (on 1st reading) (40-Y 0-N)
SV119,SB1159,1/24/2025,S Read third time and passed Senate (38-Y 0-N)
H14001V2512621,SB1159,2/11/2025,H Subcommittee recommends reporting (7-Y 0-N)
H14V2512775,SB1159,2/13/2025,H Reported from Labor and Commerce (22-Y 0-N)
2518800,SB1159,2/18/2025,H Passed House (97-Y 0-N)
S02V305,SB1160,1/20/2025,S Passed by indefinitely in Commerce and Labor (9-Y 6-N)
S12V651,SB1161,1/24/2025,S Passed by indefinitely in General Laws and Technology with letter (15-Y 0-N)
S09V1080,SB1163,1/31/2025,S Reported from Rehabilitation and Social Services with substitute (14-Y 1-N)
SV285,SB1163,2/3/2025,S Constitutional reading dispensed (on 1st reading) (40-Y 0-N)
SV315,SB1163,2/4/2025,S Constitutional reading dispensed (on 3rd reading) (40-Y 0-N)
SV322,SB1163,2/4/2025,S Passed Senate (36-Y 4-N)
S12V84,SB1164,1/15/2025,S Rereferred from General Laws and Technology to Finance and Appropriations (15-Y 0-N)
S05V791,SB1164,1/28/2025,S Reported from Finance and Appropriations (15-Y 0-N)
SV209,SB1164,1/29/2025,S Constitutional reading dispensed (on 1st reading) (38-Y 0-N)
SV222,SB1164,1/30/2025,S Constitutional reading dispensed (on 3rd reading) (39-Y 1-N)
SV223,SB1164,1/30/2025,S Passed Senate (40-Y 0-N)
S12V437,SB1165,1/22/2025,S Reported from General Laws and Technology with substitute (15-Y 0-N)
SV125,SB1165,1/24/2025,S Constitutional reading dispensed (on 1st reading) (37-Y 0-N)
SV162,SB1165,1/28/2025,S Read third time and passed Senate (39-Y 0-N)
H11V2512344,SB1165,2/6/2025,H Reported from General Laws (16-Y 5-N)
H20V2512876,SB1165,2/17/2025,H Reported from Rules (12-Y 5-N)
2519014,SB1165,2/20/2025,H Passed House (63-Y 35-N)
SV1046,SB1165,4/2/2025,S Senate concurred in Governor's recommendation (40-Y 0-N)
2519348,SB1165,4/2/2025,H House concurred in Governor's recommendation (81-Y 15-N)
S01V366,SB1166,1/21/2025,"S Reported from Agriculture, Conservation and Natural Resources with substitute (12-Y 1-N)"
SV110,SB1166,1/23/2025,S Constitutional reading dispensed (on 1st reading) (39-Y 0-N)
SV151,SB1166,1/27/2025,S Read third time and passed Senate (29-Y 9-N)
H01V2512681,SB1166,2/12/2025,"H Reported from Agriculture, Chesapeake and Natural Resources with amendment(s)  (17-Y 5-N)"
2518784,SB1166,2/17/2025,H Passed House with amendment (62-Y 33-N)
SV652,SB1166,2/18/2025,S House Amendment agreed to by Senate (33-Y 7-N)
S11V1046,SB1167,1/30/2025,S Passed by indefinitely in Transportation with letter (15-Y 0-N)
S02V294,SB1168,1/20/2025,S Passed by indefinitely in Commerce and Labor with letter (15-Y 0-N)
S01V830,SB1169,1/28/2025,"S Reported from Agriculture, Conservation and Natural Resources with amendment (14-Y 0-N)"
SV224,SB1169,1/30/2025,S Constitutional reading dispensed (on 1st reading) (39-Y 0-N 1-A)
SV241,SB1169,1/31/2025,S Constitutional reading dispensed (on 3rd reading) (40-Y 0-N)
SV242,SB1169,1/31/2025,S Passed Senate (40-Y 0-N)
H01V2512682,SB1169,2/12/2025,"H Reported from Agriculture, Chesapeake and Natural Resources (22-Y 0-N)"
2518775,SB1169,2/17/2025,H Passed House (95-Y 0-N)
2518778,SB1169,2/17/2025,H Passed House (96-Y 0-N)
S12V950,SB1170,1/29/2025,S Passed by indefinitely in General Laws and Technology (12-Y 2-N 1-A)
S07V262,SB1171,1/20/2025,S Failed to report (defeated) in Local Government (3-Y 12-N)
S05V595,SB1172,1/23/2025,S Passed by indefinitely in Finance and Appropriations (9-Y 5-N)
S11V172,SB1173,1/16/2025,S Reported from Transportation with amendment (14-Y 0-N)
SV72,SB1173,1/20/2025,S Constitutional reading dispensed (on 1st reading) (40-Y 0-N)
SV104,SB1173,1/23/2025,S Read third time and passed Senate (39-Y 0-N)
H11V2512610,SB1173,2/11/2025,H Reported from General Laws (19-Y 0-N)
2518747,SB1173,2/14/2025,H Passed House (96-Y 0-N)
S08V376,SB1174,1/21/2025,S Reported from Privileges and Elections with amendment (15-Y 0-N)
SV110,SB1174,1/23/2025,S Constitutional reading dispensed (on 1st reading) (39-Y 0-N)
SV131,SB1174,1/27/2025,S Read third time and passed Senate (38-Y 0-N)
H18001V2512516,SB1174,2/10/2025,H Subcommittee recommends reporting (8-Y 0-N)
H18V2512826,SB1174,2/14/2025,H Reported from Privileges and Elections (22-Y 0-N)
2518884,SB1174,2/19/2025,H Passed House (97-Y 0-N)
S08V382,SB1175,1/21/2025,S Passed by indefinitely in Privileges and Elections (8-Y 7-N)
S07V45,SB1176,1/13/2025,S Reported from Local Government (13-Y 0-N)
SV26,SB1176,1/14/2025,S Constitutional reading dispensed (on 1st reading) (37-Y 0-N)
SV39,SB1176,1/16/2025,S Read third time and passed Senate (39-Y 0-N)
H07V2512413,SB1176,2/7/2025,"H Reported from Counties, Cities and Towns (21-Y 0-N)"
2518661,SB1176,2/12/2025,H Passed House (97-Y 0-N)
S04V519,SB1177,1/23/2025,S Reported from Education and Health (15-Y 0-N)
SV125,SB1177,1/24/2025,S Constitutional reading dispensed (on 1st reading) (37-Y 0-N)
SV162,SB1177,1/28/2025,S Read third time and passed Senate (39-Y 0-N)
H24V2512525,SB1177,2/11/2025,H Reported from Health and Human Services (22-Y 0-N)
2518747,SB1177,2/14/2025,H Passed House (96-Y 0-N)
S12V85,SB1178,1/15/2025,S Rereferred from General Laws and Technology to Local Government (15-Y 0-N)
S07V255,SB1178,1/20/2025,S Reported from Local Government with substitute and rereferred to Finance and Appropriations (12-Y 3-N)
S12V432,SB1180,1/22/2025,S Reported from General Laws and Technology with substitute and rereferred to Finance and Appropriations (15-Y 0-N)
S05V784,SB1180,1/28/2025,S Passed by indefinitely in Finance and Appropriations (10-Y 5-N)
S13V233,SB1181,1/17/2025,S Reported from Courts of Justice with substitute and rereferred to Finance and Appropriations (9-Y 6-N)
S05V388,SB1181,1/22/2025,S Reported from Finance and Appropriations (10-Y 4-N)
SV110,SB1181,1/23/2025,S Constitutional reading dispensed (on 1st reading) (39-Y 0-N)
SV152,SB1181,1/27/2025,S Read third time and passed Senate (20-Y 18-N)
H15V2512383,SB1181,2/7/2025,H Reported from Public Safety (11-Y 10-N)
2518693,SB1181,2/12/2025,H Passed House with substitute (50-Y 47-N)
SV487,SB1181,2/14/2025,S House substitute agreed to by Senate (21-Y 15-N)
S13V234,SB1182,1/17/2025,S Reported from Courts of Justice with substitute and rereferred to Finance and Appropriations (9-Y 6-N)
S05V390,SB1182,1/22/2025,S Reported from Finance and Appropriations with substitute (10-Y 4-N)
SV110,SB1182,1/23/2025,S Constitutional reading dispensed (on 1st reading) (39-Y 0-N)
SV173,SB1182,1/28/2025,S Read third time and passed Senate (21-Y 18-N)
H15V2512380,SB1182,2/7/2025,H Reported from Public Safety (11-Y 10-N)
2518694,SB1182,2/12/2025,H Passed House (50-Y 46-N)
S13V462,SB1183,1/22/2025,S Reported from Courts of Justice with amendments and rereferred to Finance and Appropriations (10-Y 5-N)
S10V202,SB1184,1/17/2025,S Reported from Rules (15-Y 0-N)
SV72,SB1184,1/20/2025,S Constitutional reading dispensed (on 1st reading) (40-Y 0-N)
SV95,SB1184,1/22/2025,S Read third time and passed Senate (40-Y 0-N)
H20V2512887,SB1184,2/17/2025,H Tabled in Rules (16-Y 1-N)
S08V840,SB1185,1/28/2025,S Rereferred from Privileges and Elections to Rules (15-Y 0-N)
S04V520,SB1186,1/23/2025,S Reported from Education and Health with substitute and rereferred to Finance and Appropriations (15-Y 0-N)
S05V883,SB1186,1/29/2025,S Reported from Finance and Appropriations with substitute (15-Y 0-N)
SV224,SB1186,1/30/2025,S Constitutional reading dispensed (on 1st reading) (39-Y 0-N 1-A)
SV241,SB1186,1/31/2025,S Constitutional reading dispensed (on 3rd reading) (40-Y 0-N)
SV242,SB1186,1/31/2025,S Passed Senate (40-Y 0-N)
H14001V2512622,SB1186,2/11/2025,H Subcommittee recommends reporting with substitute (7-Y 0-N)
H14V2512776,SB1186,2/13/2025,H Reported from Labor and Commerce with substitute and referred to Appropriations (20-Y 1-N)
S04V1013,SB1187,1/30/2025,S Stricken at request of Patron in Education and Health (15-Y 0-N)
S12V450,SB1188,1/22/2025,S Reported from General Laws and Technology and rereferred to Finance and Appropriations (15-Y 0-N)
S05V862,SB1188,1/29/2025,S Reported from Finance and Appropriations (15-Y 0-N)
SV224,SB1188,1/30/2025,S Constitutional reading dispensed (on 1st reading) (39-Y 0-N 1-A)
SV241,SB1188,1/31/2025,S Constitutional reading dispensed (on 3rd reading) (40-Y 0-N)
SV242,SB1188,1/31/2025,S Passed Senate (40-Y 0-N)
H11V2512355,SB1188,2/6/2025,H Reported from General Laws with amendment(s)  (21-Y 0-N)
2518679,SB1188,2/12/2025,H Passed House with amendment (92-Y 5-N)
SV488,SB1188,2/14/2025,S House Amendment agreed to by Senate (36-Y 0-N)
S12V482,SB1189,1/22/2025,S Reported from General Laws and Technology with substitute and rereferred to Finance and Appropriations (15-Y 0-N)
S12V86,SB1190,1/15/2025,S Rereferred from General Laws and Technology to Commerce and Labor (15-Y 0-N)
S02V672,SB1190,1/24/2025,S Reported from Commerce and Labor with substitute and rereferred to Finance and Appropriations (9-Y 6-N)
S05V910,SB1190,1/29/2025,S Reported from Finance and Appropriations with substitute (10-Y 4-N)
SV224,SB1190,1/30/2025,S Constitutional reading dispensed (on 1st reading) (39-Y 0-N 1-A)
SV271,SB1190,2/3/2025,S Read third time and defeated by Senate (19-Y 20-N)
SV286,SB1190,2/3/2025,S Reconsideration of defeated action agreed to by Senate
S13V955,SB1191,1/29/2025,S Reported from Courts of Justice (10-Y 4-N 1-A)
SV243,SB1191,1/31/2025,S Constitutional reading dispensed (on 1st reading) (39-Y 0-N)
SV302,SB1191,2/4/2025,S Read third time and passed Senate (21-Y 19-N)
H08001V2512511,SB1191,2/10/2025,H Subcommittee recommends reporting (7-Y 1-N)
H08V2512853,SB1191,2/14/2025,H Reported from Courts of Justice (17-Y 4-N)
2518896,SB1191,2/19/2025,H Passed House (67-Y 30-N)
S02V1115,SB1192,2/3/2025,S Reported from Commerce and Labor (15-Y 0-N)
SV328,SB1192,2/4/2025,S Constitutional reading dispensed (on 1st reading) (40-Y 0-N)
SV329,SB1192,2/4/2025,S Constitutional reading dispensed (on 3rd reading) (40-Y 0-N)
SV330,SB1192,2/4/2025,S Passed Senate (40-Y 0-N)
H14V2512771,SB1192,2/13/2025,H Reported from Labor and Commerce (19-Y 3-N)
2518827,SB1192,2/18/2025,H Passed House (74-Y 23-N)
SV1047,SB1192,4/2/2025,S Senate rejected Governor's recommendation (19-Y 21-N)
S13V956,SB1193,1/29/2025,S Reported from Courts of Justice with amendment (15-Y 0-N)
SV243,SB1193,1/31/2025,S Constitutional reading dispensed (on 1st reading) (39-Y 0-N)
SV280,SB1193,2/3/2025,S Constitutional reading dispensed (on 3rd reading) (40-Y 0-N)
SV281,SB1193,2/3/2025,S Passed Senate (40-Y 0-N)
H08V2512471,SB1193,2/10/2025,H Reported from Courts of Justice (22-Y 0-N)
2518717,SB1193,2/13/2025,H Passed House (96-Y 0-N)
S13V1104,SB1194,2/3/2025,S Reported from Courts of Justice with substitute (15-Y 0-N)
SV328,SB1194,2/4/2025,S Constitutional reading dispensed (on 1st reading) (40-Y 0-N)
SV329,SB1194,2/4/2025,S Constitutional reading dispensed (on 3rd reading) (40-Y 0-N)
SV330,SB1194,2/4/2025,S Passed Senate (40-Y 0-N)
H08V2512468,SB1194,2/10/2025,H Reported from Courts of Justice with substitute (17-Y 5-N)
2518723,SB1194,2/13/2025,H Passed House with substitute (59-Y 37-N)
SV538,SB1194,2/17/2025,S House substitute rejected by Senate (2-Y 37-N)
SV778,SB1194,2/19/2025,S Senate acceded to request (39-Y 0-N)
2519208,SB1194,2/22/2025,H Conference report agreed to by House (58-Y 39-N)
SV998,SB1194,2/22/2025,S Conference report agreed to by Senate (39-Y 0-N)
SV1048,SB1194,4/2/2025,S Senate concurred in Governor's recommendation (40-Y 0-N)
2519349,SB1194,4/2/2025,H House concurred in Governor's recommendation (89-Y 7-N)
S13V109,SB1195,1/15/2025,S Reported from Courts of Justice and rereferred to Finance and Appropriations (15-Y 0-N)
S05V328,SB1195,1/21/2025,S Reported from Finance and Appropriations (15-Y 0-N)
SV99,SB1195,1/22/2025,S Constitutional reading dispensed (on 1st reading) (40-Y 0-N)
SV119,SB1195,1/24/2025,S Read third time and passed Senate (38-Y 0-N)
S02V749,SB1197,1/27/2025,S Reported from Commerce and Labor and rereferred to Finance and Appropriations (15-Y 0-N)
S05V1055,SB1197,1/30/2025,S Reported from Finance and Appropriations (15-Y 0-N)
SV285,SB1197,2/3/2025,S Constitutional reading dispensed (on 1st reading) (40-Y 0-N)
SV312,SB1197,2/4/2025,S Constitutional reading dispensed (on 3rd reading) (39-Y 0-N)
SV313,SB1197,2/4/2025,S Passed Senate (40-Y 0-N)
H14V2512772,SB1197,2/13/2025,H Reported from Labor and Commerce with amendment(s)  (22-Y 0-N)
2518800,SB1197,2/18/2025,H Passed House with amendment (97-Y 0-N)
SV762,SB1197,2/19/2025,S House Amendment agreed to by Senate (40-Y 0-N)
S01V833,SB1198,1/28/2025,"S Reported from Agriculture, Conservation and Natural Resources with amendments and rereferred to Finance and Appropriations (11-Y 3-N)"
S02V312,SB1199,1/20/2025,S Failed to report (defeated) in Commerce and Labor (3-Y 11-N)
S02V1119,SB1199,2/3/2025,S Reported from Commerce and Labor with substitute (8-Y 7-N)
SV328,SB1199,2/4/2025,S Constitutional reading dispensed (on 1st reading) (40-Y 0-N)
SV331,SB1199,2/4/2025,S Constitutional reading dispensed (on 3rd reading) (40-Y 0-N)
SV338,SB1199,2/4/2025,S Passed Senate (34-Y 6-N)
H14V2512773,SB1199,2/13/2025,H Reported from Labor and Commerce (17-Y 5-N)
2518828,SB1199,2/18/2025,H Passed House (80-Y 17-N)
S13V275,SB1200,1/20/2025,S Reported from Courts of Justice with substitute and rereferred to Finance and Appropriations (15-Y 0-N)
S05V911,SB1200,1/29/2025,S Reported from Finance and Appropriations with amendment (14-Y 0-N)
SV224,SB1200,1/30/2025,S Constitutional reading dispensed (on 1st reading) (39-Y 0-N 1-A)
SV241,SB1200,1/31/2025,S Constitutional reading dispensed (on 3rd reading) (40-Y 0-N)
SV242,SB1200,1/31/2025,S Passed Senate (40-Y 0-N)
H08V2512472,SB1200,2/10/2025,H Reported from Courts of Justice with substitute (22-Y 0-N)
2518717,SB1200,2/13/2025,H Passed House with substitute (96-Y 0-N)
SV539,SB1200,2/17/2025,S House substitute agreed to by Senate (39-Y 0-N)
S05V329,SB1201,1/21/2025,S Reported from Finance and Appropriations (15-Y 0-N)
SV99,SB1201,1/22/2025,S Constitutional reading dispensed (on 1st reading) (40-Y 0-N)
SV119,SB1201,1/24/2025,S Read third time and passed Senate (38-Y 0-N)
H02V2512454,SB1201,2/10/2025,H Reported from Appropriations (22-Y 0-N)
2518717,SB1201,2/13/2025,H Passed House (96-Y 0-N)
S05V861,SB1202,1/29/2025,S Reported from Finance and Appropriations with amendment (15-Y 0-N)
SV224,SB1202,1/30/2025,S Constitutional reading dispensed (on 1st reading) (39-Y 0-N 1-A)
SV241,SB1202,1/31/2025,S Constitutional reading dispensed (on 3rd reading) (40-Y 0-N)
SV242,SB1202,1/31/2025,S Passed Senate (40-Y 0-N)
H10V2512440,SB1202,2/10/2025,H Reported from Finance with substitute (20-Y 0-N)
2518717,SB1202,2/13/2025,H Passed House with substitute (96-Y 0-N)
SV540,SB1202,2/17/2025,S House substitute rejected by Senate (2-Y 36-N)
SV779,SB1202,2/19/2025,S Senate acceded to request (40-Y 0-N)
2519209,SB1202,2/22/2025,H Conference report agreed to by House (95-Y 0-N)
SV999,SB1202,2/22/2025,S Conference report agreed to by Senate (40-Y 0-N)
SV1049,SB1202,4/2/2025,S Senate concurred in Governor's recommendation (40-Y 0-N)
2519350,SB1202,4/2/2025,H House concurred in Governor's recommendation (94-Y 0-N)
S04V990,SB1203,1/30/2025,S Reported from Education and Health with substitute (15-Y 0-N)
SV243,SB1203,1/31/2025,S Constitutional reading dispensed (on 1st reading) (39-Y 0-N)
SV280,SB1203,2/3/2025,S Constitutional reading dispensed (on 3rd reading) (40-Y 0-N)
SV281,SB1203,2/3/2025,S Passed Senate (40-Y 0-N)
H24V2512526,SB1203,2/11/2025,H Reported from Health and Human Services (22-Y 0-N)
2518747,SB1203,2/14/2025,H Passed House (96-Y 0-N)
S01V834,SB1204,1/28/2025,"S Reported from Agriculture, Conservation and Natural Resources (14-Y 0-N)"
SV224,SB1204,1/30/2025,S Constitutional reading dispensed (on 1st reading) (39-Y 0-N 1-A)
SV241,SB1204,1/31/2025,S Constitutional reading dispensed (on 3rd reading) (40-Y 0-N)
SV242,SB1204,1/31/2025,S Passed Senate (40-Y 0-N)
H01V2512690,SB1204,2/12/2025,"H Reported from Agriculture, Chesapeake and Natural Resources (14-Y 8-N)"
2518785,SB1204,2/17/2025,H Passed House (92-Y 4-N)
S13V91,SB1205,1/15/2025,S Stricken at request of Patron in Courts of Justice (11-Y 0-N)
S07V33,SB1206,1/13/2025,S Reported from Local Government (13-Y 0-N)
SV26,SB1206,1/14/2025,S Constitutional reading dispensed (on 1st reading) (37-Y 0-N)
SV39,SB1206,1/16/2025,S Read third time and passed Senate (39-Y 0-N)
H07001V2512653,SB1206,2/12/2025,H Subcommittee recommends reporting (8-Y 0-N)
H07V2512818,SB1206,2/14/2025,"H Reported from Counties, Cities and Towns (21-Y 0-N)"
2518884,SB1206,2/19/2025,H Passed House (97-Y 0-N)
S02V283,SB1207,1/20/2025,S Rereferred from Commerce Labor and Rereferred to Finance and Appropriations (12-Y 0-N)
S05V793,SB1207,1/28/2025,S Reported from Finance and Appropriations with amendment (15-Y 0-N)
SV209,SB1207,1/29/2025,S Constitutional reading dispensed (on 1st reading) (38-Y 0-N)
SV222,SB1207,1/30/2025,S Constitutional reading dispensed (on 3rd reading) (39-Y 1-N)
SV223,SB1207,1/30/2025,S Passed Senate (40-Y 0-N)
H02V2512446,SB1207,2/10/2025,H Reported from Appropriations (22-Y 0-N)
2518731,SB1207,2/13/2025,H Passed House (90-Y 6-N)
S02V313,SB1208,1/20/2025,S Rereferred from Commerce and Labor and Rereferred to Finance and Appropriations to Finance and Appropriations (12-Y 0-N)
S05V788,SB1208,1/28/2025,S Reported from Finance and Appropriations (15-Y 0-N)
SV209,SB1208,1/29/2025,S Constitutional reading dispensed (on 1st reading) (38-Y 0-N)
SV222,SB1208,1/30/2025,S Constitutional reading dispensed (on 3rd reading) (39-Y 1-N)
SV223,SB1208,1/30/2025,S Passed Senate (40-Y 0-N)
H02V2512447,SB1208,2/10/2025,H Reported from Appropriations (22-Y 0-N)
2518732,SB1208,2/13/2025,H Passed House (88-Y 9-N)
S11V576,SB1209,1/23/2025,S Reported from Transportation with substitute and rereferred to Courts of Justice (13-Y 0-N 1-A)
S13V1106,SB1209,2/3/2025,S Reported from Courts of Justice with substitute (13-Y 1-N 1-A)
SV328,SB1209,2/4/2025,S Constitutional reading dispensed (on 1st reading) (40-Y 0-N)
SV331,SB1209,2/4/2025,S Constitutional reading dispensed (on 3rd reading) (40-Y 0-N)
SV339,SB1209,2/4/2025,S Passed Senate (40-Y 0-N)
S12V98,SB1210,1/15/2025,S Reported from General Laws and Technology with substitute (15-Y 0-N)
SV57,SB1210,1/17/2025,S Constitutional reading dispensed (on 1st reading) (40-Y 0-N)
SV77,SB1210,1/21/2025,S Read third time and passed Senate (40-Y 0-N)
H11V2512327,SB1210,2/6/2025,H Reported from General Laws (21-Y 0-N)
2518652,SB1210,2/11/2025,H Passed House (94-Y 0-N)
S12V452,SB1212,1/22/2025,S Reported from General Laws and Technology with substitute (15-Y 0-N)
SV125,SB1212,1/24/2025,S Constitutional reading dispensed (on 1st reading) (37-Y 0-N)
SV162,SB1212,1/28/2025,S Read third time and passed Senate (39-Y 0-N)
H14V2512345,SB1212,2/6/2025,H Reported from Labor and Commerce with substitute (12-Y 9-N)
2518677,SB1212,2/12/2025,H Passed House with substitute (50-Y 47-N)
SV489,SB1212,2/14/2025,S House substitute agreed to by Senate (36-Y 0-N)
SV1050,SB1212,4/2/2025,S Senate rejected Governor's recommendation (17-Y 23-N)
S04V991,SB1213,1/30/2025,S Reported from Education and Health with substitute and rereferred to Finance and Appropriations (12-Y 0-N 3-A)
S12V666,SB1214,1/24/2025,S Reported from General Laws and Technology with substitute and rereferred to Finance and Appropriations (14-Y 0-N)
S05V1074,SB1214,1/30/2025,S Reported from Finance and Appropriations with substitute (15-Y 0-N)
SV285,SB1214,2/3/2025,S Constitutional reading dispensed (on 1st reading) (40-Y 0-N)
SV312,SB1214,2/4/2025,S Constitutional reading dispensed (on 3rd reading) (39-Y 0-N)
SV313,SB1214,2/4/2025,S Passed Senate (40-Y 0-N)
H21001V2512426,SB1214,2/10/2025,H Subcommittee recommends reporting and referring to Appropriations (7-Y 3-N)
H21V2512436,SB1214,2/10/2025,"H Reported from Communications, Technology and Innovation and referred to Appropriations (13-Y 8-N)"
S02V285,SB1215,1/20/2025,S Reported from Commerce and Labor with substitute (15-Y 0-N)
SV99,SB1215,1/22/2025,S Constitutional reading dispensed (on 1st reading) (40-Y 0-N)
SV119,SB1215,1/24/2025,S Read third time and passed Senate (38-Y 0-N)
H14V2512347,SB1215,2/6/2025,H Reported from Labor and Commerce (21-Y 0-N)
2518652,SB1215,2/11/2025,H Passed House (94-Y 0-N)
S02V741,SB1216,1/27/2025,S Passed by indefinitely in Commerce and Labor with letter (13-Y 2-N)
S04V497,SB1217,1/23/2025,S Reported from Education and Health with amendment and rereferred to Finance and Appropriations (15-Y 0-N)
S05V893,SB1217,1/29/2025,S Reported from Finance and Appropriations with substitute (15-Y 0-N)
SV224,SB1217,1/30/2025,S Constitutional reading dispensed (on 1st reading) (39-Y 0-N 1-A)
SV241,SB1217,1/31/2025,S Constitutional reading dispensed (on 3rd reading) (40-Y 0-N)
SV242,SB1217,1/31/2025,S Passed Senate (40-Y 0-N)
H20V2512874,SB1217,2/17/2025,H Tabled in Rules (18-Y 0-N)
S02V731,SB1218,1/27/2025,S Reported from Commerce and Labor with substitute (15-Y 0-N)
SV209,SB1218,1/29/2025,S Constitutional reading dispensed (on 1st reading) (38-Y 0-N)
SV222,SB1218,1/30/2025,S Constitutional reading dispensed (on 3rd reading) (39-Y 1-N)
SV223,SB1218,1/30/2025,S Passed Senate (40-Y 0-N)
H14002V2512636,SB1218,2/11/2025,H Subcommittee recommends reporting (8-Y 0-N)
H14V2512787,SB1218,2/13/2025,H Reported from Labor and Commerce (12-Y 10-N)
2518829,SB1218,2/18/2025,H Passed House (49-Y 47-N)
S10V199,SB1219,1/17/2025,S Reported from Rules and rereferred to Finance and Appropriations (15-Y 0-N)
S05V592,SB1219,1/23/2025,S Reported from Finance and Appropriations with amendment (13-Y 0-N)
SV154,SB1219,1/27/2025,S Constitutional reading dispensed (on 1st reading) (36-Y 0-N)
SV214,SB1219,1/30/2025,S Read third time and passed Senate (37-Y 2-N 1-A)
H20V2512884,SB1219,2/17/2025,H Reported from Rules with amendment(s)  (14-Y 4-N)
2519015,SB1219,2/20/2025,H Passed House with amendments (64-Y 34-N)
2519021,SB1219,2/20/2025,H Passed House with amendments (Y-58 N-39 A-0)
SV887,SB1219,2/20/2025,S House Amendments agreed to by Senate (37-Y 2-N)
SV1051,SB1219,4/2/2025,S Senate rejected Governor's recommendation (18-Y 22-N)
S13V224,SB1220,1/17/2025,S Reported from Courts of Justice with substitute and rereferred to Finance and Appropriations (11-Y 4-N)
S05V393,SB1220,1/22/2025,S Reported from Finance and Appropriations with substitute (15-Y 0-N)
SV110,SB1220,1/23/2025,S Constitutional reading dispensed (on 1st reading) (39-Y 0-N)
S12V138,SB1221,1/15/2025,S Rereferred from General Laws and Technology to Courts of Justice (15-Y 0-N)
S13V487,SB1221,1/22/2025,S Reported from Courts of Justice with substitute (14-Y 0-N)
SV125,SB1221,1/24/2025,S Constitutional reading dispensed (on 1st reading) (37-Y 0-N)
SV162,SB1221,1/28/2025,S Read third time and passed Senate (39-Y 0-N)
H08V2512473,SB1221,2/10/2025,H Reported from Courts of Justice with substitute (14-Y 8-N)
2518724,SB1221,2/13/2025,H Passed House with substitute (56-Y 41-N)
SV541,SB1221,2/17/2025,S House substitute agreed to by Senate (37-Y 2-N)
SV544,SB1221,2/17/2025,S Reconsideration of House substitute agreed to by Senate (39-Y 0-N)
SV566,SB1221,2/17/2025,S House substitute agreed to by Senate (39-Y 0-N)
SV1052,SB1221,4/2/2025,S Senate rejected Governor's recommendation (19-Y 21-N)
S12V469,SB1222,1/22/2025,S Reported from General Laws and Technology (9-Y 6-N)
SV125,SB1222,1/24/2025,S Constitutional reading dispensed (on 1st reading) (37-Y 0-N)
SV192,SB1222,1/28/2025,S Read third time and passed Senate (36-Y 3-N)
H20V2512924,SB1222,2/17/2025,H Passed by indefinitely in Rules (18-Y 0-N)
S12V416,SB1223,1/22/2025,S Reported from General Laws and Technology and rereferred to Finance and Appropriations (13-Y 1-N)
S05V315,SB1225,1/21/2025,S Passed by indefinitely in Finance and Appropriations (14-Y 0-N)
S12V459,SB1226,1/22/2025,S Stricken at request of Patron in General Laws and Technology (15-Y 0-N)
S13V701,SB1227,1/27/2025,S Reported from Courts of Justice with substitute and rereferred to Finance and Appropriations (9-Y 2-N 3-A)
S12V122,SB1228,1/15/2025,S Reported from General Laws and Technology with amendment (15-Y 0-N)
SV57,SB1228,1/17/2025,S Constitutional reading dispensed (on 1st reading) (40-Y 0-N)
SV77,SB1228,1/21/2025,S Read third time and passed Senate (40-Y 0-N)
H14V2512349,SB1228,2/6/2025,H Reported from Labor and Commerce with amendment(s)  (21-Y 0-N)
2518652,SB1228,2/11/2025,H Passed House with amendments (94-Y 0-N)
SV455,SB1228,2/13/2025,S House Amendments rejected by Senate (0-Y 40-N)
SV592,SB1228,2/18/2025,S Senate acceded to request (40-Y 0-N)
2519159,SB1228,2/21/2025,H Conference report agreed to by House (96-Y 0-N)
SV933,SB1228,2/21/2025,S Conference report agreed to by Senate (40-Y 0-N)
S04V815,SB1229,1/28/2025,S Reported from Education and Health with substitute and rereferred to Finance and Appropriations (15-Y 0-N)
S05V1059,SB1229,1/30/2025,S Reported from Finance and Appropriations with substitute (15-Y 0-N)
SV285,SB1229,2/3/2025,S Constitutional reading dispensed (on 1st reading) (40-Y 0-N)
SV312,SB1229,2/4/2025,S Constitutional reading dispensed (on 3rd reading) (39-Y 0-N)
SV313,SB1229,2/4/2025,S Passed Senate (40-Y 0-N)
H09002V2512434,SB1229,2/10/2025,H Subcommittee recommends reporting with substitute (10-Y 0-N)
H09V2512671,SB1229,2/12/2025,H Reported from Education with substitute (21-Y 0-N)
2518792,SB1229,2/17/2025,H Passed House with substitute (96-Y 0-N)
SV653,SB1229,2/18/2025,S House substitute agreed to by Senate (40-Y 0-N)
S04V1026,SB1230,1/30/2025,S Reported from Education and Health with substitute (15-Y 0-N)
SV243,SB1230,1/31/2025,S Constitutional reading dispensed (on 1st reading) (39-Y 0-N)
SV280,SB1230,2/3/2025,S Constitutional reading dispensed (on 3rd reading) (40-Y 0-N)
SV281,SB1230,2/3/2025,S Passed Senate (40-Y 0-N)
H09V2512660,SB1230,2/12/2025,H Reported from Education with amendment(s)  (12-Y 9-N)
2518786,SB1230,2/17/2025,H Passed House with amendments (50-Y 46-N)
SV654,SB1230,2/18/2025,S House Amendments agreed to by Senate (40-Y 0-N)
S12V460,SB1231,1/22/2025,S Reported from General Laws and Technology with amendment and rereferred to Finance and Appropriations (15-Y 0-N)
S05V777,SB1231,1/28/2025,S Reported from Finance and Appropriations with substitute (15-Y 0-N)
SV209,SB1231,1/29/2025,S Constitutional reading dispensed (on 1st reading) (38-Y 0-N)
SV222,SB1231,1/30/2025,S Constitutional reading dispensed (on 3rd reading) (39-Y 1-N)
SV223,SB1231,1/30/2025,S Passed Senate (40-Y 0-N)
H02V2512449,SB1231,2/10/2025,H Reported from Appropriations with substitute (22-Y 0-N)
2518733,SB1231,2/13/2025,H Passed House with substitute (84-Y 12-N)
SV542,SB1231,2/17/2025,S House substitute rejected by Senate (0-Y 38-N)
SV780,SB1231,2/19/2025,S Senate acceded to request (40-Y 0-N)
SV934,SB1231,2/21/2025,S Conference report agreed to by Senate (40-Y 0-N)
2519210,SB1231,2/22/2025,H Conference report agreed to by House (92-Y 3-N)
S10V197,SB1232,1/17/2025,S Reported from Rules and rereferred to Finance and Appropriations (15-Y 0-N)
S11V577,SB1233,1/23/2025,S Reported from Transportation (9-Y 5-N)
SV154,SB1233,1/27/2025,S Constitutional reading dispensed (on 1st reading) (36-Y 0-N)
SV215,SB1233,1/30/2025,S Read third time and passed Senate (24-Y 15-N)
H19003V2512701,SB1233,2/12/2025,H Subcommittee recommends reporting with substitute (5-Y 3-N)
H19V2512734,SB1233,2/13/2025,H Reported from Transportation with substitute (11-Y 9-N)
2518830,SB1233,2/18/2025,H Passed House with substitute (52-Y 44-N)
SV763,SB1233,2/19/2025,S House substitute rejected by Senate (1-Y 39-N)
SV895,SB1233,2/20/2025,S Senate acceded to request (38-Y 0-N)
2519211,SB1233,2/22/2025,H Conference report agreed to by House (54-Y 40-N)
SV1000,SB1233,2/22/2025,S Conference report agreed to by Senate (25-Y 15-N)
S04V992,SB1234,1/30/2025,S Reported from Education and Health with substitute (15-Y 0-N)
SV243,SB1234,1/31/2025,S Constitutional reading dispensed (on 1st reading) (39-Y 0-N)
SV280,SB1234,2/3/2025,S Constitutional reading dispensed (on 3rd reading) (40-Y 0-N)
SV281,SB1234,2/3/2025,S Passed Senate (40-Y 0-N)
H24001V2512582,SB1234,2/11/2025,H Subcommittee recommends reporting (7-Y 1-N)
H24V2512752,SB1234,2/13/2025,H Reported from Health and Human Services (17-Y 5-N)
2518831,SB1234,2/18/2025,H Passed House (54-Y 43-N)
S04V563,SB1236,1/23/2025,S Reported from Education and Health and rereferred to Finance and Appropriations (15-Y 0-N)
S04V993,SB1237,1/30/2025,S Reported from Education and Health (15-Y 0-N)
SV243,SB1237,1/31/2025,S Constitutional reading dispensed (on 1st reading) (39-Y 0-N)
SV280,SB1237,2/3/2025,S Constitutional reading dispensed (on 3rd reading) (40-Y 0-N)
SV281,SB1237,2/3/2025,S Passed Senate (40-Y 0-N)
H24V2512527,SB1237,2/11/2025,H Reported from Health and Human Services (22-Y 0-N)
2518747,SB1237,2/14/2025,H Passed House (96-Y 0-N)
SV1053,SB1237,4/2/2025,S Senate concurred in Governor's recommendation (40-Y 0-N)
2519351,SB1237,4/2/2025,H House concurred in Governor's recommendation (95-Y 0-N)
S10V210,SB1239,1/17/2025,S Reported from Rules (15-Y 0-N)
SV72,SB1239,1/20/2025,S Constitutional reading dispensed (on 1st reading) (40-Y 0-N)
SV95,SB1239,1/22/2025,S Read third time and passed Senate (40-Y 0-N)
H20V2512891,SB1239,2/17/2025,H Reported from Rules with substitute (18-Y 0-N)
2518997,SB1239,2/20/2025,H Passed House with substitute (98-Y 0-N)
SV888,SB1239,2/20/2025,S House substitute agreed to by Senate (39-Y 0-N)
S04V564,SB1240,1/23/2025,S Reported from Education and Health with substitute (15-Y 0-N)
SV125,SB1240,1/24/2025,S Constitutional reading dispensed (on 1st reading) (37-Y 0-N)
SV162,SB1240,1/28/2025,S Read third time and passed Senate (39-Y 0-N)
H09V2512918,SB1240,2/17/2025,H Reported from Education with substitute (22-Y 0-N)
2519020,SB1240,2/20/2025,H Passed House with substitute (97-Y 1-N)
SV889,SB1240,2/20/2025,S House substitute rejected by Senate (2-Y 37-N)
SV900,SB1240,2/20/2025,S Senate acceded to request (37-Y 0-N)
SV977,SB1240,2/22/2025,S Conference report agreed to by Senate (40-Y 0-N)
2519212,SB1240,2/22/2025,H Conference report agreed to by House (96-Y 1-N)
S12V967,SB1241,1/29/2025,S Reported from General Laws and Technology with substitute and rereferred to Finance and Appropriations (10-Y 5-N)
S01V848,SB1242,1/28/2025,"S Reported from Agriculture, Conservation and Natural Resources and rereferred to Finance and Appropriations (14-Y 0-N)"
S04V1027,SB1244,1/30/2025,S Reported from Education and Health with substitute (15-Y 0-N)
SV243,SB1244,1/31/2025,S Constitutional reading dispensed (on 1st reading) (39-Y 0-N)
SV280,SB1244,2/3/2025,S Constitutional reading dispensed (on 3rd reading) (40-Y 0-N)
SV281,SB1244,2/3/2025,S Passed Senate (40-Y 0-N)
H09001V2512569,SB1244,2/11/2025,H Subcommittee recommends reporting (6-Y 1-N)
H09V2512908,SB1244,2/17/2025,H Reported from Education (22-Y 0-N)
2518997,SB1244,2/20/2025,H Passed House (98-Y 0-N)
S12V417,SB1245,1/22/2025,S Reported from General Laws and Technology with substitute (14-Y 0-N)
SV125,SB1245,1/24/2025,S Constitutional reading dispensed (on 1st reading) (37-Y 0-N)
SV162,SB1245,1/28/2025,S Read third time and passed Senate (39-Y 0-N)
H11V2512328,SB1245,2/6/2025,H Reported from General Laws (21-Y 0-N)
2518652,SB1245,2/11/2025,H Passed House (94-Y 0-N)
S12V655,SB1246,1/24/2025,S Reported from General Laws and Technology and rereferred to Finance and Appropriations (15-Y 0-N)
S04V816,SB1247,1/28/2025,S Passed by indefinitely in Education and Health (9-Y 6-N)
S12V96,SB1248,1/15/2025,S Reported from General Laws and Technology with substitute and rereferred to Finance and Appropriations (15-Y 0-N)
S05V397,SB1248,1/22/2025,S Reported from Finance and Appropriations with substitute (15-Y 0-N)
SV110,SB1248,1/23/2025,S Constitutional reading dispensed (on 1st reading) (39-Y 0-N)
SV131,SB1248,1/27/2025,S Read third time and passed Senate (38-Y 0-N)
H11002V2512361,SB1248,2/6/2025,H Subcommittee recommends reporting (8-Y 0-N)
H11V2512617,SB1248,2/11/2025,H Reported from General Laws (19-Y 0-N)
2518747,SB1248,2/14/2025,H Passed House (96-Y 0-N)
S13V429,SB1249,1/22/2025,S Passed by indefinitely in Courts of Justice (9-Y 6-N)
S11V171,SB1250,1/16/2025,S Reported from Transportation (14-Y 0-N)
SV72,SB1250,1/20/2025,S Constitutional reading dispensed (on 1st reading) (40-Y 0-N)
SV95,SB1250,1/22/2025,S Read third time and passed Senate (40-Y 0-N)
H19V2512312,SB1250,2/6/2025,H Reported from Transportation (20-Y 0-N)
2518652,SB1250,2/11/2025,H Passed House (94-Y 0-N)
S12V87,SB1251,1/15/2025,S Rereferred from General Laws and Technology to Rehabilitation and Social Services (15-Y 0-N)
S09V601,SB1251,1/24/2025,S Reported from Rehabilitation and Social Services with substitute and rereferred to Finance and Appropriations (15-Y 0-N)
S05V876,SB1251,1/29/2025,S Reported from Finance and Appropriations with substitute (15-Y 0-N)
SV224,SB1251,1/30/2025,S Constitutional reading dispensed (on 1st reading) (39-Y 0-N 1-A)
SV241,SB1251,1/31/2025,S Constitutional reading dispensed (on 3rd reading) (40-Y 0-N)
SV242,SB1251,1/31/2025,S Passed Senate (40-Y 0-N)
H15V2512381,SB1251,2/7/2025,H Reported from Public Safety with substitute (21-Y 0-N)
2518661,SB1251,2/12/2025,H Passed House with substitute (97-Y 0-N)
SV543,SB1251,2/17/2025,S House substitute agreed to by Senate (38-Y 0-N)
SV545,SB1251,2/17/2025,S Reconsideration of House substitute agreed to by Senate (39-Y 0-N)
SV546,SB1251,2/17/2025,S House substitute agreed to by Senate (39-Y 0-N)
S02V750,SB1252,1/27/2025,S Reported from Commerce and Labor with substitute (9-Y 6-N)
SV209,SB1252,1/29/2025,S Constitutional reading dispensed (on 1st reading) (38-Y 0-N)
SV255,SB1252,2/3/2025,S Read third time and passed Senate (34-Y 6-N)
H14001V2512625,SB1252,2/11/2025,H Subcommittee recommends reporting with amendment(s)  (4-Y 3-N)
H14V2512796,SB1252,2/13/2025,H Reported from Labor and Commerce with amendment(s)  (12-Y 10-N)
2518832,SB1252,2/18/2025,H Passed House with amendment (50-Y 47-N)
SV764,SB1252,2/19/2025,S House Amendment agreed to by Senate (39-Y 1-N)
SV766,SB1252,2/19/2025,S Reconsideration of  (40-Y 0-N)
SV767,SB1252,2/19/2025,S House amendment agreed to by Senate (29-Y 10-N 1-A)
S04V507,SB1253,1/23/2025,S Reported from Education and Health (15-Y 0-N)
SV125,SB1253,1/24/2025,S Constitutional reading dispensed (on 1st reading) (37-Y 0-N)
SV162,SB1253,1/28/2025,S Read third time and passed Senate (39-Y 0-N)
H24002V2512573,SB1253,2/11/2025,H Subcommittee recommends reporting (8-Y 0-N)
H24V2512725,SB1253,2/13/2025,H Reported from Health and Human Services (21-Y 0-N)
2518800,SB1253,2/18/2025,H Passed House (97-Y 0-N)
S07V272,SB1254,1/20/2025,S Reported from Local Government (8-Y 7-N)
SV87,SB1254,1/21/2025,S Constitutional reading dispensed (on 1st reading) (40-Y 0-N)
SV106,SB1254,1/23/2025,S Read third time and passed Senate (20-Y 19-N)
H07002V2512295,SB1254,2/6/2025,H Subcommittee recommends reporting (5-Y 3-N)
H07V2512408,SB1254,2/7/2025,"H Reported from Counties, Cities and Towns (12-Y 9-N)"
2518695,SB1254,2/12/2025,H Passed House (50-Y 47-N)
S13V260,SB1255,1/20/2025,S Reported from Courts of Justice with substitute (15-Y 0-N)
SV87,SB1255,1/21/2025,S Constitutional reading dispensed (on 1st reading) (40-Y 0-N)
SV104,SB1255,1/23/2025,S Read third time and passed Senate (39-Y 0-N)
H08V2512270,SB1255,2/5/2025,H Reported from Courts of Justice with substitute (22-Y 0-N)
2518643,SB1255,2/10/2025,H Passed House with substitute (95-Y 0-N)
SV392,SB1255,2/12/2025,S House substitute agreed to by Senate (38-Y 0-N)
S04V1014,SB1257,1/30/2025,S Reported from Education and Health (13-Y 2-N)
SV243,SB1257,1/31/2025,S Constitutional reading dispensed (on 1st reading) (39-Y 0-N)
SV303,SB1257,2/4/2025,S Read third time and passed Senate (39-Y 1-N)
H09V2512914,SB1257,2/17/2025,H Reported from Education with amendment(s)  (22-Y 0-N)
2518997,SB1257,2/20/2025,H Passed House with amendments (98-Y 0-N)
SV890,SB1257,2/20/2025,S House Amendments agreed to by Senate (39-Y 0-N)
S13V682,SB1258,1/27/2025,S Passed by indefinitely in Courts of Justice (8-Y 6-N)
S04V1015,SB1259,1/30/2025,S Reported from Education and Health (11-Y 1-N 2-A)
SV243,SB1259,1/31/2025,S Constitutional reading dispensed (on 1st reading) (39-Y 0-N)
SV304,SB1259,2/4/2025,S Read third time and passed Senate (40-Y 0-N)
H09002V2512435,SB1259,2/10/2025,H Subcommittee recommends reporting with amendment(s)  (10-Y 0-N)
H09V2512672,SB1259,2/12/2025,H Reported from Education with amendment(s)  (21-Y 0-N)
2518775,SB1259,2/17/2025,H Passed House with amendment (95-Y 0-N)
2518778,SB1259,2/17/2025,H Passed House with amendment (96-Y 0-N)
SV664,SB1259,2/18/2025,S House Amendment agreed to by Senate (40-Y 0-N)
S04V994,SB1260,1/30/2025,S Reported from Education and Health with substitute (15-Y 0-N)
SV243,SB1260,1/31/2025,S Constitutional reading dispensed (on 1st reading) (39-Y 0-N)
SV280,SB1260,2/3/2025,S Constitutional reading dispensed (on 3rd reading) (40-Y 0-N)
SV281,SB1260,2/3/2025,S Passed Senate (40-Y 0-N)
H24002V2512558,SB1260,2/11/2025,H Subcommittee recommends reporting with substitute (8-Y 0-N)
H24V2512726,SB1260,2/13/2025,H Reported from Health and Human Services with substitute (21-Y 0-N)
2518800,SB1260,2/18/2025,H Passed House with substitute (97-Y 0-N)
SV765,SB1260,2/19/2025,S House substitute agreed to by Senate (39-Y 0-N)
S13V246,SB1261,1/20/2025,S Reported from Courts of Justice with amendment (14-Y 0-N)
SV87,SB1261,1/21/2025,S Constitutional reading dispensed (on 1st reading) (40-Y 0-N)
SV104,SB1261,1/23/2025,S Read third time and passed Senate (39-Y 0-N)
H08V2512271,SB1261,2/5/2025,H Reported from Courts of Justice with substitute (19-Y 3-N)
2518650,SB1261,2/10/2025,H Passed House with substitute (66-Y 29-N)
SV393,SB1261,2/12/2025,S House substitute agreed to by Senate (39-Y 0-N)
S04V565,SB1262,1/23/2025,S Reported from Education and Health with substitute and rereferred to Finance and Appropriations (9-Y 6-N)
S07V690,SB1263,1/27/2025,S Reported from Local Government (15-Y 0-N)
SV195,SB1263,1/28/2025,S Constitutional reading dispensed (on 1st reading) (39-Y 0-N)
SV207,SB1263,1/29/2025,S Constitutional reading dispensed (on 3rd reading) (38-Y 0-N)
SV208,SB1263,1/29/2025,S Passed Senate (38-Y 0-N)
H07002V2512293,SB1263,2/6/2025,H Subcommittee recommends reporting (8-Y 0-N)
H07V2512405,SB1263,2/7/2025,"H Reported from Counties, Cities and Towns (21-Y 0-N)"
2518661,SB1263,2/12/2025,H Passed House (97-Y 0-N)
S04V807,SB1264,1/28/2025,S Reported from Education and Health and rereferred to Finance and Appropriations (15-Y 0-N)
S11V169,SB1265,1/16/2025,S Reported from Transportation to Finance and Appropriations (15-Y 0-N)
S07V271,SB1267,1/20/2025,S Reported from Local Government (11-Y 2-N 1-A)
SV87,SB1267,1/21/2025,S Constitutional reading dispensed (on 1st reading) (40-Y 0-N)
H07001V2512247,SB1267,2/5/2025,H Subcommittee recommends reporting (7-Y 0-N)
H07V2512399,SB1267,2/7/2025,"H Reported from Counties, Cities and Towns (21-Y 0-N)"
2518661,SB1267,2/12/2025,H Passed House (97-Y 0-N)
S13V1094,SB1268,2/3/2025,S Passed by indefinitely in Courts of Justice (9-Y 6-N)
S02V284,SB1269,1/20/2025,S Reported from Commerce and Labor and rereferred to Finance and Appropriations (15-Y 0-N)
S05V796,SB1269,1/28/2025,S Reported from Finance and Appropriations (14-Y 0-N 1-A)
SV209,SB1269,1/29/2025,S Constitutional reading dispensed (on 1st reading) (38-Y 0-N)
SV235,SB1269,1/31/2025,S Read third time and passed Senate (40-Y 0-N)
H14V2512351,SB1269,2/6/2025,H Reported from Labor and Commerce (21-Y 0-N)
2518652,SB1269,2/11/2025,H Passed House (94-Y 0-N)
S12V656,SB1270,1/24/2025,S Reported from General Laws and Technology with substitute and rereferred to Finance and Appropriations (15-Y 0-N)
S05V871,SB1270,1/29/2025,S Reported from Finance and Appropriations (15-Y 0-N)
SV224,SB1270,1/30/2025,S Constitutional reading dispensed (on 1st reading) (39-Y 0-N 1-A)
H11V2512329,SB1270,2/6/2025,H Reported from General Laws (21-Y 0-N)
2518680,SB1270,2/12/2025,H Passed House with amendments (95-Y 2-N)
SV490,SB1270,2/14/2025,S House Amendments agreed to by Senate (36-Y 0-N)
S13V716,SB1271,1/27/2025,S Reported from Courts of Justice with substitute and rereferred to Finance and Appropriations (13-Y 1-N)
S05V880,SB1271,1/29/2025,S Reported from Finance and Appropriations (13-Y 0-N 2-A)
SV224,SB1271,1/30/2025,S Constitutional reading dispensed (on 1st reading) (39-Y 0-N 1-A)
SV274,SB1271,2/3/2025,S Read third time and passed Senate (40-Y 0-N)
H08V2512474,SB1271,2/10/2025,H Reported from Courts of Justice with substitute (22-Y 0-N)
2518717,SB1271,2/13/2025,H Passed House with substitute (96-Y 0-N)
SV547,SB1271,2/17/2025,S House substitute rejected by Senate (0-Y 39-N)
SV781,SB1271,2/19/2025,S Senate acceded to request (40-Y 0-N)
2519160,SB1271,2/21/2025,H Conference report agreed to by House (96-Y 0-N)
SV935,SB1271,2/21/2025,S Conference report agreed to by Senate (40-Y 0-N)
S13V478,SB1272,1/22/2025,S Reported from Courts of Justice with substitute and rereferred to Finance and Appropriations (14-Y 0-N)
S05V878,SB1272,1/29/2025,S Reported from Finance and Appropriations (15-Y 0-N)
SV224,SB1272,1/30/2025,S Constitutional reading dispensed (on 1st reading) (39-Y 0-N 1-A)
SV241,SB1272,1/31/2025,S Constitutional reading dispensed (on 3rd reading)
SV242,SB1272,1/31/2025,S Passed Senate
H08001V2512708,SB1272,2/12/2025,H Subcommittee recommends reporting with substitute (8-Y 0-N)
H08V2512845,SB1272,2/14/2025,H Reported from Courts of Justice with substitute (21-Y 0-N)
2518884,SB1272,2/19/2025,H Passed House with substitute (97-Y 0-N)
SV868,SB1272,2/20/2025,S House substitute agreed to by Senate (38-Y 1-N)
SV1055,SB1272,4/2/2025,S Senate concurred in Governor's recommendation (40-Y 0-N)
2519352,SB1272,4/2/2025,H House concurred in Governor's recommendation (96-Y 0-N)
S09V623,SB1273,1/24/2025,S Reported from Rehabilitation and Social Services and rereferred to Finance and Appropriations (15-Y 0-N)
S05V886,SB1273,1/29/2025,S Passed by indefinitely in Finance and Appropriations (10-Y 5-N)
S13V930,SB1274,1/29/2025,S Passed by indefinitely in Courts of Justice with letter (15-Y 0-N)
S12V458,SB1275,1/22/2025,S Reported from General Laws and Technology with amendment and rereferred to Finance and Appropriations (15-Y 0-N)
S05V787,SB1275,1/28/2025,S Reported from Finance and Appropriations (15-Y 0-N)
SV209,SB1275,1/29/2025,S Constitutional reading dispensed (on 1st reading) (38-Y 0-N)
SV222,SB1275,1/30/2025,S Constitutional reading dispensed (on 3rd reading) (39-Y 1-N)
SV223,SB1275,1/30/2025,S Passed Senate (40-Y 0-N)
H11001V2512765,SB1275,2/13/2025,H Subcommittee recommends reporting (7-Y 0-N)
H11V2512794,SB1275,2/13/2025,H Reported from General Laws (18-Y 0-N 1-A)
2518833,SB1275,2/18/2025,H Passed House (95-Y 0-N)
S02V308,SB1276,1/20/2025,S Reported from Commerce and Labor with substitute and rereferred to Finance and Appropriations (14-Y 0-N 1-A)
S13V477,SB1277,1/22/2025,S Reported from Courts of Justice and rereferred to Finance and Appropriations (14-Y 0-N)
S05V892,SB1277,1/29/2025,S Reported from Finance and Appropriations (15-Y 0-N)
SV224,SB1277,1/30/2025,S Constitutional reading dispensed (on 1st reading) (39-Y 0-N 1-A)
SV241,SB1277,1/31/2025,S Constitutional reading dispensed (on 3rd reading) (40-Y 0-N)
SV242,SB1277,1/31/2025,S Passed Senate (40-Y 0-N)
H08002V2512416,SB1277,2/7/2025,H Subcommittee recommends reporting (8-Y 0-N)
H08V2512494,SB1277,2/10/2025,H Reported from Courts of Justice (22-Y 0-N)
2518717,SB1277,2/13/2025,H Passed House (96-Y 0-N)
S04V144,SB1278,1/16/2025,S Rereferred from Education and Health
S04V180,SB1278,1/16/2025,S Rereferred from Education and Health to Courts of Justice (14-Y 0-N)
S13V929,SB1278,1/29/2025,S Reported from Courts of Justice (15-Y 0-N)
SV243,SB1278,1/31/2025,S Constitutional reading dispensed (on 1st reading) (39-Y 0-N)
SV280,SB1278,2/3/2025,S Constitutional reading dispensed (on 3rd reading) (40-Y 0-N)
SV281,SB1278,2/3/2025,S Passed Senate (40-Y 0-N)
H20V2512867,SB1278,2/17/2025,H Reported from Rules with amendment(s)  (18-Y 0-N)
2518997,SB1278,2/20/2025,H Passed House with amendments (98-Y 0-N)
SV891,SB1278,2/20/2025,S House Amendments rejected by Senate (0-Y 39-N)
SV900,SB1278,2/20/2025,S Senate acceded to request (37-Y 0-N)
SV978,SB1278,2/22/2025,S Conference report agreed to by Senate (40-Y 0-N)
2519213,SB1278,2/22/2025,H Conference report agreed to by House (97-Y 0-N)
S04V995,SB1279,1/30/2025,S Reported from Education and Health with substitute (15-Y 0-N)
SV243,SB1279,1/31/2025,S Constitutional reading dispensed (on 1st reading) (39-Y 0-N)
SV280,SB1279,2/3/2025,S Constitutional reading dispensed (on 3rd reading) (40-Y 0-N)
SV281,SB1279,2/3/2025,S Passed Senate (40-Y 0-N)
H24V2512719,SB1279,2/13/2025,H Reported from Health and Human Services (21-Y 0-N)
2518800,SB1279,2/18/2025,H Passed House (97-Y 0-N)
S12V419,SB1280,1/22/2025,S Reported from General Laws and Technology with substitute (15-Y 0-N)
SV125,SB1280,1/24/2025,S Constitutional reading dispensed (on 1st reading) (37-Y 0-N)
SV162,SB1280,1/28/2025,S Read third time and passed Senate (39-Y 0-N)
H11003V2512624,SB1280,2/11/2025,H Subcommittee recommends reporting (7-Y 0-N)
H11V2512779,SB1280,2/13/2025,H Reported from General Laws (19-Y 0-N)
2518800,SB1280,2/18/2025,H Passed House (97-Y 0-N)
S02V725,SB1281,1/27/2025,S Passed by indefinitely in Commerce and Labor with letter (8-Y 7-N)
S12V94,SB1282,1/15/2025,S Reported from General Laws and Technology (15-Y 0-N)
SV57,SB1282,1/17/2025,S Constitutional reading dispensed (on 1st reading) (40-Y 0-N)
SV77,SB1282,1/21/2025,S Read third time and passed Senate (40-Y 0-N)
H11002V2512363,SB1282,2/6/2025,H Subcommittee recommends reporting with substitute (8-Y 0-N)
H11V2512618,SB1282,2/11/2025,H Reported from General Laws with substitute (19-Y 0-N)
2518747,SB1282,2/14/2025,H Passed House with substitute (96-Y 0-N)
SV587,SB1282,2/18/2025,S House substitute agreed to by Senate
S09V607,SB1283,1/24/2025,S Reported from Rehabilitation and Social Services with amendments and rereferred to Finance and Appropriations (15-Y 0-N)
S05V894,SB1283,1/29/2025,S Reported from Finance and Appropriations with substitute (15-Y 0-N)
SV224,SB1283,1/30/2025,S Constitutional reading dispensed (on 1st reading) (39-Y 0-N 1-A)
SV280,SB1283,2/3/2025,S Constitutional reading dispensed (on 3rd reading) (40-Y 0-N)
SV281,SB1283,2/3/2025,S Passed Senate (40-Y 0-N)
H15002V2512714,SB1283,2/13/2025,H Subcommittee recommends reporting (6-Y 0-N)
H15V2512812,SB1283,2/14/2025,H Reported from Public Safety (21-Y 0-N)
2518884,SB1283,2/19/2025,H Passed House (97-Y 0-N)
S04V1018,SB1284,1/30/2025,S Passed by indefinitely in Education and Health (9-Y 5-N)
S12V439,SB1285,1/22/2025,S Failed to report from General Laws and Technology with substitute (7-Y 8-N)
S12V426,SB1287,1/22/2025,S Reported from General Laws and Technology with substitute and rereferred to Finance and Appropriations (13-Y 2-N)
S11V167,SB1288,1/16/2025,S Reported from Transportation and rereferred to Finance and Appropriations (15-Y 0-N)
S04V1028,SB1289,1/30/2025,S Reported from Education and Health with amendments (15-Y 0-N)
SV243,SB1289,1/31/2025,S Constitutional reading dispensed (on 1st reading) (39-Y 0-N)
SV280,SB1289,2/3/2025,S Constitutional reading dispensed (on 3rd reading) (40-Y 0-N)
SV281,SB1289,2/3/2025,S Passed Senate (40-Y 0-N)
H09V2512917,SB1289,2/17/2025,H Reported from Education (22-Y 0-N)
2518997,SB1289,2/20/2025,H Passed House (98-Y 0-N)
S02V1117,SB1290,2/3/2025,S Passed by indefinitely in Commerce and Labor with letter (15-Y 0-N)
S13V486,SB1291,1/22/2025,S Reported from Courts of Justice (14-Y 0-N)
SV125,SB1291,1/24/2025,S Constitutional reading dispensed (on 1st reading) (37-Y 0-N)
SV162,SB1291,1/28/2025,S Read third time and passed Senate (39-Y 0-N)
H08002V2512415,SB1291,2/7/2025,H Subcommittee recommends reporting (8-Y 0-N)
H08V2512495,SB1291,2/10/2025,H Reported from Courts of Justice (22-Y 0-N)
2518717,SB1291,2/13/2025,H Passed House (96-Y 0-N)
S05V330,SB1292,1/21/2025,S Reported from Finance and Appropriations with substitute (15-Y 0-N)
SV99,SB1292,1/22/2025,S Constitutional reading dispensed (on 1st reading) (40-Y 0-N)
SV119,SB1292,1/24/2025,S Read third time and passed Senate (38-Y 0-N)
S04V808,SB1293,1/28/2025,S Reported from Education and Health and rereferred to Finance and Appropriations (15-Y 0-N)
S05V1068,SB1293,1/30/2025,S Reported from Finance and Appropriations with substitute (15-Y 0-N)
SV285,SB1293,2/3/2025,S Constitutional reading dispensed (on 1st reading) (40-Y 0-N)
SV312,SB1293,2/4/2025,S Constitutional reading dispensed (on 3rd reading) (39-Y 0-N)
SV313,SB1293,2/4/2025,S Passed Senate (40-Y 0-N)
H09001V2512549,SB1293,2/11/2025,H Subcommittee recommends reporting (6-Y 0-N)
H09V2512906,SB1293,2/17/2025,H Reported from Education (22-Y 0-N)
2518997,SB1293,2/20/2025,H Passed House (98-Y 0-N)
S04V996,SB1294,1/30/2025,S Reported from Education and Health with amendments and rereferred to Finance and Appropriations (15-Y 0-N)
S13V674,SB1295,1/27/2025,S Stricken at request of Patron in Courts of Justice (14-Y 0-N)
S13V453,SB1296,1/22/2025,S Reported from Courts of Justice with substitute and rereferred to Finance and Appropriations (15-Y 0-N)
S09V600,SB1297,1/24/2025,S Stricken at request of Patron in Rehabilitation and Social Services (11-Y 0-N)
S13V685,SB1298,1/27/2025,S Passed by indefinitely in Courts of Justice (8-Y 6-N)
S02V300,SB1299,1/20/2025,S Reported from Commerce and Labor with substitute and rereferred to Finance and Appropriations (11-Y 3-N 1-A)
S05V792,SB1299,1/28/2025,S Reported from Finance and Appropriations with substitute (10-Y 5-N)
SV209,SB1299,1/29/2025,S Constitutional reading dispensed (on 1st reading) (38-Y 0-N)
SV236,SB1299,1/31/2025,S Read third time and passed Senate (26-Y 14-N)
S07V274,SB1300,1/20/2025,S Reported from Local Government (15-Y 0-N)
SV87,SB1300,1/21/2025,S Constitutional reading dispensed (on 1st reading) (40-Y 0-N)
SV104,SB1300,1/23/2025,S Read third time and passed Senate (39-Y 0-N)
H07001V2512249,SB1300,2/5/2025,H Subcommittee recommends reporting (8-Y 0-N)
H07V2512400,SB1300,2/7/2025,"H Reported from Counties, Cities and Towns (21-Y 0-N)"
2518661,SB1300,2/12/2025,H Passed House (97-Y 0-N)
SV1056,SB1300,4/2/2025,S Senate concurred in Governor's recommendation (40-Y 0-N)
2519353,SB1300,4/2/2025,H House concurred in Governor's recommendation (96-Y 0-N)
S02V297,SB1301,1/20/2025,S Reported from Commerce and Labor with substitute and rereferred to Finance and Appropriations (15-Y 0-N)
S11V166,SB1302,1/16/2025,S Reported from Transportation (8-Y 7-N)
SV72,SB1302,1/20/2025,S Constitutional reading dispensed (on 1st reading) (40-Y 0-N)
SV98,SB1302,1/22/2025,S Read third time and passed Senate (21-Y 19-N)
H19001V2512547,SB1302,2/11/2025,H Subcommittee recommends reporting (4-Y 3-N)
S04V1030,SB1303,1/30/2025,S Reported from Education and Health (10-Y 2-N 3-A)
SV243,SB1303,1/31/2025,S Constitutional reading dispensed (on 1st reading) (39-Y 0-N)
SV305,SB1303,2/4/2025,S Read third time and passed Senate (36-Y 3-N 1-A)
H09V2512912,SB1303,2/17/2025,H Reported from Education with substitute (22-Y 0-N)
2518997,SB1303,2/20/2025,H Passed House with substitute (98-Y 0-N)
SV892,SB1303,2/20/2025,S House substitute rejected by Senate (0-Y 39-N)
SV900,SB1303,2/20/2025,S Senate acceded to request (37-Y 0-N)
SV952,SB1303,2/21/2025,S Conference report agreed to by Senate (40-Y 0-N)
2519214,SB1303,2/22/2025,H Conference report agreed to by House (96-Y 1-N)
S04V997,SB1304,1/30/2025,S Reported from Education and Health with substitute (15-Y 0-N)
SV243,SB1304,1/31/2025,S Constitutional reading dispensed (on 1st reading) (39-Y 0-N)
SV280,SB1304,2/3/2025,S Constitutional reading dispensed (on 3rd reading) (40-Y 0-N)
SV281,SB1304,2/3/2025,S Passed Senate (40-Y 0-N)
H24V2512528,SB1304,2/11/2025,H Reported from Health and Human Services (22-Y 0-N)
2518747,SB1304,2/14/2025,H Passed House (96-Y 0-N)
S07V280,SB1305,1/20/2025,S Reported from Local Government with substitute (13-Y 2-N)
SV87,SB1305,1/21/2025,S Constitutional reading dispensed (on 1st reading) (40-Y 0-N)
H07003V2512806,SB1305,2/14/2025,H Subcommittee recommends laying on the table (6-Y 2-N)
S05V322,SB1306,1/21/2025,S Reported from Finance and Appropriations with amendments (9-Y 5-N)
SV99,SB1306,1/22/2025,S Constitutional reading dispensed (on 1st reading) (40-Y 0-N)
SV124,SB1306,1/24/2025,S Read third time and passed Senate (20-Y 18-N)
H10V2512442,SB1306,2/10/2025,H Reported from Finance (12-Y 8-N)
2518725,SB1306,2/13/2025,H Passed House (59-Y 37-N)
S05V78,SB1307,1/15/2025,S Reported from Finance and Appropriations with substitute (11-Y 2-N)
SV42,SB1307,1/16/2025,S Constitutional reading dispensed (on 1st reading) (39-Y 0-N)
SV65,SB1307,1/20/2025,S Read third time and passed Senate (27-Y 13-N)
H10V2512448,SB1307,2/10/2025,H Reported from Finance with substitute (13-Y 7-N)
2518726,SB1307,2/13/2025,H Passed House with substitute (62-Y 33-N)
SV548,SB1307,2/17/2025,S House substitute agreed to by Senate (27-Y 12-N)
S11V1048,SB1308,1/30/2025,S Reported from Transportation with substitute (15-Y 0-N)
SV285,SB1308,2/3/2025,S Constitutional reading dispensed (on 1st reading) (40-Y 0-N)
SV312,SB1308,2/4/2025,S Constitutional reading dispensed (on 3rd reading) (39-Y 0-N)
SV313,SB1308,2/4/2025,S Passed Senate (40-Y 0-N)
H19V2512575,SB1308,2/11/2025,H Reported from Transportation (19-Y 0-N 1-A)
2518752,SB1308,2/14/2025,H Passed House (95-Y 0-N)
S12V132,SB1309,1/15/2025,S Reported from General Laws and Technology with substitute (13-Y 0-N)
SV57,SB1309,1/17/2025,S Constitutional reading dispensed (on 1st reading) (40-Y 0-N)
SV104,SB1309,1/23/2025,S Read third time and passed Senate (39-Y 0-N)
H11V2512330,SB1309,2/6/2025,H Reported from General Laws (21-Y 0-N)
2518652,SB1309,2/11/2025,H Passed House (94-Y 0-N)
S12V133,SB1310,1/15/2025,S Reported from General Laws and Technology with amendments (13-Y 0-N)
SV57,SB1310,1/17/2025,S Constitutional reading dispensed (on 1st reading) (40-Y 0-N)
SV77,SB1310,1/21/2025,S Read third time and passed Senate (40-Y 0-N)
H11V2512357,SB1310,2/6/2025,H Reported from General Laws with amendment(s)  (21-Y 0-N)
2518652,SB1310,2/11/2025,H Passed House with amendment (94-Y 0-N)
SV456,SB1310,2/13/2025,S House Amendment agreed to by Senate (40-Y 0-N)
S02V298,SB1311,1/20/2025,S Reported from Commerce and Labor (15-Y 0-N)
SV99,SB1311,1/22/2025,S Constitutional reading dispensed (on 1st reading) (40-Y 0-N)
SV119,SB1311,1/24/2025,S Read third time and passed Senate (38-Y 0-N)
H14V2512353,SB1311,2/6/2025,H Reported from Labor and Commerce (21-Y 0-N)
2518652,SB1311,2/11/2025,H Passed House (94-Y 0-N)
S05V590,SB1312,1/23/2025,S Passed by indefinitely in Finance and Appropriations (7-Y 6-N)
S07V276,SB1313,1/20/2025,S Reported from Local Government (8-Y 6-N 1-A)
SV87,SB1313,1/21/2025,S Constitutional reading dispensed (on 1st reading) (40-Y 0-N)
H07002V2512288,SB1313,2/6/2025,H Subcommittee recommends reporting (6-Y 2-N)
H07V2512409,SB1313,2/7/2025,"H Reported from Counties, Cities and Towns (12-Y 9-N)"
2518696,SB1313,2/12/2025,H Passed House (50-Y 47-N)
S02V299,SB1314,1/20/2025,S Reported from Commerce and Labor with amendments (14-Y 0-N)
SV99,SB1314,1/22/2025,S Constitutional reading dispensed (on 1st reading) (40-Y 0-N)
SV119,SB1314,1/24/2025,S Read third time and passed Senate (38-Y 0-N)
H14V2512354,SB1314,2/6/2025,H Reported from Labor and Commerce (21-Y 0-N)
2518652,SB1314,2/11/2025,H Passed House (94-Y 0-N)
S12V427,SB1315,1/22/2025,S Reported from General Laws and Technology and rereferred to Finance and Appropriations (14-Y 0-N 1-A)
S05V759,SB1315,1/28/2025,S Passed by indefinitely in Finance and Appropriations (10-Y 5-N)
S02V1112,SB1316,2/3/2025,S Reported from Commerce and Labor with substitute (15-Y 0-N)
SV328,SB1316,2/4/2025,S Constitutional reading dispensed (on 1st reading) (40-Y 0-N)
SV329,SB1316,2/4/2025,S Constitutional reading dispensed (on 3rd reading) (40-Y 0-N)
SV330,SB1316,2/4/2025,S Passed Senate (40-Y 0-N)
H14003V2512640,SB1316,2/11/2025,H Subcommittee recommends reporting (9-Y 1-N)
H14V2512804,SB1316,2/13/2025,H Reported from Labor and Commerce (21-Y 1-N)
2518834,SB1316,2/18/2025,H Passed House (94-Y 2-N)
SV1057,SB1316,4/2/2025,S Senate rejected Governor's recommendation (19-Y 21-N)
S11V579,SB1317,1/23/2025,S Reported from Transportation (14-Y 0-N)
SV154,SB1317,1/27/2025,S Constitutional reading dispensed (on 1st reading) (36-Y 0-N)
SV202,SB1317,1/29/2025,S Read third time and passed Senate (38-Y 0-N)
H19002V2512587,SB1317,2/11/2025,H Subcommittee recommends reporting (8-Y 0-N)
H19V2512729,SB1317,2/13/2025,H Reported from Transportation (20-Y 0-N)
2518800,SB1317,2/18/2025,H Passed House (97-Y 0-N)
S04V981,SB1318,1/30/2025,S Reported from Education and Health with amendments (15-Y 0-N)
SV243,SB1318,1/31/2025,S Constitutional reading dispensed (on 1st reading) (39-Y 0-N)
SV280,SB1318,2/3/2025,S Constitutional reading dispensed (on 3rd reading) (40-Y 0-N)
SV281,SB1318,2/3/2025,S Passed Senate (40-Y 0-N)
H24002V2512571,SB1318,2/11/2025,H Subcommittee recommends reporting with substitute (8-Y 0-N)
H24V2512735,SB1318,2/13/2025,H Reported from Health and Human Services with substitute (13-Y 9-N)
2518886,SB1318,2/19/2025,H Passed House with substitute (88-Y 9-N)
SV869,SB1318,2/20/2025,S House substitute agreed to by Senate (39-Y 0-N)
SV1058,SB1318,4/2/2025,S Senate concurred in Governor's recommendation (40-Y 0-N)
2519354,SB1318,4/2/2025,H House concurred in Governor's recommendation (96-Y 0-N)
S01V828,SB1319,1/28/2025,"S Reported from Agriculture, Conservation and Natural Resources with substitute (14-Y 0-N)"
SV224,SB1319,1/30/2025,S Constitutional reading dispensed (on 1st reading) (39-Y 0-N 1-A)
SV241,SB1319,1/31/2025,S Constitutional reading dispensed (on 3rd reading) (40-Y 0-N)
SV242,SB1319,1/31/2025,S Passed Senate (40-Y 0-N)
H01V2512691,SB1319,2/12/2025,"H Reported from Agriculture, Chesapeake and Natural Resources with amendment(s)  (16-Y 6-N)"
2518787,SB1319,2/17/2025,H Passed House with amendment (69-Y 27-N)
SV655,SB1319,2/18/2025,S House Amendment agreed to by Senate (40-Y 0-N)
S04V998,SB1320,1/30/2025,S Reported from Education and Health with substitute and rereferred to Finance and Appropriations (15-Y 0-N)
S05V1061,SB1320,1/30/2025,S Reported from Finance and Appropriations (15-Y 0-N)
SV285,SB1320,2/3/2025,S Constitutional reading dispensed (on 1st reading) (40-Y 0-N)
SV312,SB1320,2/4/2025,S Constitutional reading dispensed (on 3rd reading) (39-Y 0-N)
SV313,SB1320,2/4/2025,S Passed Senate (40-Y 0-N)
H09V2512916,SB1320,2/17/2025,H Reported from Education with substitute (14-Y 8-N)
2519016,SB1320,2/20/2025,H Passed House with substitute (55-Y 43-N)
SV893,SB1320,2/20/2025,S House substitute agreed to by Senate (39-Y 0-N)
S12V428,SB1323,1/22/2025,S Reported from General Laws and Technology with substitute and rereferred to Finance and Appropriations (9-Y 6-N)
S13V961,SB1324,1/29/2025,S Reported from Courts of Justice with amendments (9-Y 6-N)
SV243,SB1324,1/31/2025,S Constitutional reading dispensed (on 1st reading) (39-Y 0-N)
SV306,SB1324,2/4/2025,S Read third time and passed Senate (21-Y 19-N)
H08001V2512505,SB1324,2/10/2025,H Subcommittee recommends reporting (5-Y 3-N)
H08V2512854,SB1324,2/14/2025,H Reported from Courts of Justice (12-Y 9-N)
2518897,SB1324,2/19/2025,H Passed House (51-Y 45-N)
S10V624,SB1326,1/24/2025,S Reported from Rules with substitute and rereferred to Finance and Appropriations (12-Y 0-N)
S05V904,SB1326,1/29/2025,S Reported from Finance and Appropriations (14-Y 0-N)
SV224,SB1326,1/30/2025,S Constitutional reading dispensed (on 1st reading) (39-Y 0-N 1-A)
SV241,SB1326,1/31/2025,S Constitutional reading dispensed (on 3rd reading) (40-Y 0-N)
SV242,SB1326,1/31/2025,S Passed Senate (40-Y 0-N)
H20V2512872,SB1326,2/17/2025,H Tabled in Rules (18-Y 0-N)
S13V421,SB1327,1/22/2025,S Reported from Courts of Justice and rereferred to Finance and Appropriations (13-Y 0-N)
S05V780,SB1327,1/28/2025,S Reported from Finance and Appropriations (15-Y 0-N)
SV209,SB1327,1/29/2025,S Constitutional reading dispensed (on 1st reading) (38-Y 0-N)
SV222,SB1327,1/30/2025,S Constitutional reading dispensed (on 3rd reading) (39-Y 1-N)
SV223,SB1327,1/30/2025,S Passed Senate (40-Y 0-N)
H08V2512272,SB1327,2/5/2025,H Reported from Courts of Justice with substitute (22-Y 0-N)
2518643,SB1327,2/10/2025,H Passed House with substitute (95-Y 0-N)
SV394,SB1327,2/12/2025,S House substitute rejected by Senate (2-Y 36-N)
SV557,SB1327,2/17/2025,S Senate acceded to request (39-Y 0-N)
SV674,SB1327,2/19/2025,S Conference report agreed to by Senate (40-Y 0-N)
2518883,SB1327,2/19/2025,H Conference report agreed to by House (96-Y 0-N)
S04V999,SB1328,1/30/2025,S Reported from Education and Health with substitute and rereferred to Finance and Appropriations (15-Y 0-N)
S13V229,SB1329,1/17/2025,S Reported from Courts of Justice and rereferred to Finance and Appropriations (9-Y 6-N)
S05V399,SB1329,1/22/2025,S Reported from Finance and Appropriations (10-Y 5-N)
SV110,SB1329,1/23/2025,S Constitutional reading dispensed (on 1st reading) (39-Y 0-N)
SV153,SB1329,1/27/2025,S Read third time and passed Senate (20-Y 18-N)
H15001V2512371,SB1329,2/6/2025,H Subcommittee recommends reporting with substitute (6-Y 4-N)
H15V2512387,SB1329,2/7/2025,H Reported from Public Safety with substitute (11-Y 10-N)
2518697,SB1329,2/12/2025,H Passed House with substitute (50-Y 47-N)
SV549,SB1329,2/17/2025,S House substitute rejected by Senate (0-Y 39-N)
SV782,SB1329,2/19/2025,S Senate acceded to request (40-Y 0-N)
SV979,SB1329,2/22/2025,S Conference report agreed to by Senate (21-Y 19-N)
2519215,SB1329,2/22/2025,H Conference report agreed to by House (51-Y 46-N)
S12V668,SB1330,1/24/2025,S Passed by indefinitely in General Laws and Technology (11-Y 3-N)
S13V442,SB1331,1/22/2025,S Reported from Courts of Justice (8-Y 4-N 2-A)
SV125,SB1331,1/24/2025,S Constitutional reading dispensed (on 1st reading) (37-Y 0-N)
SV203,SB1331,1/29/2025,S Read third time and passed Senate (30-Y 8-N)
H08V2512475,SB1331,2/10/2025,H Reported from Courts of Justice with substitute and referred to Appropriations (20-Y 2-N)
S02V662,SB1332,1/24/2025,S Reported from Commerce and Labor with substitute and rereferred to Finance and Appropriations (15-Y 0-N)
S05V900,SB1332,1/29/2025,S Reported from Finance and Appropriations (11-Y 3-N)
SV224,SB1332,1/30/2025,S Constitutional reading dispensed (on 1st reading) (39-Y 0-N 1-A)
SV275,SB1332,2/3/2025,S Read third time and passed Senate (36-Y 4-N)
H19003V2512700,SB1332,2/12/2025,H Subcommittee recommends reporting (6-Y 2-N)
H19V2512736,SB1332,2/13/2025,H Reported from Transportation (18-Y 2-N)
2518998,SB1332,2/20/2025,H Passed House (53-Y 43-N)
SV1059,SB1332,4/2/2025,S Senate concurred in Governor's recommendation (38-Y 2-N)
2519355,SB1332,4/2/2025,H House concurred in Governor's recommendation (80-Y 15-N)
S13V1097,SB1333,2/3/2025,S Failed to report from Courts of Justice with amendments (6-Y 9-N)
S13V444,SB1334,1/22/2025,S Passed by indefinitely in Courts of Justice (9-Y 6-N)
S01V857,SB1335,1/28/2025,"S Reported from Agriculture, Conservation and Natural Resources with substitute and rereferred to Finance and Appropriations (12-Y 0-N 2-A)"
S05V1054,SB1335,1/30/2025,S Reported from Finance and Appropriations (15-Y 0-N)
SV285,SB1335,2/3/2025,S Constitutional reading dispensed (on 1st reading) (40-Y 0-N)
SV315,SB1335,2/4/2025,S Constitutional reading dispensed (on 3rd reading) (40-Y 0-N)
SV323,SB1335,2/4/2025,S Passed Senate (40-Y 0-N)
H02V2512452,SB1335,2/10/2025,H Reported from Appropriations with substitute (22-Y 0-N)
2518734,SB1335,2/13/2025,H Passed House with substitute (89-Y 8-N)
SV550,SB1335,2/17/2025,S House substitute agreed to by Senate (39-Y 0-N)
S05V589,SB1336,1/23/2025,S Reported from Finance and Appropriations (13-Y 0-N)
SV154,SB1336,1/27/2025,S Constitutional reading dispensed (on 1st reading) (36-Y 0-N)
SV202,SB1336,1/29/2025,S Read third time and passed Senate (38-Y 0-N)
H10V2512450,SB1336,2/10/2025,H Reported from Finance (13-Y 7-N)
2518660,SB1336,2/12/2025,H Constitutional reading dispensed (on 3rd reading)  (95-Y 0-N)
2518703,SB1336,2/12/2025,H Passed House (53-Y 42-N)
SV1060,SB1336,4/2/2025,S Senate rejected Governor's recommendation (19-Y 21-N)
S10V632,SB1337,1/24/2025,S Reported from Rules (12-Y 0-N)
SV157,SB1337,1/27/2025,S Constitutional reading dispensed (on 1st reading) (37-Y 1-N)
SV202,SB1337,1/29/2025,S Read third time and passed Senate (38-Y 0-N)
H20V2512897,SB1337,2/17/2025,H Tabled in Rules (18-Y 0-N)
S01V367,SB1338,1/21/2025,"S Reported from Agriculture, Conservation and Natural Resources (13-Y 0-N)"
SV110,SB1338,1/23/2025,S Constitutional reading dispensed (on 1st reading) (39-Y 0-N)
SV131,SB1338,1/27/2025,S Read third time and passed Senate (38-Y 0-N)
H14V2512356,SB1338,2/6/2025,H Reported from Labor and Commerce (21-Y 0-N)
2518652,SB1338,2/11/2025,H Passed House (94-Y 0-N)
S02V302,SB1339,1/20/2025,S Reported from Commerce and Labor (15-Y 0-N)
SV99,SB1339,1/22/2025,S Constitutional reading dispensed (on 1st reading) (40-Y 0-N)
SV131,SB1339,1/27/2025,S Read third time and passed Senate (38-Y 0-N)
H21001V2512428,SB1339,2/10/2025,H Subcommittee recommends reporting (10-Y 0-N)
H21V2512437,SB1339,2/10/2025,"H Reported from Communications, Technology and Innovation (20-Y 0-N 1-A)"
2518727,SB1339,2/13/2025,H Passed House (96-Y 0-N)
SV1061,SB1339,4/2/2025,S Senate concurred in Governor's recommendation (40-Y 0-N)
2519356,SB1339,4/2/2025,H House concurred in Governor's recommendation (96-Y 0-N)
S11V580,SB1340,1/23/2025,S Reported from Transportation (14-Y 0-N)
SV154,SB1340,1/27/2025,S Constitutional reading dispensed (on 1st reading) (36-Y 0-N)
SV202,SB1340,1/29/2025,S Read third time and passed Senate (38-Y 0-N)
H19V2512313,SB1340,2/6/2025,H Reported from Transportation (20-Y 0-N)
2518652,SB1340,2/11/2025,H Passed House (94-Y 0-N)
S01V858,SB1341,1/28/2025,"S Reported from Agriculture, Conservation and Natural Resources with substitute and rereferred to Finance and Appropriations (14-Y 0-N)"
S10V627,SB1342,1/24/2025,S Rereferred from Rules to Commerce and Labor (12-Y 0-N)
S02V752,SB1342,1/27/2025,S Reported from Commerce and Labor with substitute (9-Y 5-N 1-A)
SV209,SB1342,1/29/2025,S Constitutional reading dispensed (on 1st reading) (38-Y 0-N)
SV237,SB1342,1/31/2025,S Read third time and passed Senate (24-Y 16-N)
H14V2512797,SB1342,2/13/2025,H Reported from Labor and Commerce (17-Y 5-N)
2518835,SB1342,2/18/2025,H Passed House (70-Y 27-N)
S05V324,SB1343,1/21/2025,S Passed by indefinitely in Finance and Appropriations with letter (15-Y 0-N)
S12V970,SB1344,1/29/2025,S Passed by indefinitely in General Laws and Technology with letter (15-Y 0-N)
S13V267,SB1345,1/20/2025,S Passed by indefinitely in Courts of Justice with letter (8-Y 7-N)
S04V566,SB1346,1/23/2025,S Passed by indefinitely in Education and Health (9-Y 6-N)
S04V1000,SB1347,1/30/2025,S Reported from Education and Health with substitute and rereferred to Finance and Appropriations (15-Y 0-N)
S11V1044,SB1348,1/30/2025,S Reported from Transportation with substitute (15-Y 0-N)
SV285,SB1348,2/3/2025,S Constitutional reading dispensed (on 1st reading) (40-Y 0-N)
SV312,SB1348,2/4/2025,S Constitutional reading dispensed (on 3rd reading) (39-Y 0-N)
SV313,SB1348,2/4/2025,S Passed Senate (40-Y 0-N)
H19V2512576,SB1348,2/11/2025,H Reported from Transportation (13-Y 7-N)
2518753,SB1348,2/14/2025,H Passed House (55-Y 41-N)
S12V942,SB1349,1/29/2025,S Passed by indefinitely in General Laws and Technology (14-Y 1-N)
S04V1001,SB1350,1/30/2025,S Reported from Education and Health with amendments (10-Y 3-N 2-A)
SV243,SB1350,1/31/2025,S Constitutional reading dispensed (on 1st reading) (39-Y 0-N)
SV307,SB1350,2/4/2025,S Read third time and passed Senate (35-Y 5-N)
H24001V2512581,SB1350,2/11/2025,H Subcommittee recommends reporting with amendment(s)  (6-Y 2-N)
H24V2512753,SB1350,2/13/2025,H Reported from Health and Human Services with substitute (19-Y 3-N)
2518836,SB1350,2/18/2025,H Passed House with substitute (66-Y 30-N)
SV768,SB1350,2/19/2025,S House substitute agreed to by Senate (28-Y 12-N)
S04V982,SB1352,1/30/2025,S Reported from Education and Health (15-Y 0-N)
SV243,SB1352,1/31/2025,S Constitutional reading dispensed (on 1st reading) (39-Y 0-N)
SV280,SB1352,2/3/2025,S Constitutional reading dispensed (on 3rd reading) (40-Y 0-N)
SV281,SB1352,2/3/2025,S Passed Senate (40-Y 0-N)
H24V2512529,SB1352,2/11/2025,H Reported from Health and Human Services (22-Y 0-N)
2518747,SB1352,2/14/2025,H Passed House (96-Y 0-N)
S01V856,SB1353,1/28/2025,"S Reported from Agriculture, Conservation and Natural Resources with substitute and rereferred to Finance and Appropriations (9-Y 5-N)"
S04V809,SB1354,1/28/2025,S Reported from Education and Health and rereferred to Finance and Appropriations (15-Y 0-N)
S02V303,SB1356,1/20/2025,S Reported from Commerce and Labor (9-Y 6-N)
SV99,SB1356,1/22/2025,S Constitutional reading dispensed (on 1st reading) (40-Y 0-N)
SV167,SB1356,1/28/2025,S Read third time and passed Senate (22-Y 17-N)
H14002V2512634,SB1356,2/11/2025,H Subcommittee recommends reporting (5-Y 3-N)
H14V2512790,SB1356,2/13/2025,H Reported from Labor and Commerce with substitute (12-Y 10-N)
2518837,SB1356,2/18/2025,H Passed House with substitute (50-Y 46-N)
SV769,SB1356,2/19/2025,S House substitute agreed to by Senate (25-Y 14-N)
SV1062,SB1356,4/2/2025,S Senate concurred in Governor's recommendation (40-Y 0-N)
2519357,SB1356,4/2/2025,H House concurred in Governor's recommendation (90-Y 6-N)
S12V971,SB1357,1/29/2025,S Reported from General Laws and Technology (15-Y 0-N)
SV243,SB1357,1/31/2025,S Constitutional reading dispensed (on 1st reading) (39-Y 0-N)
SV280,SB1357,2/3/2025,S Constitutional reading dispensed (on 3rd reading) (40-Y 0-N)
SV281,SB1357,2/3/2025,S Passed Senate (40-Y 0-N)
S02V742,SB1358,1/27/2025,S Passed by indefinitely in Commerce and Labor (11-Y 3-N)
S02V739,SB1359,1/27/2025,S Failed to report (defeated) in Commerce and Labor (5-Y 9-N 1-A)
S04V983,SB1360,1/30/2025,S Reported from Education and Health (15-Y 0-N)
SV243,SB1360,1/31/2025,S Constitutional reading dispensed (on 1st reading) (39-Y 0-N)
SV280,SB1360,2/3/2025,S Constitutional reading dispensed (on 3rd reading) (40-Y 0-N)
SV281,SB1360,2/3/2025,S Passed Senate (40-Y 0-N)
H24V2512530,SB1360,2/11/2025,H Reported from Health and Human Services (22-Y 0-N)
2518747,SB1360,2/14/2025,H Passed House (96-Y 0-N)
S13V932,SB1361,1/29/2025,S Reported from Courts of Justice with amendment (15-Y 0-N)
SV243,SB1361,1/31/2025,S Constitutional reading dispensed (on 1st reading) (39-Y 0-N)
SV280,SB1361,2/3/2025,S Constitutional reading dispensed (on 3rd reading) (40-Y 0-N)
SV281,SB1361,2/3/2025,S Passed Senate (40-Y 0-N)
H08V2512476,SB1361,2/10/2025,H Reported from Courts of Justice with substitute (22-Y 0-N)
2518717,SB1361,2/13/2025,H Passed House with substitute (96-Y 0-N)
SV551,SB1361,2/17/2025,S House substitute rejected by Senate (0-Y 39-N)
SV783,SB1361,2/19/2025,S Senate acceded to request (38-Y 0-N 1-A)
2519161,SB1361,2/21/2025,H Conference report agreed to by House (94-Y 0-N)
SV936,SB1361,2/21/2025,S Conference report agreed to by Senate (40-Y 0-N)
S12V483,SB1362,1/22/2025,S Stricken at request of Patron in General Laws and Technology (15-Y 0-N)
S04V817,SB1363,1/28/2025,S Reported from Education and Health and rereferred to Finance and Appropriations (15-Y 0-N)
S05V1064,SB1363,1/30/2025,S Reported from Finance and Appropriations (15-Y 0-N)
SV285,SB1363,2/3/2025,S Constitutional reading dispensed (on 1st reading) (40-Y 0-N)
SV312,SB1363,2/4/2025,S Constitutional reading dispensed (on 3rd reading) (39-Y 0-N)
SV313,SB1363,2/4/2025,S Passed Senate (40-Y 0-N)
H24002V2512560,SB1363,2/11/2025,H Subcommittee recommends reporting (8-Y 0-N)
H24V2512727,SB1363,2/13/2025,H Reported from Health and Human Services (21-Y 0-N)
2518800,SB1363,2/18/2025,H Passed House (97-Y 0-N)
S12V484,SB1364,1/22/2025,S Reported from General Laws and Technology (15-Y 0-N)
SV125,SB1364,1/24/2025,S Constitutional reading dispensed (on 1st reading) (37-Y 0-N)
SV162,SB1364,1/28/2025,S Read third time and passed Senate (39-Y 0-N)
H11V2512777,SB1364,2/13/2025,H Stricken from docket by General Laws (19-Y 0-N)
S01V831,SB1365,1/28/2025,"S Stricken at request of Patron in Agriculture, Conservation and Natural Resources (14-Y 0-N)"
S04V984,SB1366,1/30/2025,S Reported from Education and Health with substitute (15-Y 0-N)
SV243,SB1366,1/31/2025,S Constitutional reading dispensed (on 1st reading) (39-Y 0-N)
SV280,SB1366,2/3/2025,S Constitutional reading dispensed (on 3rd reading) (40-Y 0-N)
SV281,SB1366,2/3/2025,S Passed Senate (40-Y 0-N)
H24V2512531,SB1366,2/11/2025,H Reported from Health and Human Services (22-Y 0-N)
2518747,SB1366,2/14/2025,H Passed House (96-Y 0-N)
S04V818,SB1367,1/28/2025,S Reported from Education and Health and rereferred to Finance and Appropriations (15-Y 0-N)
S05V1065,SB1367,1/30/2025,S Reported from Finance and Appropriations (15-Y 0-N)
SV285,SB1367,2/3/2025,S Constitutional reading dispensed (on 1st reading) (40-Y 0-N)
SV312,SB1367,2/4/2025,S Constitutional reading dispensed (on 3rd reading) (39-Y 0-N)
SV313,SB1367,2/4/2025,S Passed Senate (40-Y 0-N)
H24V2512532,SB1367,2/11/2025,H Reported from Health and Human Services (22-Y 0-N)
2518747,SB1367,2/14/2025,H Passed House (96-Y 0-N)
S04V1019,SB1368,1/30/2025,S Reported from Education and Health (14-Y 0-N)
SV243,SB1368,1/31/2025,S Constitutional reading dispensed (on 1st reading) (39-Y 0-N)
SV280,SB1368,2/3/2025,S Constitutional reading dispensed (on 3rd reading) (40-Y 0-N)
SV281,SB1368,2/3/2025,S Passed Senate (40-Y 0-N)
H09V2512661,SB1368,2/12/2025,H Reported from Education (21-Y 0-N)
2518801,SB1368,2/18/2025,H Passed House with amendment (96-Y 0-N)
SV770,SB1368,2/19/2025,S House Amendment agreed to by Senate (40-Y 0-N)
S05V591,SB1369,1/23/2025,S Reported from Finance and Appropriations (13-Y 0-N)
SV154,SB1369,1/27/2025,S Constitutional reading dispensed (on 1st reading) (36-Y 0-N)
SV202,SB1369,1/29/2025,S Read third time and passed Senate (38-Y 0-N)
H10V2512695,SB1369,2/12/2025,H Reported from Finance with substitute (22-Y 0-N)
2518775,SB1369,2/17/2025,H Passed House with substitute (95-Y 0-N)
2518778,SB1369,2/17/2025,H Passed House with substitute (96-Y 0-N)
SV656,SB1369,2/18/2025,S House substitute rejected by Senate (2-Y 38-N)
SV876,SB1369,2/20/2025,S Senate acceded to request (39-Y 0-N)
2519162,SB1369,2/21/2025,H Conference report agreed to by House (96-Y 0-N)
SV953,SB1369,2/21/2025,S Conference report agreed to by Senate (39-Y 0-N)
S04V567,SB1370,1/23/2025,S Reported from Education and Health (15-Y 0-N)
SV125,SB1370,1/24/2025,S Constitutional reading dispensed (on 1st reading) (37-Y 0-N)
SV163,SB1370,1/28/2025,S Read third time and passed Senate (37-Y 2-N)
SV164,SB1370,1/28/2025,S Reconsideration of  (38-Y 0-N)
SV165,SB1370,1/28/2025,S Passed Senate (39-Y 0-N)
H09V2512662,SB1370,2/12/2025,H Reported from Education (21-Y 0-N)
2518775,SB1370,2/17/2025,H Passed House (95-Y 0-N)
2518778,SB1370,2/17/2025,H Passed House (96-Y 0-N)
SV1063,SB1370,4/2/2025,S Senate concurred in Governor's recommendation (40-Y 0-N)
2519358,SB1370,4/2/2025,H House concurred in Governor's recommendation (96-Y 0-N)
S02V736,SB1371,1/27/2025,S Reported from Commerce and Labor with substitute (15-Y 0-N)
SV209,SB1371,1/29/2025,S Constitutional reading dispensed (on 1st reading) (38-Y 0-N)
SV222,SB1371,1/30/2025,S Constitutional reading dispensed (on 3rd reading) (39-Y 1-N)
SV223,SB1371,1/30/2025,S Passed Senate (40-Y 0-N)
H14002V2512635,SB1371,2/11/2025,H Subcommittee recommends reporting (8-Y 0-N)
H14V2512792,SB1371,2/13/2025,H Reported from Labor and Commerce (12-Y 10-N)
2518906,SB1371,2/19/2025,H Passed House (63-Y 33-N)
SV1064,SB1371,4/2/2025,S Senate concurred in Governor's recommendation (40-Y 0-N)
2519359,SB1371,4/2/2025,H House concurred in Governor's recommendation (76-Y 20-N)
S10V208,SB1372,1/17/2025,S Rereferred from Rules to Rehabilitation and Social Services (15-Y 0-N)
S09V608,SB1372,1/24/2025,S Reported from Rehabilitation and Social Services with substitute (15-Y 0-N)
SV154,SB1372,1/27/2025,S Constitutional reading dispensed (on 1st reading) (36-Y 0-N)
SV202,SB1372,1/29/2025,S Read third time and passed Senate (38-Y 0-N)
H08V2512266,SB1372,2/5/2025,H Reported from Courts of Justice (22-Y 0-N)
2518643,SB1372,2/10/2025,H Passed House (95-Y 0-N)
S02V661,SB1373,1/24/2025,S Stricken at request of Patron in Commerce and Labor (15-Y 0-N)
S10V625,SB1374,1/24/2025,S Reported from Rules (12-Y 0-N)
SV157,SB1374,1/27/2025,S Constitutional reading dispensed (on 1st reading) (37-Y 1-N)
SV202,SB1374,1/29/2025,S Read third time and passed Senate (38-Y 0-N)
H20V2512889,SB1374,2/17/2025,H Tabled in Rules (18-Y 0-N)
S10V626,SB1375,1/24/2025,S Reported from Rules (12-Y 0-N)
SV157,SB1375,1/27/2025,S Constitutional reading dispensed (on 1st reading) (37-Y 1-N)
SV202,SB1375,1/29/2025,S Read third time and passed Senate (38-Y 0-N)
H20V2512890,SB1375,2/17/2025,H Tabled in Rules (18-Y 0-N)
S12V454,SB1376,1/22/2025,S Reported from General Laws and Technology and rereferred to Finance and Appropriations (15-Y 0-N)
S05V915,SB1376,1/29/2025,S Reported from Finance and Appropriations (14-Y 0-N)
SV224,SB1376,1/30/2025,S Constitutional reading dispensed (on 1st reading) (39-Y 0-N 1-A)
SV241,SB1376,1/31/2025,S Constitutional reading dispensed (on 3rd reading) (40-Y 0-N)
SV242,SB1376,1/31/2025,S Passed Senate (40-Y 0-N)
H11002V2512756,SB1376,2/13/2025,H Subcommittee recommends reporting with amendment(s)  (8-Y 0-N)
H11V2512791,SB1376,2/13/2025,H Reported from General Laws with amendment(s)  (19-Y 0-N)
2518841,SB1376,2/18/2025,H Passed House with amendments (95-Y 0-N 0-A)
SV771,SB1376,2/19/2025,S House Amendments agreed to by Senate (40-Y 0-N)
S04V1031,SB1377,1/30/2025,S Reported from Education and Health with substitute (15-Y 0-N)
SV243,SB1377,1/31/2025,S Constitutional reading dispensed (on 1st reading) (39-Y 0-N)
SV280,SB1377,2/3/2025,S Constitutional reading dispensed (on 3rd reading) (40-Y 0-N)
SV281,SB1377,2/3/2025,S Passed Senate (40-Y 0-N)
H24003V2512598,SB1377,2/11/2025,H Subcommittee recommends reporting and referring to Appropriations (8-Y 0-N)
H24V2512747,SB1377,2/13/2025,H Reported from Health and Human Services and referred to Appropriations (22-Y 0-N)
H02V2512837,SB1377,2/14/2025,H Reported from Appropriations (21-Y 0-N)
2518884,SB1377,2/19/2025,H Passed House (97-Y 0-N)
S05V778,SB1378,1/28/2025,S Passed by indefinitely in Finance and Appropriations (15-Y 0-N)
S04V1002,SB1379,1/30/2025,S Reported from Education and Health with amendments and rereferred to Finance and Appropriations (15-Y 0-N)
S05V1060,SB1379,1/30/2025,S Reported from Finance and Appropriations with amendment (15-Y 0-N)
SV285,SB1379,2/3/2025,S Constitutional reading dispensed (on 1st reading) (40-Y 0-N)
SV312,SB1379,2/4/2025,S Constitutional reading dispensed (on 3rd reading) (39-Y 0-N)
SV313,SB1379,2/4/2025,S Passed Senate (40-Y 0-N)
H24001V2512583,SB1379,2/11/2025,H Subcommittee recommends reporting with substitute (8-Y 0-N)
H24V2512754,SB1379,2/13/2025,H Reported from Health and Human Services with substitute (22-Y 0-N)
2518800,SB1379,2/18/2025,H Passed House with substitute (97-Y 0-N)
SV772,SB1379,2/19/2025,S House substitute agreed to by Senate (40-Y 0-N)
SV1065,SB1379,4/2/2025,S Senate concurred in Governor's recommendation (40-Y 0-N)
2519360,SB1379,4/2/2025,H House concurred in Governor's recommendation (96-Y 0-N)
S04V1032,SB1380,1/30/2025,S Reported from Education and Health (15-Y 0-N)
SV243,SB1380,1/31/2025,S Constitutional reading dispensed (on 1st reading) (39-Y 0-N)
SV280,SB1380,2/3/2025,S Constitutional reading dispensed (on 3rd reading) (40-Y 0-N)
SV281,SB1380,2/3/2025,S Passed Senate (40-Y 0-N)
H09V2512663,SB1380,2/12/2025,H Reported from Education (21-Y 0-N)
2518775,SB1380,2/17/2025,H Passed House (95-Y 0-N)
2518778,SB1380,2/17/2025,H Passed House (96-Y 0-N)
S04V1033,SB1381,1/30/2025,S Stricken at request of Patron in Education and Health (15-Y 0-N)
S04V1039,SB1382,1/30/2025,S Stricken at request of Patron in Education and Health (15-Y 0-N)
S04V1003,SB1383,1/30/2025,S Reported from Education and Health with substitute (13-Y 0-N 2-A)
SV243,SB1383,1/31/2025,S Constitutional reading dispensed (on 1st reading) (39-Y 0-N)
SV308,SB1383,2/4/2025,S Read third time and passed Senate (40-Y 0-N)
H24V2512533,SB1383,2/11/2025,H Reported from Health and Human Services (22-Y 0-N)
2518747,SB1383,2/14/2025,H Passed House (96-Y 0-N)
S04V1004,SB1384,1/30/2025,S Reported from Education and Health with substitute (15-Y 0-N)
SV243,SB1384,1/31/2025,S Constitutional reading dispensed (on 1st reading) (39-Y 0-N)
SV280,SB1384,2/3/2025,S Constitutional reading dispensed (on 3rd reading) (40-Y 0-N)
SV281,SB1384,2/3/2025,S Passed Senate (40-Y 0-N)
H24001V2512584,SB1384,2/11/2025,H Subcommittee recommends reporting (8-Y 0-N)
H24V2512755,SB1384,2/13/2025,H Reported from Health and Human Services (22-Y 0-N)
2518800,SB1384,2/18/2025,H Passed House (97-Y 0-N)
S10V634,SB1385,1/24/2025,S Reported from Rules (11-Y 0-N)
SV157,SB1385,1/27/2025,S Constitutional reading dispensed (on 1st reading) (37-Y 1-N)
SV202,SB1385,1/29/2025,S Read third time and passed Senate (38-Y 0-N)
H20V2512881,SB1385,2/17/2025,H Tabled in Rules (18-Y 0-N)
S12V965,SB1386,1/29/2025,S Reported from General Laws and Technology and rereferred to Finance and Appropriations (15-Y 0-N)
S05V1075,SB1386,1/30/2025,S Reported from Finance and Appropriations with amendment (15-Y 0-N)
SV285,SB1386,2/3/2025,S Constitutional reading dispensed (on 1st reading) (40-Y 0-N)
SV312,SB1386,2/4/2025,S Constitutional reading dispensed (on 3rd reading) (39-Y 0-N)
SV313,SB1386,2/4/2025,S Passed Senate (40-Y 0-N)
H15002V2512715,SB1386,2/13/2025,H Subcommittee recommends reporting with substitute (4-Y 2-N)
H15V2512814,SB1386,2/14/2025,H Reported from Public Safety with substitute (11-Y 10-N)
2518898,SB1386,2/19/2025,H Passed House with substitute (51-Y 45-N)
SV870,SB1386,2/20/2025,S House substitute agreed to by Senate (39-Y 0-N)
SV1066,SB1386,4/2/2025,S Senate rejected Governor's recommendation (18-Y 22-N)
S12V966,SB1387,1/29/2025,S Reported from General Laws and Technology and rereferred to Finance and Appropriations (15-Y 0-N)
S05V1076,SB1387,1/30/2025,S Reported from Finance and Appropriations (15-Y 0-N)
SV285,SB1387,2/3/2025,S Constitutional reading dispensed (on 1st reading) (40-Y 0-N)
SV312,SB1387,2/4/2025,S Constitutional reading dispensed (on 3rd reading) (39-Y 0-N)
SV313,SB1387,2/4/2025,S Passed Senate (40-Y 0-N)
H21001V2512427,SB1387,2/10/2025,H Subcommittee recommends reporting and referring to Appropriations (10-Y 0-N)
H21V2512438,SB1387,2/10/2025,"H Reported from Communications, Technology and Innovation and referred to Appropriations (21-Y 0-N)"
S12V455,SB1388,1/22/2025,S Stricken at request of Patron in General Laws and Technology (15-Y 0-N)
S13V420,SB1389,1/22/2025,S Reported from Courts of Justice with amendment and rereferred to Finance and Appropriations (10-Y 1-N)
S05V798,SB1389,1/28/2025,S Reported from Finance and Appropriations (12-Y 3-N)
SV209,SB1389,1/29/2025,S Constitutional reading dispensed (on 1st reading) (38-Y 0-N)
SV238,SB1389,1/31/2025,S Read third time and passed Senate (40-Y 0-N)
H10V2512451,SB1389,2/10/2025,H Reported from Finance (20-Y 0-N)
2518717,SB1389,2/13/2025,H Passed House (96-Y 0-N)
S04V1005,SB1390,1/30/2025,S Reported from Education and Health with amendments and rereferred to Finance and Appropriations (15-Y 0-N)
S04V494,SB1391,1/23/2025,S Rereferred from Education and Health and Rereferred to Rules (15-Y 0-N)
S10V620,SB1391,1/24/2025,S Reported from Rules with substitute (12-Y 0-N)
SV157,SB1391,1/27/2025,S Constitutional reading dispensed (on 1st reading) (37-Y 1-N)
SV202,SB1391,1/29/2025,S Read third time and passed Senate (38-Y 0-N)
H09V2512664,SB1391,2/12/2025,H Reported from Education (21-Y 0-N)
2518775,SB1391,2/17/2025,H Passed House (95-Y 0-N)
2518778,SB1391,2/17/2025,H Passed House (96-Y 0-N)
S13V261,SB1392,1/20/2025,S Reported from Courts of Justice (15-Y 0-N)
SV87,SB1392,1/21/2025,S Constitutional reading dispensed (on 1st reading) (40-Y 0-N)
SV104,SB1392,1/23/2025,S Read third time and passed Senate (39-Y 0-N)
H08001V2512418,SB1392,2/7/2025,H Subcommittee recommends reporting (8-Y 0-N)
H08V2512484,SB1392,2/10/2025,H Reported from Courts of Justice (22-Y 0-N)
2518717,SB1392,2/13/2025,H Passed House (96-Y 0-N)
S04V1007,SB1393,1/30/2025,S Reported from Education and Health with substitute and rereferred to Finance and Appropriations (15-Y 0-N)
S05V1071,SB1393,1/30/2025,S Reported from Finance and Appropriations (15-Y 0-N)
SV285,SB1393,2/3/2025,S Constitutional reading dispensed (on 1st reading) (40-Y 0-N)
SV312,SB1393,2/4/2025,S Constitutional reading dispensed (on 3rd reading) (39-Y 0-N)
SV313,SB1393,2/4/2025,S Passed Senate (40-Y 0-N)
H24V2512517,SB1393,2/11/2025,H Reported from Health and Human Services with substitute (22-Y 0-N)
2518754,SB1393,2/14/2025,H Passed House with substitute with amendment (80-Y 16-N)
SV588,SB1393,2/18/2025,S House substitute with amendment rejected by Senate (1-Y 37-N)
SV635,SB1393,2/18/2025,S Reconsideration of House substitute with amendment rejected by Senate agreed to (40-Y 0-N)
SV636,SB1393,2/18/2025,S House substitute with amendment agreed to by Senate (40-Y 0-N)
SV665,SB1393,2/18/2025,S Reconsideration of House substitute with amendment agreed to by Senate (40-Y 0-N)
SV669,SB1393,2/19/2025,S House substitute with amendment rejected by Senate (1-Y 38-N)
SV895,SB1393,2/20/2025,S Senate acceded to request (38-Y 0-N)
2519216,SB1393,2/22/2025,H Conference report agreed to by House  (81-Y 15-N)
SV1001,SB1393,2/22/2025,S Conference report agreed to by Senate (40-Y 0-N)
S02V751,SB1394,1/27/2025,S Reported from Commerce and Labor with substitute (13-Y 1-N 1-A)
SV209,SB1394,1/29/2025,S Constitutional reading dispensed (on 1st reading) (38-Y 0-N)
SV239,SB1394,1/31/2025,S Read third time and passed Senate (40-Y 0-N)
H14V2512798,SB1394,2/13/2025,H Reported from Labor and Commerce with substitute (15-Y 7-N)
2518838,SB1394,2/18/2025,H Passed House with substitute (55-Y 42-N)
SV773,SB1394,2/19/2025,S House substitute agreed to by Senate (39-Y 0-N 0-A)
S13V1093,SB1395,2/3/2025,S Reported from Courts of Justice with substitute (15-Y 0-N)
SV328,SB1395,2/4/2025,S Constitutional reading dispensed (on 1st reading) (40-Y 0-N)
SV329,SB1395,2/4/2025,S Constitutional reading dispensed (on 3rd reading) (40-Y 0-N)
SV330,SB1395,2/4/2025,S Passed Senate (40-Y 0-N)
H08001V2512509,SB1395,2/10/2025,H Subcommittee recommends reporting with substitute (8-Y 0-N)
H08V2512846,SB1395,2/14/2025,H Reported from Courts of Justice with substitute (21-Y 0-N)
2518903,SB1395,2/19/2025,H Passed House with substitute (83-Y 14-N)
SV877,SB1395,2/20/2025,S House substitute rejected by Senate (0-Y 39-N)
SV898,SB1395,2/20/2025,S Senate acceded to request (38-Y 0-N)
S05V331,SB1396,1/21/2025,S Passed by indefinitely in Finance and Appropriations (15-Y 0-N)
S13V693,SB1397,1/27/2025,S Passed by indefinitely in Courts of Justice (8-Y 6-N)
S13V694,SB1398,1/27/2025,S Passed by indefinitely in Courts of Justice (8-Y 6-N)
S12V952,SB1400,1/29/2025,S Passed by indefinitely in General Laws and Technology with letter (9-Y 3-N 3-A)
S05V596,SB1402,1/23/2025,S Reported from Finance and Appropriations (12-Y 0-N 2-A)
SV154,SB1402,1/27/2025,S Constitutional reading dispensed (on 1st reading) (36-Y 0-N)
SV206,SB1402,1/29/2025,S Read third time and passed Senate (36-Y 2-N)
H10V2512696,SB1402,2/12/2025,H Reported from Finance (20-Y 2-N)
2518788,SB1402,2/17/2025,H Passed House (87-Y 7-N)
S02V728,SB1403,1/27/2025,S Stricken at request of Patron in Commerce and Labor (15-Y 0-N)
S08V339,SB1404,1/21/2025,S Rereferred from Privileges and Rereferred to Elections to Education and Health (12-Y 0-N)
S04V1036,SB1404,1/30/2025,S Failed to report (defeated) in Education and Health (6-Y 7-N 2-A)
S13V422,SB1405,1/22/2025,S Passed by indefinitely in Courts of Justice (8-Y 7-N)
S12V473,SB1406,1/22/2025,S Rereferred from General Laws and Technology and Rereferred to Rehabilitation and Social Services (14-Y 0-N)
S09V1084,SB1406,1/31/2025,S Reported from Rehabilitation and Social Services (15-Y 0-N)
SV285,SB1406,2/3/2025,S Constitutional reading dispensed (on 1st reading) (40-Y 0-N)
SV312,SB1406,2/4/2025,S Constitutional reading dispensed (on 3rd reading) (39-Y 0-N)
SV313,SB1406,2/4/2025,S Passed Senate (40-Y 0-N)
H11V2512611,SB1406,2/11/2025,H Reported from General Laws (19-Y 0-N)
2518747,SB1406,2/14/2025,H Passed House (96-Y 0-N)
S12V466,SB1407,1/22/2025,S Reported from General Laws and Technology with substitute (14-Y 0-N 1-A)
SV125,SB1407,1/24/2025,S Constitutional reading dispensed (on 1st reading) (37-Y 0-N)
SV193,SB1407,1/28/2025,S Read third time and passed Senate (38-Y 1-N)
H14003V2512641,SB1407,2/11/2025,H Subcommittee recommends reporting (10-Y 0-N)
H14V2512805,SB1407,2/13/2025,H Reported from Labor and Commerce (22-Y 0-N)
2518800,SB1407,2/18/2025,H Passed House (97-Y 0-N)
S04V521,SB1408,1/23/2025,S Reported from Education and Health with substitute (15-Y 0-N)
SV125,SB1408,1/24/2025,S Constitutional reading dispensed (on 1st reading) (37-Y 0-N)
SV162,SB1408,1/28/2025,S Read third time and passed Senate (39-Y 0-N)
H24V2512544,SB1408,2/11/2025,H Reported from Health and Human Services with substitute (22-Y 0-N)
2518747,SB1408,2/14/2025,H Passed House with substitute (96-Y 0-N)
SV589,SB1408,2/18/2025,S House substitute agreed to by Senate (40-Y 0-N)
SV1067,SB1408,4/2/2025,S Senate concurred in Governor's recommendation (40-Y 0-N)
2519361,SB1408,4/2/2025,H House concurred in Governor's recommendation (96-Y 0-N)
S09V218,SB1409,1/17/2025,S Reported from Rehabilitation and Social Services and rereferred to Finance and Appropriations (8-Y 7-N)
S05V386,SB1409,1/22/2025,S Reported from Finance and Appropriations with substitute (10-Y 4-N)
SV110,SB1409,1/23/2025,S Constitutional reading dispensed (on 1st reading) (39-Y 0-N)
SV174,SB1409,1/28/2025,S Read third time and passed Senate (21-Y 18-N)
H15V2512384,SB1409,2/7/2025,H Reported from Public Safety (11-Y 10-N)
2518698,SB1409,2/12/2025,H Passed House (50-Y 47-N)
S11V572,SB1411,1/23/2025,S Rereferred from Transportation and rereferred to Courts of Justice (9-Y 0-N)
S13V1096,SB1411,2/3/2025,S Reported from Courts of Justice with substitute (12-Y 3-N)
SV328,SB1411,2/4/2025,S Constitutional reading dispensed (on 1st reading) (40-Y 0-N)
SV331,SB1411,2/4/2025,S Constitutional reading dispensed (on 3rd reading) (40-Y 0-N)
SV340,SB1411,2/4/2025,S Passed Senate (34-Y 6-N)
H08001V2512707,SB1411,2/12/2025,H Subcommittee recommends laying on the table (5-Y 3-N)
S13V1103,SB1412,2/3/2025,S Reported from Courts of Justice with substitute (13-Y 1-N)
SV328,SB1412,2/4/2025,S Constitutional reading dispensed (on 1st reading) (40-Y 0-N)
SV331,SB1412,2/4/2025,S Constitutional reading dispensed (on 3rd reading) (40-Y 0-N)
SV341,SB1412,2/4/2025,S Passed Senate (40-Y 0-N)
H08001V2512512,SB1412,2/10/2025,H Subcommittee recommends reporting with amendment(s)  (8-Y 0-N)
H08V2512847,SB1412,2/14/2025,H Reported from Courts of Justice with amendment(s)  (21-Y 0-N)
2518884,SB1412,2/19/2025,H Passed House with amendments (97-Y 0-N)
SV871,SB1412,2/20/2025,S House Amendments agreed to by Senate (39-Y 0-N)
S04V568,SB1413,1/23/2025,S Reported from Education and Health with amendment (9-Y 6-N)
SV125,SB1413,1/24/2025,S Constitutional reading dispensed (on 1st reading) (37-Y 0-N)
SV194,SB1413,1/28/2025,S Read third time and passed Senate (21-Y 18-N)
H09V2512665,SB1413,2/12/2025,H Reported from Education with substitute (16-Y 5-N)
2518789,SB1413,2/17/2025,H Passed House with substitute (59-Y 37-N)
SV657,SB1413,2/18/2025,S House substitute rejected by Senate (19-Y 21-N)
SV659,SB1413,2/18/2025,S Reconsideration of  (40-Y 0-N)
SV660,SB1413,2/18/2025,S House substitute agreed to by Senate (22-Y 18-N)
SV1068,SB1413,4/2/2025,S Senate concurred in Governor's recommendation (37-Y 2-N)
2519362,SB1413,4/2/2025,H House concurred in Governor's recommendation (80-Y 16-N)
S04V496,SB1414,1/23/2025,S Reported from Education and Health and rereferred to Finance and Appropriations (15-Y 0-N)
S12V474,SB1415,1/22/2025,S Reported from General Laws and Technology (15-Y 0-N)
SV125,SB1415,1/24/2025,S Constitutional reading dispensed (on 1st reading) (37-Y 0-N)
SV162,SB1415,1/28/2025,S Read third time and passed Senate (39-Y 0-N)
H11004V2512627,SB1415,2/11/2025,H Subcommittee recommends reporting (5-Y 2-N)
H11V2512786,SB1415,2/13/2025,H Reported from General Laws (10-Y 9-N)
2518839,SB1415,2/18/2025,H Passed House (53-Y 43-N)
S11V571,SB1416,1/23/2025,S Rereferred from Transportation and Rereferred to Courts of Justice (12-Y 0-N)
S13V1090,SB1416,2/3/2025,S Reported from Courts of Justice with substitute (13-Y 0-N)
SV328,SB1416,2/4/2025,S Constitutional reading dispensed (on 1st reading) (40-Y 0-N)
SV329,SB1416,2/4/2025,S Constitutional reading dispensed (on 3rd reading) (40-Y 0-N)
SV330,SB1416,2/4/2025,S Passed Senate (40-Y 0-N)
H08001V2512710,SB1416,2/12/2025,H Subcommittee recommends reporting (8-Y 0-N)
H08V2512848,SB1416,2/14/2025,H Reported from Courts of Justice (18-Y 3-N)
2518899,SB1416,2/19/2025,H Passed House (75-Y 20-N)
S12V652,SB1417,1/24/2025,S Passed by indefinitely in General Laws and Technology with letter (15-Y 0-N)
S04V1008,SB1418,1/30/2025,S Reported from Education and Health (15-Y 0-N)
SV243,SB1418,1/31/2025,S Constitutional reading dispensed (on 1st reading) (39-Y 0-N)
SV280,SB1418,2/3/2025,S Constitutional reading dispensed (on 3rd reading) (40-Y 0-N)
SV281,SB1418,2/3/2025,S Passed Senate (40-Y 0-N)
H24V2512543,SB1418,2/11/2025,H Reported from Health and Human Services with substitute (22-Y 0-N)
2518755,SB1418,2/14/2025,H Passed House with substitute (87-Y 9-N)
SV590,SB1418,2/18/2025,S House substitute agreed to by Senate (40-Y 0-N)
SV1069,SB1418,4/2/2025,S Senate rejected Governor's recommendation (19-Y 21-N)
S12V461,SB1419,1/22/2025,S Reported from General Laws and Technology with amendments (15-Y 0-N)
SV125,SB1419,1/24/2025,S Constitutional reading dispensed (on 1st reading) (37-Y 0-N)
SV162,SB1419,1/28/2025,S Read third time and passed Senate (39-Y 0-N)
H11V2512331,SB1419,2/6/2025,H Reported from General Laws (21-Y 0-N)
2518652,SB1419,2/11/2025,H Passed House (94-Y 0-N)
S13V935,SB1420,1/29/2025,S Reported from Courts of Justice (15-Y 0-N)
SV243,SB1420,1/31/2025,S Constitutional reading dispensed (on 1st reading) (39-Y 0-N)
SV280,SB1420,2/3/2025,S Constitutional reading dispensed (on 3rd reading) (40-Y 0-N)
SV281,SB1420,2/3/2025,S Passed Senate (40-Y 0-N)
H08001V2512498,SB1420,2/10/2025,H Subcommittee recommends reporting (7-Y 1-N)
H08V2512852,SB1420,2/14/2025,H Reported from Courts of Justice with substitute (21-Y 0-N)
2518904,SB1420,2/19/2025,H Passed House with substitute  (90-Y 5-N)
SV872,SB1420,2/20/2025,S House substitute agreed to by Senate (39-Y 0-N)
S13V939,SB1421,1/29/2025,S Passed by indefinitely in Courts of Justice with letter (8-Y 7-N)
S07V256,SB1422,1/20/2025,S Reported from Local Government (15-Y 0-N)
SV87,SB1422,1/21/2025,S Constitutional reading dispensed (on 1st reading) (40-Y 0-N)
SV104,SB1422,1/23/2025,S Read third time and passed Senate (39-Y 0-N)
H07002V2512716,SB1422,2/13/2025,H Subcommittee recommends reporting (8-Y 0-N)
H07V2512821,SB1422,2/14/2025,"H Reported from Counties, Cities and Towns (21-Y 0-N)"
2518884,SB1422,2/19/2025,H Passed House (97-Y 0-N)
S05V758,SB1423,1/28/2025,S Passed by indefinitely in Finance and Appropriations (10-Y 4-N)
S12V963,SB1424,1/29/2025,S Reported from General Laws and Technology with substitute and rereferred to Finance and Appropriations (9-Y 6-N)
S11V1050,SB1428,1/30/2025,S Reported from Transportation (15-Y 0-N)
SV285,SB1428,2/3/2025,S Constitutional reading dispensed (on 1st reading) (40-Y 0-N)
SV312,SB1428,2/4/2025,S Constitutional reading dispensed (on 3rd reading) (39-Y 0-N)
SV313,SB1428,2/4/2025,S Passed Senate (40-Y 0-N)
H19V2512577,SB1428,2/11/2025,H Reported from Transportation (20-Y 0-N)
2518747,SB1428,2/14/2025,H Passed House (96-Y 0-N)
S07V687,SB1429,1/27/2025,S Passed by indefinitely in Local Government (9-Y 6-N)
S12V969,SB1430,1/29/2025,S Reported from General Laws and Technology with substitute (9-Y 6-N)
SV243,SB1430,1/31/2025,S Constitutional reading dispensed (on 1st reading) (39-Y 0-N)
SV343,SB1430,2/4/2025,S Engrossment reconsidered by Senate
SV344,SB1430,2/4/2025,S Constitutional reading dispensed (on 3rd reading) (40-Y 0-N)
SV345,SB1430,2/4/2025,S Passed Senate (39-Y 1-N)
H11001V2512768,SB1430,2/13/2025,H Subcommittee recommends reporting with amendment(s)  (5-Y 2-N)
H11V2512795,SB1430,2/13/2025,H Reported from General Laws with amendment(s)  (19-Y 0-N)
2518842,SB1430,2/18/2025,H Passed House with amendments (82-Y 14-N)
SV774,SB1430,2/19/2025,S House Amendments agreed to by Senate (40-Y 0-N)
S13V689,SB1431,1/27/2025,S Passed by indefinitely in Courts of Justice with letter (8-Y 6-N)
S09V612,SB1432,1/24/2025,S Passed by indefinitely in Rehabilitation and Social Services (13-Y 2-N)
S05V789,SB1433,1/28/2025,S Stricken at request of Patron in Finance and Appropriations (15-Y 0-N)
S13V964,SB1435,1/29/2025,S Reported from Courts of Justice with substitute (15-Y 0-N)
SV243,SB1435,1/31/2025,S Constitutional reading dispensed (on 1st reading) (39-Y 0-N)
SV280,SB1435,2/3/2025,S Constitutional reading dispensed (on 3rd reading) (40-Y 0-N)
SV281,SB1435,2/3/2025,S Passed Senate (40-Y 0-N)
H08002V2512499,SB1435,2/10/2025,H Subcommittee recommends reporting with substitute (5-Y 3-N)
H08V2512861,SB1435,2/14/2025,H Tabled in Courts of Justice (15-Y 5-N)
S02V734,SB1436,1/27/2025,S Reported from Commerce and Labor with substitute (15-Y 0-N)
SV209,SB1436,1/29/2025,S Constitutional reading dispensed (on 1st reading) (38-Y 0-N)
SV222,SB1436,1/30/2025,S Constitutional reading dispensed (on 3rd reading) (39-Y 1-N)
SV223,SB1436,1/30/2025,S Passed Senate (40-Y 0-N)
H14V2512358,SB1436,2/6/2025,H Reported from Labor and Commerce (21-Y 0-N)
2518652,SB1436,2/11/2025,H Passed House (94-Y 0-N)
S04V810,SB1437,1/28/2025,S Reported from Education and Health with substitute and rereferred to Finance and Appropriations (15-Y 0-N)
S05V1062,SB1437,1/30/2025,S Reported from Finance and Appropriations (15-Y 0-N)
SV285,SB1437,2/3/2025,S Constitutional reading dispensed (on 1st reading) (40-Y 0-N)
SV312,SB1437,2/4/2025,S Constitutional reading dispensed (on 3rd reading) (39-Y 0-N)
SV313,SB1437,2/4/2025,S Passed Senate (40-Y 0-N)
H09001V2512570,SB1437,2/11/2025,H Subcommittee recommends reporting (6-Y 1-N)
H09V2512909,SB1437,2/17/2025,H Reported from Education (22-Y 0-N)
S04V985,SB1438,1/30/2025,S Reported from Education and Health (15-Y 0-N)
SV243,SB1438,1/31/2025,S Constitutional reading dispensed (on 1st reading) (39-Y 0-N)
SV280,SB1438,2/3/2025,S Constitutional reading dispensed (on 3rd reading) (40-Y 0-N)
SV281,SB1438,2/3/2025,S Passed Senate (40-Y 0-N)
H24V2512534,SB1438,2/11/2025,H Reported from Health and Human Services (22-Y 0-N)
2518747,SB1438,2/14/2025,H Passed House (96-Y 0-N)
S04V1009,SB1439,1/30/2025,S Reported from Education and Health with substitute (11-Y 4-N)
SV243,SB1439,1/31/2025,S Constitutional reading dispensed (on 1st reading) (39-Y 0-N)
SV309,SB1439,2/4/2025,S Read third time and passed Senate (37-Y 0-N)
H24V2512535,SB1439,2/11/2025,H Reported from Health and Human Services (22-Y 0-N)
2518747,SB1439,2/14/2025,H Passed House (96-Y 0-N)
S04V811,SB1441,1/28/2025,S Reported from Education and Health and rereferred to Finance and Appropriations (14-Y 0-N 1-A)
S10V633,SB1442,1/24/2025,S Reported from Rules (12-Y 0-N)
SV157,SB1442,1/27/2025,S Constitutional reading dispensed (on 1st reading) (37-Y 1-N)
SV202,SB1442,1/29/2025,S Read third time and passed Senate (38-Y 0-N)
H20V2512898,SB1442,2/17/2025,H Tabled in Rules (12-Y 6-N)
S05V756,SB1443,1/28/2025,S Passed by indefinitely in Finance and Appropriations (10-Y 4-N)
S07V696,SB1444,1/27/2025,S Reported from Local Government (15-Y 0-N)
SV195,SB1444,1/28/2025,S Constitutional reading dispensed (on 1st reading) (39-Y 0-N)
SV207,SB1444,1/29/2025,S Constitutional reading dispensed (on 3rd reading) (38-Y 0-N)
SV208,SB1444,1/29/2025,S Passed Senate (38-Y 0-N)
H07001V2512654,SB1444,2/12/2025,H Subcommittee recommends reporting (8-Y 0-N)
H07V2512819,SB1444,2/14/2025,"H Reported from Counties, Cities and Towns (21-Y 0-N)"
2518884,SB1444,2/19/2025,H Passed House (97-Y 0-N)
S11V1051,SB1445,1/30/2025,S Reported from Transportation with substitute (12-Y 3-N)
SV285,SB1445,2/3/2025,S Constitutional reading dispensed (on 1st reading) (40-Y 0-N)
SV315,SB1445,2/4/2025,S Constitutional reading dispensed (on 3rd reading) (40-Y 0-N)
SV324,SB1445,2/4/2025,S Passed Senate (33-Y 7-N)
H19003V2512698,SB1445,2/12/2025,H Subcommittee failed to recommend reporting (3-Y 3-N)
S02V660,SB1447,1/24/2025,S Passed by indefinitely in Commerce and Labor with letter (15-Y 0-N)
S01V854,SB1448,1/28/2025,"S Reported from Agriculture, Conservation and Natural Resources and rereferred to Finance and Appropriations (10-Y 4-N)"
S07V700,SB1449,1/27/2025,S Reported from Local Government with substitute (12-Y 3-N)
SV195,SB1449,1/28/2025,S Constitutional reading dispensed (on 1st reading) (39-Y 0-N)
SV219,SB1449,1/30/2025,S Read third time and passed Senate (33-Y 6-N 1-A)
H07002V2512297,SB1449,2/6/2025,H Subcommittee recommends reporting with substitute (5-Y 3-N)
H07V2512410,SB1449,2/7/2025,"H Reported from Counties, Cities and Towns with substitute (14-Y 7-N)"
2518699,SB1449,2/12/2025,H Passed House with substitute (58-Y 39-N)
SV491,SB1449,2/14/2025,S House substitute rejected by Senate (4-Y 31-N 1-A)
SV662,SB1449,2/18/2025,S Senate acceded to request (39-Y 0-N 1-A)
SV954,SB1449,2/21/2025,S Conference report agreed to by Senate (26-Y 13-N 1-A)
2519217,SB1449,2/22/2025,H Conference report agreed to by House (57-Y 40-N)
SV1070,SB1449,4/2/2025,S Senate rejected Governor's recommendation (16-Y 24-N)
S13V691,SB1450,1/27/2025,S Reported from Courts of Justice and rereferred to Finance and Appropriations (8-Y 6-N)
S05V925,SB1450,1/29/2025,S Reported from Finance and Appropriations (10-Y 4-N)
SV224,SB1450,1/30/2025,S Constitutional reading dispensed (on 1st reading) (39-Y 0-N 1-A)
SV276,SB1450,2/3/2025,S Read third time and passed Senate (21-Y 19-N)
H15V2512809,SB1450,2/14/2025,H Reported from Public Safety with substitute (11-Y 10-N)
2518900,SB1450,2/19/2025,H Passed House with substitute (51-Y 46-N)
SV873,SB1450,2/20/2025,S House substitute agreed to by Senate (20-Y 19-N)
S09V603,SB1451,1/24/2025,S Reported from Rehabilitation and Social Services and rereferred to Finance and Appropriations (15-Y 0-N)
S05V888,SB1451,1/29/2025,S Passed by indefinitely in Finance and Appropriations (14-Y 0-N)
S12V937,SB1452,1/29/2025,S Passed by indefinitely in General Laws and Technology (14-Y 0-N)
S02V730,SB1453,1/27/2025,S Passed by indefinitely in Commerce and Labor (9-Y 6-N)
S08V849,SB1454,1/28/2025,S Passed by indefinitely in Privileges and Elections (8-Y 7-N)
S12V948,SB1455,1/29/2025,S Stricken at request of Patron in General Laws and Technology (15-Y 0-N)
S05V760,SB1456,1/28/2025,S Passed by indefinitely in Finance and Appropriations (10-Y 5-N)
S11V1047,SB1458,1/30/2025,S Passed by indefinitely in Transportation (9-Y 6-N)
S12V958,SB1459,1/29/2025,S Stricken at request of Patron in General Laws and Technology (15-Y 0-N)
S13V709,SB1460,1/27/2025,S Reported from Courts of Justice (12-Y 0-N 2-A)
SV195,SB1460,1/28/2025,S Constitutional reading dispensed (on 1st reading) (39-Y 0-N)
SV220,SB1460,1/30/2025,S Read third time and passed Senate (40-Y 0-N)
H08V2512273,SB1460,2/5/2025,H Reported from Courts of Justice with substitute (22-Y 0-N)
2518643,SB1460,2/10/2025,H Passed House with substitute (95-Y 0-N)
SV395,SB1460,2/12/2025,S House substitute agreed to by Senate (39-Y 0-N)
SV1071,SB1460,4/2/2025,S Senate concurred in Governor's recommendation (40-Y 0-N)
2519363,SB1460,4/2/2025,H House concurred in Governor's recommendation (95-Y 0-N)
S04V1010,SB1461,1/30/2025,S Reported from Education and Health (15-Y 0-N)
SV243,SB1461,1/31/2025,S Constitutional reading dispensed (on 1st reading) (39-Y 0-N)
SV280,SB1461,2/3/2025,S Constitutional reading dispensed (on 3rd reading) (40-Y 0-N)
SV281,SB1461,2/3/2025,S Passed Senate (40-Y 0-N)
H24V2512720,SB1461,2/13/2025,H Reported from Health and Human Services (21-Y 0-N)
2518800,SB1461,2/18/2025,H Passed House (97-Y 0-N)
S04V1037,SB1462,1/30/2025,S Reported from Education and Health with amendments (12-Y 2-N)
SV243,SB1462,1/31/2025,S Constitutional reading dispensed (on 1st reading) (39-Y 0-N)
SV310,SB1462,2/4/2025,S Read third time and passed Senate (30-Y 9-N 1-A)
H09V2512666,SB1462,2/12/2025,H Reported from Education with amendment(s)  (16-Y 5-N)
2518790,SB1462,2/17/2025,H Passed House with amendment (55-Y 39-N)
SV658,SB1462,2/18/2025,S House Amendment agreed to by Senate (29-Y 8-N)
SV1072,SB1462,4/2/2025,S Senate rejected Governor's recommendation (18-Y 22-N)
S11V573,SB1463,1/23/2025,S Passed by indefinitely in Transportation with letter (12-Y 0-N)
S05V790,SB1464,1/28/2025,S Passed by indefinitely in Finance and Appropriations (15-Y 0-N)
S10V635,SB1465,1/24/2025,S Reported from Rules with amendment and rereferred to Finance and Appropriations (13-Y 0-N)
S05V870,SB1465,1/29/2025,S Reported from Finance and Appropriations with substitute (15-Y 0-N)
SV224,SB1465,1/30/2025,S Constitutional reading dispensed (on 1st reading) (39-Y 0-N 1-A)
SV241,SB1465,1/31/2025,S Constitutional reading dispensed (on 3rd reading) (40-Y 0-N)
SV242,SB1465,1/31/2025,S Passed Senate (40-Y 0-N)
H08V2512477,SB1465,2/10/2025,H Reported from Courts of Justice with substitute (22-Y 0-N)
2518717,SB1465,2/13/2025,H Passed House with substitute (96-Y 0-N)
SV552,SB1465,2/17/2025,S House substitute rejected by Senate (0-Y 39-N)
SV784,SB1465,2/19/2025,S Senate acceded to request (40-Y 0-N)
2519218,SB1465,2/22/2025,H Conference report agreed to by House (97-Y 0-N)
SV1002,SB1465,2/22/2025,S Conference report agreed to by Senate (40-Y 0-N)
S13V708,SB1466,1/27/2025,S Reported from Courts of Justice with substitute and rereferred to Finance and Appropriations (9-Y 3-N 2-A)
S05V907,SB1466,1/29/2025,S Reported from Finance and Appropriations with substitute (10-Y 4-N)
SV224,SB1466,1/30/2025,S Constitutional reading dispensed (on 1st reading) (39-Y 0-N 1-A)
SV294,SB1466,2/4/2025,S Read third time and passed Senate (25-Y 15-N)
H08V2512480,SB1466,2/10/2025,H Reported from Courts of Justice with substitute (22-Y 0-N)
2518735,SB1466,2/13/2025,H Passed House with substitute (97-Y 0-N)
SV553,SB1466,2/17/2025,S House substitute rejected by Senate (0-Y 39-N)
SV785,SB1466,2/19/2025,S Senate acceded to request (40-Y 0-N)
2519219,SB1466,2/22/2025,H Conference report agreed to by House (97-Y 0-N)
SV1007,SB1466,2/22/2025,S Conference report agreed to by Senate (28-Y 11-N)
SV1073,SB1466,4/2/2025,S Senate concurred in Governor's recommendation (40-Y 0-N)
2519364,SB1466,4/2/2025,H House concurred in Governor's recommendation (96-Y 0-N)
S11V581,SB1467,1/23/2025,S Reported from Transportation with substitute and rereferred to Finance and Appropriations (12-Y 0-N)
S05V768,SB1467,1/28/2025,S Passed by indefinitely in Finance and Appropriations (10-Y 5-N)
S12V940,SB1468,1/29/2025,S Passed by indefinitely in General Laws and Technology (9-Y 6-N)
S08V852,SB1469,1/28/2025,S Reported from Privileges and Elections (8-Y 7-N)
SV224,SB1469,1/30/2025,S Constitutional reading dispensed (on 1st reading) (39-Y 0-N 1-A)
S13V1105,SB1470,2/3/2025,S Reported from Courts of Justice with amendments (14-Y 0-N 1-A)
SV328,SB1470,2/4/2025,S Constitutional reading dispensed (on 1st reading) (40-Y 0-N)
SV331,SB1470,2/4/2025,S Constitutional reading dispensed (on 3rd reading) (40-Y 0-N)
SV342,SB1470,2/4/2025,S Passed Senate (40-Y 0-N)
H08002V2512503,SB1470,2/10/2025,H Subcommittee recommends reporting (8-Y 0-N)
H08V2512859,SB1470,2/14/2025,H Reported from Courts of Justice (21-Y 0-N)
2518884,SB1470,2/19/2025,H Passed House (97-Y 0-N)
S12V440,SB1471,1/22/2025,S Reported from General Laws and Technology and rereferred to Finance and Appropriations (15-Y 0-N)
S05V866,SB1472,1/29/2025,S Reported from Finance and Appropriations (15-Y 0-N)
SV224,SB1472,1/30/2025,S Constitutional reading dispensed (on 1st reading) (39-Y 0-N 1-A)
SV241,SB1472,1/31/2025,S Constitutional reading dispensed (on 3rd reading) (40-Y 0-N)
SV242,SB1472,1/31/2025,S Passed Senate (40-Y 0-N)
H02V2512838,SB1472,2/14/2025,H Reported from Appropriations with substitute (21-Y 0-N)
2518905,SB1472,2/19/2025,H Passed House with substitute (84-Y 13-N)
SV874,SB1472,2/20/2025,S House substitute rejected by Senate (0-Y 39-N)
SV898,SB1472,2/20/2025,S Senate acceded to request (38-Y 0-N)
SV955,SB1472,2/21/2025,S Conference report agreed to by Senate (40-Y 0-N)
2519220,SB1472,2/22/2025,H Conference report agreed to by House (84-Y 13-N)
SV1074,SB1472,4/2/2025,S Senate concurred in Governor's recommendation (40-Y 0-N)
2519365,SB1472,4/2/2025,H House concurred in Governor's recommendation (94-Y 2-N)
S05V771,SB1473,1/28/2025,S Reported from Finance and Appropriations (15-Y 0-N)
SV209,SB1473,1/29/2025,S Constitutional reading dispensed (on 1st reading) (38-Y 0-N)
SV222,SB1473,1/30/2025,S Constitutional reading dispensed (on 3rd reading) (39-Y 1-N)
SV223,SB1473,1/30/2025,S Passed Senate (40-Y 0-N)
H02V2512457,SB1473,2/10/2025,H Reported from Appropriations (22-Y 0-N)
2518717,SB1473,2/13/2025,H Passed House (96-Y 0-N)
S05V867,SB1474,1/29/2025,S Reported from Finance and Appropriations (15-Y 0-N)
SV224,SB1474,1/30/2025,S Constitutional reading dispensed (on 1st reading) (39-Y 0-N 1-A)
SV241,SB1474,1/31/2025,S Constitutional reading dispensed (on 3rd reading) (40-Y 0-N)
SV242,SB1474,1/31/2025,S Passed Senate (40-Y 0-N)
H02V2512839,SB1474,2/14/2025,H Reported from Appropriations with amendment(s)  (21-Y 0-N)
2518884,SB1474,2/19/2025,H Passed House with amendments (97-Y 0-N)
SV875,SB1474,2/20/2025,S House Amendments agreed to by Senate (39-Y 0-N)
SV1075,SB1474,4/2/2025,S Senate concurred in Governor's recommendation (40-Y 0-N)
2519366,SB1474,4/2/2025,H House concurred in Governor's recommendation (94-Y 1-N)
S04V986,SB1475,1/30/2025,S Reported from Education and Health with substitute (15-Y 0-N)
SV243,SB1475,1/31/2025,S Constitutional reading dispensed (on 1st reading) (39-Y 0-N)
SV280,SB1475,2/3/2025,S Constitutional reading dispensed (on 3rd reading)
SV281,SB1475,2/3/2025,S Passed Senate (40-Y 0-N)
H24002V2512561,SB1475,2/11/2025,H Subcommittee recommends reporting (8-Y 0-N)
H24V2512728,SB1475,2/13/2025,H Reported from Health and Human Services (21-Y 0-N)
2518800,SB1475,2/18/2025,H Passed House (97-Y 0-N)
S07V681,SB1476,1/27/2025,S Reported from Local Government with amendments (11-Y 3-N)
SV195,SB1476,1/28/2025,S Constitutional reading dispensed (on 1st reading) (39-Y 0-N)
SV221,SB1476,1/30/2025,S Read third time and passed Senate (32-Y 8-N)
H07002V2512289,SB1476,2/6/2025,H Subcommittee recommends reporting with amendment(s)  (8-Y 0-N)
H07V2512411,SB1476,2/7/2025,"H Reported from Counties, Cities and Towns with amendment(s)  (21-Y 0-N)"
2518661,SB1476,2/12/2025,H Passed House with amendments (97-Y 0-N)
SV492,SB1476,2/14/2025,S House Amendment agreed to by Senate (30-Y 5-N)
S12V973,SB1477,1/29/2025,S Passed by indefinitely in General Laws and Technology (9-Y 6-N)
S10V622,SB1478,1/24/2025,S Reported from Rules and rereferred to Finance and Appropriations (12-Y 0-N)
S05V905,SB1478,1/29/2025,S Passed by indefinitely in Finance and Appropriations (14-Y 0-N)
S13V434,SB1479,1/22/2025,S Passed by indefinitely in Courts of Justice (8-Y 7-N)
S09V609,SB1480,1/24/2025,S Reported from Rehabilitation and Social Services and rereferred to Finance and Appropriations (15-Y 0-N)
S05V889,SB1480,1/29/2025,S Passed by indefinitely in Finance and Appropriations (10-Y 5-N)
S13V1101,SB1482,2/3/2025,S Passed by indefinitely in Courts of Justice (9-Y 6-N)
S09V616,SB1483,1/24/2025,S Reported from Rehabilitation and Social Services with amendment and rereferred to Finance and Appropriations (12-Y 3-N)
S05V873,SB1483,1/29/2025,S Reported from Finance and Appropriations (15-Y 0-N)
SV224,SB1483,1/30/2025,S Constitutional reading dispensed (on 1st reading) (39-Y 0-N 1-A)
SV277,SB1483,2/3/2025,S Read third time and passed Senate (28-Y 8-N)
SV278,SB1483,2/3/2025,S Reconsideration of passage agreed to by Senate
SV279,SB1483,2/3/2025,S Passed Senate (31-Y 9-N)
H01001V2512647,SB1483,2/12/2025,H Subcommittee recommends laying on the table (10-Y 0-N)
S04V1040,SB1484,1/30/2025,S Reported from Education and Health with substitute (15-Y 0-N)
SV243,SB1484,1/31/2025,S Constitutional reading dispensed (on 1st reading) (39-Y 0-N)
SV280,SB1484,2/3/2025,S Constitutional reading dispensed (on 3rd reading) (40-Y 0-N)
SV281,SB1484,2/3/2025,S Passed Senate (40-Y 0-N)
H24V2512546,SB1484,2/11/2025,H Reported from Health and Human Services with substitute (22-Y 0-N)
2518747,SB1484,2/14/2025,H Passed House with substitute (96-Y 0-N)
SV591,SB1484,2/18/2025,S House substitute agreed to by Senate (40-Y 0-N)
S02V738,SB1485,1/27/2025,S Passed by indefinitely in Commerce and Labor with letter (15-Y 0-N)
S04V1038,SB1486,1/30/2025,S Reported from Education and Health with substitute (15-Y 0-N)
SV243,SB1486,1/31/2025,S Constitutional reading dispensed (on 1st reading) (39-Y 0-N)
SV280,SB1486,2/3/2025,S Constitutional reading dispensed (on 3rd reading) (40-Y 0-N)
SV282,SB1486,2/3/2025,S Passed Senate (40-Y 0-N)
H09001V2512572,SB1486,2/11/2025,H Subcommittee recommends reporting with substitute (6-Y 1-N)
H09V2512910,SB1486,2/17/2025,H Reported from Education with substitute (19-Y 3-N)
2519017,SB1486,2/20/2025,H Passed House with substitute (98-Y 0-N)
SV894,SB1486,2/20/2025,S House substitute agreed to by Senate (39-Y 0-N)
S10V614,SB1487,1/24/2025,S Passed by indefinitely in Rules with letter (7-Y 4-N)
S05V779,SB1488,1/28/2025,S Passed by indefinitely in Finance and Appropriations (10-Y 5-N)
S07V692,SB1489,1/27/2025,S Reported from Local Government and rereferred to Finance and Appropriations (8-Y 7-N)
S05V1072,SB1489,1/30/2025,S Reported from Finance and Appropriations with substitute (10-Y 5-N)
SV285,SB1489,2/3/2025,S Constitutional reading dispensed (on 1st reading) (40-Y 0-N)
SV315,SB1489,2/4/2025,S Constitutional reading dispensed (on 3rd reading) (40-Y 0-N)
SV325,SB1489,2/4/2025,S Passed Senate (21-Y 19-N)
H07003V2512807,SB1489,2/14/2025,H Subcommittee recommends reporting (5-Y 3-N)
H07V2512822,SB1489,2/14/2025,"H Reported from Counties, Cities and Towns (12-Y 9-N)"
2518901,SB1489,2/19/2025,H Passed House (51-Y 46-N)
S07V688,SB1490,1/27/2025,S Passed by indefinitely in Local Government (8-Y 7-N)
S04V495,SB1491,1/23/2025,S Rereferred from Education and Health and rereferred to Transportation (15-Y 0-N)
S11V1049,SB1491,1/30/2025,S Reported from Transportation with substitute (8-Y 7-N)
SV285,SB1491,2/3/2025,S Constitutional reading dispensed (on 1st reading) (40-Y 0-N)
SV315,SB1491,2/4/2025,S Constitutional reading dispensed (on 3rd reading) (40-Y 0-N)
SV326,SB1491,2/4/2025,S Passed Senate (26-Y 14-N)
S13V438,SB1492,1/22/2025,S Reported from Courts of Justice and rereferred to Finance and Appropriations (15-Y 0-N)
S04V522,SB1493,1/23/2025,S Passed by indefinitely in Education and Health (9-Y 6-N)
S12V968,SB1494,1/29/2025,S Passed by indefinitely in General Laws and Technology (14-Y 1-N)
S01V1085,SB1495,1/31/2025,"S Reported from Agriculture, Conservation and Natural Resources with substitute (9-Y 4-N)"
SV285,SB1495,2/3/2025,S Constitutional reading dispensed (on 1st reading) (40-Y 0-N)
SV315,SB1495,2/4/2025,S Constitutional reading dispensed (on 3rd reading) (40-Y 0-N)
SV327,SB1495,2/4/2025,S Passed Senate (37-Y 3-N)
H01001V2512645,SB1495,2/12/2025,H Subcommittee recommends reporting (9-Y 1-N)
H01V2512689,SB1495,2/12/2025,"H Reported from Agriculture, Chesapeake and Natural Resources (22-Y 0-N)"
2518775,SB1495,2/17/2025,H Passed House (95-Y 0-N)
2518778,SB1495,2/17/2025,H Passed House (96-Y 0-N)
S08V75,SJ247,1/14/2025,S Reported from Privileges and Elections (8-Y 6-N)
SV70,SJ247,1/20/2025,S Senator Durant Amendment rejected
SV71,SJ247,1/20/2025,S Senator Jordan Amendment rejected
SV89,SJ247,1/21/2025,S Read third time and agreed to by Senate (21-Y 19-N)
H18V2512391,SJ247,2/7/2025,H Reported from Privileges and Elections (12-Y 10-N)
2518737,SJ247,2/13/2025,H Agreed to by House (51-Y 46-N)
S08V68,SJ248,1/14/2025,S Reported from Privileges and Elections (8-Y 6-N)
SV68,SJ248,1/20/2025,S Reading of amendments waived
SV69,SJ248,1/20/2025,S Senator McDougle Amendments rejected
SV90,SJ248,1/21/2025,S Read third time and agreed to by Senate (21-Y 18-N)
H18V2512392,SJ248,2/7/2025,H Reported from Privileges and Elections (13-Y 9-N)
2518738,SJ248,2/13/2025,H Agreed to by House (55-Y 42-N)
S08V72,SJ249,1/14/2025,S Reported from Privileges and Elections (10-Y 4-N)
SV91,SJ249,1/21/2025,S Read third time and agreed to by Senate (24-Y 15-N)
H18V2512393,SJ249,2/7/2025,H Reported from Privileges and Elections (15-Y 6-N)
2518739,SJ249,2/13/2025,H Agreed to by House (56-Y 35-N)
2518741,SJ249,2/13/2025,H Agreed to by House (58-Y 34-N)
S10V212,SJ250,1/17/2025,S Reported from Rules (Voice Vote)
SV73,SJ250,1/20/2025,S Reading waived (on 1st reading) (40-Y 0-N)
H20V2512885,SJ250,2/17/2025,H Reported from Rules (18-Y 0-N)
2519069,SJ250,2/20/2025,H Agreed to by House (97-Y 0-N)
S10V653,SJ251,1/24/2025,S Reported from Rules with amendments (Voice Vote)
SV158,SJ251,1/27/2025,S Reading waived (on 1st reading) (38-Y 0-N)
H20V2512893,SJ251,2/17/2025,H Reported from Rules with substitute (14-Y 4-N)
2519070,SJ251,2/20/2025,H Agreed to by House (55-Y 43-N)
S10V638,SJ252,1/24/2025,S Stricken at request of Patron in Rules (Voice Vote)
S10V217,SJ253,1/17/2025,S Reported from Rules and rereferred to Finance and Appropriations (Voice Vote)
S05V597,SJ253,1/23/2025,S Reported from Finance and Appropriations (9-Y 5-N)
H20V2512862,SJ253,2/17/2025,H Reported from Rules with amendment(s)  (12-Y 6-N)
2519071,SJ253,2/20/2025,H Agreed to by House with amendments (51-Y 47-N)
S10V214,SJ254,1/17/2025,S Reported from Rules (Voice Vote)
SV73,SJ254,1/20/2025,S Reading waived (on 1st reading) (40-Y 0-N)
H20V2512873,SJ254,2/17/2025,H Reported from Rules (18-Y 0-N)
2519069,SJ254,2/20/2025,H Agreed to by House (97-Y 0-N)
S10V640,SJ255,1/24/2025,S Reported from Rules with substitute (Voice Vote)
SV158,SJ255,1/27/2025,S Reading waived (on 1st reading) (38-Y 0-N)
H20V2512925,SJ255,2/17/2025,H Passed by indefinitely in Rules (18-Y 0-N)
S10V642,SJ258,1/24/2025,S Reported from Rules (Voice Vote)
SV158,SJ258,1/27/2025,S Reading waived (on 1st reading) (38-Y 0-N)
H20V2512926,SJ258,2/17/2025,H Passed by indefinitely in Rules (18-Y 0-N)
S10V643,SJ259,1/24/2025,S Reported from Rules with amendments (Voice Vote)
SV158,SJ259,1/27/2025,S Reading waived (on 1st reading) (38-Y 0-N)
H20V2512863,SJ259,2/17/2025,H Reported from Rules (18-Y 0-N)
2519069,SJ259,2/20/2025,H Agreed to by House (97-Y 0-N)
S10V644,SJ260,1/24/2025,S Passed by indefinitely in Rules (Voice Vote)
S10V215,SJ261,1/17/2025,S Reported from Rules (Voice Vote)
SV73,SJ261,1/20/2025,S Reading waived (on 1st reading) (40-Y 0-N)
H20V2512892,SJ261,2/17/2025,H Reported from Rules (18-Y 0-N)
2519069,SJ261,2/20/2025,H Agreed to by House (97-Y 0-N)
S10V645,SJ262,1/24/2025,S Reported from Rules with amendments (Voice Vote)
SV158,SJ262,1/27/2025,S Reading waived (on 1st reading) (38-Y 0-N)
H20V2512927,SJ262,2/17/2025,H Passed by indefinitely in Rules (18-Y 0-N)
S10V646,SJ263,1/24/2025,S Reported from Rules with substitute (Voice Vote)
SV158,SJ263,1/27/2025,S Reading waived (on 1st reading) (38-Y 0-N)
H20V2512894,SJ263,2/17/2025,H Reported from Rules with substitute (18-Y 0-N)
2519074,SJ263,2/20/2025,H Agreed to by House with substitute  (66-Y 31-N)
S10V216,SJ264,1/17/2025,S Reported from Rules (Voice Vote)
SV73,SJ264,1/20/2025,S Reading waived (on 1st reading) (40-Y 0-N)
H20V2512895,SJ264,2/17/2025,H Reported from Rules (18-Y 0-N)
2519069,SJ264,2/20/2025,H Agreed to by House (97-Y 0-N)
S10V647,SJ269,1/24/2025,S Reported from Rules (Voice Vote)
SV158,SJ269,1/27/2025,S Reading waived (on 1st reading) (38-Y 0-N)
H20V2512896,SJ269,2/17/2025,H Reported from Rules (18-Y 0-N)
2519069,SJ269,2/20/2025,H Agreed to by House (97-Y 0-N)
S08V350,SJ270,1/21/2025,S Passed by indefinitely in Privileges and Elections (8-Y 7-N)
S09V184,SJ271,1/17/2025,S Rereferred from Rehabilitation and Social Services to Privileges and Elections (14-Y 0-N)
S08V368,SJ271,1/21/2025,S Passed by indefinitely in Privileges and Elections (8-Y 7-N)
S08V341,SJ273,1/21/2025,S Reported from Privileges and Elections with amendments (14-Y 0-N)
SV111,SJ273,1/23/2025,S Reading waived (on 1st reading) (39-Y 0-N)
SV155,SJ273,1/27/2025,S Read third time and agreed to by Senate (38-Y 0-N)
H18V2512103,SJ273,1/31/2025,H Reported from Privileges and Elections with amendment(s)  (21-Y 0-N)
2518634,SJ273,2/7/2025,H VOTE: lines 469 and 470 [Daniel Cortez] - Rejected (22-Y 68-N)
2518633,SJ273,2/7/2025,H Agreed to by House except lines 469 and 470  (94-Y 0-N)
S08V342,SJ274,1/21/2025,S Reported from Privileges and Elections (14-Y 0-N)
SV111,SJ274,1/23/2025,S Reading waived (on 1st reading) (39-Y 0-N)
SV155,SJ274,1/27/2025,S Read third time and agreed to by Senate (38-Y 0-N)
H18V2512106,SJ274,1/31/2025,H Reported from Privileges and Elections with amendment(s)  (21-Y 0-N)
2518635,SJ274,2/7/2025,H Agreed to by House  (94-Y 0-N)
S08V343,SJ275,1/21/2025,S Reported from Privileges and Elections with amendments (14-Y 0-N 1-A)
SV111,SJ275,1/23/2025,S Reading waived (on 1st reading) (39-Y 0-N)
SV156,SJ275,1/27/2025,S Read third time and agreed to by Senate (38-Y 0-N)
H18V2512112,SJ275,1/31/2025,H Reported from Privileges and Elections with amendment(s)  (21-Y 0-N)
2518637,SJ275,2/7/2025,H VOTE: lines 279 and 280 [Lionell Spruill] - Rejected (46-Y 48-N)
2518638,SJ275,2/7/2025,H VOTE: lines 282 and 283 [Brian Campbell] - Rejected (44-Y 48-N)
2518639,SJ275,2/7/2025,H VOTE: lines 284 and 285 [Stanley Goldfarb] - Rejected (46-Y 48-N)
2518636,SJ275,2/7/2025,H Agreed to by House except lines 279 and 280; 282 and 283; and 284 and 285 (93-Y 0-N 1-A)
S08V344,SJ276,1/21/2025,S Reported from Privileges and Elections (15-Y 0-N)
SV111,SJ276,1/23/2025,S Reading waived (on 1st reading) (39-Y 0-N)
SV155,SJ276,1/27/2025,S Read third time and agreed to by Senate (38-Y 0-N)
H18V2512114,SJ276,1/31/2025,H Reported from Privileges and Elections (21-Y 0-N)
2518640,SJ276,2/7/2025,H Agreed to by House (94-Y 0-N)
SV31,SJ277,1/15/2025,S Rules suspended (38-Y 0-N)
S10V648,SJ278,1/24/2025,S Reported from Rules (Voice Vote)
SV158,SJ278,1/27/2025,S Reading waived (on 1st reading) (38-Y 0-N)
H20V2512875,SJ278,2/17/2025,H Reported from Rules (18-Y 0-N)
2519069,SJ278,2/20/2025,H Agreed to by House (97-Y 0-N)
H20V2512899,SJ280,2/17/2025,H Tabled in Rules (18-Y 0-N)
SV103,SJ285,1/23/2025,S Rules suspended (39-Y 0-N)
S08V362,SJ286,1/21/2025,S Reported from Privileges and Elections with amendment (15-Y 0-N)
SV111,SJ286,1/23/2025,S Reading waived (on 1st reading) (39-Y 0-N)
SV155,SJ286,1/27/2025,S Read third time and agreed to by Senate (38-Y 0-N)
H18V2512115,SJ286,1/31/2025,H Reported from Privileges and Elections (21-Y 0-N)
2518641,SJ286,2/7/2025,H Agreed to by House (94-Y 0-N)
S13V446,SJ293,1/22/2025,S Reported from Courts of Justice (15-Y 0-N)
SV196,SJ293,1/28/2025,S Read third time and agreed to by Senate (39-Y 0-N)
H08001V2512419,SJ293,2/7/2025,H Subcommittee recommends reporting (8-Y 0-N)
H08V2512485,SJ293,2/10/2025,H Reported from Courts of Justice (22-Y 0-N)
2518740,SJ293,2/13/2025,H Agreed to by House (96-Y 1-N)
SV349,SJ324,2/5/2025,S Rules suspended (40-Y 0-N)
S08V1903,SJ335,2/17/2025,S Reported from Privileges and Elections (14-Y 0-N)
SV568,SJ335,2/17/2025,S Reading waived (on 2nd reading) (39-Y 0-N)
SV569,SJ335,2/17/2025,S Reading waived (on 3rd reading) (38-Y 0-N)
SV570,SJ335,2/17/2025,S Agreed to by Senate (39-Y 0-N)
H18V2512928,SJ335,2/19/2025,H Reported from Privileges and Elections (22-Y 0-N)
2519126,SJ335,2/21/2025,H Agreed to by House (97-Y 0-N)
SV2,SR187,1/8/2025,S Rules suspended (38-Y 0-N)
SV3,SR187,1/8/2025,S Agreed to by Senate (38-Y 0-N)
SV15,SR205,1/14/2025,S Rules suspended (37-Y 0-N)
SV22,SR205,1/14/2025,S Election by Senate (37-Y 0-N)
SV16,SR206,1/14/2025,S Rules suspended (37-Y 0-N)
SV21,SR206,1/14/2025,S Election by Senate (37-Y 0-N)
SV17,SR207,1/14/2025,S Rules suspended (37-Y 0-N)
SV20,SR207,1/14/2025,S Election by Senate (37-Y 0-N)
SV18,SR208,1/14/2025,S Rules suspended (37-Y 0-N)
SV24,SR208,1/14/2025,S Election by Senate (37-Y 0-N)
SV19,SR209,1/14/2025,S Rules suspended (37-Y 0-N)
SV23,SR209,1/14/2025,S Election by Senate (37-Y 0-N)
SV201,SR225,1/29/2025,S Rules suspended (36-Y 0-N)
S10V2026,SR277,2/21/2025,S Reported from Rules (11-Y 0-N)
SV986,SR277,2/22/2025,S Reading waived (on 2nd reading) (40-Y 0-N)
SV987,SR277,2/22/2025,S Reading waived (on 3rd reading) (40-Y 0-N)
SV988,SR277,2/22/2025,S Agreed to by Senate (40-Y 0-N)
SV686,SR290,2/19/2025,S Rules suspended (40-Y 0-N)
SV687,SR291,2/19/2025,S Rules suspended (40-Y 0-N)
SV688,SR292,2/19/2025,S Rules suspended (40-Y 0-N)
SV689,SR293,2/19/2025,S Rules suspended (40-Y 0-N)
SV907,SR298,2/21/2025,S Rules suspended (40-Y 0-N)
SV798,SR299,2/20/2025,S Rules suspended (39-Y 0-N)
